Partner,Index_Type,YearMonth,Index_Value
Australia,Aggregated,2002-01,3.2456848969523016
Australia,Aggregated,2002-02,3.2282757165081666
Australia,Aggregated,2002-03,0.08586203375244317
Australia,Aggregated,2002-04,2.448808672585635
Australia,Aggregated,2002-05,1.3732675392663243
Australia,Aggregated,2002-06,2.626519948422347
Australia,Aggregated,2002-07,1.701041732089946
Australia,Aggregated,2002-08,2.7593652176453904
Australia,Aggregated,2002-09,2.4050582870880515
Australia,Aggregated,2002-10,2.3246331870606856
Australia,Aggregated,2002-11,2.012527772311971
Australia,Aggregated,2002-12,2.2062564149430823
Australia,Aggregated,2003-01,-0.8883930114734238
Australia,Aggregated,2003-02,0.9479767229634692
Australia,Aggregated,2003-03,0.7023597367556551
Australia,Aggregated,2003-04,1.078239233013612
Australia,Aggregated,2003-05,2.777389093002361
Australia,Aggregated,2003-06,2.0799999999999983
Australia,Aggregated,2003-07,0.44957748395964003
Australia,Aggregated,2003-08,2.4592854993287006
Australia,Aggregated,2003-09,2.071639455663915
Australia,Aggregated,2003-10,2.6143153024821526
Australia,Aggregated,2003-11,2.0806342616139766
Australia,Aggregated,2003-12,2.67120678738112
Australia,Aggregated,2004-01,2.843755042273143
Australia,Aggregated,2004-02,1.4530113860946
Australia,Aggregated,2004-03,2.7760089805941526
Australia,Aggregated,2004-04,2.00772720798847
Australia,Aggregated,2004-05,-0.41382583142357277
Australia,Aggregated,2004-06,1.3117992634326257
Australia,Aggregated,2004-07,2.4641538653520314
Australia,Aggregated,2004-08,2.481508084507416
Australia,Aggregated,2004-09,0.8499999999999996
Australia,Aggregated,2004-10,2.3597470087544377
Australia,Aggregated,2004-11,3.2799964254176572
Australia,Aggregated,2004-12,0.45390182696017156
Australia,Aggregated,2005-01,1.0
Australia,Aggregated,2005-02,2.8608765187557292
Australia,Aggregated,2005-03,1.6802431041321313
Australia,Aggregated,2005-04,2.3881881679267654
Australia,Aggregated,2005-05,2.5364469891180015
Australia,Aggregated,2005-06,-0.027781512590541624
Australia,Aggregated,2005-07,0.24952994623328983
Australia,Aggregated,2005-08,2.9093563135595595
Australia,Aggregated,2005-09,2.4232105470329213
Australia,Aggregated,2005-10,1.5675884126818165
Australia,Aggregated,2005-11,-1.069698303154718
Australia,Aggregated,2005-12,3.6817541593706196
Australia,Aggregated,2006-01,3.9083013242316795
Australia,Aggregated,2006-02,0.5484827149524474
Australia,Aggregated,2006-03,1.7811081181346822
Australia,Aggregated,2006-04,2.956645757091902
Australia,Aggregated,2006-05,1.4412351275062694
Australia,Aggregated,2006-06,2.042284418401481
Australia,Aggregated,2006-07,1.9219578231751928
Australia,Aggregated,2006-08,1.1779165140494126
Australia,Aggregated,2006-09,2.1627063505941244
Australia,Aggregated,2006-10,2.5941740270657316
Australia,Aggregated,2006-11,4.09819467129299
Australia,Aggregated,2006-12,1.9321029468597306
Australia,Aggregated,2007-01,2.6338453467171625
Australia,Aggregated,2007-02,0.7150859341149438
Australia,Aggregated,2007-03,2.3145964235357983
Australia,Aggregated,2007-04,1.7533514868076985
Australia,Aggregated,2007-05,1.846303320661578
Australia,Aggregated,2007-06,1.644692299614098
Australia,Aggregated,2007-07,1.8102889302954974
Australia,Aggregated,2007-08,2.3097731531826433
Australia,Aggregated,2007-09,2.4434819329659483
Australia,Aggregated,2007-10,1.6762478022624556
Australia,Aggregated,2007-11,2.078949417308353
Australia,Aggregated,2007-12,1.2359078944766608
Australia,Aggregated,2008-01,1.6608878993120335
Australia,Aggregated,2008-02,2.569325571187818
Australia,Aggregated,2008-03,-0.3260554419166226
Australia,Aggregated,2008-04,1.7709727639131554
Australia,Aggregated,2008-05,1.0123327291345685
Australia,Aggregated,2008-06,0.6988764441030213
Australia,Aggregated,2008-07,0.2310916042537574
Australia,Aggregated,2008-08,1.4270396337913915
Australia,Aggregated,2008-09,1.853815931292262
Australia,Aggregated,2008-10,1.3103065157913196
Australia,Aggregated,2008-11,0.9970915856468778
Australia,Aggregated,2008-12,1.1440456278376754
Australia,Aggregated,2009-01,-0.35930474051198225
Australia,Aggregated,2009-02,1.354412526037148
Australia,Aggregated,2009-03,0.8519222592288536
Australia,Aggregated,2009-04,0.8263953145141016
Australia,Aggregated,2009-05,-0.07903861572109072
Australia,Aggregated,2009-06,0.5483943582091229
Australia,Aggregated,2009-07,-0.07286261137492644
Australia,Aggregated,2009-08,0.8599305100283292
Australia,Aggregated,2009-09,1.7334035543815691
Australia,Aggregated,2009-10,1.306173546192328
Australia,Aggregated,2009-11,1.2128094402909042
Australia,Aggregated,2009-12,0.19693213495292383
Australia,Aggregated,2010-01,2.6825127304594787
Australia,Aggregated,2010-02,2.1133788175227366
Australia,Aggregated,2010-03,-1.215812528575258
Australia,Aggregated,2010-04,-1.3963594951439458
Australia,Aggregated,2010-05,1.908472780611005
Australia,Aggregated,2010-06,2.2981670250740365
Australia,Aggregated,2010-07,0.4463227042405098
Australia,Aggregated,2010-08,0.2649769641361406
Australia,Aggregated,2010-09,2.1473677216154474
Australia,Aggregated,2010-10,2.498556525084588
Australia,Aggregated,2010-11,0.8449863225108274
Australia,Aggregated,2010-12,0.9525826665663875
Australia,Aggregated,2011-01,1.932048734935817
Australia,Aggregated,2011-02,0.2092222970985258
Australia,Aggregated,2011-03,0.320009377632255
Australia,Aggregated,2011-04,2.4857478885357516
Australia,Aggregated,2011-05,1.6046938028414335
Australia,Aggregated,2011-06,1.9905699289020795
Australia,Aggregated,2011-07,1.4201772933829027
Australia,Aggregated,2011-08,1.6665088141012898
Australia,Aggregated,2011-09,2.747114317029972
Australia,Aggregated,2011-10,2.9999999999999964
Australia,Aggregated,2011-11,0.08933787868708798
Australia,Aggregated,2011-12,0.17512490265673186
Australia,Aggregated,2012-01,2.1773610907385947
Australia,Aggregated,2012-02,0.24496064056644862
Australia,Aggregated,2012-03,-0.8185906743499665
Australia,Aggregated,2012-04,0.8268872579132527
Australia,Aggregated,2012-05,1.7595038401873246
Australia,Aggregated,2012-06,3.559059223793774
Australia,Aggregated,2012-07,0.9345541155601751
Australia,Aggregated,2012-08,1.9550084869729876
Australia,Aggregated,2012-09,1.3843583007556681
Australia,Aggregated,2012-10,0.44950160873475653
Australia,Aggregated,2012-11,1.7044850242567637
Australia,Aggregated,2012-12,1.1895102137377442
Australia,Aggregated,2013-01,2.9999999999999964
Australia,Aggregated,2013-02,-1.170609934127615
Australia,Aggregated,2013-03,1.030728944038902
Australia,Aggregated,2013-04,2.3361607694827633
Australia,Aggregated,2013-05,-1.194550889650035
Australia,Aggregated,2013-06,0.4706999784442214
Australia,Aggregated,2013-07,1.2039572654782287
Australia,Aggregated,2013-08,2.506810181071687
Australia,Aggregated,2013-09,2.3172035341102397
Australia,Aggregated,2013-10,2.6519805398383216
Australia,Aggregated,2013-11,-0.809539501356376
Australia,Aggregated,2013-12,0.2850832094433535
Australia,Aggregated,2014-01,4.499999999999998
Australia,Aggregated,2014-02,-1.927594615602933
Australia,Aggregated,2014-03,1.7061519220987673
Australia,Aggregated,2014-04,2.030089013508439
Australia,Aggregated,2014-05,1.6768629278963036
Australia,Aggregated,2014-06,-1.1258917379233395
Australia,Aggregated,2014-07,0.7929871914357616
Australia,Aggregated,2014-08,-0.3491914885836387
Australia,Aggregated,2014-09,1.5170830527654573
Australia,Aggregated,2014-10,2.802591298549702
Australia,Aggregated,2014-11,2.528767963692035
Australia,Aggregated,2014-12,2.371767311416665
Australia,Aggregated,2015-01,4.288692728081907
Australia,Aggregated,2015-02,-0.1899873534115386
Australia,Aggregated,2015-03,0.845986647137364
Australia,Aggregated,2015-04,-0.7604545501876441
Australia,Aggregated,2015-05,1.2751125784055013
Australia,Aggregated,2015-06,2.998989936509073
Australia,Aggregated,2015-07,0.4421034409777249
Australia,Aggregated,2015-08,-0.3360015550915012
Australia,Aggregated,2015-09,2.227481659712394
Australia,Aggregated,2015-10,2.6639808931180777
Australia,Aggregated,2015-11,1.5453099328402757
Australia,Aggregated,2015-12,-0.425091874273706
Australia,Aggregated,2016-01,-1.274435146644045
Australia,Aggregated,2016-02,0.616893766042546
Australia,Aggregated,2016-03,-2.560619218479836
Australia,Aggregated,2016-04,2.7948715085259774
Australia,Aggregated,2016-05,0.6767966704140225
Australia,Aggregated,2016-06,-0.7413768620990506
Australia,Aggregated,2016-07,2.755189780310685
Australia,Aggregated,2016-08,-0.971768399767555
Australia,Aggregated,2016-09,1.9556339151982147
Australia,Aggregated,2016-10,0.7626688976495597
Australia,Aggregated,2016-11,-2.073256577847596
Australia,Aggregated,2016-12,3.8399999999999945
Australia,Aggregated,2017-01,2.9385898113063824
Australia,Aggregated,2017-02,2.475727968278022
Australia,Aggregated,2017-03,1.546435491866525
Australia,Aggregated,2017-04,1.706255234249383
Australia,Aggregated,2017-05,2.040429459147399
Australia,Aggregated,2017-06,0.3102887145349129
Australia,Aggregated,2017-07,1.159675532882547
Australia,Aggregated,2017-08,-0.6025909519102992
Australia,Aggregated,2017-09,1.9776805563089432
Australia,Aggregated,2017-10,0.9381373255348766
Australia,Aggregated,2017-11,0.952650069180148
Australia,Aggregated,2017-12,-1.0800307335960344
Australia,Aggregated,2018-01,-1.4282603295456298
Australia,Aggregated,2018-02,1.4801055796298854
Australia,Aggregated,2018-03,-0.9418012770082331
Australia,Aggregated,2018-04,-0.40166615052705623
Australia,Aggregated,2018-05,0.08749391195450862
Australia,Aggregated,2018-06,-0.9678082724854349
Australia,Aggregated,2018-07,0.19696811637336786
Australia,Aggregated,2018-08,1.0726290440186865
Australia,Aggregated,2018-09,2.0820418619752523
Australia,Aggregated,2018-10,-0.7126633651445466
Australia,Aggregated,2018-11,1.0795081951729468
Australia,Aggregated,2018-12,0.625393986202889
Australia,Aggregated,2019-01,-1.7491136975470312
Australia,Aggregated,2019-02,-0.807852015237442
Australia,Aggregated,2019-03,3.1544577621532888
Australia,Aggregated,2019-04,-1.5633180300012324
Australia,Aggregated,2019-05,0.2029015537750265
Australia,Aggregated,2019-06,-0.2595623281064725
Australia,Aggregated,2019-07,-0.08394888370815501
Australia,Aggregated,2019-08,-1.3436426390154974
Australia,Aggregated,2019-09,0.06999978479547053
Australia,Aggregated,2019-10,-1.8125883235065121
Australia,Aggregated,2019-11,-0.24339455748726024
Australia,Aggregated,2019-12,0.8328821661713608
Australia,Aggregated,2020-01,0.16085816765652972
Australia,Aggregated,2020-02,-0.6763179617222601
Australia,Aggregated,2020-03,-2.4119853781596703
Australia,Aggregated,2020-04,-2.174516102825388
Australia,Aggregated,2020-05,-2.0959685778925436
Australia,Aggregated,2020-06,-2.127645748606895
Australia,Aggregated,2020-07,-2.2258453118061095
Australia,Aggregated,2020-08,-0.6758280200991287
Australia,Aggregated,2020-09,-2.539421751435066
Australia,Aggregated,2020-10,-1.6422542376427334
Australia,Aggregated,2020-11,-0.006008114797865005
Australia,Aggregated,2020-12,-1.4621869207342346
Australia,Aggregated,2021-01,-1.158102189490867
Australia,Aggregated,2021-02,-1.9070781790800488
Australia,Aggregated,2021-03,-1.0323283199669735
Australia,Aggregated,2021-04,0.8045595869246984
Australia,Aggregated,2021-05,-0.8557324007373115
Australia,Aggregated,2021-06,-1.0612396691138208
Australia,Aggregated,2021-07,-0.8241461334907072
Australia,Aggregated,2021-08,-0.6987401499981036
Australia,Aggregated,2021-09,-0.41671485360328653
Australia,Aggregated,2021-10,-0.7294714779978548
Australia,Aggregated,2021-11,-0.9171956607871312
Australia,Aggregated,2021-12,-0.6967304567208501
Australia,Aggregated,2022-01,-1.6141015332826907
Australia,Aggregated,2022-02,-1.9397976083555246
Australia,Aggregated,2022-03,-0.9398484200237736
Australia,Aggregated,2022-04,-0.2898299292562303
Australia,Aggregated,2022-05,0.5603407832090745
Australia,Aggregated,2022-06,-0.7713114491911934
Australia,Aggregated,2022-07,-0.10627306554652804
Australia,Aggregated,2022-08,-1.4662123805601794
Australia,Aggregated,2022-09,1.347293521158008
Australia,Aggregated,2022-10,0.7724263260424067
Australia,Aggregated,2022-11,0.3707996398455151
Australia,Aggregated,2022-12,3.1169113386169496
Australia,Aggregated,2023-01,1.5818630290523785
Australia,Aggregated,2023-02,2.1233976093372995
Australia,Aggregated,2023-03,1.5402392844908661
Australia,Aggregated,2023-04,1.631935462034848
Australia,CHN->Partner,2002-01,2.350000000000003
Australia,CHN->Partner,2002-02,1.9000000000000004
Australia,CHN->Partner,2002-03,0.5864515349076846
Australia,CHN->Partner,2002-04,2.0859480149188485
Australia,CHN->Partner,2002-05,2.217901000798669
Australia,CHN->Partner,2002-06,2.9889769185198514
Australia,CHN->Partner,2002-07,2.541066271285837
Australia,CHN->Partner,2002-08,2.203264835010142
Australia,CHN->Partner,2002-09,2.3184792775380867
Australia,CHN->Partner,2002-10,1.8921415884290855
Australia,CHN->Partner,2002-11,1.8720432000244038
Australia,CHN->Partner,2002-12,2.3922386736865136
Australia,CHN->Partner,2003-01,0.23738902056000732
Australia,CHN->Partner,2003-02,2.2639610306789297
Australia,CHN->Partner,2003-03,0.8499999999999996
Australia,CHN->Partner,2003-04,1.0
Australia,CHN->Partner,2003-05,3.226093260118752
Australia,CHN->Partner,2003-06,1.0
Australia,CHN->Partner,2003-07,1.7377539823196155
Australia,CHN->Partner,2003-08,2.820670486305083
Australia,CHN->Partner,2003-09,3.0588797187879795
Australia,CHN->Partner,2003-10,2.4128993245760437
Australia,CHN->Partner,2003-11,2.333333333333334
Australia,CHN->Partner,2003-12,1.9000000000000004
Australia,CHN->Partner,2004-01,2.2472882706655426
Australia,CHN->Partner,2004-02,2.9000000000000004
Australia,CHN->Partner,2004-03,2.0
Australia,CHN->Partner,2004-04,2.8942966333062454
Australia,CHN->Partner,2004-05,-0.40000000000000036
Australia,CHN->Partner,2004-06,2.1301802943067756
Australia,CHN->Partner,2004-07,3.2490693018223595
Australia,CHN->Partner,2004-08,2.4763079433108572
Australia,CHN->Partner,2004-09,0.8499999999999996
Australia,CHN->Partner,2004-10,3.0227937945894414
Australia,CHN->Partner,2004-11,3.1354965462890334
Australia,CHN->Partner,2004-12,2.099999999999998
Australia,CHN->Partner,2005-01,2.5
Australia,CHN->Partner,2005-02,3.639999999999997
Australia,CHN->Partner,2005-03,1.6327655700426078
Australia,CHN->Partner,2005-04,3.070729692813087
Australia,CHN->Partner,2005-05,2.778179470465977
Australia,CHN->Partner,2005-06,0.09237950982986298
Australia,CHN->Partner,2005-07,0.04170369414603847
Australia,CHN->Partner,2005-08,4.9851908797743025
Australia,CHN->Partner,2005-09,0.04678027751943148
Australia,CHN->Partner,2005-10,0.7065928613159613
Australia,CHN->Partner,2005-11,-3.6999999999999993
Australia,CHN->Partner,2005-12,3.6027922061357867
Australia,CHN->Partner,2006-01,3.8428571428571434
Australia,CHN->Partner,2006-02,3.400000000000004
Australia,CHN->Partner,2006-03,2.9511633718813393
Australia,CHN->Partner,2006-04,2.8353135713487063
Australia,CHN->Partner,2006-05,1.9571940782284614
Australia,CHN->Partner,2006-06,2.544767143318209
Australia,CHN->Partner,2006-07,3.504004338722142
Australia,CHN->Partner,2006-08,-0.20887768953130426
Australia,CHN->Partner,2006-09,1.622879077677176
Australia,CHN->Partner,2006-10,4.373680652654045
Australia,CHN->Partner,2006-11,4.4416044937577706
Australia,CHN->Partner,2006-12,1.9887246151770714
Australia,CHN->Partner,2007-01,3.938013223237231
Australia,CHN->Partner,2007-02,1.599999999999996
Australia,CHN->Partner,2007-03,3.376378610136406
Australia,CHN->Partner,2007-04,1.9423486507944272
Australia,CHN->Partner,2007-05,2.2135185458840727
Australia,CHN->Partner,2007-06,1.7087070243475981
Australia,CHN->Partner,2007-07,2.0203670011917687
Australia,CHN->Partner,2007-08,3.0838757256742824
Australia,CHN->Partner,2007-09,2.186759965091925
Australia,CHN->Partner,2007-10,1.8790357160373148
Australia,CHN->Partner,2007-11,1.8636201971605697
Australia,CHN->Partner,2007-12,1.733081892040607
Australia,CHN->Partner,2008-01,0.7899704280222153
Australia,CHN->Partner,2008-02,2.2435087855592997
Australia,CHN->Partner,2008-03,-0.6881622548397388
Australia,CHN->Partner,2008-04,2.4960196494300693
Australia,CHN->Partner,2008-05,0.7185675274656695
Australia,CHN->Partner,2008-06,2.107149037547586
Australia,CHN->Partner,2008-07,1.4140037340461387
Australia,CHN->Partner,2008-08,1.8316221324984063
Australia,CHN->Partner,2008-09,2.5350823798775135
Australia,CHN->Partner,2008-10,1.95902525858612
Australia,CHN->Partner,2008-11,1.3592428228703284
Australia,CHN->Partner,2008-12,2.398757724569508
Australia,CHN->Partner,2009-01,-0.6937540637208333
Australia,CHN->Partner,2009-02,2.209633636425327
Australia,CHN->Partner,2009-03,1.4073719763913974
Australia,CHN->Partner,2009-04,1.7633188373042028
Australia,CHN->Partner,2009-05,-0.5199544879852933
Australia,CHN->Partner,2009-06,-0.33919020421541646
Australia,CHN->Partner,2009-07,-0.9117420986089453
Australia,CHN->Partner,2009-08,-0.06424915305294832
Australia,CHN->Partner,2009-09,2.7152849537122012
Australia,CHN->Partner,2009-10,1.4737758502914282
Australia,CHN->Partner,2009-11,1.6515197879351646
Australia,CHN->Partner,2009-12,2.2973627214364924
Australia,CHN->Partner,2010-01,0.09999999999999964
Australia,CHN->Partner,2010-02,2.4568027372322057
Australia,CHN->Partner,2010-03,-0.4572160340173781
Australia,CHN->Partner,2010-04,0.6945284225492667
Australia,CHN->Partner,2010-05,2.356154795282956
Australia,CHN->Partner,2010-06,2.657460085522411
Australia,CHN->Partner,2010-07,2.5
Australia,CHN->Partner,2010-08,-2.033333333333335
Australia,CHN->Partner,2010-09,2.94996369516158
Australia,CHN->Partner,2010-10,2.105455285962197
Australia,CHN->Partner,2010-11,0.8300479466728419
Australia,CHN->Partner,2010-12,1.1553965757595694
Australia,CHN->Partner,2011-01,1.564101615137755
Australia,CHN->Partner,2011-02,-2.2022730208308925
Australia,CHN->Partner,2011-03,-0.8133609198027933
Australia,CHN->Partner,2011-04,2.2922994455058987
Australia,CHN->Partner,2011-05,4.08062160399888
Australia,CHN->Partner,2011-06,2.499703641439833
Australia,CHN->Partner,2011-07,1.4786694898419235
Australia,CHN->Partner,2011-08,1.2546543297008235
Australia,CHN->Partner,2011-09,2.0982884613147643
Australia,CHN->Partner,2011-10,2.9999999999999964
Australia,CHN->Partner,2011-11,1.9985791397870045
Australia,CHN->Partner,2011-12,-2.072951461996734
Australia,CHN->Partner,2012-01,-0.8238587127808508
Australia,CHN->Partner,2012-02,0.60000990883022
Australia,CHN->Partner,2012-03,-1.9423447043796447
Australia,CHN->Partner,2012-04,1.1266464112430956
Australia,CHN->Partner,2012-05,1.1392096246952903
Australia,CHN->Partner,2012-06,4.1812385934535925
Australia,CHN->Partner,2012-07,1.987499999999999
Australia,CHN->Partner,2012-08,2.366666666666667
Australia,CHN->Partner,2012-09,0.5963640086665158
Australia,CHN->Partner,2012-10,0.16000000000000014
Australia,CHN->Partner,2012-11,1.4858539016428054
Australia,CHN->Partner,2012-12,1.7826575352051215
Australia,CHN->Partner,2013-01,-0.6070477643509165
Australia,CHN->Partner,2013-02,-2.5500000000000025
Australia,CHN->Partner,2013-03,-1.1828584115709173
Australia,CHN->Partner,2013-04,2.287625420444595
Australia,CHN->Partner,2013-05,-3.601724912767133
Australia,CHN->Partner,2013-06,-1.0228045612090337
Australia,CHN->Partner,2013-07,1.7098132919538482
Australia,CHN->Partner,2013-08,2.5
Australia,CHN->Partner,2013-09,2.53288151016514
Australia,CHN->Partner,2013-10,3.4345226904028667
Australia,CHN->Partner,2013-11,-1.0430076196388374
Australia,CHN->Partner,2013-12,-3.091115573217124
Australia,CHN->Partner,2014-01,-2.563178332983096
Australia,CHN->Partner,2014-02,-1.9999999999999982
Australia,CHN->Partner,2014-03,2.6042314932334207
Australia,CHN->Partner,2014-04,2.324272576978906
Australia,CHN->Partner,2014-05,2.205907510408661
Australia,CHN->Partner,2014-06,-1.901915701604942
Australia,CHN->Partner,2014-07,1.2181872675809835
Australia,CHN->Partner,2014-08,-0.3668964466962663
Australia,CHN->Partner,2014-09,1.2384355904519015
Australia,CHN->Partner,2014-10,3.610891120641311
Australia,CHN->Partner,2014-11,2.4329351787739792
Australia,CHN->Partner,2014-12,2.6255794274806927
Australia,CHN->Partner,2015-01,4.066666666666665
Australia,CHN->Partner,2015-02,1.7777529527544296
Australia,CHN->Partner,2015-03,1.8522563316255702
Australia,CHN->Partner,2015-04,-2.139920016945954
Australia,CHN->Partner,2015-05,4.049999999999997
Australia,CHN->Partner,2015-06,4.1179134076877855
Australia,CHN->Partner,2015-07,1.6220614352873302
Australia,CHN->Partner,2015-08,0.329962499428774
Australia,CHN->Partner,2015-09,3.7744648609700473
Australia,CHN->Partner,2015-10,3.119999999999999
Australia,CHN->Partner,2015-11,2.0802392165703036
Australia,CHN->Partner,2015-12,-0.26492808336531404
Australia,CHN->Partner,2016-01,-2.049999999999999
Australia,CHN->Partner,2016-02,1.4593511959390106
Australia,CHN->Partner,2016-03,-1.5785893755619718
Australia,CHN->Partner,2016-04,2.8755977468886584
Australia,CHN->Partner,2016-05,2.8000000000000025
Australia,CHN->Partner,2016-06,-1.0250000000000021
Australia,CHN->Partner,2016-07,2.6456305756438656
Australia,CHN->Partner,2016-08,0.20556317157550552
Australia,CHN->Partner,2016-09,2.585159540096493
Australia,CHN->Partner,2016-10,0.04925908983089933
Australia,CHN->Partner,2016-11,-2.1525958875194853
Australia,CHN->Partner,2016-12,7.9999999999999964
Australia,CHN->Partner,2017-01,2.860000000000001
Australia,CHN->Partner,2017-02,3.9312540541706706
Australia,CHN->Partner,2017-03,1.328011997221413
Australia,CHN->Partner,2017-04,1.4816171259913613
Australia,CHN->Partner,2017-05,2.9800000000000004
Australia,CHN->Partner,2017-06,0.3529229917430001
Australia,CHN->Partner,2017-07,1.2500000000000018
Australia,CHN->Partner,2017-08,-0.4127955477552927
Australia,CHN->Partner,2017-09,0.6753552468013773
Australia,CHN->Partner,2017-10,0.2583236658802601
Australia,CHN->Partner,2017-11,1.3459518379659325
Australia,CHN->Partner,2017-12,-0.8841576900854964
Australia,CHN->Partner,2018-01,-0.7194428558881949
Australia,CHN->Partner,2018-02,0.5780475758866679
Australia,CHN->Partner,2018-03,-1.746170618738363
Australia,CHN->Partner,2018-04,-1.4306382649113196
Australia,CHN->Partner,2018-05,0.5542779752700149
Australia,CHN->Partner,2018-06,-0.9637088247321799
Australia,CHN->Partner,2018-07,2.3769839649484314
Australia,CHN->Partner,2018-08,1.0824867506185694
Australia,CHN->Partner,2018-09,2.8677059136834124
Australia,CHN->Partner,2018-10,-0.23446286082628198
Australia,CHN->Partner,2018-11,1.0523296936506874
Australia,CHN->Partner,2018-12,1.0171663436341571
Australia,CHN->Partner,2019-01,-2.914187880266608
Australia,CHN->Partner,2019-02,-0.64386147261175
Australia,CHN->Partner,2019-03,4.391901864405348
Australia,CHN->Partner,2019-04,-1.3109653776529981
Australia,CHN->Partner,2019-05,3.4666666666666632
Australia,CHN->Partner,2019-06,0.35999999999999943
Australia,CHN->Partner,2019-07,-0.23963350182955345
Australia,CHN->Partner,2019-08,-1.669680228324971
Australia,CHN->Partner,2019-09,-1.1514654402372777
Australia,CHN->Partner,2019-10,-2.5267451223330433
Australia,CHN->Partner,2019-11,-0.6147537196521125
Australia,CHN->Partner,2019-12,0.6188751298322828
Australia,CHN->Partner,2020-01,-0.18300793645200386
Australia,CHN->Partner,2020-02,-1.4859180002749355
Australia,CHN->Partner,2020-03,-4.391098465319285
Australia,CHN->Partner,2020-04,-3.0875468589865642
Australia,CHN->Partner,2020-05,-3.6173526695101907
Australia,CHN->Partner,2020-06,-2.6670375569394604
Australia,CHN->Partner,2020-07,-1.414137901659272
Australia,CHN->Partner,2020-08,1.127718937992526
Australia,CHN->Partner,2020-09,-2.12004293991175
Australia,CHN->Partner,2020-10,-2.6536496539872694
Australia,CHN->Partner,2020-11,0.8017851210451301
Australia,CHN->Partner,2020-12,-3.20689716793646
Australia,CHN->Partner,2021-01,-3.136675041928921
Australia,CHN->Partner,2021-02,-3.5698211247074854
Australia,CHN->Partner,2021-03,-1.2064111430266902
Australia,CHN->Partner,2021-04,0.5786569983801311
Australia,CHN->Partner,2021-05,-2.049509226671443
Australia,CHN->Partner,2021-06,-0.8381218510362896
Australia,CHN->Partner,2021-07,-0.3860716716868158
Australia,CHN->Partner,2021-08,-0.5
Australia,CHN->Partner,2021-09,-0.5514717898026387
Australia,CHN->Partner,2021-10,-1.2482024860845264
Australia,CHN->Partner,2021-11,-1.2834166664983933
Australia,CHN->Partner,2021-12,-0.7453705718607342
Australia,CHN->Partner,2022-01,-2.1726816828964655
Australia,CHN->Partner,2022-02,-3.454357401226213
Australia,CHN->Partner,2022-03,-1.7325721989819556
Australia,CHN->Partner,2022-04,0.36163388245656414
Australia,CHN->Partner,2022-05,2.3417410920797046
Australia,CHN->Partner,2022-06,-1.656166100145347
Australia,CHN->Partner,2022-07,-0.29055198943382443
Australia,CHN->Partner,2022-08,-2.433429490364885
Australia,CHN->Partner,2022-09,0.5688660872684892
Australia,CHN->Partner,2022-10,2.695238686608892
Australia,CHN->Partner,2022-11,0.22883197317702475
Australia,CHN->Partner,2022-12,3.3620468401205983
Australia,CHN->Partner,2023-01,1.2178906857232352
Australia,CHN->Partner,2023-02,2.3976707237509896
Australia,CHN->Partner,2023-03,1.1650150972924873
Australia,CHN->Partner,2023-04,2.1521068512614754
Australia,Partner->CHN,2002-01,3.344583598569521
Australia,Partner->CHN,2002-02,3.5333333333333368
Australia,Partner->CHN,2002-03,0.19031926578004388
Australia,Partner->CHN,2002-04,2.5200252027414027
Australia,Partner->CHN,2002-05,0.9652116071295147
Australia,Partner->CHN,2002-06,3.2237874656353753
Australia,Partner->CHN,2002-07,1.5593845835418065
Australia,Partner->CHN,2002-08,2.8748424751274655
Australia,Partner->CHN,2002-09,2.42426091357596
Australia,Partner->CHN,2002-10,2.58404676819265
Australia,Partner->CHN,2002-11,2.193555063310539
Australia,Partner->CHN,2002-12,1.93513432298543
Australia,Partner->CHN,2003-01,0.21772235904853332
Australia,Partner->CHN,2003-02,0.7611542763799086
Australia,Partner->CHN,2003-03,1.5249999999999968
Australia,Partner->CHN,2003-04,1.1323725914558995
Australia,Partner->CHN,2003-05,3.089068276024797
Australia,Partner->CHN,2003-06,2.0799999999999983
Australia,Partner->CHN,2003-07,0.47627513687048406
Australia,Partner->CHN,2003-08,2.1226152839336727
Australia,Partner->CHN,2003-09,1.6373386679349284
Australia,Partner->CHN,2003-10,2.4962220722693456
Australia,Partner->CHN,2003-11,0.5687927498665513
Australia,Partner->CHN,2003-12,2.9000000000000004
Australia,Partner->CHN,2004-01,2.7744141218364327
Australia,Partner->CHN,2004-02,1.4555401945071846
Australia,Partner->CHN,2004-03,2.508217517255691
Australia,Partner->CHN,2004-04,1.8841141520416738
Australia,Partner->CHN,2004-05,0.6221143170299754
Australia,Partner->CHN,2004-06,0.12761469171990925
Australia,Partner->CHN,2004-07,2.418877174327477
Australia,Partner->CHN,2004-08,2.5535884697811255
Australia,Partner->CHN,2004-09,4.0
Australia,Partner->CHN,2004-10,2.3478115870482057
Australia,Partner->CHN,2004-11,3.3414830652586627
Australia,Partner->CHN,2004-12,0.45053308897444744
Australia,Partner->CHN,2005-01,1.0
Australia,Partner->CHN,2005-02,2.7644020716904603
Australia,Partner->CHN,2005-03,2.0717699309101913
Australia,Partner->CHN,2005-04,2.301593851654907
Australia,Partner->CHN,2005-05,2.3566947635334987
Australia,Partner->CHN,2005-06,0.5727921476509792
Australia,Partner->CHN,2005-07,0.9052468609381652
Australia,Partner->CHN,2005-08,2.728355139102142
Australia,Partner->CHN,2005-09,2.820346371980257
Australia,Partner->CHN,2005-10,2.4837993990831357
Australia,Partner->CHN,2005-11,0.8166666666666647
Australia,Partner->CHN,2005-12,3.758267144008144
Australia,Partner->CHN,2006-01,3.9294853538082766
Australia,Partner->CHN,2006-02,-0.42499999999999893
Australia,Partner->CHN,2006-03,1.6801588253545354
Australia,Partner->CHN,2006-04,3.565150145599354
Australia,Partner->CHN,2006-05,1.466117245931116
Australia,Partner->CHN,2006-06,1.8405269876756538
Australia,Partner->CHN,2006-07,1.724665480166724
Australia,Partner->CHN,2006-08,2.7420582767233164
Australia,Partner->CHN,2006-09,2.782512082943361
Australia,Partner->CHN,2006-10,2.5424766500838327
Australia,Partner->CHN,2006-11,4.40917334224995
Australia,Partner->CHN,2006-12,0.9432815729997479
Australia,Partner->CHN,2007-01,2.5894121361142233
Australia,Partner->CHN,2007-02,0.8458249127543009
Australia,Partner->CHN,2007-03,2.3814420295731313
Australia,Partner->CHN,2007-04,1.6003980517631753
Australia,Partner->CHN,2007-05,1.3479269380944991
Australia,Partner->CHN,2007-06,1.5359090289652215
Australia,Partner->CHN,2007-07,2.01848283877127
Australia,Partner->CHN,2007-08,1.5526718146352856
Australia,Partner->CHN,2007-09,2.4090923345292037
Australia,Partner->CHN,2007-10,1.618357966351498
Australia,Partner->CHN,2007-11,1.9597979663317595
Australia,Partner->CHN,2007-12,0.16214450991021678
Australia,Partner->CHN,2008-01,2.6000000000000014
Australia,Partner->CHN,2008-02,2.646149787553096
Australia,Partner->CHN,2008-03,1.476597804637466
Australia,Partner->CHN,2008-04,1.5845699499065855
Australia,Partner->CHN,2008-05,2.0291177822534436
Australia,Partner->CHN,2008-06,0.600463844055044
Australia,Partner->CHN,2008-07,-0.1966113329757917
Australia,Partner->CHN,2008-08,2.7827445304128844
Australia,Partner->CHN,2008-09,1.827272727272728
Australia,Partner->CHN,2008-10,1.0557901655272381
Australia,Partner->CHN,2008-11,1.0849850479038654
Australia,Partner->CHN,2008-12,0.7872872318720301
Australia,Partner->CHN,2009-01,-0.1920800789075603
Australia,Partner->CHN,2009-02,0.25055318606449895
Australia,Partner->CHN,2009-03,0.5228722953570291
Australia,Partner->CHN,2009-04,1.0511271779042186
Australia,Partner->CHN,2009-05,0.5382850173374525
Australia,Partner->CHN,2009-06,1.2691104413176966
Australia,Partner->CHN,2009-07,0.6335217648142084
Australia,Partner->CHN,2009-08,1.9203190282797067
Australia,Partner->CHN,2009-09,1.9537584684923566
Australia,Partner->CHN,2009-10,1.6617204205429434
Australia,Partner->CHN,2009-11,1.2663154318413508
Australia,Partner->CHN,2009-12,-0.2834015979771163
Australia,Partner->CHN,2010-01,3.2666666666666693
Australia,Partner->CHN,2010-02,2.37113461743205
Australia,Partner->CHN,2010-03,-0.6611206613334559
Australia,Partner->CHN,2010-04,-1.469367084567864
Australia,Partner->CHN,2010-05,1.5564785642872945
Australia,Partner->CHN,2010-06,1.9699257813829814
Australia,Partner->CHN,2010-07,-0.3460688529950584
Australia,Partner->CHN,2010-08,1.7332417554769748
Australia,Partner->CHN,2010-09,2.305395922850389
Australia,Partner->CHN,2010-10,2.350577649446066
Australia,Partner->CHN,2010-11,1.6886760025413619
Australia,Partner->CHN,2010-12,2.387444706780716
Australia,Partner->CHN,2011-01,3.0593317904013535
Australia,Partner->CHN,2011-02,0.6945966251214308
Australia,Partner->CHN,2011-03,1.1247625716542835
Australia,Partner->CHN,2011-04,2.4249643881296024
Australia,Partner->CHN,2011-05,1.449414121836428
Australia,Partner->CHN,2011-06,0.2488280093571671
Australia,Partner->CHN,2011-07,1.5847300368230997
Australia,Partner->CHN,2011-08,2.7708004033591003
Australia,Partner->CHN,2011-09,2.747114317029972
Australia,Partner->CHN,2011-10,1.0876227427600238
Australia,Partner->CHN,2011-11,-0.3715422595790141
Australia,Partner->CHN,2011-12,2.1977001163104877
Australia,Partner->CHN,2012-01,2.1773610907385947
Australia,Partner->CHN,2012-02,0.485714285714284
Australia,Partner->CHN,2012-03,0.34720498510415965
Australia,Partner->CHN,2012-04,1.3373870362713536
Australia,Partner->CHN,2012-05,2.0808621331946675
Australia,Partner->CHN,2012-06,3.4664671735009183
Australia,Partner->CHN,2012-07,1.0537805529427562
Australia,Partner->CHN,2012-08,0.3800000000000008
Australia,Partner->CHN,2012-09,2.0220111748038097
Australia,Partner->CHN,2012-10,1.5970133507843922
Australia,Partner->CHN,2012-11,2.0641688288263023
Australia,Partner->CHN,2012-12,0.9652421059845331
Australia,Partner->CHN,2013-01,2.9999999999999964
Australia,Partner->CHN,2013-02,-0.18386797010319356
Australia,Partner->CHN,2013-03,2.9268558640002666
Australia,Partner->CHN,2013-04,2.2762146042567473
Australia,Partner->CHN,2013-05,0.8309510296736349
Australia,Partner->CHN,2013-06,2.1961747365747346
Australia,Partner->CHN,2013-07,1.926683416249542
Australia,Partner->CHN,2013-08,2.4000000000000004
Australia,Partner->CHN,2013-09,1.2525970134906057
Australia,Partner->CHN,2013-10,2.76959732157078
Australia,Partner->CHN,2013-11,0.9562081185040423
Australia,Partner->CHN,2013-12,2.4825814045037102
Australia,Partner->CHN,2014-01,4.499999999999998
Australia,Partner->CHN,2014-02,-1.4120822323945372
Australia,Partner->CHN,2014-03,1.1214062605440418
Australia,Partner->CHN,2014-04,2.2737089249388056
Australia,Partner->CHN,2014-05,1.9754192536883153
Australia,Partner->CHN,2014-06,1.8698200143726904
Australia,Partner->CHN,2014-07,1.8880950760595443
Australia,Partner->CHN,2014-08,-0.13405804560122014
Australia,Partner->CHN,2014-09,2.477049935518286
Australia,Partner->CHN,2014-10,3.4276357969766327
Australia,Partner->CHN,2014-11,2.873729982013895
Australia,Partner->CHN,2014-12,2.483628497160483
Australia,Partner->CHN,2015-01,4.499999999999998
Australia,Partner->CHN,2015-02,-0.4599999999999973
Australia,Partner->CHN,2015-03,-0.12177912403104862
Australia,Partner->CHN,2015-04,1.3928557611567332
Australia,Partner->CHN,2015-05,2.17155723246343
Australia,Partner->CHN,2015-06,3.0666565035957163
Australia,Partner->CHN,2015-07,0.3417630709476054
Australia,Partner->CHN,2015-08,0.9339009376298879
Australia,Partner->CHN,2015-09,1.5650617679247443
Australia,Partner->CHN,2015-10,2.60164031050064
Australia,Partner->CHN,2015-11,1.5812082151645033
Australia,Partner->CHN,2015-12,1.5619905767362408
Australia,Partner->CHN,2016-01,0.9703251817911642
Australia,Partner->CHN,2016-02,0.6724382061216332
Australia,Partner->CHN,2016-03,-1.7367059146153707
Australia,Partner->CHN,2016-04,2.676550373608926
Australia,Partner->CHN,2016-05,0.5951278302909255
Australia,Partner->CHN,2016-06,1.2500000000000018
Australia,Partner->CHN,2016-07,3.1679752489464708
Australia,Partner->CHN,2016-08,-1.0367742401263857
Australia,Partner->CHN,2016-09,1.6224943178358284
Australia,Partner->CHN,2016-10,1.264282987425327
Australia,Partner->CHN,2016-11,-1.1858784824047781
Australia,Partner->CHN,2016-12,3.8399999999999945
Australia,Partner->CHN,2017-01,2.904742696480394
Australia,Partner->CHN,2017-02,1.6744498398889185
Australia,Partner->CHN,2017-03,2.433597049709128
Australia,Partner->CHN,2017-04,2.3582419400218004
Australia,Partner->CHN,2017-05,2.304605347984012
Australia,Partner->CHN,2017-06,0.6135316128891564
Australia,Partner->CHN,2017-07,1.2540932558889022
Australia,Partner->CHN,2017-08,-0.4940747525915814
Australia,Partner->CHN,2017-09,2.0867855693913295
Australia,Partner->CHN,2017-10,1.2126304378428028
Australia,Partner->CHN,2017-11,0.5558538257569499
Australia,Partner->CHN,2017-12,-0.8101386091197895
Australia,Partner->CHN,2018-01,-2.2726540212453923
Australia,Partner->CHN,2018-02,1.5830690983514
Australia,Partner->CHN,2018-03,-0.7435898149253699
Australia,Partner->CHN,2018-04,0.5687454926422202
Australia,Partner->CHN,2018-05,0.5592434935944652
Australia,Partner->CHN,2018-06,-0.1942556101341868
Australia,Partner->CHN,2018-07,-0.14092051172125508
Australia,Partner->CHN,2018-08,1.146743529222702
Australia,Partner->CHN,2018-09,1.9559279443000612
Australia,Partner->CHN,2018-10,0.16645561924825003
Australia,Partner->CHN,2018-11,1.6263137315465137
Australia,Partner->CHN,2018-12,0.2573370560320942
Australia,Partner->CHN,2019-01,0.2674219980650676
Australia,Partner->CHN,2019-02,-0.22194682760921403
Australia,Partner->CHN,2019-03,4.538021585381951
Australia,Partner->CHN,2019-04,-0.4470619970079337
Australia,Partner->CHN,2019-05,-1.020490429767836
Australia,Partner->CHN,2019-06,-0.18703758890590727
Australia,Partner->CHN,2019-07,0.9310561130534349
Australia,Partner->CHN,2019-08,-0.6094887557743149
Australia,Partner->CHN,2019-09,0.5838617090515381
Australia,Partner->CHN,2019-10,0.6486354452564722
Australia,Partner->CHN,2019-11,0.6823177924053407
Australia,Partner->CHN,2019-12,1.5280394316687467
Australia,Partner->CHN,2020-01,0.06853917323643799
Australia,Partner->CHN,2020-02,0.6753472516642844
Australia,Partner->CHN,2020-03,0.24103758124941876
Australia,Partner->CHN,2020-04,-1.1498832439240747
Australia,Partner->CHN,2020-05,-1.2161000632522523
Australia,Partner->CHN,2020-06,-1.130951094529964
Australia,Partner->CHN,2020-07,-2.024918625275138
Australia,Partner->CHN,2020-08,-0.47363111749378284
Australia,Partner->CHN,2020-09,-1.5860055732821738
Australia,Partner->CHN,2020-10,-0.14313584956552106
Australia,Partner->CHN,2020-11,0.6655369764318984
Australia,Partner->CHN,2020-12,-0.29207008995127026
Australia,Partner->CHN,2021-01,0.1409994864756019
Australia,Partner->CHN,2021-02,1.183569984906164
Australia,Partner->CHN,2021-03,-0.44410171185615077
Australia,Partner->CHN,2021-04,1.383251744990405
Australia,Partner->CHN,2021-05,1.1050478810224167
Australia,Partner->CHN,2021-06,-0.7342300405044764
Australia,Partner->CHN,2021-07,-0.6105167897988899
Australia,Partner->CHN,2021-08,0.015524670687746323
Australia,Partner->CHN,2021-09,-0.3205333581068981
Australia,Partner->CHN,2021-10,-0.5988461183863443
Australia,Partner->CHN,2021-11,-0.3006202970804779
Australia,Partner->CHN,2021-12,-0.1979749750923041
Australia,Partner->CHN,2022-01,0.2033803229861224
Australia,Partner->CHN,2022-02,-1.5706835193071331
Australia,Partner->CHN,2022-03,-0.5450027529862851
Australia,Partner->CHN,2022-04,-0.14131417149005543
Australia,Partner->CHN,2022-05,0.4667584438353618
Australia,Partner->CHN,2022-06,0.6002964769020327
Australia,Partner->CHN,2022-07,1.1168399892081613
Australia,Partner->CHN,2022-08,0.21718051523352067
Australia,Partner->CHN,2022-09,2.1665860250211875
Australia,Partner->CHN,2022-10,0.7620524146412286
Australia,Partner->CHN,2022-11,1.2780544222122927
Australia,Partner->CHN,2022-12,2.3190032510171292
Australia,Partner->CHN,2023-01,2.1436371933136584
Australia,Partner->CHN,2023-02,1.8720116457380307
Australia,Partner->CHN,2023-03,1.9015640727893626
Australia,Partner->CHN,2023-04,1.1999999999999993
Belgium,Aggregated,2002-01,
Belgium,Aggregated,2002-02,
Belgium,Aggregated,2002-03,2.3374910657626167
Belgium,Aggregated,2002-04,3.6999999999999993
Belgium,Aggregated,2002-05,3.588524800712797
Belgium,Aggregated,2002-06,3.4778949565314594
Belgium,Aggregated,2002-07,3.3681040568349605
Belgium,Aggregated,2002-08,3.2591457396162564
Belgium,Aggregated,2002-09,3.1510136911136097
Belgium,Aggregated,2002-10,3.0437016454447114
Belgium,Aggregated,2002-11,1.0
Belgium,Aggregated,2002-12,0.21855288888531454
Belgium,Aggregated,2003-01,-0.5120059232735859
Belgium,Aggregated,2003-02,-1.1949903126607406
Belgium,Aggregated,2003-03,-1.833498353879305
Belgium,Aggregated,2003-04,-1.324048584904336
Belgium,Aggregated,2003-05,2.3424135747622508
Belgium,Aggregated,2003-06,0.70138050771601
Belgium,Aggregated,2003-07,-0.7378157992830712
Belgium,Aggregated,2003-08,-1.9999999999999982
Belgium,Aggregated,2003-09,1.0827612359605485
Belgium,Aggregated,2003-10,2.2363151186962895
Belgium,Aggregated,2003-11,3.5
Belgium,Aggregated,2003-12,2.2674177766037555
Belgium,Aggregated,2004-01,2.74426784455137
Belgium,Aggregated,2004-02,3.2382565894540836
Belgium,Aggregated,2004-03,3.7500000000000018
Belgium,Aggregated,2004-04,4.0
Belgium,Aggregated,2004-05,3.084155798312306
Belgium,Aggregated,2004-06,2.3424135747622508
Belgium,Aggregated,2004-07,-4.000000000000001
Belgium,Aggregated,2004-08,-2.3208573568889204
Belgium,Aggregated,2004-09,-0.23892614007583468
Belgium,Aggregated,2004-10,2.3424135747622508
Belgium,Aggregated,2004-11,3.863966491918175
Belgium,Aggregated,2004-12,2.300674581290197
Belgium,Aggregated,2005-01,0.9017991875565254
Belgium,Aggregated,2005-02,-0.3499519114480485
Belgium,Aggregated,2005-03,3.712919909531209
Belgium,Aggregated,2005-04,-4.000000000000001
Belgium,Aggregated,2005-05,0.7106944240719262
Belgium,Aggregated,2005-06,3.7487663892650573
Belgium,Aggregated,2005-07,3.8320398682522114
Belgium,Aggregated,2005-08,3.915783520277545
Belgium,Aggregated,2005-09,4.0
Belgium,Aggregated,2005-10,2.3562233847250518
Belgium,Aggregated,2005-11,1.0
Belgium,Aggregated,2005-12,1.7569317862132472
Belgium,Aggregated,2006-01,2.5616090498415005
Belgium,Aggregated,2006-02,1.3480699962234794
Belgium,Aggregated,2006-03,0.24312255804310112
Belgium,Aggregated,2006-04,1.9864097567667454
Belgium,Aggregated,2006-05,4.0
Belgium,Aggregated,2006-06,-0.792192212988839
Belgium,Aggregated,2006-07,0.2579083309777701
Belgium,Aggregated,2006-08,1.4160351206817001
Belgium,Aggregated,2006-09,2.693301063201364
Belgium,Aggregated,2006-10,2.2689431769348616
Belgium,Aggregated,2006-11,4.18315966212527
Belgium,Aggregated,2006-12,2.038241494655052
Belgium,Aggregated,2007-01,2.5105655294354996
Belgium,Aggregated,2007-02,2.9999999999999964
Belgium,Aggregated,2007-03,1.0
Belgium,Aggregated,2007-04,-0.6460376470270006
Belgium,Aggregated,2007-05,-2.066288632768158
Belgium,Aggregated,2007-06,3.7744684919052744
Belgium,Aggregated,2007-07,2.3424135747622508
Belgium,Aggregated,2007-08,-0.04181939495154019
Belgium,Aggregated,2007-09,-1.9999999999999982
Belgium,Aggregated,2007-10,2.3424135747622508
Belgium,Aggregated,2007-11,4.0
Belgium,Aggregated,2007-12,4.0
Belgium,Aggregated,2008-01,2.894942383174831
Belgium,Aggregated,2008-02,-0.24962066223524992
Belgium,Aggregated,2008-03,-2.682537953825417
Belgium,Aggregated,2008-04,0.6999999999999993
Belgium,Aggregated,2008-05,3.7653981752986336
Belgium,Aggregated,2008-06,3.461910530177338
Belgium,Aggregated,2008-07,3.1646607629410735
Belgium,Aggregated,2008-08,2.873520660395206
Belgium,Aggregated,2008-09,3.1343092335526226
Belgium,Aggregated,2008-10,3.3999999999999986
Belgium,Aggregated,2008-11,-1.031517285047551
Belgium,Aggregated,2008-12,1.489387515576503
Belgium,Aggregated,2009-01,3.581190031454991
Belgium,Aggregated,2009-02,4.228275716508167
Belgium,Aggregated,2009-03,3.6902363559573725
Belgium,Aggregated,2009-04,3.171206787381127
Belgium,Aggregated,2009-05,3.171206787381127
Belgium,Aggregated,2009-06,1.0
Belgium,Aggregated,2009-07,4.0
Belgium,Aggregated,2009-08,3.4892922702472475
Belgium,Aggregated,2009-09,2.9959726995097817
Belgium,Aggregated,2009-10,2.5194492699732383
Belgium,Aggregated,2009-11,1.5147216309542966
Belgium,Aggregated,2009-12,3.2169654299048975
Belgium,Aggregated,2010-01,-5.0
Belgium,Aggregated,2010-02,3.799999999999997
Belgium,Aggregated,2010-03,3.2957615646991645
Belgium,Aggregated,2010-04,2.8087026158601365
Belgium,Aggregated,2010-05,1.7763568394002505e-15
Belgium,Aggregated,2010-06,2.3424135747622508
Belgium,Aggregated,2010-07,0.9166819450763697
Belgium,Aggregated,2010-08,2.3056190006609505
Belgium,Aggregated,2010-09,3.856442238428409
Belgium,Aggregated,2010-10,2.1811018456884774
Belgium,Aggregated,2010-11,2.9999999999999964
Belgium,Aggregated,2010-12,2.9999999999999964
Belgium,Aggregated,2011-01,1.4096736459908588
Belgium,Aggregated,2011-02,1.7763568394002505e-15
Belgium,Aggregated,2011-03,1.1981005732342727
Belgium,Aggregated,2011-04,1.718715658761024
Belgium,Aggregated,2011-05,2.261550602670706
Belgium,Aggregated,2011-06,1.6751738363431414
Belgium,Aggregated,2011-07,1.1147244839651549
Belgium,Aggregated,2011-08,1.8066908539180258
Belgium,Aggregated,2011-09,2.5381808183017416
Belgium,Aggregated,2011-10,2.5552864632841086
Belgium,Aggregated,2011-11,1.0
Belgium,Aggregated,2011-12,0.1112248531483413
Belgium,Aggregated,2012-01,-0.7117235218982199
Belgium,Aggregated,2012-02,2.0179541939607617
Belgium,Aggregated,2012-03,2.915583976813153
Belgium,Aggregated,2012-04,3.8751082182769743
Belgium,Aggregated,2012-05,2.254690869581003
Belgium,Aggregated,2012-06,0.7351616504271057
Belgium,Aggregated,2012-07,1.2541418394481543
Belgium,Aggregated,2012-08,1.7960736029442277
Belgium,Aggregated,2012-09,2.3619719599508002
Belgium,Aggregated,2012-10,2.677266080591954
Belgium,Aggregated,2012-11,2.9999999999999964
Belgium,Aggregated,2012-12,3.098946085156401
Belgium,Aggregated,2013-01,3.198591479439079
Belgium,Aggregated,2013-02,3.298941125269476
Belgium,Aggregated,2013-03,3.3999999999999986
Belgium,Aggregated,2013-04,1.0
Belgium,Aggregated,2013-05,1.6010111710699473
Belgium,Aggregated,2013-06,1.452190310958466
Belgium,Aggregated,2013-07,3.5
Belgium,Aggregated,2013-08,0.1141378582540824
Belgium,Aggregated,2013-09,-0.030625717513540707
Belgium,Aggregated,2013-10,1.0856033936905618
Belgium,Aggregated,2013-11,3.011864497516049
Belgium,Aggregated,2013-12,7.9999999999999964
Belgium,Aggregated,2014-01,2.8267085221532646
Belgium,Aggregated,2014-02,6.299999999999994
Belgium,Aggregated,2014-03,3.264211997686072
Belgium,Aggregated,2014-04,2.301486478339104
Belgium,Aggregated,2014-05,3.0533146191067324
Belgium,Aggregated,2014-06,3.8476376760756814
Belgium,Aggregated,2014-07,4.686857551762028
Belgium,Aggregated,2014-08,5.5735119092906835
Belgium,Aggregated,2014-09,6.510281845872083
Belgium,Aggregated,2014-10,7.4999999999999964
Belgium,Aggregated,2014-11,5.321764610482525
Belgium,Aggregated,2014-12,3.3999999999999986
Belgium,Aggregated,2015-01,1.7763568394002505e-15
Belgium,Aggregated,2015-02,0.9289429050994755
Belgium,Aggregated,2015-03,1.9363344393748267
Belgium,Aggregated,2015-04,6.9999999999999964
Belgium,Aggregated,2015-05,4.998319796571501
Belgium,Aggregated,2015-06,3.219235350742867
Belgium,Aggregated,2015-07,1.3991661238137532
Belgium,Aggregated,2015-08,2.3841919955410766
Belgium,Aggregated,2015-09,3.447471191587418
Belgium,Aggregated,2015-10,6.9999999999999964
Belgium,Aggregated,2015-11,1.7763568394002505e-15
Belgium,Aggregated,2015-12,1.7763568394002505e-15
Belgium,Aggregated,2016-01,0.44722636188093823
Belgium,Aggregated,2016-02,0.9126355800129051
Belgium,Aggregated,2016-03,1.3969669137276846
Belgium,Aggregated,2016-04,2.0263062662709803
Belgium,Aggregated,2016-05,3.0028164132237904
Belgium,Aggregated,2016-06,3.058366948549306
Belgium,Aggregated,2016-07,3.1141378582540806
Belgium,Aggregated,2016-08,7.9999999999999964
Belgium,Aggregated,2016-09,5.822013559901563
Belgium,Aggregated,2016-10,3.893691589974315
Belgium,Aggregated,2016-11,3.2276679739974004
Belgium,Aggregated,2016-12,2.59142793815972
Belgium,Aggregated,2017-01,1.9836396052956022
Belgium,Aggregated,2017-02,0.9507336870274052
Belgium,Aggregated,2017-03,1.7763568394002505e-15
Belgium,Aggregated,2017-04,2.9999999999999964
Belgium,Aggregated,2017-05,3.5104921912775726
Belgium,Aggregated,2017-06,2.918367392281869
Belgium,Aggregated,2017-07,2.23482780825794
Belgium,Aggregated,2017-08,2.3424135747622508
Belgium,Aggregated,2017-09,1.9933491963805672
Belgium,Aggregated,2017-10,1.6534170443065275
Belgium,Aggregated,2017-11,1.2712626661157262
Belgium,Aggregated,2017-12,0.9006499899220195
Belgium,Aggregated,2018-01,0.5412304370028078
Belgium,Aggregated,2018-02,1.2084004241887598
Belgium,Aggregated,2018-03,1.914137858254085
Belgium,Aggregated,2018-04,2.528078875807376
Belgium,Aggregated,2018-05,3.171206787381127
Belgium,Aggregated,2018-06,-2.7500000000000018
Belgium,Aggregated,2018-07,3.5
Belgium,Aggregated,2018-08,2.909169523521257
Belgium,Aggregated,2018-09,2.3424135747622508
Belgium,Aggregated,2018-10,3.1461777944821936
Belgium,Aggregated,2018-11,-1.9999999999999982
Belgium,Aggregated,2018-12,0.40000000000000036
Belgium,Aggregated,2019-01,1.3759354151536112
Belgium,Aggregated,2019-02,2.435419070180121
Belgium,Aggregated,2019-03,3.5856033936905582
Belgium,Aggregated,2019-04,1.9450487520778488
Belgium,Aggregated,2019-05,2.3424135747622508
Belgium,Aggregated,2019-06,2.8729833462074197
Belgium,Aggregated,2019-07,3.2249999999999996
Belgium,Aggregated,2019-08,1.9558866929284289
Belgium,Aggregated,2019-09,0.8000000000000007
Belgium,Aggregated,2019-10,0.625
Belgium,Aggregated,2019-11,0.010683408861307697
Belgium,Aggregated,2019-12,1.5270572003075333
Belgium,Aggregated,2020-01,1.6038544977892517
Belgium,Aggregated,2020-02,3.5
Belgium,Aggregated,2020-03,2.1909059582729196
Belgium,Aggregated,2020-04,1.0
Belgium,Aggregated,2020-05,1.308804577132415
Belgium,Aggregated,2020-06,1.6255558431696517
Belgium,Aggregated,2020-07,1.0
Belgium,Aggregated,2020-08,2.0177399680851753
Belgium,Aggregated,2020-09,3.121796156390186
Belgium,Aggregated,2020-10,0.27369351222179183
Belgium,Aggregated,2020-11,-1.9999999999999982
Belgium,Aggregated,2020-12,7.9999999999999964
Belgium,Aggregated,2021-01,4.0
Belgium,Aggregated,2021-02,3.5
Belgium,Aggregated,2021-03,-2.4799999999999986
Belgium,Aggregated,2021-04,0.5517848867997692
Belgium,Aggregated,2021-05,-1.3666666666666654
Belgium,Aggregated,2021-06,-0.9999999999999982
Belgium,Aggregated,2021-07,1.247471191587417
Belgium,Aggregated,2021-08,3.5
Belgium,Aggregated,2021-09,3.1361699451317655
Belgium,Aggregated,2021-10,2.7814690150101047
Belgium,Aggregated,2021-11,-4.400000000000001
Belgium,Aggregated,2021-12,4.499999999999998
Belgium,Aggregated,2022-01,-1.9999999999999982
Belgium,Aggregated,2022-02,1.7763568394002505e-15
Belgium,Aggregated,2022-03,4.0
Belgium,Aggregated,2022-04,1.1288876997991135
Belgium,Aggregated,2022-05,1.4474711915874163
Belgium,Aggregated,2022-06,2.9999999999999964
Belgium,Aggregated,2022-07,7.66064147944833
Belgium,Aggregated,2022-08,6.669234781901135
Belgium,Aggregated,2022-09,5.730499759174116
Belgium,Aggregated,2022-10,4.841638058850215
Belgium,Aggregated,2022-11,4.0
Belgium,Aggregated,2022-12,2.2623997623517997
Belgium,Aggregated,2023-01,1.7763568394002505e-15
Belgium,Aggregated,2023-02,1.599211922224221
Belgium,Aggregated,2023-03,-0.10505761682516734
Belgium,Aggregated,2023-04,1.700000000000001
Belgium,CHN->Partner,2002-01,
Belgium,CHN->Partner,2002-02,
Belgium,CHN->Partner,2002-03,1.907886129277081
Belgium,CHN->Partner,2002-04,4.0
Belgium,CHN->Partner,2002-05,3.949447583114795
Belgium,CHN->Partner,2002-06,3.89906553601978
Belgium,CHN->Partner,2002-07,3.848853284541324
Belgium,CHN->Partner,2002-08,3.798810256440831
Belgium,CHN->Partner,2002-09,3.748935881408249
Belgium,CHN->Partner,2002-10,3.699229591055575
Belgium,CHN->Partner,2002-11,1.0
Belgium,CHN->Partner,2002-12,-0.9092430169554255
Belgium,CHN->Partner,2003-01,-2.5147186257614305
Belgium,CHN->Partner,2003-02,-3.8647573099836734
Belgium,CHN->Partner,2003-03,-5.0
Belgium,CHN->Partner,2003-04,1.0
Belgium,CHN->Partner,2003-05,2.8000000000000025
Belgium,CHN->Partner,2003-06,2.9142746772079544
Belgium,CHN->Partner,2003-07,3.029495637158732
Belgium,CHN->Partner,2003-08,3.1456707158056005
Belgium,CHN->Partner,2003-09,3.2628078139895624
Belgium,CHN->Partner,2003-10,3.380914897976716
Belgium,CHN->Partner,2003-11,3.5
Belgium,CHN->Partner,2003-12,1.9437671635776255
Belgium,CHN->Partner,2004-01,2.5957826921004106
Belgium,CHN->Partner,2004-02,3.2806421557822905
Belgium,CHN->Partner,2004-03,4.0
Belgium,CHN->Partner,2004-04,4.0
Belgium,CHN->Partner,2004-05,2.900486403377606
Belgium,CHN->Partner,2004-06,1.9000000000000004
Belgium,CHN->Partner,2004-07,-4.000000000000001
Belgium,CHN->Partner,2004-08,-2.4178665495196565
Belgium,CHN->Partner,2004-09,-0.47814077687805323
Belgium,CHN->Partner,2004-10,1.9000000000000004
Belgium,CHN->Partner,2004-11,4.0577253014926455
Belgium,CHN->Partner,2004-12,1.77559050225954
Belgium,CHN->Partner,2005-01,-0.16066607582189718
Belgium,CHN->Partner,2005-02,-1.8034654132771148
Belgium,CHN->Partner,2005-03,3.0095502747155933
Belgium,CHN->Partner,2005-04,3.496318640287054
Belgium,CHN->Partner,2005-05,4.0
Belgium,CHN->Partner,2005-06,3.7166554563384953
Belgium,CHN->Partner,2005-07,3.8105038918619236
Belgium,CHN->Partner,2005-08,3.904950800922787
Belgium,CHN->Partner,2005-09,4.0
Belgium,CHN->Partner,2005-10,2.5460605656619517
Belgium,CHN->Partner,2005-11,1.0
Belgium,CHN->Partner,2005-12,1.6174482364700022
Belgium,CHN->Partner,2006-01,2.2666666666666657
Belgium,CHN->Partner,2006-02,2.0820487692104255
Belgium,CHN->Partner,2006-03,1.9000000000000004
Belgium,CHN->Partner,2006-04,2.910427743243556
Belgium,CHN->Partner,2006-05,4.0
Belgium,CHN->Partner,2006-06,-1.056547947899956
Belgium,CHN->Partner,2006-07,0.23597275680003094
Belgium,CHN->Partner,2006-08,1.6965045066908342
Belgium,CHN->Partner,2006-09,3.346886573827037
Belgium,CHN->Partner,2006-10,1.4161013346016045
Belgium,CHN->Partner,2006-11,4.335688470537852
Belgium,CHN->Partner,2006-12,2.6000000000000014
Belgium,CHN->Partner,2007-01,2.0442672372994366
Belgium,CHN->Partner,2007-02,1.5112432175061326
Belgium,CHN->Partner,2007-03,1.0
Belgium,CHN->Partner,2007-04,-1.5091933677465956
Belgium,CHN->Partner,2007-05,-3.493715789097899
Belgium,CHN->Partner,2007-06,3.680649713609613
Belgium,CHN->Partner,2007-07,2.8000000000000025
Belgium,CHN->Partner,2007-08,2.4932311746168185
Belgium,CHN->Partner,2007-09,2.1932817051921187
Belgium,CHN->Partner,2007-10,1.9000000000000004
Belgium,CHN->Partner,2007-11,4.0
Belgium,CHN->Partner,2007-12,4.0
Belgium,CHN->Partner,2008-01,2.8000000000000025
Belgium,CHN->Partner,2008-02,-0.19621569210615775
Belgium,CHN->Partner,2008-03,-2.5419017846744048
Belgium,CHN->Partner,2008-04,-0.5544522892430273
Belgium,CHN->Partner,2008-05,1.9000000000000004
Belgium,CHN->Partner,2008-06,2.1932817051921187
Belgium,CHN->Partner,2008-07,2.4932311746168185
Belgium,CHN->Partner,2008-08,2.8000000000000025
Belgium,CHN->Partner,2008-09,1.3119851451422875
Belgium,CHN->Partner,2008-10,-0.01558128882577492
Belgium,CHN->Partner,2008-11,-1.1999999999999975
Belgium,CHN->Partner,2008-12,1.2727019104980073
Belgium,CHN->Partner,2009-01,3.367978152493208
Belgium,CHN->Partner,2009-02,3.9333333333333282
Belgium,CHN->Partner,2009-03,3.43329484213497
Belgium,CHN->Partner,2009-04,2.9499999999999993
Belgium,CHN->Partner,2009-05,2.9499999999999993
Belgium,CHN->Partner,2009-06,1.0
Belgium,CHN->Partner,2009-07,4.0
Belgium,CHN->Partner,2009-08,3.3876084253432293
Belgium,CHN->Partner,2009-09,2.800218413400497
Belgium,CHN->Partner,2009-10,2.2368092477478516
Belgium,CHN->Partner,2009-11,1.3759231807325438
Belgium,CHN->Partner,2009-12,1.9000000000000004
Belgium,CHN->Partner,2010-01,2.1064781855370622
Belgium,CHN->Partner,2010-02,2.316261273485189
Belgium,CHN->Partner,2010-03,2.529402162313618
Belgium,CHN->Partner,2010-04,2.745954597187703
Belgium,CHN->Partner,2010-05,1.7763568394002505e-15
Belgium,CHN->Partner,2010-06,1.9000000000000004
Belgium,CHN->Partner,2010-07,4.0
Belgium,CHN->Partner,2010-08,3.9441820817527518
Belgium,CHN->Partner,2010-09,3.8885718728386625
Belgium,CHN->Partner,2010-10,2.096017504355755
Belgium,CHN->Partner,2010-11,2.5404669439787213
Belgium,CHN->Partner,2010-12,2.9999999999999964
Belgium,CHN->Partner,2011-01,1.9186238218287546
Belgium,CHN->Partner,2011-02,0.9207743892800959
Belgium,CHN->Partner,2011-03,1.7763568394002505e-15
Belgium,CHN->Partner,2011-04,1.18089240318991
Belgium,CHN->Partner,2011-05,2.488558158008143
Belgium,CHN->Partner,2011-06,2.6433904356839584
Belgium,CHN->Partner,2011-07,2.8000000000000025
Belgium,CHN->Partner,2011-08,2.866979045222603
Belgium,CHN->Partner,2011-09,2.9342831768581643
Belgium,CHN->Partner,2011-10,2.9015906384438246
Belgium,CHN->Partner,2011-11,1.0
Belgium,CHN->Partner,2011-12,1.4412858189360644
Belgium,CHN->Partner,2012-01,1.8987994023716297
Belgium,CHN->Partner,2012-02,2.373137507168929
Belgium,CHN->Partner,2012-03,2.9970162706208505
Belgium,CHN->Partner,2012-04,3.6500000000000004
Belgium,CHN->Partner,2012-05,1.9296089960379756
Belgium,CHN->Partner,2012-06,1.4472882706655437
Belgium,CHN->Partner,2012-07,1.6356972598724813
Belgium,CHN->Partner,2012-08,1.8269581109823498
Belgium,CHN->Partner,2012-09,2.021113991342684
Belgium,CHN->Partner,2012-10,2.5016886306416293
Belgium,CHN->Partner,2012-11,2.9999999999999964
Belgium,CHN->Partner,2012-12,2.5749637253381046
Belgium,CHN->Partner,2013-01,2.1628314388746723
Belgium,CHN->Partner,2013-02,1.7632113789616959
Belgium,CHN->Partner,2013-03,1.3757236777305408
Belgium,CHN->Partner,2013-04,1.0
Belgium,CHN->Partner,2013-05,2.578181191654581
Belgium,CHN->Partner,2013-06,2.272142128775288
Belgium,CHN->Partner,2013-07,3.5
Belgium,CHN->Partner,2013-08,1.9000000000000004
Belgium,CHN->Partner,2013-09,-0.07259046400551128
Belgium,CHN->Partner,2013-10,1.3000000000000025
Belgium,CHN->Partner,2013-11,5.333333333333332
Belgium,CHN->Partner,2013-12,7.9999999999999964
Belgium,CHN->Partner,2014-01,2.720932405998317
Belgium,CHN->Partner,2014-02,6.299999999999994
Belgium,CHN->Partner,2014-03,3.379693268193874
Belgium,CHN->Partner,2014-04,1.9203168541233602
Belgium,CHN->Partner,2014-05,2.716909026734628
Belgium,CHN->Partner,2014-06,3.5626144754853293
Belgium,CHN->Partner,2014-07,4.460461241543934
Belgium,CHN->Partner,2014-08,5.413664057622185
Belgium,CHN->Partner,2014-09,6.425635858298268
Belgium,CHN->Partner,2014-10,7.4999999999999964
Belgium,CHN->Partner,2014-11,5.321764610482525
Belgium,CHN->Partner,2014-12,3.3999999999999986
Belgium,CHN->Partner,2015-01,3.1541452660842157
Belgium,CHN->Partner,2015-02,2.9124880703759874
Belgium,CHN->Partner,2015-03,2.6749567472753775
Belgium,CHN->Partner,2015-04,6.9999999999999964
Belgium,CHN->Partner,2015-05,5.081902874416912
Belgium,CHN->Partner,2015-06,3.368200003454387
Belgium,CHN->Partner,2015-07,1.2683729623993258
Belgium,CHN->Partner,2015-08,3.08525456353825
Belgium,CHN->Partner,2015-09,5.17120678738112
Belgium,CHN->Partner,2015-10,6.9999999999999964
Belgium,CHN->Partner,2015-11,6.276610150645457
Belgium,CHN->Partner,2015-12,5.582292127632538
Belgium,CHN->Partner,2016-01,4.915877582956915
Belgium,CHN->Partner,2016-02,4.276245122563553
Belgium,CHN->Partner,2016-03,3.6623184193460947
Belgium,CHN->Partner,2016-04,1.85372829155712
Belgium,CHN->Partner,2016-05,2.67604687821645
Belgium,CHN->Partner,2016-06,2.8205928984887088
Belgium,CHN->Partner,2016-07,2.966666666666667
Belgium,CHN->Partner,2016-08,7.9999999999999964
Belgium,CHN->Partner,2016-09,5.724922493286709
Belgium,CHN->Partner,2016-10,3.7222648634972533
Belgium,CHN->Partner,2016-11,3.3209776056793956
Belgium,CHN->Partner,2016-12,2.9306283023664967
Belgium,CHN->Partner,2017-01,2.55091881588681
Belgium,CHN->Partner,2017-02,2.6989887021750025
Belgium,CHN->Partner,2017-03,2.8486765371442626
Belgium,CHN->Partner,2017-04,2.9999999999999964
Belgium,CHN->Partner,2017-05,3.6096828531835836
Belgium,CHN->Partner,2017-06,2.669929766991803
Belgium,CHN->Partner,2017-07,6.124802420154577
Belgium,CHN->Partner,2017-08,2.8000000000000025
Belgium,CHN->Partner,2017-09,2.103348213550369
Belgium,CHN->Partner,2017-10,1.4418648119966324
Belgium,CHN->Partner,2017-11,1.7023536478351158
Belgium,CHN->Partner,2017-12,1.9682962025993174
Belgium,CHN->Partner,2018-01,2.2398066579585905
Belgium,CHN->Partner,2018-02,2.517001586144337
Belgium,CHN->Partner,2018-03,2.8000000000000025
Belgium,CHN->Partner,2018-04,2.8747972958166166
Belgium,CHN->Partner,2018-05,2.9499999999999993
Belgium,CHN->Partner,2018-06,1.0
Belgium,CHN->Partner,2018-07,3.5
Belgium,CHN->Partner,2018-08,2.6766223900493795
Belgium,CHN->Partner,2018-09,1.9000000000000004
Belgium,CHN->Partner,2018-10,3.0357470374477717
Belgium,CHN->Partner,2018-11,1.6494077421397346
Belgium,CHN->Partner,2018-12,0.40000000000000036
Belgium,CHN->Partner,2019-01,1.3445735529147864
Belgium,CHN->Partner,2019-02,2.367411947659937
Belgium,CHN->Partner,2019-03,3.4749999999999996
Belgium,CHN->Partner,2019-04,2.1385936185792964
Belgium,CHN->Partner,2019-05,1.9000000000000004
Belgium,CHN->Partner,2019-06,3.3516549568333787
Belgium,CHN->Partner,2019-07,4.966666666666667
Belgium,CHN->Partner,2019-08,0.9874934827928055
Belgium,CHN->Partner,2019-09,-1.9999999999999982
Belgium,CHN->Partner,2019-10,3.25
Belgium,CHN->Partner,2019-11,-0.37714454876122616
Belgium,CHN->Partner,2019-12,1.3916949731423767
Belgium,CHN->Partner,2020-01,1.9282032302755105
Belgium,CHN->Partner,2020-02,3.5
Belgium,CHN->Partner,2020-03,2.1909059582729196
Belgium,CHN->Partner,2020-04,1.0
Belgium,CHN->Partner,2020-05,1.9269020595281727
Belgium,CHN->Partner,2020-06,2.925399738052807
Belgium,CHN->Partner,2020-07,1.0
Belgium,CHN->Partner,2020-08,1.837493598430946
Belgium,CHN->Partner,2020-09,2.733436824146297
Belgium,CHN->Partner,2020-10,4.3027925087199215
Belgium,CHN->Partner,2020-11,6.051482565034586
Belgium,CHN->Partner,2020-12,7.9999999999999964
Belgium,CHN->Partner,2021-01,7.9999999999999964
Belgium,CHN->Partner,2021-02,3.5
Belgium,CHN->Partner,2021-03,2.0
Belgium,CHN->Partner,2021-04,1.0
Belgium,CHN->Partner,2021-05,0.40000000000000036
Belgium,CHN->Partner,2021-06,-1.9999999999999982
Belgium,CHN->Partner,2021-07,2.8000000000000025
Belgium,CHN->Partner,2021-08,3.5
Belgium,CHN->Partner,2021-09,3.118697144825102
Belgium,CHN->Partner,2021-10,2.74742131498569
Belgium,CHN->Partner,2021-11,-4.400000000000001
Belgium,CHN->Partner,2021-12,4.499999999999998
Belgium,CHN->Partner,2022-01,4.331508394444699
Belgium,CHN->Partner,2022-02,4.164848364446991
Belgium,CHN->Partner,2022-03,4.0
Belgium,CHN->Partner,2022-04,1.3752736830464816
Belgium,CHN->Partner,2022-05,1.3000000000000025
Belgium,CHN->Partner,2022-06,2.9999999999999964
Belgium,CHN->Partner,2022-07,7.66064147944833
Belgium,CHN->Partner,2022-08,6.669234781901135
Belgium,CHN->Partner,2022-09,5.730499759174116
Belgium,CHN->Partner,2022-10,4.841638058850215
Belgium,CHN->Partner,2022-11,4.0
Belgium,CHN->Partner,2022-12,2.2941156048852474
Belgium,CHN->Partner,2023-01,1.749537854672127
Belgium,CHN->Partner,2023-02,1.2272680890471879
Belgium,CHN->Partner,2023-03,2.350000000000003
Belgium,CHN->Partner,2023-04,2.350000000000003
Belgium,Partner->CHN,2002-01,
Belgium,Partner->CHN,2002-02,
Belgium,Partner->CHN,2002-03,2.512845753429584
Belgium,Partner->CHN,2002-04,3.3999999999999986
Belgium,Partner->CHN,2002-05,3.281968415490022
Belgium,Partner->CHN,2002-06,3.1649042931287887
Belgium,Partner->CHN,2002-07,3.048799702979478
Belgium,Partner->CHN,2002-08,2.9336467801040644
Belgium,Partner->CHN,2002-09,2.819437724030591
Belgium,Partner->CHN,2002-10,2.706164798224737
Belgium,Partner->CHN,2002-11,1.0
Belgium,Partner->CHN,2002-12,0.8643850100502775
Belgium,Partner->CHN,2003-01,0.7303026388921481
Belgium,Partner->CHN,2003-02,0.5977355660187662
Belgium,Partner->CHN,2003-03,0.46666666666666856
Belgium,Partner->CHN,2003-04,-1.1273293099380108
Belgium,Partner->CHN,2003-05,1.9000000000000004
Belgium,Partner->CHN,2003-06,0.44126320672226704
Belgium,Partner->CHN,2003-07,-0.8525190879459927
Belgium,Partner->CHN,2003-08,-1.9999999999999982
Belgium,Partner->CHN,2003-09,1.0827612359605485
Belgium,Partner->CHN,2003-10,2.2363151186962895
Belgium,Partner->CHN,2003-11,3.5
Belgium,Partner->CHN,2003-12,1.775459407943405
Belgium,Partner->CHN,2004-01,2.32622121724528
Belgium,Partner->CHN,2004-02,2.900726874881638
Belgium,Partner->CHN,2004-03,3.5
Belgium,Partner->CHN,2004-04,3.326070661102417
Belgium,Partner->CHN,2004-05,3.1542276266827134
Belgium,Partner->CHN,2004-06,2.8000000000000025
Belgium,Partner->CHN,2004-07,2.8000000000000025
Belgium,Partner->CHN,2004-08,2.8000000000000025
Belgium,Partner->CHN,2004-09,2.8000000000000025
Belgium,Partner->CHN,2004-10,2.8000000000000025
Belgium,Partner->CHN,2004-11,3.634626031488608
Belgium,Partner->CHN,2004-12,2.8535137690504087
Belgium,Partner->CHN,2005-01,2.1140927917341266
Belgium,Partner->CHN,2005-02,1.4141378582540831
Belgium,Partner->CHN,2005-03,3.338963018689091
Belgium,Partner->CHN,2005-04,-4.000000000000001
Belgium,Partner->CHN,2005-05,-0.9339583638921081
Belgium,Partner->CHN,2005-06,4.02495155074863
Belgium,Partner->CHN,2005-07,4.016629758869055
Belgium,Partner->CHN,2005-08,4.008312576137126
Belgium,Partner->CHN,2005-09,4.0
Belgium,Partner->CHN,2005-10,1.0
Belgium,Partner->CHN,2005-11,1.0
Belgium,Partner->CHN,2005-12,1.8685663537163286
Belgium,Partner->CHN,2006-01,2.8000000000000025
Belgium,Partner->CHN,2006-02,1.5193356240682778
Belgium,Partner->CHN,2006-03,0.3575191643525386
Belgium,Partner->CHN,2006-04,1.119424969285296
Belgium,Partner->CHN,2006-05,1.9324423283514847
Belgium,Partner->CHN,2006-06,2.8000000000000025
Belgium,Partner->CHN,2006-07,2.744219278020717
Belgium,Partner->CHN,2006-08,2.6886640262548074
Belgium,Partner->CHN,2006-09,2.633333333333331
Belgium,Partner->CHN,2006-10,2.32763633939717
Belgium,Partner->CHN,2006-11,4.053532705806775
Belgium,Partner->CHN,2006-12,0.8000049544151118
Belgium,Partner->CHN,2007-01,1.8530179087174492
Belgium,Partner->CHN,2007-02,2.9999999999999964
Belgium,Partner->CHN,2007-03,1.0
Belgium,Partner->CHN,2007-04,0.3806005802955639
Belgium,Partner->CHN,2007-05,-0.20682753598135228
Belgium,Partner->CHN,2007-06,3.3133463974329818
Belgium,Partner->CHN,2007-07,1.9000000000000004
Belgium,Partner->CHN,2007-08,-0.22502900235921608
Belgium,Partner->CHN,2007-09,-1.9999999999999982
Belgium,Partner->CHN,2007-10,2.8000000000000025
Belgium,Partner->CHN,2007-11,4.0
Belgium,Partner->CHN,2007-12,4.0
Belgium,Partner->CHN,2008-01,2.6000000000000014
Belgium,Partner->CHN,2008-02,2.0239255423895717
Belgium,Partner->CHN,2008-03,1.472252686302017
Belgium,Partner->CHN,2008-04,0.6999999999999993
Belgium,Partner->CHN,2008-05,3.849315819952963
Belgium,Partner->CHN,2008-06,3.5295152214281824
Belgium,Partner->CHN,2008-07,3.2166019720618895
Belgium,Partner->CHN,2008-08,2.910427743243556
Belgium,Partner->CHN,2008-09,3.153097169973334
Belgium,Partner->CHN,2008-10,3.3999999999999986
Belgium,Partner->CHN,2008-11,0.2666666666666675
Belgium,Partner->CHN,2008-12,1.322419436408401
Belgium,Partner->CHN,2009-01,3.0238072898029547
Belgium,Partner->CHN,2009-02,4.533333333333333
Belgium,Partner->CHN,2009-03,3.6410382145529567
Belgium,Partner->CHN,2009-04,2.8000000000000025
Belgium,Partner->CHN,2009-05,2.8000000000000025
Belgium,Partner->CHN,2009-06,1.0
Belgium,Partner->CHN,2009-07,1.426696916099468
Belgium,Partner->CHN,2009-08,1.8685663537163286
Belgium,Partner->CHN,2009-09,2.326147818529005
Belgium,Partner->CHN,2009-10,2.8000000000000025
Belgium,Partner->CHN,2009-11,1.8685663537163286
Belgium,Partner->CHN,2009-12,3.3999999999999986
Belgium,Partner->CHN,2010-01,-5.0
Belgium,Partner->CHN,2010-02,3.799999999999997
Belgium,Partner->CHN,2010-03,3.2353539254973036
Belgium,Partner->CHN,2010-04,2.692250093525109
Belgium,Partner->CHN,2010-05,2.746019470764857
Belgium,Partner->CHN,2010-06,2.8000000000000025
Belgium,Partner->CHN,2010-07,0.9166819450763697
Belgium,Partner->CHN,2010-08,1.8238142080292885
Belgium,Partner->CHN,2010-09,2.8000000000000025
Belgium,Partner->CHN,2010-10,2.351624132394127
Belgium,Partner->CHN,2010-11,2.9999999999999964
Belgium,Partner->CHN,2010-12,1.9186238218287546
Belgium,Partner->CHN,2011-01,0.9207743892800959
Belgium,Partner->CHN,2011-02,1.7763568394002505e-15
Belgium,Partner->CHN,2011-03,4.0
Belgium,Partner->CHN,2011-04,3.0037389419997105
Belgium,Partner->CHN,2011-05,2.0736469570452787
Belgium,Partner->CHN,2011-06,1.3148054895833958
Belgium,Partner->CHN,2011-07,0.60000990883022
Belgium,Partner->CHN,2011-08,0.6492702609500469
Belgium,Partner->CHN,2011-09,0.6987398010197197
Belgium,Partner->CHN,2011-10,1.610647837636014
Belgium,Partner->CHN,2011-11,1.0
Belgium,Partner->CHN,2011-12,0.1112248531483413
Belgium,Partner->CHN,2012-01,-0.7117235218982199
Belgium,Partner->CHN,2012-02,1.5809283706004926
Belgium,Partner->CHN,2012-03,2.9933493979337573
Belgium,Partner->CHN,2012-04,4.5643384656920105
Belgium,Partner->CHN,2012-05,3.1548995935475883
Belgium,Partner->CHN,2012-06,0.47071686202281526
Belgium,Partner->CHN,2012-07,1.2816255538522867
Belgium,Partner->CHN,2012-08,2.149860471618144
Belgium,Partner->CHN,2012-09,3.0794742247118183
Belgium,Partner->CHN,2012-10,3.0396808776398263
Belgium,Partner->CHN,2012-11,2.9999999999999964
Belgium,Partner->CHN,2012-12,3.098946085156401
Belgium,Partner->CHN,2013-01,3.198591479439079
Belgium,Partner->CHN,2013-02,3.298941125269476
Belgium,Partner->CHN,2013-03,3.3999999999999986
Belgium,Partner->CHN,2013-04,1.0
Belgium,Partner->CHN,2013-05,0.9164428703110818
Belgium,Partner->CHN,2013-06,1.3414229770473192
Belgium,Partner->CHN,2013-07,3.5
Belgium,Partner->CHN,2013-08,0.26666666666667105
Belgium,Partner->CHN,2013-09,1.8250641018617024
Belgium,Partner->CHN,2013-10,1.1999999999999993
Belgium,Partner->CHN,2013-11,1.1839438630013799
Belgium,Partner->CHN,2013-12,7.9999999999999964
Belgium,Partner->CHN,2014-01,1.8685663537163286
Belgium,Partner->CHN,2014-02,2.0850748332955327
Belgium,Partner->CHN,2014-03,2.3052259814083733
Belgium,Partner->CHN,2014-04,2.704899593547591
Belgium,Partner->CHN,2014-05,3.4076064320298123
Belgium,Partner->CHN,2014-06,4.146343954099242
Belgium,Partner->CHN,2014-07,4.92295960180237
Belgium,Partner->CHN,2014-08,5.739395543174069
Belgium,Partner->CHN,2014-09,6.597693529230483
Belgium,Partner->CHN,2014-10,7.4999999999999964
Belgium,Partner->CHN,2014-11,4.556505516437744
Belgium,Partner->CHN,2014-12,2.0813439936734
Belgium,Partner->CHN,2015-01,1.7763568394002505e-15
Belgium,Partner->CHN,2015-02,1.004165943538105
Belgium,Partner->CHN,2015-03,2.100000000000003
Belgium,Partner->CHN,2015-04,6.9999999999999964
Belgium,Partner->CHN,2015-05,4.716935171314848
Belgium,Partner->CHN,2015-06,2.7234472877396456
Belgium,Partner->CHN,2015-07,1.5337132707432648
Belgium,Partner->CHN,2015-08,2.4566140392997937
Belgium,Partner->CHN,2015-09,3.447471191587418
Belgium,Partner->CHN,2015-10,6.9999999999999964
Belgium,Partner->CHN,2015-11,1.7763568394002505e-15
Belgium,Partner->CHN,2015-12,1.7763568394002505e-15
Belgium,Partner->CHN,2016-01,0.0068480086939644025
Belgium,Partner->CHN,2016-02,0.013700280590031255
Belgium,Partner->CHN,2016-03,0.020556818342228667
Belgium,Partner->CHN,2016-04,2.212526245332935
Belgium,Partner->CHN,2016-05,2.6921415884290845
Belgium,Partner->CHN,2016-06,3.0416109785657746
Belgium,Partner->CHN,2016-07,3.400000000000004
Belgium,Partner->CHN,2016-08,7.9999999999999964
Belgium,Partner->CHN,2016-09,5.52398419534255
Belgium,Partner->CHN,2016-10,3.3706344046279177
Belgium,Partner->CHN,2016-11,2.8925758922284004
Belgium,Partner->CHN,2016-12,2.430420640244728
Belgium,Partner->CHN,2017-01,1.9836396052956022
Belgium,Partner->CHN,2017-02,0.9507336870274052
Belgium,Partner->CHN,2017-03,1.7763568394002505e-15
Belgium,Partner->CHN,2017-04,1.2282805814299156
Belgium,Partner->CHN,2017-05,2.593713270743267
Belgium,Partner->CHN,2017-06,3.2521749401170457
Belgium,Partner->CHN,2017-07,2.5
Belgium,Partner->CHN,2017-08,1.9000000000000004
Belgium,Partner->CHN,2017-09,1.8842735908137467
Belgium,Partner->CHN,2017-10,1.8685663537163286
Belgium,Partner->CHN,2017-11,1.40997238097491
Belgium,Partner->CHN,2017-12,0.9677212102251005
Belgium,Partner->CHN,2018-01,0.5412304370028078
Belgium,Partner->CHN,2018-02,1.1384942193174208
Belgium,Partner->CHN,2018-03,1.7666666666666675
Belgium,Partner->CHN,2018-04,2.273281433014221
Belgium,Partner->CHN,2018-05,2.8000000000000025
Belgium,Partner->CHN,2018-06,-2.7500000000000018
Belgium,Partner->CHN,2018-07,3.5
Belgium,Partner->CHN,2018-08,3.1456707158056005
Belgium,Partner->CHN,2018-09,2.8000000000000025
Belgium,Partner->CHN,2018-10,3.2732095688390963
Belgium,Partner->CHN,2018-11,-1.9999999999999982
Belgium,Partner->CHN,2018-12,0.40000000000000036
Belgium,Partner->CHN,2019-01,1.1496265698365686
Belgium,Partner->CHN,2019-02,1.9485461216209394
Belgium,Partner->CHN,2019-03,2.8000000000000025
Belgium,Partner->CHN,2019-04,2.1861880607552155
Belgium,Partner->CHN,2019-05,2.8000000000000025
Belgium,Partner->CHN,2019-06,2.8729833462074197
Belgium,Partner->CHN,2019-07,2.5
Belgium,Partner->CHN,2019-08,2.349157276772196
Belgium,Partner->CHN,2019-09,2.1999999999999993
Belgium,Partner->CHN,2019-10,-0.1666666666666643
Belgium,Partner->CHN,2019-11,0.9472882706655419
Belgium,Partner->CHN,2019-12,2.622261280012607
Belgium,Partner->CHN,2020-01,1.0
Belgium,Partner->CHN,2020-02,6.9999999999999964
Belgium,Partner->CHN,2020-03,3.696938456699071
Belgium,Partner->CHN,2020-04,1.0
Belgium,Partner->CHN,2020-05,0.9618721820361245
Belgium,Partner->CHN,2020-06,0.9238655082807998
Belgium,Partner->CHN,2020-07,6.9999999999999964
Belgium,Partner->CHN,2020-08,5.061362827581853
Belgium,Partner->CHN,2020-09,3.3315208821793423
Belgium,Partner->CHN,2020-10,0.35709857048067306
Belgium,Partner->CHN,2020-11,-1.9999999999999982
Belgium,Partner->CHN,2020-12,7.9999999999999964
Belgium,Partner->CHN,2021-01,4.0
Belgium,Partner->CHN,2021-02,3.5
Belgium,Partner->CHN,2021-03,-3.8500000000000014
Belgium,Partner->CHN,2021-04,1.4023798490663602
Belgium,Partner->CHN,2021-05,-2.2499999999999982
Belgium,Partner->CHN,2021-06,1.7763568394002505e-15
Belgium,Partner->CHN,2021-07,1.0999999999999996
Belgium,Partner->CHN,2021-08,3.5
Belgium,Partner->CHN,2021-09,2.860916275629112
Belgium,Partner->CHN,2021-10,2.25
Belgium,Partner->CHN,2021-11,0.6472864181564901
Belgium,Partner->CHN,2021-12,-0.761563705164324
Belgium,Partner->CHN,2022-01,-1.9999999999999982
Belgium,Partner->CHN,2022-02,1.7763568394002505e-15
Belgium,Partner->CHN,2022-03,4.0
Belgium,Partner->CHN,2022-04,1.0327294292783975
Belgium,Partner->CHN,2022-05,1.6000000000000032
Belgium,Partner->CHN,2022-06,4.333756312171161
Belgium,Partner->CHN,2022-07,7.66064147944833
Belgium,Partner->CHN,2022-08,6.669234781901135
Belgium,Partner->CHN,2022-09,5.730499759174116
Belgium,Partner->CHN,2022-10,4.841638058850215
Belgium,Partner->CHN,2022-11,4.0
Belgium,Partner->CHN,2022-12,2.1198970787180915
Belgium,Partner->CHN,2023-01,1.7763568394002505e-15
Belgium,Partner->CHN,2023-02,2.0483203748415306
Belgium,Partner->CHN,2023-03,-0.09999999999999964
Belgium,Partner->CHN,2023-04,1.700000000000001
Brazil,Aggregated,2002-01,2.3424135747622508
Brazil,Aggregated,2002-02,-1.9999999999999982
Brazil,Aggregated,2002-03,0.423659658795863
Brazil,Aggregated,2002-04,3.5
Brazil,Aggregated,2002-05,3.4499134945507564
Brazil,Aggregated,2002-06,3.3999999999999986
Brazil,Aggregated,2002-07,-5.0
Brazil,Aggregated,2002-08,1.0801716243990391
Brazil,Aggregated,2002-09,1.6956152220693692
Brazil,Aggregated,2002-10,2.3424135747622508
Brazil,Aggregated,2002-11,7.9999999999999964
Brazil,Aggregated,2002-12,4.835555243737655
Brazil,Aggregated,2003-01,2.1981478882877408
Brazil,Aggregated,2003-02,1.7763568394002505e-15
Brazil,Aggregated,2003-03,1.97886285853229
Brazil,Aggregated,2003-04,4.0
Brazil,Aggregated,2003-05,0.4999999999999982
Brazil,Aggregated,2003-06,6.399999999999999
Brazil,Aggregated,2003-07,5.199999999999996
Brazil,Aggregated,2003-08,-2.5
Brazil,Aggregated,2003-09,1.0
Brazil,Aggregated,2003-10,1.5000000000000018
Brazil,Aggregated,2003-11,1.8928421359721561
Brazil,Aggregated,2003-12,3.171206787381127
Brazil,Aggregated,2004-01,2.2260598989287246
Brazil,Aggregated,2004-02,5.199999999999996
Brazil,Aggregated,2004-03,2.2974424671538376
Brazil,Aggregated,2004-04,3.5244440857853228
Brazil,Aggregated,2004-05,2.804994564704346
Brazil,Aggregated,2004-06,1.0420906021546816
Brazil,Aggregated,2004-07,1.6712067873811236
Brazil,Aggregated,2004-08,3.1369756150663157
Brazil,Aggregated,2004-09,4.247471191587419
Brazil,Aggregated,2004-10,3.0240376628019217
Brazil,Aggregated,2004-11,3.1235933025795326
Brazil,Aggregated,2004-12,3.208222713802048
Brazil,Aggregated,2005-01,2.3424135747622508
Brazil,Aggregated,2005-02,3.0913748818666953
Brazil,Aggregated,2005-03,3.3999999999999986
Brazil,Aggregated,2005-04,1.7686424858134249
Brazil,Aggregated,2005-05,2.5
Brazil,Aggregated,2005-06,2.8240381056766584
Brazil,Aggregated,2005-07,2.1903067371924454
Brazil,Aggregated,2005-08,1.7487950057817994
Brazil,Aggregated,2005-09,1.9776557668675228
Brazil,Aggregated,2005-10,0.19891569793146502
Brazil,Aggregated,2005-11,2.416211647687847
Brazil,Aggregated,2005-12,3.446758064190341
Brazil,Aggregated,2006-01,1.0
Brazil,Aggregated,2006-02,3.140091518201933
Brazil,Aggregated,2006-03,3.2850819657380512
Brazil,Aggregated,2006-04,4.0
Brazil,Aggregated,2006-05,3.0794834778733318
Brazil,Aggregated,2006-06,2.583333333333332
Brazil,Aggregated,2006-07,2.348329016519939
Brazil,Aggregated,2006-08,2.3813407071420443
Brazil,Aggregated,2006-09,1.8094235220340984
Brazil,Aggregated,2006-10,3.020241548466595
Brazil,Aggregated,2006-11,2.3424135747622508
Brazil,Aggregated,2006-12,2.8854481448573512
Brazil,Aggregated,2007-01,0.24614006493949603
Brazil,Aggregated,2007-02,-4.552005338962153
Brazil,Aggregated,2007-03,0.1999999999999975
Brazil,Aggregated,2007-04,1.1263051343494492
Brazil,Aggregated,2007-05,1.7499999999999964
Brazil,Aggregated,2007-06,2.176016037150122
Brazil,Aggregated,2007-07,-0.8178489800374571
Brazil,Aggregated,2007-08,4.177636679194867
Brazil,Aggregated,2007-09,3.8904022624603734
Brazil,Aggregated,2007-10,1.7763568394002505e-15
Brazil,Aggregated,2007-11,-0.4343538477669764
Brazil,Aggregated,2007-12,1.7763568394002505e-15
Brazil,Aggregated,2008-01,1.2500000000000018
Brazil,Aggregated,2008-02,4.0
Brazil,Aggregated,2008-03,2.7004712931493344
Brazil,Aggregated,2008-04,2.5714285714285676
Brazil,Aggregated,2008-05,2.253418456224667
Brazil,Aggregated,2008-06,1.6692610213606418
Brazil,Aggregated,2008-07,1.6166205746949434
Brazil,Aggregated,2008-08,2.319166123813755
Brazil,Aggregated,2008-09,-0.028571428571426694
Brazil,Aggregated,2008-10,1.854101966249683
Brazil,Aggregated,2008-11,2.408644066079546
Brazil,Aggregated,2008-12,3.25
Brazil,Aggregated,2009-01,3.3201226891544913
Brazil,Aggregated,2009-02,3.0336656336223733
Brazil,Aggregated,2009-03,3.1395933556400824
Brazil,Aggregated,2009-04,1.7739236427277234
Brazil,Aggregated,2009-05,2.237737612755291
Brazil,Aggregated,2009-06,2.306641682996471
Brazil,Aggregated,2009-07,2.1172848470640737
Brazil,Aggregated,2009-08,3.037664712554813
Brazil,Aggregated,2009-09,3.722209906451379
Brazil,Aggregated,2009-10,-6.5
Brazil,Aggregated,2009-11,1.632812360669904
Brazil,Aggregated,2009-12,-0.03489187799494964
Brazil,Aggregated,2010-01,1.7919838050318884
Brazil,Aggregated,2010-02,1.541626166675231
Brazil,Aggregated,2010-03,2.835603393690562
Brazil,Aggregated,2010-04,3.4358001103531883
Brazil,Aggregated,2010-05,1.799999999999999
Brazil,Aggregated,2010-06,1.0999999999999996
Brazil,Aggregated,2010-07,-2.5
Brazil,Aggregated,2010-08,0.7808045249207503
Brazil,Aggregated,2010-09,2.8097580989263786
Brazil,Aggregated,2010-10,1.5000000000000018
Brazil,Aggregated,2010-11,1.1803693568647233
Brazil,Aggregated,2010-12,4.0
Brazil,Aggregated,2011-01,2.333313727359551
Brazil,Aggregated,2011-02,1.5000000000000018
Brazil,Aggregated,2011-03,2.1767692882451115
Brazil,Aggregated,2011-04,2.521414661851022
Brazil,Aggregated,2011-05,2.9141378582540813
Brazil,Aggregated,2011-06,2.5
Brazil,Aggregated,2011-07,1.0
Brazil,Aggregated,2011-08,3.7499999999999947
Brazil,Aggregated,2011-09,2.6761600122998352
Brazil,Aggregated,2011-10,4.0
Brazil,Aggregated,2011-11,1.7455525451404856
Brazil,Aggregated,2011-12,0.6684827149524519
Brazil,Aggregated,2012-01,1.7505764260955328
Brazil,Aggregated,2012-02,2.9330196709611887
Brazil,Aggregated,2012-03,2.425948188011537
Brazil,Aggregated,2012-04,0.6267018113533833
Brazil,Aggregated,2012-05,4.23356484634574
Brazil,Aggregated,2012-06,3.247591958342566
Brazil,Aggregated,2012-07,-2.666666666666668
Brazil,Aggregated,2012-08,0.18033988749894547
Brazil,Aggregated,2012-09,4.0
Brazil,Aggregated,2012-10,1.2500000000000018
Brazil,Aggregated,2012-11,2.0666666666666664
Brazil,Aggregated,2012-12,2.158014034546909
Brazil,Aggregated,2013-01,2.25
Brazil,Aggregated,2013-02,3.2142857142857153
Brazil,Aggregated,2013-03,1.951078768196579
Brazil,Aggregated,2013-04,2.25
Brazil,Aggregated,2013-05,1.5856033936905636
Brazil,Aggregated,2013-06,1.6853216280382615
Brazil,Aggregated,2013-07,1.4402943639636892
Brazil,Aggregated,2013-08,1.1999999999999993
Brazil,Aggregated,2013-09,1.3393812010494752
Brazil,Aggregated,2013-10,1.5709545326193588
Brazil,Aggregated,2013-11,1.8068738039913033
Brazil,Aggregated,2013-12,-1.4045470208635393
Brazil,Aggregated,2014-01,-0.619082322130696
Brazil,Aggregated,2014-02,0.23067895481444012
Brazil,Aggregated,2014-03,1.1499999999999986
Brazil,Aggregated,2014-04,2.0912695224627367
Brazil,Aggregated,2014-05,2.1999999999999993
Brazil,Aggregated,2014-06,2.9789201100658644
Brazil,Aggregated,2014-07,2.979119892166443
Brazil,Aggregated,2014-08,3.171206787381127
Brazil,Aggregated,2014-09,0.7808045249207503
Brazil,Aggregated,2014-10,1.446603817075685
Brazil,Aggregated,2014-11,2.4243551100035905
Brazil,Aggregated,2014-12,1.8292934559049776
Brazil,Aggregated,2015-01,2.0
Brazil,Aggregated,2015-02,-0.40000000000000036
Brazil,Aggregated,2015-03,1.9692438470289826
Brazil,Aggregated,2015-04,3.2210412226518716
Brazil,Aggregated,2015-05,4.234869387059719
Brazil,Aggregated,2015-06,1.4995478819926795
Brazil,Aggregated,2015-07,2.474501404805716
Brazil,Aggregated,2015-08,0.33333333333333215
Brazil,Aggregated,2015-09,3.245264167806548
Brazil,Aggregated,2015-10,0.6666666666666661
Brazil,Aggregated,2015-11,1.628815003408107
Brazil,Aggregated,2015-12,2.0
Brazil,Aggregated,2016-01,1.0
Brazil,Aggregated,2016-02,2.8284827149524503
Brazil,Aggregated,2016-03,4.0
Brazil,Aggregated,2016-04,1.7348469228349526
Brazil,Aggregated,2016-05,2.080804524920749
Brazil,Aggregated,2016-06,0.13333333333333286
Brazil,Aggregated,2016-07,3.0684827149524505
Brazil,Aggregated,2016-08,3.5895642833515673
Brazil,Aggregated,2016-09,2.3025481862733184
Brazil,Aggregated,2016-10,2.912254344320905
Brazil,Aggregated,2016-11,1.0
Brazil,Aggregated,2016-12,3.333333333333334
Brazil,Aggregated,2017-01,-1.0000000000000018
Brazil,Aggregated,2017-02,1.0
Brazil,Aggregated,2017-03,0.48994118498446504
Brazil,Aggregated,2017-04,0.7422014213610559
Brazil,Aggregated,2017-05,1.0
Brazil,Aggregated,2017-06,2.9621215595071995
Brazil,Aggregated,2017-07,2.434459438042726
Brazil,Aggregated,2017-08,2.985013993808691
Brazil,Aggregated,2017-09,1.696005220625672
Brazil,Aggregated,2017-10,2.3424135747622508
Brazil,Aggregated,2017-11,4.92186728749121
Brazil,Aggregated,2017-12,7.9999999999999964
Brazil,Aggregated,2018-01,1.6513617784964154
Brazil,Aggregated,2018-02,1.8478406880418152
Brazil,Aggregated,2018-03,2.0473709656985672
Brazil,Aggregated,2018-04,2.25
Brazil,Aggregated,2018-05,2.529215384475796
Brazil,Aggregated,2018-06,3.4166666666666643
Brazil,Aggregated,2018-07,2.1967185922397796
Brazil,Aggregated,2018-08,-1.3333333333333304
Brazil,Aggregated,2018-09,1.2342338140114553
Brazil,Aggregated,2018-10,4.483773484403576
Brazil,Aggregated,2018-11,3.200214652140085
Brazil,Aggregated,2018-12,1.0
Brazil,Aggregated,2019-01,1.7217362411833808
Brazil,Aggregated,2019-02,0.7238163371927389
Brazil,Aggregated,2019-03,2.7644631483416298
Brazil,Aggregated,2019-04,0.6031583397703777
Brazil,Aggregated,2019-05,2.3909949258043213
Brazil,Aggregated,2019-06,0.5945247300011847
Brazil,Aggregated,2019-07,2.121100880428491
Brazil,Aggregated,2019-08,0.4856033936905657
Brazil,Aggregated,2019-09,2.687801527900028
Brazil,Aggregated,2019-10,2.175899813952215
Brazil,Aggregated,2019-11,2.230452396138512
Brazil,Aggregated,2019-12,2.7592918243629505
Brazil,Aggregated,2020-01,2.1356033936905607
Brazil,Aggregated,2020-02,1.6234159241128658
Brazil,Aggregated,2020-03,1.744972424991536
Brazil,Aggregated,2020-04,1.0758479865115937
Brazil,Aggregated,2020-05,-0.3558617609491108
Brazil,Aggregated,2020-06,0.46666666666666856
Brazil,Aggregated,2020-07,-1.5333333333333314
Brazil,Aggregated,2020-08,-3.1999999999999984
Brazil,Aggregated,2020-09,2.2303019860909714
Brazil,Aggregated,2020-10,2.2119341965386123
Brazil,Aggregated,2020-11,2.8488109004317543
Brazil,Aggregated,2020-12,0.8000000000000007
Brazil,Aggregated,2021-01,-0.0627944974821375
Brazil,Aggregated,2021-02,0.11180736377739287
Brazil,Aggregated,2021-03,-0.3793597635991741
Brazil,Aggregated,2021-04,1.1895105945986604
Brazil,Aggregated,2021-05,-3.55672876070326
Brazil,Aggregated,2021-06,0.6699323569070952
Brazil,Aggregated,2021-07,3.022780045835585
Brazil,Aggregated,2021-08,5.850000000000001
Brazil,Aggregated,2021-09,-0.16226640360943279
Brazil,Aggregated,2021-10,1.4018105756507193
Brazil,Aggregated,2021-11,6.9999999999999964
Brazil,Aggregated,2021-12,5.099689437998482
Brazil,Aggregated,2022-01,3.3999999999999986
Brazil,Aggregated,2022-02,3.3999999999999986
Brazil,Aggregated,2022-03,1.5283678106926626
Brazil,Aggregated,2022-04,-0.09999999999999964
Brazil,Aggregated,2022-05,3.0152267476519725
Brazil,Aggregated,2022-06,2.6096732386670087
Brazil,Aggregated,2022-07,3.2142857142857153
Brazil,Aggregated,2022-08,-0.23724117396607447
Brazil,Aggregated,2022-09,0.9628398965955931
Brazil,Aggregated,2022-10,0.4182315860738246
Brazil,Aggregated,2022-11,4.270787749109235
Brazil,Aggregated,2022-12,2.318970988474316
Brazil,Aggregated,2023-01,2.076177299498502
Brazil,Aggregated,2023-02,2.6628846089588247
Brazil,Aggregated,2023-03,2.252316029831846
Brazil,Aggregated,2023-04,1.766092416708931
Brazil,CHN->Partner,2002-01,2.8000000000000025
Brazil,CHN->Partner,2002-02,2.9179658817942684
Brazil,CHN->Partner,2002-03,3.0369401657093693
Brazil,CHN->Partner,2002-04,3.1569314718210553
Brazil,CHN->Partner,2002-05,3.277948493891662
Brazil,CHN->Partner,2002-06,3.3999999999999986
Brazil,CHN->Partner,2002-07,2.145341380123984
Brazil,CHN->Partner,2002-08,1.0
Brazil,CHN->Partner,2002-09,1.8685663537163286
Brazil,CHN->Partner,2002-10,2.8000000000000025
Brazil,CHN->Partner,2002-11,7.9999999999999964
Brazil,CHN->Partner,2002-12,6.300344226329738
Brazil,CHN->Partner,2003-01,4.75273212365793
Brazil,CHN->Partner,2003-02,3.343562539181285
Brazil,CHN->Partner,2003-03,2.06045101893287
Brazil,CHN->Partner,2003-04,4.0
Brazil,CHN->Partner,2003-05,1.0
Brazil,CHN->Partner,2003-06,2.9427400463466995
Brazil,CHN->Partner,2003-07,5.199999999999996
Brazil,CHN->Partner,2003-08,-5.0
Brazil,CHN->Partner,2003-09,1.0
Brazil,CHN->Partner,2003-10,1.5000000000000018
Brazil,CHN->Partner,2003-11,1.8971469104350174
Brazil,CHN->Partner,2003-12,2.8000000000000025
Brazil,CHN->Partner,2004-01,3.5333333333333314
Brazil,CHN->Partner,2004-02,5.199999999999996
Brazil,CHN->Partner,2004-03,2.1076209644138277
Brazil,CHN->Partner,2004-04,3.3949453079823453
Brazil,CHN->Partner,2004-05,2.9519676726375987
Brazil,CHN->Partner,2004-06,2.255436746047213
Brazil,CHN->Partner,2004-07,1.9000000000000004
Brazil,CHN->Partner,2004-08,3.148034921383065
Brazil,CHN->Partner,2004-09,4.399999999999995
Brazil,CHN->Partner,2004-10,2.6428016968452823
Brazil,CHN->Partner,2004-11,2.9689638330117187
Brazil,CHN->Partner,2004-12,3.6500000000000004
Brazil,CHN->Partner,2005-01,1.9000000000000004
Brazil,CHN->Partner,2005-02,2.1999999999999993
Brazil,CHN->Partner,2005-03,3.3999999999999986
Brazil,CHN->Partner,2005-04,3.2666666666666693
Brazil,CHN->Partner,2005-05,4.999999999999998
Brazil,CHN->Partner,2005-06,2.586540249526271
Brazil,CHN->Partner,2005-07,2.1828689286037743
Brazil,CHN->Partner,2005-08,4.299999999999994
Brazil,CHN->Partner,2005-09,0.9853709012879737
Brazil,CHN->Partner,2005-10,-0.40962359917276103
Brazil,CHN->Partner,2005-11,2.054711649955424
Brazil,CHN->Partner,2005-12,3.3064243783283427
Brazil,CHN->Partner,2006-01,1.0
Brazil,CHN->Partner,2006-02,3.140091518201933
Brazil,CHN->Partner,2006-03,3.3380362955587213
Brazil,CHN->Partner,2006-04,4.0
Brazil,CHN->Partner,2006-05,2.902518047968428
Brazil,CHN->Partner,2006-06,1.7499999999999964
Brazil,CHN->Partner,2006-07,3.1851484393143306
Brazil,CHN->Partner,2006-08,2.8071167202067304
Brazil,CHN->Partner,2006-09,1.6481412722410553
Brazil,CHN->Partner,2006-10,2.9953067996500096
Brazil,CHN->Partner,2006-11,2.8000000000000025
Brazil,CHN->Partner,2006-12,2.424999999999997
Brazil,CHN->Partner,2007-01,1.3249999999999975
Brazil,CHN->Partner,2007-02,-4.552005338962153
Brazil,CHN->Partner,2007-03,-0.6666666666666643
Brazil,CHN->Partner,2007-04,1.8914361566464137
Brazil,CHN->Partner,2007-05,2.333333333333334
Brazil,CHN->Partner,2007-06,2.21383576157322
Brazil,CHN->Partner,2007-07,-2.5147186257614305
Brazil,CHN->Partner,2007-08,4.099668870541494
Brazil,CHN->Partner,2007-09,3.5600000000000005
Brazil,CHN->Partner,2007-10,1.7763568394002505e-15
Brazil,CHN->Partner,2007-11,3.6969384566990637
Brazil,CHN->Partner,2007-12,2.417805189171718
Brazil,CHN->Partner,2008-01,1.2500000000000018
Brazil,CHN->Partner,2008-02,4.0
Brazil,CHN->Partner,2008-03,3.25
Brazil,CHN->Partner,2008-04,2.9999999999999964
Brazil,CHN->Partner,2008-05,2.042483192408241
Brazil,CHN->Partner,2008-06,1.2322051957694686
Brazil,CHN->Partner,2008-07,3.0525137418762505
Brazil,CHN->Partner,2008-08,1.8638038957141188
Brazil,CHN->Partner,2008-09,-0.028571428571426694
Brazil,CHN->Partner,2008-10,2.4721359549995814
Brazil,CHN->Partner,2008-11,2.561460349987845
Brazil,CHN->Partner,2008-12,3.25
Brazil,CHN->Partner,2009-01,3.2453158519673178
Brazil,CHN->Partner,2009-02,2.8391754089563026
Brazil,CHN->Partner,2009-03,3.2776786197654726
Brazil,CHN->Partner,2009-04,2.294516670634451
Brazil,CHN->Partner,2009-05,3.153695567426416
Brazil,CHN->Partner,2009-06,2.722260999431029
Brazil,CHN->Partner,2009-07,2.2143258729309476
Brazil,CHN->Partner,2009-08,2.8444190915888488
Brazil,CHN->Partner,2009-09,4.713892495016552
Brazil,CHN->Partner,2009-10,-6.5
Brazil,CHN->Partner,2009-11,2.1062255181969167
Brazil,CHN->Partner,2009-12,-0.22508278236462687
Brazil,CHN->Partner,2010-01,2.0
Brazil,CHN->Partner,2010-02,1.719100592568065
Brazil,CHN->Partner,2010-03,2.724999999999998
Brazil,CHN->Partner,2010-04,3.510131723799473
Brazil,CHN->Partner,2010-05,2.25
Brazil,CHN->Partner,2010-06,2.7500000000000018
Brazil,CHN->Partner,2010-07,2.318220601867207
Brazil,CHN->Partner,2010-08,1.9000000000000004
Brazil,CHN->Partner,2010-09,2.597527505878322
Brazil,CHN->Partner,2010-10,4.0
Brazil,CHN->Partner,2010-11,3.5378567687406086
Brazil,CHN->Partner,2010-12,4.0
Brazil,CHN->Partner,2011-01,4.092121131323905
Brazil,CHN->Partner,2011-02,4.0
Brazil,CHN->Partner,2011-03,1.0143482086667301
Brazil,CHN->Partner,2011-04,2.3919633225808035
Brazil,CHN->Partner,2011-05,3.066666666666668
Brazil,CHN->Partner,2011-06,2.5
Brazil,CHN->Partner,2011-07,1.0
Brazil,CHN->Partner,2011-08,3.7499999999999947
Brazil,CHN->Partner,2011-09,2.5599999999999987
Brazil,CHN->Partner,2011-10,4.0
Brazil,CHN->Partner,2011-11,2.682599413053623
Brazil,CHN->Partner,2011-12,2.6000000000000014
Brazil,CHN->Partner,2012-01,2.6674541567706775
Brazil,CHN->Partner,2012-02,2.7352428770167645
Brazil,CHN->Partner,2012-03,2.483206720836014
Brazil,CHN->Partner,2012-04,2.0
Brazil,CHN->Partner,2012-05,5.6249999999999964
Brazil,CHN->Partner,2012-06,3.108392026306264
Brazil,CHN->Partner,2012-07,-2.666666666666668
Brazil,CHN->Partner,2012-08,0.18033988749894547
Brazil,CHN->Partner,2012-09,4.0
Brazil,CHN->Partner,2012-10,2.5
Brazil,CHN->Partner,2012-11,3.0999999999999996
Brazil,CHN->Partner,2012-12,3.783436677579404
Brazil,CHN->Partner,2013-01,4.499999999999998
Brazil,CHN->Partner,2013-02,3.2142857142857153
Brazil,CHN->Partner,2013-03,1.9751224418313136
Brazil,CHN->Partner,2013-04,2.25
Brazil,CHN->Partner,2013-05,1.700000000000001
Brazil,CHN->Partner,2013-06,3.1666666666666643
Brazil,CHN->Partner,2013-07,2.5708019905481905
Brazil,CHN->Partner,2013-08,2.0
Brazil,CHN->Partner,2013-09,1.2323425070420218
Brazil,CHN->Partner,2013-10,2.442233174619103
Brazil,CHN->Partner,2013-11,3.7717931064149894
Brazil,CHN->Partner,2013-12,2.1909059582729196
Brazil,CHN->Partner,2014-01,2.013792068543239
Brazil,CHN->Partner,2014-02,1.8390562815787899
Brazil,CHN->Partner,2014-03,1.666666666666666
Brazil,CHN->Partner,2014-04,2.459595425473365
Brazil,CHN->Partner,2014-05,2.1999999999999993
Brazil,CHN->Partner,2014-06,2.9850712905405903
Brazil,CHN->Partner,2014-07,3.063510903805078
Brazil,CHN->Partner,2014-08,2.9499999999999993
Brazil,CHN->Partner,2014-09,0.9500000000000011
Brazil,CHN->Partner,2014-10,1.7737814327224672
Brazil,CHN->Partner,2014-11,2.233921031267535
Brazil,CHN->Partner,2014-12,1.7825587491498212
Brazil,CHN->Partner,2015-01,2.1044234868149605
Brazil,CHN->Partner,2015-02,2.4343927762670567
Brazil,CHN->Partner,2015-03,2.7726706900619966
Brazil,CHN->Partner,2015-04,2.9998344352707456
Brazil,CHN->Partner,2015-05,4.281158123813684
Brazil,CHN->Partner,2015-06,1.888749455255745
Brazil,CHN->Partner,2015-07,2.3780798410518127
Brazil,CHN->Partner,2015-08,1.0
Brazil,CHN->Partner,2015-09,3.9699397587932364
Brazil,CHN->Partner,2015-10,1.0
Brazil,CHN->Partner,2015-11,1.094778359029192
Brazil,CHN->Partner,2015-12,4.0
Brazil,CHN->Partner,2016-01,1.0
Brazil,CHN->Partner,2016-02,1.9000000000000004
Brazil,CHN->Partner,2016-03,4.0
Brazil,CHN->Partner,2016-04,1.7348469228349526
Brazil,CHN->Partner,2016-05,1.6000000000000032
Brazil,CHN->Partner,2016-06,2.1504752765822133
Brazil,CHN->Partner,2016-07,2.724999999999998
Brazil,CHN->Partner,2016-08,3.4543681595800173
Brazil,CHN->Partner,2016-09,2.742545563939631
Brazil,CHN->Partner,2016-10,2.912254344320905
Brazil,CHN->Partner,2016-11,1.0
Brazil,CHN->Partner,2016-12,2.0
Brazil,CHN->Partner,2017-01,-1.0000000000000018
Brazil,CHN->Partner,2017-02,1.0
Brazil,CHN->Partner,2017-03,0.6662234438742676
Brazil,CHN->Partner,2017-04,0.8319348090872758
Brazil,CHN->Partner,2017-05,1.0
Brazil,CHN->Partner,2017-06,2.7231810989744343
Brazil,CHN->Partner,2017-07,2.474218896818069
Brazil,CHN->Partner,2017-08,2.6753266353363703
Brazil,CHN->Partner,2017-09,1.875444205997482
Brazil,CHN->Partner,2017-10,2.8000000000000025
Brazil,CHN->Partner,2017-11,5.192590898309017
Brazil,CHN->Partner,2017-12,7.9999999999999964
Brazil,CHN->Partner,2018-01,1.0
Brazil,CHN->Partner,2018-02,1.4029822864972612
Brazil,CHN->Partner,2018-03,1.8194974665970722
Brazil,CHN->Partner,2018-04,2.25
Brazil,CHN->Partner,2018-05,1.9990502866171376
Brazil,CHN->Partner,2018-06,3.4166666666666643
Brazil,CHN->Partner,2018-07,2.4053791073386677
Brazil,CHN->Partner,2018-08,2.9167480164443056
Brazil,CHN->Partner,2018-09,3.447623883100798
Brazil,CHN->Partner,2018-10,3.998750830359251
Brazil,CHN->Partner,2018-11,2.8616541535822773
Brazil,CHN->Partner,2018-12,1.0
Brazil,CHN->Partner,2019-01,2.078170072087781
Brazil,CHN->Partner,2019-02,0.25554390067557264
Brazil,CHN->Partner,2019-03,3.223850829732932
Brazil,CHN->Partner,2019-04,2.0
Brazil,CHN->Partner,2019-05,2.8143643995531615
Brazil,CHN->Partner,2019-06,2.445338264199652
Brazil,CHN->Partner,2019-07,2.5900999154269115
Brazil,CHN->Partner,2019-08,0.9333333333333371
Brazil,CHN->Partner,2019-09,3.1870324401342227
Brazil,CHN->Partner,2019-10,2.098209155653933
Brazil,CHN->Partner,2019-11,2.7278208625922655
Brazil,CHN->Partner,2019-12,2.2249567472753764
Brazil,CHN->Partner,2020-01,2.9999999999999964
Brazil,CHN->Partner,2020-02,-1.0999999999999996
Brazil,CHN->Partner,2020-03,1.512729703971699
Brazil,CHN->Partner,2020-04,0.8228474541402555
Brazil,CHN->Partner,2020-05,2.047950158535235
Brazil,CHN->Partner,2020-06,3.3999999999999986
Brazil,CHN->Partner,2020-07,-1.3000000000000025
Brazil,CHN->Partner,2020-08,-0.8000000000000025
Brazil,CHN->Partner,2020-09,1.5954529791364607
Brazil,CHN->Partner,2020-10,3.8277762337099617
Brazil,CHN->Partner,2020-11,2.535446915420499
Brazil,CHN->Partner,2020-12,4.346555845801904
Brazil,CHN->Partner,2021-01,6.399999999999999
Brazil,CHN->Partner,2021-02,-4.000000000000001
Brazil,CHN->Partner,2021-03,2.3274543219459574
Brazil,CHN->Partner,2021-04,1.9710401468570904
Brazil,CHN->Partner,2021-05,2.2650981647811594
Brazil,CHN->Partner,2021-06,1.0
Brazil,CHN->Partner,2021-07,3.219704638282751
Brazil,CHN->Partner,2021-08,5.850000000000001
Brazil,CHN->Partner,2021-09,2.4004294692690102
Brazil,CHN->Partner,2021-10,-0.5333333333333332
Brazil,CHN->Partner,2021-11,6.9999999999999964
Brazil,CHN->Partner,2021-12,5.709719801006003
Brazil,CHN->Partner,2022-01,4.51192976822956
Brazil,CHN->Partner,2022-02,3.3999999999999986
Brazil,CHN->Partner,2022-03,1.5283678106926626
Brazil,CHN->Partner,2022-04,-0.09999999999999964
Brazil,CHN->Partner,2022-05,1.8347599181563705
Brazil,CHN->Partner,2022-06,2.6701403491279603
Brazil,CHN->Partner,2022-07,4.019999999999996
Brazil,CHN->Partner,2022-08,3.0200966782292404
Brazil,CHN->Partner,2022-09,2.0867583799530394
Brazil,CHN->Partner,2022-10,3.0767715912346247
Brazil,CHN->Partner,2022-11,3.7647606424158635
Brazil,CHN->Partner,2022-12,1.9000000000000004
Brazil,CHN->Partner,2023-01,2.552342322555825
Brazil,CHN->Partner,2023-02,2.79567181288515
Brazil,CHN->Partner,2023-03,2.623545953201331
Brazil,CHN->Partner,2023-04,3.515043026814862
Brazil,Partner->CHN,2002-01,1.9000000000000004
Brazil,Partner->CHN,2002-02,-1.9999999999999982
Brazil,Partner->CHN,2002-03,0.423659658795863
Brazil,Partner->CHN,2002-04,3.5
Brazil,Partner->CHN,2002-05,-0.19489267626688367
Brazil,Partner->CHN,2002-06,-2.9482521188006228
Brazil,Partner->CHN,2002-07,-5.0
Brazil,Partner->CHN,2002-08,1.1315528170502844
Brazil,Partner->CHN,2002-09,1.5098773511153443
Brazil,Partner->CHN,2002-10,1.9000000000000004
Brazil,Partner->CHN,2002-11,7.9999999999999964
Brazil,Partner->CHN,2002-12,4.835555243737655
Brazil,Partner->CHN,2003-01,2.1981478882877408
Brazil,Partner->CHN,2003-02,1.7763568394002505e-15
Brazil,Partner->CHN,2003-03,1.2079848559962905
Brazil,Partner->CHN,2003-04,0.8487056611242281
Brazil,Partner->CHN,2003-05,0.4999999999999982
Brazil,Partner->CHN,2003-06,6.399999999999999
Brazil,Partner->CHN,2003-07,5.199999999999996
Brazil,Partner->CHN,2003-08,-2.5
Brazil,Partner->CHN,2003-09,1.0
Brazil,Partner->CHN,2003-10,1.5000000000000018
Brazil,Partner->CHN,2003-11,2.5069623440809004
Brazil,Partner->CHN,2003-12,2.9499999999999993
Brazil,Partner->CHN,2004-01,1.1999999999999993
Brazil,Partner->CHN,2004-02,1.7963544855186058
Brazil,Partner->CHN,2004-03,2.4218596818895257
Brazil,Partner->CHN,2004-04,3.493610306655942
Brazil,Partner->CHN,2004-05,2.6030981956405643
Brazil,Partner->CHN,2004-06,-0.1331630013511873
Brazil,Partner->CHN,2004-07,1.4499999999999993
Brazil,Partner->CHN,2004-08,2.6999999999999993
Brazil,Partner->CHN,2004-09,4.450000000000001
Brazil,Partner->CHN,2004-10,3.7059408433071237
Brazil,Partner->CHN,2004-11,3.2597647541085166
Brazil,Partner->CHN,2004-12,3.3027745689446952
Brazil,Partner->CHN,2005-01,2.8000000000000025
Brazil,Partner->CHN,2005-02,2.875228711904745
Brazil,Partner->CHN,2005-03,3.3999999999999986
Brazil,Partner->CHN,2005-04,0.9333333333333371
Brazil,Partner->CHN,2005-05,3.3333333333333286
Brazil,Partner->CHN,2005-06,2.5
Brazil,Partner->CHN,2005-07,2.141597376102686
Brazil,Partner->CHN,2005-08,1.333333333333334
Brazil,Partner->CHN,2005-09,2.1234440146829208
Brazil,Partner->CHN,2005-10,0.6639862009164847
Brazil,Partner->CHN,2005-11,2.383281572999751
Brazil,Partner->CHN,2005-12,3.640000000000004
Brazil,Partner->CHN,2006-01,1.0
Brazil,Partner->CHN,2006-02,3.140091518201933
Brazil,Partner->CHN,2006-03,3.1177336782226863
Brazil,Partner->CHN,2006-04,3.1899412043201476
Brazil,Partner->CHN,2006-05,3.262518047968433
Brazil,Partner->CHN,2006-06,2.583333333333332
Brazil,Partner->CHN,2006-07,1.2832815729997495
Brazil,Partner->CHN,2006-08,2.7604497277965425
Brazil,Partner->CHN,2006-09,1.9454865387768159
Brazil,Partner->CHN,2006-10,2.2231848953376474
Brazil,Partner->CHN,2006-11,1.9000000000000004
Brazil,Partner->CHN,2006-12,3.16
Brazil,Partner->CHN,2007-01,0.665857471675789
Brazil,Partner->CHN,2007-02,-9.0
Brazil,Partner->CHN,2007-03,2.333333333333334
Brazil,Partner->CHN,2007-04,0.5879757075478338
Brazil,Partner->CHN,2007-05,4.0
Brazil,Partner->CHN,2007-06,1.8852049988887138
Brazil,Partner->CHN,2007-07,-0.32340640201858584
Brazil,Partner->CHN,2007-08,4.177636679194867
Brazil,Partner->CHN,2007-09,3.9749999999999996
Brazil,Partner->CHN,2007-10,1.5785750834380856
Brazil,Partner->CHN,2007-11,-0.43435384776697994
Brazil,Partner->CHN,2007-12,1.7763568394002505e-15
Brazil,Partner->CHN,2008-01,4.499999999999998
Brazil,Partner->CHN,2008-02,4.0
Brazil,Partner->CHN,2008-03,2.5087898280520875
Brazil,Partner->CHN,2008-04,2.5714285714285676
Brazil,Partner->CHN,2008-05,2.1725041062178008
Brazil,Partner->CHN,2008-06,3.2483204262980294
Brazil,Partner->CHN,2008-07,1.3313711014026381
Brazil,Partner->CHN,2008-08,2.2888038957141212
Brazil,Partner->CHN,2008-09,0.9000000000000004
Brazil,Partner->CHN,2008-10,1.854101966249683
Brazil,Partner->CHN,2008-11,2.2489379074800393
Brazil,Partner->CHN,2008-12,3.25
Brazil,Partner->CHN,2009-01,2.9994544891965607
Brazil,Partner->CHN,2009-02,2.855141666708411
Brazil,Partner->CHN,2009-03,3.053285594779558
Brazil,Partner->CHN,2009-04,1.4407612439277724
Brazil,Partner->CHN,2009-05,2.082106346591825
Brazil,Partner->CHN,2009-06,2.2793156727698065
Brazil,Partner->CHN,2009-07,2.0184706900759597
Brazil,Partner->CHN,2009-08,3.0191802727907646
Brazil,Partner->CHN,2009-09,3.6741234434072894
Brazil,Partner->CHN,2009-10,-6.5
Brazil,Partner->CHN,2009-11,1.2649488966992006
Brazil,Partner->CHN,2009-12,3.4183877639816664
Brazil,Partner->CHN,2010-01,1.857556896687333
Brazil,Partner->CHN,2010-02,1.3694881817162319
Brazil,Partner->CHN,2010-03,2.9499999999999993
Brazil,Partner->CHN,2010-04,2.972315023970719
Brazil,Partner->CHN,2010-05,1.799999999999999
Brazil,Partner->CHN,2010-06,1.0999999999999996
Brazil,Partner->CHN,2010-07,-2.5
Brazil,Partner->CHN,2010-08,0.9333333333333371
Brazil,Partner->CHN,2010-09,2.360035378251421
Brazil,Partner->CHN,2010-10,2.0
Brazil,Partner->CHN,2010-11,0.2500000000000018
Brazil,Partner->CHN,2010-12,4.0
Brazil,Partner->CHN,2011-01,0.6288156086152412
Brazil,Partner->CHN,2011-02,1.5000000000000018
Brazil,Partner->CHN,2011-03,2.3714116492062747
Brazil,Partner->CHN,2011-04,2.309327473909523
Brazil,Partner->CHN,2011-05,1.9000000000000004
Brazil,Partner->CHN,2011-06,2.5
Brazil,Partner->CHN,2011-07,1.0
Brazil,Partner->CHN,2011-08,2.9999999999999964
Brazil,Partner->CHN,2011-09,2.7159564347765865
Brazil,Partner->CHN,2011-10,4.0
Brazil,Partner->CHN,2011-11,1.689031575952649
Brazil,Partner->CHN,2011-12,0.5800000000000001
Brazil,Partner->CHN,2012-01,1.6891567793345938
Brazil,Partner->CHN,2012-02,2.9045509300978427
Brazil,Partner->CHN,2012-03,2.3868075241111892
Brazil,Partner->CHN,2012-04,0.49727541026721056
Brazil,Partner->CHN,2012-05,3.7803043872982762
Brazil,Partner->CHN,2012-06,3.3783712950125526
Brazil,Partner->CHN,2012-07,1.0
Brazil,Partner->CHN,2012-08,2.416407864998739
Brazil,Partner->CHN,2012-09,4.0
Brazil,Partner->CHN,2012-10,1.2500000000000018
Brazil,Partner->CHN,2012-11,0.4999999999999982
Brazil,Partner->CHN,2012-12,1.3440268956285113
Brazil,Partner->CHN,2013-01,2.25
Brazil,Partner->CHN,2013-02,4.08333333333333
Brazil,Partner->CHN,2013-03,1.9241204397273908
Brazil,Partner->CHN,2013-04,2.0
Brazil,Partner->CHN,2013-05,0.8333333333333339
Brazil,Partner->CHN,2013-06,1.783281572999746
Brazil,Partner->CHN,2013-07,1.4882358718354176
Brazil,Partner->CHN,2013-08,1.1999999999999993
Brazil,Partner->CHN,2013-09,1.8095454242464672
Brazil,Partner->CHN,2013-10,1.639714872296155
Brazil,Partner->CHN,2013-11,1.472135954999576
Brazil,Partner->CHN,2013-12,-1.4045470208635393
Brazil,Partner->CHN,2014-01,-0.867036719085533
Brazil,Partner->CHN,2014-02,-0.2994166012159205
Brazil,Partner->CHN,2014-03,0.3000000000000007
Brazil,Partner->CHN,2014-04,1.7326139558796267
Brazil,Partner->CHN,2014-05,4.0
Brazil,Partner->CHN,2014-06,2.966666666666667
Brazil,Partner->CHN,2014-07,2.6626013994495352
Brazil,Partner->CHN,2014-08,3.400000000000004
Brazil,Partner->CHN,2014-09,1.4000000000000004
Brazil,Partner->CHN,2014-10,2.6666666666666643
Brazil,Partner->CHN,2014-11,2.4084769895100173
Brazil,Partner->CHN,2014-12,1.9000000000000004
Brazil,Partner->CHN,2015-01,2.0
Brazil,Partner->CHN,2015-02,-0.40000000000000036
Brazil,Partner->CHN,2015-03,1.5800000000000018
Brazil,Partner->CHN,2015-04,3.4498344352707466
Brazil,Partner->CHN,2015-05,4.067841879489945
Brazil,Partner->CHN,2015-06,1.357068929127042
Brazil,Partner->CHN,2015-07,2.5800687390655863
Brazil,Partner->CHN,2015-08,0.33333333333333215
Brazil,Partner->CHN,2015-09,2.0
Brazil,Partner->CHN,2015-10,0.6666666666666661
Brazil,Partner->CHN,2015-11,1.9947783590291923
Brazil,Partner->CHN,2015-12,1.7763568394002505e-15
Brazil,Partner->CHN,2016-01,1.0
Brazil,Partner->CHN,2016-02,2.7399999999999984
Brazil,Partner->CHN,2016-03,4.0
Brazil,Partner->CHN,2016-04,5.333333333333332
Brazil,Partner->CHN,2016-05,2.6999999999999993
Brazil,Partner->CHN,2016-06,0.13333333333333286
Brazil,Partner->CHN,2016-07,3.16
Brazil,Partner->CHN,2016-08,3.566585437008733
Brazil,Partner->CHN,2016-09,1.9942071493764324
Brazil,Partner->CHN,2016-10,2.626286137361019
Brazil,Partner->CHN,2016-11,1.0
Brazil,Partner->CHN,2016-12,3.5
Brazil,Partner->CHN,2017-01,2.1909059582729196
Brazil,Partner->CHN,2017-02,1.0
Brazil,Partner->CHN,2017-03,1.7763568394002505e-15
Brazil,Partner->CHN,2017-04,0.48912529307605546
Brazil,Partner->CHN,2017-05,1.0
Brazil,Partner->CHN,2017-06,3.111600700728994
Brazil,Partner->CHN,2017-07,2.422777190058568
Brazil,Partner->CHN,2017-08,2.989082882318776
Brazil,Partner->CHN,2017-09,1.6176161067639114
Brazil,Partner->CHN,2017-10,1.9000000000000004
Brazil,Partner->CHN,2017-11,4.655669899432597
Brazil,Partner->CHN,2017-12,7.9999999999999964
Brazil,Partner->CHN,2018-01,1.3961524227066313
Brazil,Partner->CHN,2018-02,1.674472629321393
Brazil,Partner->CHN,2018-03,1.959041721458746
Brazil,Partner->CHN,2018-04,2.25
Brazil,Partner->CHN,2018-05,3.0999999999999996
Brazil,Partner->CHN,2018-06,3.4166666666666643
Brazil,Partner->CHN,2018-07,1.9698598661472495
Brazil,Partner->CHN,2018-08,-1.3333333333333304
Brazil,Partner->CHN,2018-09,1.210088404656192
Brazil,Partner->CHN,2018-10,4.422716432708921
Brazil,Partner->CHN,2018-11,3.227636339397174
Brazil,Partner->CHN,2018-12,1.0
Brazil,Partner->CHN,2019-01,1.2306363981251334
Brazil,Partner->CHN,2019-02,2.8000000000000025
Brazil,Partner->CHN,2019-03,2.710276371547094
Brazil,Partner->CHN,2019-04,0.6031583397703777
Brazil,Partner->CHN,2019-05,2.077524994418974
Brazil,Partner->CHN,2019-06,-0.3806057927349613
Brazil,Partner->CHN,2019-07,2.0589602574221946
Brazil,Partner->CHN,2019-08,0.4999999999999982
Brazil,Partner->CHN,2019-09,2.264448625422462
Brazil,Partner->CHN,2019-10,2.050677073657994
Brazil,Partner->CHN,2019-11,2.016858147756137
Brazil,Partner->CHN,2019-12,3.0440475957683066
Brazil,Partner->CHN,2020-01,0.9666666666666668
Brazil,Partner->CHN,2020-02,2.4137291312326834
Brazil,Partner->CHN,2020-03,0.8596206361547019
Brazil,Partner->CHN,2020-04,1.8062642499555182
Brazil,Partner->CHN,2020-05,-0.3558617609491108
Brazil,Partner->CHN,2020-06,-0.9999999999999982
Brazil,Partner->CHN,2020-07,-1.9999999999999982
Brazil,Partner->CHN,2020-08,-5.6
Brazil,Partner->CHN,2020-09,2.2303019860909714
Brazil,Partner->CHN,2020-10,1.3220691195254464
Brazil,Partner->CHN,2020-11,3.5759385029464124
Brazil,Partner->CHN,2020-12,0.8000000000000007
Brazil,Partner->CHN,2021-01,-0.1499999999999968
Brazil,Partner->CHN,2021-02,2.9999999999999964
Brazil,Partner->CHN,2021-03,-0.5538105640317443
Brazil,Partner->CHN,2021-04,0.7000000000000046
Brazil,Partner->CHN,2021-05,-3.711484637373686
Brazil,Partner->CHN,2021-06,1.4242235633539995
Brazil,Partner->CHN,2021-07,3.389940678215691
Brazil,Partner->CHN,2021-08,5.666666666666668
Brazil,Partner->CHN,2021-09,-0.34999999999999964
Brazil,Partner->CHN,2021-10,4.327747210701752
Brazil,Partner->CHN,2021-11,6.9999999999999964
Brazil,Partner->CHN,2021-12,5.099689437998482
Brazil,Partner->CHN,2022-01,3.3999999999999986
Brazil,Partner->CHN,2022-02,3.2863188941929256
Brazil,Partner->CHN,2022-03,3.1735352462898483
Brazil,Partner->CHN,2022-04,3.061641971290282
Brazil,Partner->CHN,2022-05,2.9506320401264343
Brazil,Partner->CHN,2022-06,2.3062114708454633
Brazil,Partner->CHN,2022-07,2.1799999999999997
Brazil,Partner->CHN,2022-08,-0.23724117396607447
Brazil,Partner->CHN,2022-09,0.4999999999999982
Brazil,Partner->CHN,2022-10,0.4999999999999982
Brazil,Partner->CHN,2022-11,6.699999999999999
Brazil,Partner->CHN,2022-12,2.2452353926806037
Brazil,Partner->CHN,2023-01,2.365767614788078
Brazil,Partner->CHN,2023-02,2.4056002052441823
Brazil,Partner->CHN,2023-03,2.054376952272076
Brazil,Partner->CHN,2023-04,1.5064420669687948
Canada,Aggregated,2002-01,-4.943813782152103
Canada,Aggregated,2002-02,-2.5
Canada,Aggregated,2002-03,1.4474711915874163
Canada,Aggregated,2002-04,2.2412288877992435
Canada,Aggregated,2002-05,3.08560339369056
Canada,Aggregated,2002-06,0.5386508308055085
Canada,Aggregated,2002-07,0.7013805077160153
Canada,Aggregated,2002-08,-2.723227470856635
Canada,Aggregated,2002-09,-2.7500000000000018
Canada,Aggregated,2002-10,-0.508340837036851
Canada,Aggregated,2002-11,2.3424135747622508
Canada,Aggregated,2002-12,4.0
Canada,Aggregated,2003-01,3.063112051935489
Canada,Aggregated,2003-02,6.9999999999999964
Canada,Aggregated,2003-03,2.549999999999997
Canada,Aggregated,2003-04,0.8949423831748344
Canada,Aggregated,2003-05,1.8260406934147948
Canada,Aggregated,2003-06,1.569043955239465
Canada,Aggregated,2003-07,4.666666666666666
Canada,Aggregated,2003-08,4.0
Canada,Aggregated,2003-09,2.064517406506905
Canada,Aggregated,2003-10,2.7822192606423783
Canada,Aggregated,2003-11,2.5908695204291483
Canada,Aggregated,2003-12,2.402176444022171
Canada,Aggregated,2004-01,3.3999999999999986
Canada,Aggregated,2004-02,2.0005337730824966
Canada,Aggregated,2004-03,-0.5
Canada,Aggregated,2004-04,1.705732325330752
Canada,Aggregated,2004-05,-0.16750031723558045
Canada,Aggregated,2004-06,1.0684827149524487
Canada,Aggregated,2004-07,3.171206787381127
Canada,Aggregated,2004-08,1.0
Canada,Aggregated,2004-09,-0.6926775081522347
Canada,Aggregated,2004-10,3.4172239998891705
Canada,Aggregated,2004-11,3.3669984915704365
Canada,Aggregated,2004-12,0.20197422048295977
Canada,Aggregated,2005-01,2.6180149079499095
Canada,Aggregated,2005-02,3.9356033936905614
Canada,Aggregated,2005-03,-0.46793201789924055
Canada,Aggregated,2005-04,1.7763568394002505e-15
Canada,Aggregated,2005-05,-1.9999999999999982
Canada,Aggregated,2005-06,1.8428571428571452
Canada,Aggregated,2005-07,2.6099288153865636
Canada,Aggregated,2005-08,2.1702112255572317
Canada,Aggregated,2005-09,2.073857912720527
Canada,Aggregated,2005-10,1.8230428967605352
Canada,Aggregated,2005-11,2.9220691195254442
Canada,Aggregated,2005-12,-0.40000000000000036
Canada,Aggregated,2006-01,2.483731776642042
Canada,Aggregated,2006-02,4.250634276730441
Canada,Aggregated,2006-03,-1.7198388933492836
Canada,Aggregated,2006-04,-2.321871558982643
Canada,Aggregated,2006-05,0.5870626409991626
Canada,Aggregated,2006-06,-0.4142862852891902
Canada,Aggregated,2006-07,1.1079422548477194
Canada,Aggregated,2006-08,2.1999999999999993
Canada,Aggregated,2006-09,1.4696608878528767
Canada,Aggregated,2006-10,3.43493683508896
Canada,Aggregated,2006-11,-0.014566524774332734
Canada,Aggregated,2006-12,1.5587428078714023
Canada,Aggregated,2007-01,2.131942449107015
Canada,Aggregated,2007-02,-1.8677883363178829
Canada,Aggregated,2007-03,1.3360470754184401
Canada,Aggregated,2007-04,1.787659045471134
Canada,Aggregated,2007-05,-0.12752519358372005
Canada,Aggregated,2007-06,0.711277767523752
Canada,Aggregated,2007-07,0.8309087495054595
Canada,Aggregated,2007-08,-1.9482095360876013
Canada,Aggregated,2007-09,0.3165522471921083
Canada,Aggregated,2007-10,1.3180315501484063
Canada,Aggregated,2007-11,1.748482714952452
Canada,Aggregated,2007-12,2.03945448919656
Canada,Aggregated,2008-01,1.5178873784614453
Canada,Aggregated,2008-02,-0.4143966063094382
Canada,Aggregated,2008-03,-0.9488134162658675
Canada,Aggregated,2008-04,1.5139952051640702
Canada,Aggregated,2008-05,5.064126409707715
Canada,Aggregated,2008-06,2.365277396634964
Canada,Aggregated,2008-07,-2.8302462174140324
Canada,Aggregated,2008-08,-4.431326975365989
Canada,Aggregated,2008-09,1.0
Canada,Aggregated,2008-10,3.125
Canada,Aggregated,2008-11,0.33532974677434346
Canada,Aggregated,2008-12,-5.0
Canada,Aggregated,2009-01,-1.9999999999999982
Canada,Aggregated,2009-02,0.9733785967684359
Canada,Aggregated,2009-03,1.0998346009899844
Canada,Aggregated,2009-04,3.66848271495245
Canada,Aggregated,2009-05,1.6627271470180691
Canada,Aggregated,2009-06,2.6556505520907283
Canada,Aggregated,2009-07,3.780804524920752
Canada,Aggregated,2009-08,2.9991802322436687
Canada,Aggregated,2009-09,2.1249999999999982
Canada,Aggregated,2009-10,3.3710039308609456
Canada,Aggregated,2009-11,2.5886845953675266
Canada,Aggregated,2009-12,1.3361754339751801
Canada,Aggregated,2010-01,0.8449351840919181
Canada,Aggregated,2010-02,0.8768966842880097
Canada,Aggregated,2010-03,0.6684827149524519
Canada,Aggregated,2010-04,2.0771796226127677
Canada,Aggregated,2010-05,-3.999999999999999
Canada,Aggregated,2010-06,2.2973418941588335
Canada,Aggregated,2010-07,1.271814032831287
Canada,Aggregated,2010-08,3.950000000000001
Canada,Aggregated,2010-09,2.120929286077505
Canada,Aggregated,2010-10,2.7040119546424624
Canada,Aggregated,2010-11,0.4581889272647217
Canada,Aggregated,2010-12,1.3644609864452768
Canada,Aggregated,2011-01,2.3424135747622508
Canada,Aggregated,2011-02,-1.833921815754282
Canada,Aggregated,2011-03,2.4807406984078586
Canada,Aggregated,2011-04,5.199999999999996
Canada,Aggregated,2011-05,3.087228258248677
Canada,Aggregated,2011-06,1.2500000000000018
Canada,Aggregated,2011-07,1.4542059137984165
Canada,Aggregated,2011-08,-0.03333333333333499
Canada,Aggregated,2011-09,1.5462067873811254
Canada,Aggregated,2011-10,2.722963789529361
Canada,Aggregated,2011-11,2.121691142748297
Canada,Aggregated,2011-12,-0.34152125651613474
Canada,Aggregated,2012-01,1.4656754543218327
Canada,Aggregated,2012-02,2.5757301640040424
Canada,Aggregated,2012-03,2.921206787381127
Canada,Aggregated,2012-04,2.97301196127677
Canada,Aggregated,2012-05,0.9148676055500928
Canada,Aggregated,2012-06,-3.1362721409242846
Canada,Aggregated,2012-07,-0.6666666666666643
Canada,Aggregated,2012-08,1.4474711915874163
Canada,Aggregated,2012-09,1.785039775512514
Canada,Aggregated,2012-10,3.7498344352707473
Canada,Aggregated,2012-11,4.224999999999996
Canada,Aggregated,2012-12,2.0500000000000007
Canada,Aggregated,2013-01,3.1999999999999993
Canada,Aggregated,2013-02,2.0666474358405598
Canada,Aggregated,2013-03,3.9820083339775607
Canada,Aggregated,2013-04,3.202435688789569
Canada,Aggregated,2013-05,2.5
Canada,Aggregated,2013-06,-0.5155374377282858
Canada,Aggregated,2013-07,3.531638768602603
Canada,Aggregated,2013-08,-0.0892812105028522
Canada,Aggregated,2013-09,-5.0
Canada,Aggregated,2013-10,1.070649375508598
Canada,Aggregated,2013-11,-0.5525288084125837
Canada,Aggregated,2013-12,-1.4499999999999993
Canada,Aggregated,2014-01,-0.2948610471418913
Canada,Aggregated,2014-02,1.0
Canada,Aggregated,2014-03,-3.109597737539624
Canada,Aggregated,2014-04,0.7808045249207503
Canada,Aggregated,2014-05,0.8121491034464334
Canada,Aggregated,2014-06,0.8435770788743362
Canada,Aggregated,2014-07,0.8750886730942771
Canada,Aggregated,2014-08,-2.8925049362588204
Canada,Aggregated,2014-09,-0.2769252254588981
Canada,Aggregated,2014-10,-0.9333964726498376
Canada,Aggregated,2014-11,1.654136330474861
Canada,Aggregated,2014-12,-3.666666666666668
Canada,Aggregated,2015-01,4.499999999999998
Canada,Aggregated,2015-02,0.6303557499434369
Canada,Aggregated,2015-03,0.40000000000000036
Canada,Aggregated,2015-04,1.7763568394002505e-15
Canada,Aggregated,2015-05,2.166666666666668
Canada,Aggregated,2015-06,0.8333333333333339
Canada,Aggregated,2015-07,1.7763568394002505e-15
Canada,Aggregated,2015-08,-0.17939370323641057
Canada,Aggregated,2015-09,-0.3558617609491108
Canada,Aggregated,2015-10,3.167646562742494
Canada,Aggregated,2015-11,0.7578382641996537
Canada,Aggregated,2015-12,4.499999999999993
Canada,Aggregated,2016-01,0.46309239303487004
Canada,Aggregated,2016-02,2.4990739946772305
Canada,Aggregated,2016-03,0.6310051323586752
Canada,Aggregated,2016-04,3.124999999999993
Canada,Aggregated,2016-05,4.031877197775721
Canada,Aggregated,2016-06,-0.6001299937939475
Canada,Aggregated,2016-07,4.835555243737655
Canada,Aggregated,2016-08,1.1149937047558964
Canada,Aggregated,2016-09,2.11626366820982
Canada,Aggregated,2016-10,3.1549753070749293
Canada,Aggregated,2016-11,4.0
Canada,Aggregated,2016-12,3.2331944578753475
Canada,Aggregated,2017-01,2.3656461522330243
Canada,Aggregated,2017-02,-0.9521551579002718
Canada,Aggregated,2017-03,1.728569029363701
Canada,Aggregated,2017-04,2.4434202057966203
Canada,Aggregated,2017-05,3.329078411034658
Canada,Aggregated,2017-06,4.273084153171624
Canada,Aggregated,2017-07,1.3781397632962804
Canada,Aggregated,2017-08,2.070872318419209
Canada,Aggregated,2017-09,2.8712067873811264
Canada,Aggregated,2017-10,4.499999999999998
Canada,Aggregated,2017-11,3.6196845351843194
Canada,Aggregated,2017-12,1.8391566779452582
Canada,Aggregated,2018-01,0.374789291958475
Canada,Aggregated,2018-02,0.2274184114977178
Canada,Aggregated,2018-03,-1.0378151913850768
Canada,Aggregated,2018-04,-1.3657588143357184
Canada,Aggregated,2018-05,-0.585701028057521
Canada,Aggregated,2018-06,1.4709697304750087
Canada,Aggregated,2018-07,-0.3000000000000025
Canada,Aggregated,2018-08,1.0099668323672244
Canada,Aggregated,2018-09,1.0
Canada,Aggregated,2018-10,2.42972503129082
Canada,Aggregated,2018-11,2.8328730692023765
Canada,Aggregated,2018-12,-3.147137731414226
Canada,Aggregated,2019-01,-2.7270467578532767
Canada,Aggregated,2019-02,1.7357615776730135
Canada,Aggregated,2019-03,-2.5044152794090575
Canada,Aggregated,2019-04,-4.109667232214159
Canada,Aggregated,2019-05,-2.849612697203149
Canada,Aggregated,2019-06,-1.8721915417736543
Canada,Aggregated,2019-07,-3.319380529269167
Canada,Aggregated,2019-08,-2.419708552560321
Canada,Aggregated,2019-09,-3.7161230155084217
Canada,Aggregated,2019-10,-4.879814825398035
Canada,Aggregated,2019-11,-0.877008047831275
Canada,Aggregated,2019-12,-4.1883155899723254
Canada,Aggregated,2020-01,0.6413433141362699
Canada,Aggregated,2020-02,-1.6333380897998158
Canada,Aggregated,2020-03,3.247471191587419
Canada,Aggregated,2020-04,-3.1377222458316396
Canada,Aggregated,2020-05,-1.7382069330811039
Canada,Aggregated,2020-06,-2.316710949153899
Canada,Aggregated,2020-07,-1.6274570490045068
Canada,Aggregated,2020-08,-3.2145386223083205
Canada,Aggregated,2020-09,0.43237330733834334
Canada,Aggregated,2020-10,-3.317542564946768
Canada,Aggregated,2020-11,-2.819017983614252
Canada,Aggregated,2020-12,-0.9147428341390036
Canada,Aggregated,2021-01,0.5425686157029048
Canada,Aggregated,2021-02,-2.1485938660566237
Canada,Aggregated,2021-03,-4.618905551866753
Canada,Aggregated,2021-04,-5.078673425218012
Canada,Aggregated,2021-05,1.9130407554947997
Canada,Aggregated,2021-06,-0.2824935301439808
Canada,Aggregated,2021-07,-1.450171466110742
Canada,Aggregated,2021-08,-3.7205419326305913
Canada,Aggregated,2021-09,-1.477577952970499
Canada,Aggregated,2021-10,-2.419876550265359
Canada,Aggregated,2021-11,-4.6000000000000005
Canada,Aggregated,2021-12,-1.8943592949939738
Canada,Aggregated,2022-01,-2.200000000000003
Canada,Aggregated,2022-02,1.8666666666666618
Canada,Aggregated,2022-03,1.2771664006892163
Canada,Aggregated,2022-04,0.7146747277367105
Canada,Aggregated,2022-05,-1.6683250369207414
Canada,Aggregated,2022-06,0.18026391113241225
Canada,Aggregated,2022-07,-0.3783279776307964
Canada,Aggregated,2022-08,1.4309510296736345
Canada,Aggregated,2022-09,0.06851535383175644
Canada,Aggregated,2022-10,-1.1445969945852337
Canada,Aggregated,2022-11,-0.6624206839508311
Canada,Aggregated,2022-12,-0.5207775282563052
Canada,Aggregated,2023-01,-2.0975918089561514
Canada,Aggregated,2023-02,0.565797578020927
Canada,Aggregated,2023-03,-1.946131324643673
Canada,Aggregated,2023-04,-0.873934990817256
Canada,CHN->Partner,2002-01,-4.943813782152103
Canada,CHN->Partner,2002-02,-5.0
Canada,CHN->Partner,2002-03,1.9000000000000004
Canada,CHN->Partner,2002-04,3.5006896387723536
Canada,CHN->Partner,2002-05,5.299999999999997
Canada,CHN->Partner,2002-06,2.8048811340919837
Canada,CHN->Partner,2002-07,1.9000000000000004
Canada,CHN->Partner,2002-08,-1.9999999999999982
Canada,CHN->Partner,2002-09,1.0
Canada,CHN->Partner,2002-10,1.8685663537163286
Canada,CHN->Partner,2002-11,2.8000000000000025
Canada,CHN->Partner,2002-12,3.750593208410299
Canada,CHN->Partner,2003-01,4.7666666666666675
Canada,CHN->Partner,2003-02,3.589379698945393
Canada,CHN->Partner,2003-03,2.5
Canada,CHN->Partner,2003-04,2.350000000000003
Canada,CHN->Partner,2003-05,1.4784153135931
Canada,CHN->Partner,2003-06,2.1904638147812694
Canada,CHN->Partner,2003-07,5.5
Canada,CHN->Partner,2003-08,4.0
Canada,CHN->Partner,2003-09,2.754434690031882
Canada,CHN->Partner,2003-10,2.7685322020565977
Canada,CHN->Partner,2003-11,2.449060018812853
Canada,CHN->Partner,2003-12,2.137000570228752
Canada,CHN->Partner,2004-01,2.0882615899678
Canada,CHN->Partner,2004-02,2.0397034339508817
Canada,CHN->Partner,2004-03,4.0
Canada,CHN->Partner,2004-04,1.5435164553339522
Canada,CHN->Partner,2004-05,1.4459324059983167
Canada,CHN->Partner,2004-06,2.8000000000000025
Canada,CHN->Partner,2004-07,2.9499999999999993
Canada,CHN->Partner,2004-08,1.0
Canada,CHN->Partner,2004-09,-1.3929528853892599
Canada,CHN->Partner,2004-10,2.502599074756848
Canada,CHN->Partner,2004-11,3.2973034175569076
Canada,CHN->Partner,2004-12,-0.3000000000000025
Canada,CHN->Partner,2005-01,2.395908693827117
Canada,CHN->Partner,2005-02,4.899999999999997
Canada,CHN->Partner,2005-03,3.3999999999999986
Canada,CHN->Partner,2005-04,1.7763568394002505e-15
Canada,CHN->Partner,2005-05,-1.9999999999999982
Canada,CHN->Partner,2005-06,3.9666666666666686
Canada,CHN->Partner,2005-07,2.0253515765426613
Canada,CHN->Partner,2005-08,3.5
Canada,CHN->Partner,2005-09,2.3161088389958664
Canada,CHN->Partner,2005-10,2.519989538309874
Canada,CHN->Partner,2005-11,4.133333333333331
Canada,CHN->Partner,2005-12,-0.40000000000000036
Canada,CHN->Partner,2006-01,1.9000000000000004
Canada,CHN->Partner,2006-02,5.072670690061994
Canada,CHN->Partner,2006-03,0.729669854793995
Canada,CHN->Partner,2006-04,-3.0658572723400033
Canada,CHN->Partner,2006-05,1.3413196683004536
Canada,CHN->Partner,2006-06,0.44807621135331566
Canada,CHN->Partner,2006-07,1.0864916731037066
Canada,CHN->Partner,2006-08,6.399999999999999
Canada,CHN->Partner,2006-09,0.8556058297316991
Canada,CHN->Partner,2006-10,3.195717509816081
Canada,CHN->Partner,2006-11,0.44998752354123717
Canada,CHN->Partner,2006-12,3.030584731142916
Canada,CHN->Partner,2007-01,3.3096972924864474
Canada,CHN->Partner,2007-02,-0.6976629146205173
Canada,CHN->Partner,2007-03,1.9499876420786801
Canada,CHN->Partner,2007-04,1.0685110236476998
Canada,CHN->Partner,2007-05,1.9731678241647241
Canada,CHN->Partner,2007-06,2.1187417052069986
Canada,CHN->Partner,2007-07,-4.000000000000001
Canada,CHN->Partner,2007-08,-7.0
Canada,CHN->Partner,2007-09,1.375
Canada,CHN->Partner,2007-10,2.2476005069217475
Canada,CHN->Partner,2007-11,1.2249999999999996
Canada,CHN->Partner,2007-12,2.0799999999999983
Canada,CHN->Partner,2008-01,1.9770357323268435
Canada,CHN->Partner,2008-02,-0.40000000000000036
Canada,CHN->Partner,2008-03,-0.23335176659137424
Canada,CHN->Partner,2008-04,1.644337776413284
Canada,CHN->Partner,2008-05,6.9999999999999964
Canada,CHN->Partner,2008-06,2.2087956610582804
Canada,CHN->Partner,2008-07,-4.2423447043796445
Canada,CHN->Partner,2008-08,-3.575126265847084
Canada,CHN->Partner,2008-09,1.0
Canada,CHN->Partner,2008-10,0.8270339352604594
Canada,CHN->Partner,2008-11,0.6565609754835471
Canada,CHN->Partner,2008-12,-5.0
Canada,CHN->Partner,2009-01,-2.3857917263896606
Canada,CHN->Partner,2009-02,1.3674306968561307
Canada,CHN->Partner,2009-03,1.0611317230511244
Canada,CHN->Partner,2009-04,3.6000000000000014
Canada,CHN->Partner,2009-05,0.843821797832641
Canada,CHN->Partner,2009-06,2.858470014659261
Canada,CHN->Partner,2009-07,3.9333333333333353
Canada,CHN->Partner,2009-08,4.071873642484542
Canada,CHN->Partner,2009-09,1.5000000000000018
Canada,CHN->Partner,2009-10,2.0496826467081313
Canada,CHN->Partner,2009-11,1.9000000000000004
Canada,CHN->Partner,2009-12,2.519302329110202
Canada,CHN->Partner,2010-01,2.8000000000000025
Canada,CHN->Partner,2010-02,1.4499999999999993
Canada,CHN->Partner,2010-03,1.9000000000000004
Canada,CHN->Partner,2010-04,1.5618567412009856
Canada,CHN->Partner,2010-05,1.7763568394002505e-15
Canada,CHN->Partner,2010-06,2.4653175488436876
Canada,CHN->Partner,2010-07,1.6194828099422356
Canada,CHN->Partner,2010-08,1.9750064851578681
Canada,CHN->Partner,2010-09,2.3405461876182336
Canada,CHN->Partner,2010-10,2.887298257319163
Canada,CHN->Partner,2010-11,2.2475800154489
Canada,CHN->Partner,2010-12,2.072634860627403
Canada,CHN->Partner,2011-01,1.9000000000000004
Canada,CHN->Partner,2011-02,-5.0
Canada,CHN->Partner,2011-03,2.2987995223019535
Canada,CHN->Partner,2011-04,2.995406767640933
Canada,CHN->Partner,2011-05,3.7285031452091033
Canada,CHN->Partner,2011-06,4.499999999999998
Canada,CHN->Partner,2011-07,2.2057980097901364
Canada,CHN->Partner,2011-08,2.4996300888248015
Canada,CHN->Partner,2011-09,2.8000000000000025
Canada,CHN->Partner,2011-10,3.049999999999997
Canada,CHN->Partner,2011-11,2.3413138253473154
Canada,CHN->Partner,2011-12,2.0944074352118633
Canada,CHN->Partner,2012-01,2.1999999999999993
Canada,CHN->Partner,2012-02,2.4127804256394274
Canada,CHN->Partner,2012-03,1.9000000000000004
Canada,CHN->Partner,2012-04,2.991168813855124
Canada,CHN->Partner,2012-05,3.8333333333333304
Canada,CHN->Partner,2012-06,1.336651307566612
Canada,CHN->Partner,2012-07,2.118547394454703
Canada,CHN->Partner,2012-08,2.9499999999999993
Canada,CHN->Partner,2012-09,2.694436802675435
Canada,CHN->Partner,2012-10,4.099668870541494
Canada,CHN->Partner,2012-11,4.499999999999998
Canada,CHN->Partner,2012-12,3.8357675905225737
Canada,CHN->Partner,2013-01,3.1999999999999993
Canada,CHN->Partner,2013-02,3.4499134945507564
Canada,CHN->Partner,2013-03,4.216986345565257
Canada,CHN->Partner,2013-04,3.2167546836695244
Canada,CHN->Partner,2013-05,1.0
Canada,CHN->Partner,2013-06,-1.39361365854435
Canada,CHN->Partner,2013-07,4.27596701062396
Canada,CHN->Partner,2013-08,1.3321563684914377
Canada,CHN->Partner,2013-09,0.6778117187596813
Canada,CHN->Partner,2013-10,0.05818661910810796
Canada,CHN->Partner,2013-11,1.9000000000000004
Canada,CHN->Partner,2013-12,-0.40000000000000036
Canada,CHN->Partner,2014-01,0.2782977438973475
Canada,CHN->Partner,2014-02,1.0
Canada,CHN->Partner,2014-03,-5.7333333333333325
Canada,CHN->Partner,2014-04,0.9333333333333371
Canada,CHN->Partner,2014-05,1.1981103521437593
Canada,CHN->Partner,2014-06,1.4687622483025162
Canada,CHN->Partner,2014-07,1.7454193736959365
Canada,CHN->Partner,2014-08,-3.548961498118974
Canada,CHN->Partner,2014-09,3.0511327925318845
Canada,CHN->Partner,2014-10,1.6110803890143721
Canada,CHN->Partner,2014-11,1.7603150054859373
Canada,CHN->Partner,2014-12,6.9999999999999964
Canada,CHN->Partner,2015-01,4.499999999999998
Canada,CHN->Partner,2015-02,-0.2500000000000018
Canada,CHN->Partner,2015-03,3.3999999999999986
Canada,CHN->Partner,2015-04,3.8189068422741617
Canada,CHN->Partner,2015-05,4.249999999999998
Canada,CHN->Partner,2015-06,4.0
Canada,CHN->Partner,2015-07,3.8167583887993164
Canada,CHN->Partner,2015-08,3.6357552768036534
Canada,CHN->Partner,2015-09,3.4569633182662862
Canada,CHN->Partner,2015-10,3.2803555014990646
Canada,CHN->Partner,2015-11,1.2103227164387906
Canada,CHN->Partner,2015-12,0.6764273897422086
Canada,CHN->Partner,2016-01,0.165876590990381
Canada,CHN->Partner,2016-02,-1.2578261654075256
Canada,CHN->Partner,2016-03,-2.5
Canada,CHN->Partner,2016-04,3.5
Canada,CHN->Partner,2016-05,4.063571872838667
Canada,CHN->Partner,2016-06,0.8344385239163437
Canada,CHN->Partner,2016-07,7.9999999999999964
Canada,CHN->Partner,2016-08,2.5337567210408984
Canada,CHN->Partner,2016-09,2.2764989621022096
Canada,CHN->Partner,2016-10,4.666666666666666
Canada,CHN->Partner,2016-11,4.0
Canada,CHN->Partner,2016-12,3.066666666666668
Canada,CHN->Partner,2017-01,0.25512189848277345
Canada,CHN->Partner,2017-02,-1.9944714016796308
Canada,CHN->Partner,2017-03,2.8000000000000025
Canada,CHN->Partner,2017-04,2.412104526586509
Canada,CHN->Partner,2017-05,3.3962808342465074
Canada,CHN->Partner,2017-06,4.452675711530626
Canada,CHN->Partner,2017-07,1.47283624129099
Canada,CHN->Partner,2017-08,1.446320343559643
Canada,CHN->Partner,2017-09,3.0999999999999996
Canada,CHN->Partner,2017-10,4.499999999999998
Canada,CHN->Partner,2017-11,3.1999999999999993
Canada,CHN->Partner,2017-12,1.773368674717542
Canada,CHN->Partner,2018-01,0.14804607968363115
Canada,CHN->Partner,2018-02,-0.1666666666666643
Canada,CHN->Partner,2018-03,-1.3502780751135308
Canada,CHN->Partner,2018-04,1.0
Canada,CHN->Partner,2018-05,2.0472882706655486
Canada,CHN->Partner,2018-06,1.5004695235644583
Canada,CHN->Partner,2018-07,3.3999999999999986
Canada,CHN->Partner,2018-08,0.6618567412009799
Canada,CHN->Partner,2018-09,1.0
Canada,CHN->Partner,2018-10,2.8331863872255134
Canada,CHN->Partner,2018-11,3.8053042065054896
Canada,CHN->Partner,2018-12,-3.4926858569868457
Canada,CHN->Partner,2019-01,-3.4183318540794083
Canada,CHN->Partner,2019-02,1.1706100120030634
Canada,CHN->Partner,2019-03,-3.5735531593920076
Canada,CHN->Partner,2019-04,-4.109667232214159
Canada,CHN->Partner,2019-05,-2.840958596026095
Canada,CHN->Partner,2019-06,-2.0856462793330497
Canada,CHN->Partner,2019-07,-3.505563668468656
Canada,CHN->Partner,2019-08,-3.467298018310305
Canada,CHN->Partner,2019-09,-4.431981523884572
Canada,CHN->Partner,2019-10,-4.879814825398035
Canada,CHN->Partner,2019-11,-2.256291291582258
Canada,CHN->Partner,2019-12,-3.9467420573244487
Canada,CHN->Partner,2020-01,1.4499999999999993
Canada,CHN->Partner,2020-02,-3.580446201425308
Canada,CHN->Partner,2020-03,4.650000000000004
Canada,CHN->Partner,2020-04,-4.414468254652336
Canada,CHN->Partner,2020-05,-3.333333333333332
Canada,CHN->Partner,2020-06,-2.0361386378349344
Canada,CHN->Partner,2020-07,-1.781662556162205
Canada,CHN->Partner,2020-08,-3.274436830320946
Canada,CHN->Partner,2020-09,1.799999999999999
Canada,CHN->Partner,2020-10,-3.606943795401688
Canada,CHN->Partner,2020-11,-3.1511009424220093
Canada,CHN->Partner,2020-12,0.16166151264518014
Canada,CHN->Partner,2021-01,-0.33333333333333215
Canada,CHN->Partner,2021-02,-2.5510163059947786
Canada,CHN->Partner,2021-03,-4.385401188051636
Canada,CHN->Partner,2021-04,-2.382344704379646
Canada,CHN->Partner,2021-05,1.2082039324993694
Canada,CHN->Partner,2021-06,-0.5910401950908053
Canada,CHN->Partner,2021-07,-4.249999999999999
Canada,CHN->Partner,2021-08,-3.640305073517336
Canada,CHN->Partner,2021-09,-2.164457640431122
Canada,CHN->Partner,2021-10,-2.503851860318429
Canada,CHN->Partner,2021-11,-4.6000000000000005
Canada,CHN->Partner,2021-12,-3.154394432237628
Canada,CHN->Partner,2022-01,-2.26523239980561
Canada,CHN->Partner,2022-02,-1.2752994181982622
Canada,CHN->Partner,2022-03,-0.1731748645962341
Canada,CHN->Partner,2022-04,1.053856211467318
Canada,CHN->Partner,2022-05,-1.3311510825605932
Canada,CHN->Partner,2022-06,1.354322466129327
Canada,CHN->Partner,2022-07,-1.5592274513707967
Canada,CHN->Partner,2022-08,-1.0000000000000018
Canada,CHN->Partner,2022-09,-1.5131670194948619
Canada,CHN->Partner,2022-10,-1.9999999999999982
Canada,CHN->Partner,2022-11,-1.0285723337659505
Canada,CHN->Partner,2022-12,-0.7528428075279248
Canada,CHN->Partner,2023-01,3.1999999999999993
Canada,CHN->Partner,2023-02,0.9617261817451119
Canada,CHN->Partner,2023-03,-2.5028437036317097
Canada,CHN->Partner,2023-04,-0.6694178633257781
Canada,Partner->CHN,2002-01,
Canada,Partner->CHN,2002-02,1.7763568394002505e-15
Canada,Partner->CHN,2002-03,1.6000000000000032
Canada,Partner->CHN,2002-04,2.37609808576477
Canada,Partner->CHN,2002-05,3.1999999999999993
Canada,Partner->CHN,2002-06,-0.1262515201531702
Canada,Partner->CHN,2002-07,0.14450537260402996
Canada,Partner->CHN,2002-08,-4.000000000000001
Canada,Partner->CHN,2002-09,-2.7500000000000018
Canada,Partner->CHN,2002-10,-0.6837506815703609
Canada,Partner->CHN,2002-11,1.9000000000000004
Canada,Partner->CHN,2002-12,4.0
Canada,Partner->CHN,2003-01,2.950086133533885
Canada,Partner->CHN,2003-02,6.9999999999999964
Canada,Partner->CHN,2003-03,2.549999999999997
Canada,Partner->CHN,2003-04,0.9000000000000004
Canada,Partner->CHN,2003-05,2.0979584419216533
Canada,Partner->CHN,2003-06,1.529131473139783
Canada,Partner->CHN,2003-07,5.5
Canada,Partner->CHN,2003-08,4.0
Canada,Partner->CHN,2003-09,1.7361172655422283
Canada,Partner->CHN,2003-10,2.6584198762883453
Canada,Partner->CHN,2003-11,2.778139468004488
Canada,Partner->CHN,2003-12,2.898908432984191
Canada,Partner->CHN,2004-01,3.3999999999999986
Canada,Partner->CHN,2004-02,1.9000000000000004
Canada,Partner->CHN,2004-03,-5.0
Canada,Partner->CHN,2004-04,2.2000163829097072
Canada,Partner->CHN,2004-05,-0.17499238210841206
Canada,Partner->CHN,2004-06,0.9800000000000004
Canada,Partner->CHN,2004-07,2.8000000000000025
Canada,Partner->CHN,2004-08,1.0
Canada,Partner->CHN,2004-09,-1.387161361125882
Canada,Partner->CHN,2004-10,3.3686802099512363
Canada,Partner->CHN,2004-11,2.9499999999999993
Canada,Partner->CHN,2004-12,0.7039484409659238
Canada,Partner->CHN,2005-01,2.592709046440154
Canada,Partner->CHN,2005-02,3.8249999999999993
Canada,Partner->CHN,2005-03,-0.9875576127981933
Canada,Partner->CHN,2005-04,-0.5909556033279753
Canada,Partner->CHN,2005-05,-0.17864382516866328
Canada,Partner->CHN,2005-06,0.2500000000000018
Canada,Partner->CHN,2005-07,2.572135954999581
Canada,Partner->CHN,2005-08,0.5815729640917269
Canada,Partner->CHN,2005-09,2.2017057449002095
Canada,Partner->CHN,2005-10,1.9768065336248402
Canada,Partner->CHN,2005-11,2.7627588260339238
Canada,Partner->CHN,2005-12,2.6993636976707442
Canada,Partner->CHN,2006-01,2.6362605850546252
Canada,Partner->CHN,2006-02,4.0
Canada,Partner->CHN,2006-03,-1.7153687364432422
Canada,Partner->CHN,2006-04,-1.9747781491137744
Canada,Partner->CHN,2006-05,0.986039953448083
Canada,Partner->CHN,2006-06,-0.11999999999999744
Canada,Partner->CHN,2006-07,3.6000000000000014
Canada,Partner->CHN,2006-08,-1.9999999999999982
Canada,Partner->CHN,2006-09,1.89229971292416
Canada,Partner->CHN,2006-10,3.6281835413394496
Canada,Partner->CHN,2006-11,-0.054732075763249455
Canada,Partner->CHN,2006-12,2.0500000000000007
Canada,Partner->CHN,2007-01,1.4008545841578428
Canada,Partner->CHN,2007-02,-1.6138620891006443
Canada,Partner->CHN,2007-03,2.0198901065723724
Canada,Partner->CHN,2007-04,3.0164266355568117
Canada,Partner->CHN,2007-05,-1.1034979262625484
Canada,Partner->CHN,2007-06,-0.49765522676857366
Canada,Partner->CHN,2007-07,1.0719845731243396
Canada,Partner->CHN,2007-08,3.3999999999999986
Canada,Partner->CHN,2007-09,-0.9999999999999982
Canada,Partner->CHN,2007-10,1.1010399415871568
Canada,Partner->CHN,2007-11,1.8400000000000016
Canada,Partner->CHN,2007-12,1.6742346141747664
Canada,Partner->CHN,2008-01,1.1824649717936335
Canada,Partner->CHN,2008-02,0.9500000000000011
Canada,Partner->CHN,2008-03,-1.420959885153076
Canada,Partner->CHN,2008-04,1.2584609690826554
Canada,Partner->CHN,2008-05,4.9632898903770215
Canada,Partner->CHN,2008-06,2.599999999999996
Canada,Partner->CHN,2008-07,1.3000000000000025
Canada,Partner->CHN,2008-08,-3.36913994350242
Canada,Partner->CHN,2008-09,1.0
Canada,Partner->CHN,2008-10,3.125
Canada,Partner->CHN,2008-11,1.5976711780172845
Canada,Partner->CHN,2008-12,-5.0
Canada,Partner->CHN,2009-01,-1.9999999999999982
Canada,Partner->CHN,2009-02,0.560000000000004
Canada,Partner->CHN,2009-03,1.193312194322754
Canada,Partner->CHN,2009-04,3.4749999999999996
Canada,Partner->CHN,2009-05,1.9806888626578427
Canada,Partner->CHN,2009-06,2.3928631675467926
Canada,Partner->CHN,2009-07,3.6333333333333346
Canada,Partner->CHN,2009-08,2.663916906872391
Canada,Partner->CHN,2009-09,4.0
Canada,Partner->CHN,2009-10,3.328029080163981
Canada,Partner->CHN,2009-11,2.579257540257199
Canada,Partner->CHN,2009-12,1.1342847968852947
Canada,Partner->CHN,2010-01,0.734331790401356
Canada,Partner->CHN,2010-02,1.0294254927005912
Canada,Partner->CHN,2010-03,0.7599999999999998
Canada,Partner->CHN,2010-04,2.099999999999998
Canada,Partner->CHN,2010-05,-8.0
Canada,Partner->CHN,2010-06,1.8019693559821572
Canada,Partner->CHN,2010-07,0.9451071702800338
Canada,Partner->CHN,2010-08,3.950000000000001
Canada,Partner->CHN,2010-09,2.099657208878643
Canada,Partner->CHN,2010-10,2.5447062470760073
Canada,Partner->CHN,2010-11,0.3793616298729745
Canada,Partner->CHN,2010-12,1.5313682609780077
Canada,Partner->CHN,2011-01,2.8000000000000025
Canada,Partner->CHN,2011-02,1.3321563684914377
Canada,Partner->CHN,2011-03,2.0
Canada,Partner->CHN,2011-04,5.199999999999996
Canada,Partner->CHN,2011-05,3.087228258248677
Canada,Partner->CHN,2011-06,1.2500000000000018
Canada,Partner->CHN,2011-07,1.0235744265167757
Canada,Partner->CHN,2011-08,-0.03333333333333499
Canada,Partner->CHN,2011-09,1.3250000000000028
Canada,Partner->CHN,2011-10,1.3580604497199484
Canada,Partner->CHN,2011-11,2.486678733830841
Canada,Partner->CHN,2011-12,-1.0717967697244912
Canada,Partner->CHN,2012-01,1.39525381265533
Canada,Partner->CHN,2012-02,2.474707694832908
Canada,Partner->CHN,2012-03,3.150000000000004
Canada,Partner->CHN,2012-04,2.1999999999999993
Canada,Partner->CHN,2012-05,-0.04915065934647522
Canada,Partner->CHN,2012-06,-5.5168296509142385
Canada,Partner->CHN,2012-07,-0.6666666666666643
Canada,Partner->CHN,2012-08,1.6000000000000032
Canada,Partner->CHN,2012-09,3.7336060985737625
Canada,Partner->CHN,2012-10,3.7498344352707473
Canada,Partner->CHN,2012-11,4.133333333333331
Canada,Partner->CHN,2012-12,2.0500000000000007
Canada,Partner->CHN,2013-01,2.062494019137386
Canada,Partner->CHN,2013-02,2.0749999999999993
Canada,Partner->CHN,2013-03,3.9636276178912926
Canada,Partner->CHN,2013-04,3.2082039324993694
Canada,Partner->CHN,2013-05,2.5
Canada,Partner->CHN,2013-06,2.4219740157588134
Canada,Partner->CHN,2013-07,2.9824263330532936
Canada,Partner->CHN,2013-08,-0.8000000000000025
Canada,Partner->CHN,2013-09,-5.0
Canada,Partner->CHN,2013-10,1.9705514340307495
Canada,Partner->CHN,2013-11,-0.7000000000000011
Canada,Partner->CHN,2013-12,-1.4499999999999993
Canada,Partner->CHN,2014-01,-0.2948610471418913
Canada,Partner->CHN,2014-02,1.0
Canada,Partner->CHN,2014-03,0.22499999999999787
Canada,Partner->CHN,2014-04,1.9000000000000004
Canada,Partner->CHN,2014-05,1.56114072961946
Canada,Partner->CHN,2014-06,1.2311826689383594
Canada,Partner->CHN,2014-07,0.9098919995517267
Canada,Partner->CHN,2014-08,-1.3714285714285719
Canada,Partner->CHN,2014-09,-0.5798833689750484
Canada,Partner->CHN,2014-10,-0.6749987613962247
Canada,Partner->CHN,2014-11,1.860750751093633
Canada,Partner->CHN,2014-12,-3.666666666666668
Canada,Partner->CHN,2015-01,-1.7075299300993159
Canada,Partner->CHN,2015-02,0.7750000000000004
Canada,Partner->CHN,2015-03,-0.34999999999999964
Canada,Partner->CHN,2015-04,1.7763568394002505e-15
Canada,Partner->CHN,2015-05,1.2500000000000018
Canada,Partner->CHN,2015-06,-0.75
Canada,Partner->CHN,2015-07,1.7763568394002505e-15
Canada,Partner->CHN,2015-08,-0.17939370323641057
Canada,Partner->CHN,2015-09,-0.3558617609491108
Canada,Partner->CHN,2015-10,3.1062786832953897
Canada,Partner->CHN,2015-11,1.0401932938283718
Canada,Partner->CHN,2015-12,4.499999999999993
Canada,Partner->CHN,2016-01,1.4286233206759071
Canada,Partner->CHN,2016-02,2.4990739946772305
Canada,Partner->CHN,2016-03,6.893015397076031
Canada,Partner->CHN,2016-04,3.124999999999993
Canada,Partner->CHN,2016-05,4.014582428323031
Canada,Partner->CHN,2016-06,-1.2073408608033187
Canada,Partner->CHN,2016-07,3.456832294800959
Canada,Partner->CHN,2016-08,1.1036058353927576
Canada,Partner->CHN,2016-09,2.234093686314859
Canada,Partner->CHN,2016-10,1.700000000000001
Canada,Partner->CHN,2016-11,4.0
Canada,Partner->CHN,2016-12,3.1750000000000025
Canada,Partner->CHN,2017-01,2.3656461522330243
Canada,Partner->CHN,2017-02,2.618802153517004
Canada,Partner->CHN,2017-03,1.250004954415111
Canada,Partner->CHN,2017-04,3.4466900153230764
Canada,Partner->CHN,2017-05,3.8527991973030318
Canada,Partner->CHN,2017-06,4.2703244661176605
Canada,Partner->CHN,2017-07,2.25
Canada,Partner->CHN,2017-08,2.2595164810882
Canada,Partner->CHN,2017-09,1.9000000000000004
Canada,Partner->CHN,2017-10,2.7708668856775756
Canada,Partner->CHN,2017-11,3.7005251769807135
Canada,Partner->CHN,2017-12,2.007963951600841
Canada,Partner->CHN,2018-01,1.4399999999999995
Canada,Partner->CHN,2018-02,2.4548368229954285
Canada,Partner->CHN,2018-03,0.5000000000000036
Canada,Partner->CHN,2018-04,-1.535898384862243
Canada,Partner->CHN,2018-05,-0.48432348270096526
Canada,Partner->CHN,2018-06,1.434283176858166
Canada,Partner->CHN,2018-07,-4.000000000000001
Canada,Partner->CHN,2018-08,1.5726706900619938
Canada,Partner->CHN,2018-09,1.0
Canada,Partner->CHN,2018-10,2.6558433277815343
Canada,Partner->CHN,2018-11,2.7440293697497786
Canada,Partner->CHN,2018-12,-1.5160185291037784
Canada,Partner->CHN,2019-01,-0.9837606848048885
Canada,Partner->CHN,2019-02,3.899999999999997
Canada,Partner->CHN,2019-03,-1.5705505282296635
Canada,Partner->CHN,2019-04,-1.245809147421891
Canada,Partner->CHN,2019-05,-0.9098839785547366
Canada,Partner->CHN,2019-06,-0.21807943851095324
Canada,Partner->CHN,2019-07,-2.4455325917809425
Canada,Partner->CHN,2019-08,0.0714521744403882
Canada,Partner->CHN,2019-09,-1.236400251779811
Canada,Partner->CHN,2019-10,0.19214564249659638
Canada,Partner->CHN,2019-11,1.8297070049076964
Canada,Partner->CHN,2019-12,-3.533333333333333
Canada,Partner->CHN,2020-01,0.5839976677362682
Canada,Partner->CHN,2020-02,-1.8254085987017419
Canada,Partner->CHN,2020-03,1.4000000000000004
Canada,Partner->CHN,2020-04,2.6406765283993074
Canada,Partner->CHN,2020-05,-1.7600000000000016
Canada,Partner->CHN,2020-06,-2.345602476297138
Canada,Partner->CHN,2020-07,-2.423999893085403
Canada,Partner->CHN,2020-08,-1.4784800013957629
Canada,Partner->CHN,2020-09,-0.6500000000000021
Canada,Partner->CHN,2020-10,-1.0933551876881324
Canada,Partner->CHN,2020-11,-0.5000700728209004
Canada,Partner->CHN,2020-12,-1.467969280210914
Canada,Partner->CHN,2021-01,0.8011500499884221
Canada,Partner->CHN,2021-02,-0.9925877404348924
Canada,Partner->CHN,2021-03,-4.596186085066446
Canada,Partner->CHN,2021-04,-6.086237384174026
Canada,Partner->CHN,2021-05,2.708203932499366
Canada,Partner->CHN,2021-06,0.39821146841403987
Canada,Partner->CHN,2021-07,1.333333333333334
Canada,Partner->CHN,2021-08,-3.4534349768078503
Canada,Partner->CHN,2021-09,-0.9000000000000004
Canada,Partner->CHN,2021-10,-1.9999999999999982
Canada,Partner->CHN,2021-11,-1.2788889523882094
Canada,Partner->CHN,2021-12,-0.49999999999999645
Canada,Partner->CHN,2022-01,-2.200000000000003
Canada,Partner->CHN,2022-02,1.8666666666666618
Canada,Partner->CHN,2022-03,0.8831518026512999
Canada,Partner->CHN,2022-04,-0.025184189259988443
Canada,Partner->CHN,2022-05,-0.2543514760128982
Canada,Partner->CHN,2022-06,-1.2682687607776248
Canada,Partner->CHN,2022-07,1.8525963218663826
Canada,Partner->CHN,2022-08,2.646426544510449
Canada,Partner->CHN,2022-09,0.8459963835725208
Canada,Partner->CHN,2022-10,-0.7168954918778478
Canada,Partner->CHN,2022-11,0.07324375189962673
Canada,Partner->CHN,2022-12,0.26895570900319044
Canada,Partner->CHN,2023-01,-2.864103941911969
Canada,Partner->CHN,2023-02,0.8983252111573989
Canada,Partner->CHN,2023-03,-1.15798025156416
Canada,Partner->CHN,2023-04,-2.5147186257614305
France,Aggregated,2002-01,1.1748021039364005
France,Aggregated,2002-02,-0.9333333333333336
France,Aggregated,2002-03,0.710894773610903
France,Aggregated,2002-04,3.1999999999999993
France,Aggregated,2002-05,3.3999999999999986
France,Aggregated,2002-06,0.9555815507389642
France,Aggregated,2002-07,1.8112341330947537
France,Aggregated,2002-08,1.3217563510327714
France,Aggregated,2002-09,2.820299737940683
France,Aggregated,2002-10,2.900127653474927
France,Aggregated,2002-11,3.1764395191000165
France,Aggregated,2002-12,0.33333333333333215
France,Aggregated,2003-01,2.713443968717959
France,Aggregated,2003-02,1.6147239942954332
France,Aggregated,2003-03,1.7030689534745722
France,Aggregated,2003-04,2.450048847255145
France,Aggregated,2003-05,2.4862550875230944
France,Aggregated,2003-06,1.3691272527865994
France,Aggregated,2003-07,1.7379353648009985
France,Aggregated,2003-08,1.8417374949624854
France,Aggregated,2003-09,1.6394057762973357
France,Aggregated,2003-10,2.8678631350475037
France,Aggregated,2003-11,2.6221086129320703
France,Aggregated,2003-12,1.9292021148987075
France,Aggregated,2004-01,2.466032101149141
France,Aggregated,2004-02,3.4912268259558683
France,Aggregated,2004-03,2.9567762106321425
France,Aggregated,2004-04,2.456660491166426
France,Aggregated,2004-05,2.2470791233080547
France,Aggregated,2004-06,2.3355639890706605
France,Aggregated,2004-07,1.9303850697893061
France,Aggregated,2004-08,1.5885415524121171
France,Aggregated,2004-09,1.739858603333122
France,Aggregated,2004-10,3.0999578049263175
France,Aggregated,2004-11,2.460681851176581
France,Aggregated,2004-12,2.0480654134271052
France,Aggregated,2005-01,0.6000000000000014
France,Aggregated,2005-02,3.4279422788217335
France,Aggregated,2005-03,2.2093735545291686
France,Aggregated,2005-04,1.937279003164738
France,Aggregated,2005-05,2.7212326128734254
France,Aggregated,2005-06,2.065526083745091
France,Aggregated,2005-07,1.7760796925383726
France,Aggregated,2005-08,-0.3081699070005719
France,Aggregated,2005-09,2.4898630904515944
France,Aggregated,2005-10,0.9874952385017259
France,Aggregated,2005-11,1.8553408169539214
France,Aggregated,2005-12,2.104563316848335
France,Aggregated,2006-01,1.979484072617577
France,Aggregated,2006-02,2.534645421553522
France,Aggregated,2006-03,0.7398535502459485
France,Aggregated,2006-04,1.1140115747004948
France,Aggregated,2006-05,1.6893270993080165
France,Aggregated,2006-06,1.7601798195538407
France,Aggregated,2006-07,1.7660009493887472
France,Aggregated,2006-08,1.794279098987408
France,Aggregated,2006-09,2.31879149745437
France,Aggregated,2006-10,2.4164843653183983
France,Aggregated,2006-11,1.9828655870315526
France,Aggregated,2006-12,2.8476289883432653
France,Aggregated,2007-01,1.829616503566374
France,Aggregated,2007-02,0.820465988545152
France,Aggregated,2007-03,3.19843485269012
France,Aggregated,2007-04,1.709021065374257
France,Aggregated,2007-05,2.14476270178106
France,Aggregated,2007-06,1.869891058126111
France,Aggregated,2007-07,1.2442372243376187
France,Aggregated,2007-08,-0.2520604421540522
France,Aggregated,2007-09,1.7572974232131813
France,Aggregated,2007-10,2.645567081272816
France,Aggregated,2007-11,2.7234276595543196
France,Aggregated,2007-12,2.21839991915121
France,Aggregated,2008-01,1.5964415877481137
France,Aggregated,2008-02,2.3267367901916653
France,Aggregated,2008-03,0.3396002080080027
France,Aggregated,2008-04,1.0008701181127524
France,Aggregated,2008-05,0.04862229905738502
France,Aggregated,2008-06,0.5885974615563327
France,Aggregated,2008-07,1.5307842221699293
France,Aggregated,2008-08,1.1824948571125855
France,Aggregated,2008-09,1.9932380345911884
France,Aggregated,2008-10,2.2700032944566306
France,Aggregated,2008-11,1.021125619500559
France,Aggregated,2008-12,1.0530659690389061
France,Aggregated,2009-01,-0.545730060193522
France,Aggregated,2009-02,1.106370214560764
France,Aggregated,2009-03,0.2217108968647672
France,Aggregated,2009-04,1.2549403339800094
France,Aggregated,2009-05,1.5861169597781934
France,Aggregated,2009-06,1.4289353162202119
France,Aggregated,2009-07,1.7499999999999964
France,Aggregated,2009-08,1.7227681180349155
France,Aggregated,2009-09,1.132912491308156
France,Aggregated,2009-10,1.9427022481786338
France,Aggregated,2009-11,1.978601228170957
France,Aggregated,2009-12,1.8739023936435135
France,Aggregated,2010-01,-0.7920600544239509
France,Aggregated,2010-02,2.105767850978692
France,Aggregated,2010-03,4.044883104137638
France,Aggregated,2010-04,2.9114648808910566
France,Aggregated,2010-05,3.783690723575077
France,Aggregated,2010-06,1.4022757861970323
France,Aggregated,2010-07,1.813517969666492
France,Aggregated,2010-08,0.8013427171445624
France,Aggregated,2010-09,2.779724389389239
France,Aggregated,2010-10,3.6224969773434275
France,Aggregated,2010-11,1.8329984294002148
France,Aggregated,2010-12,2.771105120029027
France,Aggregated,2011-01,1.6034431354563274
France,Aggregated,2011-02,-1.077715647209958
France,Aggregated,2011-03,2.5944926706408715
France,Aggregated,2011-04,0.8086458744549034
France,Aggregated,2011-05,2.0798211729485097
France,Aggregated,2011-06,2.2935701971786724
France,Aggregated,2011-07,0.7285033586382283
France,Aggregated,2011-08,1.5961380193897536
France,Aggregated,2011-09,1.837199905340647
France,Aggregated,2011-10,1.7639846918512632
France,Aggregated,2011-11,1.1460056801131113
France,Aggregated,2011-12,3.1964887948013736
France,Aggregated,2012-01,3.3948993693956098
France,Aggregated,2012-02,0.507324567240925
France,Aggregated,2012-03,1.8401127426347745
France,Aggregated,2012-04,1.1356202774043602
France,Aggregated,2012-05,1.7968094946528854
France,Aggregated,2012-06,0.11609615458143097
France,Aggregated,2012-07,1.2109354699477972
France,Aggregated,2012-08,-1.2024725305848651
France,Aggregated,2012-09,0.8751309483610754
France,Aggregated,2012-10,1.2475287130901993
France,Aggregated,2012-11,2.085337760631729
France,Aggregated,2012-12,-0.6889257216525646
France,Aggregated,2013-01,3.2732796020210113
France,Aggregated,2013-02,2.76848271495245
France,Aggregated,2013-03,2.154671811225498
France,Aggregated,2013-04,3.0286442623943746
France,Aggregated,2013-05,2.3575489741776483
France,Aggregated,2013-06,1.332911997695179
France,Aggregated,2013-07,2.0
France,Aggregated,2013-08,-0.2703091050214539
France,Aggregated,2013-09,2.378253551963075
France,Aggregated,2013-10,2.896597594965513
France,Aggregated,2013-11,4.0584393034481
France,Aggregated,2013-12,2.3397064659291615
France,Aggregated,2014-01,3.495040302688725
France,Aggregated,2014-02,1.844644122351708
France,Aggregated,2014-03,1.921647954719667
France,Aggregated,2014-04,2.952526745239835
France,Aggregated,2014-05,3.3602037650060748
France,Aggregated,2014-06,2.446160446012014
France,Aggregated,2014-07,3.3262274624494452
France,Aggregated,2014-08,7.466666666666669
France,Aggregated,2014-09,1.786332727961998
France,Aggregated,2014-10,1.557249444839849
France,Aggregated,2014-11,2.8257957409130636
France,Aggregated,2014-12,0.5669249325550698
France,Aggregated,2015-01,1.9609801689677298
France,Aggregated,2015-02,3.1575786263806123
France,Aggregated,2015-03,2.8348334069526775
France,Aggregated,2015-04,5.544180782601472
France,Aggregated,2015-05,2.9733345793031187
France,Aggregated,2015-06,1.6483544327435737
France,Aggregated,2015-07,5.321583219741473
France,Aggregated,2015-08,4.439097852769514
France,Aggregated,2015-09,3.325960514700851
France,Aggregated,2015-10,4.106059082108894
France,Aggregated,2015-11,0.9822848705877902
France,Aggregated,2015-12,0.6821616229048004
France,Aggregated,2016-01,3.235429163721692
France,Aggregated,2016-02,1.0644869692081276
France,Aggregated,2016-03,-0.8975815885022858
France,Aggregated,2016-04,3.984987985870445
France,Aggregated,2016-05,1.5004677382883607
France,Aggregated,2016-06,1.1563956726462923
France,Aggregated,2016-07,1.4491198603421473
France,Aggregated,2016-08,1.247471191587417
France,Aggregated,2016-09,3.5058685234648266
France,Aggregated,2016-10,4.533225972468319
France,Aggregated,2016-11,2.6175900207005167
France,Aggregated,2016-12,1.4238210296232658
France,Aggregated,2017-01,3.690402262460376
France,Aggregated,2017-02,3.0626420132524537
France,Aggregated,2017-03,-3.4615282988715865
France,Aggregated,2017-04,-1.19154420768489
France,Aggregated,2017-05,3.502367287977874
France,Aggregated,2017-06,1.3680917707321978
France,Aggregated,2017-07,1.735007716055522
France,Aggregated,2017-08,2.3534983871321327
France,Aggregated,2017-09,2.0920213659636495
France,Aggregated,2017-10,4.042732603734839
France,Aggregated,2017-11,2.6056438147944654
France,Aggregated,2017-12,2.744006180189679
France,Aggregated,2018-01,1.7180694602399207
France,Aggregated,2018-02,1.4857142857142858
France,Aggregated,2018-03,3.1387701030849993
France,Aggregated,2018-04,1.8191086120568638
France,Aggregated,2018-05,4.256307391129118
France,Aggregated,2018-06,1.8220046969860562
France,Aggregated,2018-07,2.511162406368154
France,Aggregated,2018-08,1.7763568394002505e-15
France,Aggregated,2018-09,1.3399718176312785
France,Aggregated,2018-10,1.2034721112132711
France,Aggregated,2018-11,3.1393591397258636
France,Aggregated,2018-12,1.7368150443156
France,Aggregated,2019-01,0.3130171473126424
France,Aggregated,2019-02,0.5100650190281826
France,Aggregated,2019-03,2.596672324936076
France,Aggregated,2019-04,1.88185888663509
France,Aggregated,2019-05,0.18923389979596905
France,Aggregated,2019-06,2.2388607955865947
France,Aggregated,2019-07,2.5687542344275816
France,Aggregated,2019-08,3.1974711915874163
France,Aggregated,2019-09,2.360348819543793
France,Aggregated,2019-10,1.0745581350844535
France,Aggregated,2019-11,3.503633496918013
France,Aggregated,2019-12,0.3000000000000007
France,Aggregated,2020-01,1.545393060000798
France,Aggregated,2020-02,2.1327769900928324
France,Aggregated,2020-03,4.574994881296808
France,Aggregated,2020-04,0.6046630949304301
France,Aggregated,2020-05,0.7861399579955322
France,Aggregated,2020-06,-0.42793088047455186
France,Aggregated,2020-07,1.4310642061765364
France,Aggregated,2020-08,1.5266416196721977
France,Aggregated,2020-09,1.4624924594194457
France,Aggregated,2020-10,-1.6937569599195434
France,Aggregated,2020-11,2.6000000000000014
France,Aggregated,2020-12,1.1846348295848728
France,Aggregated,2021-01,-1.3865224796197513
France,Aggregated,2021-02,1.1337105589062748
France,Aggregated,2021-03,-0.12719629856019488
France,Aggregated,2021-04,2.3852002698442725
France,Aggregated,2021-05,1.6049408372343787
France,Aggregated,2021-06,-0.27989640558150697
France,Aggregated,2021-07,1.0969220821589403
France,Aggregated,2021-08,0.1476058810061609
France,Aggregated,2021-09,1.853690748169262
France,Aggregated,2021-10,0.7369325124081243
France,Aggregated,2021-11,3.2214755041862944
France,Aggregated,2021-12,2.2635723712245195
France,Aggregated,2022-01,-0.8121354346994174
France,Aggregated,2022-02,3.5120070323428845
France,Aggregated,2022-03,-0.2168601227541842
France,Aggregated,2022-04,2.3735083179840615
France,Aggregated,2022-05,0.9320000511391733
France,Aggregated,2022-06,2.3585639101250955
France,Aggregated,2022-07,0.78029416203068
France,Aggregated,2022-08,1.6139436658455697
France,Aggregated,2022-09,2.4883290901434325
France,Aggregated,2022-10,-0.6374999999999993
France,Aggregated,2022-11,0.7298572136337516
France,Aggregated,2022-12,2.9423520442798115
France,Aggregated,2023-01,1.7767801891983286
France,Aggregated,2023-02,2.337064918990974
France,Aggregated,2023-03,2.020609253260387
France,Aggregated,2023-04,2.07185725842702
France,CHN->Partner,2002-01,-0.7573593128807143
France,CHN->Partner,2002-02,2.1999999999999993
France,CHN->Partner,2002-03,0.7360523340108518
France,CHN->Partner,2002-04,2.9999999999999964
France,CHN->Partner,2002-05,3.3999999999999986
France,CHN->Partner,2002-06,1.0161116272969561
France,CHN->Partner,2002-07,1.9014876028073804
France,CHN->Partner,2002-08,1.3217563510327714
France,CHN->Partner,2002-09,2.6632478374719515
France,CHN->Partner,2002-10,3.1400612526420613
France,CHN->Partner,2002-11,3.3296854588223486
France,CHN->Partner,2002-12,0.4999999999999982
France,CHN->Partner,2003-01,2.2928046570606035
France,CHN->Partner,2003-02,2.4491049097853335
France,CHN->Partner,2003-03,1.8139350399344352
France,CHN->Partner,2003-04,2.419408042750824
France,CHN->Partner,2003-05,2.825031828372273
France,CHN->Partner,2003-06,1.9748676901472155
France,CHN->Partner,2003-07,1.3348794645046649
France,CHN->Partner,2003-08,1.7221230019174154
France,CHN->Partner,2003-09,1.9289814655972801
France,CHN->Partner,2003-10,3.1168826478547906
France,CHN->Partner,2003-11,2.707611785967604
France,CHN->Partner,2003-12,2.488058266428391
France,CHN->Partner,2004-01,2.6951261135654505
France,CHN->Partner,2004-02,3.2091448899704247
France,CHN->Partner,2004-03,4.992592346370195
France,CHN->Partner,2004-04,2.874321197344038
France,CHN->Partner,2004-05,2.469931114435626
France,CHN->Partner,2004-06,2.52706707997236
France,CHN->Partner,2004-07,1.9299608539479305
France,CHN->Partner,2004-08,1.3349450212213512
France,CHN->Partner,2004-09,1.5113894852118737
France,CHN->Partner,2004-10,3.611368434130881
France,CHN->Partner,2004-11,2.8200000000000003
France,CHN->Partner,2004-12,1.2582525190789724
France,CHN->Partner,2005-01,0.4999999999999982
France,CHN->Partner,2005-02,3.241830697389757
France,CHN->Partner,2005-03,2.251209205748859
France,CHN->Partner,2005-04,2.0466412359774964
France,CHN->Partner,2005-05,3.1020364614183045
France,CHN->Partner,2005-06,1.5437723839879993
France,CHN->Partner,2005-07,1.2037998090373403
France,CHN->Partner,2005-08,-1.2333333333333307
France,CHN->Partner,2005-09,2.49849046850248
France,CHN->Partner,2005-10,1.5100551893723253
France,CHN->Partner,2005-11,2.1621105616788174
France,CHN->Partner,2005-12,1.7101704252116345
France,CHN->Partner,2006-01,2.1476539274547086
France,CHN->Partner,2006-02,2.2448468624394238
France,CHN->Partner,2006-03,0.7651401354016159
France,CHN->Partner,2006-04,2.8938048225635065
France,CHN->Partner,2006-05,1.4992576148794594
France,CHN->Partner,2006-06,1.6231902224878851
France,CHN->Partner,2006-07,2.1070510221163143
France,CHN->Partner,2006-08,1.819970530036711
France,CHN->Partner,2006-09,2.282350931785679
France,CHN->Partner,2006-10,2.460243370172158
France,CHN->Partner,2006-11,2.7927259575459296
France,CHN->Partner,2006-12,3.1096374523096966
France,CHN->Partner,2007-01,2.336186863622965
France,CHN->Partner,2007-02,1.9110671941157857
France,CHN->Partner,2007-03,3.0480322567172617
France,CHN->Partner,2007-04,3.4796295776575477
France,CHN->Partner,2007-05,2.008607627457245
France,CHN->Partner,2007-06,1.632095827661459
France,CHN->Partner,2007-07,0.6125000000000007
France,CHN->Partner,2007-08,1.700000000000001
France,CHN->Partner,2007-09,3.0730589288489405
France,CHN->Partner,2007-10,2.2792109892229
France,CHN->Partner,2007-11,2.8830069673101626
France,CHN->Partner,2007-12,2.223976028965591
France,CHN->Partner,2008-01,2.425294387288261
France,CHN->Partner,2008-02,2.34390091020863
France,CHN->Partner,2008-03,0.6583635358508726
France,CHN->Partner,2008-04,1.0863582978232476
France,CHN->Partner,2008-05,1.0052313403477289
France,CHN->Partner,2008-06,0.4142218339964021
France,CHN->Partner,2008-07,1.2294846406115685
France,CHN->Partner,2008-08,0.8305733620458167
France,CHN->Partner,2008-09,1.6964044367683453
France,CHN->Partner,2008-10,2.2581481208203495
France,CHN->Partner,2008-11,0.7115713459432715
France,CHN->Partner,2008-12,0.8185932254867225
France,CHN->Partner,2009-01,-1.624062310481067
France,CHN->Partner,2009-02,0.8970111396059952
France,CHN->Partner,2009-03,0.22174164122634643
France,CHN->Partner,2009-04,1.9389032931178747
France,CHN->Partner,2009-05,1.3408072889719236
France,CHN->Partner,2009-06,1.2961517131877933
France,CHN->Partner,2009-07,6.9999999999999964
France,CHN->Partner,2009-08,1.599999999999996
France,CHN->Partner,2009-09,1.5187211827430769
France,CHN->Partner,2009-10,2.4093947303883443
France,CHN->Partner,2009-11,2.5290406747383436
France,CHN->Partner,2009-12,2.6774310214866173
France,CHN->Partner,2010-01,-1.4354175716769717
France,CHN->Partner,2010-02,1.795654052740927
France,CHN->Partner,2010-03,4.257142857142856
France,CHN->Partner,2010-04,3.004183069621149
France,CHN->Partner,2010-05,4.59401001077828
France,CHN->Partner,2010-06,2.0531795157067716
France,CHN->Partner,2010-07,1.6482751508607354
France,CHN->Partner,2010-08,-0.25420404846127376
France,CHN->Partner,2010-09,2.0676559709782243
France,CHN->Partner,2010-10,4.870745114254207
France,CHN->Partner,2010-11,1.958270785660293
France,CHN->Partner,2010-12,2.8864768456840135
France,CHN->Partner,2011-01,2.51525791526271
France,CHN->Partner,2011-02,-0.4327337479031943
France,CHN->Partner,2011-03,1.6548569359593959
France,CHN->Partner,2011-04,0.17737866350623754
France,CHN->Partner,2011-05,2.004607741103243
France,CHN->Partner,2011-06,1.5983470824311805
France,CHN->Partner,2011-07,1.2850587427642477
France,CHN->Partner,2011-08,1.4992281825004063
France,CHN->Partner,2011-09,1.7608163799650107
France,CHN->Partner,2011-10,2.56178989721751
France,CHN->Partner,2011-11,1.2392450299264457
France,CHN->Partner,2011-12,4.0
France,CHN->Partner,2012-01,3.3499999999999996
France,CHN->Partner,2012-02,1.6067440251828558
France,CHN->Partner,2012-03,2.159583668201968
France,CHN->Partner,2012-04,1.347314182127997
France,CHN->Partner,2012-05,2.0083419901002166
France,CHN->Partner,2012-06,-0.2966233402433982
France,CHN->Partner,2012-07,1.9735392869717927
France,CHN->Partner,2012-08,-1.5030906632310774
France,CHN->Partner,2012-09,0.966648233408625
France,CHN->Partner,2012-10,3.235466202999156
France,CHN->Partner,2012-11,2.600265298372822
France,CHN->Partner,2012-12,0.03999999999999737
France,CHN->Partner,2013-01,2.9847509830352017
France,CHN->Partner,2013-02,2.860000000000001
France,CHN->Partner,2013-03,2.0626785631236952
France,CHN->Partner,2013-04,2.372665083700639
France,CHN->Partner,2013-05,2.698651969001739
France,CHN->Partner,2013-06,1.0240809076737616
France,CHN->Partner,2013-07,2.5
France,CHN->Partner,2013-08,1.1285714285714281
France,CHN->Partner,2013-09,3.1244250979461743
France,CHN->Partner,2013-10,2.762872816632669
France,CHN->Partner,2013-11,4.353466021107078
France,CHN->Partner,2013-12,2.836435027563086
France,CHN->Partner,2014-01,3.36164358752513
France,CHN->Partner,2014-02,2.168319240040404
France,CHN->Partner,2014-03,2.1685196450792272
France,CHN->Partner,2014-04,2.8223455914637565
France,CHN->Partner,2014-05,3.598835602219671
France,CHN->Partner,2014-06,4.0239135310870076
France,CHN->Partner,2014-07,3.211960959066582
France,CHN->Partner,2014-08,7.466666666666669
France,CHN->Partner,2014-09,1.508527730297562
France,CHN->Partner,2014-10,3.1819391413575424
France,CHN->Partner,2014-11,2.901224154544222
France,CHN->Partner,2014-12,0.20000000000000284
France,CHN->Partner,2015-01,2.2633304546234765
France,CHN->Partner,2015-02,3.116524721228334
France,CHN->Partner,2015-03,3.7209849475666754
France,CHN->Partner,2015-04,5.458930948923324
France,CHN->Partner,2015-05,5.538007256340041
France,CHN->Partner,2015-06,2.7947646847099605
France,CHN->Partner,2015-07,5.872629088615632
France,CHN->Partner,2015-08,5.2723438609938675
France,CHN->Partner,2015-09,4.605945542031181
France,CHN->Partner,2015-10,5.700000000000003
France,CHN->Partner,2015-11,1.5901098078100855
France,CHN->Partner,2015-12,0.43603635765784254
France,CHN->Partner,2016-01,4.590000000000002
France,CHN->Partner,2016-02,4.423491057161652
France,CHN->Partner,2016-03,-0.8975815885022858
France,CHN->Partner,2016-04,5.856191625209583
France,CHN->Partner,2016-05,1.9240427179505435
France,CHN->Partner,2016-06,1.138177956688235
France,CHN->Partner,2016-07,-0.10384279131578467
France,CHN->Partner,2016-08,1.9000000000000004
France,CHN->Partner,2016-09,3.360561805173589
France,CHN->Partner,2016-10,5.507022468110314
France,CHN->Partner,2016-11,2.5900960266010973
France,CHN->Partner,2016-12,1.2599031114345003
France,CHN->Partner,2017-01,3.950000000000001
France,CHN->Partner,2017-02,2.730380888407785
France,CHN->Partner,2017-03,-1.1732278692274978
France,CHN->Partner,2017-04,-0.28739894923008436
France,CHN->Partner,2017-05,3.9978842294674966
France,CHN->Partner,2017-06,1.8536049502062948
France,CHN->Partner,2017-07,1.4747233167237415
France,CHN->Partner,2017-08,3.3719004836867033
France,CHN->Partner,2017-09,2.196442334776677
France,CHN->Partner,2017-10,3.943784067380907
France,CHN->Partner,2017-11,3.000658022028384
France,CHN->Partner,2017-12,3.1616773729323153
France,CHN->Partner,2018-01,1.6316957941018888
France,CHN->Partner,2018-02,4.799999999999997
France,CHN->Partner,2018-03,4.6860568951608474
France,CHN->Partner,2018-04,2.1886284985939692
France,CHN->Partner,2018-05,4.237459823957339
France,CHN->Partner,2018-06,2.967986156335286
France,CHN->Partner,2018-07,2.7244151806514747
France,CHN->Partner,2018-08,1.7763568394002505e-15
France,CHN->Partner,2018-09,0.9951668823244635
France,CHN->Partner,2018-10,3.216458777339952
France,CHN->Partner,2018-11,3.7382910392689688
France,CHN->Partner,2018-12,1.3799999999999972
France,CHN->Partner,2019-01,1.041303315587271
France,CHN->Partner,2019-02,0.34975081464278013
France,CHN->Partner,2019-03,2.462546953436588
France,CHN->Partner,2019-04,2.7890682760247945
France,CHN->Partner,2019-05,1.1485447156118074
France,CHN->Partner,2019-06,2.095762805306787
France,CHN->Partner,2019-07,2.5022053521055128
France,CHN->Partner,2019-08,4.300000000000001
France,CHN->Partner,2019-09,2.544204787701842
France,CHN->Partner,2019-10,2.5524941016774534
France,CHN->Partner,2019-11,3.9890682439262513
France,CHN->Partner,2019-12,1.0
France,CHN->Partner,2020-01,2.2261761525160306
France,CHN->Partner,2020-02,1.9269761235334943
France,CHN->Partner,2020-03,4.464652815452368
France,CHN->Partner,2020-04,1.0894554605347295
France,CHN->Partner,2020-05,1.075933999630747
France,CHN->Partner,2020-06,0.09609215936726301
France,CHN->Partner,2020-07,2.006703992062363
France,CHN->Partner,2020-08,1.618216450448763
France,CHN->Partner,2020-09,3.7221706911879604
France,CHN->Partner,2020-10,-0.5916759465593895
France,CHN->Partner,2020-11,2.1999999999999993
France,CHN->Partner,2020-12,1.6655216800258543
France,CHN->Partner,2021-01,-1.5272240066661542
France,CHN->Partner,2021-02,2.5145890350453755
France,CHN->Partner,2021-03,-0.39834823739501246
France,CHN->Partner,2021-04,2.603835114713897
France,CHN->Partner,2021-05,2.3663021413345042
France,CHN->Partner,2021-06,1.775284494851844
France,CHN->Partner,2021-07,5.3749999999999964
France,CHN->Partner,2021-08,1.2066482334086235
France,CHN->Partner,2021-09,1.8003754270366752
France,CHN->Partner,2021-10,2.0767688349075932
France,CHN->Partner,2021-11,3.7727922061357813
France,CHN->Partner,2021-12,2.622986221102055
France,CHN->Partner,2022-01,-0.6254820286080491
France,CHN->Partner,2022-02,3.56381612028356
France,CHN->Partner,2022-03,0.4093882949032146
France,CHN->Partner,2022-04,2.6277301561561703
France,CHN->Partner,2022-05,0.5958207624005603
France,CHN->Partner,2022-06,2.908012893855643
France,CHN->Partner,2022-07,1.4141019628368277
France,CHN->Partner,2022-08,2.9262092057488616
France,CHN->Partner,2022-09,2.327404496112866
France,CHN->Partner,2022-10,0.9999999999999947
France,CHN->Partner,2022-11,0.651876521527532
France,CHN->Partner,2022-12,2.724999999999998
France,CHN->Partner,2023-01,1.2392703938721468
France,CHN->Partner,2023-02,2.2886667684349202
France,CHN->Partner,2023-03,1.45527413171075
France,CHN->Partner,2023-04,2.6415551274244997
France,Partner->CHN,2002-01,2.0
France,Partner->CHN,2002-02,-3.099999999999998
France,Partner->CHN,2002-03,3.580501150865258
France,Partner->CHN,2002-04,3.1999999999999993
France,Partner->CHN,2002-05,2.719350033303293
France,Partner->CHN,2002-06,2.254969389880223
France,Partner->CHN,2002-07,2.037298265769392
France,Partner->CHN,2002-08,1.0
France,Partner->CHN,2002-09,3.095020048526587
France,Partner->CHN,2002-10,2.6822645849307545
France,Partner->CHN,2002-11,3.2424491389933188
France,Partner->CHN,2002-12,0.4999999999999982
France,Partner->CHN,2003-01,2.921950668546561
France,Partner->CHN,2003-02,-0.3824615368332456
France,Partner->CHN,2003-03,1.3509138169900474
France,Partner->CHN,2003-04,2.3036183161827797
France,Partner->CHN,2003-05,2.108839477006928
France,Partner->CHN,2003-06,1.7273792659415292
France,Partner->CHN,2003-07,2.273288696852063
France,Partner->CHN,2003-08,2.5
France,Partner->CHN,2003-09,1.973271619383917
France,Partner->CHN,2003-10,2.794380603869527
France,Partner->CHN,2003-11,2.4823746271499143
France,Partner->CHN,2003-12,2.1435579054430107
France,Partner->CHN,2004-01,2.1096029881909875
France,Partner->CHN,2004-02,3.755624705474684
France,Partner->CHN,2004-03,2.7266426572629623
France,Partner->CHN,2004-04,1.9235232346852573
France,Partner->CHN,2004-05,2.4394620957462134
France,Partner->CHN,2004-06,1.7065012745514618
France,Partner->CHN,2004-07,1.7802625323814762
France,Partner->CHN,2004-08,2.2263592156917777
France,Partner->CHN,2004-09,2.0652331183048744
France,Partner->CHN,2004-10,3.0169713017514947
France,Partner->CHN,2004-11,2.263291604950062
France,Partner->CHN,2004-12,2.5111111111111093
France,Partner->CHN,2005-01,0.8000000000000007
France,Partner->CHN,2005-02,3.255104236145524
France,Partner->CHN,2005-03,2.1424365125776657
France,Partner->CHN,2005-04,2.2042925830760733
France,Partner->CHN,2005-05,2.4000658184755697
France,Partner->CHN,2005-06,2.1157820753044483
France,Partner->CHN,2005-07,1.9352385552462348
France,Partner->CHN,2005-08,-0.03333333333332966
France,Partner->CHN,2005-09,3.008593133668578
France,Partner->CHN,2005-10,1.015779476435089
France,Partner->CHN,2005-11,1.2833333333333332
France,Partner->CHN,2005-12,2.6785084122442058
France,Partner->CHN,2006-01,1.8959130809202787
France,Partner->CHN,2006-02,2.5551762575446304
France,Partner->CHN,2006-03,1.6507335619140147
France,Partner->CHN,2006-04,0.905468450423788
France,Partner->CHN,2006-05,2.3613663124977613
France,Partner->CHN,2006-06,2.777345748298252
France,Partner->CHN,2006-07,1.6827399074407072
France,Partner->CHN,2006-08,1.665324196158343
France,Partner->CHN,2006-09,2.2397781493822695
France,Partner->CHN,2006-10,2.7268639068230573
France,Partner->CHN,2006-11,1.583702121214575
France,Partner->CHN,2006-12,2.5786317678335315
France,Partner->CHN,2007-01,1.584109458920846
France,Partner->CHN,2007-02,0.8588669499683768
France,Partner->CHN,2007-03,3.5056575582381218
France,Partner->CHN,2007-04,1.4665735967888747
France,Partner->CHN,2007-05,2.204188779444989
France,Partner->CHN,2007-06,1.9144939566377133
France,Partner->CHN,2007-07,2.1039888659082617
France,Partner->CHN,2007-08,-1.4999999999999982
France,Partner->CHN,2007-09,1.6240958280725106
France,Partner->CHN,2007-10,3.067014369018244
France,Partner->CHN,2007-11,2.5601069806558705
France,Partner->CHN,2007-12,2.3649693522658364
France,Partner->CHN,2008-01,1.7042225908727673
France,Partner->CHN,2008-02,2.3553673304660396
France,Partner->CHN,2008-03,0.526035336016708
France,Partner->CHN,2008-04,1.9697465398029337
France,Partner->CHN,2008-05,0.5732886867061904
France,Partner->CHN,2008-06,1.4938794917223763
France,Partner->CHN,2008-07,2.6786397448323225
France,Partner->CHN,2008-08,1.5127359792240593
France,Partner->CHN,2008-09,2.514301600519003
France,Partner->CHN,2008-10,2.346035450554483
France,Partner->CHN,2008-11,1.4229005969511341
France,Partner->CHN,2008-12,1.1932640997510742
France,Partner->CHN,2009-01,1.7153846153846164
France,Partner->CHN,2009-02,0.8861869182448512
France,Partner->CHN,2009-03,0.13531914802027067
France,Partner->CHN,2009-04,1.4025279692783474
France,Partner->CHN,2009-05,1.8571880747872953
France,Partner->CHN,2009-06,1.4440818964299105
France,Partner->CHN,2009-07,1.7499999999999964
France,Partner->CHN,2009-08,2.532145840028175
France,Partner->CHN,2009-09,1.7740782481039385
France,Partner->CHN,2009-10,1.8658020329919207
France,Partner->CHN,2009-11,1.8435961981873277
France,Partner->CHN,2009-12,1.7766727504163864
France,Partner->CHN,2010-01,-0.23470696143603753
France,Partner->CHN,2010-02,2.7955834444675034
France,Partner->CHN,2010-03,3.9305287275820167
France,Partner->CHN,2010-04,2.9137544193240608
France,Partner->CHN,2010-05,3.6952080086226218
France,Partner->CHN,2010-06,1.260592446473721
France,Partner->CHN,2010-07,2.0781976471879773
France,Partner->CHN,2010-08,3.723320426298029
France,Partner->CHN,2010-09,2.638643430793664
France,Partner->CHN,2010-10,3.6222078577275827
France,Partner->CHN,2010-11,1.8303413950293237
France,Partner->CHN,2010-12,3.4338039106625775
France,Partner->CHN,2011-01,1.1396428286671068
France,Partner->CHN,2011-02,-0.9999999999999982
France,Partner->CHN,2011-03,2.5522559545798327
France,Partner->CHN,2011-04,1.3978382671236638
France,Partner->CHN,2011-05,2.0
France,Partner->CHN,2011-06,2.693076909522908
France,Partner->CHN,2011-07,0.8263999055722113
France,Partner->CHN,2011-08,1.7255404690348826
France,Partner->CHN,2011-09,2.124177908946683
France,Partner->CHN,2011-10,0.7495367070274597
France,Partner->CHN,2011-11,1.89604018277109
France,Partner->CHN,2011-12,3.1964887948013736
France,Partner->CHN,2012-01,3.4864166544431594
France,Partner->CHN,2012-02,0.6458114476046593
France,Partner->CHN,2012-03,2.0018030403856173
France,Partner->CHN,2012-04,1.0856813470418771
France,Partner->CHN,2012-05,1.6801288150013995
France,Partner->CHN,2012-06,1.5186016524187398
France,Partner->CHN,2012-07,1.6734085350937953
France,Partner->CHN,2012-08,0.4999999999999982
France,Partner->CHN,2012-09,1.4499999999999993
France,Partner->CHN,2012-10,1.4809231230760922
France,Partner->CHN,2012-11,1.994573928104348
France,Partner->CHN,2012-12,-1.7048399691022027
France,Partner->CHN,2013-01,3.4538043429907077
France,Partner->CHN,2013-02,2.679999999999998
France,Partner->CHN,2013-03,2.239668797119524
France,Partner->CHN,2013-04,3.437942358479704
France,Partner->CHN,2013-05,2.1174926633262956
France,Partner->CHN,2013-06,1.834394271234956
France,Partner->CHN,2013-07,2.0
France,Partner->CHN,2013-08,0.6452078799117142
France,Partner->CHN,2013-09,2.4730740155519584
France,Partner->CHN,2013-10,2.7587614058505388
France,Partner->CHN,2013-11,4.041121610509332
France,Partner->CHN,2013-12,2.73191723944233
France,Partner->CHN,2014-01,3.79436408995649
France,Partner->CHN,2014-02,2.2969640969876473
France,Partner->CHN,2014-03,1.9448448224977462
France,Partner->CHN,2014-04,3.7986758607208113
France,Partner->CHN,2014-05,3.8715863084482596
France,Partner->CHN,2014-06,2.4783323678958133
France,Partner->CHN,2014-07,3.7188195996469204
France,Partner->CHN,2014-08,7.4999999999999964
France,Partner->CHN,2014-09,2.2071541090713573
France,Partner->CHN,2014-10,1.5785310855086667
France,Partner->CHN,2014-11,3.435996340837219
France,Partner->CHN,2014-12,1.091598077815787
France,Partner->CHN,2015-01,1.6769255372143306
France,Partner->CHN,2015-02,4.395550220274258
France,Partner->CHN,2015-03,2.7723582689028294
France,Partner->CHN,2015-04,5.539294390565267
France,Partner->CHN,2015-05,2.892802410481446
France,Partner->CHN,2015-06,1.8053842334986
France,Partner->CHN,2015-07,5.360749507231866
France,Partner->CHN,2015-08,5.743955897457095
France,Partner->CHN,2015-09,3.2934575408866564
France,Partner->CHN,2015-10,4.649999999999999
France,Partner->CHN,2015-11,1.7602957412400624
France,Partner->CHN,2015-12,1.3620821258449514
France,Partner->CHN,2016-01,3.1576260253712327
France,Partner->CHN,2016-02,0.7555555555555564
France,Partner->CHN,2016-03,2.1463200842530714
France,Partner->CHN,2016-04,3.7016217941277905
France,Partner->CHN,2016-05,1.427017899010865
France,Partner->CHN,2016-06,1.0
France,Partner->CHN,2016-07,2.649654287921269
France,Partner->CHN,2016-08,1.4000000000000004
France,Partner->CHN,2016-09,3.815109735882407
France,Partner->CHN,2016-10,4.199683428872374
France,Partner->CHN,2016-11,4.596448953083085
France,Partner->CHN,2016-12,2.6976454358779236
France,Partner->CHN,2017-01,3.6166666666666636
France,Partner->CHN,2017-02,3.8733524979226015
France,Partner->CHN,2017-03,-4.880155460424966
France,Partner->CHN,2017-04,-1.7816266543670558
France,Partner->CHN,2017-05,3.236115676907527
France,Partner->CHN,2017-06,0.7842831768581622
France,Partner->CHN,2017-07,2.7701282943670638
France,Partner->CHN,2017-08,4.749999999999995
France,Partner->CHN,2017-09,1.968457622637242
France,Partner->CHN,2017-10,4.623465761795401
France,Partner->CHN,2017-11,2.859846466208177
France,Partner->CHN,2017-12,3.2465023266438013
France,Partner->CHN,2018-01,2.0501213143504167
France,Partner->CHN,2018-02,0.6000000000000014
France,Partner->CHN,2018-03,3.0207336721749467
France,Partner->CHN,2018-04,3.863124960118121
France,Partner->CHN,2018-05,4.68313543149088
France,Partner->CHN,2018-06,1.2916595430325852
France,Partner->CHN,2018-07,2.299410759914739
France,Partner->CHN,2018-08,2.168994120337077
France,Partner->CHN,2018-09,2.0398563719964606
France,Partner->CHN,2018-10,1.4689973817187614
France,Partner->CHN,2018-11,2.869145519634481
France,Partner->CHN,2018-12,2.356627073391101
France,Partner->CHN,2019-01,0.5377400268798418
France,Partner->CHN,2019-02,-0.12060610100471258
France,Partner->CHN,2019-03,2.616993365871158
France,Partner->CHN,2019-04,2.1374999999999975
France,Partner->CHN,2019-05,0.5666666666666664
France,Partner->CHN,2019-06,2.949122865682572
France,Partner->CHN,2019-07,3.0872456670704462
France,Partner->CHN,2019-08,2.9399999999999977
France,Partner->CHN,2019-09,2.8122625716542817
France,Partner->CHN,2019-10,0.433649798202703
France,Partner->CHN,2019-11,3.6013980292617926
France,Partner->CHN,2019-12,0.3000000000000007
France,Partner->CHN,2020-01,1.7429002807312362
France,Partner->CHN,2020-02,1.7082630287077247
France,Partner->CHN,2020-03,4.883333333333333
France,Partner->CHN,2020-04,0.4798994117485762
France,Partner->CHN,2020-05,0.5101677561914304
France,Partner->CHN,2020-06,-0.5
France,Partner->CHN,2020-07,0.6813529578490698
France,Partner->CHN,2020-08,2.6179169741458015
France,Partner->CHN,2020-09,1.2800063516232196
France,Partner->CHN,2020-10,-5.0
France,Partner->CHN,2020-11,2.1999999999999993
France,Partner->CHN,2020-12,1.3776880749913474
France,Partner->CHN,2021-01,0.6850855378143663
France,Partner->CHN,2021-02,0.4311594635648497
France,Partner->CHN,2021-03,0.7259837345268689
France,Partner->CHN,2021-04,2.030156106212088
France,Partner->CHN,2021-05,1.7884127079094903
France,Partner->CHN,2021-06,0.07078670207709337
France,Partner->CHN,2021-07,0.9012149751257486
France,Partner->CHN,2021-08,1.7763568394002505e-15
France,Partner->CHN,2021-09,3.0328230761165127
France,Partner->CHN,2021-10,0.6514520191059532
France,Partner->CHN,2021-11,3.087117491114256
France,Partner->CHN,2021-12,3.3126822783584178
France,Partner->CHN,2022-01,1.869720617897002
France,Partner->CHN,2022-02,3.5759870477009734
France,Partner->CHN,2022-03,0.44948974278318055
France,Partner->CHN,2022-04,2.6000000000000014
France,Partner->CHN,2022-05,2.166666666666668
France,Partner->CHN,2022-06,2.966666666666667
France,Partner->CHN,2022-07,1.3602960681793022
France,Partner->CHN,2022-08,1.296771206708545
France,Partner->CHN,2022-09,3.5374999999999996
France,Partner->CHN,2022-10,-0.014285714285714235
France,Partner->CHN,2022-11,-0.5544321634540434
France,Partner->CHN,2022-12,3.241601139524569
France,Partner->CHN,2023-01,2.5333333333333314
France,Partner->CHN,2023-02,2.3992201680541285
France,Partner->CHN,2023-03,3.07586897860363
France,Partner->CHN,2023-04,1.8179545816386558
Germany,Aggregated,2002-01,1.607362704928656
Germany,Aggregated,2002-02,1.4557842548160522
Germany,Aggregated,2002-03,2.6210707917699843
Germany,Aggregated,2002-04,2.960287148906872
Germany,Aggregated,2002-05,2.021206787381127
Germany,Aggregated,2002-06,2.068482714952445
Germany,Aggregated,2002-07,4.499999999999998
Germany,Aggregated,2002-08,7.400000000000002
Germany,Aggregated,2002-09,4.360645780327678
Germany,Aggregated,2002-10,3.581485554735597
Germany,Aggregated,2002-11,2.810646488653779
Germany,Aggregated,2002-12,3.163279973142144
Germany,Aggregated,2003-01,3.5
Germany,Aggregated,2003-02,2.349157063862471
Germany,Aggregated,2003-03,3.3284625346887733
Germany,Aggregated,2003-04,-0.1611769948640358
Germany,Aggregated,2003-05,0.739806130518204
Germany,Aggregated,2003-06,0.1847579516208775
Germany,Aggregated,2003-07,2.0302893498682764
Germany,Aggregated,2003-08,3.171206787381127
Germany,Aggregated,2003-09,1.5818246464898067
Germany,Aggregated,2003-10,2.376146528887766
Germany,Aggregated,2003-11,2.5991661238137542
Germany,Aggregated,2003-12,2.6913341590582256
Germany,Aggregated,2004-01,2.6471371875638408
Germany,Aggregated,2004-02,2.850000000000003
Germany,Aggregated,2004-03,3.0541330823443307
Germany,Aggregated,2004-04,2.439953109683131
Germany,Aggregated,2004-05,2.0045217060073774
Germany,Aggregated,2004-06,1.617365487909094
Germany,Aggregated,2004-07,3.7991464890990905
Germany,Aggregated,2004-08,-5.0
Germany,Aggregated,2004-09,2.4418339047042537
Germany,Aggregated,2004-10,4.359342040060254
Germany,Aggregated,2004-11,2.93420596842625
Germany,Aggregated,2004-12,2.317027930969923
Germany,Aggregated,2005-01,2.439498301832714
Germany,Aggregated,2005-02,2.5176914536239785
Germany,Aggregated,2005-03,2.2991793920181482
Germany,Aggregated,2005-04,1.7657631782417518
Germany,Aggregated,2005-05,1.375951415095665
Germany,Aggregated,2005-06,1.491878754767269
Germany,Aggregated,2005-07,2.555540258745838
Germany,Aggregated,2005-08,-1.9999999999999982
Germany,Aggregated,2005-09,2.5453382641996516
Germany,Aggregated,2005-10,0.4265312800229175
Germany,Aggregated,2005-11,3.1512582538647926
Germany,Aggregated,2005-12,1.6772067736198277
Germany,Aggregated,2006-01,2.6168873213346497
Germany,Aggregated,2006-02,2.495708807992802
Germany,Aggregated,2006-03,1.975208915694834
Germany,Aggregated,2006-04,2.1934006532697143
Germany,Aggregated,2006-05,2.2280190410671796
Germany,Aggregated,2006-06,1.5821819334043141
Germany,Aggregated,2006-07,3.2596701762265727
Germany,Aggregated,2006-08,2.4274295173920315
Germany,Aggregated,2006-09,2.076728497376271
Germany,Aggregated,2006-10,2.3899010266337726
Germany,Aggregated,2006-11,1.6153326845319018
Germany,Aggregated,2006-12,2.763774327516332
Germany,Aggregated,2007-01,3.6999999999999993
Germany,Aggregated,2007-02,-0.40000000000000036
Germany,Aggregated,2007-03,2.65511004143619
Germany,Aggregated,2007-04,2.1943150503521007
Germany,Aggregated,2007-05,0.44235828531532206
Germany,Aggregated,2007-06,2.084067023864529
Germany,Aggregated,2007-07,2.570654694075321
Germany,Aggregated,2007-08,2.4492838118886926
Germany,Aggregated,2007-09,0.9766293231273657
Germany,Aggregated,2007-10,-0.8619753275793691
Germany,Aggregated,2007-11,1.445551604790694
Germany,Aggregated,2007-12,0.5514041138718468
Germany,Aggregated,2008-01,2.4604145870647294
Germany,Aggregated,2008-02,1.005757945727785
Germany,Aggregated,2008-03,0.8793871074215076
Germany,Aggregated,2008-04,1.3534709648432965
Germany,Aggregated,2008-05,1.3172818757713092
Germany,Aggregated,2008-06,2.017795466195482
Germany,Aggregated,2008-07,1.8696895420821313
Germany,Aggregated,2008-08,1.7181231408649094
Germany,Aggregated,2008-09,1.7608829703208375
Germany,Aggregated,2008-10,3.254906303089683
Germany,Aggregated,2008-11,1.211127598189515
Germany,Aggregated,2008-12,-0.7493657232695536
Germany,Aggregated,2009-01,3.3902729124019366
Germany,Aggregated,2009-02,3.068572089396522
Germany,Aggregated,2009-03,5.466666666666665
Germany,Aggregated,2009-04,2.5830140478464436
Germany,Aggregated,2009-05,0.7445626465380268
Germany,Aggregated,2009-06,2.31292852082165
Germany,Aggregated,2009-07,-1.2007642776216443
Germany,Aggregated,2009-08,-0.06834796495217432
Germany,Aggregated,2009-09,2.8719372944479407
Germany,Aggregated,2009-10,2.5898838641469126
Germany,Aggregated,2009-11,0.47380759686297225
Germany,Aggregated,2009-12,2.057456343193735
Germany,Aggregated,2010-01,-0.16506324036220477
Germany,Aggregated,2010-02,2.9001727981429273
Germany,Aggregated,2010-03,3.017167538543788
Germany,Aggregated,2010-04,2.9073595010881004
Germany,Aggregated,2010-05,2.6107377228342
Germany,Aggregated,2010-06,3.1141378582540806
Germany,Aggregated,2010-07,2.3027811239583293
Germany,Aggregated,2010-08,3.3999999999999986
Germany,Aggregated,2010-09,1.0
Germany,Aggregated,2010-10,2.2171111623121735
Germany,Aggregated,2010-11,2.021441060047378
Germany,Aggregated,2010-12,3.4284827149524517
Germany,Aggregated,2011-01,2.7367915718354503
Germany,Aggregated,2011-02,2.3424135747622508
Germany,Aggregated,2011-03,2.362651899625961
Germany,Aggregated,2011-04,1.3701555376389773
Germany,Aggregated,2011-05,1.3846815111513848
Germany,Aggregated,2011-06,1.3992245421620506
Germany,Aggregated,2011-07,-1.3287932126188764
Germany,Aggregated,2011-08,-0.8000000000000025
Germany,Aggregated,2011-09,0.5751999589165191
Germany,Aggregated,2011-10,2.1358092244020526
Germany,Aggregated,2011-11,2.6118575088399396
Germany,Aggregated,2011-12,1.3028385930394624
Germany,Aggregated,2012-01,3.635592884510446
Germany,Aggregated,2012-02,2.282496206252011
Germany,Aggregated,2012-03,2.267975903517293
Germany,Aggregated,2012-04,2.5032949982151766
Germany,Aggregated,2012-05,1.666666666666666
Germany,Aggregated,2012-06,-1.507627605778076
Germany,Aggregated,2012-07,0.6000000000000014
Germany,Aggregated,2012-08,-0.2807536128054924
Germany,Aggregated,2012-09,1.9945552930855612
Germany,Aggregated,2012-10,3.4166351882798267
Germany,Aggregated,2012-11,2.5
Germany,Aggregated,2012-12,2.066068187169435
Germany,Aggregated,2013-01,0.40000000000000036
Germany,Aggregated,2013-02,4.0
Germany,Aggregated,2013-03,1.2078821591486673
Germany,Aggregated,2013-04,4.628482714952449
Germany,Aggregated,2013-05,3.1170451999071442
Germany,Aggregated,2013-06,1.4499999999999993
Germany,Aggregated,2013-07,1.2229292724780176
Germany,Aggregated,2013-08,1.0
Germany,Aggregated,2013-09,2.2896331193768535
Germany,Aggregated,2013-10,2.5
Germany,Aggregated,2013-11,4.26345981281634
Germany,Aggregated,2013-12,4.175117391529369
Germany,Aggregated,2014-01,3.1592463548521668
Germany,Aggregated,2014-02,2.6666666666666696
Germany,Aggregated,2014-03,1.9448495030123674
Germany,Aggregated,2014-04,2.226280596666639
Germany,Aggregated,2014-05,4.011680323158988
Germany,Aggregated,2014-06,5.5
Germany,Aggregated,2014-07,0.6851562292821374
Germany,Aggregated,2014-08,-0.7717242834918334
Germany,Aggregated,2014-09,1.1487174742355464
Germany,Aggregated,2014-10,2.8194839451073985
Germany,Aggregated,2014-11,3.3918566034619655
Germany,Aggregated,2014-12,1.6294828090907103
Germany,Aggregated,2015-01,1.773475164680967
Germany,Aggregated,2015-02,2.276064429212484
Germany,Aggregated,2015-03,2.406095667028234
Germany,Aggregated,2015-04,3.968774473891118
Germany,Aggregated,2015-05,7.58444071053507
Germany,Aggregated,2015-06,4.159999999999995
Germany,Aggregated,2015-07,4.578840537391395
Germany,Aggregated,2015-08,4.447471191587413
Germany,Aggregated,2015-09,3.2223280580721436
Germany,Aggregated,2015-10,2.767895316701223
Germany,Aggregated,2015-11,0.12898312545555513
Germany,Aggregated,2015-12,2.7808045249207485
Germany,Aggregated,2016-01,2.2081307705198014
Germany,Aggregated,2016-02,-0.7215345091293095
Germany,Aggregated,2016-03,2.952554779811745
Germany,Aggregated,2016-04,2.358098644954733
Germany,Aggregated,2016-05,2.0
Germany,Aggregated,2016-06,3.101570621973222
Germany,Aggregated,2016-07,4.163354261076629
Germany,Aggregated,2016-08,3.5460735908616474
Germany,Aggregated,2016-09,2.3663054427879686
Germany,Aggregated,2016-10,3.9428815020128614
Germany,Aggregated,2016-11,2.6464794474152153
Germany,Aggregated,2016-12,3.3999999999999986
Germany,Aggregated,2017-01,2.4603850637607287
Germany,Aggregated,2017-02,2.0486047585273806
Germany,Aggregated,2017-03,-2.321546880041261
Germany,Aggregated,2017-04,2.017249344712809
Germany,Aggregated,2017-05,3.101525267205254
Germany,Aggregated,2017-06,2.43435742610777
Germany,Aggregated,2017-07,2.2781861815313214
Germany,Aggregated,2017-08,-2.1232096014490214
Germany,Aggregated,2017-09,2.380978502547526
Germany,Aggregated,2017-10,4.361978827383595
Germany,Aggregated,2017-11,1.9967501217583514
Germany,Aggregated,2017-12,-0.255349237163772
Germany,Aggregated,2018-01,3.849999999999998
Germany,Aggregated,2018-02,-0.5916658720402168
Germany,Aggregated,2018-03,2.118304318948507
Germany,Aggregated,2018-04,4.841303613296576
Germany,Aggregated,2018-05,4.339806206435346
Germany,Aggregated,2018-06,3.3003088644904928
Germany,Aggregated,2018-07,1.912804834567197
Germany,Aggregated,2018-08,2.2799567893946104
Germany,Aggregated,2018-09,2.645391940555557
Germany,Aggregated,2018-10,3.622114641622261
Germany,Aggregated,2018-11,2.6422254885698333
Germany,Aggregated,2018-12,2.1169099533309996
Germany,Aggregated,2019-01,1.8403105611726485
Germany,Aggregated,2019-02,1.184487327442456
Germany,Aggregated,2019-03,2.3682380434259223
Germany,Aggregated,2019-04,-2.0188984220477
Germany,Aggregated,2019-05,2.2525058324671168
Germany,Aggregated,2019-06,2.062155822376612
Germany,Aggregated,2019-07,1.621671621643742
Germany,Aggregated,2019-08,-0.6030906632310806
Germany,Aggregated,2019-09,1.856745858514195
Germany,Aggregated,2019-10,3.7500000000000018
Germany,Aggregated,2019-11,2.7454620472247466
Germany,Aggregated,2019-12,1.7000744117081723
Germany,Aggregated,2020-01,1.7679334318905813
Germany,Aggregated,2020-02,1.3217404568454167
Germany,Aggregated,2020-03,1.7045827694440518
Germany,Aggregated,2020-04,-0.7256726529042883
Germany,Aggregated,2020-05,-1.9999999999999982
Germany,Aggregated,2020-06,2.9101550901217834
Germany,Aggregated,2020-07,1.736780461345866
Germany,Aggregated,2020-08,1.3288389485520806
Germany,Aggregated,2020-09,0.7773033735217805
Germany,Aggregated,2020-10,0.12976885614599887
Germany,Aggregated,2020-11,0.04020917366744037
Germany,Aggregated,2020-12,0.32744361262659183
Germany,Aggregated,2021-01,0.766384995878008
Germany,Aggregated,2021-02,0.7706730674393256
Germany,Aggregated,2021-03,0.46666666666666856
Germany,Aggregated,2021-04,2.3674306335935054
Germany,Aggregated,2021-05,1.8395063242304417
Germany,Aggregated,2021-06,1.1426663820412823
Germany,Aggregated,2021-07,3.4263117431870995
Germany,Aggregated,2021-08,1.9325127304594805
Germany,Aggregated,2021-09,2.643934099454645
Germany,Aggregated,2021-10,1.548002093620278
Germany,Aggregated,2021-11,3.1320870592626306
Germany,Aggregated,2021-12,2.4278250009462727
Germany,Aggregated,2022-01,1.7092855719284312
Germany,Aggregated,2022-02,1.4071562379257312
Germany,Aggregated,2022-03,4.962048229953817
Germany,Aggregated,2022-04,1.2812269694889658
Germany,Aggregated,2022-05,1.621568686690205
Germany,Aggregated,2022-06,5.379933774108295
Germany,Aggregated,2022-07,2.3748303148954655
Germany,Aggregated,2022-08,4.826416654443154
Germany,Aggregated,2022-09,0.5301937960364498
Germany,Aggregated,2022-10,2.779398526682135
Germany,Aggregated,2022-11,2.341825581480327
Germany,Aggregated,2022-12,3.354063178297121
Germany,Aggregated,2023-01,-1.5893966063094354
Germany,Aggregated,2023-02,0.8944475912283654
Germany,Aggregated,2023-03,0.8659685722924007
Germany,Aggregated,2023-04,2.1700041389053926
Germany,CHN->Partner,2002-01,2.3085743511709715
Germany,CHN->Partner,2002-02,1.1088117941475488
Germany,CHN->Partner,2002-03,2.537430428952483
Germany,CHN->Partner,2002-04,2.8999947675518793
Germany,CHN->Partner,2002-05,2.350000000000003
Germany,CHN->Partner,2002-06,1.2666666666666693
Germany,CHN->Partner,2002-07,4.499999999999998
Germany,CHN->Partner,2002-08,5.128612686678473
Germany,CHN->Partner,2002-09,5.782719173992639
Germany,CHN->Partner,2002-10,3.2939547789521963
Germany,CHN->Partner,2002-11,2.707093965250376
Germany,CHN->Partner,2002-12,2.866014328176025
Germany,CHN->Partner,2003-01,3.5
Germany,CHN->Partner,2003-02,2.299999999999997
Germany,CHN->Partner,2003-03,3.3044178913518856
Germany,CHN->Partner,2003-04,1.0158375860076632
Germany,CHN->Partner,2003-05,0.47781663453285006
Germany,CHN->Partner,2003-06,0.0786678518349273
Germany,CHN->Partner,2003-07,2.8000000000000025
Germany,CHN->Partner,2003-08,2.8000000000000025
Germany,CHN->Partner,2003-09,2.759738141380195
Germany,CHN->Partner,2003-10,2.4987929036374457
Germany,CHN->Partner,2003-11,1.8895221179054413
Germany,CHN->Partner,2003-12,2.75003431483532
Germany,CHN->Partner,2004-01,1.9000000000000004
Germany,CHN->Partner,2004-02,5.466666666666665
Germany,CHN->Partner,2004-03,2.6130277618067357
Germany,CHN->Partner,2004-04,2.2934333050421003
Germany,CHN->Partner,2004-05,2.1990629248744202
Germany,CHN->Partner,2004-06,3.299999999999999
Germany,CHN->Partner,2004-07,3.883264572460096
Germany,CHN->Partner,2004-08,3.361938948256867
Germany,CHN->Partner,2004-09,2.858874130016458
Germany,CHN->Partner,2004-10,4.1999999999999975
Germany,CHN->Partner,2004-11,3.6962242320576735
Germany,CHN->Partner,2004-12,2.6155284192266794
Germany,CHN->Partner,2005-01,2.03092837060049
Germany,CHN->Partner,2005-02,2.9999999999999964
Germany,CHN->Partner,2005-03,2.9253625909217824
Germany,CHN->Partner,2005-04,1.495786473294773
Germany,CHN->Partner,2005-05,1.5726706900619938
Germany,CHN->Partner,2005-06,1.6087185019785633
Germany,CHN->Partner,2005-07,1.8423748810066929
Germany,CHN->Partner,2005-08,2.4543335500378074
Germany,CHN->Partner,2005-09,3.0954529791364607
Germany,CHN->Partner,2005-10,1.7043078315969904
Germany,CHN->Partner,2005-11,3.0287387312764356
Germany,CHN->Partner,2005-12,0.6299016902881363
Germany,CHN->Partner,2006-01,2.625058235193613
Germany,CHN->Partner,2006-02,2.4898201866034704
Germany,CHN->Partner,2006-03,1.9272534476801955
Germany,CHN->Partner,2006-04,2.509377779159367
Germany,CHN->Partner,2006-05,2.193496904657735
Germany,CHN->Partner,2006-06,1.7683645470455858
Germany,CHN->Partner,2006-07,4.074587720283217
Germany,CHN->Partner,2006-08,2.3340676023206743
Germany,CHN->Partner,2006-09,2.4479012048027524
Germany,CHN->Partner,2006-10,2.410333265619382
Germany,CHN->Partner,2006-11,2.8441651148138813
Germany,CHN->Partner,2006-12,3.1300849040742964
Germany,CHN->Partner,2007-01,3.6999999999999993
Germany,CHN->Partner,2007-02,1.0
Germany,CHN->Partner,2007-03,2.6071388129524102
Germany,CHN->Partner,2007-04,2.1010707614799475
Germany,CHN->Partner,2007-05,2.330020975164425
Germany,CHN->Partner,2007-06,2.1265261407660567
Germany,CHN->Partner,2007-07,2.5599999999999987
Germany,CHN->Partner,2007-08,2.171215151751598
Germany,CHN->Partner,2007-09,0.7320657741810415
Germany,CHN->Partner,2007-10,-1.9049716531105574
Germany,CHN->Partner,2007-11,1.2200555882805943
Germany,CHN->Partner,2007-12,0.8263999164324751
Germany,CHN->Partner,2008-01,2.0174570489307513
Germany,CHN->Partner,2008-02,1.3775068654310516
Germany,CHN->Partner,2008-03,0.14505532642888852
Germany,CHN->Partner,2008-04,1.4594868378569643
Germany,CHN->Partner,2008-05,1.233235660529095
Germany,CHN->Partner,2008-06,1.9209910431630774
Germany,CHN->Partner,2008-07,1.660000000000002
Germany,CHN->Partner,2008-08,1.9073255136053167
Germany,CHN->Partner,2008-09,2.463394550953325
Germany,CHN->Partner,2008-10,1.9996964474348893
Germany,CHN->Partner,2008-11,1.7198799418268607
Germany,CHN->Partner,2008-12,1.0
Germany,CHN->Partner,2009-01,3.439638928674242
Germany,CHN->Partner,2009-02,2.6583153074756787
Germany,CHN->Partner,2009-03,5.466666666666665
Germany,CHN->Partner,2009-04,3.1310331618831384
Germany,CHN->Partner,2009-05,1.0
Germany,CHN->Partner,2009-06,1.2839284549660022
Germany,CHN->Partner,2009-07,1.2545729071285994
Germany,CHN->Partner,2009-08,2.5
Germany,CHN->Partner,2009-09,2.8166355976026587
Germany,CHN->Partner,2009-10,2.515534150234423
Germany,CHN->Partner,2009-11,2.646983419820897
Germany,CHN->Partner,2009-12,2.1549827161172193
Germany,CHN->Partner,2010-01,-1.357215166183778
Germany,CHN->Partner,2010-02,2.679020269245548
Germany,CHN->Partner,2010-03,5.319090848492927
Germany,CHN->Partner,2010-04,2.6521290823950654
Germany,CHN->Partner,2010-05,2.945343054161736
Germany,CHN->Partner,2010-06,2.966666666666667
Germany,CHN->Partner,2010-07,1.8921484926294987
Germany,CHN->Partner,2010-08,1.4380779026163832
Germany,CHN->Partner,2010-09,1.0
Germany,CHN->Partner,2010-10,2.3168444089969515
Germany,CHN->Partner,2010-11,2.4104497844113038
Germany,CHN->Partner,2010-12,3.3249999999999993
Germany,CHN->Partner,2011-01,2.571052911133334
Germany,CHN->Partner,2011-02,2.350000000000003
Germany,CHN->Partner,2011-03,1.5110852956633138
Germany,CHN->Partner,2011-04,0.6504327126334104
Germany,CHN->Partner,2011-05,0.9914343678311468
Germany,CHN->Partner,2011-06,1.3424169509236474
Germany,CHN->Partner,2011-07,-1.5500000000000007
Germany,CHN->Partner,2011-08,3.3999999999999986
Germany,CHN->Partner,2011-09,2.9229750587205974
Germany,CHN->Partner,2011-10,2.461752394844151
Germany,CHN->Partner,2011-11,2.6585345218932286
Germany,CHN->Partner,2011-12,1.2049059094797432
Germany,CHN->Partner,2012-01,3.6417735031028364
Germany,CHN->Partner,2012-02,2.2240188893846025
Germany,CHN->Partner,2012-03,1.7799598391954916
Germany,CHN->Partner,2012-04,2.3793676761399745
Germany,CHN->Partner,2012-05,1.666666666666666
Germany,CHN->Partner,2012-06,1.0
Germany,CHN->Partner,2012-07,1.7763568394002505e-15
Germany,CHN->Partner,2012-08,-1.7056838117189734
Germany,CHN->Partner,2012-09,3.683333333333337
Germany,CHN->Partner,2012-10,3.3398646497803792
Germany,CHN->Partner,2012-11,3.7500000000000018
Germany,CHN->Partner,2012-12,1.8190908484929302
Germany,CHN->Partner,2013-01,0.40000000000000036
Germany,CHN->Partner,2013-02,0.22154509480669304
Germany,CHN->Partner,2013-03,0.045883711822826356
Germany,CHN->Partner,2013-04,5.599999999999998
Germany,CHN->Partner,2013-05,3.226959606627977
Germany,CHN->Partner,2013-06,2.5
Germany,CHN->Partner,2013-07,1.7279220613578534
Germany,CHN->Partner,2013-08,1.0
Germany,CHN->Partner,2013-09,2.8155596332739297
Germany,CHN->Partner,2013-10,2.5
Germany,CHN->Partner,2013-11,4.11136835894551
Germany,CHN->Partner,2013-12,4.070782803795803
Germany,CHN->Partner,2014-01,3.3999999999999986
Germany,CHN->Partner,2014-02,4.0
Germany,CHN->Partner,2014-03,3.0860609855610406
Germany,CHN->Partner,2014-04,1.9811122194247677
Germany,CHN->Partner,2014-05,5.559999999999999
Germany,CHN->Partner,2014-06,5.5
Germany,CHN->Partner,2014-07,1.276151862717672
Germany,CHN->Partner,2014-08,-1.0666666666666664
Germany,CHN->Partner,2014-09,1.7230762113533142
Germany,CHN->Partner,2014-10,2.923068720297259
Germany,CHN->Partner,2014-11,4.379933389004794
Germany,CHN->Partner,2014-12,1.7640608161238838
Germany,CHN->Partner,2015-01,1.8322640597936157
Germany,CHN->Partner,2015-02,2.3763552849155385
Germany,CHN->Partner,2015-03,2.3811020522886146
Germany,CHN->Partner,2015-04,4.414871283127505
Germany,CHN->Partner,2015-05,7.387000767243503
Germany,CHN->Partner,2015-06,7.9999999999999964
Germany,CHN->Partner,2015-07,4.86622570465007
Germany,CHN->Partner,2015-08,4.299999999999994
Germany,CHN->Partner,2015-09,3.999361629872972
Germany,CHN->Partner,2015-10,2.563754641282488
Germany,CHN->Partner,2015-11,0.08287129449276698
Germany,CHN->Partner,2015-12,4.949999999999999
Germany,CHN->Partner,2016-01,3.002385670659553
Germany,CHN->Partner,2016-02,2.1832652337735983
Germany,CHN->Partner,2016-03,2.897126962649761
Germany,CHN->Partner,2016-04,2.0594315493269626
Germany,CHN->Partner,2016-05,1.0
Germany,CHN->Partner,2016-06,2.982120987392463
Germany,CHN->Partner,2016-07,4.934283176858166
Germany,CHN->Partner,2016-08,3.4949651750605906
Germany,CHN->Partner,2016-09,2.3800160047948626
Germany,CHN->Partner,2016-10,4.0
Germany,CHN->Partner,2016-11,2.9163071305342676
Germany,CHN->Partner,2016-12,3.3999999999999986
Germany,CHN->Partner,2017-01,4.108565837771126
Germany,CHN->Partner,2017-02,2.1519518313979002
Germany,CHN->Partner,2017-03,-2.371851778086528
Germany,CHN->Partner,2017-04,3.3354058863217375
Germany,CHN->Partner,2017-05,3.1248957559115205
Germany,CHN->Partner,2017-06,2.6723610721623885
Germany,CHN->Partner,2017-07,2.9710236646932735
Germany,CHN->Partner,2017-08,-1.2138900146281202
Germany,CHN->Partner,2017-09,2.6234900739613494
Germany,CHN->Partner,2017-10,4.524080907673763
Germany,CHN->Partner,2017-11,2.124101206604891
Germany,CHN->Partner,2017-12,0.13363913038339348
Germany,CHN->Partner,2018-01,4.499999999999998
Germany,CHN->Partner,2018-02,0.09999999999999964
Germany,CHN->Partner,2018-03,2.8854193669497725
Germany,CHN->Partner,2018-04,6.249999999999993
Germany,CHN->Partner,2018-05,4.405204407755145
Germany,CHN->Partner,2018-06,3.176335004542768
Germany,CHN->Partner,2018-07,2.3040428050961914
Germany,CHN->Partner,2018-08,2.6999999999999993
Germany,CHN->Partner,2018-09,2.640055182594944
Germany,CHN->Partner,2018-10,3.4442362212775173
Germany,CHN->Partner,2018-11,2.687546676669861
Germany,CHN->Partner,2018-12,2.014386736167898
Germany,CHN->Partner,2019-01,3.844392586637058
Germany,CHN->Partner,2019-02,0.4198836675140054
Germany,CHN->Partner,2019-03,2.9426534319043274
Germany,CHN->Partner,2019-04,-1.9999999999999982
Germany,CHN->Partner,2019-05,2.0278351579087843
Germany,CHN->Partner,2019-06,2.2099060002280524
Germany,CHN->Partner,2019-07,2.162706437977567
Germany,CHN->Partner,2019-08,-1.3500000000000032
Germany,CHN->Partner,2019-09,1.6764382755886178
Germany,CHN->Partner,2019-10,3.5
Germany,CHN->Partner,2019-11,6.0
Germany,CHN->Partner,2019-12,0.38633534503099654
Germany,CHN->Partner,2020-01,2.7330427367648173
Germany,CHN->Partner,2020-02,1.3427757747130968
Germany,CHN->Partner,2020-03,2.236927908417922
Germany,CHN->Partner,2020-04,3.566874211713264
Germany,CHN->Partner,2020-05,3.208593562434837
Germany,CHN->Partner,2020-06,2.859125031788155
Germany,CHN->Partner,2020-07,2.2174653570148326
Germany,CHN->Partner,2020-08,1.4988833478482473
Germany,CHN->Partner,2020-09,0.8501518753789838
Germany,CHN->Partner,2020-10,-1.3558617609491073
Germany,CHN->Partner,2020-11,1.8190908484929302
Germany,CHN->Partner,2020-12,0.9874720339662382
Germany,CHN->Partner,2021-01,2.7500000000000018
Germany,CHN->Partner,2021-02,0.5413461348786512
Germany,CHN->Partner,2021-03,-0.9999999999999982
Germany,CHN->Partner,2021-04,2.3746082575404692
Germany,CHN->Partner,2021-05,1.9249999999999954
Germany,CHN->Partner,2021-06,2.450384080313743
Germany,CHN->Partner,2021-07,4.482575968109497
Germany,CHN->Partner,2021-08,2.1141378582540824
Germany,CHN->Partner,2021-09,3.0550200726665366
Germany,CHN->Partner,2021-10,2.2414437947027093
Germany,CHN->Partner,2021-11,3.2853009195745724
Germany,CHN->Partner,2021-12,3.140829369888049
Germany,CHN->Partner,2022-01,1.0023040412352984
Germany,CHN->Partner,2022-02,0.9524937120519521
Germany,CHN->Partner,2022-03,4.701015718057814
Germany,CHN->Partner,2022-04,1.4565831049277804
Germany,CHN->Partner,2022-05,1.4915424351837796
Germany,CHN->Partner,2022-06,4.366556290180501
Germany,CHN->Partner,2022-07,2.794649208662685
Germany,CHN->Partner,2022-08,5.25
Germany,CHN->Partner,2022-09,1.9339080374626665
Germany,CHN->Partner,2022-10,2.7606521345266906
Germany,CHN->Partner,2022-11,2.700207182642151
Germany,CHN->Partner,2022-12,3.8150980421750464
Germany,CHN->Partner,2023-01,-0.29999999999999716
Germany,CHN->Partner,2023-02,2.2968105977901754
Germany,CHN->Partner,2023-03,1.57179617846937
Germany,CHN->Partner,2023-04,1.9329481565012188
Germany,Partner->CHN,2002-01,0.6768257094064669
Germany,Partner->CHN,2002-02,2.623893230414083
Germany,Partner->CHN,2002-03,2.0771418994256106
Germany,Partner->CHN,2002-04,2.927926307846926
Germany,Partner->CHN,2002-05,2.0250000000000004
Germany,Partner->CHN,2002-06,2.4749999999999996
Germany,Partner->CHN,2002-07,4.746110630882789
Germany,Partner->CHN,2002-08,7.400000000000002
Germany,Partner->CHN,2002-09,4.277489129710876
Germany,Partner->CHN,2002-10,3.741335093194655
Germany,Partner->CHN,2002-11,2.466900529853831
Germany,Partner->CHN,2002-12,3.139597648945749
Germany,Partner->CHN,2003-01,2.9687668587979292
Germany,Partner->CHN,2003-02,2.8000000000000025
Germany,Partner->CHN,2003-03,3.561153271948587
Germany,Partner->CHN,2003-04,-0.3388849764563133
Germany,Partner->CHN,2003-05,1.2261950728742725
Germany,Partner->CHN,2003-06,2.3484692283495328
Germany,Partner->CHN,2003-07,2.2529298669111792
Germany,Partner->CHN,2003-08,2.9499999999999993
Germany,Partner->CHN,2003-09,1.3999208914710994
Germany,Partner->CHN,2003-10,3.480000000000002
Germany,Partner->CHN,2003-11,2.468372962399325
Germany,Partner->CHN,2003-12,2.4640991570323916
Germany,Partner->CHN,2004-01,2.76153379387328
Germany,Partner->CHN,2004-02,1.333333333333334
Germany,Partner->CHN,2004-03,2.7809865452746863
Germany,Partner->CHN,2004-04,2.5418901678024017
Germany,Partner->CHN,2004-05,2.1331177877469383
Germany,Partner->CHN,2004-06,1.6052292387088247
Germany,Partner->CHN,2004-07,3.6073053181558326
Germany,Partner->CHN,2004-08,-5.0
Germany,Partner->CHN,2004-09,2.261417678951398
Germany,Partner->CHN,2004-10,4.378151373325883
Germany,Partner->CHN,2004-11,2.7626953684737305
Germany,Partner->CHN,2004-12,2.077180819672252
Germany,Partner->CHN,2005-01,2.3048152674615245
Germany,Partner->CHN,2005-02,3.299999999999999
Germany,Partner->CHN,2005-03,1.6041517318081517
Germany,Partner->CHN,2005-04,3.2528947750148163
Germany,Partner->CHN,2005-05,1.0
Germany,Partner->CHN,2005-06,1.8983154328942824
Germany,Partner->CHN,2005-07,2.507277572923874
Germany,Partner->CHN,2005-08,-1.9999999999999982
Germany,Partner->CHN,2005-09,1.799999999999999
Germany,Partner->CHN,2005-10,-1.0413233312524444
Germany,Partner->CHN,2005-11,3.222846381019645
Germany,Partner->CHN,2005-12,3.2666666666666693
Germany,Partner->CHN,2006-01,2.5925469356227406
Germany,Partner->CHN,2006-02,2.3243141616386325
Germany,Partner->CHN,2006-03,2.080787502499275
Germany,Partner->CHN,2006-04,2.0548158881438088
Germany,Partner->CHN,2006-05,2.4035631901026964
Germany,Partner->CHN,2006-06,1.4260047392952853
Germany,Partner->CHN,2006-07,3.2596701762265727
Germany,Partner->CHN,2006-08,2.523501567583722
Germany,Partner->CHN,2006-09,1.9769664478067739
Germany,Partner->CHN,2006-10,2.1538025425930503
Germany,Partner->CHN,2006-11,1.1262661993708818
Germany,Partner->CHN,2006-12,2.7550215805780702
Germany,Partner->CHN,2007-01,1.3006193903542425
Germany,Partner->CHN,2007-02,1.7763568394002505e-15
Germany,Partner->CHN,2007-03,2.6385665755428924
Germany,Partner->CHN,2007-04,2.1183490107613405
Germany,Partner->CHN,2007-05,0.5066632617583195
Germany,Partner->CHN,2007-06,2.114796084198616
Germany,Partner->CHN,2007-07,1.7069047550030518
Germany,Partner->CHN,2007-08,2.472994055132842
Germany,Partner->CHN,2007-09,1.8914152662562245
Germany,Partner->CHN,2007-10,1.1001501323158251
Germany,Partner->CHN,2007-11,1.6071566032614317
Germany,Partner->CHN,2007-12,0.0267516033649855
Germany,Partner->CHN,2008-01,2.8328882351758793
Germany,Partner->CHN,2008-02,0.9648121569120836
Germany,Partner->CHN,2008-03,0.9111065726029448
Germany,Partner->CHN,2008-04,1.2577556654429802
Germany,Partner->CHN,2008-05,1.8263809142476024
Germany,Partner->CHN,2008-06,2.083530583964677
Germany,Partner->CHN,2008-07,1.838786532552124
Germany,Partner->CHN,2008-08,2.360000000000003
Germany,Partner->CHN,2008-09,1.3997652114413146
Germany,Partner->CHN,2008-10,3.5114481561530972
Germany,Partner->CHN,2008-11,1.075903878377213
Germany,Partner->CHN,2008-12,-0.6182195399586696
Germany,Partner->CHN,2009-01,2.5267956010910417
Germany,Partner->CHN,2009-02,3.3752391247347227
Germany,Partner->CHN,2009-03,7.9999999999999964
Germany,Partner->CHN,2009-04,2.499030801127919
Germany,Partner->CHN,2009-05,0.6618567412009799
Germany,Partner->CHN,2009-06,3.6249999999999982
Germany,Partner->CHN,2009-07,-1.3633674182836497
Germany,Partner->CHN,2009-08,0.054101966249684
Germany,Partner->CHN,2009-09,3.038847463470214
Germany,Partner->CHN,2009-10,3.4566009610850603
Germany,Partner->CHN,2009-11,-1.3352882835017912
Germany,Partner->CHN,2009-12,1.902693915089685
Germany,Partner->CHN,2010-01,1.7208254334318234
Germany,Partner->CHN,2010-02,2.685091936569682
Germany,Partner->CHN,2010-03,2.7500000000000018
Germany,Partner->CHN,2010-04,2.937342399528509
Germany,Partner->CHN,2010-05,2.5720852567101193
Germany,Partner->CHN,2010-06,4.899999999999997
Germany,Partner->CHN,2010-07,2.5459314341308605
Germany,Partner->CHN,2010-08,3.3999999999999986
Germany,Partner->CHN,2010-09,1.0
Germany,Partner->CHN,2010-10,2.043365472690752
Germany,Partner->CHN,2010-11,1.9534994723059569
Germany,Partner->CHN,2010-12,3.3999999999999986
Germany,Partner->CHN,2011-01,2.5900861252075558
Germany,Partner->CHN,2011-02,2.350000000000003
Germany,Partner->CHN,2011-03,2.4393835080954993
Germany,Partner->CHN,2011-04,2.277304631539783
Germany,Partner->CHN,2011-05,2.274687090977487
Germany,Partner->CHN,2011-06,2.2720700664475295
Germany,Partner->CHN,2011-07,2.8000000000000025
Germany,Partner->CHN,2011-08,-5.0
Germany,Partner->CHN,2011-09,-2.1907119787192535
Germany,Partner->CHN,2011-10,1.9339259069800772
Germany,Partner->CHN,2011-11,2.5252225320740145
Germany,Partner->CHN,2011-12,1.4023262439899042
Germany,Partner->CHN,2012-01,3.5262374991304686
Germany,Partner->CHN,2012-02,2.268411050577207
Germany,Partner->CHN,2012-03,2.3333333333333286
Germany,Partner->CHN,2012-04,2.2844508648789663
Germany,Partner->CHN,2012-05,2.5
Germany,Partner->CHN,2012-06,-1.6393705268844005
Germany,Partner->CHN,2012-07,0.8000000000000007
Germany,Partner->CHN,2012-08,2.6014369449815735
Germany,Partner->CHN,2012-09,1.2618915952918766
Germany,Partner->CHN,2012-10,3.243442779608552
Germany,Partner->CHN,2012-11,2.3000000000000025
Germany,Partner->CHN,2012-12,1.7745711608006562
Germany,Partner->CHN,2013-01,2.8426358549233655
Germany,Partner->CHN,2013-02,4.0
Germany,Partner->CHN,2013-03,2.1838973516856406
Germany,Partner->CHN,2013-04,4.540000000000001
Germany,Partner->CHN,2013-05,2.250209460146964
Germany,Partner->CHN,2013-06,1.4499999999999993
Germany,Partner->CHN,2013-07,1.2229292724780176
Germany,Partner->CHN,2013-08,1.0
Germany,Partner->CHN,2013-09,2.3230360968263444
Germany,Partner->CHN,2013-10,2.5
Germany,Partner->CHN,2013-11,4.547482692540976
Germany,Partner->CHN,2013-12,4.650431986433654
Germany,Partner->CHN,2014-01,3.8666699696100704
Germany,Partner->CHN,2014-02,2.0
Germany,Partner->CHN,2014-03,0.9285008368442274
Germany,Partner->CHN,2014-04,2.3562951368912675
Germany,Partner->CHN,2014-05,4.021871024281904
Germany,Partner->CHN,2014-06,5.5
Germany,Partner->CHN,2014-07,0.974045492294362
Germany,Partner->CHN,2014-08,2.8000000000000025
Germany,Partner->CHN,2014-09,1.1487174742355464
Germany,Partner->CHN,2014-10,2.633197007689578
Germany,Partner->CHN,2014-11,3.296110055909681
Germany,Partner->CHN,2014-12,1.3294853929607857
Germany,Partner->CHN,2015-01,1.6000000000000032
Germany,Partner->CHN,2015-02,2.630019412737459
Germany,Partner->CHN,2015-03,2.471197056147483
Germany,Partner->CHN,2015-04,3.968774473891118
Germany,Partner->CHN,2015-05,7.9999999999999964
Germany,Partner->CHN,2015-06,4.159999999999995
Germany,Partner->CHN,2015-07,4.998116444394281
Germany,Partner->CHN,2015-08,5.400000000000002
Germany,Partner->CHN,2015-09,2.9800000000000004
Germany,Partner->CHN,2015-10,3.164858559858759
Germany,Partner->CHN,2015-11,2.6999999999999993
Germany,Partner->CHN,2015-12,2.933333333333332
Germany,Partner->CHN,2016-01,2.080928370600491
Germany,Partner->CHN,2016-02,-0.6466836002158853
Germany,Partner->CHN,2016-03,2.6923572849930295
Germany,Partner->CHN,2016-04,3.1851633214130963
Germany,Partner->CHN,2016-05,2.0
Germany,Partner->CHN,2016-06,2.938516116647323
Germany,Partner->CHN,2016-07,4.110466202999158
Germany,Partner->CHN,2016-08,3.2782445003178537
Germany,Partner->CHN,2016-09,2.0675187735088745
Germany,Partner->CHN,2016-10,2.510909479366754
Germany,Partner->CHN,2016-11,2.9958387718808996
Germany,Partner->CHN,2016-12,2.6209856878480657
Germany,Partner->CHN,2017-01,2.2561723618389635
Germany,Partner->CHN,2017-02,2.7641696599382133
Germany,Partner->CHN,2017-03,1.1241325644299334
Germany,Partner->CHN,2017-04,2.339599259628958
Germany,Partner->CHN,2017-05,2.8290872548202604
Germany,Partner->CHN,2017-06,1.7546503804677016
Germany,Partner->CHN,2017-07,2.3463790522082686
Germany,Partner->CHN,2017-08,-1.9646912231479927
Germany,Partner->CHN,2017-09,2.2337553348217103
Germany,Partner->CHN,2017-10,4.392733101499578
Germany,Partner->CHN,2017-11,1.8571848330812024
Germany,Partner->CHN,2017-12,-0.02808021378003822
Germany,Partner->CHN,2018-01,3.849999999999998
Germany,Partner->CHN,2018-02,-0.5759885644052822
Germany,Partner->CHN,2018-03,2.6675133763996097
Germany,Partner->CHN,2018-04,4.817673354628848
Germany,Partner->CHN,2018-05,4.335197288150352
Germany,Partner->CHN,2018-06,4.233333333333331
Germany,Partner->CHN,2018-07,2.0356858040413925
Germany,Partner->CHN,2018-08,2.356221193600902
Germany,Partner->CHN,2018-09,2.599380116318418
Germany,Partner->CHN,2018-10,3.724999999999998
Germany,Partner->CHN,2018-11,2.504543585948065
Germany,Partner->CHN,2018-12,2.33070273463297
Germany,Partner->CHN,2019-01,1.7363749298025315
Germany,Partner->CHN,2019-02,1.2928342541379685
Germany,Partner->CHN,2019-03,2.351299673289134
Germany,Partner->CHN,2019-04,-1.3715728752538077
Germany,Partner->CHN,2019-05,2.4859203989500376
Germany,Partner->CHN,2019-06,2.0620665887728133
Germany,Partner->CHN,2019-07,1.338522091246423
Germany,Partner->CHN,2019-08,4.0
Germany,Partner->CHN,2019-09,2.1681682484883353
Germany,Partner->CHN,2019-10,3.7500000000000018
Germany,Partner->CHN,2019-11,2.6449828116619916
Germany,Partner->CHN,2019-12,1.5000000000000018
Germany,Partner->CHN,2020-01,1.5842335547319184
Germany,Partner->CHN,2020-02,1.5976195706994236
Germany,Partner->CHN,2020-03,0.6471768254606083
Germany,Partner->CHN,2020-04,-2.2810121462260806
Germany,Partner->CHN,2020-05,-1.9999999999999982
Germany,Partner->CHN,2020-06,2.98426958295183
Germany,Partner->CHN,2020-07,1.9609574797221736
Germany,Partner->CHN,2020-08,2.0706401499717444
Germany,Partner->CHN,2020-09,1.2541526883543987
Germany,Partner->CHN,2020-10,0.09999999999999964
Germany,Partner->CHN,2020-11,-0.01881235137888737
Germany,Partner->CHN,2020-12,0.11185489773531287
Germany,Partner->CHN,2021-01,0.766384995878008
Germany,Partner->CHN,2021-02,1.5000000000000018
Germany,Partner->CHN,2021-03,2.6000000000000014
Germany,Partner->CHN,2021-04,2.3953156385177703
Germany,Partner->CHN,2021-05,3.333333333333334
Germany,Partner->CHN,2021-06,1.1501365102036
Germany,Partner->CHN,2021-07,3.6548698208580763
Germany,Partner->CHN,2021-08,1.1856033936905614
Germany,Partner->CHN,2021-09,2.4354956040499367
Germany,Partner->CHN,2021-10,1.3346091903686261
Germany,Partner->CHN,2021-11,3.1860792818163706
Germany,Partner->CHN,2021-12,2.2563808738391575
Germany,Partner->CHN,2022-01,1.7222222222222232
Germany,Partner->CHN,2022-02,1.5000000000000018
Germany,Partner->CHN,2022-03,6.0292319471295315
Germany,Partner->CHN,2022-04,1.3435242848057705
Germany,Partner->CHN,2022-05,1.8042357881448368
Germany,Partner->CHN,2022-06,5.379933774108295
Germany,Partner->CHN,2022-07,2.5586731038942894
Germany,Partner->CHN,2022-08,4.826416654443154
Germany,Partner->CHN,2022-09,0.5236647312823521
Germany,Partner->CHN,2022-10,2.8811707642810607
Germany,Partner->CHN,2022-11,2.0482398039793868
Germany,Partner->CHN,2022-12,3.379941021996709
Germany,Partner->CHN,2023-01,0.13333333333333286
Germany,Partner->CHN,2023-02,0.641932783375168
Germany,Partner->CHN,2023-03,0.6687819840084401
Germany,Partner->CHN,2023-04,2.1552055223101405
India,Aggregated,2002-01,2.5171641558193567
India,Aggregated,2002-02,1.5842231703716418
India,Aggregated,2002-03,3.1961053954411813
India,Aggregated,2002-04,3.1795422777785145
India,Aggregated,2002-05,-0.17164247058371807
India,Aggregated,2002-06,2.1130249602832034
India,Aggregated,2002-07,2.893095627856699
India,Aggregated,2002-08,0.09079789394511195
India,Aggregated,2002-09,1.3733938843391194
India,Aggregated,2002-10,2.6153456805165387
India,Aggregated,2002-11,2.48308794205081
India,Aggregated,2002-12,2.689995982590684
India,Aggregated,2003-01,0.5818560058415052
India,Aggregated,2003-02,2.25
India,Aggregated,2003-03,2.312958355178404
India,Aggregated,2003-04,2.344870840120736
India,Aggregated,2003-05,2.2915598346853674
India,Aggregated,2003-06,2.566437134480097
India,Aggregated,2003-07,2.0616081854435357
India,Aggregated,2003-08,0.8420775798236235
India,Aggregated,2003-09,1.2910406482988623
India,Aggregated,2003-10,2.937941563152796
India,Aggregated,2003-11,2.6834674602570026
India,Aggregated,2003-12,3.7805878628243494
India,Aggregated,2004-01,2.939070683304548
India,Aggregated,2004-02,0.19881788903695252
India,Aggregated,2004-03,2.3571227614963863
India,Aggregated,2004-04,2.248974512241162
India,Aggregated,2004-05,2.3876366553995254
India,Aggregated,2004-06,2.250852470621142
India,Aggregated,2004-07,2.430008946916825
India,Aggregated,2004-08,1.565030769656234
India,Aggregated,2004-09,3.4029274643967486
India,Aggregated,2004-10,2.460396883198479
India,Aggregated,2004-11,2.258963647677195
India,Aggregated,2004-12,3.307532563438585
India,Aggregated,2005-01,3.9758134295736838
India,Aggregated,2005-02,2.657202781850371
India,Aggregated,2005-03,3.030584212857095
India,Aggregated,2005-04,2.6221392159572563
India,Aggregated,2005-05,2.5183425336764795
India,Aggregated,2005-06,2.480904587112292
India,Aggregated,2005-07,1.1320825640243868
India,Aggregated,2005-08,2.86026232644989
India,Aggregated,2005-09,2.874602922833123
India,Aggregated,2005-10,2.34625037616094
India,Aggregated,2005-11,2.4489501385908454
India,Aggregated,2005-12,3.7141543894399636
India,Aggregated,2006-01,3.1652956444649316
India,Aggregated,2006-02,2.6490519967869854
India,Aggregated,2006-03,2.5170782709003063
India,Aggregated,2006-04,2.6768439881678923
India,Aggregated,2006-05,3.04261331386582
India,Aggregated,2006-06,2.236797896729705
India,Aggregated,2006-07,1.935836641162382
India,Aggregated,2006-08,1.2615514304625872
India,Aggregated,2006-09,1.869712644309251
India,Aggregated,2006-10,1.7282851606285625
India,Aggregated,2006-11,2.2300286986543565
India,Aggregated,2006-12,1.62322931646883
India,Aggregated,2007-01,2.638934291659167
India,Aggregated,2007-02,2.0825051396004177
India,Aggregated,2007-03,1.6579531868939466
India,Aggregated,2007-04,1.9947044012461426
India,Aggregated,2007-05,1.1722595389193717
India,Aggregated,2007-06,1.2955185698062657
India,Aggregated,2007-07,-4.7333333333333325
India,Aggregated,2007-08,1.2686159545116187
India,Aggregated,2007-09,2.216792835845512
India,Aggregated,2007-10,2.348238085167768
India,Aggregated,2007-11,1.4372652976131768
India,Aggregated,2007-12,0.5221517899634005
India,Aggregated,2008-01,2.4486363973282295
India,Aggregated,2008-02,0.7443690821002065
India,Aggregated,2008-03,0.15593546309913364
India,Aggregated,2008-04,0.4078303262387699
India,Aggregated,2008-05,1.684937302159966
India,Aggregated,2008-06,1.466781317960697
India,Aggregated,2008-07,1.5795967454032063
India,Aggregated,2008-08,1.1238082657161037
India,Aggregated,2008-09,2.566560256332748
India,Aggregated,2008-10,1.684104835675173
India,Aggregated,2008-11,2.5165083875500383
India,Aggregated,2008-12,2.0418225116666555
India,Aggregated,2009-01,0.53534546000588
India,Aggregated,2009-02,-1.4344798467271715
India,Aggregated,2009-03,1.4335863695649103
India,Aggregated,2009-04,0.7733327383752773
India,Aggregated,2009-05,1.0672679359318984
India,Aggregated,2009-06,1.771531643296294
India,Aggregated,2009-07,0.7965724984855402
India,Aggregated,2009-08,1.616704204142838
India,Aggregated,2009-09,0.6892292127699555
India,Aggregated,2009-10,1.0764160385084072
India,Aggregated,2009-11,1.0297626225466043
India,Aggregated,2009-12,1.793856790859051
India,Aggregated,2010-01,0.6291441174788446
India,Aggregated,2010-02,-1.3280800580512704
India,Aggregated,2010-03,2.530463072935781
India,Aggregated,2010-04,2.5303484297304006
India,Aggregated,2010-05,1.3818379768286082
India,Aggregated,2010-06,1.2740568039428126
India,Aggregated,2010-07,2.275970166750435
India,Aggregated,2010-08,0.2723658386591321
India,Aggregated,2010-09,0.3366178322264215
India,Aggregated,2010-10,2.116009324932273
India,Aggregated,2010-11,1.3146565446372112
India,Aggregated,2010-12,1.354333512550964
India,Aggregated,2011-01,-2.0862982450689316
India,Aggregated,2011-02,-0.3897448018355014
India,Aggregated,2011-03,-0.3317097391626067
India,Aggregated,2011-04,0.8629803075993223
India,Aggregated,2011-05,1.5876811959857768
India,Aggregated,2011-06,1.576562533514272
India,Aggregated,2011-07,0.3321984160311615
India,Aggregated,2011-08,1.9520194179004235
India,Aggregated,2011-09,0.014357544815853274
India,Aggregated,2011-10,-2.353806963430756
India,Aggregated,2011-11,1.091368764014744
India,Aggregated,2011-12,2.598546074906027
India,Aggregated,2012-01,0.9785352323514083
India,Aggregated,2012-02,1.7783438560052414
India,Aggregated,2012-03,2.48178824889089
India,Aggregated,2012-04,1.631203978494872
India,Aggregated,2012-05,0.6608293991170502
India,Aggregated,2012-06,2.0176860389567715
India,Aggregated,2012-07,-2.074010738162176
India,Aggregated,2012-08,1.119748936990165
India,Aggregated,2012-09,0.9719292173457159
India,Aggregated,2012-10,1.7763568394002505e-15
India,Aggregated,2012-11,0.9539792351549448
India,Aggregated,2012-12,0.7598712662312721
India,Aggregated,2013-01,-0.994112957352808
India,Aggregated,2013-02,0.9290374772692811
India,Aggregated,2013-03,1.9641561875402118
India,Aggregated,2013-04,-0.5576472790494904
India,Aggregated,2013-05,1.873700690719863
India,Aggregated,2013-06,1.2678240105856808
India,Aggregated,2013-07,2.0312521566118047
India,Aggregated,2013-08,2.1967135817152528
India,Aggregated,2013-09,-0.41263745574955557
India,Aggregated,2013-10,2.6538274697328195
India,Aggregated,2013-11,0.811944808467528
India,Aggregated,2013-12,-1.6087623953643035
India,Aggregated,2014-01,1.900452105861092
India,Aggregated,2014-02,1.8160678196851787
India,Aggregated,2014-03,-1.5282283020582454
India,Aggregated,2014-04,0.8494206877719446
India,Aggregated,2014-05,1.3764097139581057
India,Aggregated,2014-06,1.8398267869865137
India,Aggregated,2014-07,2.105849530395023
India,Aggregated,2014-08,2.2741365411702894
India,Aggregated,2014-09,2.0568151633668794
India,Aggregated,2014-10,0.5512818450508306
India,Aggregated,2014-11,1.2487495634453865
India,Aggregated,2014-12,0.8548969383662488
India,Aggregated,2015-01,1.5687200786482567
India,Aggregated,2015-02,0.9252241928485905
India,Aggregated,2015-03,1.66635425674375
India,Aggregated,2015-04,2.4534494209497826
India,Aggregated,2015-05,2.0454976203049338
India,Aggregated,2015-06,1.3574590639694097
India,Aggregated,2015-07,0.672806124147435
India,Aggregated,2015-08,1.23732032528879
India,Aggregated,2015-09,2.731325902553973
India,Aggregated,2015-10,2.067643440934427
India,Aggregated,2015-11,2.1811308623658494
India,Aggregated,2015-12,1.4789946141535832
India,Aggregated,2016-01,-0.4046791881281404
India,Aggregated,2016-02,1.3828108744181904
India,Aggregated,2016-03,-1.4438173873167148
India,Aggregated,2016-04,0.39259976415401354
India,Aggregated,2016-05,1.0432086163805305
India,Aggregated,2016-06,0.013721975604990888
India,Aggregated,2016-07,0.5596486390784055
India,Aggregated,2016-08,0.21590451928651966
India,Aggregated,2016-09,1.1260766987441375
India,Aggregated,2016-10,2.2718907391312637
India,Aggregated,2016-11,-0.09684830309443271
India,Aggregated,2016-12,0.5343197465428968
India,Aggregated,2017-01,-0.22818450044858984
India,Aggregated,2017-02,1.6425691631032286
India,Aggregated,2017-03,1.5767074815453093
India,Aggregated,2017-04,1.8026642602117011
India,Aggregated,2017-05,0.41742047091157275
India,Aggregated,2017-06,0.05526373032300391
India,Aggregated,2017-07,-0.943295804942144
India,Aggregated,2017-08,-2.3529988693352415
India,Aggregated,2017-09,1.219319515318226
India,Aggregated,2017-10,-0.5856362253421405
India,Aggregated,2017-11,0.2729482158430834
India,Aggregated,2017-12,0.1287164526012745
India,Aggregated,2018-01,1.223449749845262
India,Aggregated,2018-02,0.9300800322206246
India,Aggregated,2018-03,1.6001733856309261
India,Aggregated,2018-04,1.9167772089563382
India,Aggregated,2018-05,3.0146024273476826
India,Aggregated,2018-06,1.4304939305945688
India,Aggregated,2018-07,2.3438411782249524
India,Aggregated,2018-08,1.6620545293821518
India,Aggregated,2018-09,-1.5100080973657413
India,Aggregated,2018-10,0.92641704954735
India,Aggregated,2018-11,2.0004058345783537
India,Aggregated,2018-12,1.395748052259659
India,Aggregated,2019-01,0.47153400481627905
India,Aggregated,2019-02,0.7214863867899464
India,Aggregated,2019-03,0.15245154235855018
India,Aggregated,2019-04,-2.5273650619249945
India,Aggregated,2019-05,2.4806636838153864
India,Aggregated,2019-06,1.7479338202269599
India,Aggregated,2019-07,1.8340232619540622
India,Aggregated,2019-08,0.37215087184356577
India,Aggregated,2019-09,-0.16275799229727816
India,Aggregated,2019-10,1.7122141206721881
India,Aggregated,2019-11,0.5874626670250489
India,Aggregated,2019-12,0.3585611916300184
India,Aggregated,2020-01,1.3124674009641062
India,Aggregated,2020-02,1.3958028823736761
India,Aggregated,2020-03,2.4760334463850935
India,Aggregated,2020-04,0.9830779186379406
India,Aggregated,2020-05,-4.654237397906729
India,Aggregated,2020-06,-2.2805118963372983
India,Aggregated,2020-07,-2.086133648448003
India,Aggregated,2020-08,-0.8374880164952714
India,Aggregated,2020-09,0.14940243034714484
India,Aggregated,2020-10,-0.6261631946793482
India,Aggregated,2020-11,1.2525242044722802
India,Aggregated,2020-12,-0.40286656563057655
India,Aggregated,2021-01,-0.9461266274146727
India,Aggregated,2021-02,1.8090818303042333
India,Aggregated,2021-03,2.203053897919256
India,Aggregated,2021-04,1.1495476858155325
India,Aggregated,2021-05,0.2365381851395032
India,Aggregated,2021-06,0.5078275920370316
India,Aggregated,2021-07,-0.0244130760339889
India,Aggregated,2021-08,2.0625457880731837
India,Aggregated,2021-09,1.0563971952869409
India,Aggregated,2021-10,-0.8247261692986321
India,Aggregated,2021-11,-0.9567786876424034
India,Aggregated,2021-12,-0.27604898873713424
India,Aggregated,2022-01,-0.44709629442794174
India,Aggregated,2022-02,-0.8650123169452879
India,Aggregated,2022-03,2.086026048199651
India,Aggregated,2022-04,2.206299573827236
India,Aggregated,2022-05,0.8890699552291252
India,Aggregated,2022-06,1.1202922508767958
India,Aggregated,2022-07,-0.6305996473197641
India,Aggregated,2022-08,-1.9174355142229533
India,Aggregated,2022-09,1.1919064567138875
India,Aggregated,2022-10,0.39524693298051616
India,Aggregated,2022-11,1.1024544033697126
India,Aggregated,2022-12,-5.429567735595461
India,Aggregated,2023-01,-0.09178971512199574
India,Aggregated,2023-02,1.45997584977005
India,Aggregated,2023-03,-0.9854370042908034
India,Aggregated,2023-04,-1.87553302619631
India,CHN->Partner,2002-01,2.360458350024686
India,CHN->Partner,2002-02,0.589099639482896
India,CHN->Partner,2002-03,2.485710334953266
India,CHN->Partner,2002-04,3.243218980534891
India,CHN->Partner,2002-05,-0.22378780017534972
India,CHN->Partner,2002-06,1.8441003717200193
India,CHN->Partner,2002-07,2.734262809154492
India,CHN->Partner,2002-08,1.612499999999999
India,CHN->Partner,2002-09,1.583767528220191
India,CHN->Partner,2002-10,2.1722033994345455
India,CHN->Partner,2002-11,2.7773459693573255
India,CHN->Partner,2002-12,2.5111339798865178
India,CHN->Partner,2003-01,0.5034798386843384
India,CHN->Partner,2003-02,4.499999999999998
India,CHN->Partner,2003-03,2.172978404394282
India,CHN->Partner,2003-04,2.542293144719727
India,CHN->Partner,2003-05,3.0831650310743033
India,CHN->Partner,2003-06,2.714011586072113
India,CHN->Partner,2003-07,2.252546469417144
India,CHN->Partner,2003-08,2.0528841976875487
India,CHN->Partner,2003-09,2.4045081454590527
India,CHN->Partner,2003-10,2.9132861828535592
India,CHN->Partner,2003-11,2.96242962568531
India,CHN->Partner,2003-12,4.530985150469078
India,CHN->Partner,2004-01,2.685553004140969
India,CHN->Partner,2004-02,2.7439814854994484
India,CHN->Partner,2004-03,2.2080250355701523
India,CHN->Partner,2004-04,2.4295608890091085
India,CHN->Partner,2004-05,2.99191917782999
India,CHN->Partner,2004-06,2.285719419235523
India,CHN->Partner,2004-07,2.898640771382274
India,CHN->Partner,2004-08,2.194227404040392
India,CHN->Partner,2004-09,3.212305982418627
India,CHN->Partner,2004-10,2.5626869174562685
India,CHN->Partner,2004-11,2.9399610719952705
India,CHN->Partner,2004-12,3.7964308351692218
India,CHN->Partner,2005-01,4.123194004574206
India,CHN->Partner,2005-02,2.9079772081793944
India,CHN->Partner,2005-03,2.9219140193620294
India,CHN->Partner,2005-04,2.646044698747506
India,CHN->Partner,2005-05,3.1832180590354966
India,CHN->Partner,2005-06,2.107657743313636
India,CHN->Partner,2005-07,1.1251517754403118
India,CHN->Partner,2005-08,2.827566760666631
India,CHN->Partner,2005-09,3.3135484989532316
India,CHN->Partner,2005-10,2.1270745907582302
India,CHN->Partner,2005-11,3.149566181410181
India,CHN->Partner,2005-12,3.8133345819820867
India,CHN->Partner,2006-01,2.908566260461855
India,CHN->Partner,2006-02,2.712994983602064
India,CHN->Partner,2006-03,2.523612458682617
India,CHN->Partner,2006-04,2.8009950916940447
India,CHN->Partner,2006-05,2.851495034650945
India,CHN->Partner,2006-06,2.3359212533545044
India,CHN->Partner,2006-07,2.993051832556983
India,CHN->Partner,2006-08,2.1616668866165227
India,CHN->Partner,2006-09,2.050258616877784
India,CHN->Partner,2006-10,1.5490042577954348
India,CHN->Partner,2006-11,2.2061427457702223
India,CHN->Partner,2006-12,2.1414492219024996
India,CHN->Partner,2007-01,3.1031154714497315
India,CHN->Partner,2007-02,2.154045322635115
India,CHN->Partner,2007-03,1.6490981156726772
India,CHN->Partner,2007-04,1.82261228441166
India,CHN->Partner,2007-05,2.3623198861929566
India,CHN->Partner,2007-06,2.4720753286507122
India,CHN->Partner,2007-07,-5.0
India,CHN->Partner,2007-08,1.739711346936442
India,CHN->Partner,2007-09,2.5647930170295457
India,CHN->Partner,2007-10,2.462144673412242
India,CHN->Partner,2007-11,1.9393217205585973
India,CHN->Partner,2007-12,1.6243666258981904
India,CHN->Partner,2008-01,2.7111457807950767
India,CHN->Partner,2008-02,0.6496785224029349
India,CHN->Partner,2008-03,0.8609352374255597
India,CHN->Partner,2008-04,0.7868093853259275
India,CHN->Partner,2008-05,1.6115990848108126
India,CHN->Partner,2008-06,2.5514854648256993
India,CHN->Partner,2008-07,2.2819817951699335
India,CHN->Partner,2008-08,1.0862564019598633
India,CHN->Partner,2008-09,2.8496255843934737
India,CHN->Partner,2008-10,2.699126294213352
India,CHN->Partner,2008-11,2.7261812683501496
India,CHN->Partner,2008-12,1.8598231059978954
India,CHN->Partner,2009-01,0.7871306912354736
India,CHN->Partner,2009-02,-0.7266531078436707
India,CHN->Partner,2009-03,0.8690461561079488
India,CHN->Partner,2009-04,1.3858041947340158
India,CHN->Partner,2009-05,1.723802015052673
India,CHN->Partner,2009-06,1.7248481843659018
India,CHN->Partner,2009-07,1.0004550620063384
India,CHN->Partner,2009-08,3.294206626797159
India,CHN->Partner,2009-09,0.9026665888386916
India,CHN->Partner,2009-10,1.321043983982344
India,CHN->Partner,2009-11,1.267678097014219
India,CHN->Partner,2009-12,2.288994131437647
India,CHN->Partner,2010-01,0.5227993963313793
India,CHN->Partner,2010-02,0.6222222222222218
India,CHN->Partner,2010-03,3.128381184288507
India,CHN->Partner,2010-04,2.322852333847777
India,CHN->Partner,2010-05,1.7455233697638874
India,CHN->Partner,2010-06,-0.074518187776345
India,CHN->Partner,2010-07,1.9577657168673923
India,CHN->Partner,2010-08,1.2731118616230201
India,CHN->Partner,2010-09,2.9372443776966346
India,CHN->Partner,2010-10,2.521159332385098
India,CHN->Partner,2010-11,2.2958393308927523
India,CHN->Partner,2010-12,1.8629693315517954
India,CHN->Partner,2011-01,-0.5129509922294861
India,CHN->Partner,2011-02,-1.769052498068886
India,CHN->Partner,2011-03,-0.14396482834726676
India,CHN->Partner,2011-04,0.47422463687947847
India,CHN->Partner,2011-05,1.6947909295228758
India,CHN->Partner,2011-06,2.032964305138753
India,CHN->Partner,2011-07,2.005399377842574
India,CHN->Partner,2011-08,1.5000000000000018
India,CHN->Partner,2011-09,0.5492097903601696
India,CHN->Partner,2011-10,-3.047596159536405
India,CHN->Partner,2011-11,1.5955469507916238
India,CHN->Partner,2011-12,2.8146097216559607
India,CHN->Partner,2012-01,0.980044408829654
India,CHN->Partner,2012-02,3.228963592071832
India,CHN->Partner,2012-03,2.6585341633228516
India,CHN->Partner,2012-04,1.578413405034821
India,CHN->Partner,2012-05,0.28791887985765285
India,CHN->Partner,2012-06,2.1976637329791338
India,CHN->Partner,2012-07,-2.5585540416404324
India,CHN->Partner,2012-08,2.059497519111545
India,CHN->Partner,2012-09,0.9379035129358417
India,CHN->Partner,2012-10,1.7763568394002505e-15
India,CHN->Partner,2012-11,1.1569864008209887
India,CHN->Partner,2012-12,-0.6479228342796013
India,CHN->Partner,2013-01,1.48994806041671
India,CHN->Partner,2013-02,2.525552302400092
India,CHN->Partner,2013-03,1.9143524325891814
India,CHN->Partner,2013-04,-0.42897067013549695
India,CHN->Partner,2013-05,1.472920567333464
India,CHN->Partner,2013-06,2.1768750858429833
India,CHN->Partner,2013-07,2.4538711569977547
India,CHN->Partner,2013-08,2.345345180004138
India,CHN->Partner,2013-09,0.747439551707572
India,CHN->Partner,2013-10,2.6445735506942203
India,CHN->Partner,2013-11,2.4727261617816545
India,CHN->Partner,2013-12,-1.6089021673083241
India,CHN->Partner,2014-01,1.8732884443460573
India,CHN->Partner,2014-02,2.4531028342758905
India,CHN->Partner,2014-03,0.6000000000000014
India,CHN->Partner,2014-04,2.0512040551966084
India,CHN->Partner,2014-05,2.198948077770323
India,CHN->Partner,2014-06,1.6563780452612171
India,CHN->Partner,2014-07,2.30207800446089
India,CHN->Partner,2014-08,2.4262265183969554
India,CHN->Partner,2014-09,1.9146467409423327
India,CHN->Partner,2014-10,-0.11580519553797153
India,CHN->Partner,2014-11,1.99879596522773
India,CHN->Partner,2014-12,1.3106033936905632
India,CHN->Partner,2015-01,1.7711310509562121
India,CHN->Partner,2015-02,0.6962052114866495
India,CHN->Partner,2015-03,1.9602444742048721
India,CHN->Partner,2015-04,2.671799954383685
India,CHN->Partner,2015-05,2.408867401584674
India,CHN->Partner,2015-06,1.9827495097066254
India,CHN->Partner,2015-07,0.728672522081915
India,CHN->Partner,2015-08,2.090403731068454
India,CHN->Partner,2015-09,2.754388585116006
India,CHN->Partner,2015-10,2.70053257671608
India,CHN->Partner,2015-11,1.8382219592720794
India,CHN->Partner,2015-12,1.8947643892561796
India,CHN->Partner,2016-01,-0.09492346907377502
India,CHN->Partner,2016-02,2.8012665412484647
India,CHN->Partner,2016-03,-0.2393966063094357
India,CHN->Partner,2016-04,-0.4752883157766714
India,CHN->Partner,2016-05,0.4525798032870103
India,CHN->Partner,2016-06,-0.502911981479981
India,CHN->Partner,2016-07,0.8461373961989711
India,CHN->Partner,2016-08,0.47012108993875223
India,CHN->Partner,2016-09,1.3083832811044545
India,CHN->Partner,2016-10,1.8596555940468118
India,CHN->Partner,2016-11,0.4256427291705265
India,CHN->Partner,2016-12,0.29490109742810766
India,CHN->Partner,2017-01,-0.7564800788748336
India,CHN->Partner,2017-02,2.2415277947611134
India,CHN->Partner,2017-03,1.0736222906543826
India,CHN->Partner,2017-04,1.4291240131296075
India,CHN->Partner,2017-05,0.757097034540168
India,CHN->Partner,2017-06,-0.11537667148941289
India,CHN->Partner,2017-07,-0.6329487009328894
India,CHN->Partner,2017-08,-2.2973795289844396
India,CHN->Partner,2017-09,0.9595077022801775
India,CHN->Partner,2017-10,0.11978062499149189
India,CHN->Partner,2017-11,0.39528327715569844
India,CHN->Partner,2017-12,0.8094210077563293
India,CHN->Partner,2018-01,1.6533734915657927
India,CHN->Partner,2018-02,0.9497168122513546
India,CHN->Partner,2018-03,1.9040823800171687
India,CHN->Partner,2018-04,1.518517021190064
India,CHN->Partner,2018-05,3.473097112886311
India,CHN->Partner,2018-06,2.291537741601852
India,CHN->Partner,2018-07,2.0600891873153433
India,CHN->Partner,2018-08,1.6377769405856224
India,CHN->Partner,2018-09,-0.9723574077595867
India,CHN->Partner,2018-10,1.1302672661412405
India,CHN->Partner,2018-11,2.3377611655798756
India,CHN->Partner,2018-12,1.8628113237600719
India,CHN->Partner,2019-01,0.7684269690160406
India,CHN->Partner,2019-02,0.2987903386916564
India,CHN->Partner,2019-03,0.5729468711426033
India,CHN->Partner,2019-04,-2.617190357813744
India,CHN->Partner,2019-05,2.300354237385367
India,CHN->Partner,2019-06,1.8199830740494534
India,CHN->Partner,2019-07,2.5442673320451803
India,CHN->Partner,2019-08,0.4780496992516099
India,CHN->Partner,2019-09,-0.17275205101311464
India,CHN->Partner,2019-10,2.0589698323232923
India,CHN->Partner,2019-11,1.6369416427668035
India,CHN->Partner,2019-12,1.172298827122198
India,CHN->Partner,2020-01,2.4600000000000026
India,CHN->Partner,2020-02,2.2875866091281107
India,CHN->Partner,2020-03,2.4232732557481036
India,CHN->Partner,2020-04,1.4534212162088807
India,CHN->Partner,2020-05,-4.3165154325753
India,CHN->Partner,2020-06,-2.995377974918126
India,CHN->Partner,2020-07,-2.01341412550018
India,CHN->Partner,2020-08,-0.5789925745159756
India,CHN->Partner,2020-09,0.8352550612026821
India,CHN->Partner,2020-10,-1.0577886639717295
India,CHN->Partner,2020-11,1.7323482725082933
India,CHN->Partner,2020-12,-0.1638215542336674
India,CHN->Partner,2021-01,1.1471776127895783
India,CHN->Partner,2021-02,2.2759059646354896
India,CHN->Partner,2021-03,2.5539619155703406
India,CHN->Partner,2021-04,1.1096163737602716
India,CHN->Partner,2021-05,0.1260138166864646
India,CHN->Partner,2021-06,0.5154463642667757
India,CHN->Partner,2021-07,0.9973767118763384
India,CHN->Partner,2021-08,1.3161162929595456
India,CHN->Partner,2021-09,1.0046574746078498
India,CHN->Partner,2021-10,-0.23647427099349372
India,CHN->Partner,2021-11,-1.8634832517719424
India,CHN->Partner,2021-12,0.2671829636806766
India,CHN->Partner,2022-01,-1.926576498099143
India,CHN->Partner,2022-02,-1.615706185758123
India,CHN->Partner,2022-03,2.3485460916487675
India,CHN->Partner,2022-04,2.2025935508403425
India,CHN->Partner,2022-05,1.3946781873501983
India,CHN->Partner,2022-06,0.8937657317244074
India,CHN->Partner,2022-07,0.6021561234916284
India,CHN->Partner,2022-08,-0.5485514448297995
India,CHN->Partner,2022-09,0.4933987515471365
India,CHN->Partner,2022-10,0.5391459185370397
India,CHN->Partner,2022-11,1.5874999999999986
India,CHN->Partner,2022-12,-6.010201403513868
India,CHN->Partner,2023-01,-1.210841754690195
India,CHN->Partner,2023-02,3.010596951555325
India,CHN->Partner,2023-03,-0.5475473470961081
India,CHN->Partner,2023-04,-2.256375668252618
India,Partner->CHN,2002-01,2.777140103060301
India,Partner->CHN,2002-02,2.2965868110512293
India,Partner->CHN,2002-03,3.3915589192515316
India,Partner->CHN,2002-04,3.413461629830067
India,Partner->CHN,2002-05,2.6000000000000014
India,Partner->CHN,2002-06,3.2072767541750338
India,Partner->CHN,2002-07,2.2548429295302164
India,Partner->CHN,2002-08,0.49739751794389164
India,Partner->CHN,2002-09,1.1644918019841715
India,Partner->CHN,2002-10,2.38603597608658
India,Partner->CHN,2002-11,2.406921131267133
India,Partner->CHN,2002-12,2.8846558426155724
India,Partner->CHN,2003-01,0.2877525766217701
India,Partner->CHN,2003-02,2.25
India,Partner->CHN,2003-03,2.181674229024866
India,Partner->CHN,2003-04,2.09161476869736
India,Partner->CHN,2003-05,1.7895171460440231
India,Partner->CHN,2003-06,2.4283404620176885
India,Partner->CHN,2003-07,2.260767301231814
India,Partner->CHN,2003-08,0.6863916928011538
India,Partner->CHN,2003-09,1.8674399856283443
India,Partner->CHN,2003-10,3.062595318121801
India,Partner->CHN,2003-11,2.862998139763091
India,Partner->CHN,2003-12,3.713921304805858
India,Partner->CHN,2004-01,3.406555148326552
India,Partner->CHN,2004-02,-0.3016266746080447
India,Partner->CHN,2004-03,3.2260435604015463
India,Partner->CHN,2004-04,2.2365653034715205
India,Partner->CHN,2004-05,0.8830426313388724
India,Partner->CHN,2004-06,2.3540290332583833
India,Partner->CHN,2004-07,1.9332066372236678
India,Partner->CHN,2004-08,1.8014846505271844
India,Partner->CHN,2004-09,4.281595858423289
India,Partner->CHN,2004-10,2.0034944392138065
India,Partner->CHN,2004-11,2.0726795816470585
India,Partner->CHN,2004-12,2.7831614126596627
India,Partner->CHN,2005-01,3.250745125345281
India,Partner->CHN,2005-02,2.3410240088569747
India,Partner->CHN,2005-03,3.314253540088435
India,Partner->CHN,2005-04,2.7643041235082784
India,Partner->CHN,2005-05,2.3944457700815143
India,Partner->CHN,2005-06,2.695267842231292
India,Partner->CHN,2005-07,2.2172432176557173
India,Partner->CHN,2005-08,3.893760289683563
India,Partner->CHN,2005-09,2.7998288124158552
India,Partner->CHN,2005-10,2.6321272712145465
India,Partner->CHN,2005-11,2.255305134851417
India,Partner->CHN,2005-12,3.874676116822366
India,Partner->CHN,2006-01,3.4299346413559277
India,Partner->CHN,2006-02,2.5473671739323667
India,Partner->CHN,2006-03,2.907601098184374
India,Partner->CHN,2006-04,2.675183036626505
India,Partner->CHN,2006-05,3.307469465924145
India,Partner->CHN,2006-06,2.4030802058526213
India,Partner->CHN,2006-07,1.5367249168708348
India,Partner->CHN,2006-08,0.9238074522283775
India,Partner->CHN,2006-09,1.9629844984591394
India,Partner->CHN,2006-10,2.6960188543035404
India,Partner->CHN,2006-11,2.5192417969584575
India,Partner->CHN,2006-12,2.093911234581636
India,Partner->CHN,2007-01,2.8039090916288085
India,Partner->CHN,2007-02,1.9890912637821572
India,Partner->CHN,2007-03,2.193818413386751
India,Partner->CHN,2007-04,2.8044727433410657
India,Partner->CHN,2007-05,1.1767066024160382
India,Partner->CHN,2007-06,1.2199016420397708
India,Partner->CHN,2007-07,-4.6
India,Partner->CHN,2007-08,1.3102070197587743
India,Partner->CHN,2007-09,2.133180127402408
India,Partner->CHN,2007-10,2.519050702830679
India,Partner->CHN,2007-11,1.7712460312596878
India,Partner->CHN,2007-12,0.3090974928043817
India,Partner->CHN,2008-01,2.1825107574014933
India,Partner->CHN,2008-02,1.2545276990737655
India,Partner->CHN,2008-03,-0.0519988237140705
India,Partner->CHN,2008-04,0.5556352312771544
India,Partner->CHN,2008-05,1.5298598438140605
India,Partner->CHN,2008-06,1.6181047795384256
India,Partner->CHN,2008-07,1.5348858214541306
India,Partner->CHN,2008-08,1.2315462802870716
India,Partner->CHN,2008-09,2.2364411025844824
India,Partner->CHN,2008-10,1.3821860529498835
India,Partner->CHN,2008-11,2.4471599076818826
India,Partner->CHN,2008-12,2.4127037446507753
India,Partner->CHN,2009-01,1.4400639340914694
India,Partner->CHN,2009-02,-2.284599690504031
India,Partner->CHN,2009-03,2.3702761700803983
India,Partner->CHN,2009-04,0.5278670421398814
India,Partner->CHN,2009-05,0.8785808353216922
India,Partner->CHN,2009-06,2.109983896075269
India,Partner->CHN,2009-07,1.1985111218711264
India,Partner->CHN,2009-08,1.2165258296394317
India,Partner->CHN,2009-09,1.773763931828917
India,Partner->CHN,2009-10,1.346939603746371
India,Partner->CHN,2009-11,1.6771580185614123
India,Partner->CHN,2009-12,1.7679918532951593
India,Partner->CHN,2010-01,1.0893089636884064
India,Partner->CHN,2010-02,-1.3999999999999986
India,Partner->CHN,2010-03,2.2229621034619313
India,Partner->CHN,2010-04,2.6282308153447573
India,Partner->CHN,2010-05,1.5462277279673629
India,Partner->CHN,2010-06,3.16
India,Partner->CHN,2010-07,2.7751502658708755
India,Partner->CHN,2010-08,-0.37676986388779454
India,Partner->CHN,2010-09,-0.32950910768556874
India,Partner->CHN,2010-10,2.5149142520678396
India,Partner->CHN,2010-11,1.246905691698963
India,Partner->CHN,2010-12,1.8648979688954839
India,Partner->CHN,2011-01,-1.6307672789113337
India,Partner->CHN,2011-02,0.37623981231305237
India,Partner->CHN,2011-03,1.7763568394002505e-15
India,Partner->CHN,2011-04,2.0603394699418836
India,Partner->CHN,2011-05,1.5347596746215935
India,Partner->CHN,2011-06,1.4410733351957212
India,Partner->CHN,2011-07,0.7893274300843611
India,Partner->CHN,2011-08,2.3939846220909473
India,Partner->CHN,2011-09,1.443267047663431
India,Partner->CHN,2011-10,-2.977118907699456
India,Partner->CHN,2011-11,1.1765668341252074
India,Partner->CHN,2011-12,2.040116799176669
India,Partner->CHN,2012-01,2.053499633858168
India,Partner->CHN,2012-02,1.4754720636506917
India,Partner->CHN,2012-03,2.1460702643960463
India,Partner->CHN,2012-04,2.3099420748598654
India,Partner->CHN,2012-05,1.8680644523960428
India,Partner->CHN,2012-06,1.9255923943619973
India,Partner->CHN,2012-07,0.45521387162177973
India,Partner->CHN,2012-08,1.0832696079236506
India,Partner->CHN,2012-09,2.2151508987595268
India,Partner->CHN,2012-10,1.7763568394002505e-15
India,Partner->CHN,2012-11,1.9475468957064308
India,Partner->CHN,2012-12,2.522368203539532
India,Partner->CHN,2013-01,-0.9964464661575967
India,Partner->CHN,2013-02,0.6561784244131861
India,Partner->CHN,2013-03,1.8831346189202502
India,Partner->CHN,2013-04,0.515993535088656
India,Partner->CHN,2013-05,2.0243858223577043
India,Partner->CHN,2013-06,1.0492512542755765
India,Partner->CHN,2013-07,2.4897902541857313
India,Partner->CHN,2013-08,2.123546051057996
India,Partner->CHN,2013-09,0.45052495648062063
India,Partner->CHN,2013-10,2.5335408410897173
India,Partner->CHN,2013-11,0.7504115039106907
India,Partner->CHN,2013-12,0.7291618329401306
India,Partner->CHN,2014-01,4.300000000000001
India,Partner->CHN,2014-02,1.879996329765314
India,Partner->CHN,2014-03,-2.0885084958275595
India,Partner->CHN,2014-04,0.8355675550673745
India,Partner->CHN,2014-05,1.406307198753959
India,Partner->CHN,2014-06,2.032875132123513
India,Partner->CHN,2014-07,2.147399262251122
India,Partner->CHN,2014-08,1.8955628151872936
India,Partner->CHN,2014-09,2.4136911486773958
India,Partner->CHN,2014-10,2.335334785615162
India,Partner->CHN,2014-11,1.2049153422695333
India,Partner->CHN,2014-12,1.0253451269290021
India,Partner->CHN,2015-01,1.7950676584725578
India,Partner->CHN,2015-02,1.7820331790368336
India,Partner->CHN,2015-03,1.9278776578010088
India,Partner->CHN,2015-04,2.3903699881656646
India,Partner->CHN,2015-05,1.900218833889106
India,Partner->CHN,2015-06,1.3271365409795788
India,Partner->CHN,2015-07,2.007138436354646
India,Partner->CHN,2015-08,1.4941864811996641
India,Partner->CHN,2015-09,2.3282127591630744
India,Partner->CHN,2015-10,2.0917303110547554
India,Partner->CHN,2015-11,2.7372416505519546
India,Partner->CHN,2015-12,1.533891277495412
India,Partner->CHN,2016-01,-0.2213172450502956
India,Partner->CHN,2016-02,1.0652326688891645
India,Partner->CHN,2016-03,-0.07485588099654095
India,Partner->CHN,2016-04,2.15612067431465
India,Partner->CHN,2016-05,2.8000193822807216
India,Partner->CHN,2016-06,0.9404006547334305
India,Partner->CHN,2016-07,1.5802430939200622
India,Partner->CHN,2016-08,0.7082864268165441
India,Partner->CHN,2016-09,2.3662853550069425
India,Partner->CHN,2016-10,2.437125790126382
India,Partner->CHN,2016-11,0.25563256059571415
India,Partner->CHN,2016-12,1.1373787640966047
India,Partner->CHN,2017-01,1.1764385470012435
India,Partner->CHN,2017-02,1.700773503358846
India,Partner->CHN,2017-03,2.6294784983428148
India,Partner->CHN,2017-04,2.3272022276978284
India,Partner->CHN,2017-05,0.46051909820826964
India,Partner->CHN,2017-06,0.8584761069056359
India,Partner->CHN,2017-07,-0.4180835468711859
India,Partner->CHN,2017-08,-2.1293634688550664
India,Partner->CHN,2017-09,2.3267823987578975
India,Partner->CHN,2017-10,0.5116978595327026
India,Partner->CHN,2017-11,0.4395234464871276
India,Partner->CHN,2017-12,0.3801010547630792
India,Partner->CHN,2018-01,1.1822949894123127
India,Partner->CHN,2018-02,2.3406067216472746
India,Partner->CHN,2018-03,1.4474480132715293
India,Partner->CHN,2018-04,2.5117678207699274
India,Partner->CHN,2018-05,2.8198329473223698
India,Partner->CHN,2018-06,1.3221311624350385
India,Partner->CHN,2018-07,2.6360863260683143
India,Partner->CHN,2018-08,1.8824761711175686
India,Partner->CHN,2018-09,-1.1270957215065138
India,Partner->CHN,2018-10,1.5545918240986083
India,Partner->CHN,2018-11,2.350760682108101
India,Partner->CHN,2018-12,1.5124246375802013
India,Partner->CHN,2019-01,1.0158937207814454
India,Partner->CHN,2019-02,1.2093286771203715
India,Partner->CHN,2019-03,-0.13485079864664762
India,Partner->CHN,2019-04,-2.340769700471215
India,Partner->CHN,2019-05,2.15126066926652
India,Partner->CHN,2019-06,2.079165589192778
India,Partner->CHN,2019-07,1.8901314462117895
India,Partner->CHN,2019-08,0.23493689113136007
India,Partner->CHN,2019-09,0.8416941653051957
India,Partner->CHN,2019-10,1.796720707218702
India,Partner->CHN,2019-11,0.6340241104359539
India,Partner->CHN,2019-12,0.8770054991378267
India,Partner->CHN,2020-01,0.7992416408874199
India,Partner->CHN,2020-02,1.2798178419753476
India,Partner->CHN,2020-03,3.9375
India,Partner->CHN,2020-04,1.0082331685672674
India,Partner->CHN,2020-05,-5.342860434496991
India,Partner->CHN,2020-06,-2.1387232961054234
India,Partner->CHN,2020-07,-1.3927305129709069
India,Partner->CHN,2020-08,-0.03624873223361291
India,Partner->CHN,2020-09,0.09859711705071916
India,Partner->CHN,2020-10,-0.4981179970393157
India,Partner->CHN,2020-11,1.3816312717420534
India,Partner->CHN,2020-12,0.30178531151082666
India,Partner->CHN,2021-01,-3.2168512192939174
India,Partner->CHN,2021-02,1.8678732462136178
India,Partner->CHN,2021-03,3.272040233382553
India,Partner->CHN,2021-04,1.571282682149592
India,Partner->CHN,2021-05,1.2435459279489436
India,Partner->CHN,2021-06,0.6842319598848299
India,Partner->CHN,2021-07,-0.21419034654500102
India,Partner->CHN,2021-08,3.9368828120228407
India,Partner->CHN,2021-09,1.2682813854579464
India,Partner->CHN,2021-10,-0.7390125517097204
India,Partner->CHN,2021-11,1.9622099615672557
India,Partner->CHN,2021-12,0.604493168011027
India,Partner->CHN,2022-01,1.9269319280863755
India,Partner->CHN,2022-02,-0.6672636662681217
India,Partner->CHN,2022-03,2.3234932293784123
India,Partner->CHN,2022-04,2.7892297520452107
India,Partner->CHN,2022-05,0.6599999999999984
India,Partner->CHN,2022-06,2.665987102676807
India,Partner->CHN,2022-07,-0.2507948082083651
India,Partner->CHN,2022-08,-3.3322302416000262
India,Partner->CHN,2022-09,1.5281926136451247
India,Partner->CHN,2022-10,0.8727141170496004
India,Partner->CHN,2022-11,-0.18376251641544528
India,Partner->CHN,2022-12,-5.0690130954949
India,Partner->CHN,2023-01,-1.355555555555556
India,Partner->CHN,2023-02,0.775246263198385
India,Partner->CHN,2023-03,0.3244307901286714
India,Partner->CHN,2023-04,-1.2387894870264322
Indonesia,Aggregated,2002-01,3.5933801650988038
Indonesia,Aggregated,2002-02,2.0
Indonesia,Aggregated,2002-03,3.1016960853132645
Indonesia,Aggregated,2002-04,2.493856071615916
Indonesia,Aggregated,2002-05,3.111669561983943
Indonesia,Aggregated,2002-06,2.0839676100637785
Indonesia,Aggregated,2002-07,5.598192672697834
Indonesia,Aggregated,2002-08,1.9829863137466948
Indonesia,Aggregated,2002-09,2.067256547491633
Indonesia,Aggregated,2002-10,2.0916213607214367
Indonesia,Aggregated,2002-11,2.462171979122875
Indonesia,Aggregated,2002-12,2.156892123091536
Indonesia,Aggregated,2003-01,1.0
Indonesia,Aggregated,2003-02,-1.3287932126188764
Indonesia,Aggregated,2003-03,4.299999999999994
Indonesia,Aggregated,2003-04,1.5388009294351068
Indonesia,Aggregated,2003-05,-5.0
Indonesia,Aggregated,2003-06,1.0
Indonesia,Aggregated,2003-07,2.166666666666668
Indonesia,Aggregated,2003-08,2.058025226559817
Indonesia,Aggregated,2003-09,2.9368127215583577
Indonesia,Aggregated,2003-10,2.1080965669088005
Indonesia,Aggregated,2003-11,-1.305888135435481
Indonesia,Aggregated,2003-12,3.44799490035199
Indonesia,Aggregated,2004-01,3.3999999999999986
Indonesia,Aggregated,2004-02,4.622383986305577
Indonesia,Aggregated,2004-03,-5.000000000000002
Indonesia,Aggregated,2004-04,4.3281820198626235
Indonesia,Aggregated,2004-05,2.593057968319954
Indonesia,Aggregated,2004-06,2.1141378582540824
Indonesia,Aggregated,2004-07,4.249999999999998
Indonesia,Aggregated,2004-08,-4.760357171332894
Indonesia,Aggregated,2004-09,2.0404022624603773
Indonesia,Aggregated,2004-10,2.9922496741443574
Indonesia,Aggregated,2004-11,2.197427977509106
Indonesia,Aggregated,2004-12,4.026365251557275
Indonesia,Aggregated,2005-01,2.182836390326921
Indonesia,Aggregated,2005-02,1.1193932662760666
Indonesia,Aggregated,2005-03,4.101920400781726
Indonesia,Aggregated,2005-04,3.0128338611990024
Indonesia,Aggregated,2005-05,1.9012424875259395
Indonesia,Aggregated,2005-06,2.7392889184906473
Indonesia,Aggregated,2005-07,2.1828140194096637
Indonesia,Aggregated,2005-08,2.816799449255317
Indonesia,Aggregated,2005-09,-0.7376130977707511
Indonesia,Aggregated,2005-10,3.886143498683923
Indonesia,Aggregated,2005-11,1.6199337741083006
Indonesia,Aggregated,2005-12,2.2397242363318064
Indonesia,Aggregated,2006-01,0.8123942010324239
Indonesia,Aggregated,2006-02,0.7147163518380175
Indonesia,Aggregated,2006-03,-0.027311281598658255
Indonesia,Aggregated,2006-04,2.0975297805764637
Indonesia,Aggregated,2006-05,1.7867741224638536
Indonesia,Aggregated,2006-06,2.3539696472025096
Indonesia,Aggregated,2006-07,1.3735596477873617
Indonesia,Aggregated,2006-08,3.0113013009754006
Indonesia,Aggregated,2006-09,3.799999999999997
Indonesia,Aggregated,2006-10,3.407414271394792
Indonesia,Aggregated,2006-11,3.112926984561593
Indonesia,Aggregated,2006-12,3.1349564294295718
Indonesia,Aggregated,2007-01,1.4617738702458265
Indonesia,Aggregated,2007-02,3.621472448396519
Indonesia,Aggregated,2007-03,-1.2749999999999986
Indonesia,Aggregated,2007-04,2.2359217400708395
Indonesia,Aggregated,2007-05,3.4166219469119774
Indonesia,Aggregated,2007-06,2.2814902778098887
Indonesia,Aggregated,2007-07,2.3731837643321843
Indonesia,Aggregated,2007-08,3.285603393690561
Indonesia,Aggregated,2007-09,1.1079476665494692
Indonesia,Aggregated,2007-10,4.318954725821129
Indonesia,Aggregated,2007-11,3.6196450158061975
Indonesia,Aggregated,2007-12,0.4999999999999982
Indonesia,Aggregated,2008-01,2.9026132862903236
Indonesia,Aggregated,2008-02,1.5681061338916447
Indonesia,Aggregated,2008-03,1.1999999999999993
Indonesia,Aggregated,2008-04,-2.9749423491356346
Indonesia,Aggregated,2008-05,3.2163892119950184
Indonesia,Aggregated,2008-06,1.7461028488621615
Indonesia,Aggregated,2008-07,2.114285714285712
Indonesia,Aggregated,2008-08,1.8935539008244309
Indonesia,Aggregated,2008-09,1.3662721072141082
Indonesia,Aggregated,2008-10,2.4886891094769457
Indonesia,Aggregated,2008-11,2.936965429904898
Indonesia,Aggregated,2008-12,2.519717110747342
Indonesia,Aggregated,2009-01,2.147368824043925
Indonesia,Aggregated,2009-02,3.3999999999999986
Indonesia,Aggregated,2009-03,3.6689772240037417
Indonesia,Aggregated,2009-04,3.465680756704568
Indonesia,Aggregated,2009-05,4.277693527841569
Indonesia,Aggregated,2009-06,1.4249999999999972
Indonesia,Aggregated,2009-07,1.5506311460227682
Indonesia,Aggregated,2009-08,5.199999999999996
Indonesia,Aggregated,2009-09,4.47213595499958
Indonesia,Aggregated,2009-10,0.04647347456928763
Indonesia,Aggregated,2009-11,1.855305652309701
Indonesia,Aggregated,2009-12,2.13223801252661
Indonesia,Aggregated,2010-01,1.9480173548513626
Indonesia,Aggregated,2010-02,-0.40000000000000036
Indonesia,Aggregated,2010-03,2.212912168574185
Indonesia,Aggregated,2010-04,0.3993485161138821
Indonesia,Aggregated,2010-05,1.5067008834034699
Indonesia,Aggregated,2010-06,3.318930233317001
Indonesia,Aggregated,2010-07,1.5048973668733652
Indonesia,Aggregated,2010-08,0.9967658786246858
Indonesia,Aggregated,2010-09,2.9443339809103772
Indonesia,Aggregated,2010-10,1.968544973271861
Indonesia,Aggregated,2010-11,2.776876763038862
Indonesia,Aggregated,2010-12,0.9538018889382869
Indonesia,Aggregated,2011-01,2.047015261700505
Indonesia,Aggregated,2011-02,1.9113906733005823
Indonesia,Aggregated,2011-03,2.2808045249207485
Indonesia,Aggregated,2011-04,2.27713539579411
Indonesia,Aggregated,2011-05,1.9177915210165324
Indonesia,Aggregated,2011-06,-1.2902932098570492
Indonesia,Aggregated,2011-07,0.018270455777457784
Indonesia,Aggregated,2011-08,0.6000000000000014
Indonesia,Aggregated,2011-09,1.3219320558643926
Indonesia,Aggregated,2011-10,1.2082836566417967
Indonesia,Aggregated,2011-11,3.0234600737935367
Indonesia,Aggregated,2011-12,1.0
Indonesia,Aggregated,2012-01,2.2125058027434363
Indonesia,Aggregated,2012-02,1.7636539993037257
Indonesia,Aggregated,2012-03,3.0292696572733515
Indonesia,Aggregated,2012-04,1.0747112137940888
Indonesia,Aggregated,2012-05,-0.40000000000000036
Indonesia,Aggregated,2012-06,1.859241131199708
Indonesia,Aggregated,2012-07,3.3778988346167047
Indonesia,Aggregated,2012-08,2.5396013311586483
Indonesia,Aggregated,2012-09,1.213734030835031
Indonesia,Aggregated,2012-10,-0.5
Indonesia,Aggregated,2012-11,1.6137340308350314
Indonesia,Aggregated,2012-12,1.0
Indonesia,Aggregated,2013-01,-0.6418763331210382
Indonesia,Aggregated,2013-02,0.7500000000000018
Indonesia,Aggregated,2013-03,-1.9999999999999982
Indonesia,Aggregated,2013-04,2.0
Indonesia,Aggregated,2013-05,2.082303063461021
Indonesia,Aggregated,2013-06,1.6712067873811236
Indonesia,Aggregated,2013-07,2.0
Indonesia,Aggregated,2013-08,1.9487832490835082
Indonesia,Aggregated,2013-09,2.4920355715812104
Indonesia,Aggregated,2013-10,2.1567647147723843
Indonesia,Aggregated,2013-11,0.8725770554022176
Indonesia,Aggregated,2013-12,0.4410795902953897
Indonesia,Aggregated,2014-01,1.097151832197742
Indonesia,Aggregated,2014-02,2.727107019585496
Indonesia,Aggregated,2014-03,2.0027766826126285
Indonesia,Aggregated,2014-04,1.3166666666666664
Indonesia,Aggregated,2014-05,1.4935009794371403
Indonesia,Aggregated,2014-06,2.535603393690563
Indonesia,Aggregated,2014-07,1.0819380424945493
Indonesia,Aggregated,2014-08,1.4666666666666686
Indonesia,Aggregated,2014-09,0.07914876992638575
Indonesia,Aggregated,2014-10,0.36912949440795373
Indonesia,Aggregated,2014-11,1.6852541301384374
Indonesia,Aggregated,2014-12,2.9313008154580213
Indonesia,Aggregated,2015-01,0.8914884684807234
Indonesia,Aggregated,2015-02,0.8543984298140703
Indonesia,Aggregated,2015-03,0.8252486024293475
Indonesia,Aggregated,2015-04,2.6033991789676456
Indonesia,Aggregated,2015-05,0.39520198568868636
Indonesia,Aggregated,2015-06,3.9749999999999996
Indonesia,Aggregated,2015-07,1.268858605886921
Indonesia,Aggregated,2015-08,0.09999999999999964
Indonesia,Aggregated,2015-09,2.775240257063455
Indonesia,Aggregated,2015-10,0.6602301761943536
Indonesia,Aggregated,2015-11,-1.6750778020195725
Indonesia,Aggregated,2015-12,-3.506181326462161
Indonesia,Aggregated,2016-01,2.5599999999999987
Indonesia,Aggregated,2016-02,0.3000000000000007
Indonesia,Aggregated,2016-03,-0.6699830526435893
Indonesia,Aggregated,2016-04,-1.829918070128329
Indonesia,Aggregated,2016-05,-2.2557467491588383
Indonesia,Aggregated,2016-06,-2.971440955501846
Indonesia,Aggregated,2016-07,2.466666666666665
Indonesia,Aggregated,2016-08,1.0
Indonesia,Aggregated,2016-09,1.9346414038771922
Indonesia,Aggregated,2016-10,-0.3109402159225496
Indonesia,Aggregated,2016-11,-2.1666666666666696
Indonesia,Aggregated,2016-12,1.1642136117206459
Indonesia,Aggregated,2017-01,-2.456736326083387
Indonesia,Aggregated,2017-02,1.7581797988281913
Indonesia,Aggregated,2017-03,1.3473891343744953
Indonesia,Aggregated,2017-04,-2.0600132802651814
Indonesia,Aggregated,2017-05,1.834077922966971
Indonesia,Aggregated,2017-06,4.499999999999998
Indonesia,Aggregated,2017-07,-1.5773473284874235
Indonesia,Aggregated,2017-08,2.5915738423589936
Indonesia,Aggregated,2017-09,-1.3045599580811142
Indonesia,Aggregated,2017-10,-0.9999999999999982
Indonesia,Aggregated,2017-11,2.466666666666665
Indonesia,Aggregated,2017-12,4.871206787381128
Indonesia,Aggregated,2018-01,2.433333333333332
Indonesia,Aggregated,2018-02,0.49893116292289363
Indonesia,Aggregated,2018-03,1.171206787381129
Indonesia,Aggregated,2018-04,2.6568581275424474
Indonesia,Aggregated,2018-05,2.7580736096991494
Indonesia,Aggregated,2018-06,-2.0123626529243186
Indonesia,Aggregated,2018-07,6.399999999999999
Indonesia,Aggregated,2018-08,-0.6580385522509467
Indonesia,Aggregated,2018-09,2.8284827149524503
Indonesia,Aggregated,2018-10,-0.20959773753962274
Indonesia,Aggregated,2018-11,1.548916224966037
Indonesia,Aggregated,2018-12,1.5297543760216605
Indonesia,Aggregated,2019-01,4.671206787381122
Indonesia,Aggregated,2019-02,2.828870938663785
Indonesia,Aggregated,2019-03,1.2031234756093916
Indonesia,Aggregated,2019-04,0.23094589788699338
Indonesia,Aggregated,2019-05,-2.6120240964827044
Indonesia,Aggregated,2019-06,1.0
Indonesia,Aggregated,2019-07,2.6921900521037667
Indonesia,Aggregated,2019-08,0.7445626465380268
Indonesia,Aggregated,2019-09,1.7763568394002505e-15
Indonesia,Aggregated,2019-10,2.8079528284349777
Indonesia,Aggregated,2019-11,-0.33333333333333215
Indonesia,Aggregated,2019-12,0.08062950359157028
Indonesia,Aggregated,2020-01,-0.6251349349661552
Indonesia,Aggregated,2020-02,1.3001190074178908
Indonesia,Aggregated,2020-03,1.4527847730678953
Indonesia,Aggregated,2020-04,0.24800029033645643
Indonesia,Aggregated,2020-05,-0.011833271424963598
Indonesia,Aggregated,2020-06,-0.26566456806592065
Indonesia,Aggregated,2020-07,-1.8203440445428107
Indonesia,Aggregated,2020-08,3.1025129014665325
Indonesia,Aggregated,2020-09,1.0763290844717766
Indonesia,Aggregated,2020-10,0.7304575059038942
Indonesia,Aggregated,2020-11,3.0066238629180724
Indonesia,Aggregated,2020-12,4.580804524920753
Indonesia,Aggregated,2021-01,1.7068958467697097
Indonesia,Aggregated,2021-02,3.1452987004712174
Indonesia,Aggregated,2021-03,1.4494897427831788
Indonesia,Aggregated,2021-04,2.7326038185733807
Indonesia,Aggregated,2021-05,2.040785769939033
Indonesia,Aggregated,2021-06,2.1611947258615967
Indonesia,Aggregated,2021-07,-0.5345239044429775
Indonesia,Aggregated,2021-08,-1.0000000000000018
Indonesia,Aggregated,2021-09,2.352607722606461
Indonesia,Aggregated,2021-10,0.4759911849552747
Indonesia,Aggregated,2021-11,4.961297598392683
Indonesia,Aggregated,2021-12,3.3933488820934095
Indonesia,Aggregated,2022-01,1.0824665923275845
Indonesia,Aggregated,2022-02,2.3424135747622508
Indonesia,Aggregated,2022-03,2.361585673165589
Indonesia,Aggregated,2022-04,2.2011119105838954
Indonesia,Aggregated,2022-05,2.95407826359002
Indonesia,Aggregated,2022-06,4.0
Indonesia,Aggregated,2022-07,2.6984105024697485
Indonesia,Aggregated,2022-08,1.1869549992381625
Indonesia,Aggregated,2022-09,1.2368041307777222
Indonesia,Aggregated,2022-10,2.678381607102841
Indonesia,Aggregated,2022-11,2.5917233358390597
Indonesia,Aggregated,2022-12,1.4628459645264567
Indonesia,Aggregated,2023-01,0.966606181727796
Indonesia,Aggregated,2023-02,1.8611108564581187
Indonesia,Aggregated,2023-03,2.8562908354832164
Indonesia,Aggregated,2023-04,4.37476681601046
Indonesia,CHN->Partner,2002-01,3.150000000000004
Indonesia,CHN->Partner,2002-02,3.2080765845199206
Indonesia,CHN->Partner,2002-03,3.266391535800933
Indonesia,CHN->Partner,2002-04,2.1027691391791166
Indonesia,CHN->Partner,2002-05,2.942085548648711
Indonesia,CHN->Partner,2002-06,2.145341380123984
Indonesia,CHN->Partner,2002-07,5.598192672697834
Indonesia,CHN->Partner,2002-08,1.3295163972340518
Indonesia,CHN->Partner,2002-09,1.9525171915769697
Indonesia,CHN->Partner,2002-10,2.324719777325946
Indonesia,CHN->Partner,2002-11,1.9666666666666668
Indonesia,CHN->Partner,2002-12,1.6273272254653843
Indonesia,CHN->Partner,2003-01,1.0
Indonesia,CHN->Partner,2003-02,-1.0999999999999996
Indonesia,CHN->Partner,2003-03,5.199999999999996
Indonesia,CHN->Partner,2003-04,2.0297084310253535
Indonesia,CHN->Partner,2003-05,-0.170993772315569
Indonesia,CHN->Partner,2003-06,-1.9999999999999982
Indonesia,CHN->Partner,2003-07,2.166666666666668
Indonesia,CHN->Partner,2003-08,2.0015441464796844
Indonesia,CHN->Partner,2003-09,2.073199458063449
Indonesia,CHN->Partner,2003-10,2.434746594261476
Indonesia,CHN->Partner,2003-11,2.585756766094674
Indonesia,CHN->Partner,2003-12,3.631029470447089
Indonesia,CHN->Partner,2004-01,4.272920113731832
Indonesia,CHN->Partner,2004-02,4.942971700767577
Indonesia,CHN->Partner,2004-03,4.7423768945801505
Indonesia,CHN->Partner,2004-04,4.54430597647486
Indonesia,CHN->Partner,2004-05,3.2800000000000047
Indonesia,CHN->Partner,2004-06,1.9666666666666668
Indonesia,CHN->Partner,2004-07,4.0
Indonesia,CHN->Partner,2004-08,-4.600595285554823
Indonesia,CHN->Partner,2004-09,2.360000000000003
Indonesia,CHN->Partner,2004-10,2.8995260132136185
Indonesia,CHN->Partner,2004-11,3.3365328950531463
Indonesia,CHN->Partner,2004-12,4.2432151931646
Indonesia,CHN->Partner,2005-01,2.350962255750753
Indonesia,CHN->Partner,2005-02,4.599999999999998
Indonesia,CHN->Partner,2005-03,4.0451772588877315
Indonesia,CHN->Partner,2005-04,3.325588544510083
Indonesia,CHN->Partner,2005-05,2.9790875081351373
Indonesia,CHN->Partner,2005-06,3.3056438560504144
Indonesia,CHN->Partner,2005-07,2.810902021340654
Indonesia,CHN->Partner,2005-08,2.5540563306962554
Indonesia,CHN->Partner,2005-09,2.3014947540496404
Indonesia,CHN->Partner,2005-10,3.970140442397737
Indonesia,CHN->Partner,2005-11,1.6199337741083006
Indonesia,CHN->Partner,2005-12,0.9779203243890588
Indonesia,CHN->Partner,2006-01,1.0720070756502835
Indonesia,CHN->Partner,2006-02,1.666666666666666
Indonesia,CHN->Partner,2006-03,1.7163313495232941
Indonesia,CHN->Partner,2006-04,3.0790027607707877
Indonesia,CHN->Partner,2006-05,2.9327310811758487
Indonesia,CHN->Partner,2006-06,3.3167183843840125
Indonesia,CHN->Partner,2006-07,2.2254594079434025
Indonesia,CHN->Partner,2006-08,3.1821856467591196
Indonesia,CHN->Partner,2006-09,2.599999999999996
Indonesia,CHN->Partner,2006-10,4.261995279205378
Indonesia,CHN->Partner,2006-11,3.160167050288422
Indonesia,CHN->Partner,2006-12,3.1349564294295718
Indonesia,CHN->Partner,2007-01,1.6984372057637813
Indonesia,CHN->Partner,2007-02,3.987499999999997
Indonesia,CHN->Partner,2007-03,1.4666666666666686
Indonesia,CHN->Partner,2007-04,1.193110772026131
Indonesia,CHN->Partner,2007-05,5.649999999999995
Indonesia,CHN->Partner,2007-06,2.227321591843385
Indonesia,CHN->Partner,2007-07,2.3168850501749123
Indonesia,CHN->Partner,2007-08,4.533333333333333
Indonesia,CHN->Partner,2007-09,2.2788468452410875
Indonesia,CHN->Partner,2007-10,4.999999999999998
Indonesia,CHN->Partner,2007-11,3.4336893733519567
Indonesia,CHN->Partner,2007-12,1.0
Indonesia,CHN->Partner,2008-01,3.5776945600190206
Indonesia,CHN->Partner,2008-02,1.5681061338916447
Indonesia,CHN->Partner,2008-03,2.0
Indonesia,CHN->Partner,2008-04,0.1800000000000015
Indonesia,CHN->Partner,2008-05,2.5799999999999965
Indonesia,CHN->Partner,2008-06,1.3979474859121144
Indonesia,CHN->Partner,2008-07,2.7999999999999954
Indonesia,CHN->Partner,2008-08,2.6690041880535276
Indonesia,CHN->Partner,2008-09,1.2340259567122676
Indonesia,CHN->Partner,2008-10,2.85955387718346
Indonesia,CHN->Partner,2008-11,2.76
Indonesia,CHN->Partner,2008-12,2.8339931068374113
Indonesia,CHN->Partner,2009-01,2.0625632555629974
Indonesia,CHN->Partner,2009-02,3.0999999999999996
Indonesia,CHN->Partner,2009-03,4.25500659995315
Indonesia,CHN->Partner,2009-04,4.286797826410009
Indonesia,CHN->Partner,2009-05,6.099999999999994
Indonesia,CHN->Partner,2009-06,0.5666666666666664
Indonesia,CHN->Partner,2009-07,2.1800498076345765
Indonesia,CHN->Partner,2009-08,4.0
Indonesia,CHN->Partner,2009-09,3.666666666666666
Indonesia,CHN->Partner,2009-10,1.2667388905430883
Indonesia,CHN->Partner,2009-11,1.7714285714285722
Indonesia,CHN->Partner,2009-12,2.0769363156813245
Indonesia,CHN->Partner,2010-01,2.594700437941178
Indonesia,CHN->Partner,2010-02,-3.0000000000000018
Indonesia,CHN->Partner,2010-03,2.973159614158549
Indonesia,CHN->Partner,2010-04,0.5428533305311856
Indonesia,CHN->Partner,2010-05,1.7133173625592875
Indonesia,CHN->Partner,2010-06,3.318930233317001
Indonesia,CHN->Partner,2010-07,1.0
Indonesia,CHN->Partner,2010-08,1.8460605656619524
Indonesia,CHN->Partner,2010-09,4.912616855842451
Indonesia,CHN->Partner,2010-10,2.0810207465505766
Indonesia,CHN->Partner,2010-11,2.785476686268794
Indonesia,CHN->Partner,2010-12,0.7250000000000032
Indonesia,CHN->Partner,2011-01,1.8506342767304425
Indonesia,CHN->Partner,2011-02,1.9800000000000004
Indonesia,CHN->Partner,2011-03,3.1999999999999993
Indonesia,CHN->Partner,2011-04,2.970446802525357
Indonesia,CHN->Partner,2011-05,1.828691784472344
Indonesia,CHN->Partner,2011-06,2.456289195709129
Indonesia,CHN->Partner,2011-07,0.04840297746526012
Indonesia,CHN->Partner,2011-08,0.6000000000000014
Indonesia,CHN->Partner,2011-09,1.1339810347961468
Indonesia,CHN->Partner,2011-10,1.5980040600346719
Indonesia,CHN->Partner,2011-11,2.85470866888725
Indonesia,CHN->Partner,2011-12,1.0
Indonesia,CHN->Partner,2012-01,2.0477264895682303
Indonesia,CHN->Partner,2012-02,1.811388325397317
Indonesia,CHN->Partner,2012-03,2.952991733265435
Indonesia,CHN->Partner,2012-04,2.338883177736925
Indonesia,CHN->Partner,2012-05,1.0
Indonesia,CHN->Partner,2012-06,2.444090848492932
Indonesia,CHN->Partner,2012-07,3.4775068654310477
Indonesia,CHN->Partner,2012-08,2.594583290948263
Indonesia,CHN->Partner,2012-09,1.3276363393971717
Indonesia,CHN->Partner,2012-10,-0.5
Indonesia,CHN->Partner,2012-11,1.4095454242464651
Indonesia,CHN->Partner,2012-12,1.0
Indonesia,CHN->Partner,2013-01,1.213734030835031
Indonesia,CHN->Partner,2013-02,0.7500000000000018
Indonesia,CHN->Partner,2013-03,-1.9999999999999982
Indonesia,CHN->Partner,2013-04,2.0
Indonesia,CHN->Partner,2013-05,2.291074133514668
Indonesia,CHN->Partner,2013-06,1.4499999999999993
Indonesia,CHN->Partner,2013-07,2.0
Indonesia,CHN->Partner,2013-08,1.0
Indonesia,CHN->Partner,2013-09,2.478517485589972
Indonesia,CHN->Partner,2013-10,1.9251060376755387
Indonesia,CHN->Partner,2013-11,0.9362706113597206
Indonesia,CHN->Partner,2013-12,0.5293278844276905
Indonesia,CHN->Partner,2014-01,1.1489256088168975
Indonesia,CHN->Partner,2014-02,2.812725786668466
Indonesia,CHN->Partner,2014-03,2.1399799213452297
Indonesia,CHN->Partner,2014-04,1.5000000000000018
Indonesia,CHN->Partner,2014-05,1.4805029383114263
Indonesia,CHN->Partner,2014-06,1.4499999999999993
Indonesia,CHN->Partner,2014-07,2.1497564621641985
Indonesia,CHN->Partner,2014-08,1.0
Indonesia,CHN->Partner,2014-09,1.497111739126133
Indonesia,CHN->Partner,2014-10,1.2506342767304464
Indonesia,CHN->Partner,2014-11,1.6074108754909737
Indonesia,CHN->Partner,2014-12,3.0062188840781587
Indonesia,CHN->Partner,2015-01,1.6145890545258776
Indonesia,CHN->Partner,2015-02,0.9847488584152728
Indonesia,CHN->Partner,2015-03,0.3019192125338943
Indonesia,CHN->Partner,2015-04,2.7145526221516754
Indonesia,CHN->Partner,2015-05,1.7680376661457622
Indonesia,CHN->Partner,2015-06,5.75
Indonesia,CHN->Partner,2015-07,2.62857142857143
Indonesia,CHN->Partner,2015-08,1.799999999999999
Indonesia,CHN->Partner,2015-09,2.8833333333333293
Indonesia,CHN->Partner,2015-10,1.704608309497326
Indonesia,CHN->Partner,2015-11,-0.09999999999999964
Indonesia,CHN->Partner,2015-12,1.0516596367471305
Indonesia,CHN->Partner,2016-01,2.3249999999999975
Indonesia,CHN->Partner,2016-02,0.3000000000000007
Indonesia,CHN->Partner,2016-03,0.7417080710148234
Indonesia,CHN->Partner,2016-04,-1.6540794186857148
Indonesia,CHN->Partner,2016-05,-1.1121939290253078
Indonesia,CHN->Partner,2016-06,-0.20767186942042137
Indonesia,CHN->Partner,2016-07,6.0
Indonesia,CHN->Partner,2016-08,3.5
Indonesia,CHN->Partner,2016-09,2.0112276460030483
Indonesia,CHN->Partner,2016-10,0.263190913259427
Indonesia,CHN->Partner,2016-11,-1.2499999999999982
Indonesia,CHN->Partner,2016-12,1.1578020127373385
Indonesia,CHN->Partner,2017-01,6.399999999999999
Indonesia,CHN->Partner,2017-02,1.3204937989385712
Indonesia,CHN->Partner,2017-03,0.4641016151377535
Indonesia,CHN->Partner,2017-04,-0.9999999999999982
Indonesia,CHN->Partner,2017-05,1.5994153880210895
Indonesia,CHN->Partner,2017-06,1.6026647323628627
Indonesia,CHN->Partner,2017-07,1.605914914698964
Indonesia,CHN->Partner,2017-08,2.461294413333505
Indonesia,CHN->Partner,2017-09,-0.5486727016170292
Indonesia,CHN->Partner,2017-10,1.0
Indonesia,CHN->Partner,2017-11,2.7040140105007247
Indonesia,CHN->Partner,2017-12,4.650000000000004
Indonesia,CHN->Partner,2018-01,3.4499999999999975
Indonesia,CHN->Partner,2018-02,1.7885489673278396
Indonesia,CHN->Partner,2018-03,1.9000000000000004
Indonesia,CHN->Partner,2018-04,3.756419066731004
Indonesia,CHN->Partner,2018-05,2.6596527608279548
Indonesia,CHN->Partner,2018-06,1.7763568394002505e-15
Indonesia,CHN->Partner,2018-07,6.399999999999999
Indonesia,CHN->Partner,2018-08,2.1468178259611346
Indonesia,CHN->Partner,2018-09,1.8249999999999993
Indonesia,CHN->Partner,2018-10,1.8249999999999993
Indonesia,CHN->Partner,2018-11,1.4799999999999986
Indonesia,CHN->Partner,2018-12,2.2383017629868576
Indonesia,CHN->Partner,2019-01,2.8000000000000025
Indonesia,CHN->Partner,2019-02,1.9770221531524559
Indonesia,CHN->Partner,2019-03,1.2031234756093916
Indonesia,CHN->Partner,2019-04,1.4937900055952458
Indonesia,CHN->Partner,2019-05,-2.6120240964827044
Indonesia,CHN->Partner,2019-06,1.0
Indonesia,CHN->Partner,2019-07,2.853854497789257
Indonesia,CHN->Partner,2019-08,0.6618567412009799
Indonesia,CHN->Partner,2019-09,1.7763568394002505e-15
Indonesia,CHN->Partner,2019-10,2.8615303769770684
Indonesia,CHN->Partner,2019-11,2.0
Indonesia,CHN->Partner,2019-12,1.7142506362796315
Indonesia,CHN->Partner,2020-01,0.6348788157082268
Indonesia,CHN->Partner,2020-02,1.8057669811323702
Indonesia,CHN->Partner,2020-03,2.2698699712755204
Indonesia,CHN->Partner,2020-04,1.4584057221895534
Indonesia,CHN->Partner,2020-05,1.4166328290763168
Indonesia,CHN->Partner,2020-06,1.375
Indonesia,CHN->Partner,2020-07,2.9999999999999964
Indonesia,CHN->Partner,2020-08,2.584595219876727
Indonesia,CHN->Partner,2020-09,1.3133572500842803
Indonesia,CHN->Partner,2020-10,1.4806616032974222
Indonesia,CHN->Partner,2020-11,2.8786962912307956
Indonesia,CHN->Partner,2020-12,4.433333333333332
Indonesia,CHN->Partner,2021-01,2.9031873164858464
Indonesia,CHN->Partner,2021-02,2.2625114423850867
Indonesia,CHN->Partner,2021-03,2.7059875183294615
Indonesia,CHN->Partner,2021-04,3.1642926883552622
Indonesia,CHN->Partner,2021-05,4.549999999999999
Indonesia,CHN->Partner,2021-06,2.887055750214685
Indonesia,CHN->Partner,2021-07,5.243585172432809
Indonesia,CHN->Partner,2021-08,7.9999999999999964
Indonesia,CHN->Partner,2021-09,3.8810751120078457
Indonesia,CHN->Partner,2021-10,0.6431933915394659
Indonesia,CHN->Partner,2021-11,5.008020818053943
Indonesia,CHN->Partner,2021-12,3.240816482760044
Indonesia,CHN->Partner,2022-01,1.0279598340866727
Indonesia,CHN->Partner,2022-02,1.9000000000000004
Indonesia,CHN->Partner,2022-03,1.995645888415833
Indonesia,CHN->Partner,2022-04,1.5513322696345533
Indonesia,CHN->Partner,2022-05,3.5339480764338997
Indonesia,CHN->Partner,2022-06,4.0
Indonesia,CHN->Partner,2022-07,2.6467172565126518
Indonesia,CHN->Partner,2022-08,2.462117307087384
Indonesia,CHN->Partner,2022-09,2.8931634110433375
Indonesia,CHN->Partner,2022-10,2.6702377643664192
Indonesia,CHN->Partner,2022-11,2.5482576165959347
Indonesia,CHN->Partner,2022-12,1.2008270118216906
Indonesia,CHN->Partner,2023-01,0.7004996118977651
Indonesia,CHN->Partner,2023-02,2.7043404454595485
Indonesia,CHN->Partner,2023-03,2.6000000000000014
Indonesia,CHN->Partner,2023-04,4.37476681601046
Indonesia,Partner->CHN,2002-01,3.60260693581089
Indonesia,Partner->CHN,2002-02,2.0
Indonesia,Partner->CHN,2002-03,2.9578338118512573
Indonesia,Partner->CHN,2002-04,2.343534483761493
Indonesia,Partner->CHN,2002-05,3.2800000000000047
Indonesia,Partner->CHN,2002-06,1.8333333333333321
Indonesia,Partner->CHN,2002-07,5.598192672697834
Indonesia,Partner->CHN,2002-08,2.4904837152582466
Indonesia,Partner->CHN,2002-09,2.2107666343757177
Indonesia,Partner->CHN,2002-10,1.8817453691449604
Indonesia,Partner->CHN,2002-11,3.030178566252289
Indonesia,Partner->CHN,2002-12,4.374899963283484
Indonesia,Partner->CHN,2003-01,1.0
Indonesia,Partner->CHN,2003-02,1.9000000000000004
Indonesia,Partner->CHN,2003-03,3.3999999999999986
Indonesia,Partner->CHN,2003-04,1.2841615539385227
Indonesia,Partner->CHN,2003-05,-5.0
Indonesia,Partner->CHN,2003-06,4.999999999999998
Indonesia,Partner->CHN,2003-07,4.0
Indonesia,Partner->CHN,2003-08,2.133333333333333
Indonesia,Partner->CHN,2003-09,3.0786889055767173
Indonesia,Partner->CHN,2003-10,1.9766708289361414
Indonesia,Partner->CHN,2003-11,-1.4273293099380062
Indonesia,Partner->CHN,2003-12,2.4887868380588607
Indonesia,Partner->CHN,2004-01,3.3999999999999986
Indonesia,Partner->CHN,2004-02,3.536704535358229
Indonesia,Partner->CHN,2004-03,-5.000000000000002
Indonesia,Partner->CHN,2004-04,4.092887634449474
Indonesia,Partner->CHN,2004-05,2.142085548648712
Indonesia,Partner->CHN,2004-06,2.8000000000000025
Indonesia,Partner->CHN,2004-07,4.249999999999998
Indonesia,Partner->CHN,2004-08,-5.0
Indonesia,Partner->CHN,2004-09,1.4000000000000004
Indonesia,Partner->CHN,2004-10,2.4890577564731142
Indonesia,Partner->CHN,2004-11,1.041347544503628
Indonesia,Partner->CHN,2004-12,2.6000000000000014
Indonesia,Partner->CHN,2005-01,1.876720854633712
Indonesia,Partner->CHN,2005-02,-0.6209101005859061
Indonesia,Partner->CHN,2005-03,3.2982761355629826
Indonesia,Partner->CHN,2005-04,3.082691492959947
Indonesia,Partner->CHN,2005-05,1.4062704261169205
Indonesia,Partner->CHN,2005-06,2.411048888814239
Indonesia,Partner->CHN,2005-07,1.979382531125255
Indonesia,Partner->CHN,2005-08,3.0293907513608893
Indonesia,Partner->CHN,2005-09,-4.845079078780293
Indonesia,Partner->CHN,2005-10,1.0
Indonesia,Partner->CHN,2005-11,2.549834435270748
Indonesia,Partner->CHN,2005-12,2.358278392674114
Indonesia,Partner->CHN,2006-01,0.8652572812120329
Indonesia,Partner->CHN,2006-02,0.5704188991842294
Indonesia,Partner->CHN,2006-03,-0.018146782824056018
Indonesia,Partner->CHN,2006-04,1.3285282581921916
Indonesia,Partner->CHN,2006-05,1.7647005477299835
Indonesia,Partner->CHN,2006-06,1.2221298917151877
Indonesia,Partner->CHN,2006-07,1.1128003874127828
Indonesia,Partner->CHN,2006-08,1.558874130016461
Indonesia,Partner->CHN,2006-09,4.999999999999998
Indonesia,Partner->CHN,2006-10,3.5002166234595506
Indonesia,Partner->CHN,2006-11,3.4944289002472146
Indonesia,Partner->CHN,2006-12,3.333333333333334
Indonesia,Partner->CHN,2007-01,0.8094757082487298
Indonesia,Partner->CHN,2007-02,2.3000014155471735
Indonesia,Partner->CHN,2007-03,-4.249999999999999
Indonesia,Partner->CHN,2007-04,2.5568916612439203
Indonesia,Partner->CHN,2007-05,3.2473392493335655
Indonesia,Partner->CHN,2007-06,2.3869747079987267
Indonesia,Partner->CHN,2007-07,2.2458548661505873
Indonesia,Partner->CHN,2007-08,0.9500000000000011
Indonesia,Partner->CHN,2007-09,0.7430792963472079
Indonesia,Partner->CHN,2007-10,5.038780513457986
Indonesia,Partner->CHN,2007-11,3.9879895370354
Indonesia,Partner->CHN,2007-12,0.4999999999999982
Indonesia,Partner->CHN,2008-01,1.9582071374951173
Indonesia,Partner->CHN,2008-02,2.0438303115639567
Indonesia,Partner->CHN,2008-03,0.4999999999999982
Indonesia,Partner->CHN,2008-04,-3.108258679000385
Indonesia,Partner->CHN,2008-05,3.180533759803062
Indonesia,Partner->CHN,2008-06,2.4000000000000004
Indonesia,Partner->CHN,2008-07,0.7599999999999998
Indonesia,Partner->CHN,2008-08,1.8190441965767423
Indonesia,Partner->CHN,2008-09,1.644079209708254
Indonesia,Partner->CHN,2008-10,2.1766191663884307
Indonesia,Partner->CHN,2008-11,3.119999999999999
Indonesia,Partner->CHN,2008-12,2.2498008796159557
Indonesia,Partner->CHN,2009-01,2.511350660210365
Indonesia,Partner->CHN,2009-02,2.5
Indonesia,Partner->CHN,2009-03,3.803375344919182
Indonesia,Partner->CHN,2009-04,3.339637246162358
Indonesia,Partner->CHN,2009-05,1.0332411670431156
Indonesia,Partner->CHN,2009-06,2.0
Indonesia,Partner->CHN,2009-07,1.1187537924057107
Indonesia,Partner->CHN,2009-08,6.4999999999999964
Indonesia,Partner->CHN,2009-09,4.96284793999944
Indonesia,Partner->CHN,2009-10,-0.9999999999999982
Indonesia,Partner->CHN,2009-11,1.6475800154489004
Indonesia,Partner->CHN,2009-12,1.3600000000000012
Indonesia,Partner->CHN,2010-01,1.9734508966009354
Indonesia,Partner->CHN,2010-02,4.1999999999999975
Indonesia,Partner->CHN,2010-03,0.9522004603461003
Indonesia,Partner->CHN,2010-04,0.6002745824483622
Indonesia,Partner->CHN,2010-05,1.9619387359041784
Indonesia,Partner->CHN,2010-06,3.318930233317001
Indonesia,Partner->CHN,2010-07,1.595997450023109
Indonesia,Partner->CHN,2010-08,1.0730302828309775
Indonesia,Partner->CHN,2010-09,2.3429085060096533
Indonesia,Partner->CHN,2010-10,2.0097939431397
Indonesia,Partner->CHN,2010-11,2.774355275537843
Indonesia,Partner->CHN,2010-12,1.455050463303893
Indonesia,Partner->CHN,2011-01,1.8249999999999993
Indonesia,Partner->CHN,2011-02,1.4972813232690143
Indonesia,Partner->CHN,2011-03,2.433333333333332
Indonesia,Partner->CHN,2011-04,1.63274071451335
Indonesia,Partner->CHN,2011-05,2.0762716947668753
Indonesia,Partner->CHN,2011-06,-1.4999999999999982
Indonesia,Partner->CHN,2011-07,-0.026286729256732144
Indonesia,Partner->CHN,2011-08,0.6000000000000014
Indonesia,Partner->CHN,2011-09,1.5615482190548207
Indonesia,Partner->CHN,2011-10,1.198547916270119
Indonesia,Partner->CHN,2011-11,3.067729703971704
Indonesia,Partner->CHN,2011-12,1.0
Indonesia,Partner->CHN,2012-01,1.5460605656619535
Indonesia,Partner->CHN,2012-02,1.6864907706630827
Indonesia,Partner->CHN,2012-03,3.2074633250937694
Indonesia,Partner->CHN,2012-04,-0.25956828828500456
Indonesia,Partner->CHN,2012-05,-0.40000000000000036
Indonesia,Partner->CHN,2012-06,1.356949028690563
Indonesia,Partner->CHN,2012-07,3.0999999999999996
Indonesia,Partner->CHN,2012-08,2.422992078408255
Indonesia,Partner->CHN,2012-09,1.0
Indonesia,Partner->CHN,2012-10,1.0
Indonesia,Partner->CHN,2012-11,1.4000000000000004
Indonesia,Partner->CHN,2012-12,1.0
Indonesia,Partner->CHN,2013-01,-0.7025013928784478
Indonesia,Partner->CHN,2013-02,1.0
Indonesia,Partner->CHN,2013-03,1.0
Indonesia,Partner->CHN,2013-04,1.0
Indonesia,Partner->CHN,2013-05,1.806694927486575
Indonesia,Partner->CHN,2013-06,1.9000000000000004
Indonesia,Partner->CHN,2013-07,1.0
Indonesia,Partner->CHN,2013-08,2.305046838811611
Indonesia,Partner->CHN,2013-09,2.5336574434383934
Indonesia,Partner->CHN,2013-10,2.5758644306263143
Indonesia,Partner->CHN,2013-11,1.8333333333333321
Indonesia,Partner->CHN,2013-12,0.9917376882617397
Indonesia,Partner->CHN,2014-01,1.0
Indonesia,Partner->CHN,2014-02,2.0663353450309945
Indonesia,Partner->CHN,2014-03,1.6859645671754784
Indonesia,Partner->CHN,2014-04,1.3166666666666664
Indonesia,Partner->CHN,2014-05,1.4935009794371403
Indonesia,Partner->CHN,2014-06,2.650000000000002
Indonesia,Partner->CHN,2014-07,0.29782505861521
Indonesia,Partner->CHN,2014-08,1.4666666666666686
Indonesia,Partner->CHN,2014-09,0.047079275822440536
Indonesia,Partner->CHN,2014-10,0.27999999999999936
Indonesia,Partner->CHN,2014-11,1.7924298405402492
Indonesia,Partner->CHN,2014-12,2.774390520815494
Indonesia,Partner->CHN,2015-01,0.6625000000000014
Indonesia,Partner->CHN,2015-02,0.9627295626437427
Indonesia,Partner->CHN,2015-03,1.016318133199995
Indonesia,Partner->CHN,2015-04,2.1120344404934013
Indonesia,Partner->CHN,2015-05,-0.8779971548520571
Indonesia,Partner->CHN,2015-06,3.9749999999999996
Indonesia,Partner->CHN,2015-07,0.2668824080394252
Indonesia,Partner->CHN,2015-08,-0.9999999999999982
Indonesia,Partner->CHN,2015-09,2.7893887572355514
Indonesia,Partner->CHN,2015-10,0.5134641653826915
Indonesia,Partner->CHN,2015-11,-1.83031294640627
Indonesia,Partner->CHN,2015-12,-3.506181326462161
Indonesia,Partner->CHN,2016-01,2.25
Indonesia,Partner->CHN,2016-02,1.0
Indonesia,Partner->CHN,2016-03,-1.3598444951969295
Indonesia,Partner->CHN,2016-04,-0.5507814529577271
Indonesia,Partner->CHN,2016-05,-3.1999999999999984
Indonesia,Partner->CHN,2016-06,-4.299757687918061
Indonesia,Partner->CHN,2016-07,0.6999999999999993
Indonesia,Partner->CHN,2016-08,1.0
Indonesia,Partner->CHN,2016-09,1.7291463568727448
Indonesia,Partner->CHN,2016-10,0.8330304624639648
Indonesia,Partner->CHN,2016-11,1.7763568394002505e-15
Indonesia,Partner->CHN,2016-12,1.4851712520982154
Indonesia,Partner->CHN,2017-01,-2.6200939043767466
Indonesia,Partner->CHN,2017-02,1.599999999999996
Indonesia,Partner->CHN,2017-03,2.9999999999999964
Indonesia,Partner->CHN,2017-04,-2.5900199203977703
Indonesia,Partner->CHN,2017-05,2.770364194238109
Indonesia,Partner->CHN,2017-06,4.499999999999998
Indonesia,Partner->CHN,2017-07,-2.069648410527714
Indonesia,Partner->CHN,2017-08,2.559448978070227
Indonesia,Partner->CHN,2017-09,-1.666666666666666
Indonesia,Partner->CHN,2017-10,-3.500000000000001
Indonesia,Partner->CHN,2017-11,2.466666666666665
Indonesia,Partner->CHN,2017-12,2.8000000000000025
Indonesia,Partner->CHN,2018-01,2.433333333333332
Indonesia,Partner->CHN,2018-02,0.26980175345777724
Indonesia,Partner->CHN,2018-03,1.4000000000000004
Indonesia,Partner->CHN,2018-04,2.509721888045883
Indonesia,Partner->CHN,2018-05,2.635794658195657
Indonesia,Partner->CHN,2018-06,-5.0
Indonesia,Partner->CHN,2018-07,6.399999999999999
Indonesia,Partner->CHN,2018-08,-1.8872106341154478
Indonesia,Partner->CHN,2018-09,2.8000000000000025
Indonesia,Partner->CHN,2018-10,-0.8399999999999981
Indonesia,Partner->CHN,2018-11,1.614285714285712
Indonesia,Partner->CHN,2018-12,-2.7500000000000018
Indonesia,Partner->CHN,2019-01,4.450000000000001
Indonesia,Partner->CHN,2019-02,2.6161668614922586
Indonesia,Partner->CHN,2019-03,1.0
Indonesia,Partner->CHN,2019-04,0.34534250419643264
Indonesia,Partner->CHN,2019-05,0.6680808212129392
Indonesia,Partner->CHN,2019-06,1.0
Indonesia,Partner->CHN,2019-07,2.7387350861960726
Indonesia,Partner->CHN,2019-08,1.0
Indonesia,Partner->CHN,2019-09,1.7763568394002505e-15
Indonesia,Partner->CHN,2019-10,1.7204204958880478
Indonesia,Partner->CHN,2019-11,-1.9999999999999982
Indonesia,Partner->CHN,2019-12,0.08834468339197876
Indonesia,Partner->CHN,2020-01,-0.5959746808909578
Indonesia,Partner->CHN,2020-02,1.3193712562431763
Indonesia,Partner->CHN,2020-03,2.086335345030994
Indonesia,Partner->CHN,2020-04,-0.24999999999999822
Indonesia,Partner->CHN,2020-05,-0.5658864158762942
Indonesia,Partner->CHN,2020-06,-0.8724905780097796
Indonesia,Partner->CHN,2020-07,-2.3000000000000025
Indonesia,Partner->CHN,2020-08,3.36836604963605
Indonesia,Partner->CHN,2020-09,1.9774485808293765
Indonesia,Partner->CHN,2020-10,0.6052600821364269
Indonesia,Partner->CHN,2020-11,3.0066238629180724
Indonesia,Partner->CHN,2020-12,2.8000000000000025
Indonesia,Partner->CHN,2021-01,0.9095861569852399
Indonesia,Partner->CHN,2021-02,3.3251531359811377
Indonesia,Partner->CHN,2021-03,1.4494897427831788
Indonesia,Partner->CHN,2021-04,2.1223357240756826
Indonesia,Partner->CHN,2021-05,0.6904544960366863
Indonesia,Partner->CHN,2021-06,2.420326591675245
Indonesia,Partner->CHN,2021-07,-0.5345239044429775
Indonesia,Partner->CHN,2021-08,-1.0000000000000018
Indonesia,Partner->CHN,2021-09,0.1333333333333364
Indonesia,Partner->CHN,2021-10,1.1679352201275535
Indonesia,Partner->CHN,2021-11,5.558684909875993
Indonesia,Partner->CHN,2021-12,3.446487785800283
Indonesia,Partner->CHN,2022-01,3.333333333333334
Indonesia,Partner->CHN,2022-02,2.8000000000000025
Indonesia,Partner->CHN,2022-03,2.242968143209609
Indonesia,Partner->CHN,2022-04,3.169373958207256
Indonesia,Partner->CHN,2022-05,2.0926923490708766
Indonesia,Partner->CHN,2022-06,2.317822820410555
Indonesia,Partner->CHN,2022-07,2.546824438171024
Indonesia,Partner->CHN,2022-08,-0.1517775837234474
Indonesia,Partner->CHN,2022-09,0.6288125276244152
Indonesia,Partner->CHN,2022-10,2.7546293722849917
Indonesia,Partner->CHN,2022-11,2.465334017024592
Indonesia,Partner->CHN,2022-12,2.2767332439189527
Indonesia,Partner->CHN,2023-01,1.3873168231339719
Indonesia,Partner->CHN,2023-02,0.9616610370788816
Indonesia,Partner->CHN,2023-03,2.9243967187889197
Indonesia,Partner->CHN,2023-04,4.499999999999998
Iran,Aggregated,2002-01,
Iran,Aggregated,2002-02,-5.6
Iran,Aggregated,2002-03,1.2659123037198547
Iran,Aggregated,2002-04,2.9412644217810904
Iran,Aggregated,2002-05,4.0
Iran,Aggregated,2002-06,4.0232156067203295
Iran,Aggregated,2002-07,2.422847065962845
Iran,Aggregated,2002-08,2.666064224232608
Iran,Aggregated,2002-09,3.0110803890143725
Iran,Aggregated,2002-10,4.1369654299048975
Iran,Aggregated,2002-11,3.7971881996867527
Iran,Aggregated,2002-12,3.465037898836284
Iran,Aggregated,2003-01,0.40987910056572474
Iran,Aggregated,2003-02,-1.9999999999999982
Iran,Aggregated,2003-03,0.6715044166139883
Iran,Aggregated,2003-04,0.7738373155476435
Iran,Aggregated,2003-05,1.0
Iran,Aggregated,2003-06,6.399999999999999
Iran,Aggregated,2003-07,6.0
Iran,Aggregated,2003-08,3.646669858849547
Iran,Aggregated,2003-09,2.5799999999999965
Iran,Aggregated,2003-10,1.7026557058595806
Iran,Aggregated,2003-11,3.9016265737519493
Iran,Aggregated,2003-12,2.9991703187304832
Iran,Aggregated,2004-01,3.5011872689590007
Iran,Aggregated,2004-02,4.021206787381125
Iran,Aggregated,2004-03,2.166666666666668
Iran,Aggregated,2004-04,2.0834327117689018
Iran,Aggregated,2004-05,2.9868401439251766
Iran,Aggregated,2004-06,1.5427106053768807
Iran,Aggregated,2004-07,1.1048599983670346
Iran,Aggregated,2004-08,1.2569701279768086
Iran,Aggregated,2004-09,1.4109916792414356
Iran,Aggregated,2004-10,3.625262157721515
Iran,Aggregated,2004-11,3.7829216813673394
Iran,Aggregated,2004-12,0.6828981728264036
Iran,Aggregated,2005-01,3.048482714952449
Iran,Aggregated,2005-02,3.122876295863671
Iran,Aggregated,2005-03,2.944698900612474
Iran,Aggregated,2005-04,3.5933787820351295
Iran,Aggregated,2005-05,0.7590448688938221
Iran,Aggregated,2005-06,2.7979390484781117
Iran,Aggregated,2005-07,0.37772023650816955
Iran,Aggregated,2005-08,1.9680462090881328
Iran,Aggregated,2005-09,-0.4572404043344509
Iran,Aggregated,2005-10,3.112814566026385
Iran,Aggregated,2005-11,3.2267350977709093
Iran,Aggregated,2005-12,1.8870290376952141
Iran,Aggregated,2006-01,1.8398681866354352
Iran,Aggregated,2006-02,1.6368777020103753
Iran,Aggregated,2006-03,1.8639576416545864
Iran,Aggregated,2006-04,2.42176622737143
Iran,Aggregated,2006-05,0.40490470338733786
Iran,Aggregated,2006-06,2.0224423071259334
Iran,Aggregated,2006-07,1.1134480610045419
Iran,Aggregated,2006-08,1.8865497309855925
Iran,Aggregated,2006-09,0.9952605112963155
Iran,Aggregated,2006-10,0.7370348288641466
Iran,Aggregated,2006-11,2.027288642048319
Iran,Aggregated,2006-12,1.454584761760632
Iran,Aggregated,2007-01,3.140489215649634
Iran,Aggregated,2007-02,-0.0034861459430004516
Iran,Aggregated,2007-03,-0.2547292212415311
Iran,Aggregated,2007-04,7.199999999999992
Iran,Aggregated,2007-05,1.009550842727549
Iran,Aggregated,2007-06,-1.1960164412106344
Iran,Aggregated,2007-07,1.171206787381129
Iran,Aggregated,2007-08,-1.0202434035148649
Iran,Aggregated,2007-09,0.5845020701833636
Iran,Aggregated,2007-10,1.850327662855845
Iran,Aggregated,2007-11,0.5521679239293569
Iran,Aggregated,2007-12,3.5554200603237494
Iran,Aggregated,2008-01,2.428036623879029
Iran,Aggregated,2008-02,2.0725577607478733
Iran,Aggregated,2008-03,1.7676441109265557
Iran,Aggregated,2008-04,3.843472572720776
Iran,Aggregated,2008-05,1.7767444759887407
Iran,Aggregated,2008-06,0.7315532263024132
Iran,Aggregated,2008-07,1.0479570745484388
Iran,Aggregated,2008-08,1.4080049012633555
Iran,Aggregated,2008-09,1.7275042363479844
Iran,Aggregated,2008-10,1.0174939787719133
Iran,Aggregated,2008-11,3.3086715303360084
Iran,Aggregated,2008-12,0.8659219884348808
Iran,Aggregated,2009-01,3.6617815662376962
Iran,Aggregated,2009-02,0.7396969494976435
Iran,Aggregated,2009-03,3.264582802621714
Iran,Aggregated,2009-04,2.6459051521105685
Iran,Aggregated,2009-05,1.3611023030575922
Iran,Aggregated,2009-06,2.807585477065885
Iran,Aggregated,2009-07,0.31009042622868144
Iran,Aggregated,2009-08,0.6954550012665823
Iran,Aggregated,2009-09,0.44757863225936667
Iran,Aggregated,2009-10,0.8530373703401608
Iran,Aggregated,2009-11,1.410665480545953
Iran,Aggregated,2009-12,2.6059149146989657
Iran,Aggregated,2010-01,-0.07246988671819388
Iran,Aggregated,2010-02,0.877391102133517
Iran,Aggregated,2010-03,-0.28440514586318955
Iran,Aggregated,2010-04,0.2822450700040431
Iran,Aggregated,2010-05,0.7488775877844613
Iran,Aggregated,2010-06,0.5104947032398304
Iran,Aggregated,2010-07,1.3888418558307283
Iran,Aggregated,2010-08,2.1628998202404404
Iran,Aggregated,2010-09,2.376347226470676
Iran,Aggregated,2010-10,2.640022471689795
Iran,Aggregated,2010-11,3.5142857142857125
Iran,Aggregated,2010-12,2.5680541306674165
Iran,Aggregated,2011-01,0.9238964239260987
Iran,Aggregated,2011-02,1.208202663702533
Iran,Aggregated,2011-03,4.239354064606552
Iran,Aggregated,2011-04,1.5306458925981783
Iran,Aggregated,2011-05,1.8264039818301807
Iran,Aggregated,2011-06,1.8426130233730955
Iran,Aggregated,2011-07,3.004325318778264
Iran,Aggregated,2011-08,1.9714285714285715
Iran,Aggregated,2011-09,4.10664823340862
Iran,Aggregated,2011-10,1.2500000000000018
Iran,Aggregated,2011-11,-0.42320675360822513
Iran,Aggregated,2011-12,3.11289119318198
Iran,Aggregated,2012-01,0.8697610643611071
Iran,Aggregated,2012-02,2.9742503922621815
Iran,Aggregated,2012-03,3.9091854590540223
Iran,Aggregated,2012-04,1.612702077452436
Iran,Aggregated,2012-05,3.5734837659595993
Iran,Aggregated,2012-06,2.341739626984621
Iran,Aggregated,2012-07,1.830219420020084
Iran,Aggregated,2012-08,1.2124880963311462
Iran,Aggregated,2012-09,1.525407115463869
Iran,Aggregated,2012-10,-0.020972895795425828
Iran,Aggregated,2012-11,1.8118408999249809
Iran,Aggregated,2012-12,3.8797639728456694
Iran,Aggregated,2013-01,1.6670159443508883
Iran,Aggregated,2013-02,2.4306137563458936
Iran,Aggregated,2013-03,2.4272157627141855
Iran,Aggregated,2013-04,3.5017844401481675
Iran,Aggregated,2013-05,1.6000000000000032
Iran,Aggregated,2013-06,-0.11058294491713738
Iran,Aggregated,2013-07,2.326236003372909
Iran,Aggregated,2013-08,3.0749999999999975
Iran,Aggregated,2013-09,1.4870648206532842
Iran,Aggregated,2013-10,3.0592071651343566
Iran,Aggregated,2013-11,2.966437374106169
Iran,Aggregated,2013-12,2.9736642409966585
Iran,Aggregated,2014-01,-0.11619042936368018
Iran,Aggregated,2014-02,3.0026049386992977
Iran,Aggregated,2014-03,1.8925858995495606
Iran,Aggregated,2014-04,3.0239813356558454
Iran,Aggregated,2014-05,2.224691022608953
Iran,Aggregated,2014-06,2.752695187574494
Iran,Aggregated,2014-07,2.17953703572784
Iran,Aggregated,2014-08,3.080955870528527
Iran,Aggregated,2014-09,1.9382268992759624
Iran,Aggregated,2014-10,2.0372433796918443
Iran,Aggregated,2014-11,2.711867005920075
Iran,Aggregated,2014-12,2.653163903562607
Iran,Aggregated,2015-01,1.8065080082917113
Iran,Aggregated,2015-02,2.4581748936843155
Iran,Aggregated,2015-03,4.077455273448086
Iran,Aggregated,2015-04,2.0970431498043673
Iran,Aggregated,2015-05,2.976449682559535
Iran,Aggregated,2015-06,4.366572099571091
Iran,Aggregated,2015-07,5.416529478253185
Iran,Aggregated,2015-08,4.755356281046842
Iran,Aggregated,2015-09,2.596961990681388
Iran,Aggregated,2015-10,3.5504183554459363
Iran,Aggregated,2015-11,1.3728112063610762
Iran,Aggregated,2015-12,3.4691654647949957
Iran,Aggregated,2016-01,2.7174903791610827
Iran,Aggregated,2016-02,4.419705800076274
Iran,Aggregated,2016-03,2.2823742062542784
Iran,Aggregated,2016-04,3.988052786817633
Iran,Aggregated,2016-05,0.5571428571428587
Iran,Aggregated,2016-06,5.699999999999996
Iran,Aggregated,2016-07,3.171206787381127
Iran,Aggregated,2016-08,1.8739481627962746
Iran,Aggregated,2016-09,5.210603393690562
Iran,Aggregated,2016-10,2.6960709838509054
Iran,Aggregated,2016-11,2.6902411472965415
Iran,Aggregated,2016-12,3.050722394753125
Iran,Aggregated,2017-01,3.5080057898756607
Iran,Aggregated,2017-02,3.4768804473836603
Iran,Aggregated,2017-03,1.1999999999999993
Iran,Aggregated,2017-04,3.5141907334740097
Iran,Aggregated,2017-05,3.237340638225996
Iran,Aggregated,2017-06,2.0575128845334785
Iran,Aggregated,2017-07,4.096583268799616
Iran,Aggregated,2017-08,3.364557868607408
Iran,Aggregated,2017-09,3.9283678480094135
Iran,Aggregated,2017-10,4.324776767916941
Iran,Aggregated,2017-11,4.96666666666666
Iran,Aggregated,2017-12,1.7378511547148179
Iran,Aggregated,2018-01,1.6403578008332982
Iran,Aggregated,2018-02,2.2003114560909687
Iran,Aggregated,2018-03,3.639999999999997
Iran,Aggregated,2018-04,3.7939349537685594
Iran,Aggregated,2018-05,3.7098341316405836
Iran,Aggregated,2018-06,2.7309683430022
Iran,Aggregated,2018-07,3.0346845534490683
Iran,Aggregated,2018-08,2.337171423121829
Iran,Aggregated,2018-09,2.341185659642866
Iran,Aggregated,2018-10,3.7714625474142682
Iran,Aggregated,2018-11,1.5669285560089161
Iran,Aggregated,2018-12,0.36131897911154987
Iran,Aggregated,2019-01,2.4178362376436944
Iran,Aggregated,2019-02,2.5255248829418004
Iran,Aggregated,2019-03,2.4073327350787714
Iran,Aggregated,2019-04,1.5971412356083636
Iran,Aggregated,2019-05,3.659763572799431
Iran,Aggregated,2019-06,3.2603627535396225
Iran,Aggregated,2019-07,2.702409387522474
Iran,Aggregated,2019-08,3.4302985766476652
Iran,Aggregated,2019-09,3.315597168242155
Iran,Aggregated,2019-10,2.0922055362914396
Iran,Aggregated,2019-11,4.301056270033344
Iran,Aggregated,2019-12,3.1610242349669804
Iran,Aggregated,2020-01,2.755435574427972
Iran,Aggregated,2020-02,2.0071861598339993
Iran,Aggregated,2020-03,3.258401234069293
Iran,Aggregated,2020-04,3.575218084615278
Iran,Aggregated,2020-05,3.5720995047989614
Iran,Aggregated,2020-06,3.5689815922481323
Iran,Aggregated,2020-07,2.703063890801623
Iran,Aggregated,2020-08,-0.7234848610088331
Iran,Aggregated,2020-09,2.016620583521556
Iran,Aggregated,2020-10,3.1810706470662105
Iran,Aggregated,2020-11,2.879510391940139
Iran,Aggregated,2020-12,2.584362811127244
Iran,Aggregated,2021-01,3.374311754384239
Iran,Aggregated,2021-02,3.32220686117385
Iran,Aggregated,2021-03,3.4482017496202015
Iran,Aggregated,2021-04,2.829514303375179
Iran,Aggregated,2021-05,2.0807674885281227
Iran,Aggregated,2021-06,2.0327011436202937
Iran,Aggregated,2021-07,2.5671163983079914
Iran,Aggregated,2021-08,3.3702623342449396
Iran,Aggregated,2021-09,0.4125802148119462
Iran,Aggregated,2021-10,2.9253898599756294
Iran,Aggregated,2021-11,1.8627055784022897
Iran,Aggregated,2021-12,2.4919263594892165
Iran,Aggregated,2022-01,3.23946248363616
Iran,Aggregated,2022-02,1.9426982871749363
Iran,Aggregated,2022-03,2.752999416778005
Iran,Aggregated,2022-04,2.5549831464459096
Iran,Aggregated,2022-05,3.6178770336448345
Iran,Aggregated,2022-06,2.615822447324712
Iran,Aggregated,2022-07,3.8048059181673306
Iran,Aggregated,2022-08,3.87778858955801
Iran,Aggregated,2022-09,2.0834382930244555
Iran,Aggregated,2022-10,4.71326015999203
Iran,Aggregated,2022-11,4.666666666666666
Iran,Aggregated,2022-12,1.9711960884209532
Iran,Aggregated,2023-01,4.571951341698982
Iran,Aggregated,2023-02,2.8049254943275503
Iran,Aggregated,2023-03,4.286524512223954
Iran,Aggregated,2023-04,1.8368710810748645
Iran,CHN->Partner,2002-01,
Iran,CHN->Partner,2002-02,-5.6
Iran,CHN->Partner,2002-03,1.3101270811147003
Iran,CHN->Partner,2002-04,3.1184759952932435
Iran,CHN->Partner,2002-05,4.0
Iran,CHN->Partner,2002-06,4.0232156067203295
Iran,CHN->Partner,2002-07,2.8126093602870377
Iran,CHN->Partner,2002-08,0.799096336348919
Iran,CHN->Partner,2002-09,7.9999999999999964
Iran,CHN->Partner,2002-10,4.139999999999997
Iran,CHN->Partner,2002-11,3.8042115612938634
Iran,CHN->Partner,2002-12,3.475870538411284
Iran,CHN->Partner,2003-01,2.4841967538299787
Iran,CHN->Partner,2003-02,1.5604578746083497
Iran,CHN->Partner,2003-03,0.7000000000000046
Iran,CHN->Partner,2003-04,0.4999999999999982
Iran,CHN->Partner,2003-05,1.0
Iran,CHN->Partner,2003-06,1.784131795596748
Iran,CHN->Partner,2003-07,2.619502147265651
Iran,CHN->Partner,2003-08,3.5094592034214163
Iran,CHN->Partner,2003-09,5.75
Iran,CHN->Partner,2003-10,1.1400000000000023
Iran,CHN->Partner,2003-11,3.9327933350862665
Iran,CHN->Partner,2003-12,3.0737561835153873
Iran,CHN->Partner,2004-01,3.5044420521449986
Iran,CHN->Partner,2004-02,3.9483077936542053
Iran,CHN->Partner,2004-03,2.166666666666668
Iran,CHN->Partner,2004-04,3.5561431425781684
Iran,CHN->Partner,2004-05,3.1531018076454878
Iran,CHN->Partner,2004-06,-0.48457703406824315
Iran,CHN->Partner,2004-07,4.318060615436211
Iran,CHN->Partner,2004-08,3.815208991497455
Iran,CHN->Partner,2004-09,3.3288646632305188
Iran,CHN->Partner,2004-10,3.559073830695091
Iran,CHN->Partner,2004-11,3.9209436415747803
Iran,CHN->Partner,2004-12,6.101003128389408
Iran,CHN->Partner,2005-01,1.4666666666666686
Iran,CHN->Partner,2005-02,2.957270104284504
Iran,CHN->Partner,2005-03,3.0874783736376923
Iran,CHN->Partner,2005-04,3.7620835978762504
Iran,CHN->Partner,2005-05,0.7982951786892762
Iran,CHN->Partner,2005-06,2.372502679021073
Iran,CHN->Partner,2005-07,0.3503532099858351
Iran,CHN->Partner,2005-08,2.8165010333027087
Iran,CHN->Partner,2005-09,-0.38333333333333286
Iran,CHN->Partner,2005-10,3.409959858489991
Iran,CHN->Partner,2005-11,3.2695928404299863
Iran,CHN->Partner,2005-12,1.8520910209008328
Iran,CHN->Partner,2006-01,2.177111885666662
Iran,CHN->Partner,2006-02,1.3751798105019901
Iran,CHN->Partner,2006-03,1.6241599488457439
Iran,CHN->Partner,2006-04,2.0963613685098856
Iran,CHN->Partner,2006-05,-0.25239631113320193
Iran,CHN->Partner,2006-06,1.8781430557446637
Iran,CHN->Partner,2006-07,1.9864105530566523
Iran,CHN->Partner,2006-08,1.804230452893485
Iran,CHN->Partner,2006-09,1.043084572420268
Iran,CHN->Partner,2006-10,1.2009517560876226
Iran,CHN->Partner,2006-11,2.3713878023967414
Iran,CHN->Partner,2006-12,1.5728353579027985
Iran,CHN->Partner,2007-01,2.9036386989149214
Iran,CHN->Partner,2007-02,-0.0034861459430004516
Iran,CHN->Partner,2007-03,-0.29453401889650443
Iran,CHN->Partner,2007-04,7.9999999999999964
Iran,CHN->Partner,2007-05,1.54923461417477
Iran,CHN->Partner,2007-06,-1.0999999999999996
Iran,CHN->Partner,2007-07,1.4000000000000057
Iran,CHN->Partner,2007-08,1.290958240185427
Iran,CHN->Partner,2007-09,0.8510576560528982
Iran,CHN->Partner,2007-10,2.536930138573984
Iran,CHN->Partner,2007-11,0.27438784594295207
Iran,CHN->Partner,2007-12,3.102726380432806
Iran,CHN->Partner,2008-01,2.0637940555720267
Iran,CHN->Partner,2008-02,2.289171198256538
Iran,CHN->Partner,2008-03,1.8265651759242623
Iran,CHN->Partner,2008-04,3.5
Iran,CHN->Partner,2008-05,1.5235816854238298
Iran,CHN->Partner,2008-06,0.7315532263024132
Iran,CHN->Partner,2008-07,0.6836992681525533
Iran,CHN->Partner,2008-08,1.4828336366472303
Iran,CHN->Partner,2008-09,0.8358957741907922
Iran,CHN->Partner,2008-10,0.5357717118283851
Iran,CHN->Partner,2008-11,3.1935402906512653
Iran,CHN->Partner,2008-12,0.9509176045743111
Iran,CHN->Partner,2009-01,3.7142080737002416
Iran,CHN->Partner,2009-02,-0.39045457575353737
Iran,CHN->Partner,2009-03,3.2205479445706615
Iran,CHN->Partner,2009-04,3.6008391830376176
Iran,CHN->Partner,2009-05,3.113828129165194
Iran,CHN->Partner,2009-06,3.7580367284830754
Iran,CHN->Partner,2009-07,1.430154624288969
Iran,CHN->Partner,2009-08,1.6352009100325517
Iran,CHN->Partner,2009-09,0.5717865495854042
Iran,CHN->Partner,2009-10,0.24119362379028786
Iran,CHN->Partner,2009-11,1.5129865654675623
Iran,CHN->Partner,2009-12,2.6059149146989657
Iran,CHN->Partner,2010-01,-0.12015891779689092
Iran,CHN->Partner,2010-02,0.5918374030522884
Iran,CHN->Partner,2010-03,-1.3603253122434662
Iran,CHN->Partner,2010-04,0.5750725947783462
Iran,CHN->Partner,2010-05,0.7721684417018047
Iran,CHN->Partner,2010-06,0.7450862356618781
Iran,CHN->Partner,2010-07,0.26974311125805706
Iran,CHN->Partner,2010-08,1.8211585932148946
Iran,CHN->Partner,2010-09,2.526547451447211
Iran,CHN->Partner,2010-10,1.1250000000000018
Iran,CHN->Partner,2010-11,3.033333333333335
Iran,CHN->Partner,2010-12,2.8985460930004603
Iran,CHN->Partner,2011-01,1.5325942814017637
Iran,CHN->Partner,2011-02,3.4727012449453856
Iran,CHN->Partner,2011-03,4.160415742705826
Iran,CHN->Partner,2011-04,1.1609598944287018
Iran,CHN->Partner,2011-05,1.8867857953048777
Iran,CHN->Partner,2011-06,1.697598614701695
Iran,CHN->Partner,2011-07,3.0876907208875863
Iran,CHN->Partner,2011-08,1.9599999999999973
Iran,CHN->Partner,2011-09,5.344413722347706
Iran,CHN->Partner,2011-10,1.2500000000000018
Iran,CHN->Partner,2011-11,-0.6658459588652406
Iran,CHN->Partner,2011-12,3.248122616208615
Iran,CHN->Partner,2012-01,0.796036012656872
Iran,CHN->Partner,2012-02,3.5247119063063312
Iran,CHN->Partner,2012-03,4.199099918027704
Iran,CHN->Partner,2012-04,1.3633294156712221
Iran,CHN->Partner,2012-05,3.3332883614789743
Iran,CHN->Partner,2012-06,2.42680501875469
Iran,CHN->Partner,2012-07,2.655493690257332
Iran,CHN->Partner,2012-08,1.3965073726351491
Iran,CHN->Partner,2012-09,1.3951165300256498
Iran,CHN->Partner,2012-10,-0.9812095587260412
Iran,CHN->Partner,2012-11,2.2082018503541185
Iran,CHN->Partner,2012-12,3.849999999999998
Iran,CHN->Partner,2013-01,2.7496064287095994
Iran,CHN->Partner,2013-02,2.2914488911949586
Iran,CHN->Partner,2013-03,2.744613819999236
Iran,CHN->Partner,2013-04,3.4525566078691803
Iran,CHN->Partner,2013-05,6.399999999999999
Iran,CHN->Partner,2013-06,0.057142857142855163
Iran,CHN->Partner,2013-07,3.925759424214201
Iran,CHN->Partner,2013-08,1.9666666666666668
Iran,CHN->Partner,2013-09,1.7281825323148343
Iran,CHN->Partner,2013-10,3.0801799319100063
Iran,CHN->Partner,2013-11,3.437848758224307
Iran,CHN->Partner,2013-12,2.723807185982853
Iran,CHN->Partner,2014-01,0.10712012903814383
Iran,CHN->Partner,2014-02,3.6718413395763925
Iran,CHN->Partner,2014-03,2.1640439357536767
Iran,CHN->Partner,2014-04,3.7361202177930757
Iran,CHN->Partner,2014-05,2.387228216574515
Iran,CHN->Partner,2014-06,2.868323807563298
Iran,CHN->Partner,2014-07,4.144697864140307
Iran,CHN->Partner,2014-08,3.324043550926019
Iran,CHN->Partner,2014-09,1.8127659356074375
Iran,CHN->Partner,2014-10,2.009078855153936
Iran,CHN->Partner,2014-11,3.431768864287493
Iran,CHN->Partner,2014-12,2.394169577109526
Iran,CHN->Partner,2015-01,1.7818838853369083
Iran,CHN->Partner,2015-02,2.74577741220363
Iran,CHN->Partner,2015-03,4.850428095197918
Iran,CHN->Partner,2015-04,3.241499648018559
Iran,CHN->Partner,2015-05,3.850637245076552
Iran,CHN->Partner,2015-06,5.097373128074317
Iran,CHN->Partner,2015-07,5.6742137039103255
Iran,CHN->Partner,2015-08,6.251669897454331
Iran,CHN->Partner,2015-09,2.9557904253368523
Iran,CHN->Partner,2015-10,4.080333886655305
Iran,CHN->Partner,2015-11,2.400808447851162
Iran,CHN->Partner,2015-12,3.3695706558262533
Iran,CHN->Partner,2016-01,2.8741973961837246
Iran,CHN->Partner,2016-02,4.531888016652676
Iran,CHN->Partner,2016-03,2.087881460026143
Iran,CHN->Partner,2016-04,5.119321056487191
Iran,CHN->Partner,2016-05,0.08000000000000185
Iran,CHN->Partner,2016-06,5.699999999999996
Iran,CHN->Partner,2016-07,2.9499999999999993
Iran,CHN->Partner,2016-08,2.153827132271907
Iran,CHN->Partner,2016-09,5.099999999999998
Iran,CHN->Partner,2016-10,2.1588741300164607
Iran,CHN->Partner,2016-11,2.505947029457893
Iran,CHN->Partner,2016-12,2.867059640312924
Iran,CHN->Partner,2017-01,3.5700979136460074
Iran,CHN->Partner,2017-02,3.3520938082937413
Iran,CHN->Partner,2017-03,1.700000000000001
Iran,CHN->Partner,2017-04,3.866862618577363
Iran,CHN->Partner,2017-05,3.133675121778408
Iran,CHN->Partner,2017-06,2.023263981524723
Iran,CHN->Partner,2017-07,6.3508612758451015
Iran,CHN->Partner,2017-08,5.850000000000001
Iran,CHN->Partner,2017-09,4.03593698039384
Iran,CHN->Partner,2017-10,4.942602020476501
Iran,CHN->Partner,2017-11,4.96666666666666
Iran,CHN->Partner,2017-12,2.1229769869362
Iran,CHN->Partner,2018-01,1.8978384726191635
Iran,CHN->Partner,2018-02,1.9742020373412181
Iran,CHN->Partner,2018-03,4.1999999999999975
Iran,CHN->Partner,2018-04,3.7314132554594845
Iran,CHN->Partner,2018-05,4.348890993722129
Iran,CHN->Partner,2018-06,3.1950029835870417
Iran,CHN->Partner,2018-07,3.0637331346864976
Iran,CHN->Partner,2018-08,2.7771478288885785
Iran,CHN->Partner,2018-09,2.3556914793693604
Iran,CHN->Partner,2018-10,3.604183829221695
Iran,CHN->Partner,2018-11,2.1827974651633983
Iran,CHN->Partner,2018-12,1.2936731760021942
Iran,CHN->Partner,2019-01,3.4833044981835837
Iran,CHN->Partner,2019-02,2.1104519294769943
Iran,CHN->Partner,2019-03,3.0203438870169492
Iran,CHN->Partner,2019-04,2.450000000000001
Iran,CHN->Partner,2019-05,3.981455036836893
Iran,CHN->Partner,2019-06,3.0232833386741227
Iran,CHN->Partner,2019-07,2.6693341472398107
Iran,CHN->Partner,2019-08,2.877524551883818
Iran,CHN->Partner,2019-09,3.901884015803578
Iran,CHN->Partner,2019-10,1.709307353785949
Iran,CHN->Partner,2019-11,5.342857142857142
Iran,CHN->Partner,2019-12,3.145833721473828
Iran,CHN->Partner,2020-01,2.686959729391827
Iran,CHN->Partner,2020-02,1.9725389731945473
Iran,CHN->Partner,2020-03,4.0
Iran,CHN->Partner,2020-04,5.352310810274098
Iran,CHN->Partner,2020-05,4.411765001593725
Iran,CHN->Partner,2020-06,3.525317138365219
Iran,CHN->Partner,2020-07,2.877170247594057
Iran,CHN->Partner,2020-08,-1.7543560762610397
Iran,CHN->Partner,2020-09,2.9999999999999964
Iran,CHN->Partner,2020-10,3.0323464508898876
Iran,CHN->Partner,2020-11,3.0207787780561794
Iran,CHN->Partner,2020-12,3.009220641122628
Iran,CHN->Partner,2021-01,2.7353846804077886
Iran,CHN->Partner,2021-02,4.799999999999997
Iran,CHN->Partner,2021-03,2.8039906352653716
Iran,CHN->Partner,2021-04,3.020895289573403
Iran,CHN->Partner,2021-05,2.4451261608862964
Iran,CHN->Partner,2021-06,2.6073668191347235
Iran,CHN->Partner,2021-07,2.9190199691478202
Iran,CHN->Partner,2021-08,3.561985538510598
Iran,CHN->Partner,2021-09,0.6095661408123121
Iran,CHN->Partner,2021-10,3.031998882141508
Iran,CHN->Partner,2021-11,2.459814846273005
Iran,CHN->Partner,2021-12,3.1861058869171117
Iran,CHN->Partner,2022-01,3.487841499596179
Iran,CHN->Partner,2022-02,2.1887222389026935
Iran,CHN->Partner,2022-03,3.1981372070130654
Iran,CHN->Partner,2022-04,3.494055770483433
Iran,CHN->Partner,2022-05,3.6953611926174688
Iran,CHN->Partner,2022-06,3.0346656396000267
Iran,CHN->Partner,2022-07,4.723568327726854
Iran,CHN->Partner,2022-08,3.924223563353996
Iran,CHN->Partner,2022-09,2.64344085557169
Iran,CHN->Partner,2022-10,6.339999999999996
Iran,CHN->Partner,2022-11,4.666666666666666
Iran,CHN->Partner,2022-12,2.2566470662964804
Iran,CHN->Partner,2023-01,4.793841177680681
Iran,CHN->Partner,2023-02,2.904462572736243
Iran,CHN->Partner,2023-03,4.6700525635209065
Iran,CHN->Partner,2023-04,1.8068561692713736
Iran,Partner->CHN,2002-01,
Iran,Partner->CHN,2002-02,
Iran,Partner->CHN,2002-03,2.2540863309765378
Iran,Partner->CHN,2002-04,2.434659795983819
Iran,Partner->CHN,2002-05,4.976812451915823
Iran,Partner->CHN,2002-06,7.9999999999999964
Iran,Partner->CHN,2002-07,1.309866004922391
Iran,Partner->CHN,2002-08,5.9990963363489165
Iran,Partner->CHN,2002-09,3.0110803890143725
Iran,Partner->CHN,2002-10,4.139999999999997
Iran,Partner->CHN,2002-11,4.056802413323586
Iran,Partner->CHN,2002-12,3.97406201544697
Iran,Partner->CHN,2003-01,0.6088999538725801
Iran,Partner->CHN,2003-02,-1.9999999999999982
Iran,Partner->CHN,2003-03,2.629380029920654
Iran,Partner->CHN,2003-04,1.926608140191302
Iran,Partner->CHN,2003-05,1.0
Iran,Partner->CHN,2003-06,6.399999999999999
Iran,Partner->CHN,2003-07,6.0
Iran,Partner->CHN,2003-08,3.6172046090503933
Iran,Partner->CHN,2003-09,2.5799999999999965
Iran,Partner->CHN,2003-10,2.677606935810889
Iran,Partner->CHN,2003-11,4.105999799568741
Iran,Partner->CHN,2003-12,1.8277499883731778
Iran,Partner->CHN,2004-01,3.0236742553324483
Iran,Partner->CHN,2004-02,4.3310939017307035
Iran,Partner->CHN,2004-03,3.733726292063677
Iran,Partner->CHN,2004-04,3.1596347815039127
Iran,Partner->CHN,2004-05,3.0863825437938743
Iran,Partner->CHN,2004-06,2.6096682702208422
Iran,Partner->CHN,2004-07,0.981012906483917
Iran,Partner->CHN,2004-08,0.389838904998987
Iran,Partner->CHN,2004-09,-0.172165050283704
Iran,Partner->CHN,2004-10,3.9731754927024543
Iran,Partner->CHN,2004-11,3.6384803252545854
Iran,Partner->CHN,2004-12,0.39035913187780125
Iran,Partner->CHN,2005-01,4.400000000000002
Iran,Partner->CHN,2005-02,3.7500000000000018
Iran,Partner->CHN,2005-03,2.9505587670200466
Iran,Partner->CHN,2005-04,3.357367407984846
Iran,Partner->CHN,2005-05,0.7089703440754551
Iran,Partner->CHN,2005-06,2.9799999999999933
Iran,Partner->CHN,2005-07,1.5726706900619938
Iran,Partner->CHN,2005-08,1.7531031515272897
Iran,Partner->CHN,2005-09,-0.13078251135025987
Iran,Partner->CHN,2005-10,3.141772607749326
Iran,Partner->CHN,2005-11,4.650438717348274
Iran,Partner->CHN,2005-12,3.2251498451487706
Iran,Partner->CHN,2006-01,2.4004246679569423
Iran,Partner->CHN,2006-02,4.027675987379332
Iran,Partner->CHN,2006-03,5.175000000000001
Iran,Partner->CHN,2006-04,3.1725368729234162
Iran,Partner->CHN,2006-05,1.368516671571994
Iran,Partner->CHN,2006-06,2.9391703132801528
Iran,Partner->CHN,2006-07,0.3983495507118189
Iran,Partner->CHN,2006-08,1.9845071343328957
Iran,Partner->CHN,2006-09,0.42776161397522827
Iran,Partner->CHN,2006-10,0.05438564157817716
Iran,Partner->CHN,2006-11,1.9025539606732842
Iran,Partner->CHN,2006-12,2.6766223900493795
Iran,Partner->CHN,2007-01,3.6909682607529746
Iran,Partner->CHN,2007-02,2.0477264895682303
Iran,Partner->CHN,2007-03,2.614502107467276
Iran,Partner->CHN,2007-04,7.199999999999992
Iran,Partner->CHN,2007-05,2.966666666666667
Iran,Partner->CHN,2007-06,2.405213871621781
Iran,Partner->CHN,2007-07,1.9000000000000004
Iran,Partner->CHN,2007-08,-1.2925724856852217
Iran,Partner->CHN,2007-09,1.3467217926875215
Iran,Partner->CHN,2007-10,4.044994432064364
Iran,Partner->CHN,2007-11,2.0319493601281824
Iran,Partner->CHN,2007-12,5.025636615462869
Iran,Partner->CHN,2008-01,4.297606335039767
Iran,Partner->CHN,2008-02,3.194949041237516
Iran,Partner->CHN,2008-03,2.629380029920654
Iran,Partner->CHN,2008-04,4.072454287867961
Iran,Partner->CHN,2008-05,1.9507337660978
Iran,Partner->CHN,2008-06,1.0
Iran,Partner->CHN,2008-07,2.1271744669058634
Iran,Partner->CHN,2008-08,2.2572535114314665
Iran,Partner->CHN,2008-09,3.1730060434509344
Iran,Partner->CHN,2008-10,1.9329849046989658
Iran,Partner->CHN,2008-11,3.5190212332646293
Iran,Partner->CHN,2008-12,0.7500000000000018
Iran,Partner->CHN,2009-01,4.518338146862703
Iran,Partner->CHN,2009-02,2.9999999999999964
Iran,Partner->CHN,2009-03,3.333333333333334
Iran,Partner->CHN,2009-04,2.1534352549630373
Iran,Partner->CHN,2009-05,1.0386057910178792
Iran,Partner->CHN,2009-06,2.664719785905552
Iran,Partner->CHN,2009-07,0.83009504856056
Iran,Partner->CHN,2009-08,2.541583850398533
Iran,Partner->CHN,2009-09,2.4052794541924953
Iran,Partner->CHN,2009-10,2.2824294235551825
Iran,Partner->CHN,2009-11,2.4827164327089193
Iran,Partner->CHN,2009-12,2.8101739093179052
Iran,Partner->CHN,2010-01,3.145584412271571
Iran,Partner->CHN,2010-02,3.3515379064592974
Iran,Partner->CHN,2010-03,2.6577662703116367
Iran,Partner->CHN,2010-04,0.9014299009913742
Iran,Partner->CHN,2010-05,1.333333333333334
Iran,Partner->CHN,2010-06,0.7432437405282766
Iran,Partner->CHN,2010-07,2.76
Iran,Partner->CHN,2010-08,2.6520368521239472
Iran,Partner->CHN,2010-09,2.1456407385147322
Iran,Partner->CHN,2010-10,3.592483220379739
Iran,Partner->CHN,2010-11,4.799999999999997
Iran,Partner->CHN,2010-12,3.331173858190331
Iran,Partner->CHN,2011-01,1.2717767253222405
Iran,Partner->CHN,2011-02,1.0656461522330254
Iran,Partner->CHN,2011-03,5.75
Iran,Partner->CHN,2011-04,2.347723251906281
Iran,Partner->CHN,2011-05,1.9988993555051913
Iran,Partner->CHN,2011-06,3.488508473136884
Iran,Partner->CHN,2011-07,2.4953918071431147
Iran,Partner->CHN,2011-08,1.4000000000000004
Iran,Partner->CHN,2011-09,4.875000000000002
Iran,Partner->CHN,2011-10,1.0
Iran,Partner->CHN,2011-11,2.099999999999998
Iran,Partner->CHN,2011-12,4.065507838363443
Iran,Partner->CHN,2012-01,2.129106265671224
Iran,Partner->CHN,2012-02,3.2236694519944287
Iran,Partner->CHN,2012-03,4.149999999999997
Iran,Partner->CHN,2012-04,2.0182846773132646
Iran,Partner->CHN,2012-05,4.275498768444901
Iran,Partner->CHN,2012-06,2.1376346807661157
Iran,Partner->CHN,2012-07,1.7455048131873454
Iran,Partner->CHN,2012-08,1.4632632123268063
Iran,Partner->CHN,2012-09,2.5388734874862866
Iran,Partner->CHN,2012-10,2.3000000000000025
Iran,Partner->CHN,2012-11,1.9962056993150306
Iran,Partner->CHN,2012-12,3.722085548648712
Iran,Partner->CHN,2013-01,1.678184987915758
Iran,Partner->CHN,2013-02,2.3306521999782106
Iran,Partner->CHN,2013-03,2.334450364443187
Iran,Partner->CHN,2013-04,4.791096052202198
Iran,Partner->CHN,2013-05,1.7763568394002505e-15
Iran,Partner->CHN,2013-06,0.20000000000000284
Iran,Partner->CHN,2013-07,2.0026252648456655
Iran,Partner->CHN,2013-08,3.6999999999999993
Iran,Partner->CHN,2013-09,1.3892086879227161
Iran,Partner->CHN,2013-10,3.2186162958091984
Iran,Partner->CHN,2013-11,2.9332088605528224
Iran,Partner->CHN,2013-12,4.558625563334321
Iran,Partner->CHN,2014-01,1.3380497502395237
Iran,Partner->CHN,2014-02,2.9876590462771855
Iran,Partner->CHN,2014-03,2.380297808756179
Iran,Partner->CHN,2014-04,2.9926515447532847
Iran,Partner->CHN,2014-05,2.266857959395935
Iran,Partner->CHN,2014-06,2.7959298060639153
Iran,Partner->CHN,2014-07,1.85316404353736
Iran,Partner->CHN,2014-08,2.8273186056290704
Iran,Partner->CHN,2014-09,2.1654568345152008
Iran,Partner->CHN,2014-10,2.0567143501962235
Iran,Partner->CHN,2014-11,2.349355469743644
Iran,Partner->CHN,2014-12,3.6396747332776442
Iran,Partner->CHN,2015-01,3.98606797749979
Iran,Partner->CHN,2015-02,2.4059197845581455
Iran,Partner->CHN,2015-03,4.531742314454565
Iran,Partner->CHN,2015-04,1.7383665353368691
Iran,Partner->CHN,2015-05,1.5365964799410516
Iran,Partner->CHN,2015-06,4.406124824225701
Iran,Partner->CHN,2015-07,5.6175123036956585
Iran,Partner->CHN,2015-08,4.970321307214123
Iran,Partner->CHN,2015-09,2.537043118520968
Iran,Partner->CHN,2015-10,3.4616852822036197
Iran,Partner->CHN,2015-11,0.9631202883245518
Iran,Partner->CHN,2015-12,3.879769949795051
Iran,Partner->CHN,2016-01,2.90589793854857
Iran,Partner->CHN,2016-02,5.17274726372429
Iran,Partner->CHN,2016-03,3.1999999999999993
Iran,Partner->CHN,2016-04,3.683334984805038
Iran,Partner->CHN,2016-05,3.8333333333333304
Iran,Partner->CHN,2016-06,7.9999999999999964
Iran,Partner->CHN,2016-07,3.400000000000004
Iran,Partner->CHN,2016-08,1.6079044941339866
Iran,Partner->CHN,2016-09,5.324999999999999
Iran,Partner->CHN,2016-10,2.6846569322777274
Iran,Partner->CHN,2016-11,2.793055406802086
Iran,Partner->CHN,2016-12,2.92110228503865
Iran,Partner->CHN,2017-01,3.5385946209246075
Iran,Partner->CHN,2017-02,4.210776109676029
Iran,Partner->CHN,2017-03,0.6999999999999993
Iran,Partner->CHN,2017-04,3.7739387524603174
Iran,Partner->CHN,2017-05,3.387574529844434
Iran,Partner->CHN,2017-06,4.374257504646476
Iran,Partner->CHN,2017-07,4.0476244225851055
Iran,Partner->CHN,2017-08,2.8343341060621388
Iran,Partner->CHN,2017-09,3.825800436576518
Iran,Partner->CHN,2017-10,6.0
Iran,Partner->CHN,2017-11,5.75
Iran,Partner->CHN,2017-12,2.6556282511759797
Iran,Partner->CHN,2018-01,0.8637756517374537
Iran,Partner->CHN,2018-02,2.046928088668137
Iran,Partner->CHN,2018-03,2.6999999999999993
Iran,Partner->CHN,2018-04,3.967104105187385
Iran,Partner->CHN,2018-05,3.3846537925198046
Iran,Partner->CHN,2018-06,2.644552616215597
Iran,Partner->CHN,2018-07,2.5988122540159377
Iran,Partner->CHN,2018-08,2.3126326275276394
Iran,Partner->CHN,2018-09,3.1108641609021337
Iran,Partner->CHN,2018-10,4.460000000000001
Iran,Partner->CHN,2018-11,3.0999999999999996
Iran,Partner->CHN,2018-12,-0.3943829770334144
Iran,Partner->CHN,2019-01,2.9088472966358925
Iran,Partner->CHN,2019-02,2.342174076110254
Iran,Partner->CHN,2019-03,3.8333333333333304
Iran,Partner->CHN,2019-04,0.5166205835215578
Iran,Partner->CHN,2019-05,3.2792257531897064
Iran,Partner->CHN,2019-06,3.7250665158696545
Iran,Partner->CHN,2019-07,2.583333333333332
Iran,Partner->CHN,2019-08,3.266626663082178
Iran,Partner->CHN,2019-09,3.3290082589539
Iran,Partner->CHN,2019-10,2.2229407150552554
Iran,Partner->CHN,2019-11,3.98573906121627
Iran,Partner->CHN,2019-12,3.3662726878337406
Iran,Partner->CHN,2020-01,3.1404393236203436
Iran,Partner->CHN,2020-02,2.0279898159620053
Iran,Partner->CHN,2020-03,1.5500000000000025
Iran,Partner->CHN,2020-04,3.1800000000000015
Iran,Partner->CHN,2020-05,3.6598100841512675
Iran,Partner->CHN,2020-06,4.155855550309102
Iran,Partner->CHN,2020-07,3.009050240654883
Iran,Partner->CHN,2020-08,3.3999999999999986
Iran,Partner->CHN,2020-09,2.016620583521556
Iran,Partner->CHN,2020-10,3.6992817121523274
Iran,Partner->CHN,2020-11,3.419346644056878
Iran,Partner->CHN,2020-12,3.1447426964803924
Iran,Partner->CHN,2021-01,4.310415742705825
Iran,Partner->CHN,2021-02,3.32220686117385
Iran,Partner->CHN,2021-03,4.119751598825708
Iran,Partner->CHN,2021-04,2.833445195414022
Iran,Partner->CHN,2021-05,2.270149226339816
Iran,Partner->CHN,2021-06,3.207067382969214
Iran,Partner->CHN,2021-07,2.320327820928572
Iran,Partner->CHN,2021-08,3.0049563335190754
Iran,Partner->CHN,2021-09,1.2854445961686345
Iran,Partner->CHN,2021-10,2.7952330175872415
Iran,Partner->CHN,2021-11,1.6555331324755276
Iran,Partner->CHN,2021-12,2.482295409663136
Iran,Partner->CHN,2022-01,3.1548996887025496
Iran,Partner->CHN,2022-02,1.5623049005793188
Iran,Partner->CHN,2022-03,2.5946350834127028
Iran,Partner->CHN,2022-04,2.5262292905048547
Iran,Partner->CHN,2022-05,4.198569237098177
Iran,Partner->CHN,2022-06,1.5604012373115932
Iran,Partner->CHN,2022-07,3.6218623724812744
Iran,Partner->CHN,2022-08,4.248686771635439
Iran,Partner->CHN,2022-09,1.9088471033142884
Iran,Partner->CHN,2022-10,4.651290908567152
Iran,Partner->CHN,2022-11,7.9999999999999964
Iran,Partner->CHN,2022-12,1.7435291145019
Iran,Partner->CHN,2023-01,4.556733601849302
Iran,Partner->CHN,2023-02,2.541966253050072
Iran,Partner->CHN,2023-03,4.31156757296092
Iran,Partner->CHN,2023-04,1.8617493711576163
Italy,Aggregated,2002-01,4.0
Italy,Aggregated,2002-02,3.437093434249494
Italy,Aggregated,2002-03,2.8953111219499963
Italy,Aggregated,2002-04,2.373860331037223
Italy,Aggregated,2002-05,1.8719780783858173
Italy,Aggregated,2002-06,2.065473897381416
Italy,Aggregated,2002-07,1.5214091366977165
Italy,Aggregated,2002-08,1.0
Italy,Aggregated,2002-09,0.1395084183540991
Italy,Aggregated,2002-10,2.304667552063693
Italy,Aggregated,2002-11,3.3604438321727095
Italy,Aggregated,2002-12,4.499999999999998
Italy,Aggregated,2003-01,3.3419349529474403
Italy,Aggregated,2003-02,-4.000000000000001
Italy,Aggregated,2003-03,2.3424135747622508
Italy,Aggregated,2003-04,-1.0332748374712413
Italy,Aggregated,2003-05,2.466666666666665
Italy,Aggregated,2003-06,2.67120678738112
Italy,Aggregated,2003-07,0.40000000000000036
Italy,Aggregated,2003-08,1.0
Italy,Aggregated,2003-09,3.161987348828772
Italy,Aggregated,2003-10,0.8791726141375413
Italy,Aggregated,2003-11,2.865178665026388
Italy,Aggregated,2003-12,1.333333333333334
Italy,Aggregated,2004-01,1.7418238746442132
Italy,Aggregated,2004-02,2.163843971820535
Italy,Aggregated,2004-03,2.5998417353162857
Italy,Aggregated,2004-04,2.7816982526251834
Italy,Aggregated,2004-05,2.312779933247713
Italy,Aggregated,2004-06,0.03273089089927872
Italy,Aggregated,2004-07,1.375951415095665
Italy,Aggregated,2004-08,1.0
Italy,Aggregated,2004-09,1.7121584807645416
Italy,Aggregated,2004-10,3.8748995964481665
Italy,Aggregated,2004-11,5.25
Italy,Aggregated,2004-12,2.9110265087299343
Italy,Aggregated,2005-01,1.7404830969331861
Italy,Aggregated,2005-02,3.8086916565139166
Italy,Aggregated,2005-03,3.5272419447988277
Italy,Aggregated,2005-04,-0.5
Italy,Aggregated,2005-05,1.8949423831748362
Italy,Aggregated,2005-06,2.404724029585571
Italy,Aggregated,2005-07,5.5
Italy,Aggregated,2005-08,2.3424135747622508
Italy,Aggregated,2005-09,1.3722813232690125
Italy,Aggregated,2005-10,-5.0
Italy,Aggregated,2005-11,7.9999999999999964
Italy,Aggregated,2005-12,-0.6671463494783847
Italy,Aggregated,2006-01,2.3424135747622508
Italy,Aggregated,2006-02,1.6534170443065328
Italy,Aggregated,2006-03,-1.8660755792957477
Italy,Aggregated,2006-04,2.498959740135552
Italy,Aggregated,2006-05,-3.500000000000001
Italy,Aggregated,2006-06,7.400000000000002
Italy,Aggregated,2006-07,1.6758520361050557
Italy,Aggregated,2006-08,1.9424589710803257
Italy,Aggregated,2006-09,2.21467336010085
Italy,Aggregated,2006-10,3.6110487109934084
Italy,Aggregated,2006-11,4.132447210809312
Italy,Aggregated,2006-12,1.2686635808027091
Italy,Aggregated,2007-01,0.6170262713325148
Italy,Aggregated,2007-02,1.7763568394002505e-15
Italy,Aggregated,2007-03,-3.8201574810121057
Italy,Aggregated,2007-04,-6.313623763866689
Italy,Aggregated,2007-05,4.499999999999998
Italy,Aggregated,2007-06,1.5694740998392565
Italy,Aggregated,2007-07,1.0
Italy,Aggregated,2007-08,2.0
Italy,Aggregated,2007-09,1.1147244839651549
Italy,Aggregated,2007-10,-2.053791462358559
Italy,Aggregated,2007-11,3.171206787381127
Italy,Aggregated,2007-12,1.093766917910763
Italy,Aggregated,2008-01,-0.5671718953489471
Italy,Aggregated,2008-02,-1.9999999999999982
Italy,Aggregated,2008-03,1.961481396815719
Italy,Aggregated,2008-04,-0.8000000000000025
Italy,Aggregated,2008-05,2.447471191587418
Italy,Aggregated,2008-06,2.7999999999999954
Italy,Aggregated,2008-07,1.0
Italy,Aggregated,2008-08,0.0891683321630996
Italy,Aggregated,2008-09,-0.752528808412583
Italy,Aggregated,2008-10,0.1968738136456718
Italy,Aggregated,2008-11,3.2231466507227093
Italy,Aggregated,2008-12,1.0
Italy,Aggregated,2009-01,0.1110208554226002
Italy,Aggregated,2009-02,0.9903432255555593
Italy,Aggregated,2009-03,1.7763568394002505e-15
Italy,Aggregated,2009-04,3.3999999999999986
Italy,Aggregated,2009-05,2.5704360912032236
Italy,Aggregated,2009-06,4.0
Italy,Aggregated,2009-07,0.5922892991527693
Italy,Aggregated,2009-08,1.171206787381129
Italy,Aggregated,2009-09,2.3424135747622508
Italy,Aggregated,2009-10,0.17120678738112716
Italy,Aggregated,2009-11,0.08527287265371974
Italy,Aggregated,2009-12,1.7763568394002505e-15
Italy,Aggregated,2010-01,4.499999999999998
Italy,Aggregated,2010-02,3.6999999999999993
Italy,Aggregated,2010-03,3.1976546481928594
Italy,Aggregated,2010-04,2.712476021044374
Italy,Aggregated,2010-05,2.2438774774431156
Italy,Aggregated,2010-06,2.440373215319072
Italy,Aggregated,2010-07,-2.206937688053493
Italy,Aggregated,2010-08,1.7763568394002505e-15
Italy,Aggregated,2010-09,2.856442238428409
Italy,Aggregated,2010-10,2.5371503076515776
Italy,Aggregated,2010-11,5.700000000000003
Italy,Aggregated,2010-12,5.746769527399252
Italy,Aggregated,2011-01,5.793670036157362
Italy,Aggregated,2011-02,5.840701893096874
Italy,Aggregated,2011-03,5.887865466067641
Italy,Aggregated,2011-04,1.7763568394002505e-15
Italy,Aggregated,2011-05,4.0
Italy,Aggregated,2011-06,2.8666005470751657
Italy,Aggregated,2011-07,0.00988517861664917
Italy,Aggregated,2011-08,2.0778914785561327
Italy,Aggregated,2011-09,4.534335077087574
Italy,Aggregated,2011-10,2.190320423074672
Italy,Aggregated,2011-11,0.20000000000000284
Italy,Aggregated,2011-12,-0.8215914800004196
Italy,Aggregated,2012-01,-1.7499999999999982
Italy,Aggregated,2012-02,1.247471191587417
Italy,Aggregated,2012-03,3.394491663308319
Italy,Aggregated,2012-04,2.244562646538027
Italy,Aggregated,2012-05,1.1637883955986403
Italy,Aggregated,2012-06,0.17120678738112716
Italy,Aggregated,2012-07,1.0
Italy,Aggregated,2012-08,3.3999999999999986
Italy,Aggregated,2012-09,-1.9999999999999982
Italy,Aggregated,2012-10,1.7763568394002505e-15
Italy,Aggregated,2012-11,2.1327480472194633
Italy,Aggregated,2012-12,1.6098354276898839
Italy,Aggregated,2013-01,2.387207460757926
Italy,Aggregated,2013-02,4.0
Italy,Aggregated,2013-03,7.9999999999999964
Italy,Aggregated,2013-04,1.7763568394002505e-15
Italy,Aggregated,2013-05,1.7763568394002505e-15
Italy,Aggregated,2013-06,1.7763568394002505e-15
Italy,Aggregated,2013-07,1.7763568394002505e-15
Italy,Aggregated,2013-08,0.9800200263709193
Italy,Aggregated,2013-09,2.047352712022576
Italy,Aggregated,2013-10,3.2097769801050333
Italy,Aggregated,2013-11,3.3045722939734326
Italy,Aggregated,2013-12,3.3999999999999986
Italy,Aggregated,2014-01,7.9999999999999964
Italy,Aggregated,2014-02,1.7763568394002505e-15
Italy,Aggregated,2014-03,0.9786638183078296
Italy,Aggregated,2014-04,3.3999999999999986
Italy,Aggregated,2014-05,1.7763568394002505e-15
Italy,Aggregated,2014-06,3.165517669785979
Italy,Aggregated,2014-07,4.148643049809207
Italy,Aggregated,2014-08,5.199999999999996
Italy,Aggregated,2014-09,1.3232161165687515
Italy,Aggregated,2014-10,3.604495269931407
Italy,Aggregated,2014-11,-0.14304298448226227
Italy,Aggregated,2014-12,-2.9289565672642794
Italy,Aggregated,2015-01,-5.0
Italy,Aggregated,2015-02,3.6999999999999993
Italy,Aggregated,2015-03,2.8658573609103755
Italy,Aggregated,2015-04,3.8324025435311118
Italy,Aggregated,2015-05,3.3759811242729096
Italy,Aggregated,2015-06,1.7499999999999964
Italy,Aggregated,2015-07,4.499999999999998
Italy,Aggregated,2015-08,3.232511633219019
Italy,Aggregated,2015-09,2.068670154175148
Italy,Aggregated,2015-10,1.0
Italy,Aggregated,2015-11,2.9999999999999964
Italy,Aggregated,2015-12,3.0645240237934903
Italy,Aggregated,2016-01,2.7808045249207485
Italy,Aggregated,2016-02,3.1358291448132203
Italy,Aggregated,2016-03,3.5
Italy,Aggregated,2016-04,1.0
Italy,Aggregated,2016-05,2.201702912193083
Italy,Aggregated,2016-06,2.068670154175148
Italy,Aggregated,2016-07,-1.0916523082067098
Italy,Aggregated,2016-08,4.150407521233522
Italy,Aggregated,2016-09,1.271768393367358
Italy,Aggregated,2016-10,2.4008648253215217
Italy,Aggregated,2016-11,2.1246739795095912
Italy,Aggregated,2016-12,3.3999999999999986
Italy,Aggregated,2017-01,2.8306792669165173
Italy,Aggregated,2017-02,2.2838672905773922
Italy,Aggregated,2017-03,2.388141927285192
Italy,Aggregated,2017-04,2.493235090678235
Italy,Aggregated,2017-05,2.898049827384485
Italy,Aggregated,2017-06,-0.6828325382896256
Italy,Aggregated,2017-07,0.5299604405183374
Italy,Aggregated,2017-08,1.8853184028748
Italy,Aggregated,2017-09,3.3999999999999986
Italy,Aggregated,2017-10,0.7500000000000018
Italy,Aggregated,2017-11,1.0
Italy,Aggregated,2017-12,3.4945134548210284
Italy,Aggregated,2018-01,2.180003939680878
Italy,Aggregated,2018-02,0.9847074820041612
Italy,Aggregated,2018-03,0.7228258450617489
Italy,Aggregated,2018-04,0.46666666666666856
Italy,Aggregated,2018-05,2.3459516750696707
Italy,Aggregated,2018-06,3.5434608458285464
Italy,Aggregated,2018-07,2.9999999999999964
Italy,Aggregated,2018-08,2.1492555164232474
Italy,Aggregated,2018-09,2.25
Italy,Aggregated,2018-10,1.0
Italy,Aggregated,2018-11,2.416407864998739
Italy,Aggregated,2018-12,4.0
Italy,Aggregated,2019-01,2.7427509851849177
Italy,Aggregated,2019-02,3.1641004255559153
Italy,Aggregated,2019-03,3.5983683384432474
Italy,Aggregated,2019-04,3.1534443475629583
Italy,Aggregated,2019-05,1.7763568394002505e-15
Italy,Aggregated,2019-06,1.8736805428979917
Italy,Aggregated,2019-07,4.092100678622492
Italy,Aggregated,2019-08,3.47250020179575
Italy,Aggregated,2019-09,2.878337187854985
Italy,Aggregated,2019-10,2.213567000043229
Italy,Aggregated,2019-11,2.635884117566622
Italy,Aggregated,2019-12,3.447471191587418
Italy,Aggregated,2020-01,2.4304096242241595
Italy,Aggregated,2020-02,1.1796035318390778
Italy,Aggregated,2020-03,3.487141876261221
Italy,Aggregated,2020-04,4.0
Italy,Aggregated,2020-05,5.25
Italy,Aggregated,2020-06,4.596427431853286
Italy,Aggregated,2020-07,2.708149455084458
Italy,Aggregated,2020-08,2.4739160950377794
Italy,Aggregated,2020-09,2.3424135747622508
Italy,Aggregated,2020-10,3.0681366223690016
Italy,Aggregated,2020-11,3.8333333333333304
Italy,Aggregated,2020-12,2.7155590672901724
Italy,Aggregated,2021-01,3.1023262788700023
Italy,Aggregated,2021-02,3.5
Italy,Aggregated,2021-03,2.7876837029713926
Italy,Aggregated,2021-04,2.1103601305643327
Italy,Aggregated,2021-05,1.4663102560184633
Italy,Aggregated,2021-06,1.529870873904093
Italy,Aggregated,2021-07,3.6999999999999993
Italy,Aggregated,2021-08,2.9999999999999964
Italy,Aggregated,2021-09,2.3911987952057334
Italy,Aggregated,2021-10,2.4649095577055284
Italy,Aggregated,2021-11,2.3123985185352094
Italy,Aggregated,2021-12,1.5822220587593723
Italy,Aggregated,2022-01,0.8920953061545234
Italy,Aggregated,2022-02,0.23982156015189737
Italy,Aggregated,2022-03,1.9350154633118475
Italy,Aggregated,2022-04,5.199999999999996
Italy,Aggregated,2022-05,4.583435044512152
Italy,Aggregated,2022-06,3.990336283119106
Italy,Aggregated,2022-07,3.419810602677801
Italy,Aggregated,2022-08,-1.9999999999999982
Italy,Aggregated,2022-09,2.080804524920749
Italy,Aggregated,2022-10,3.5654599313281157
Italy,Aggregated,2022-11,1.9004522355225113
Italy,Aggregated,2022-12,1.150450518042721
Italy,Aggregated,2023-01,0.4440521228304828
Italy,Aggregated,2023-02,1.969106517269399
Italy,Aggregated,2023-03,0.8099306356151548
Italy,Aggregated,2023-04,0.8099306356151548
Italy,CHN->Partner,2002-01,
Italy,CHN->Partner,2002-02,
Italy,CHN->Partner,2002-03,
Italy,CHN->Partner,2002-04,
Italy,CHN->Partner,2002-05,1.7368092477478498
Italy,CHN->Partner,2002-06,1.99311565887972
Italy,CHN->Partner,2002-07,1.4866884283446673
Italy,CHN->Partner,2002-08,1.0
Italy,CHN->Partner,2002-09,1.40392449628097
Italy,CHN->Partner,2002-10,2.3071963604762793
Italy,CHN->Partner,2002-11,3.361808506848373
Italy,CHN->Partner,2002-12,4.499999999999998
Italy,CHN->Partner,2003-01,3.47420203734122
Italy,CHN->Partner,2003-02,2.6644504566302167
Italy,CHN->Partner,2003-03,1.9000000000000004
Italy,CHN->Partner,2003-04,2.910427743243556
Italy,CHN->Partner,2003-05,4.0
Italy,CHN->Partner,2003-06,2.450000000000001
Italy,CHN->Partner,2003-07,1.704329970525798
Italy,CHN->Partner,2003-08,1.0
Italy,CHN->Partner,2003-09,3.177571002960301
Italy,CHN->Partner,2003-10,3.9593131430390525
Italy,CHN->Partner,2003-11,2.978590127537247
Italy,CHN->Partner,2003-12,4.0
Italy,CHN->Partner,2004-01,3.3850352462020616
Italy,CHN->Partner,2004-02,2.7952826022983803
Italy,CHN->Partner,2004-03,2.2297084310253545
Italy,CHN->Partner,2004-04,3.026156959070912
Italy,CHN->Partner,2004-05,2.553347630153585
Italy,CHN->Partner,2004-06,4.549096336348919
Italy,CHN->Partner,2004-07,1.5726706900619938
Italy,CHN->Partner,2004-08,1.0
Italy,CHN->Partner,2004-09,1.7911071757777037
Italy,CHN->Partner,2004-10,4.703547145013966
Italy,CHN->Partner,2004-11,7.9999999999999964
Italy,CHN->Partner,2004-12,2.7493210456274575
Italy,CHN->Partner,2005-01,1.4975798604501982
Italy,CHN->Partner,2005-02,3.691830697389758
Italy,CHN->Partner,2005-03,3.9453216280382613
Italy,CHN->Partner,2005-04,-0.5
Italy,CHN->Partner,2005-05,1.599999999999996
Italy,CHN->Partner,2005-06,3.3846144716849746
Italy,CHN->Partner,2005-07,5.5
Italy,CHN->Partner,2005-08,2.8000000000000025
Italy,CHN->Partner,2005-09,0.6618567412009799
Italy,CHN->Partner,2005-10,3.8854048679509745
Italy,CHN->Partner,2005-11,7.9999999999999964
Italy,CHN->Partner,2005-12,0.361856741200981
Italy,CHN->Partner,2006-01,2.8000000000000025
Italy,CHN->Partner,2006-02,1.8685663537163286
Italy,CHN->Partner,2006-03,-2.121084764516228
Italy,CHN->Partner,2006-04,1.9000000000000004
Italy,CHN->Partner,2006-05,-3.500000000000001
Italy,CHN->Partner,2006-06,-1.2788889523882094
Italy,CHN->Partner,2006-07,1.6000000000000032
Italy,CHN->Partner,2006-08,1.9621677444424162
Italy,CHN->Partner,2006-09,2.334745447227247
Italy,CHN->Partner,2006-10,4.949999999999999
Italy,CHN->Partner,2006-11,4.148673212339755
Italy,CHN->Partner,2006-12,3.5
Italy,CHN->Partner,2007-01,1.6293309403150928
Italy,CHN->Partner,2007-02,1.7763568394002505e-15
Italy,CHN->Partner,2007-03,-2.5850073166122893
Italy,CHN->Partner,2007-04,-4.562536194411935
Italy,CHN->Partner,2007-05,4.499999999999998
Italy,CHN->Partner,2007-06,1.6165931364593291
Italy,CHN->Partner,2007-07,1.0
Italy,CHN->Partner,2007-08,1.0
Italy,CHN->Partner,2007-09,0.8637363186214735
Italy,CHN->Partner,2007-10,1.9000000000000004
Italy,CHN->Partner,2007-11,2.9499999999999993
Italy,CHN->Partner,2007-12,1.0729015862401337
Italy,CHN->Partner,2008-01,1.048551980251931
Italy,CHN->Partner,2008-02,1.0242514845217396
Italy,CHN->Partner,2008-03,1.0
Italy,CHN->Partner,2008-04,-0.8000000000000025
Italy,CHN->Partner,2008-05,1.9000000000000004
Italy,CHN->Partner,2008-06,2.5
Italy,CHN->Partner,2008-07,1.0
Italy,CHN->Partner,2008-08,1.2229292724780176
Italy,CHN->Partner,2008-09,1.4499999999999993
Italy,CHN->Partner,2008-10,2.0230661302543425
Italy,CHN->Partner,2008-11,4.532730890899277
Italy,CHN->Partner,2008-12,1.0
Italy,CHN->Partner,2009-01,-2.5147186257614305
Italy,CHN->Partner,2009-02,-0.5393450367359609
Italy,CHN->Partner,2009-03,1.2732812023110647
Italy,CHN->Partner,2009-04,3.3999999999999986
Italy,CHN->Partner,2009-05,2.2640429124076764
Italy,CHN->Partner,2009-06,4.0
Italy,CHN->Partner,2009-07,0.499315509917043
Italy,CHN->Partner,2009-08,1.4000000000000004
Italy,CHN->Partner,2009-09,1.9000000000000004
Italy,CHN->Partner,2009-10,0.40000000000000036
Italy,CHN->Partner,2009-11,1.6293345244723625
Italy,CHN->Partner,2009-12,2.991236011493827
Italy,CHN->Partner,2010-01,4.499999999999998
Italy,CHN->Partner,2010-02,3.8970908167369114
Italy,CHN->Partner,2010-03,3.3176332130391835
Italy,CHN->Partner,2010-04,2.760714984217646
Italy,CHN->Partner,2010-05,2.2254594079434025
Italy,CHN->Partner,2010-06,2.3768386101751418
Italy,CHN->Partner,2010-07,1.961481396815719
Italy,CHN->Partner,2010-08,2.417021500994043
Italy,CHN->Partner,2010-09,2.888571872838666
Italy,CHN->Partner,2010-10,2.3834258007861546
Italy,CHN->Partner,2010-11,5.700000000000003
Italy,CHN->Partner,2010-12,5.746769527399252
Italy,CHN->Partner,2011-01,5.793670036157362
Italy,CHN->Partner,2011-02,5.840701893096874
Italy,CHN->Partner,2011-03,5.887865466067641
Italy,CHN->Partner,2011-04,4.915966260048885
Italy,CHN->Partner,2011-05,4.0
Italy,CHN->Partner,2011-06,2.655972228422465
Italy,CHN->Partner,2011-07,0.5199999999999996
Italy,CHN->Partner,2011-08,2.3774265121528053
Italy,CHN->Partner,2011-09,4.534335077087574
Italy,CHN->Partner,2011-10,2.190320423074672
Italy,CHN->Partner,2011-11,0.20000000000000284
Italy,CHN->Partner,2011-12,0.4309521329881658
Italy,CHN->Partner,2012-01,0.6666666666666661
Italy,CHN->Partner,2012-02,3.0999999999999996
Italy,CHN->Partner,2012-03,2.2559648841147855
Italy,CHN->Partner,2012-04,0.3237134824019634
Italy,CHN->Partner,2012-05,1.0861864921481885
Italy,CHN->Partner,2012-06,1.9000000000000004
Italy,CHN->Partner,2012-07,1.0
Italy,CHN->Partner,2012-08,3.3999999999999986
Italy,CHN->Partner,2012-09,1.5857061780418178
Italy,CHN->Partner,2012-10,1.7763568394002505e-15
Italy,CHN->Partner,2012-11,2.325534922315276
Italy,CHN->Partner,2012-12,1.471088978377388
Italy,CHN->Partner,2013-01,2.145341380123984
Italy,CHN->Partner,2013-02,4.0
Italy,CHN->Partner,2013-03,7.9999999999999964
Italy,CHN->Partner,2013-04,7.192700991716276
Italy,CHN->Partner,2013-05,6.419703651262861
Italy,CHN->Partner,2013-06,5.679550520617553
Italy,CHN->Partner,2013-07,4.970846068306347
Italy,CHN->Partner,2013-08,4.292254058180259
Italy,CHN->Partner,2013-09,3.642495029991224
Italy,CHN->Partner,2013-10,3.0203438870169492
Italy,CHN->Partner,2013-11,4.515185688315823
Italy,CHN->Partner,2013-12,6.169406747992216
Italy,CHN->Partner,2014-01,7.9999999999999964
Italy,CHN->Partner,2014-02,6.0197933934546235
Italy,CHN->Partner,2014-03,4.245966692414832
Italy,CHN->Partner,2014-04,3.3999999999999986
Italy,CHN->Partner,2014-05,3.083760094099249
Italy,CHN->Partner,2014-06,2.7744651658432318
Italy,CHN->Partner,2014-07,3.9380834007131043
Italy,CHN->Partner,2014-08,5.199999999999996
Italy,CHN->Partner,2014-09,1.3232161165687515
Italy,CHN->Partner,2014-10,3.554340895162584
Italy,CHN->Partner,2014-11,3.515601274454143
Italy,CHN->Partner,2014-12,3.476964767876625
Italy,CHN->Partner,2015-01,3.438431100968808
Italy,CHN->Partner,2015-02,3.3999999999999986
Italy,CHN->Partner,2015-03,2.0110803890143742
Italy,CHN->Partner,2015-04,3.619055059520173
Italy,CHN->Partner,2015-05,1.9436052249544549
Italy,CHN->Partner,2015-06,1.7499999999999964
Italy,CHN->Partner,2015-07,4.499999999999998
Italy,CHN->Partner,2015-08,3.232511633219019
Italy,CHN->Partner,2015-09,2.068670154175148
Italy,CHN->Partner,2015-10,1.0
Italy,CHN->Partner,2015-11,2.0235706645374893
Italy,CHN->Partner,2015-12,3.1344494045167863
Italy,CHN->Partner,2016-01,1.9000000000000004
Italy,CHN->Partner,2016-02,2.5651174982996423
Italy,CHN->Partner,2016-03,3.2645281195872276
Italy,CHN->Partner,2016-04,4.0
Italy,CHN->Partner,2016-05,3.4166666666666643
Italy,CHN->Partner,2016-06,2.6381816969858587
Italy,CHN->Partner,2016-07,-1.4544763631200066
Italy,CHN->Partner,2016-08,4.335497379352201
Italy,CHN->Partner,2016-09,1.3527546259064813
Italy,CHN->Partner,2016-10,2.0932156078954325
Italy,CHN->Partner,2016-11,1.1870109692643815
Italy,CHN->Partner,2016-12,3.3999999999999986
Italy,CHN->Partner,2017-01,3.071370040600515
Italy,CHN->Partner,2017-02,2.75023991802151
Italy,CHN->Partner,2017-03,2.39447527913174
Italy,CHN->Partner,2017-04,2.047915459869765
Italy,CHN->Partner,2017-05,2.5583466077336414
Italy,CHN->Partner,2017-06,-0.6828325382896256
Italy,CHN->Partner,2017-07,0.23342940545273905
Italy,CHN->Partner,2017-08,1.2310640663353727
Italy,CHN->Partner,2017-09,2.317298110422511
Italy,CHN->Partner,2017-10,3.5
Italy,CHN->Partner,2017-11,4.0
Italy,CHN->Partner,2017-12,4.564905869236121
Italy,CHN->Partner,2018-01,2.084875412536313
Italy,CHN->Partner,2018-02,1.7763568394002505e-15
Italy,CHN->Partner,2018-03,0.9547989225925608
Italy,CHN->Partner,2018-04,1.9924742981472985
Italy,CHN->Partner,2018-05,3.1202197946638943
Italy,CHN->Partner,2018-06,3.455026078737255
Italy,CHN->Partner,2018-07,2.8664212870242913
Italy,CHN->Partner,2018-08,2.301784324835827
Italy,CHN->Partner,2018-09,1.0
Italy,CHN->Partner,2018-10,1.0
Italy,CHN->Partner,2018-11,4.099668870541494
Italy,CHN->Partner,2018-12,7.9999999999999964
Italy,CHN->Partner,2019-01,2.4433597348552336
Italy,CHN->Partner,2019-02,2.9998191974031982
Italy,CHN->Partner,2019-03,3.579312123279264
Italy,CHN->Partner,2019-04,2.7826540550204726
Italy,CHN->Partner,2019-05,2.3340255478142833
Italy,CHN->Partner,2019-06,1.9000000000000004
Italy,CHN->Partner,2019-07,4.010091936569681
Italy,CHN->Partner,2019-08,3.3444526235933445
Italy,CHN->Partner,2019-09,2.7083318303470634
Italy,CHN->Partner,2019-10,2.015628348776348
Italy,CHN->Partner,2019-11,4.949357159505803
Italy,CHN->Partner,2019-12,4.949999999999999
Italy,CHN->Partner,2020-01,2.6000000000000014
Italy,CHN->Partner,2020-02,0.8001689955717897
Italy,CHN->Partner,2020-03,3.7076700793604047
Italy,CHN->Partner,2020-04,3.6034658951471474
Italy,CHN->Partner,2020-05,3.5
Italy,CHN->Partner,2020-06,7.9999999999999964
Italy,CHN->Partner,2020-07,4.062224182626689
Italy,CHN->Partner,2020-08,2.0757003814824504
Italy,CHN->Partner,2020-09,1.9000000000000004
Italy,CHN->Partner,2020-10,2.6766223900493795
Italy,CHN->Partner,2020-11,3.5
Italy,CHN->Partner,2020-12,3.1350712905405906
Italy,CHN->Partner,2021-01,3.316372924481902
Italy,CHN->Partner,2021-02,3.5
Italy,CHN->Partner,2021-03,2.8613385885707956
Italy,CHN->Partner,2021-04,2.250807411517359
Italy,CHN->Partner,2021-05,1.6671674553783067
Italy,CHN->Partner,2021-06,3.047773724376494
Italy,CHN->Partner,2021-07,3.6999999999999993
Italy,CHN->Partner,2021-08,2.9999999999999964
Italy,CHN->Partner,2021-09,1.8628145699147876
Italy,CHN->Partner,2021-10,2.2309201905076037
Italy,CHN->Partner,2021-11,2.1869455719613082
Italy,CHN->Partner,2021-12,1.503049425296247
Italy,CHN->Partner,2022-01,0.8546212296340201
Italy,CHN->Partner,2022-02,0.23982156015189737
Italy,CHN->Partner,2022-03,1.6480492658443833
Italy,CHN->Partner,2022-04,5.199999999999996
Italy,CHN->Partner,2022-05,4.712247128648556
Italy,CHN->Partner,2022-06,4.239179619242281
Italy,CHN->Partner,2022-07,3.78035532193822
Italy,CHN->Partner,2022-08,2.400795392869382
Italy,CHN->Partner,2022-09,1.1499999999999986
Italy,CHN->Partner,2022-10,4.499999999999998
Italy,CHN->Partner,2022-11,2.0260894913174674
Italy,CHN->Partner,2022-12,3.2093063558859427
Italy,CHN->Partner,2023-01,4.499999999999998
Italy,CHN->Partner,2023-02,2.0697466863438905
Italy,CHN->Partner,2023-03,3.5
Italy,CHN->Partner,2023-04,3.5
Italy,Partner->CHN,2002-01,4.0
Italy,Partner->CHN,2002-02,3.6905554200333874
Italy,Partner->CHN,2002-03,3.3874945699381627
Italy,Partner->CHN,2002-04,3.090685755673734
Italy,Partner->CHN,2002-05,2.8000000000000025
Italy,Partner->CHN,2002-06,2.2137132707432663
Italy,Partner->CHN,2002-07,1.592242026300129
Italy,Partner->CHN,2002-08,1.0
Italy,Partner->CHN,2002-09,-0.13512866908176946
Italy,Partner->CHN,2002-10,2.404742696480394
Italy,Partner->CHN,2002-11,3.414350897471804
Italy,Partner->CHN,2002-12,4.499999999999998
Italy,Partner->CHN,2003-01,2.727186207726202
Italy,Partner->CHN,2003-02,-4.000000000000001
Italy,Partner->CHN,2003-03,2.8000000000000025
Italy,Partner->CHN,2003-04,-1.0332748374712413
Italy,Partner->CHN,2003-05,1.700000000000001
Italy,Partner->CHN,2003-06,2.8000000000000025
Italy,Partner->CHN,2003-07,0.40000000000000036
Italy,Partner->CHN,2003-08,1.0
Italy,Partner->CHN,2003-09,2.8000000000000025
Italy,Partner->CHN,2003-10,0.7203070720499216
Italy,Partner->CHN,2003-11,2.579226182195825
Italy,Partner->CHN,2003-12,1.333333333333334
Italy,Partner->CHN,2004-01,1.6474855887219082
Italy,Partner->CHN,2004-02,1.9696398689401295
Italy,Partner->CHN,2004-03,2.3000000000000025
Italy,Partner->CHN,2004-04,2.522660692994492
Italy,Partner->CHN,2004-05,2.2963594408733723
Italy,Partner->CHN,2004-06,-1.700903663651081
Italy,Partner->CHN,2004-07,1.0
Italy,Partner->CHN,2004-08,1.0
Italy,Partner->CHN,2004-09,1.5954529791364607
Italy,Partner->CHN,2004-10,2.9999999999999964
Italy,Partner->CHN,2004-11,5.25
Italy,Partner->CHN,2004-12,2.9565434432498954
Italy,Partner->CHN,2005-01,1.9906135993000245
Italy,Partner->CHN,2005-02,3.6612204649265063
Italy,Partner->CHN,2005-03,2.3148107507725673
Italy,Partner->CHN,2005-04,1.0
Italy,Partner->CHN,2005-05,2.1999999999999993
Italy,Partner->CHN,2005-06,0.7494217096199538
Italy,Partner->CHN,2005-07,7.9999999999999964
Italy,Partner->CHN,2005-08,1.9000000000000004
Italy,Partner->CHN,2005-09,1.5000000000000018
Italy,Partner->CHN,2005-10,-5.0
Italy,Partner->CHN,2005-11,7.9999999999999964
Italy,Partner->CHN,2005-12,-0.09265499251983655
Italy,Partner->CHN,2006-01,1.9000000000000004
Italy,Partner->CHN,2006-02,1.4418648119966324
Italy,Partner->CHN,2006-03,-0.6666666666666643
Italy,Partner->CHN,2006-04,2.727752952754429
Italy,Partner->CHN,2006-05,-1.9999999999999982
Italy,Partner->CHN,2006-06,7.400000000000002
Italy,Partner->CHN,2006-07,1.7014129849528032
Italy,Partner->CHN,2006-08,1.9518584593173127
Italy,Partner->CHN,2006-09,2.207242198086252
Italy,Partner->CHN,2006-10,3.049725266430924
Italy,Partner->CHN,2006-11,4.115288612684383
Italy,Partner->CHN,2006-12,1.2686635808027091
Italy,Partner->CHN,2007-01,0.6170262713325148
Italy,Partner->CHN,2007-02,1.7763568394002505e-15
Italy,Partner->CHN,2007-03,-4.908132800349638
Italy,Partner->CHN,2007-04,-7.626286729256734
Italy,Partner->CHN,2007-05,-4.499578518888389
Italy,Partner->CHN,2007-06,1.5249172176353714
Italy,Partner->CHN,2007-07,1.0
Italy,Partner->CHN,2007-08,2.0
Italy,Partner->CHN,2007-09,1.9000000000000004
Italy,Partner->CHN,2007-10,-2.2128206292627404
Italy,Partner->CHN,2007-11,2.8000000000000025
Italy,Partner->CHN,2007-12,1.4340178246798594
Italy,Partner->CHN,2008-01,-0.42142918811247476
Italy,Partner->CHN,2008-02,-1.9999999999999982
Italy,Partner->CHN,2008-03,2.2987995223019535
Italy,Partner->CHN,2008-04,2.2993997476057544
Italy,Partner->CHN,2008-05,2.3000000000000025
Italy,Partner->CHN,2008-06,2.5
Italy,Partner->CHN,2008-07,1.0
Italy,Partner->CHN,2008-08,0.17139203501515432
Italy,Partner->CHN,2008-09,-0.5999999999999996
Italy,Partner->CHN,2008-10,0.1204326695320539
Italy,Partner->CHN,2008-11,2.853536258198851
Italy,Partner->CHN,2008-12,1.0
Italy,Partner->CHN,2009-01,2.2987995223019535
Italy,Partner->CHN,2009-02,2.2466284083955887
Italy,Partner->CHN,2009-03,1.7763568394002505e-15
Italy,Partner->CHN,2009-04,1.2906483910663802
Italy,Partner->CHN,2009-05,2.732730715711144
Italy,Partner->CHN,2009-06,2.3482006400569446
Italy,Partner->CHN,2009-07,1.9744377877717607
Italy,Partner->CHN,2009-08,1.9000000000000004
Italy,Partner->CHN,2009-09,2.8000000000000025
Italy,Partner->CHN,2009-10,1.9000000000000004
Italy,Partner->CHN,2009-11,0.9121786420452889
Italy,Partner->CHN,2009-12,1.7763568394002505e-15
Italy,Partner->CHN,2010-01,1.7161314872094682
Italy,Partner->CHN,2010-02,3.6999999999999993
Italy,Partner->CHN,2010-03,3.073694730293944
Italy,Partner->CHN,2010-04,2.4740736980614724
Italy,Partner->CHN,2010-05,1.9000000000000004
Italy,Partner->CHN,2010-06,2.800440173683599
Italy,Partner->CHN,2010-07,-5.758517211582206
Italy,Partner->CHN,2010-08,1.7763568394002505e-15
Italy,Partner->CHN,2010-09,2.8000000000000025
Italy,Partner->CHN,2010-10,2.5115502120663873
Italy,Partner->CHN,2010-11,4.999999999999998
Italy,Partner->CHN,2010-12,3.8448058900646753
Italy,Partner->CHN,2011-01,2.7730163696061805
Italy,Partner->CHN,2011-02,1.7786096579679338
Italy,Partner->CHN,2011-03,0.8559987448399848
Italy,Partner->CHN,2011-04,1.7763568394002505e-15
Italy,Partner->CHN,2011-05,1.457545475541128
Italy,Partner->CHN,2011-06,3.108221752288655
Italy,Partner->CHN,2011-07,-0.3375642715909404
Italy,Partner->CHN,2011-08,1.8698814813119622
Italy,Partner->CHN,2011-09,4.534335077087574
Italy,Partner->CHN,2011-10,2.4255635555695036
Italy,Partner->CHN,2011-11,0.6030558044605474
Italy,Partner->CHN,2011-12,-0.9720482165104425
Italy,Partner->CHN,2012-01,-2.3333333333333357
Italy,Partner->CHN,2012-02,-0.04999999999999716
Italy,Partner->CHN,2012-03,4.044665044408099
Italy,Partner->CHN,2012-04,2.5
Italy,Partner->CHN,2012-05,1.4056438768812
Italy,Partner->CHN,2012-06,0.40000000000000036
Italy,Partner->CHN,2012-07,1.0
Italy,Partner->CHN,2012-08,-0.607695154586736
Italy,Partner->CHN,2012-09,-1.9999999999999982
Italy,Partner->CHN,2012-10,-0.09808807752243709
Italy,Partner->CHN,2012-11,2.2057426183842743
Italy,Partner->CHN,2012-12,1.884718323324714
Italy,Partner->CHN,2013-01,2.55091881588681
Italy,Partner->CHN,2013-02,5.045792517100843
Italy,Partner->CHN,2013-03,7.9999999999999964
Italy,Partner->CHN,2013-04,1.7763568394002505e-15
Italy,Partner->CHN,2013-05,1.7763568394002505e-15
Italy,Partner->CHN,2013-06,1.7763568394002505e-15
Italy,Partner->CHN,2013-07,1.7763568394002505e-15
Italy,Partner->CHN,2013-08,1.061031661050837
Italy,Partner->CHN,2013-09,2.224407702624614
Italy,Partner->CHN,2013-10,3.5
Italy,Partner->CHN,2013-11,3.4499134945507564
Italy,Partner->CHN,2013-12,3.3999999999999986
Italy,Partner->CHN,2014-01,7.9999999999999964
Italy,Partner->CHN,2014-02,1.7763568394002505e-15
Italy,Partner->CHN,2014-03,-0.8000000000000025
Italy,Partner->CHN,2014-04,-0.4075498585077142
Italy,Partner->CHN,2014-05,1.7763568394002505e-15
Italy,Partner->CHN,2014-06,3.2682584519604294
Italy,Partner->CHN,2014-07,3.315359643263843
Italy,Partner->CHN,2014-08,3.362616321113123
Italy,Partner->CHN,2014-09,3.4100289987875545
Italy,Partner->CHN,2014-10,3.457598191260823
Italy,Partner->CHN,2014-11,-0.2159676040667584
Italy,Partner->CHN,2014-12,-2.9561082568448604
Italy,Partner->CHN,2015-01,-5.0
Italy,Partner->CHN,2015-02,4.0
Italy,Partner->CHN,2015-03,3.16
Italy,Partner->CHN,2015-04,3.9202368812921424
Italy,Partner->CHN,2015-05,3.914286006251901
Italy,Partner->CHN,2015-06,3.5
Italy,Partner->CHN,2015-07,4.499999999999998
Italy,Partner->CHN,2015-08,3.232511633219019
Italy,Partner->CHN,2015-09,2.068670154175148
Italy,Partner->CHN,2015-10,1.0
Italy,Partner->CHN,2015-11,2.9999999999999964
Italy,Partner->CHN,2015-12,2.419000445078556
Italy,Partner->CHN,2016-01,2.933333333333332
Italy,Partner->CHN,2016-02,3.213843017753268
Italy,Partner->CHN,2016-03,3.5
Italy,Partner->CHN,2016-04,-1.9999999999999982
Italy,Partner->CHN,2016-05,1.003887537006749
Italy,Partner->CHN,2016-06,1.0
Italy,Partner->CHN,2016-07,-1.0508770098662854
Italy,Partner->CHN,2016-08,2.8000000000000025
Italy,Partner->CHN,2016-09,1.0
Italy,Partner->CHN,2016-10,2.6363364071911715
Italy,Partner->CHN,2016-11,4.0
Italy,Partner->CHN,2016-12,3.3724047519372746
Italy,Partner->CHN,2017-01,2.7710678902339367
Italy,Partner->CHN,2017-02,2.1948907723232693
Italy,Partner->CHN,2017-03,2.263303441248004
Italy,Partner->CHN,2017-04,2.332070815137726
Italy,Partner->CHN,2017-05,2.6037870426365703
Italy,Partner->CHN,2017-06,2.7986148148980448
Italy,Partner->CHN,2017-07,2.9962328293711415
Italy,Partner->CHN,2017-08,3.196681046742736
Italy,Partner->CHN,2017-09,3.3999999999999986
Italy,Partner->CHN,2017-10,0.7500000000000018
Italy,Partner->CHN,2017-11,-1.9999999999999982
Italy,Partner->CHN,2017-12,3.1634931367057106
Italy,Partner->CHN,2018-01,3.816684636548711
Italy,Partner->CHN,2018-02,4.499999999999998
Italy,Partner->CHN,2018-03,2.331666562486978
Italy,Partner->CHN,2018-04,0.46666666666666856
Italy,Partner->CHN,2018-05,0.7209324059983171
Italy,Partner->CHN,2018-06,3.25010095281503
Italy,Partner->CHN,2018-07,2.9999999999999964
Italy,Partner->CHN,2018-08,1.3026764872537377
Italy,Partner->CHN,2018-09,2.25
Italy,Partner->CHN,2018-10,1.0
Italy,Partner->CHN,2018-11,2.416407864998739
Italy,Partner->CHN,2018-12,4.0
Italy,Partner->CHN,2019-01,3.0073628805763573
Italy,Partner->CHN,2019-02,3.275098434850401
Italy,Partner->CHN,2019-03,3.54795146395775
Italy,Partner->CHN,2019-04,3.3235303008954613
Italy,Partner->CHN,2019-05,1.7763568394002505e-15
Italy,Partner->CHN,2019-06,1.9880735492557502
Italy,Partner->CHN,2019-07,4.150000000000004
Italy,Partner->CHN,2019-08,3.5622081076447003
Italy,Partner->CHN,2019-09,2.9972214501883183
Italy,Partner->CHN,2019-10,2.6331153488637877
Italy,Partner->CHN,2019-11,2.833333333333332
Italy,Partner->CHN,2019-12,3.6000000000000014
Italy,Partner->CHN,2020-01,1.7508992135898893
Italy,Partner->CHN,2020-02,1.4940565162906676
Italy,Partner->CHN,2020-03,2.6200000000000028
Italy,Partner->CHN,2020-04,4.0
Italy,Partner->CHN,2020-05,6.9999999999999964
Italy,Partner->CHN,2020-06,4.596427431853286
Italy,Partner->CHN,2020-07,2.3622241826266883
Italy,Partner->CHN,2020-08,2.9385281513056523
Italy,Partner->CHN,2020-09,2.8000000000000025
Italy,Partner->CHN,2020-10,3.3073407731835367
Italy,Partner->CHN,2020-11,3.8333333333333304
Italy,Partner->CHN,2020-12,1.5642383416257317
Italy,Partner->CHN,2021-01,1.5007523282535438
Italy,Partner->CHN,2021-02,1.4375871042347796
Italy,Partner->CHN,2021-03,1.37474104864849
Italy,Partner->CHN,2021-04,1.3122125487640943
Italy,Partner->CHN,2021-05,1.2500000000000018
Italy,Partner->CHN,2021-06,-0.195075772478134
Italy,Partner->CHN,2021-07,1.0
Italy,Partner->CHN,2021-08,2.9999999999999964
Italy,Partner->CHN,2021-09,2.5
Italy,Partner->CHN,2021-10,3.2786075407893573
Italy,Partner->CHN,2021-11,2.480967301120705
Italy,Partner->CHN,2021-12,2.3649203508042067
Italy,Partner->CHN,2022-01,2.2498723565994556
Italy,Partner->CHN,2022-02,2.1358147192859676
Italy,Partner->CHN,2022-03,2.0227389136671103
Italy,Partner->CHN,2022-04,2.2767868372781983
Italy,Partner->CHN,2022-05,2.535790734276979
Italy,Partner->CHN,2022-06,2.7998472859189913
Italy,Partner->CHN,2022-07,3.069055059520176
Italy,Partner->CHN,2022-08,-1.9999999999999982
Italy,Partner->CHN,2022-09,3.150000000000004
Italy,Partner->CHN,2022-10,3.4415676834777607
Italy,Partner->CHN,2022-11,1.5575623676894264
Italy,Partner->CHN,2022-12,0.7530075318866274
Italy,Partner->CHN,2023-01,1.7763568394002505e-15
Italy,Partner->CHN,2023-02,1.9857002046576184
Italy,Partner->CHN,2023-03,0.49489710661556785
Italy,Partner->CHN,2023-04,0.49489710661556785
Japan,Aggregated,2002-01,2.032194234684452
Japan,Aggregated,2002-02,1.50498297437235
Japan,Aggregated,2002-03,2.5443682533377885
Japan,Aggregated,2002-04,1.7649768564789685
Japan,Aggregated,2002-05,-0.6716452704239888
Japan,Aggregated,2002-06,1.6265376617113514
Japan,Aggregated,2002-07,2.278230837039297
Japan,Aggregated,2002-08,0.8013419736788592
Japan,Aggregated,2002-09,1.7361040100370495
Japan,Aggregated,2002-10,1.997985113299661
Japan,Aggregated,2002-11,1.398925671368076
Japan,Aggregated,2002-12,1.1005282607360183
Japan,Aggregated,2003-01,1.3224709699259005
Japan,Aggregated,2003-02,2.43478051032049
Japan,Aggregated,2003-03,2.402221266158767
Japan,Aggregated,2003-04,2.1365589782023786
Japan,Aggregated,2003-05,2.052477034952842
Japan,Aggregated,2003-06,1.0968423440837025
Japan,Aggregated,2003-07,1.8510406102501005
Japan,Aggregated,2003-08,1.8782116662653738
Japan,Aggregated,2003-09,1.5884451494129337
Japan,Aggregated,2003-10,2.1003921116670767
Japan,Aggregated,2003-11,1.8704605734460351
Japan,Aggregated,2003-12,0.9683572302316943
Japan,Aggregated,2004-01,-0.22810132365979463
Japan,Aggregated,2004-02,1.5853447262694527
Japan,Aggregated,2004-03,0.4527808344195652
Japan,Aggregated,2004-04,2.111997578282786
Japan,Aggregated,2004-05,1.7186131677360557
Japan,Aggregated,2004-06,1.4188368268017904
Japan,Aggregated,2004-07,0.9020739365554942
Japan,Aggregated,2004-08,0.37001076845622904
Japan,Aggregated,2004-09,1.9468252634725332
Japan,Aggregated,2004-10,1.1358554358475974
Japan,Aggregated,2004-11,1.128662425880755
Japan,Aggregated,2004-12,0.1702309285489445
Japan,Aggregated,2005-01,0.9726942830509593
Japan,Aggregated,2005-02,0.5325962300995268
Japan,Aggregated,2005-03,-0.08147615711240164
Japan,Aggregated,2005-04,-0.5278069247483472
Japan,Aggregated,2005-05,0.3913271408421579
Japan,Aggregated,2005-06,0.366732759324357
Japan,Aggregated,2005-07,0.38741560660412233
Japan,Aggregated,2005-08,0.5030121923836042
Japan,Aggregated,2005-09,1.0452829857484573
Japan,Aggregated,2005-10,1.4726736876753357
Japan,Aggregated,2005-11,0.7236521875189847
Japan,Aggregated,2005-12,0.43124099726546383
Japan,Aggregated,2006-01,0.5512634191160544
Japan,Aggregated,2006-02,0.6057721925198205
Japan,Aggregated,2006-03,0.7913655163188817
Japan,Aggregated,2006-04,0.8993080942547973
Japan,Aggregated,2006-05,2.099089758521533
Japan,Aggregated,2006-06,0.2145467624538746
Japan,Aggregated,2006-07,1.637573678396631
Japan,Aggregated,2006-08,0.06732607945855129
Japan,Aggregated,2006-09,0.6330806752990839
Japan,Aggregated,2006-10,2.158441635966346
Japan,Aggregated,2006-11,2.103752113803326
Japan,Aggregated,2006-12,1.7872907043120634
Japan,Aggregated,2007-01,1.8684076441931534
Japan,Aggregated,2007-02,2.278173848035573
Japan,Aggregated,2007-03,2.4289307938884814
Japan,Aggregated,2007-04,2.1057868459756115
Japan,Aggregated,2007-05,1.6367424195779154
Japan,Aggregated,2007-06,1.115039922575015
Japan,Aggregated,2007-07,1.5324548475179807
Japan,Aggregated,2007-08,2.2867636066515153
Japan,Aggregated,2007-09,2.687127690307623
Japan,Aggregated,2007-10,1.3985184990227282
Japan,Aggregated,2007-11,2.8341402743314585
Japan,Aggregated,2007-12,2.0972095086620364
Japan,Aggregated,2008-01,2.1548929871831497
Japan,Aggregated,2008-02,2.508567728586261
Japan,Aggregated,2008-03,1.6471049278612604
Japan,Aggregated,2008-04,1.785490461964061
Japan,Aggregated,2008-05,2.8236249099029713
Japan,Aggregated,2008-06,2.9619347051827383
Japan,Aggregated,2008-07,2.7309718554559925
Japan,Aggregated,2008-08,2.2532764053416106
Japan,Aggregated,2008-09,2.286110487528468
Japan,Aggregated,2008-10,2.3535681397730954
Japan,Aggregated,2008-11,2.0613686585048008
Japan,Aggregated,2008-12,2.414154219742409
Japan,Aggregated,2009-01,1.7602420318027612
Japan,Aggregated,2009-02,2.660832334323759
Japan,Aggregated,2009-03,1.6830389912438974
Japan,Aggregated,2009-04,1.9410067272795892
Japan,Aggregated,2009-05,2.1779896111455095
Japan,Aggregated,2009-06,2.0764460771548237
Japan,Aggregated,2009-07,1.50569527872171
Japan,Aggregated,2009-08,0.19118488584567395
Japan,Aggregated,2009-09,2.3238001010819005
Japan,Aggregated,2009-10,2.3070209969194604
Japan,Aggregated,2009-11,2.5974178890452553
Japan,Aggregated,2009-12,1.604582521920122
Japan,Aggregated,2010-01,0.5683274261767934
Japan,Aggregated,2010-02,1.574797354457024
Japan,Aggregated,2010-03,2.314132232875153
Japan,Aggregated,2010-04,-0.4158048537834773
Japan,Aggregated,2010-05,1.8190994096508106
Japan,Aggregated,2010-06,2.1179921958667407
Japan,Aggregated,2010-07,1.356904732112902
Japan,Aggregated,2010-08,2.819091246794901
Japan,Aggregated,2010-09,-0.5586943365588546
Japan,Aggregated,2010-10,-0.15496812483105593
Japan,Aggregated,2010-11,0.6212821162654993
Japan,Aggregated,2010-12,0.6124179321194916
Japan,Aggregated,2011-01,1.6847995916296625
Japan,Aggregated,2011-02,0.5218287554961751
Japan,Aggregated,2011-03,2.21910306948398
Japan,Aggregated,2011-04,1.591149477584775
Japan,Aggregated,2011-05,1.7099319704454192
Japan,Aggregated,2011-06,2.2475951825184257
Japan,Aggregated,2011-07,1.5709392384786849
Japan,Aggregated,2011-08,1.083374910262176
Japan,Aggregated,2011-09,1.0501764577984911
Japan,Aggregated,2011-10,1.978969542107924
Japan,Aggregated,2011-11,2.226339944698317
Japan,Aggregated,2011-12,2.659758635128771
Japan,Aggregated,2012-01,-0.8838176120894836
Japan,Aggregated,2012-02,0.7758625655498737
Japan,Aggregated,2012-03,1.1297577479279841
Japan,Aggregated,2012-04,1.930219753250615
Japan,Aggregated,2012-05,1.6053841751151978
Japan,Aggregated,2012-06,0.8172861539614598
Japan,Aggregated,2012-07,-0.35859654898153437
Japan,Aggregated,2012-08,-0.353901001714787
Japan,Aggregated,2012-09,-0.8170309142956356
Japan,Aggregated,2012-10,-0.05319881929931469
Japan,Aggregated,2012-11,0.2376636623700925
Japan,Aggregated,2012-12,0.9465422446584402
Japan,Aggregated,2013-01,0.22816938739047288
Japan,Aggregated,2013-02,0.28306987721665244
Japan,Aggregated,2013-03,1.08154239544732
Japan,Aggregated,2013-04,0.6696370032960459
Japan,Aggregated,2013-05,0.050628908317287724
Japan,Aggregated,2013-06,0.27735759028023566
Japan,Aggregated,2013-07,-0.23640659161387667
Japan,Aggregated,2013-08,0.763291458055825
Japan,Aggregated,2013-09,0.9381177787830488
Japan,Aggregated,2013-10,1.0118427656137658
Japan,Aggregated,2013-11,0.22066710845199644
Japan,Aggregated,2013-12,-1.3616097153781386
Japan,Aggregated,2014-01,-0.35440698950447036
Japan,Aggregated,2014-02,-0.40488792795028417
Japan,Aggregated,2014-03,0.783207674387203
Japan,Aggregated,2014-04,0.8069918928242092
Japan,Aggregated,2014-05,0.9619664670614174
Japan,Aggregated,2014-06,0.8805128809833516
Japan,Aggregated,2014-07,-1.7662423654557937
Japan,Aggregated,2014-08,0.002637849156066352
Japan,Aggregated,2014-09,1.6426789138559137
Japan,Aggregated,2014-10,1.9800985982693096
Japan,Aggregated,2014-11,2.4431049626282686
Japan,Aggregated,2014-12,1.4377675033921165
Japan,Aggregated,2015-01,1.3198014156819813
Japan,Aggregated,2015-02,2.1749605182992653
Japan,Aggregated,2015-03,1.7393682677954647
Japan,Aggregated,2015-04,1.9213302235756284
Japan,Aggregated,2015-05,1.8608314935368835
Japan,Aggregated,2015-06,1.524985110705794
Japan,Aggregated,2015-07,-0.137443716182176
Japan,Aggregated,2015-08,-1.7400547739391374
Japan,Aggregated,2015-09,0.6290701310790876
Japan,Aggregated,2015-10,1.3040948946063846
Japan,Aggregated,2015-11,0.7846332037181405
Japan,Aggregated,2015-12,1.1387299825333503
Japan,Aggregated,2016-01,2.530817781832299
Japan,Aggregated,2016-02,1.6038981737598963
Japan,Aggregated,2016-03,0.506565045017771
Japan,Aggregated,2016-04,2.1000477389795904
Japan,Aggregated,2016-05,0.9337678809945107
Japan,Aggregated,2016-06,0.10025742552678096
Japan,Aggregated,2016-07,0.7870614578466526
Japan,Aggregated,2016-08,0.2107283378719078
Japan,Aggregated,2016-09,1.3791020640184772
Japan,Aggregated,2016-10,0.5951302727982544
Japan,Aggregated,2016-11,1.1159182831707746
Japan,Aggregated,2016-12,-0.8136836190073939
Japan,Aggregated,2017-01,0.7033161535150025
Japan,Aggregated,2017-02,1.0605927808471538
Japan,Aggregated,2017-03,0.4013128520981475
Japan,Aggregated,2017-04,1.4911002778031328
Japan,Aggregated,2017-05,2.095483119236162
Japan,Aggregated,2017-06,1.4528534411359466
Japan,Aggregated,2017-07,0.6083488061174567
Japan,Aggregated,2017-08,1.212772834754972
Japan,Aggregated,2017-09,0.5440062661340228
Japan,Aggregated,2017-10,0.24688228548474633
Japan,Aggregated,2017-11,2.446894502625252
Japan,Aggregated,2017-12,0.21732969599612773
Japan,Aggregated,2018-01,1.8839734769059433
Japan,Aggregated,2018-02,1.0616909553609073
Japan,Aggregated,2018-03,1.0848887705911032
Japan,Aggregated,2018-04,1.5197875490225972
Japan,Aggregated,2018-05,3.147372256611739
Japan,Aggregated,2018-06,-0.8272827441111499
Japan,Aggregated,2018-07,-0.22377334567720908
Japan,Aggregated,2018-08,1.5272168842492118
Japan,Aggregated,2018-09,1.641926546628877
Japan,Aggregated,2018-10,2.2889250443807025
Japan,Aggregated,2018-11,0.5422736022303756
Japan,Aggregated,2018-12,-1.2683336427596927
Japan,Aggregated,2019-01,1.1041156567218664
Japan,Aggregated,2019-02,0.09928867961279231
Japan,Aggregated,2019-03,0.366305158685325
Japan,Aggregated,2019-04,1.3603412990467323
Japan,Aggregated,2019-05,1.2642475911505873
Japan,Aggregated,2019-06,1.8099802914714473
Japan,Aggregated,2019-07,1.00176714495829
Japan,Aggregated,2019-08,3.5371753121477774
Japan,Aggregated,2019-09,1.2805692506056658
Japan,Aggregated,2019-10,0.9426456009565722
Japan,Aggregated,2019-11,1.2475574690698767
Japan,Aggregated,2019-12,2.3907662998444046
Japan,Aggregated,2020-01,1.0411943920920699
Japan,Aggregated,2020-02,1.9722125043493435
Japan,Aggregated,2020-03,2.296739673116294
Japan,Aggregated,2020-04,2.2718366233072906
Japan,Aggregated,2020-05,1.5424949701154524
Japan,Aggregated,2020-06,0.8866190587439053
Japan,Aggregated,2020-07,-0.19437410834744817
Japan,Aggregated,2020-08,-0.43009018763007134
Japan,Aggregated,2020-09,2.1644749574257496
Japan,Aggregated,2020-10,0.6351920903157655
Japan,Aggregated,2020-11,3.025584962672765
Japan,Aggregated,2020-12,-0.09782459533312249
Japan,Aggregated,2021-01,1.3189208823277703
Japan,Aggregated,2021-02,-0.004815969621905225
Japan,Aggregated,2021-03,0.12880471045585473
Japan,Aggregated,2021-04,1.1083257362630494
Japan,Aggregated,2021-05,1.3356910821271075
Japan,Aggregated,2021-06,-0.7076616319037381
Japan,Aggregated,2021-07,0.5852599111595396
Japan,Aggregated,2021-08,0.19003141368051324
Japan,Aggregated,2021-09,-0.4638257065179321
Japan,Aggregated,2021-10,1.064635173386149
Japan,Aggregated,2021-11,0.7674470020790825
Japan,Aggregated,2021-12,-0.8167346188274909
Japan,Aggregated,2022-01,0.8763393618460338
Japan,Aggregated,2022-02,-0.48253756188731955
Japan,Aggregated,2022-03,0.06868149504750498
Japan,Aggregated,2022-04,1.1657148808756013
Japan,Aggregated,2022-05,-0.1096669970290769
Japan,Aggregated,2022-06,0.7659390086217677
Japan,Aggregated,2022-07,-0.22505429676028932
Japan,Aggregated,2022-08,-0.14532049193710073
Japan,Aggregated,2022-09,0.7596312576285218
Japan,Aggregated,2022-10,-0.6395635646227618
Japan,Aggregated,2022-11,1.1841775063497888
Japan,Aggregated,2022-12,1.0712287655085664
Japan,Aggregated,2023-01,0.8500205838500978
Japan,Aggregated,2023-02,1.2617220825065996
Japan,Aggregated,2023-03,0.5961728257444019
Japan,Aggregated,2023-04,1.2739023862687748
Japan,CHN->Partner,2002-01,3.414983130065215
Japan,CHN->Partner,2002-02,1.5287336988874038
Japan,CHN->Partner,2002-03,2.506293501451145
Japan,CHN->Partner,2002-04,1.421222611669707
Japan,CHN->Partner,2002-05,-1.5020208850150834
Japan,CHN->Partner,2002-06,0.796229026642072
Japan,CHN->Partner,2002-07,1.9875465536988024
Japan,CHN->Partner,2002-08,1.3656049082631245
Japan,CHN->Partner,2002-09,1.5064683053570853
Japan,CHN->Partner,2002-10,2.0050471178741898
Japan,CHN->Partner,2002-11,1.242401442600082
Japan,CHN->Partner,2002-12,1.5173626882898095
Japan,CHN->Partner,2003-01,0.5577373611261738
Japan,CHN->Partner,2003-02,3.0284776606875585
Japan,CHN->Partner,2003-03,2.3729480627333146
Japan,CHN->Partner,2003-04,1.7159695492641003
Japan,CHN->Partner,2003-05,1.7636571914316104
Japan,CHN->Partner,2003-06,1.4953534737593266
Japan,CHN->Partner,2003-07,1.885052233214024
Japan,CHN->Partner,2003-08,1.8718818659862144
Japan,CHN->Partner,2003-09,1.8636514665801869
Japan,CHN->Partner,2003-10,1.885707777689678
Japan,CHN->Partner,2003-11,1.8426438133238623
Japan,CHN->Partner,2003-12,0.9578143438253228
Japan,CHN->Partner,2004-01,-0.06036602255125345
Japan,CHN->Partner,2004-02,1.0627142479883585
Japan,CHN->Partner,2004-03,0.18818357545198872
Japan,CHN->Partner,2004-04,2.100661118911132
Japan,CHN->Partner,2004-05,2.084522090355293
Japan,CHN->Partner,2004-06,1.804768611280645
Japan,CHN->Partner,2004-07,0.9101254396760119
Japan,CHN->Partner,2004-08,0.10356736088328411
Japan,CHN->Partner,2004-09,1.61639728555126
Japan,CHN->Partner,2004-10,1.1570329329697202
Japan,CHN->Partner,2004-11,1.212944822744598
Japan,CHN->Partner,2004-12,-0.13618851819166444
Japan,CHN->Partner,2005-01,0.9157411821854655
Japan,CHN->Partner,2005-02,0.22581759578826954
Japan,CHN->Partner,2005-03,0.12929831314098905
Japan,CHN->Partner,2005-04,-1.4867028036208776
Japan,CHN->Partner,2005-05,0.08005102478239046
Japan,CHN->Partner,2005-06,0.1933793257869869
Japan,CHN->Partner,2005-07,0.43519955829813384
Japan,CHN->Partner,2005-08,0.8029027026145563
Japan,CHN->Partner,2005-09,1.712740625899153
Japan,CHN->Partner,2005-10,1.0896872650766838
Japan,CHN->Partner,2005-11,0.4395875042750088
Japan,CHN->Partner,2005-12,-0.09431761329737398
Japan,CHN->Partner,2006-01,0.24637647576329336
Japan,CHN->Partner,2006-02,0.3102562728673899
Japan,CHN->Partner,2006-03,1.026568634448088
Japan,CHN->Partner,2006-04,0.96829988223279
Japan,CHN->Partner,2006-05,1.2967368971408195
Japan,CHN->Partner,2006-06,0.39248124094773473
Japan,CHN->Partner,2006-07,1.2964343122929698
Japan,CHN->Partner,2006-08,-0.8851566178207477
Japan,CHN->Partner,2006-09,0.04374806722928071
Japan,CHN->Partner,2006-10,1.9673216342879432
Japan,CHN->Partner,2006-11,2.194200941453598
Japan,CHN->Partner,2006-12,1.9635003869638776
Japan,CHN->Partner,2007-01,1.9578037775956876
Japan,CHN->Partner,2007-02,2.101366274735815
Japan,CHN->Partner,2007-03,2.6220009033293312
Japan,CHN->Partner,2007-04,2.068528417614438
Japan,CHN->Partner,2007-05,1.8937291301078503
Japan,CHN->Partner,2007-06,1.375505269113269
Japan,CHN->Partner,2007-07,1.8698717682735513
Japan,CHN->Partner,2007-08,2.4466499101088175
Japan,CHN->Partner,2007-09,2.746108563657831
Japan,CHN->Partner,2007-10,1.5660596274801577
Japan,CHN->Partner,2007-11,3.0702471110379452
Japan,CHN->Partner,2007-12,2.2786093358852284
Japan,CHN->Partner,2008-01,2.2989876700234237
Japan,CHN->Partner,2008-02,2.818941038702034
Japan,CHN->Partner,2008-03,1.6942571938880757
Japan,CHN->Partner,2008-04,2.235296327075824
Japan,CHN->Partner,2008-05,2.599459533531567
Japan,CHN->Partner,2008-06,2.5559288581119723
Japan,CHN->Partner,2008-07,2.7346575241569635
Japan,CHN->Partner,2008-08,1.4256416912617738
Japan,CHN->Partner,2008-09,2.8432122355606086
Japan,CHN->Partner,2008-10,2.518467284751784
Japan,CHN->Partner,2008-11,2.634211827207027
Japan,CHN->Partner,2008-12,2.3431559082588915
Japan,CHN->Partner,2009-01,2.1561514186918718
Japan,CHN->Partner,2009-02,2.399236113996258
Japan,CHN->Partner,2009-03,1.9575654244009595
Japan,CHN->Partner,2009-04,1.7259273350184081
Japan,CHN->Partner,2009-05,2.4100184829628635
Japan,CHN->Partner,2009-06,2.1781003358319797
Japan,CHN->Partner,2009-07,1.8430250263860835
Japan,CHN->Partner,2009-08,-0.092474395103876
Japan,CHN->Partner,2009-09,2.0660357876617894
Japan,CHN->Partner,2009-10,2.449229677054916
Japan,CHN->Partner,2009-11,2.787651168567635
Japan,CHN->Partner,2009-12,2.0575025433500684
Japan,CHN->Partner,2010-01,1.0132673395460188
Japan,CHN->Partner,2010-02,1.9298936626753314
Japan,CHN->Partner,2010-03,2.1964797196711245
Japan,CHN->Partner,2010-04,-0.23726292691788586
Japan,CHN->Partner,2010-05,1.9395414369152686
Japan,CHN->Partner,2010-06,2.140026157646071
Japan,CHN->Partner,2010-07,1.863412866882987
Japan,CHN->Partner,2010-08,2.8391604241582105
Japan,CHN->Partner,2010-09,-1.0149746022714137
Japan,CHN->Partner,2010-10,-0.12105910723662205
Japan,CHN->Partner,2010-11,1.5831839381754769
Japan,CHN->Partner,2010-12,1.6909411050572487
Japan,CHN->Partner,2011-01,2.74325997568811
Japan,CHN->Partner,2011-02,2.0103737538504394
Japan,CHN->Partner,2011-03,2.8411231993407657
Japan,CHN->Partner,2011-04,1.9752126098540401
Japan,CHN->Partner,2011-05,1.5869162145285554
Japan,CHN->Partner,2011-06,2.4795600557539004
Japan,CHN->Partner,2011-07,1.2157313337430207
Japan,CHN->Partner,2011-08,0.5315244463184285
Japan,CHN->Partner,2011-09,0.5231891227280965
Japan,CHN->Partner,2011-10,2.6382068217462553
Japan,CHN->Partner,2011-11,2.7600225984409636
Japan,CHN->Partner,2011-12,3.006974556033935
Japan,CHN->Partner,2012-01,-0.8345773205486235
Japan,CHN->Partner,2012-02,1.049233001640479
Japan,CHN->Partner,2012-03,1.8272981996581326
Japan,CHN->Partner,2012-04,1.9802912721848926
Japan,CHN->Partner,2012-05,1.2544827853836544
Japan,CHN->Partner,2012-06,0.26762072334012643
Japan,CHN->Partner,2012-07,-0.8797213045614445
Japan,CHN->Partner,2012-08,0.24397150639999232
Japan,CHN->Partner,2012-09,-0.719166958475542
Japan,CHN->Partner,2012-10,-0.12446330466903355
Japan,CHN->Partner,2012-11,-0.3720046715625376
Japan,CHN->Partner,2012-12,0.279678433398038
Japan,CHN->Partner,2013-01,0.3117787654212272
Japan,CHN->Partner,2013-02,-0.9389653116130656
Japan,CHN->Partner,2013-03,0.9677001552419622
Japan,CHN->Partner,2013-04,0.16245360944164666
Japan,CHN->Partner,2013-05,0.02199747224255688
Japan,CHN->Partner,2013-06,0.2198885291356394
Japan,CHN->Partner,2013-07,-0.21129548125061248
Japan,CHN->Partner,2013-08,0.3369124887733381
Japan,CHN->Partner,2013-09,1.3397694907202187
Japan,CHN->Partner,2013-10,0.7559486670245104
Japan,CHN->Partner,2013-11,0.45773052915115287
Japan,CHN->Partner,2013-12,-1.2704972567668644
Japan,CHN->Partner,2014-01,-0.5090682070569077
Japan,CHN->Partner,2014-02,-0.05311859792291429
Japan,CHN->Partner,2014-03,0.7386416290324469
Japan,CHN->Partner,2014-04,0.7566151626672131
Japan,CHN->Partner,2014-05,1.035237538991785
Japan,CHN->Partner,2014-06,0.3353584017594091
Japan,CHN->Partner,2014-07,-1.5274089971139553
Japan,CHN->Partner,2014-08,-0.3047221722559552
Japan,CHN->Partner,2014-09,1.8670483282304833
Japan,CHN->Partner,2014-10,1.7522005897769457
Japan,CHN->Partner,2014-11,2.56810121657721
Japan,CHN->Partner,2014-12,1.4466174420161284
Japan,CHN->Partner,2015-01,1.5779593616592713
Japan,CHN->Partner,2015-02,2.4935926558501933
Japan,CHN->Partner,2015-03,2.342312466283868
Japan,CHN->Partner,2015-04,1.8849026914636156
Japan,CHN->Partner,2015-05,2.132767825400638
Japan,CHN->Partner,2015-06,1.8440358774159975
Japan,CHN->Partner,2015-07,0.4186096603101568
Japan,CHN->Partner,2015-08,-0.9106129662196683
Japan,CHN->Partner,2015-09,0.5636528655896793
Japan,CHN->Partner,2015-10,1.120545485031661
Japan,CHN->Partner,2015-11,1.246536336097268
Japan,CHN->Partner,2015-12,1.069397882882825
Japan,CHN->Partner,2016-01,3.0051870379892307
Japan,CHN->Partner,2016-02,1.431245544821854
Japan,CHN->Partner,2016-03,0.935644921100657
Japan,CHN->Partner,2016-04,1.7772634971803587
Japan,CHN->Partner,2016-05,0.8326884736846694
Japan,CHN->Partner,2016-06,1.2487390409640842
Japan,CHN->Partner,2016-07,0.4897007520609282
Japan,CHN->Partner,2016-08,0.4135648461733865
Japan,CHN->Partner,2016-09,1.5643826957682005
Japan,CHN->Partner,2016-10,1.3657001624887464
Japan,CHN->Partner,2016-11,1.9991823838470726
Japan,CHN->Partner,2016-12,1.0255768468700897
Japan,CHN->Partner,2017-01,1.0354261094984079
Japan,CHN->Partner,2017-02,0.571516262252775
Japan,CHN->Partner,2017-03,0.22899310258122973
Japan,CHN->Partner,2017-04,1.6913140739156685
Japan,CHN->Partner,2017-05,2.1708022599654804
Japan,CHN->Partner,2017-06,1.6406621074145527
Japan,CHN->Partner,2017-07,0.6355957036504716
Japan,CHN->Partner,2017-08,1.1198311196516997
Japan,CHN->Partner,2017-09,0.5407476093716319
Japan,CHN->Partner,2017-10,0.7898746017399354
Japan,CHN->Partner,2017-11,2.0174330746357647
Japan,CHN->Partner,2017-12,1.734018766584935
Japan,CHN->Partner,2018-01,1.7448956640443747
Japan,CHN->Partner,2018-02,1.075438625397494
Japan,CHN->Partner,2018-03,0.7432914650965419
Japan,CHN->Partner,2018-04,2.459482376462571
Japan,CHN->Partner,2018-05,3.1555851880804333
Japan,CHN->Partner,2018-06,-0.6111111111111125
Japan,CHN->Partner,2018-07,1.0468136590144486
Japan,CHN->Partner,2018-08,1.6178427872416368
Japan,CHN->Partner,2018-09,2.2890256270454223
Japan,CHN->Partner,2018-10,2.773409174902792
Japan,CHN->Partner,2018-11,1.6049820330371016
Japan,CHN->Partner,2018-12,-0.4445430384198872
Japan,CHN->Partner,2019-01,3.000279341983486
Japan,CHN->Partner,2019-02,0.12389123363002597
Japan,CHN->Partner,2019-03,2.4745007409811937
Japan,CHN->Partner,2019-04,2.21392849073845
Japan,CHN->Partner,2019-05,1.0269460163331399
Japan,CHN->Partner,2019-06,2.5532498187112047
Japan,CHN->Partner,2019-07,1.9512253052684905
Japan,CHN->Partner,2019-08,3.4239227086296307
Japan,CHN->Partner,2019-09,2.982841864589478
Japan,CHN->Partner,2019-10,1.2679189089902358
Japan,CHN->Partner,2019-11,1.358296133072173
Japan,CHN->Partner,2019-12,2.4889549329417147
Japan,CHN->Partner,2020-01,2.1256169433945455
Japan,CHN->Partner,2020-02,2.926235860516435
Japan,CHN->Partner,2020-03,2.4383936112111435
Japan,CHN->Partner,2020-04,4.176964470191006
Japan,CHN->Partner,2020-05,1.657918003387504
Japan,CHN->Partner,2020-06,1.8705504933932549
Japan,CHN->Partner,2020-07,0.7498537668019463
Japan,CHN->Partner,2020-08,-0.23086407247542162
Japan,CHN->Partner,2020-09,1.9539837221142609
Japan,CHN->Partner,2020-10,0.9552461360728302
Japan,CHN->Partner,2020-11,3.3602286029615414
Japan,CHN->Partner,2020-12,1.3513208359549242
Japan,CHN->Partner,2021-01,1.4799999999999986
Japan,CHN->Partner,2021-02,0.6817936921829517
Japan,CHN->Partner,2021-03,1.6256948395857496
Japan,CHN->Partner,2021-04,1.0873492801570865
Japan,CHN->Partner,2021-05,2.0137380733837276
Japan,CHN->Partner,2021-06,-1.214064826845636
Japan,CHN->Partner,2021-07,0.8483717294996556
Japan,CHN->Partner,2021-08,0.19021131440578998
Japan,CHN->Partner,2021-09,1.3753186259722288
Japan,CHN->Partner,2021-10,1.54325069755871
Japan,CHN->Partner,2021-11,1.8175057923489906
Japan,CHN->Partner,2021-12,0.4342438108363531
Japan,CHN->Partner,2022-01,0.29629099442079543
Japan,CHN->Partner,2022-02,0.7684055442893136
Japan,CHN->Partner,2022-03,0.16836560879031204
Japan,CHN->Partner,2022-04,0.8582934664474422
Japan,CHN->Partner,2022-05,-0.4970345771050635
Japan,CHN->Partner,2022-06,1.805934190288598
Japan,CHN->Partner,2022-07,0.7296362063687081
Japan,CHN->Partner,2022-08,-1.2666596857100032
Japan,CHN->Partner,2022-09,0.9554622392247047
Japan,CHN->Partner,2022-10,-2.51894389681517
Japan,CHN->Partner,2022-11,1.457124547547247
Japan,CHN->Partner,2022-12,1.188695082928442
Japan,CHN->Partner,2023-01,1.8261631052730216
Japan,CHN->Partner,2023-02,0.9249418926347648
Japan,CHN->Partner,2023-03,1.0125942921398057
Japan,CHN->Partner,2023-04,1.1843346692490542
Japan,Partner->CHN,2002-01,2.123257384810991
Japan,Partner->CHN,2002-02,2.196901903573524
Japan,Partner->CHN,2002-03,2.462019879645485
Japan,Partner->CHN,2002-04,2.238580724497096
Japan,Partner->CHN,2002-05,0.7055253908392274
Japan,Partner->CHN,2002-06,2.468697604962074
Japan,Partner->CHN,2002-07,2.258263707971075
Japan,Partner->CHN,2002-08,1.0963069726698418
Japan,Partner->CHN,2002-09,2.254690886931435
Japan,Partner->CHN,2002-10,2.1565639024002294
Japan,Partner->CHN,2002-11,1.9910523061568988
Japan,Partner->CHN,2002-12,1.471418560075799
Japan,Partner->CHN,2003-01,2.3908377803987424
Japan,Partner->CHN,2003-02,3.0585411906961735
Japan,Partner->CHN,2003-03,2.994518953431056
Japan,Partner->CHN,2003-04,2.612035278580361
Japan,Partner->CHN,2003-05,2.177339237758849
Japan,Partner->CHN,2003-06,0.861282944608396
Japan,Partner->CHN,2003-07,2.376698256154558
Japan,Partner->CHN,2003-08,2.103217944103852
Japan,Partner->CHN,2003-09,1.3669784998744081
Japan,Partner->CHN,2003-10,2.435739421696253
Japan,Partner->CHN,2003-11,1.8215498997044897
Japan,Partner->CHN,2003-12,1.1308540596223793
Japan,Partner->CHN,2004-01,0.48035789457174616
Japan,Partner->CHN,2004-02,2.670033313519628
Japan,Partner->CHN,2004-03,1.023984405779041
Japan,Partner->CHN,2004-04,2.4461956192410295
Japan,Partner->CHN,2004-05,1.8728823187163464
Japan,Partner->CHN,2004-06,1.606852618237708
Japan,Partner->CHN,2004-07,1.9698833401525881
Japan,Partner->CHN,2004-08,2.464535702730272
Japan,Partner->CHN,2004-09,2.5424952304996395
Japan,Partner->CHN,2004-10,1.3006376454518982
Japan,Partner->CHN,2004-11,1.7485509534290813
Japan,Partner->CHN,2004-12,0.5697595820532637
Japan,Partner->CHN,2005-01,1.5978308026820347
Japan,Partner->CHN,2005-02,1.2800567696496365
Japan,Partner->CHN,2005-03,0.8305703364873889
Japan,Partner->CHN,2005-04,1.1108636346728975
Japan,Partner->CHN,2005-05,1.4794238570418212
Japan,Partner->CHN,2005-06,1.6093374128476121
Japan,Partner->CHN,2005-07,1.084494959259068
Japan,Partner->CHN,2005-08,0.5971126892545833
Japan,Partner->CHN,2005-09,0.7531092187043136
Japan,Partner->CHN,2005-10,2.4495180254051725
Japan,Partner->CHN,2005-11,1.7828803106225521
Japan,Partner->CHN,2005-12,1.410654802037353
Japan,Partner->CHN,2006-01,0.6612508847717766
Japan,Partner->CHN,2006-02,1.6194077738426174
Japan,Partner->CHN,2006-03,0.7435283687854515
Japan,Partner->CHN,2006-04,0.8186170111352116
Japan,Partner->CHN,2006-05,2.894300749166682
Japan,Partner->CHN,2006-06,1.1295026575388878
Japan,Partner->CHN,2006-07,2.1085830841667654
Japan,Partner->CHN,2006-08,1.5840033053765517
Japan,Partner->CHN,2006-09,1.5725733499237542
Japan,Partner->CHN,2006-10,2.335131364804125
Japan,Partner->CHN,2006-11,2.1396929508593843
Japan,Partner->CHN,2006-12,1.894850102425842
Japan,Partner->CHN,2007-01,1.9559169820423303
Japan,Partner->CHN,2007-02,2.5815368475945846
Japan,Partner->CHN,2007-03,2.6567967384457614
Japan,Partner->CHN,2007-04,2.427728675873732
Japan,Partner->CHN,2007-05,2.044828958105322
Japan,Partner->CHN,2007-06,1.598092747183168
Japan,Partner->CHN,2007-07,1.5675752467927815
Japan,Partner->CHN,2007-08,2.734055978236455
Japan,Partner->CHN,2007-09,2.7321090370844328
Japan,Partner->CHN,2007-10,2.172131011603229
Japan,Partner->CHN,2007-11,2.788228268148602
Japan,Partner->CHN,2007-12,2.36279907905854
Japan,Partner->CHN,2008-01,2.325278444260972
Japan,Partner->CHN,2008-02,2.4687641841304657
Japan,Partner->CHN,2008-03,2.2774741331846364
Japan,Partner->CHN,2008-04,1.3623525804136882
Japan,Partner->CHN,2008-05,3.0600525879015006
Japan,Partner->CHN,2008-06,3.2945358667121276
Japan,Partner->CHN,2008-07,2.935665376385609
Japan,Partner->CHN,2008-08,3.0697849648450806
Japan,Partner->CHN,2008-09,2.299638524319912
Japan,Partner->CHN,2008-10,2.4383959877876347
Japan,Partner->CHN,2008-11,2.0049634484067074
Japan,Partner->CHN,2008-12,2.908553196954202
Japan,Partner->CHN,2009-01,1.8444179622638242
Japan,Partner->CHN,2009-02,2.731761859307589
Japan,Partner->CHN,2009-03,1.9710718193410894
Japan,Partner->CHN,2009-04,2.15184120660364
Japan,Partner->CHN,2009-05,2.14769600288591
Japan,Partner->CHN,2009-06,2.3940605297672874
Japan,Partner->CHN,2009-07,1.944537201433258
Japan,Partner->CHN,2009-08,0.9463536669438515
Japan,Partner->CHN,2009-09,2.503585440210154
Japan,Partner->CHN,2009-10,2.497898801589173
Japan,Partner->CHN,2009-11,2.7915848830281664
Japan,Partner->CHN,2009-12,1.290629390862824
Japan,Partner->CHN,2010-01,0.7576949008939184
Japan,Partner->CHN,2010-02,1.4452536579178812
Japan,Partner->CHN,2010-03,2.5204120996171593
Japan,Partner->CHN,2010-04,1.2189200111882652
Japan,Partner->CHN,2010-05,1.8700796990712565
Japan,Partner->CHN,2010-06,2.1904316747500943
Japan,Partner->CHN,2010-07,1.6645325987054225
Japan,Partner->CHN,2010-08,2.65071646463071
Japan,Partner->CHN,2010-09,-0.3382962530290534
Japan,Partner->CHN,2010-10,0.3086331643348892
Japan,Partner->CHN,2010-11,0.7341350487927869
Japan,Partner->CHN,2010-12,0.6209005296462671
Japan,Partner->CHN,2011-01,1.7162763354097628
Japan,Partner->CHN,2011-02,0.5392575760602849
Japan,Partner->CHN,2011-03,1.7263191586481117
Japan,Partner->CHN,2011-04,1.814888282463814
Japan,Partner->CHN,2011-05,1.909400546320894
Japan,Partner->CHN,2011-06,2.1884376441833915
Japan,Partner->CHN,2011-07,2.136940943043289
Japan,Partner->CHN,2011-08,1.0081863712150394
Japan,Partner->CHN,2011-09,1.9293300048228428
Japan,Partner->CHN,2011-10,2.3086552722235716
Japan,Partner->CHN,2011-11,2.158782538000036
Japan,Partner->CHN,2011-12,2.5660766015242
Japan,Partner->CHN,2012-01,0.09820474847166061
Japan,Partner->CHN,2012-02,1.3664601692080733
Japan,Partner->CHN,2012-03,1.2709972354202534
Japan,Partner->CHN,2012-04,2.0875912135584134
Japan,Partner->CHN,2012-05,2.263010901403307
Japan,Partner->CHN,2012-06,3.269169298881714
Japan,Partner->CHN,2012-07,1.1264437391438715
Japan,Partner->CHN,2012-08,-0.5806893261491375
Japan,Partner->CHN,2012-09,-0.2885063543512043
Japan,Partner->CHN,2012-10,1.4491217270691568
Japan,Partner->CHN,2012-11,0.6539154120080681
Japan,Partner->CHN,2012-12,1.5754869191802818
Japan,Partner->CHN,2013-01,0.6016980031662982
Japan,Partner->CHN,2013-02,1.0886804493794155
Japan,Partner->CHN,2013-03,1.1671977776028672
Japan,Partner->CHN,2013-04,1.7219230649807056
Japan,Partner->CHN,2013-05,0.736753744498241
Japan,Partner->CHN,2013-06,0.6691740771693695
Japan,Partner->CHN,2013-07,0.2495949399184667
Japan,Partner->CHN,2013-08,2.117696835494556
Japan,Partner->CHN,2013-09,0.8641157546031799
Japan,Partner->CHN,2013-10,1.3072098810933
Japan,Partner->CHN,2013-11,0.2503331893008909
Japan,Partner->CHN,2013-12,-1.1172957516082391
Japan,Partner->CHN,2014-01,1.3027011002453204
Japan,Partner->CHN,2014-02,-0.06843274928295351
Japan,Partner->CHN,2014-03,1.213991635518969
Japan,Partner->CHN,2014-04,1.198325314823709
Japan,Partner->CHN,2014-05,1.2252789745423076
Japan,Partner->CHN,2014-06,1.5553648720085125
Japan,Partner->CHN,2014-07,-0.6262344299766198
Japan,Partner->CHN,2014-08,1.2380365111632177
Japan,Partner->CHN,2014-09,1.8001626064592617
Japan,Partner->CHN,2014-10,2.6579572613013127
Japan,Partner->CHN,2014-11,2.5455311635579783
Japan,Partner->CHN,2014-12,2.153830837694599
Japan,Partner->CHN,2015-01,1.8678187549138894
Japan,Partner->CHN,2015-02,2.791287871477829
Japan,Partner->CHN,2015-03,2.067044872637343
Japan,Partner->CHN,2015-04,2.1516963832565033
Japan,Partner->CHN,2015-05,2.542102897273093
Japan,Partner->CHN,2015-06,1.614130926261156
Japan,Partner->CHN,2015-07,-0.30820154885805806
Japan,Partner->CHN,2015-08,-1.6461425310490831
Japan,Partner->CHN,2015-09,1.5170536685258167
Japan,Partner->CHN,2015-10,2.2352082010878593
Japan,Partner->CHN,2015-11,0.9185567648919211
Japan,Partner->CHN,2015-12,2.258939095654016
Japan,Partner->CHN,2016-01,2.7069552664870073
Japan,Partner->CHN,2016-02,2.1349911596822952
Japan,Partner->CHN,2016-03,0.8058551692802887
Japan,Partner->CHN,2016-04,2.7897696616076697
Japan,Partner->CHN,2016-05,1.5038502672958387
Japan,Partner->CHN,2016-06,-0.41000139911424327
Japan,Partner->CHN,2016-07,2.394774412916922
Japan,Partner->CHN,2016-08,0.6782783288194807
Japan,Partner->CHN,2016-09,1.859355344980134
Japan,Partner->CHN,2016-10,1.2851524167734532
Japan,Partner->CHN,2016-11,1.5725883430486896
Japan,Partner->CHN,2016-12,-1.4430051282729135
Japan,Partner->CHN,2017-01,0.9829213348142023
Japan,Partner->CHN,2017-02,1.4033361037771996
Japan,Partner->CHN,2017-03,1.4440611018475789
Japan,Partner->CHN,2017-04,2.154840384353955
Japan,Partner->CHN,2017-05,2.397543802687009
Japan,Partner->CHN,2017-06,1.6919609147306272
Japan,Partner->CHN,2017-07,1.8934340242490073
Japan,Partner->CHN,2017-08,1.331250790882189
Japan,Partner->CHN,2017-09,1.5715259921398115
Japan,Partner->CHN,2017-10,1.0399584342621164
Japan,Partner->CHN,2017-11,2.726338183640806
Japan,Partner->CHN,2017-12,0.20171477901911672
Japan,Partner->CHN,2018-01,2.1994716847454665
Japan,Partner->CHN,2018-02,2.8597293665698267
Japan,Partner->CHN,2018-03,2.786643746387279
Japan,Partner->CHN,2018-04,1.6273431115932713
Japan,Partner->CHN,2018-05,3.390510649567389
Japan,Partner->CHN,2018-06,0.11140739028635771
Japan,Partner->CHN,2018-07,1.0527545488179548
Japan,Partner->CHN,2018-08,2.416800184356232
Japan,Partner->CHN,2018-09,1.7797406198722001
Japan,Partner->CHN,2018-10,2.157752948076581
Japan,Partner->CHN,2018-11,0.9283186518443838
Japan,Partner->CHN,2018-12,-1.9627440602590465
Japan,Partner->CHN,2019-01,1.7267925076681383
Japan,Partner->CHN,2019-02,0.9679487679363667
Japan,Partner->CHN,2019-03,0.3249277670034125
Japan,Partner->CHN,2019-04,1.31436200869733
Japan,Partner->CHN,2019-05,2.159098370149259
Japan,Partner->CHN,2019-06,1.6579644641086482
Japan,Partner->CHN,2019-07,0.9632223054376716
Japan,Partner->CHN,2019-08,3.6477488806593747
Japan,Partner->CHN,2019-09,0.9256233141200596
Japan,Partner->CHN,2019-10,0.7522880721456957
Japan,Partner->CHN,2019-11,2.2676350333031188
Japan,Partner->CHN,2019-12,2.339154572560677
Japan,Partner->CHN,2020-01,1.311677174785073
Japan,Partner->CHN,2020-02,1.0130846985850042
Japan,Partner->CHN,2020-03,2.8553059693060128
Japan,Partner->CHN,2020-04,1.8102521171376296
Japan,Partner->CHN,2020-05,1.4899479315045276
Japan,Partner->CHN,2020-06,0.6849592260542643
Japan,Partner->CHN,2020-07,-0.062394537717894494
Japan,Partner->CHN,2020-08,-0.0751405014994404
Japan,Partner->CHN,2020-09,2.2069917134723163
Japan,Partner->CHN,2020-10,-0.06377492634346282
Japan,Partner->CHN,2020-11,2.8014054685634537
Japan,Partner->CHN,2020-12,0.10156131762781762
Japan,Partner->CHN,2021-01,1.8252278431036952
Japan,Partner->CHN,2021-02,0.6709860710760829
Japan,Partner->CHN,2021-03,-0.08202313110999349
Japan,Partner->CHN,2021-04,1.5442166796469117
Japan,Partner->CHN,2021-05,0.7955604032850214
Japan,Partner->CHN,2021-06,-1.1363151365177249
Japan,Partner->CHN,2021-07,0.0018629240943024428
Japan,Partner->CHN,2021-08,0.2817452459152765
Japan,Partner->CHN,2021-09,-0.9562499999999989
Japan,Partner->CHN,2021-10,0.9346153636265484
Japan,Partner->CHN,2021-11,0.5663469332844961
Japan,Partner->CHN,2021-12,-1.1300343919286124
Japan,Partner->CHN,2022-01,1.6770982280505358
Japan,Partner->CHN,2022-02,-0.38228379007690805
Japan,Partner->CHN,2022-03,1.1055113401185075
Japan,Partner->CHN,2022-04,1.9276276928651352
Japan,Partner->CHN,2022-05,0.3789938825824688
Japan,Partner->CHN,2022-06,0.853895114846237
Japan,Partner->CHN,2022-07,-0.7154547108787348
Japan,Partner->CHN,2022-08,0.8604160101071834
Japan,Partner->CHN,2022-09,1.1478996160572024
Japan,Partner->CHN,2022-10,-0.5966433317290321
Japan,Partner->CHN,2022-11,1.4189836472381305
Japan,Partner->CHN,2022-12,1.4825631246082036
Japan,Partner->CHN,2023-01,0.002387622888193164
Japan,Partner->CHN,2023-02,1.256206304078022
Japan,Partner->CHN,2023-03,-0.29048265319559086
Japan,Partner->CHN,2023-04,1.8948161612239378
Malaysia,Aggregated,2002-01,0.4999999999999982
Malaysia,Aggregated,2002-02,1.1749316459574644
Malaysia,Aggregated,2002-03,1.8894748333684017
Malaysia,Aggregated,2002-04,2.645954352047765
Malaysia,Aggregated,2002-05,1.2482459178030378
Malaysia,Aggregated,2002-06,1.7763568394002505e-15
Malaysia,Aggregated,2002-07,1.3798952211042543
Malaysia,Aggregated,2002-08,0.3346305106803218
Malaysia,Aggregated,2002-09,1.6141378582540824
Malaysia,Aggregated,2002-10,3.466296486964568
Malaysia,Aggregated,2002-11,2.4749999999999996
Malaysia,Aggregated,2002-12,1.7763568394002505e-15
Malaysia,Aggregated,2003-01,2.5635928689020133
Malaysia,Aggregated,2003-02,1.3712067873811264
Malaysia,Aggregated,2003-03,1.1322670974254443
Malaysia,Aggregated,2003-04,0.8979423311726258
Malaysia,Aggregated,2003-05,1.700000000000001
Malaysia,Aggregated,2003-06,2.606622547138427
Malaysia,Aggregated,2003-07,2.0936413611319047
Malaysia,Aggregated,2003-08,1.599999999999996
Malaysia,Aggregated,2003-09,2.028761825456222
Malaysia,Aggregated,2003-10,1.693913685451344
Malaysia,Aggregated,2003-11,1.7499999999999964
Malaysia,Aggregated,2003-12,1.4999999999999964
Malaysia,Aggregated,2004-01,2.274704132079039
Malaysia,Aggregated,2004-02,1.599999999999996
Malaysia,Aggregated,2004-03,-1.5002248383752939
Malaysia,Aggregated,2004-04,2.101753277346278
Malaysia,Aggregated,2004-05,1.7948628555862403
Malaysia,Aggregated,2004-06,-0.11825108194127942
Malaysia,Aggregated,2004-07,1.9205352501462212
Malaysia,Aggregated,2004-08,1.6840270088343008
Malaysia,Aggregated,2004-09,0.40000000000000036
Malaysia,Aggregated,2004-10,3.171206787381127
Malaysia,Aggregated,2004-11,2.447471191587418
Malaysia,Aggregated,2004-12,3.2025373744909142
Malaysia,Aggregated,2005-01,4.0
Malaysia,Aggregated,2005-02,3.196306098184021
Malaysia,Aggregated,2005-03,1.8306488416296656
Malaysia,Aggregated,2005-04,2.160000000000002
Malaysia,Aggregated,2005-05,2.6479021050616165
Malaysia,Aggregated,2005-06,-0.09151728504754963
Malaysia,Aggregated,2005-07,0.23333333333333606
Malaysia,Aggregated,2005-08,0.8334611185772012
Malaysia,Aggregated,2005-09,2.4334431850114697
Malaysia,Aggregated,2005-10,3.580804524920751
Malaysia,Aggregated,2005-11,-0.9516017219966137
Malaysia,Aggregated,2005-12,2.4633316803712333
Malaysia,Aggregated,2006-01,0.08711730708738052
Malaysia,Aggregated,2006-02,-0.2951631770045715
Malaysia,Aggregated,2006-03,1.0788590491835635
Malaysia,Aggregated,2006-04,1.4406267947368576
Malaysia,Aggregated,2006-05,3.163724025139917
Malaysia,Aggregated,2006-06,1.580804524920751
Malaysia,Aggregated,2006-07,2.774139329044658
Malaysia,Aggregated,2006-08,6.708100149343796
Malaysia,Aggregated,2006-09,1.80483682299543
Malaysia,Aggregated,2006-10,-1.2511013151155144
Malaysia,Aggregated,2006-11,2.138354261076632
Malaysia,Aggregated,2006-12,-1.7071469109790929
Malaysia,Aggregated,2007-01,1.1599103266979327
Malaysia,Aggregated,2007-02,4.0
Malaysia,Aggregated,2007-03,0.1999999999999975
Malaysia,Aggregated,2007-04,0.9475827640338412
Malaysia,Aggregated,2007-05,1.738644745052488
Malaysia,Aggregated,2007-06,2.1797193596859827
Malaysia,Aggregated,2007-07,3.0481795151159066
Malaysia,Aggregated,2007-08,-1.2223248770014603
Malaysia,Aggregated,2007-09,1.5856033936905636
Malaysia,Aggregated,2007-10,3.666666666666666
Malaysia,Aggregated,2007-11,3.3749999999999982
Malaysia,Aggregated,2007-12,2.372241987901303
Malaysia,Aggregated,2008-01,-3.8
Malaysia,Aggregated,2008-02,3.144702230725331
Malaysia,Aggregated,2008-03,-0.5333333333333332
Malaysia,Aggregated,2008-04,0.7500000000000018
Malaysia,Aggregated,2008-05,2.1199865686047747
Malaysia,Aggregated,2008-06,3.8088321216754633
Malaysia,Aggregated,2008-07,-0.5
Malaysia,Aggregated,2008-08,-0.9143966063094346
Malaysia,Aggregated,2008-09,1.1402877202181116
Malaysia,Aggregated,2008-10,1.171206787381129
Malaysia,Aggregated,2008-11,0.8356033936905618
Malaysia,Aggregated,2008-12,1.7763568394002505e-15
Malaysia,Aggregated,2009-01,-1.2499999999999982
Malaysia,Aggregated,2009-02,4.0
Malaysia,Aggregated,2009-03,2.15450436395324
Malaysia,Aggregated,2009-04,5.737975707547829
Malaysia,Aggregated,2009-05,1.8571323066607839
Malaysia,Aggregated,2009-06,1.8121201087592365
Malaysia,Aggregated,2009-07,2.1860281529395724
Malaysia,Aggregated,2009-08,1.7763568394002505e-15
Malaysia,Aggregated,2009-09,3.2808045249207503
Malaysia,Aggregated,2009-10,1.861048710993412
Malaysia,Aggregated,2009-11,2.1662643676044606
Malaysia,Aggregated,2009-12,1.2712657731960526
Malaysia,Aggregated,2010-01,-0.885862141745914
Malaysia,Aggregated,2010-02,-0.7999999999999972
Malaysia,Aggregated,2010-03,1.2353270344990737
Malaysia,Aggregated,2010-04,1.4345807691723191
Malaysia,Aggregated,2010-05,1.1666666666666643
Malaysia,Aggregated,2010-06,0.33333333333333215
Malaysia,Aggregated,2010-07,-0.9999999999999982
Malaysia,Aggregated,2010-08,0.1374999999999993
Malaysia,Aggregated,2010-09,0.16666666666666785
Malaysia,Aggregated,2010-10,1.7499999999999964
Malaysia,Aggregated,2010-11,3.119322283967673
Malaysia,Aggregated,2010-12,1.3190908484929267
Malaysia,Aggregated,2011-01,1.7763568394002505e-15
Malaysia,Aggregated,2011-02,2.1152461808642737
Malaysia,Aggregated,2011-03,2.744681952062093
Malaysia,Aggregated,2011-04,2.1147221858256025
Malaysia,Aggregated,2011-05,-0.052528808412581895
Malaysia,Aggregated,2011-06,-0.6500000000000021
Malaysia,Aggregated,2011-07,2.9999999999999964
Malaysia,Aggregated,2011-08,0.664925925442212
Malaysia,Aggregated,2011-09,1.4755066436684778
Malaysia,Aggregated,2011-10,2.3424135747622508
Malaysia,Aggregated,2011-11,3.5
Malaysia,Aggregated,2011-12,-0.24249986605087592
Malaysia,Aggregated,2012-01,0.05551126991237609
Malaysia,Aggregated,2012-02,0.36177810060509685
Malaysia,Aggregated,2012-03,0.6765293305528548
Malaysia,Aggregated,2012-04,1.0
Malaysia,Aggregated,2012-05,-0.15291900904085587
Malaysia,Aggregated,2012-06,2.3660337059296985
Malaysia,Aggregated,2012-07,4.499999999999998
Malaysia,Aggregated,2012-08,3.0051129137211934
Malaysia,Aggregated,2012-09,2.152142792554404
Malaysia,Aggregated,2012-10,-0.7667051283188844
Malaysia,Aggregated,2012-11,1.365530119126186
Malaysia,Aggregated,2012-12,3.5
Malaysia,Aggregated,2013-01,1.5734751646809677
Malaysia,Aggregated,2013-02,1.4655892474263865
Malaysia,Aggregated,2013-03,2.3424135747622508
Malaysia,Aggregated,2013-04,2.648588203653567
Malaysia,Aggregated,2013-05,-0.19251086995115507
Malaysia,Aggregated,2013-06,6.9999999999999964
Malaysia,Aggregated,2013-07,4.599999999999998
Malaysia,Aggregated,2013-08,1.8114222498737238
Malaysia,Aggregated,2013-09,2.29117355346507
Malaysia,Aggregated,2013-10,2.9344051745510047
Malaysia,Aggregated,2013-11,0.7186006909136768
Malaysia,Aggregated,2013-12,0.24999999999999645
Malaysia,Aggregated,2014-01,1.7763568394002505e-15
Malaysia,Aggregated,2014-02,1.7763568394002505e-15
Malaysia,Aggregated,2014-03,1.1132118935248982
Malaysia,Aggregated,2014-04,-0.0007804013993712999
Malaysia,Aggregated,2014-05,1.9796027032369956
Malaysia,Aggregated,2014-06,1.883665339383473
Malaysia,Aggregated,2014-07,3.1652318539730917
Malaysia,Aggregated,2014-08,0.9081350150447083
Malaysia,Aggregated,2014-09,1.0008735952350616
Malaysia,Aggregated,2014-10,5.124338094929627
Malaysia,Aggregated,2014-11,2.76205718086565
Malaysia,Aggregated,2014-12,-0.15941319012582156
Malaysia,Aggregated,2015-01,2.3826491591988326
Malaysia,Aggregated,2015-02,1.3836378982347384
Malaysia,Aggregated,2015-03,-0.14957427701296666
Malaysia,Aggregated,2015-04,2.3707726405832688
Malaysia,Aggregated,2015-05,2.1533683400931434
Malaysia,Aggregated,2015-06,1.5418180677230673
Malaysia,Aggregated,2015-07,4.185603393690558
Malaysia,Aggregated,2015-08,1.7789127065609165
Malaysia,Aggregated,2015-09,0.8603438579579556
Malaysia,Aggregated,2015-10,1.6273687548277795
Malaysia,Aggregated,2015-11,1.8989347616245666
Malaysia,Aggregated,2015-12,1.7763568394002505e-15
Malaysia,Aggregated,2016-01,4.228275716508167
Malaysia,Aggregated,2016-02,1.6559416578902155
Malaysia,Aggregated,2016-03,2.0
Malaysia,Aggregated,2016-04,-0.8229433760753153
Malaysia,Aggregated,2016-05,-0.1681637707220318
Malaysia,Aggregated,2016-06,0.36284312412182196
Malaysia,Aggregated,2016-07,1.1313320784349816
Malaysia,Aggregated,2016-08,-0.43637239896273705
Malaysia,Aggregated,2016-09,-0.7467664238470757
Malaysia,Aggregated,2016-10,2.20662092607882
Malaysia,Aggregated,2016-11,1.9080777295283973
Malaysia,Aggregated,2016-12,1.1999999999999993
Malaysia,Aggregated,2017-01,2.614237254169719
Malaysia,Aggregated,2017-02,2.5990502866171337
Malaysia,Aggregated,2017-03,3.0379743553368357
Malaysia,Aggregated,2017-04,4.451374764477453
Malaysia,Aggregated,2017-05,1.7766949858108863
Malaysia,Aggregated,2017-06,0.615370349203932
Malaysia,Aggregated,2017-07,2.0
Malaysia,Aggregated,2017-08,1.4807080459885444
Malaysia,Aggregated,2017-09,3.4999999999999947
Malaysia,Aggregated,2017-10,-2.366689708239221
Malaysia,Aggregated,2017-11,-0.2500000000000018
Malaysia,Aggregated,2017-12,2.499834979454027
Malaysia,Aggregated,2018-01,4.266666666666664
Malaysia,Aggregated,2018-02,-0.3906346038414572
Malaysia,Aggregated,2018-03,1.3295170791419046
Malaysia,Aggregated,2018-04,5.599999999999998
Malaysia,Aggregated,2018-05,2.569899736297627
Malaysia,Aggregated,2018-06,3.103601103114274
Malaysia,Aggregated,2018-07,2.339660024556398
Malaysia,Aggregated,2018-08,2.789861910867783
Malaysia,Aggregated,2018-09,0.00040792881449824847
Malaysia,Aggregated,2018-10,-0.14478055677802004
Malaysia,Aggregated,2018-11,2.7486318882124117
Malaysia,Aggregated,2018-12,3.5
Malaysia,Aggregated,2019-01,0.6220260614152426
Malaysia,Aggregated,2019-02,3.4499999999999975
Malaysia,Aggregated,2019-03,1.9147075240600593
Malaysia,Aggregated,2019-04,2.525884736748445
Malaysia,Aggregated,2019-05,2.606285063590816
Malaysia,Aggregated,2019-06,3.6401396148311687
Malaysia,Aggregated,2019-07,1.7644417138835333
Malaysia,Aggregated,2019-08,1.2369654299049007
Malaysia,Aggregated,2019-09,0.03398639766289513
Malaysia,Aggregated,2019-10,3.4499999999999975
Malaysia,Aggregated,2019-11,-0.6799999999999997
Malaysia,Aggregated,2019-12,-1.7344551192699633
Malaysia,Aggregated,2020-01,0.16261919088998056
Malaysia,Aggregated,2020-02,0.5575887641993251
Malaysia,Aggregated,2020-03,3.2246734220000857
Malaysia,Aggregated,2020-04,1.3231026094152227
Malaysia,Aggregated,2020-05,0.23120796898782103
Malaysia,Aggregated,2020-06,-0.7639388033431835
Malaysia,Aggregated,2020-07,-1.6709101005859033
Malaysia,Aggregated,2020-08,-1.8660187892992308
Malaysia,Aggregated,2020-09,2.5904168238486296
Malaysia,Aggregated,2020-10,1.3203186830568434
Malaysia,Aggregated,2020-11,2.976840549054769
Malaysia,Aggregated,2020-12,-0.16439660630943465
Malaysia,Aggregated,2021-01,3.4356033936905597
Malaysia,Aggregated,2021-02,3.5
Malaysia,Aggregated,2021-03,4.0
Malaysia,Aggregated,2021-04,2.582457604658858
Malaysia,Aggregated,2021-05,0.722045932949662
Malaysia,Aggregated,2021-06,-0.7086934722165861
Malaysia,Aggregated,2021-07,-0.9999999999999982
Malaysia,Aggregated,2021-08,1.7763568394002505e-15
Malaysia,Aggregated,2021-09,2.1176355458943856
Malaysia,Aggregated,2021-10,1.6860065778442124
Malaysia,Aggregated,2021-11,1.8499999999999996
Malaysia,Aggregated,2021-12,2.6779325180847593
Malaysia,Aggregated,2022-01,3.459356855457324
Malaysia,Aggregated,2022-02,3.146950329361937
Malaysia,Aggregated,2022-03,4.499999999999998
Malaysia,Aggregated,2022-04,7.9999999999999964
Malaysia,Aggregated,2022-05,-1.8137503429043544
Malaysia,Aggregated,2022-06,0.9130005852268308
Malaysia,Aggregated,2022-07,2.4598344542605393
Malaysia,Aggregated,2022-08,-5.0
Malaysia,Aggregated,2022-09,-5.0
Malaysia,Aggregated,2022-10,1.7763568394002505e-15
Malaysia,Aggregated,2022-11,2.971882564243545
Malaysia,Aggregated,2022-12,1.0830390921228616
Malaysia,Aggregated,2023-01,3.0848378176960214
Malaysia,Aggregated,2023-02,2.8275958808455997
Malaysia,Aggregated,2023-03,2.5750521460569313
Malaysia,Aggregated,2023-04,2.7930482076191865
Malaysia,CHN->Partner,2002-01,1.0
Malaysia,CHN->Partner,2002-02,1.5021668803682502
Malaysia,CHN->Partner,2002-03,2.0253480587147354
Malaysia,CHN->Partner,2002-04,2.5704229254110196
Malaysia,CHN->Partner,2002-05,1.9000000000000004
Malaysia,CHN->Partner,2002-06,1.7763568394002505e-15
Malaysia,CHN->Partner,2002-07,2.1012106218493454
Malaysia,CHN->Partner,2002-08,0.9333333333333371
Malaysia,CHN->Partner,2002-09,2.424999999999997
Malaysia,CHN->Partner,2002-10,5.632552162448565
Malaysia,CHN->Partner,2002-11,1.0
Malaysia,CHN->Partner,2002-12,1.8867871731560708
Malaysia,CHN->Partner,2003-01,2.8391069705183245
Malaysia,CHN->Partner,2003-02,1.1499999999999986
Malaysia,CHN->Partner,2003-03,2.273093083377363
Malaysia,CHN->Partner,2003-04,3.5
Malaysia,CHN->Partner,2003-05,1.700000000000001
Malaysia,CHN->Partner,2003-06,1.0245526340706252
Malaysia,CHN->Partner,2003-07,0.325276807364137
Malaysia,CHN->Partner,2003-08,-0.33333333333333215
Malaysia,CHN->Partner,2003-09,2.5118102008565355
Malaysia,CHN->Partner,2003-10,1.9000000000000004
Malaysia,CHN->Partner,2003-11,3.5
Malaysia,CHN->Partner,2003-12,7.9999999999999964
Malaysia,CHN->Partner,2004-01,3.400000000000004
Malaysia,CHN->Partner,2004-02,1.0
Malaysia,CHN->Partner,2004-03,0.26666666666667105
Malaysia,CHN->Partner,2004-04,2.029326155596925
Malaysia,CHN->Partner,2004-05,2.298935944766523
Malaysia,CHN->Partner,2004-06,2.1999999999999993
Malaysia,CHN->Partner,2004-07,3.8676220238080674
Malaysia,CHN->Partner,2004-08,1.5906723130171851
Malaysia,CHN->Partner,2004-09,0.40000000000000036
Malaysia,CHN->Partner,2004-10,2.9499999999999993
Malaysia,CHN->Partner,2004-11,2.3000000000000025
Malaysia,CHN->Partner,2004-12,2.3136172451909918
Malaysia,CHN->Partner,2005-01,2.327248432439621
Malaysia,CHN->Partner,2005-02,2.3408935760205054
Malaysia,CHN->Partner,2005-03,1.8566742290248683
Malaysia,CHN->Partner,2005-04,8.999999999999996
Malaysia,CHN->Partner,2005-05,2.572482977757831
Malaysia,CHN->Partner,2005-06,1.9000000000000004
Malaysia,CHN->Partner,2005-07,1.599999999999996
Malaysia,CHN->Partner,2005-08,-0.40000000000000036
Malaysia,CHN->Partner,2005-09,3.4021888334322963
Malaysia,CHN->Partner,2005-10,3.4333333333333353
Malaysia,CHN->Partner,2005-11,0.5839163197650983
Malaysia,CHN->Partner,2005-12,2.1143182406396814
Malaysia,CHN->Partner,2006-01,-0.5
Malaysia,CHN->Partner,2006-02,-1.9999999999999982
Malaysia,CHN->Partner,2006-03,2.5361330095975188
Malaysia,CHN->Partner,2006-04,1.8844037756482965
Malaysia,CHN->Partner,2006-05,4.340548309203667
Malaysia,CHN->Partner,2006-06,2.8000000000000025
Malaysia,CHN->Partner,2006-07,2.621200189481396
Malaysia,CHN->Partner,2006-08,6.646626505862159
Malaysia,CHN->Partner,2006-09,0.33333333333333215
Malaysia,CHN->Partner,2006-10,2.39093407965537
Malaysia,CHN->Partner,2006-11,2.684283176858166
Malaysia,CHN->Partner,2006-12,1.5857061780418178
Malaysia,CHN->Partner,2007-01,1.4250000000000025
Malaysia,CHN->Partner,2007-02,3.187494493391002
Malaysia,CHN->Partner,2007-03,5.199999999999996
Malaysia,CHN->Partner,2007-04,1.8927017666245405
Malaysia,CHN->Partner,2007-05,2.8000000000000025
Malaysia,CHN->Partner,2007-06,2.4964213478093313
Malaysia,CHN->Partner,2007-07,3.1032414603194596
Malaysia,CHN->Partner,2007-08,-1.373485024346099
Malaysia,CHN->Partner,2007-09,1.4499999999999993
Malaysia,CHN->Partner,2007-10,7.9999999999999964
Malaysia,CHN->Partner,2007-11,4.499999999999998
Malaysia,CHN->Partner,2007-12,2.300640162897963
Malaysia,CHN->Partner,2008-01,1.6335933904323312
Malaysia,CHN->Partner,2008-02,1.0
Malaysia,CHN->Partner,2008-03,1.0
Malaysia,CHN->Partner,2008-04,1.0
Malaysia,CHN->Partner,2008-05,2.1837168574084185
Malaysia,CHN->Partner,2008-06,0.996565087287216
Malaysia,CHN->Partner,2008-07,-0.08368744185780663
Malaysia,CHN->Partner,2008-08,-1.0666666666666664
Malaysia,CHN->Partner,2008-09,2.9662825248131206
Malaysia,CHN->Partner,2008-10,2.8000000000000025
Malaysia,CHN->Partner,2008-11,1.9333333333333336
Malaysia,CHN->Partner,2008-12,0.37248140615465886
Malaysia,CHN->Partner,2009-01,-0.9999999999999982
Malaysia,CHN->Partner,2009-02,1.5209328521089258
Malaysia,CHN->Partner,2009-03,4.677375948702052
Malaysia,CHN->Partner,2009-04,5.549999999999994
Malaysia,CHN->Partner,2009-05,2.264814128520067
Malaysia,CHN->Partner,2009-06,1.427615335579576
Malaysia,CHN->Partner,2009-07,2.1883305329013023
Malaysia,CHN->Partner,2009-08,2.7967956675288246
Malaysia,CHN->Partner,2009-09,3.4333333333333353
Malaysia,CHN->Partner,2009-10,-2.2022730208308925
Malaysia,CHN->Partner,2009-11,3.0384462280456077
Malaysia,CHN->Partner,2009-12,2.6573885189137982
Malaysia,CHN->Partner,2010-01,-1.5500000000000007
Malaysia,CHN->Partner,2010-02,0.40000000000000036
Malaysia,CHN->Partner,2010-03,0.7303019860909767
Malaysia,CHN->Partner,2010-04,1.0071603655775423
Malaysia,CHN->Partner,2010-05,1.1666666666666643
Malaysia,CHN->Partner,2010-06,6.0
Malaysia,CHN->Partner,2010-07,2.0384048104053
Malaysia,CHN->Partner,2010-08,-1.0000000000000018
Malaysia,CHN->Partner,2010-09,-0.40000000000000036
Malaysia,CHN->Partner,2010-10,3.5
Malaysia,CHN->Partner,2010-11,3.5127272323286167
Malaysia,CHN->Partner,2010-12,1.319090848492932
Malaysia,CHN->Partner,2011-01,1.8241905330270534
Malaysia,CHN->Partner,2011-02,2.350000000000003
Malaysia,CHN->Partner,2011-03,2.643747284969079
Malaysia,CHN->Partner,2011-04,2.185684774949797
Malaysia,CHN->Partner,2011-05,-0.3000000000000025
Malaysia,CHN->Partner,2011-06,1.1069036031749402
Malaysia,CHN->Partner,2011-07,2.6987957809878917
Malaysia,CHN->Partner,2011-08,4.499999999999998
Malaysia,CHN->Partner,2011-09,3.625320509308507
Malaysia,CHN->Partner,2011-10,2.8000000000000025
Malaysia,CHN->Partner,2011-11,6.9999999999999964
Malaysia,CHN->Partner,2011-12,-0.6273896247184805
Malaysia,CHN->Partner,2012-01,-0.24249986605087592
Malaysia,CHN->Partner,2012-02,0.1566717484820792
Malaysia,CHN->Partner,2012-03,0.5706551664884145
Malaysia,CHN->Partner,2012-04,1.0
Malaysia,CHN->Partner,2012-05,2.2991022807541466
Malaysia,CHN->Partner,2012-06,2.2701837631773625
Malaysia,CHN->Partner,2012-07,4.499999999999998
Malaysia,CHN->Partner,2012-08,2.8968658877960465
Malaysia,CHN->Partner,2012-09,2.0731166394127722
Malaysia,CHN->Partner,2012-10,-0.7667051283188844
Malaysia,CHN->Partner,2012-11,1.0
Malaysia,CHN->Partner,2012-12,3.5
Malaysia,CHN->Partner,2013-01,3.2645281195872276
Malaysia,CHN->Partner,2013-02,2.1499999999999986
Malaysia,CHN->Partner,2013-03,2.8000000000000025
Malaysia,CHN->Partner,2013-04,1.9125564860503044
Malaysia,CHN->Partner,2013-05,0.7647149445272987
Malaysia,CHN->Partner,2013-06,2.28422839941822
Malaysia,CHN->Partner,2013-07,4.0
Malaysia,CHN->Partner,2013-08,1.6413181830047243
Malaysia,CHN->Partner,2013-09,2.3034759144145216
Malaysia,CHN->Partner,2013-10,2.8428289997787584
Malaysia,CHN->Partner,2013-11,0.1303785774411388
Malaysia,CHN->Partner,2013-12,0.24999999999999645
Malaysia,CHN->Partner,2014-01,1.7763568394002505e-15
Malaysia,CHN->Partner,2014-02,1.7763568394002505e-15
Malaysia,CHN->Partner,2014-03,0.8249842252085031
Malaysia,CHN->Partner,2014-04,0.8531584132701138
Malaysia,CHN->Partner,2014-05,2.102631551888587
Malaysia,CHN->Partner,2014-06,0.7708896084197523
Malaysia,CHN->Partner,2014-07,2.9958284996067945
Malaysia,CHN->Partner,2014-08,-0.556592883586827
Malaysia,CHN->Partner,2014-09,3.515829697360777
Malaysia,CHN->Partner,2014-10,5.210952901317157
Malaysia,CHN->Partner,2014-11,2.5159214583156917
Malaysia,CHN->Partner,2014-12,0.23633534503099618
Malaysia,CHN->Partner,2015-01,4.1901885076014125
Malaysia,CHN->Partner,2015-02,1.2681157354303707
Malaysia,CHN->Partner,2015-03,-0.3790960520119384
Malaysia,CHN->Partner,2015-04,2.44588915327369
Malaysia,CHN->Partner,2015-05,1.8333333333333321
Malaysia,CHN->Partner,2015-06,2.1958321752824723
Malaysia,CHN->Partner,2015-07,4.300000000000001
Malaysia,CHN->Partner,2015-08,1.973063941436557
Malaysia,CHN->Partner,2015-09,1.1655301191261849
Malaysia,CHN->Partner,2015-10,4.249999999999998
Malaysia,CHN->Partner,2015-11,2.3094836906687704
Malaysia,CHN->Partner,2015-12,3.098047965846911
Malaysia,CHN->Partner,2016-01,3.9333333333333282
Malaysia,CHN->Partner,2016-02,2.466666666666665
Malaysia,CHN->Partner,2016-03,2.5
Malaysia,CHN->Partner,2016-04,1.8124302309502394
Malaysia,CHN->Partner,2016-05,0.10346243749329354
Malaysia,CHN->Partner,2016-06,1.5882300049867766
Malaysia,CHN->Partner,2016-07,2.958203932499371
Malaysia,CHN->Partner,2016-08,1.9000000000000004
Malaysia,CHN->Partner,2016-09,3.2325116332190245
Malaysia,CHN->Partner,2016-10,2.933986680265999
Malaysia,CHN->Partner,2016-11,2.4767338399671903
Malaysia,CHN->Partner,2016-12,4.0
Malaysia,CHN->Partner,2017-01,1.316644678941504
Malaysia,CHN->Partner,2017-02,1.7763568394002505e-15
Malaysia,CHN->Partner,2017-03,3.2708867515514157
Malaysia,CHN->Partner,2017-04,4.340971508067067
Malaysia,CHN->Partner,2017-05,2.413882054089184
Malaysia,CHN->Partner,2017-06,1.0
Malaysia,CHN->Partner,2017-07,4.0
Malaysia,CHN->Partner,2017-08,2.4427458217917533
Malaysia,CHN->Partner,2017-09,-0.4689671432578866
Malaysia,CHN->Partner,2017-10,-2.7500000000000018
Malaysia,CHN->Partner,2017-11,-0.0626785728863215
Malaysia,CHN->Partner,2017-12,3.5
Malaysia,CHN->Partner,2018-01,4.266666666666664
Malaysia,CHN->Partner,2018-02,3.1999999999999993
Malaysia,CHN->Partner,2018-03,2.350000000000003
Malaysia,CHN->Partner,2018-04,2.7055927389070273
Malaysia,CHN->Partner,2018-05,3.070657102979844
Malaysia,CHN->Partner,2018-06,2.8102478235550645
Malaysia,CHN->Partner,2018-07,3.149739193482784
Malaysia,CHN->Partner,2018-08,2.493734448854669
Malaysia,CHN->Partner,2018-09,2.9999999999999964
Malaysia,CHN->Partner,2018-10,3.6380486080549446
Malaysia,CHN->Partner,2018-11,3.5
Malaysia,CHN->Partner,2018-12,3.5
Malaysia,CHN->Partner,2019-01,0.7773854561638132
Malaysia,CHN->Partner,2019-02,3.5
Malaysia,CHN->Partner,2019-03,3.033333333333335
Malaysia,CHN->Partner,2019-04,3.362877830998663
Malaysia,CHN->Partner,2019-05,3.081934161511432
Malaysia,CHN->Partner,2019-06,3.6629756213386067
Malaysia,CHN->Partner,2019-07,3.0142261899250347
Malaysia,CHN->Partner,2019-08,2.2750000000000004
Malaysia,CHN->Partner,2019-09,-1.89949146415832
Malaysia,CHN->Partner,2019-10,3.5
Malaysia,CHN->Partner,2019-11,1.0
Malaysia,CHN->Partner,2019-12,-1.4689102385399266
Malaysia,CHN->Partner,2020-01,0.6000000000000014
Malaysia,CHN->Partner,2020-02,1.837478373637687
Malaysia,CHN->Partner,2020-03,3.030841777500104
Malaysia,CHN->Partner,2020-04,3.0976504631420827
Malaysia,CHN->Partner,2020-05,2.278848491404453
Malaysia,CHN->Partner,2020-06,1.5076031441323163
Malaysia,CHN->Partner,2020-07,0.7811522973828691
Malaysia,CHN->Partner,2020-08,0.09689425341598756
Malaysia,CHN->Partner,2020-09,2.1504418023315814
Malaysia,CHN->Partner,2020-10,2.4335460393872896
Malaysia,CHN->Partner,2020-11,2.7582716875824076
Malaysia,CHN->Partner,2020-12,1.4499999999999993
Malaysia,CHN->Partner,2021-01,3.3249999999999993
Malaysia,CHN->Partner,2021-02,3.5
Malaysia,CHN->Partner,2021-03,4.0
Malaysia,CHN->Partner,2021-04,3.4271196474981327
Malaysia,CHN->Partner,2021-05,0.614738190702079
Malaysia,CHN->Partner,2021-06,-0.42308662810369135
Malaysia,CHN->Partner,2021-07,-0.21361751601309997
Malaysia,CHN->Partner,2021-08,1.7763568394002505e-15
Malaysia,CHN->Partner,2021-09,2.2672714717948352
Malaysia,CHN->Partner,2021-10,0.4535329906134873
Malaysia,CHN->Partner,2021-11,7.9999999999999964
Malaysia,CHN->Partner,2021-12,2.0405596469883083
Malaysia,CHN->Partner,2022-01,3.358311163729324
Malaysia,CHN->Partner,2022-02,2.8000000000000025
Malaysia,CHN->Partner,2022-03,4.499999999999998
Malaysia,CHN->Partner,2022-04,7.9999999999999964
Malaysia,CHN->Partner,2022-05,5.2237445837488785
Malaysia,CHN->Partner,2022-06,0.5944929540305157
Malaysia,CHN->Partner,2022-07,2.925581930815671
Malaysia,CHN->Partner,2022-08,-1.8592400980610986
Malaysia,CHN->Partner,2022-09,-5.0
Malaysia,CHN->Partner,2022-10,1.7763568394002505e-15
Malaysia,CHN->Partner,2022-11,4.032089982808932
Malaysia,CHN->Partner,2022-12,1.0
Malaysia,CHN->Partner,2023-01,3.5391209545346243
Malaysia,CHN->Partner,2023-02,2.7612770894599734
Malaysia,CHN->Partner,2023-03,2.0250479189962434
Malaysia,CHN->Partner,2023-04,3.0839648858841606
Malaysia,Partner->CHN,2002-01,0.4999999999999982
Malaysia,Partner->CHN,2002-02,1.072230480534694
Malaysia,Partner->CHN,2002-03,1.6729346761000805
Malaysia,Partner->CHN,2002-04,2.3035294151861283
Malaysia,Partner->CHN,2002-05,1.5227977729456903
Malaysia,Partner->CHN,2002-06,1.6353249364379927
Malaysia,Partner->CHN,2002-07,1.7488632447841166
Malaysia,Partner->CHN,2002-08,0.3800000000000008
Malaysia,Partner->CHN,2002-09,1.6166666666666671
Malaysia,Partner->CHN,2002-10,3.4497899668366223
Malaysia,Partner->CHN,2002-11,2.4749999999999996
Malaysia,Partner->CHN,2002-12,1.7763568394002505e-15
Malaysia,Partner->CHN,2003-01,3.1416022851660443
Malaysia,Partner->CHN,2003-02,2.8000000000000025
Malaysia,Partner->CHN,2003-03,1.8137271771402386
Malaysia,Partner->CHN,2003-04,0.8979423311726258
Malaysia,Partner->CHN,2003-05,1.9040973172361415
Malaysia,Partner->CHN,2003-06,2.995338264199651
Malaysia,Partner->CHN,2003-07,2.488491295715601
Malaysia,Partner->CHN,2003-08,2.0
Malaysia,Partner->CHN,2003-09,1.8194917440704188
Malaysia,Partner->CHN,2003-10,1.8083102917607778
Malaysia,Partner->CHN,2003-11,1.7499999999999964
Malaysia,Partner->CHN,2003-12,1.4999999999999964
Malaysia,Partner->CHN,2004-01,2.282085548648716
Malaysia,Partner->CHN,2004-02,1.599999999999996
Malaysia,Partner->CHN,2004-03,-1.7319234082987638
Malaysia,Partner->CHN,2004-04,1.3000000000000025
Malaysia,Partner->CHN,2004-05,1.6648714406247187
Malaysia,Partner->CHN,2004-06,-0.1346202488508439
Malaysia,Partner->CHN,2004-07,1.5395367427611895
Malaysia,Partner->CHN,2004-08,2.0340909627292536
Malaysia,Partner->CHN,2004-09,2.411579149588002
Malaysia,Partner->CHN,2004-10,2.8000000000000025
Malaysia,Partner->CHN,2004-11,2.6000000000000014
Malaysia,Partner->CHN,2004-12,3.2828568570857044
Malaysia,Partner->CHN,2005-01,4.0
Malaysia,Partner->CHN,2005-02,3.4553588372772204
Malaysia,Partner->CHN,2005-03,2.3826211912628477
Malaysia,Partner->CHN,2005-04,2.160000000000002
Malaysia,Partner->CHN,2005-05,2.7108774574263936
Malaysia,Partner->CHN,2005-06,1.7763568394002505e-15
Malaysia,Partner->CHN,2005-07,-0.5333333333333332
Malaysia,Partner->CHN,2005-08,1.0390379716733964
Malaysia,Partner->CHN,2005-09,2.9797382062972506
Malaysia,Partner->CHN,2005-10,1.9000000000000004
Malaysia,Partner->CHN,2005-11,-1.3156124287530098
Malaysia,Partner->CHN,2005-12,2.414159850759857
Malaysia,Partner->CHN,2006-01,-0.2500000000000018
Malaysia,Partner->CHN,2006-02,1.4096736459908588
Malaysia,Partner->CHN,2006-03,0.45343787617888687
Malaysia,Partner->CHN,2006-04,1.190576578710532
Malaysia,Partner->CHN,2006-05,2.9042543442490807
Malaysia,Partner->CHN,2006-06,1.4333333333333318
Malaysia,Partner->CHN,2006-07,3.320000000000002
Malaysia,Partner->CHN,2006-08,6.833333333333336
Malaysia,Partner->CHN,2006-09,2.599999999999996
Malaysia,Partner->CHN,2006-10,-1.3061374927145568
Malaysia,Partner->CHN,2006-11,2.0854662029991573
Malaysia,Partner->CHN,2006-12,-5.0
Malaysia,Partner->CHN,2007-01,1.6159340796553714
Malaysia,Partner->CHN,2007-02,4.0
Malaysia,Partner->CHN,2007-03,-2.3000000000000025
Malaysia,Partner->CHN,2007-04,1.1980666914348337
Malaysia,Partner->CHN,2007-05,1.603475914414517
Malaysia,Partner->CHN,2007-06,2.161707793530219
Malaysia,Partner->CHN,2007-07,2.3793229409252454
Malaysia,Partner->CHN,2007-08,2.8000000000000025
Malaysia,Partner->CHN,2007-09,1.700000000000001
Malaysia,Partner->CHN,2007-10,3.666666666666666
Malaysia,Partner->CHN,2007-11,2.9999999999999964
Malaysia,Partner->CHN,2007-12,2.4815065041169255
Malaysia,Partner->CHN,2008-01,-3.8
Malaysia,Partner->CHN,2008-02,3.144702230725331
Malaysia,Partner->CHN,2008-03,-0.5333333333333332
Malaysia,Partner->CHN,2008-04,0.7500000000000018
Malaysia,Partner->CHN,2008-05,3.711228112757622
Malaysia,Partner->CHN,2008-06,3.8088321216754633
Malaysia,Partner->CHN,2008-07,-0.5
Malaysia,Partner->CHN,2008-08,0.9500000000000011
Malaysia,Partner->CHN,2008-09,0.026047247960583775
Malaysia,Partner->CHN,2008-10,0.9500000000000011
Malaysia,Partner->CHN,2008-11,2.633333333333331
Malaysia,Partner->CHN,2008-12,1.7763568394002505e-15
Malaysia,Partner->CHN,2009-01,-1.9999999999999982
Malaysia,Partner->CHN,2009-02,4.0
Malaysia,Partner->CHN,2009-03,1.333333333333334
Malaysia,Partner->CHN,2009-04,6.048447126707988
Malaysia,Partner->CHN,2009-05,2.1620855486487134
Malaysia,Partner->CHN,2009-06,3.083371016966307
Malaysia,Partner->CHN,2009-07,2.7999999999999954
Malaysia,Partner->CHN,2009-08,1.7763568394002505e-15
Malaysia,Partner->CHN,2009-09,3.133333333333331
Malaysia,Partner->CHN,2009-10,3.6500000000000004
Malaysia,Partner->CHN,2009-11,1.9868377099159353
Malaysia,Partner->CHN,2009-12,1.1954450365032052
Malaysia,Partner->CHN,2010-01,1.4000000000000004
Malaysia,Partner->CHN,2010-02,-1.9999999999999982
Malaysia,Partner->CHN,2010-03,3.6954529791364585
Malaysia,Partner->CHN,2010-04,1.535208958919588
Malaysia,Partner->CHN,2010-05,1.0
Malaysia,Partner->CHN,2010-06,-2.5
Malaysia,Partner->CHN,2010-07,-0.9999999999999982
Malaysia,Partner->CHN,2010-08,1.8499999999999996
Malaysia,Partner->CHN,2010-09,1.5000000000000018
Malaysia,Partner->CHN,2010-10,1.7763568394002505e-15
Malaysia,Partner->CHN,2010-11,2.519668534184083
Malaysia,Partner->CHN,2010-12,2.6381816969858587
Malaysia,Partner->CHN,2011-01,1.7763568394002505e-15
Malaysia,Partner->CHN,2011-02,2.256596872010613
Malaysia,Partner->CHN,2011-03,2.85521387162178
Malaysia,Partner->CHN,2011-04,2.4693107061415933
Malaysia,Partner->CHN,2011-05,1.9200000000000017
Malaysia,Partner->CHN,2011-06,-0.6500000000000021
Malaysia,Partner->CHN,2011-07,2.9999999999999964
Malaysia,Partner->CHN,2011-08,0.664925925442212
Malaysia,Partner->CHN,2011-09,1.266928891870391
Malaysia,Partner->CHN,2011-10,1.9000000000000004
Malaysia,Partner->CHN,2011-11,3.5
Malaysia,Partner->CHN,2011-12,1.0
Malaysia,Partner->CHN,2012-01,1.0
Malaysia,Partner->CHN,2012-02,1.0
Malaysia,Partner->CHN,2012-03,1.0
Malaysia,Partner->CHN,2012-04,1.0
Malaysia,Partner->CHN,2012-05,-1.9999999999999982
Malaysia,Partner->CHN,2012-06,1.9000000000000004
Malaysia,Partner->CHN,2012-07,2.123071286859645
Malaysia,Partner->CHN,2012-08,2.350000000000003
Malaysia,Partner->CHN,2012-09,2.1320224442908575
Malaysia,Partner->CHN,2012-10,3.466589743362226
Malaysia,Partner->CHN,2012-11,1.339183545408158
Malaysia,Partner->CHN,2012-12,3.5
Malaysia,Partner->CHN,2013-01,1.4000000000000004
Malaysia,Partner->CHN,2013-02,0.3355172439303651
Malaysia,Partner->CHN,2013-03,1.9000000000000004
Malaysia,Partner->CHN,2013-04,4.080773738899373
Malaysia,Partner->CHN,2013-05,0.38328157299974563
Malaysia,Partner->CHN,2013-06,6.9999999999999964
Malaysia,Partner->CHN,2013-07,5.199999999999996
Malaysia,Partner->CHN,2013-08,1.9858831918039765
Malaysia,Partner->CHN,2013-09,2.8000000000000025
Malaysia,Partner->CHN,2013-10,2.9930561900990824
Malaysia,Partner->CHN,2013-11,2.797117426295765
Malaysia,Partner->CHN,2013-12,4.499999999999998
Malaysia,Partner->CHN,2014-01,1.7763568394002505e-15
Malaysia,Partner->CHN,2014-02,0.7125965854956231
Malaysia,Partner->CHN,2014-03,1.471356252233063
Malaysia,Partner->CHN,2014-04,0.7734555996681234
Malaysia,Partner->CHN,2014-05,2.1497510365867516
Malaysia,Partner->CHN,2014-06,2.424975719273874
Malaysia,Partner->CHN,2014-07,2.5333333333333368
Malaysia,Partner->CHN,2014-08,2.3052331014995815
Malaysia,Partner->CHN,2014-09,0.6696377701863021
Malaysia,Partner->CHN,2014-10,5.088084152525081
Malaysia,Partner->CHN,2014-11,2.5461244669160674
Malaysia,Partner->CHN,2014-12,1.074571160800657
Malaysia,Partner->CHN,2015-01,0.8022482888119917
Malaysia,Partner->CHN,2015-02,2.722114317029977
Malaysia,Partner->CHN,2015-03,1.716745924798655
Malaysia,Partner->CHN,2015-04,2.273294857047805
Malaysia,Partner->CHN,2015-05,2.088947233488568
Malaysia,Partner->CHN,2015-06,2.0730629003474306
Malaysia,Partner->CHN,2015-07,3.0999999999999996
Malaysia,Partner->CHN,2015-08,2.226742884671335
Malaysia,Partner->CHN,2015-09,1.089431466237425
Malaysia,Partner->CHN,2015-10,0.914285714285711
Malaysia,Partner->CHN,2015-11,1.5272779055397567
Malaysia,Partner->CHN,2015-12,1.7763568394002505e-15
Malaysia,Partner->CHN,2016-01,4.533333333333333
Malaysia,Partner->CHN,2016-02,0.9969686527576407
Malaysia,Partner->CHN,2016-03,2.0
Malaysia,Partner->CHN,2016-04,-0.3391781921579007
Malaysia,Partner->CHN,2016-05,1.5566520350478275
Malaysia,Partner->CHN,2016-06,0.15000000000000213
Malaysia,Partner->CHN,2016-07,1.01902411881297
Malaysia,Partner->CHN,2016-08,-0.28384359055015196
Malaysia,Partner->CHN,2016-09,-1.565857272340006
Malaysia,Partner->CHN,2016-10,2.096498589004762
Malaysia,Partner->CHN,2016-11,2.1429128023071176
Malaysia,Partner->CHN,2016-12,1.5000000000000018
Malaysia,Partner->CHN,2017-01,2.9412198862652907
Malaysia,Partner->CHN,2017-02,4.0
Malaysia,Partner->CHN,2017-03,2.1588741300164607
Malaysia,Partner->CHN,2017-04,4.949999999999999
Malaysia,Partner->CHN,2017-05,1.7072562252261836
Malaysia,Partner->CHN,2017-06,0.6996998805754888
Malaysia,Partner->CHN,2017-07,1.7763568394002505e-15
Malaysia,Partner->CHN,2017-08,1.599999999999996
Malaysia,Partner->CHN,2017-09,3.4999999999999947
Malaysia,Partner->CHN,2017-10,-0.1555862776522936
Malaysia,Partner->CHN,2017-11,-0.2500000000000018
Malaysia,Partner->CHN,2017-12,1.1333333333333364
Malaysia,Partner->CHN,2018-01,0.033784340297149384
Malaysia,Partner->CHN,2018-02,-0.9661211372373746
Malaysia,Partner->CHN,2018-03,1.3333102917607782
Malaysia,Partner->CHN,2018-04,5.599999999999998
Malaysia,Partner->CHN,2018-05,2.1144139797167405
Malaysia,Partner->CHN,2018-06,2.610624542710493
Malaysia,Partner->CHN,2018-07,1.9192660301518956
Malaysia,Partner->CHN,2018-08,2.872913653301106
Malaysia,Partner->CHN,2018-09,-0.42810522421200226
Malaysia,Partner->CHN,2018-10,-2.666666666666668
Malaysia,Partner->CHN,2018-11,2.7486318882124117
Malaysia,Partner->CHN,2018-12,3.5
Malaysia,Partner->CHN,2019-01,0.6000000000000014
Malaysia,Partner->CHN,2019-02,3.3999999999999986
Malaysia,Partner->CHN,2019-03,1.5020875304147534
Malaysia,Partner->CHN,2019-04,2.05517694922011
Malaysia,Partner->CHN,2019-05,2.3632919174991134
Malaysia,Partner->CHN,2019-06,3.663888116854986
Malaysia,Partner->CHN,2019-07,1.5272016701387852
Malaysia,Partner->CHN,2019-08,1.3250000000000028
Malaysia,Partner->CHN,2019-09,1.5984090617188347
Malaysia,Partner->CHN,2019-10,3.4499999999999975
Malaysia,Partner->CHN,2019-11,-0.6799999999999997
Malaysia,Partner->CHN,2019-12,-1.9999999999999982
Malaysia,Partner->CHN,2020-01,0.2800569793401273
Malaysia,Partner->CHN,2020-02,0.6489580438206186
Malaysia,Partner->CHN,2020-03,2.875951415095665
Malaysia,Partner->CHN,2020-04,1.2666666666666693
Malaysia,Partner->CHN,2020-05,0.19689147049056288
Malaysia,Partner->CHN,2020-06,-0.7795887009284499
Malaysia,Partner->CHN,2020-07,-1.6709101005859033
Malaysia,Partner->CHN,2020-08,-1.5325888964300756
Malaysia,Partner->CHN,2020-09,2.799712682693242
Malaysia,Partner->CHN,2020-10,0.20861876343318464
Malaysia,Partner->CHN,2020-11,4.047954462834479
Malaysia,Partner->CHN,2020-12,-0.04999999999999716
Malaysia,Partner->CHN,2021-01,5.400000000000002
Malaysia,Partner->CHN,2021-02,3.5
Malaysia,Partner->CHN,2021-03,4.0
Malaysia,Partner->CHN,2021-04,2.3720922419929042
Malaysia,Partner->CHN,2021-05,1.0
Malaysia,Partner->CHN,2021-06,0.5982549896909646
Malaysia,Partner->CHN,2021-07,-0.9999999999999982
Malaysia,Partner->CHN,2021-08,0.3545003289209063
Malaysia,Partner->CHN,2021-09,1.8924677719464995
Malaysia,Partner->CHN,2021-10,1.5755882796517806
Malaysia,Partner->CHN,2021-11,1.8499999999999996
Malaysia,Partner->CHN,2021-12,2.679152481501051
Malaysia,Partner->CHN,2022-01,3.5
Malaysia,Partner->CHN,2022-02,3.2645281195872276
Malaysia,Partner->CHN,2022-03,4.499999999999998
Malaysia,Partner->CHN,2022-04,7.9999999999999964
Malaysia,Partner->CHN,2022-05,-1.700903663651081
Malaysia,Partner->CHN,2022-06,1.4352937806890598
Malaysia,Partner->CHN,2022-07,1.8030111824453687
Malaysia,Partner->CHN,2022-08,-5.0
Malaysia,Partner->CHN,2022-09,-3.656579537950037
Malaysia,Partner->CHN,2022-10,-2.0123626529243186
Malaysia,Partner->CHN,2022-11,1.7763568394002505e-15
Malaysia,Partner->CHN,2022-12,2.25
Malaysia,Partner->CHN,2023-01,2.6583102917607793
Malaysia,Partner->CHN,2023-02,2.7790178484148953
Malaysia,Partner->CHN,2023-03,2.9007921778924537
Malaysia,Partner->CHN,2023-04,2.4028797822723753
Mexico,Aggregated,2002-01,-5.0
Mexico,Aggregated,2002-02,1.0
Mexico,Aggregated,2002-03,1.7521812729411703
Mexico,Aggregated,2002-04,2.551510601495961
Mexico,Aggregated,2002-05,3.4009433093717156
Mexico,Aggregated,2002-06,4.303619965204785
Mexico,Aggregated,2002-07,2.0
Mexico,Aggregated,2002-08,3.447471191587418
Mexico,Aggregated,2002-09,1.4096736459908588
Mexico,Aggregated,2002-10,3.248775064423521
Mexico,Aggregated,2002-11,2.2277700786292804
Mexico,Aggregated,2002-12,1.2799258506056894
Mexico,Aggregated,2003-01,0.40000000000000036
Mexico,Aggregated,2003-02,0.8827295548426548
Mexico,Aggregated,2003-03,1.3859001468009762
Mexico,Aggregated,2003-04,1.9103773454142061
Mexico,Aggregated,2003-05,0.4999999999999982
Mexico,Aggregated,2003-06,0.8167345157144172
Mexico,Aggregated,2003-07,1.1421925752066482
Mexico,Aggregated,2003-08,1.4766144434691935
Mexico,Aggregated,2003-09,1.8202470029046491
Mexico,Aggregated,2003-10,2.5667943085939857
Mexico,Aggregated,2003-11,6.399999999999999
Mexico,Aggregated,2003-12,1.972769931221503
Mexico,Aggregated,2004-01,1.2084306582809194
Mexico,Aggregated,2004-02,0.48912529307605546
Mexico,Aggregated,2004-03,1.2111586266873484
Mexico,Aggregated,2004-04,1.9785680983028087
Mexico,Aggregated,2004-05,2.3424135747622508
Mexico,Aggregated,2004-06,1.2656169678357791
Mexico,Aggregated,2004-07,3.6999999999999993
Mexico,Aggregated,2004-08,1.760545555746173
Mexico,Aggregated,2004-09,2.9996063777523894
Mexico,Aggregated,2004-10,2.2338346214306615
Mexico,Aggregated,2004-11,2.427162965768824
Mexico,Aggregated,2004-12,7.4999999999999964
Mexico,Aggregated,2005-01,2.8264263223022343
Mexico,Aggregated,2005-02,2.421206787381127
Mexico,Aggregated,2005-03,5.9834742601747735
Mexico,Aggregated,2005-04,1.6534170443065328
Mexico,Aggregated,2005-05,2.3954671106996095
Mexico,Aggregated,2005-06,2.3424135747622508
Mexico,Aggregated,2005-07,2.2772673168260837
Mexico,Aggregated,2005-08,3.0165039664307347
Mexico,Aggregated,2005-09,2.7241513217039124
Mexico,Aggregated,2005-10,4.415783219360806
Mexico,Aggregated,2005-11,3.193953697758353
Mexico,Aggregated,2005-12,-1.7715807319698502
Mexico,Aggregated,2006-01,-5.0
Mexico,Aggregated,2006-02,2.6054005389311783
Mexico,Aggregated,2006-03,3.5
Mexico,Aggregated,2006-04,2.685127618862067
Mexico,Aggregated,2006-05,1.9160495134166506
Mexico,Aggregated,2006-06,-1.9999999999999982
Mexico,Aggregated,2006-07,2.5225932371364213
Mexico,Aggregated,2006-08,2.3424135747622508
Mexico,Aggregated,2006-09,-4.249999999999999
Mexico,Aggregated,2006-10,2.219581205340031
Mexico,Aggregated,2006-11,3.139033011435888
Mexico,Aggregated,2006-12,2.3424135747622508
Mexico,Aggregated,2007-01,-0.9999999999999982
Mexico,Aggregated,2007-02,-2.9999999999999982
Mexico,Aggregated,2007-03,1.2732184475335853
Mexico,Aggregated,2007-04,1.6369654299049028
Mexico,Aggregated,2007-05,0.6253406434460533
Mexico,Aggregated,2007-06,2.067223727082098
Mexico,Aggregated,2007-07,-0.9348695430379887
Mexico,Aggregated,2007-08,-1.9999999999999982
Mexico,Aggregated,2007-09,-1.3406353533761894
Mexico,Aggregated,2007-10,0.10808064073368762
Mexico,Aggregated,2007-11,1.774075732213948
Mexico,Aggregated,2007-12,1.7763568394002505e-15
Mexico,Aggregated,2008-01,1.3759740204526167
Mexico,Aggregated,2008-02,-0.4461492248528778
Mexico,Aggregated,2008-03,-1.9999999999999982
Mexico,Aggregated,2008-04,3.3477354980696994
Mexico,Aggregated,2008-05,4.425851409089056
Mexico,Aggregated,2008-06,7.9999999999999964
Mexico,Aggregated,2008-07,2.5866423879357736
Mexico,Aggregated,2008-08,0.7808045249207503
Mexico,Aggregated,2008-09,-0.9999999999999982
Mexico,Aggregated,2008-10,1.0
Mexico,Aggregated,2008-11,2.3424135747622508
Mexico,Aggregated,2008-12,-0.5
Mexico,Aggregated,2009-01,-4.999999999999999
Mexico,Aggregated,2009-02,2.7851740099701487
Mexico,Aggregated,2009-03,1.7763568394002505e-15
Mexico,Aggregated,2009-04,1.5753840689347296
Mexico,Aggregated,2009-05,0.9085006653514629
Mexico,Aggregated,2009-06,1.7763568394002505e-15
Mexico,Aggregated,2009-07,1.5744173668815495
Mexico,Aggregated,2009-08,2.5
Mexico,Aggregated,2009-09,2.3424135747622508
Mexico,Aggregated,2009-10,7.9999999999999964
Mexico,Aggregated,2009-11,-1.3287932126188764
Mexico,Aggregated,2009-12,5.999999999999993
Mexico,Aggregated,2010-01,3.21060339369056
Mexico,Aggregated,2010-02,-0.7999999999999972
Mexico,Aggregated,2010-03,0.7758811131965793
Mexico,Aggregated,2010-04,2.595232940405877
Mexico,Aggregated,2010-05,1.4474711915874163
Mexico,Aggregated,2010-06,0.16156172634202015
Mexico,Aggregated,2010-07,2.791521357807433
Mexico,Aggregated,2010-08,2.58928451468185
Mexico,Aggregated,2010-09,1.344366912360755
Mexico,Aggregated,2010-10,1.4750000000000014
Mexico,Aggregated,2010-11,2.815215824013258
Mexico,Aggregated,2010-12,0.6414687706030637
Mexico,Aggregated,2011-01,-2.6424397924024294
Mexico,Aggregated,2011-02,-5.0
Mexico,Aggregated,2011-03,-5.0
Mexico,Aggregated,2011-04,-5.0
Mexico,Aggregated,2011-05,-5.0
Mexico,Aggregated,2011-06,-0.08342011169262342
Mexico,Aggregated,2011-07,-4.1
Mexico,Aggregated,2011-08,3.799999999999997
Mexico,Aggregated,2011-09,0.8566058287027012
Mexico,Aggregated,2011-10,0.4999999999999982
Mexico,Aggregated,2011-11,1.4096736459908588
Mexico,Aggregated,2011-12,-4.1
Mexico,Aggregated,2012-01,-0.42599910519390427
Mexico,Aggregated,2012-02,5.204274626573934
Mexico,Aggregated,2012-03,-2.5999999999999996
Mexico,Aggregated,2012-04,0.7608175790732705
Mexico,Aggregated,2012-05,2.389494173083527
Mexico,Aggregated,2012-06,2.4226605692492953
Mexico,Aggregated,2012-07,2.25
Mexico,Aggregated,2012-08,3.0978721798716844
Mexico,Aggregated,2012-09,4.0
Mexico,Aggregated,2012-10,3.309233857167319
Mexico,Aggregated,2012-11,4.371206787381121
Mexico,Aggregated,2012-12,4.627550590787456
Mexico,Aggregated,2013-01,1.6534170443065328
Mexico,Aggregated,2013-02,1.9933491963805672
Mexico,Aggregated,2013-03,2.3424135747622508
Mexico,Aggregated,2013-04,3.39882787746666
Mexico,Aggregated,2013-05,3.378698602136378
Mexico,Aggregated,2013-06,2.3934365517748866
Mexico,Aggregated,2013-07,2.4417798468297303
Mexico,Aggregated,2013-08,2.490297635874054
Mexico,Aggregated,2013-09,1.0
Mexico,Aggregated,2013-10,1.5576168823203655
Mexico,Aggregated,2013-11,4.0
Mexico,Aggregated,2013-12,4.0
Mexico,Aggregated,2014-01,3.8285057012409567
Mexico,Aggregated,2014-02,3.6589720887823773
Mexico,Aggregated,2014-03,3.4913767461894363
Mexico,Aggregated,2014-04,3.3256975133133793
Mexico,Aggregated,2014-05,3.1619124833613963
Mexico,Aggregated,2014-06,2.9999999999999964
Mexico,Aggregated,2014-07,4.228275716508167
Mexico,Aggregated,2014-08,-5.0
Mexico,Aggregated,2014-09,2.736011351447278
Mexico,Aggregated,2014-10,4.08645004695779
Mexico,Aggregated,2014-11,2.643458382963855
Mexico,Aggregated,2014-12,2.7612850923303967
Mexico,Aggregated,2015-01,2.8801293687279994
Mexico,Aggregated,2015-02,2.9999999999999964
Mexico,Aggregated,2015-03,2.3617467908982377
Mexico,Aggregated,2015-04,1.7525912360056708
Mexico,Aggregated,2015-05,1.171206787381129
Mexico,Aggregated,2015-06,2.511776412104995
Mexico,Aggregated,2015-07,4.0
Mexico,Aggregated,2015-08,1.7763568394002505e-15
Mexico,Aggregated,2015-09,1.1147244839651549
Mexico,Aggregated,2015-10,2.3424135747622508
Mexico,Aggregated,2015-11,2.8372446719719644
Mexico,Aggregated,2015-12,1.3373291838911232
Mexico,Aggregated,2016-01,1.7763568394002505e-15
Mexico,Aggregated,2016-02,1.0332411670431156
Mexico,Aggregated,2016-03,2.1635357258382815
Mexico,Aggregated,2016-04,3.3999999999999986
Mexico,Aggregated,2016-05,1.5857061780418178
Mexico,Aggregated,2016-06,1.7763568394002505e-15
Mexico,Aggregated,2016-07,0.9268584389606431
Mexico,Aggregated,2016-08,1.9318138384551542
Mexico,Aggregated,2016-09,1.821879956122043
Mexico,Aggregated,2016-10,2.5803759645912905
Mexico,Aggregated,2016-11,1.7499999999999964
Mexico,Aggregated,2016-12,1.6534170443065275
Mexico,Aggregated,2017-01,1.3223782011297782
Mexico,Aggregated,2017-02,1.0
Mexico,Aggregated,2017-03,1.180171382665506
Mexico,Aggregated,2017-04,-5.0
Mexico,Aggregated,2017-05,0.47774705568103926
Mexico,Aggregated,2017-06,3.6333333333333346
Mexico,Aggregated,2017-07,2.5
Mexico,Aggregated,2017-08,1.4404338603573095
Mexico,Aggregated,2017-09,2.831550956298024
Mexico,Aggregated,2017-10,2.921206787381127
Mexico,Aggregated,2017-11,2.6765292967417675
Mexico,Aggregated,2017-12,2.4361522288559705
Mexico,Aggregated,2018-01,2.1999999999999993
Mexico,Aggregated,2018-02,1.7763568394002505e-15
Mexico,Aggregated,2018-03,1.0
Mexico,Aggregated,2018-04,1.9879039657804114
Mexico,Aggregated,2018-05,3.0571374520278773
Mexico,Aggregated,2018-06,2.8150965284014084
Mexico,Aggregated,2018-07,2.5772231537449777
Mexico,Aggregated,2018-08,1.7763568394002505e-15
Mexico,Aggregated,2018-09,1.7763568394002505e-15
Mexico,Aggregated,2018-10,0.7845551867436544
Mexico,Aggregated,2018-11,1.4367603301976022
Mexico,Aggregated,2018-12,2.3824268634222463
Mexico,Aggregated,2019-01,3.3999999999999986
Mexico,Aggregated,2019-02,1.7763568394002505e-15
Mexico,Aggregated,2019-03,0.8060693993044268
Mexico,Aggregated,2019-04,1.6712067873811236
Mexico,Aggregated,2019-05,2.786518843084238
Mexico,Aggregated,2019-06,4.0
Mexico,Aggregated,2019-07,1.2178056814355074
Mexico,Aggregated,2019-08,1.4176008664770485
Mexico,Aggregated,2019-09,1.6206632598051343
Mexico,Aggregated,2019-10,1.8270462893839348
Mexico,Aggregated,2019-11,2.0368042568737845
Mexico,Aggregated,2019-12,2.249992351918559
Mexico,Aggregated,2020-01,2.466666666666665
Mexico,Aggregated,2020-02,2.71484273301591
Mexico,Aggregated,2020-03,2.9675924151999578
Mexico,Aggregated,2020-04,3.2249999999999996
Mexico,Aggregated,2020-05,1.7763568394002505e-15
Mexico,Aggregated,2020-06,1.5072573819079906
Mexico,Aggregated,2020-07,3.221044292481075
Mexico,Aggregated,2020-08,1.7763568394002505e-15
Mexico,Aggregated,2020-09,0.4767424731548928
Mexico,Aggregated,2020-10,0.9741470722834098
Mexico,Aggregated,2020-11,1.4931092985707544
Mexico,Aggregated,2020-12,2.034563464424851
Mexico,Aggregated,2021-01,2.5994843755634225
Mexico,Aggregated,2021-02,3.5392344568427827
Mexico,Aggregated,2021-03,3.5500000000000007
Mexico,Aggregated,2021-04,3.4889046742645444
Mexico,Aggregated,2021-05,4.8999223594996195
Mexico,Aggregated,2021-06,3.739654343404844
Mexico,Aggregated,2021-07,2.664054782836722
Mexico,Aggregated,2021-08,1.6669451507120066
Mexico,Aggregated,2021-09,0.7425977867629623
Mexico,Aggregated,2021-10,2.5206991004095958
Mexico,Aggregated,2021-11,1.7763568394002505e-15
Mexico,Aggregated,2021-12,7.400000000000002
Mexico,Aggregated,2022-01,5.128816039073676
Mexico,Aggregated,2022-02,3.137973196863049
Mexico,Aggregated,2022-03,3.562609585954906
Mexico,Aggregated,2022-04,4.0
Mexico,Aggregated,2022-05,2.911083520551122
Mexico,Aggregated,2022-06,1.9012163143832659
Mexico,Aggregated,2022-07,0.9646598444054888
Mexico,Aggregated,2022-08,0.09609215936726301
Mexico,Aggregated,2022-09,0.40000000000000036
Mexico,Aggregated,2022-10,4.371206787381121
Mexico,Aggregated,2022-11,3.863567280899547
Mexico,Aggregated,2022-12,3.372692747533316
Mexico,Aggregated,2023-01,2.8980295181531197
Mexico,Aggregated,2023-02,2.43904220874723
Mexico,Aggregated,2023-03,1.995213116549074
Mexico,Aggregated,2023-04,1.5660416361078937
Mexico,CHN->Partner,2002-01,
Mexico,CHN->Partner,2002-02,1.0
Mexico,CHN->Partner,2002-03,1.8258557152252255
Mexico,CHN->Partner,2002-04,2.7085479023146366
Mexico,CHN->Partner,2002-05,3.65198812169508
Mexico,CHN->Partner,2002-06,4.660357132504577
Mexico,CHN->Partner,2002-07,4.0
Mexico,CHN->Partner,2002-08,3.299999999999999
Mexico,CHN->Partner,2002-09,1.4096736459908588
Mexico,CHN->Partner,2002-10,3.129642253092511
Mexico,CHN->Partner,2002-11,2.1539361024511265
Mexico,CHN->Partner,2002-12,1.245606214799773
Mexico,CHN->Partner,2003-01,0.40000000000000036
Mexico,CHN->Partner,2003-02,0.8442595151095489
Mexico,CHN->Partner,2003-03,1.3058318825669382
Mexico,CHN->Partner,2003-04,1.7853917865291162
Mexico,CHN->Partner,2003-05,1.0
Mexico,CHN->Partner,2003-06,1.3709662380113912
Mexico,CHN->Partner,2003-07,1.7534004718348033
Mexico,CHN->Partner,2003-08,2.147657221408908
Mexico,CHN->Partner,2003-09,2.5541019662496875
Mexico,CHN->Partner,2003-10,2.8072198161548787
Mexico,CHN->Partner,2003-11,2.5025450988275413
Mexico,CHN->Partner,2003-12,2.204593435425208
Mexico,CHN->Partner,2004-01,1.5878958219832189
Mexico,CHN->Partner,2004-02,1.0
Mexico,CHN->Partner,2004-03,1.3410313694584026
Mexico,CHN->Partner,2004-04,1.6917546051630286
Mexico,CHN->Partner,2004-05,1.9000000000000004
Mexico,CHN->Partner,2004-06,1.0
Mexico,CHN->Partner,2004-07,3.6999999999999993
Mexico,CHN->Partner,2004-08,1.6364224897771766
Mexico,CHN->Partner,2004-09,4.404628127373053
Mexico,CHN->Partner,2004-10,2.6694697057427597
Mexico,CHN->Partner,2004-11,3.6992346141747703
Mexico,CHN->Partner,2004-12,7.4999999999999964
Mexico,CHN->Partner,2005-01,2.673810247327669
Mexico,CHN->Partner,2005-02,1.599999999999996
Mexico,CHN->Partner,2005-03,5.400000000000002
Mexico,CHN->Partner,2005-04,1.8685663537163286
Mexico,CHN->Partner,2005-05,2.030750416799618
Mexico,CHN->Partner,2005-06,2.350000000000003
Mexico,CHN->Partner,2005-07,2.287098402929452
Mexico,CHN->Partner,2005-08,2.9017396086789624
Mexico,CHN->Partner,2005-09,2.82522599294259
Mexico,CHN->Partner,2005-10,4.748015748023624
Mexico,CHN->Partner,2005-11,2.0208024746231885
Mexico,CHN->Partner,2005-12,2.4393948963162586
Mexico,CHN->Partner,2006-01,2.8714442163718026
Mexico,CHN->Partner,2006-02,3.317383046810855
Mexico,CHN->Partner,2006-03,3.5
Mexico,CHN->Partner,2006-04,2.946265250632539
Mexico,CHN->Partner,2006-05,2.4136768580000467
Mexico,CHN->Partner,2006-06,1.0
Mexico,CHN->Partner,2006-07,2.6415888336127775
Mexico,CHN->Partner,2006-08,2.8000000000000025
Mexico,CHN->Partner,2006-09,1.0
Mexico,CHN->Partner,2006-10,2.584329443554921
Mexico,CHN->Partner,2006-11,2.459804380994452
Mexico,CHN->Partner,2006-12,1.9000000000000004
Mexico,CHN->Partner,2007-01,-0.9999999999999982
Mexico,CHN->Partner,2007-02,0.1435984262073262
Mexico,CHN->Partner,2007-03,1.417978588457041
Mexico,CHN->Partner,2007-04,2.3249999999999975
Mexico,CHN->Partner,2007-05,2.3762744901531008
Mexico,CHN->Partner,2007-06,2.091339399362422
Mexico,CHN->Partner,2007-07,-1.6276182295301638
Mexico,CHN->Partner,2007-08,1.0
Mexico,CHN->Partner,2007-09,-0.9352872536497028
Mexico,CHN->Partner,2007-10,0.42279561116459874
Mexico,CHN->Partner,2007-11,1.9641315020894599
Mexico,CHN->Partner,2007-12,1.666639438603692
Mexico,CHN->Partner,2008-01,1.3759740204526167
Mexico,CHN->Partner,2008-02,2.292248494072247
Mexico,CHN->Partner,2008-03,3.276360772588637
Mexico,CHN->Partner,2008-04,4.33333333333333
Mexico,CHN->Partner,2008-05,4.39753029943634
Mexico,CHN->Partner,2008-06,7.9999999999999964
Mexico,CHN->Partner,2008-07,2.621938732661336
Mexico,CHN->Partner,2008-08,0.6333333333333311
Mexico,CHN->Partner,2008-09,1.0
Mexico,CHN->Partner,2008-10,1.0
Mexico,CHN->Partner,2008-11,2.8000000000000025
Mexico,CHN->Partner,2008-12,4.0
Mexico,CHN->Partner,2009-01,3.2239469380447154
Mexico,CHN->Partner,2009-02,2.4880444330874365
Mexico,CHN->Partner,2009-03,1.9788759542896308
Mexico,CHN->Partner,2009-04,1.4889283893231315
Mexico,CHN->Partner,2009-05,4.784736347454716
Mexico,CHN->Partner,2009-06,1.7763568394002505e-15
Mexico,CHN->Partner,2009-07,1.782193973932701
Mexico,CHN->Partner,2009-08,6.9999999999999964
Mexico,CHN->Partner,2009-09,2.8000000000000025
Mexico,CHN->Partner,2009-10,7.9999999999999964
Mexico,CHN->Partner,2009-11,1.9000000000000004
Mexico,CHN->Partner,2009-12,6.9999999999999964
Mexico,CHN->Partner,2010-01,4.133333333333331
Mexico,CHN->Partner,2010-02,3.617571364816289
Mexico,CHN->Partner,2010-03,3.1193871765746977
Mexico,CHN->Partner,2010-04,2.6381816969858587
Mexico,CHN->Partner,2010-05,2.8000000000000025
Mexico,CHN->Partner,2010-06,2.3000000000000025
Mexico,CHN->Partner,2010-07,3.11713431358932
Mexico,CHN->Partner,2010-08,2.0000033029434086
Mexico,CHN->Partner,2010-09,0.9477339475680573
Mexico,CHN->Partner,2010-10,4.499999999999998
Mexico,CHN->Partner,2010-11,2.917300943397109
Mexico,CHN->Partner,2010-12,0.6999999999999993
Mexico,CHN->Partner,2011-01,0.8786581745993107
Mexico,CHN->Partner,2011-02,1.0600444469209407
Mexico,CHN->Partner,2011-03,1.24420047482465
Mexico,CHN->Partner,2011-04,1.4311685522827844
Mexico,CHN->Partner,2011-05,1.6209916190936564
Mexico,CHN->Partner,2011-06,1.8137132707432677
Mexico,CHN->Partner,2011-07,1.0
Mexico,CHN->Partner,2011-08,3.799999999999997
Mexico,CHN->Partner,2011-09,0.9731053970848116
Mexico,CHN->Partner,2011-10,0.4999999999999982
Mexico,CHN->Partner,2011-11,0.7473401244707283
Mexico,CHN->Partner,2011-12,1.0
Mexico,CHN->Partner,2012-01,2.8060656963451347
Mexico,CHN->Partner,2012-02,4.883954167649813
Mexico,CHN->Partner,2012-03,4.0
Mexico,CHN->Partner,2012-04,2.466666666666665
Mexico,CHN->Partner,2012-05,2.8875343271552563
Mexico,CHN->Partner,2012-06,2.2063573474098668
Mexico,CHN->Partner,2012-07,4.499999999999998
Mexico,CHN->Partner,2012-08,4.271979108798034
Mexico,CHN->Partner,2012-09,4.047312638681522
Mexico,CHN->Partner,2012-10,3.8259512426772133
Mexico,CHN->Partner,2012-11,1.9000000000000004
Mexico,CHN->Partner,2012-12,3.289030607286165
Mexico,CHN->Partner,2013-01,1.8685663537163286
Mexico,CHN->Partner,2013-02,2.326147818529005
Mexico,CHN->Partner,2013-03,2.8000000000000025
Mexico,CHN->Partner,2013-04,2.240796330916666
Mexico,CHN->Partner,2013-05,3.2663187776620806
Mexico,CHN->Partner,2013-06,2.5807072826563235
Mexico,CHN->Partner,2013-07,2.6497236967475537
Mexico,CHN->Partner,2013-08,2.7190908484929324
Mexico,CHN->Partner,2013-09,1.0
Mexico,CHN->Partner,2013-10,3.400000000000004
Mexico,CHN->Partner,2013-11,3.696938456699071
Mexico,CHN->Partner,2013-12,4.0
Mexico,CHN->Partner,2014-01,3.990457999817009
Mexico,CHN->Partner,2014-02,3.9809220696185257
Mexico,CHN->Partner,2014-03,3.9713922055432143
Mexico,CHN->Partner,2014-04,3.9618684037322254
Mexico,CHN->Partner,2014-05,3.95235066032914
Mexico,CHN->Partner,2014-06,3.942838971480013
Mexico,CHN->Partner,2014-07,3.9333333333333282
Mexico,CHN->Partner,2014-08,3.390656518948088
Mexico,CHN->Partner,2014-09,2.867700561139058
Mexico,CHN->Partner,2014-10,3.9819891870205293
Mexico,CHN->Partner,2014-11,2.5536952779679023
Mexico,CHN->Partner,2014-12,2.4424898175185152
Mexico,CHN->Partner,2015-01,2.3321967764632525
Mexico,CHN->Partner,2015-02,2.222808668576656
Mexico,CHN->Partner,2015-03,2.1143180690562815
Mexico,CHN->Partner,2015-04,2.006717614018763
Mexico,CHN->Partner,2015-05,1.9000000000000004
Mexico,CHN->Partner,2015-06,2.910427743243556
Mexico,CHN->Partner,2015-07,4.0
Mexico,CHN->Partner,2015-08,1.7763568394002505e-15
Mexico,CHN->Partner,2015-09,0.9121786420452889
Mexico,CHN->Partner,2015-10,1.9000000000000004
Mexico,CHN->Partner,2015-11,2.8372446719719644
Mexico,CHN->Partner,2015-12,2.390997077034646
Mexico,CHN->Partner,2016-01,1.9591408526850493
Mexico,CHN->Partner,2016-02,1.5412118809094473
Mexico,CHN->Partner,2016-03,1.1367610113811324
Mexico,CHN->Partner,2016-04,0.7453535787563244
Mexico,CHN->Partner,2016-05,0.36656893553721304
Mexico,CHN->Partner,2016-06,1.7763568394002505e-15
Mexico,CHN->Partner,2016-07,0.7370256725802982
Mexico,CHN->Partner,2016-08,1.5234337853462794
Mexico,CHN->Partner,2016-09,2.386753226320792
Mexico,CHN->Partner,2016-10,3.3986291691214614
Mexico,CHN->Partner,2016-11,3.5
Mexico,CHN->Partner,2016-12,1.4418648119966324
Mexico,CHN->Partner,2017-01,1.2189352131828404
Mexico,CHN->Partner,2017-02,1.0
Mexico,CHN->Partner,2017-03,2.8000000000000025
Mexico,CHN->Partner,2017-04,1.5427269762201252
Mexico,CHN->Partner,2017-05,0.40000000000000036
Mexico,CHN->Partner,2017-06,3.6333333333333346
Mexico,CHN->Partner,2017-07,2.5
Mexico,CHN->Partner,2017-08,2.7881459082098523
Mexico,CHN->Partner,2017-09,3.0824420434136375
Mexico,CHN->Partner,2017-10,2.8000000000000025
Mexico,CHN->Partner,2017-11,2.1718407979000744
Mexico,CHN->Partner,2017-12,1.572274638059767
Mexico,CHN->Partner,2018-01,1.0
Mexico,CHN->Partner,2018-02,1.0
Mexico,CHN->Partner,2018-03,1.0
Mexico,CHN->Partner,2018-04,1.9879039657804114
Mexico,CHN->Partner,2018-05,3.0571374520278773
Mexico,CHN->Partner,2018-06,3.4558321153581346
Mexico,CHN->Partner,2018-07,3.8658347306174683
Mexico,CHN->Partner,2018-08,2.662170515779417
Mexico,CHN->Partner,2018-09,1.5559651768360165
Mexico,CHN->Partner,2018-10,0.5393276156109224
Mexico,CHN->Partner,2018-11,2.910427743243556
Mexico,CHN->Partner,2018-12,3.153097169973334
Mexico,CHN->Partner,2019-01,3.3999999999999986
Mexico,CHN->Partner,2019-02,2.8815586231786092
Mexico,CHN->Partner,2019-03,2.381782625607247
Mexico,CHN->Partner,2019-04,1.9000000000000004
Mexico,CHN->Partner,2019-05,1.6932102000350309
Mexico,CHN->Partner,2019-06,1.489735285447546
Mexico,CHN->Partner,2019-07,1.2895221179054435
Mexico,CHN->Partner,2019-08,1.4851620088066877
Mexico,CHN->Partner,2019-09,1.6839163387027636
Mexico,CHN->Partner,2019-10,1.8858346871053335
Mexico,CHN->Partner,2019-11,2.0909674227943604
Mexico,CHN->Partner,2019-12,2.299365716382672
Mexico,CHN->Partner,2020-01,2.511081553080503
Mexico,CHN->Partner,2020-02,2.726167745663311
Mexico,CHN->Partner,2020-03,2.9446779476459604
Mexico,CHN->Partner,2020-04,3.1666666666666643
Mexico,CHN->Partner,2020-05,3.6753025549745217
Mexico,CHN->Partner,2020-06,4.20220035859119
Mexico,CHN->Partner,2020-07,4.748015748023617
Mexico,CHN->Partner,2020-08,4.367690571192883
Mexico,CHN->Partner,2020-09,3.996550503295609
Mexico,CHN->Partner,2020-10,3.6343737177705666
Mexico,CHN->Partner,2020-11,3.2809437453172645
Mexico,CHN->Partner,2020-12,2.936049344514478
Mexico,CHN->Partner,2021-01,2.5994843755634225
Mexico,CHN->Partner,2021-02,4.8438361314815594
Mexico,CHN->Partner,2021-03,3.7000000000000064
Mexico,CHN->Partner,2021-04,3.462150224015696
Mexico,CHN->Partner,2021-05,3.1387182631188466
Mexico,CHN->Partner,2021-06,2.8225195442855355
Mexico,CHN->Partner,2021-07,2.5133923030735534
Mexico,CHN->Partner,2021-08,2.211178392745504
Mexico,CHN->Partner,2021-09,1.9157232033623774
Mexico,CHN->Partner,2021-10,2.69474708654176
Mexico,CHN->Partner,2021-11,4.873983318385099
Mexico,CHN->Partner,2021-12,7.400000000000002
Mexico,CHN->Partner,2022-01,4.990989342808575
Mexico,CHN->Partner,2022-02,2.8973771827074675
Mexico,CHN->Partner,2022-03,3.676830254927859
Mexico,CHN->Partner,2022-04,4.499999999999998
Mexico,CHN->Partner,2022-05,3.5393196643887297
Mexico,CHN->Partner,2022-06,2.6381816969858587
Mexico,CHN->Partner,2022-07,1.7928956989350233
Mexico,CHN->Partner,2022-08,1.0
Mexico,CHN->Partner,2022-09,0.40000000000000036
Mexico,CHN->Partner,2022-10,4.149999999999997
Mexico,CHN->Partner,2022-11,3.362916694547499
Mexico,CHN->Partner,2022-12,2.6167244867664152
Mexico,CHN->Partner,2023-01,1.9092989739954476
Mexico,CHN->Partner,2023-02,1.2386261220134749
Mexico,CHN->Partner,2023-03,0.6027965311018146
Mexico,CHN->Partner,2023-04,1.7763568394002505e-15
Mexico,Partner->CHN,2002-01,-5.0
Mexico,Partner->CHN,2002-02,1.0
Mexico,Partner->CHN,2002-03,1.7791176545001886
Mexico,Partner->CHN,2002-04,2.608820668963199
Mexico,Partner->CHN,2002-05,3.492393372306225
Mexico,Partner->CHN,2002-06,4.433333333333332
Mexico,Partner->CHN,2002-07,1.7763568394002505e-15
Mexico,Partner->CHN,2002-08,2.8000000000000025
Mexico,Partner->CHN,2002-09,2.8547811743963436
Mexico,Partner->CHN,2002-10,2.9097798108990798
Mexico,Partner->CHN,2002-11,2.7361544188627427
Mexico,Partner->CHN,2002-12,2.5646962629127863
Mexico,Partner->CHN,2003-01,2.3953782910598758
Mexico,Partner->CHN,2003-02,2.228173788984442
Mexico,Partner->CHN,2003-03,2.0630563758218283
Mexico,Partner->CHN,2003-04,1.9000000000000004
Mexico,Partner->CHN,2003-05,0.4999999999999982
Mexico,Partner->CHN,2003-06,0.8586874260087587
Mexico,Partner->CHN,2003-07,1.2285623885024641
Mexico,Partner->CHN,2003-08,1.609973829104165
Mexico,Partner->CHN,2003-09,2.0032815729997484
Mexico,Partner->CHN,2003-10,2.7913767016115223
Mexico,Partner->CHN,2003-11,6.399999999999999
Mexico,Partner->CHN,2003-12,1.9124057056189443
Mexico,Partner->CHN,2004-01,1.0919966332678595
Mexico,Partner->CHN,2004-02,0.3237134824019634
Mexico,Partner->CHN,2004-03,1.2868093245645795
Mexico,Partner->CHN,2004-04,2.3318176597121525
Mexico,Partner->CHN,2004-05,2.8000000000000025
Mexico,Partner->CHN,2004-06,1.5496938456699088
Mexico,Partner->CHN,2004-07,3.6999999999999993
Mexico,Partner->CHN,2004-08,1.8471220271423086
Mexico,Partner->CHN,2004-09,2.845319597833331
Mexico,Partner->CHN,2004-10,1.8832328707351067
Mexico,Partner->CHN,2004-11,1.809975295088531
Mexico,Partner->CHN,2004-12,7.9999999999999964
Mexico,Partner->CHN,2005-01,2.620108898039158
Mexico,Partner->CHN,2005-02,2.650000000000002
Mexico,Partner->CHN,2005-03,6.188730915329536
Mexico,Partner->CHN,2005-04,1.4418648119966324
Mexico,Partner->CHN,2005-05,2.819088952735843
Mexico,Partner->CHN,2005-06,2.350000000000003
Mexico,Partner->CHN,2005-07,2.266484679248153
Mexico,Partner->CHN,2005-08,2.3069047550030515
Mexico,Partner->CHN,2005-09,2.625277431433263
Mexico,Partner->CHN,2005-10,4.499999999999998
Mexico,Partner->CHN,2005-11,2.874571160800656
Mexico,Partner->CHN,2005-12,-1.8759972071023583
Mexico,Partner->CHN,2006-01,-5.0
Mexico,Partner->CHN,2006-02,2.2911472710537826
Mexico,Partner->CHN,2006-03,3.5
Mexico,Partner->CHN,2006-04,2.692052219230055
Mexico,Partner->CHN,2006-05,1.929123722353287
Mexico,Partner->CHN,2006-06,-1.9999999999999982
Mexico,Partner->CHN,2006-07,1.354101966249683
Mexico,Partner->CHN,2006-08,1.9000000000000004
Mexico,Partner->CHN,2006-09,-4.249999999999999
Mexico,Partner->CHN,2006-10,1.821023866459253
Mexico,Partner->CHN,2006-11,4.033229812666162
Mexico,Partner->CHN,2006-12,2.8000000000000025
Mexico,Partner->CHN,2007-01,4.0
Mexico,Partner->CHN,2007-02,-2.9999999999999982
Mexico,Partner->CHN,2007-03,1.8975184923497466
Mexico,Partner->CHN,2007-04,1.8199999999999985
Mexico,Partner->CHN,2007-05,-0.2936630162690985
Mexico,Partner->CHN,2007-06,1.5228615389288649
Mexico,Partner->CHN,2007-07,0.12563537213007514
Mexico,Partner->CHN,2007-08,-1.9999999999999982
Mexico,Partner->CHN,2007-09,1.7275222538366766
Mexico,Partner->CHN,2007-10,1.8552848455519513
Mexico,Partner->CHN,2007-11,1.9843299555387475
Mexico,Partner->CHN,2007-12,1.7763568394002505e-15
Mexico,Partner->CHN,2008-01,1.7279220613578534
Mexico,Partner->CHN,2008-02,-0.2971359649755083
Mexico,Partner->CHN,2008-03,-1.9999999999999982
Mexico,Partner->CHN,2008-04,3.133333333333331
Mexico,Partner->CHN,2008-05,4.775944983238768
Mexico,Partner->CHN,2008-06,7.9999999999999964
Mexico,Partner->CHN,2008-07,2.4623182961301033
Mexico,Partner->CHN,2008-08,2.8000000000000025
Mexico,Partner->CHN,2008-09,-0.9999999999999982
Mexico,Partner->CHN,2008-10,1.0
Mexico,Partner->CHN,2008-11,1.9000000000000004
Mexico,Partner->CHN,2008-12,-0.5
Mexico,Partner->CHN,2009-01,-4.999999999999999
Mexico,Partner->CHN,2009-02,2.8695517769218153
Mexico,Partner->CHN,2009-03,1.7763568394002505e-15
Mexico,Partner->CHN,2009-04,1.799999999999999
Mexico,Partner->CHN,2009-05,-0.2821235373091202
Mexico,Partner->CHN,2009-06,0.631214020335312
Mexico,Partner->CHN,2009-07,1.622382806685149
Mexico,Partner->CHN,2009-08,2.5
Mexico,Partner->CHN,2009-09,1.9000000000000004
Mexico,Partner->CHN,2009-10,7.9999999999999964
Mexico,Partner->CHN,2009-11,-1.0999999999999996
Mexico,Partner->CHN,2009-12,4.999999999999998
Mexico,Partner->CHN,2010-01,3.3249999999999993
Mexico,Partner->CHN,2010-02,-0.7999999999999972
Mexico,Partner->CHN,2010-03,0.7054790263854684
Mexico,Partner->CHN,2010-04,2.4331607095245076
Mexico,Partner->CHN,2010-05,1.3000000000000025
Mexico,Partner->CHN,2010-06,0.15697278409340143
Mexico,Partner->CHN,2010-07,2.5244059053930137
Mexico,Partner->CHN,2010-08,3.125
Mexico,Partner->CHN,2010-09,1.8221678241461223
Mexico,Partner->CHN,2010-10,0.46666666666666856
Mexico,Partner->CHN,2010-11,4.0
Mexico,Partner->CHN,2010-12,0.2426406871192821
Mexico,Partner->CHN,2011-01,-2.7868493181534966
Mexico,Partner->CHN,2011-02,-5.0
Mexico,Partner->CHN,2011-03,-5.0
Mexico,Partner->CHN,2011-04,-5.0
Mexico,Partner->CHN,2011-05,-5.0
Mexico,Partner->CHN,2011-06,-1.0801786149438453
Mexico,Partner->CHN,2011-07,-4.1
Mexico,Partner->CHN,2011-08,1.0
Mexico,Partner->CHN,2011-09,0.9166831312108936
Mexico,Partner->CHN,2011-10,1.0
Mexico,Partner->CHN,2011-11,1.4096736459908588
Mexico,Partner->CHN,2011-12,-4.1
Mexico,Partner->CHN,2012-01,-0.5752697876635633
Mexico,Partner->CHN,2012-02,4.750000000000002
Mexico,Partner->CHN,2012-03,-9.2
Mexico,Partner->CHN,2012-04,0.4970357252592361
Mexico,Partner->CHN,2012-05,1.0
Mexico,Partner->CHN,2012-06,2.765206495822831
Mexico,Partner->CHN,2012-07,1.7763568394002505e-15
Mexico,Partner->CHN,2012-08,1.845232578665133
Mexico,Partner->CHN,2012-09,4.0
Mexico,Partner->CHN,2012-10,2.754663186551957
Mexico,Partner->CHN,2012-11,4.600000000000005
Mexico,Partner->CHN,2012-12,4.935826725333644
Mexico,Partner->CHN,2013-01,1.4418648119966324
Mexico,Partner->CHN,2013-02,1.668861672413847
Mexico,Partner->CHN,2013-03,1.9000000000000004
Mexico,Partner->CHN,2013-04,3.6866046297522495
Mexico,Partner->CHN,2013-05,2.761030088026354
Mexico,Partner->CHN,2013-06,2.254672643985499
Mexico,Partner->CHN,2013-07,2.2618797868204794
Mexico,Partner->CHN,2013-08,2.2690908484929313
Mexico,Partner->CHN,2013-09,1.0
Mexico,Partner->CHN,2013-10,0.37646000997355245
Mexico,Partner->CHN,2013-11,4.0
Mexico,Partner->CHN,2013-12,4.0
Mexico,Partner->CHN,2014-01,3.8285057012409567
Mexico,Partner->CHN,2014-02,3.6589720887823773
Mexico,Partner->CHN,2014-03,3.4913767461894363
Mexico,Partner->CHN,2014-04,3.3256975133133793
Mexico,Partner->CHN,2014-05,3.1619124833613963
Mexico,Partner->CHN,2014-06,2.9999999999999964
Mexico,Partner->CHN,2014-07,4.533333333333333
Mexico,Partner->CHN,2014-08,-5.0
Mexico,Partner->CHN,2014-09,2.4954529791364646
Mexico,Partner->CHN,2014-10,4.1564949441407055
Mexico,Partner->CHN,2014-11,2.6796626363330915
Mexico,Partner->CHN,2014-12,2.78561895026351
Mexico,Partner->CHN,2015-01,2.892395952595402
Mexico,Partner->CHN,2015-02,2.9999999999999964
Mexico,Partner->CHN,2015-03,2.444951878992608
Mexico,Partner->CHN,2015-04,1.9119093591733503
Mexico,Partner->CHN,2015-05,1.4000000000000004
Mexico,Partner->CHN,2015-06,2.6381816969858587
Mexico,Partner->CHN,2015-07,4.0
Mexico,Partner->CHN,2015-08,3.5888323932828374
Mexico,Partner->CHN,2015-09,3.1889353732865846
Mexico,Partner->CHN,2015-10,2.8000000000000025
Mexico,Partner->CHN,2015-11,2.8372446719719644
Mexico,Partner->CHN,2015-12,1.3373291838911232
Mexico,Partner->CHN,2016-01,1.7763568394002505e-15
Mexico,Partner->CHN,2016-02,1.0332411670431156
Mexico,Partner->CHN,2016-03,2.1635357258382815
Mexico,Partner->CHN,2016-04,3.3999999999999986
Mexico,Partner->CHN,2016-05,3.2105144561281502
Mexico,Partner->CHN,2016-06,3.0235222991546653
Mexico,Partner->CHN,2016-07,2.8389907193036663
Mexico,Partner->CHN,2016-08,2.6568873385338936
Mexico,Partner->CHN,2016-09,1.622295806597485
Mexico,Partner->CHN,2016-10,3.2666666666666693
Mexico,Partner->CHN,2016-11,1.7499999999999964
Mexico,Partner->CHN,2016-12,1.8685663537163286
Mexico,Partner->CHN,2017-01,1.4266969160994627
Mexico,Partner->CHN,2017-02,1.0
Mexico,Partner->CHN,2017-03,1.0327001910780922
Mexico,Partner->CHN,2017-04,-5.0
Mexico,Partner->CHN,2017-05,0.5166205835215578
Mexico,Partner->CHN,2017-06,3.5
Mexico,Partner->CHN,2017-07,2.5
Mexico,Partner->CHN,2017-08,1.4404338603573095
Mexico,Partner->CHN,2017-09,2.482994080956882
Mexico,Partner->CHN,2017-10,2.6999999999999993
Mexico,Partner->CHN,2017-11,2.531263619896434
Mexico,Partner->CHN,2017-12,2.364605485484148
Mexico,Partner->CHN,2018-01,2.1999999999999993
Mexico,Partner->CHN,2018-02,1.7763568394002505e-15
Mexico,Partner->CHN,2018-03,1.0
Mexico,Partner->CHN,2018-04,0.7417845116026864
Mexico,Partner->CHN,2018-05,0.48912529307605546
Mexico,Partner->CHN,2018-06,0.2419027848419244
Mexico,Partner->CHN,2018-07,1.7763568394002505e-15
Mexico,Partner->CHN,2018-08,1.7763568394002505e-15
Mexico,Partner->CHN,2018-09,1.7763568394002505e-15
Mexico,Partner->CHN,2018-10,1.194347108260006
Mexico,Partner->CHN,2018-11,1.4000000000000004
Mexico,Partner->CHN,2018-12,0.9145785594793239
Mexico,Partner->CHN,2019-01,0.4481598588713158
Mexico,Partner->CHN,2019-02,1.7763568394002505e-15
Mexico,Partner->CHN,2019-03,0.702563821658913
Mexico,Partner->CHN,2019-04,1.4499999999999993
Mexico,Partner->CHN,2019-05,2.665650368716447
Mexico,Partner->CHN,2019-06,4.0
Mexico,Partner->CHN,2019-07,1.147288270665543
Mexico,Partner->CHN,2019-08,1.3578466028509162
Mexico,Partner->CHN,2019-09,1.5720547052783989
Mexico,Partner->CHN,2019-10,1.789975842235302
Mexico,Partner->CHN,2019-11,2.0116743746176837
Mexico,Partner->CHN,2019-12,2.2372157789387384
Mexico,Partner->CHN,2020-01,2.466666666666665
Mexico,Partner->CHN,2020-02,2.71484273301591
Mexico,Partner->CHN,2020-03,2.9675924151999578
Mexico,Partner->CHN,2020-04,3.2249999999999996
Mexico,Partner->CHN,2020-05,1.7763568394002505e-15
Mexico,Partner->CHN,2020-06,1.5565388012249102
Mexico,Partner->CHN,2020-07,3.333333333333334
Mexico,Partner->CHN,2020-08,1.7763568394002505e-15
Mexico,Partner->CHN,2020-09,0.3618031750460773
Mexico,Partner->CHN,2020-10,0.7355064898624661
Mexico,Partner->CHN,2020-11,1.1215013542993884
Mexico,Partner->CHN,2020-12,1.520192052145827
Mexico,Partner->CHN,2021-01,1.9319961645688295
Mexico,Partner->CHN,2021-02,2.3573450074801645
Mexico,Partner->CHN,2021-03,3.3999999999999986
Mexico,Partner->CHN,2021-04,2.9499999999999993
Mexico,Partner->CHN,2021-05,4.8999223594996195
Mexico,Partner->CHN,2021-06,3.901152045970372
Mexico,Partner->CHN,2021-07,2.9651205381178336
Mexico,Partner->CHN,2021-08,2.0878868320050366
Mexico,Partner->CHN,2021-09,1.2657574819942763
Mexico,Partner->CHN,2021-10,2.1999999999999993
Mexico,Partner->CHN,2021-11,1.7763568394002505e-15
Mexico,Partner->CHN,2021-12,1.0892217995869853
Mexico,Partner->CHN,2022-01,2.2862985199644683
Mexico,Partner->CHN,2022-02,3.601909973034065
Mexico,Partner->CHN,2022-03,3.5508657683656075
Mexico,Partner->CHN,2022-04,3.5
Mexico,Partner->CHN,2022-05,2.561836849611918
Mexico,Partner->CHN,2022-06,1.6843737058959807
Mexico,Partner->CHN,2022-07,0.8636832233702467
Mexico,Partner->CHN,2022-08,0.09609215936726301
Mexico,Partner->CHN,2022-09,1.3744119779191255
Mexico,Partner->CHN,2022-10,2.8000000000000025
Mexico,Partner->CHN,2022-11,2.85480028822699
Mexico,Partner->CHN,2022-12,2.9098181903372993
Mexico,Partner->CHN,2023-01,2.965054570483348
Mexico,Partner->CHN,2023-02,3.020510296249153
Mexico,Partner->CHN,2023-03,3.0761862386639347
Mexico,Partner->CHN,2023-04,3.1320832722157856
Netherlands,Aggregated,2002-01,-5.0
Netherlands,Aggregated,2002-02,-3.5876037889539454
Netherlands,Aggregated,2002-03,-1.8427304017450101
Netherlands,Aggregated,2002-04,0.31288507893875384
Netherlands,Aggregated,2002-05,-2.7612312525698037
Netherlands,Aggregated,2002-06,-5.0
Netherlands,Aggregated,2002-07,-3.637579596881616
Netherlands,Aggregated,2002-08,-1.9657943012910195
Netherlands,Aggregated,2002-09,0.08560339369056003
Netherlands,Aggregated,2002-10,-4.063960046551918
Netherlands,Aggregated,2002-11,-5.0
Netherlands,Aggregated,2002-12,-2.0526830027894096
Netherlands,Aggregated,2003-01,2.3424135747622508
Netherlands,Aggregated,2003-02,-0.8995409711971671
Netherlands,Aggregated,2003-03,-3.3537617822386725
Netherlands,Aggregated,2003-04,-1.7094117843534224
Netherlands,Aggregated,2003-05,0.28856137286060957
Netherlands,Aggregated,2003-06,2.716205573962359
Netherlands,Aggregated,2003-07,1.5710119752671012
Netherlands,Aggregated,2003-08,0.5214328941161188
Netherlands,Aggregated,2003-09,1.4096736459908588
Netherlands,Aggregated,2003-10,1.6269333538330635
Netherlands,Aggregated,2003-11,3.210938517737702
Netherlands,Aggregated,2003-12,4.993651656806794
Netherlands,Aggregated,2004-01,6.9999999999999964
Netherlands,Aggregated,2004-02,2.2928552237658852
Netherlands,Aggregated,2004-03,2.322787214061089
Netherlands,Aggregated,2004-04,1.5071859424655099
Netherlands,Aggregated,2004-05,1.5766140773162771
Netherlands,Aggregated,2004-06,1.64642761188294
Netherlands,Aggregated,2004-07,3.3978091844904714
Netherlands,Aggregated,2004-08,1.7506094146850817
Netherlands,Aggregated,2004-09,0.29185964077002247
Netherlands,Aggregated,2004-10,-0.9999999999999982
Netherlands,Aggregated,2004-11,0.4999999999999982
Netherlands,Aggregated,2004-12,3.1974957626602194
Netherlands,Aggregated,2005-01,0.40000000000000036
Netherlands,Aggregated,2005-02,6.9999999999999964
Netherlands,Aggregated,2005-03,4.0
Netherlands,Aggregated,2005-04,1.1761039066258103
Netherlands,Aggregated,2005-05,1.4972813232690143
Netherlands,Aggregated,2005-06,1.0
Netherlands,Aggregated,2005-07,2.0
Netherlands,Aggregated,2005-08,4.716233645501706
Netherlands,Aggregated,2005-09,7.9999999999999964
Netherlands,Aggregated,2005-10,3.5
Netherlands,Aggregated,2005-11,2.224407702624614
Netherlands,Aggregated,2005-12,1.061031661050837
Netherlands,Aggregated,2006-01,1.7763568394002505e-15
Netherlands,Aggregated,2006-02,1.0
Netherlands,Aggregated,2006-03,0.48912529307605546
Netherlands,Aggregated,2006-04,1.7763568394002505e-15
Netherlands,Aggregated,2006-05,1.9331838778298849
Netherlands,Aggregated,2006-06,1.6985638466605675
Netherlands,Aggregated,2006-07,1.4682000419197756
Netherlands,Aggregated,2006-08,1.2420152516860927
Netherlands,Aggregated,2006-09,1.0199336647344488
Netherlands,Aggregated,2006-10,0.6616080582843811
Netherlands,Aggregated,2006-11,-5.0
Netherlands,Aggregated,2006-12,-4.158385394902849
Netherlands,Aggregated,2007-01,-3.1987182658868925
Netherlands,Aggregated,2007-02,-2.104439491569023
Netherlands,Aggregated,2007-03,-0.8566672174988668
Netherlands,Aggregated,2007-04,0.5661289515200814
Netherlands,Aggregated,2007-05,2.326637164340104
Netherlands,Aggregated,2007-06,7.9999999999999964
Netherlands,Aggregated,2007-07,1.7763568394002505e-15
Netherlands,Aggregated,2007-08,-2.5477701692441936
Netherlands,Aggregated,2007-09,-4.505437353461973
Netherlands,Aggregated,2007-10,1.5857061780418178
Netherlands,Aggregated,2007-11,1.7763568394002505e-15
Netherlands,Aggregated,2007-12,3.3999999999999986
Netherlands,Aggregated,2008-01,4.51192976822956
Netherlands,Aggregated,2008-02,5.709719801006003
Netherlands,Aggregated,2008-03,6.9999999999999964
Netherlands,Aggregated,2008-04,4.381186616860594
Netherlands,Aggregated,2008-05,2.143383430149532
Netherlands,Aggregated,2008-06,3.3999999999999986
Netherlands,Aggregated,2008-07,2.643444176112993
Netherlands,Aggregated,2008-08,1.9266367351883087
Netherlands,Aggregated,2008-09,2.5759514150956644
Netherlands,Aggregated,2008-10,2.6647492571942752
Netherlands,Aggregated,2008-11,2.921934475223834
Netherlands,Aggregated,2008-12,3.183960194540898
Netherlands,Aggregated,2009-01,3.4509175185646086
Netherlands,Aggregated,2009-02,3.722899265378036
Netherlands,Aggregated,2009-03,4.0
Netherlands,Aggregated,2009-04,-1.5384750970905987
Netherlands,Aggregated,2009-05,-0.1612037184571129
Netherlands,Aggregated,2009-06,1.41655082434578
Netherlands,Aggregated,2009-07,-4.98209274315059
Netherlands,Aggregated,2009-08,-1.8211819063731447
Netherlands,Aggregated,2009-09,2.9999999999999964
Netherlands,Aggregated,2009-10,4.591092632743139
Netherlands,Aggregated,2009-11,6.363012105912674
Netherlands,Aggregated,2009-12,5.688560945945362
Netherlands,Aggregated,2010-01,5.0403082568658455
Netherlands,Aggregated,2010-02,4.417236381773819
Netherlands,Aggregated,2010-03,3.8183671937694683
Netherlands,Aggregated,2010-04,3.2427605604448253
Netherlands,Aggregated,2010-05,2.6895128680206764
Netherlands,Aggregated,2010-06,2.5680294263311314
Netherlands,Aggregated,2010-07,2.447624052703393
Netherlands,Aggregated,2010-08,2.3282871801484966
Netherlands,Aggregated,2010-09,2.210009326576836
Netherlands,Aggregated,2010-10,2.2760463904603263
Netherlands,Aggregated,2010-11,2.3424135747622508
Netherlands,Aggregated,2010-12,2.7926829919364113
Netherlands,Aggregated,2011-01,3.258147751910153
Netherlands,Aggregated,2011-02,3.739320655317922
Netherlands,Aggregated,2011-03,4.236731808391953
Netherlands,Aggregated,2011-04,4.750929206978132
Netherlands,Aggregated,2011-05,5.282479340260807
Netherlands,Aggregated,2011-06,5.831967814861631
Netherlands,Aggregated,2011-07,6.399999999999999
Netherlands,Aggregated,2011-08,5.0074128028362495
Netherlands,Aggregated,2011-09,3.7262795770348145
Netherlands,Aggregated,2011-10,2.5476802436536268
Netherlands,Aggregated,2011-11,2.1890433639866416
Netherlands,Aggregated,2011-12,1.839900390962267
Netherlands,Aggregated,2012-01,1.5000000000000018
Netherlands,Aggregated,2012-02,-0.9999999999999982
Netherlands,Aggregated,2012-03,0.13826281782488614
Netherlands,Aggregated,2012-04,1.4060898598940277
Netherlands,Aggregated,2012-05,2.8182289401051968
Netherlands,Aggregated,2012-06,2.0523123786177653
Netherlands,Aggregated,2012-07,1.3288490274298184
Netherlands,Aggregated,2012-08,0.6454857907142717
Netherlands,Aggregated,2012-09,1.7763568394002505e-15
Netherlands,Aggregated,2012-10,2.9020900028148837
Netherlands,Aggregated,2012-11,1.96993975879324
Netherlands,Aggregated,2012-12,1.7852630569052312
Netherlands,Aggregated,2013-01,1.6032159342484675
Netherlands,Aggregated,2013-02,1.4237609487045724
Netherlands,Aggregated,2013-03,1.2468611912869463
Netherlands,Aggregated,2013-04,1.0724802785495715
Netherlands,Aggregated,2013-05,0.900582345103965
Netherlands,Aggregated,2013-06,0.7311320362426255
Netherlands,Aggregated,2013-07,1.2453559760089998
Netherlands,Aggregated,2013-08,1.7821204736185514
Netherlands,Aggregated,2013-09,2.3424135747622508
Netherlands,Aggregated,2013-10,2.2172831121701684
Netherlands,Aggregated,2013-11,2.093326172837637
Netherlands,Aggregated,2013-12,2.3040127931612098
Netherlands,Aggregated,2014-01,2.51808960260842
Netherlands,Aggregated,2014-02,2.7356111532067047
Netherlands,Aggregated,2014-03,2.9566328747881467
Netherlands,Aggregated,2014-04,2.5244102349816355
Netherlands,Aggregated,2014-05,2.9999999999999964
Netherlands,Aggregated,2014-06,3.198591479439079
Netherlands,Aggregated,2014-07,3.3999999999999986
Netherlands,Aggregated,2014-08,3.198591479439079
Netherlands,Aggregated,2014-09,2.9999999999999964
Netherlands,Aggregated,2014-10,0.8267085221532628
Netherlands,Aggregated,2014-11,4.499999999999998
Netherlands,Aggregated,2014-12,3.3999999999999986
Netherlands,Aggregated,2015-01,3.4253983373300283
Netherlands,Aggregated,2015-02,3.450841471572497
Netherlands,Aggregated,2015-03,3.476329481739011
Netherlands,Aggregated,2015-04,2.3424135747622508
Netherlands,Aggregated,2015-05,2.1700940190990785
Netherlands,Aggregated,2015-06,2.0
Netherlands,Aggregated,2015-07,-0.6666666666666643
Netherlands,Aggregated,2015-08,1.7763568394002505e-15
Netherlands,Aggregated,2015-09,0.11559699450259942
Netherlands,Aggregated,2015-10,0.23240877674502336
Netherlands,Aggregated,2015-11,3.171206787381127
Netherlands,Aggregated,2015-12,3.334660736028127
Netherlands,Aggregated,2016-01,3.5
Netherlands,Aggregated,2016-02,1.0
Netherlands,Aggregated,2016-03,2.3424135747622508
Netherlands,Aggregated,2016-04,3.123352397454921
Netherlands,Aggregated,2016-05,3.950000000000001
Netherlands,Aggregated,2016-06,2.1909059582729196
Netherlands,Aggregated,2016-07,-2.7936696141120017
Netherlands,Aggregated,2016-08,-3.949499030645967
Netherlands,Aggregated,2016-09,-4.601449851967882
Netherlands,Aggregated,2016-10,-3.666666666666666
Netherlands,Aggregated,2016-11,-2.8759615953640374
Netherlands,Aggregated,2016-12,-1.9999999999999982
Netherlands,Aggregated,2017-01,-4.683640402343621
Netherlands,Aggregated,2017-02,3.3999999999999986
Netherlands,Aggregated,2017-03,3.4332564691553973
Netherlands,Aggregated,2017-04,2.3424135747622508
Netherlands,Aggregated,2017-05,0.70138050771601
Netherlands,Aggregated,2017-06,-0.7378157992830712
Netherlands,Aggregated,2017-07,-1.9999999999999982
Netherlands,Aggregated,2017-08,-4.000000000000001
Netherlands,Aggregated,2017-09,3.5
Netherlands,Aggregated,2017-10,3.5
Netherlands,Aggregated,2017-11,3.5
Netherlands,Aggregated,2017-12,3.747881203752627
Netherlands,Aggregated,2018-01,4.0
Netherlands,Aggregated,2018-02,3.0364640510831524
Netherlands,Aggregated,2018-03,2.1838441751304796
Netherlands,Aggregated,2018-04,1.3830151668937773
Netherlands,Aggregated,2018-05,1.9863229102667201
Netherlands,Aggregated,2018-06,2.27291634012815
Netherlands,Aggregated,2018-07,2.5658345622042305
Netherlands,Aggregated,2018-08,2.86521715749155
Netherlands,Aggregated,2018-09,3.171206787381127
Netherlands,Aggregated,2018-10,2.5228249374255807
Netherlands,Aggregated,2018-11,1.1963549600559507
Netherlands,Aggregated,2018-12,1.7763568394002505e-15
Netherlands,Aggregated,2019-01,2.1981478882877408
Netherlands,Aggregated,2019-02,4.835555243737655
Netherlands,Aggregated,2019-03,7.9999999999999964
Netherlands,Aggregated,2019-04,1.7763568394002505e-15
Netherlands,Aggregated,2019-05,1.6967679270838492
Netherlands,Aggregated,2019-06,3.8385551804978366
Netherlands,Aggregated,2019-07,-4.683640402343621
Netherlands,Aggregated,2019-08,1.7763568394002505e-15
Netherlands,Aggregated,2019-09,3.0712472794702883
Netherlands,Aggregated,2019-10,6.9999999999999964
Netherlands,Aggregated,2019-11,1.223431108477934
Netherlands,Aggregated,2019-12,-1.7499179593181147
Netherlands,Aggregated,2020-01,-4.000000000000001
Netherlands,Aggregated,2020-02,-0.7027106486778596
Netherlands,Aggregated,2020-03,4.147738283550341
Netherlands,Aggregated,2020-04,1.4456474720397754
Netherlands,Aggregated,2020-05,1.7763568394002505e-15
Netherlands,Aggregated,2020-06,0.01374765762580843
Netherlands,Aggregated,2020-07,-4.000000000000001
Netherlands,Aggregated,2020-08,2.0805564569812987
Netherlands,Aggregated,2020-09,2.3424135747622508
Netherlands,Aggregated,2020-10,-1.3357930991034888
Netherlands,Aggregated,2020-11,-4.000000000000001
Netherlands,Aggregated,2020-12,-1.202564524152832
Netherlands,Aggregated,2021-01,-1.4155473493595299
Netherlands,Aggregated,2021-02,-1.6239002197229588
Netherlands,Aggregated,2021-03,1.0
Netherlands,Aggregated,2021-04,-0.21291636474881237
Netherlands,Aggregated,2021-05,-1.3032355538413345
Netherlands,Aggregated,2021-06,-2.2833492439963603
Netherlands,Aggregated,2021-07,-3.1643966063094364
Netherlands,Aggregated,2021-08,1.296462360089345
Netherlands,Aggregated,2021-09,4.0
Netherlands,Aggregated,2021-10,3.5669749830672295
Netherlands,Aggregated,2021-11,3.146450677153773
Netherlands,Aggregated,2021-12,-0.9626728383945817
Netherlands,Aggregated,2022-01,1.4744167434074775
Netherlands,Aggregated,2022-02,0.72495674727538
Netherlands,Aggregated,2022-03,0.9653914632775447
Netherlands,Aggregated,2022-04,1.0
Netherlands,Aggregated,2022-05,4.499999999999998
Netherlands,Aggregated,2022-06,-3.366181589636339
Netherlands,Aggregated,2022-07,-0.15018611077249666
Netherlands,Aggregated,2022-08,2.2773839303945316
Netherlands,Aggregated,2022-09,0.2760416503142018
Netherlands,Aggregated,2022-10,-1.4236319469115184
Netherlands,Aggregated,2022-11,0.9900640050387093
Netherlands,Aggregated,2022-12,-2.1666666666666643
Netherlands,Aggregated,2023-01,1.4591832203187831
Netherlands,Aggregated,2023-02,0.9240383034426891
Netherlands,Aggregated,2023-03,0.8850683774214527
Netherlands,Aggregated,2023-04,-0.40000000000000036
Netherlands,CHN->Partner,2002-01,
Netherlands,CHN->Partner,2002-02,
Netherlands,CHN->Partner,2002-03,
Netherlands,CHN->Partner,2002-04,0.44768496788652534
Netherlands,CHN->Partner,2002-05,0.7244391670193249
Netherlands,CHN->Partner,2002-06,1.0078840540032008
Netherlands,CHN->Partner,2002-07,1.2981813799662802
Netherlands,CHN->Partner,2002-08,1.5954968064608295
Netherlands,CHN->Partner,2002-09,1.9000000000000004
Netherlands,CHN->Partner,2002-10,-4.063960046551918
Netherlands,CHN->Partner,2002-11,-5.0
Netherlands,CHN->Partner,2002-12,-1.9005494671381413
Netherlands,CHN->Partner,2003-01,2.8000000000000025
Netherlands,CHN->Partner,2003-02,3.3527553247937103
Netherlands,CHN->Partner,2003-03,3.927651116912619
Netherlands,CHN->Partner,2003-04,4.525574206879009
Netherlands,CHN->Partner,2003-05,5.1474469469755455
Netherlands,CHN->Partner,2003-06,5.794228634059941
Netherlands,CHN->Partner,2003-07,2.7359265191948197
Netherlands,CHN->Partner,2003-08,0.23455452774241792
Netherlands,CHN->Partner,2003-09,1.6082888040984873
Netherlands,CHN->Partner,2003-10,3.150000000000004
Netherlands,CHN->Partner,2003-11,3.4760559982957115
Netherlands,CHN->Partner,2003-12,3.8096252484659434
Netherlands,CHN->Partner,2004-01,4.15088087707187
Netherlands,CHN->Partner,2004-02,4.499999999999998
Netherlands,CHN->Partner,2004-03,2.422823736019888
Netherlands,CHN->Partner,2004-04,1.1993533703611217
Netherlands,CHN->Partner,2004-05,1.951490603110729
Netherlands,CHN->Partner,2004-06,2.7500000000000018
Netherlands,CHN->Partner,2004-07,2.7006049392850073
Netherlands,CHN->Partner,2004-08,2.1085174847848958
Netherlands,CHN->Partner,2004-09,1.5420177729669433
Netherlands,CHN->Partner,2004-10,1.0
Netherlands,CHN->Partner,2004-11,-1.4999999999999982
Netherlands,CHN->Partner,2004-12,3.1218743493305183
Netherlands,CHN->Partner,2005-01,2.7039962077572657
Netherlands,CHN->Partner,2005-02,2.298483431919834
Netherlands,CHN->Partner,2005-03,1.9049701202441263
Netherlands,CHN->Partner,2005-04,1.5231011984914247
Netherlands,CHN->Partner,2005-05,1.625
Netherlands,CHN->Partner,2005-06,1.0
Netherlands,CHN->Partner,2005-07,2.0
Netherlands,CHN->Partner,2005-08,4.716233645501706
Netherlands,CHN->Partner,2005-09,7.9999999999999964
Netherlands,CHN->Partner,2005-10,3.5
Netherlands,CHN->Partner,2005-11,2.8299723931379344
Netherlands,CHN->Partner,2005-12,2.1909059582729196
Netherlands,CHN->Partner,2006-01,1.5813700167857299
Netherlands,CHN->Partner,2006-02,1.0
Netherlands,CHN->Partner,2006-03,1.3731367453122871
Netherlands,CHN->Partner,2006-04,1.7578760765164212
Netherlands,CHN->Partner,2006-05,2.1545787728738244
Netherlands,CHN->Partner,2006-06,2.152268816311727
Netherlands,CHN->Partner,2006-07,2.149959265380211
Netherlands,CHN->Partner,2006-08,2.147650120008036
Netherlands,CHN->Partner,2006-09,2.145341380123984
Netherlands,CHN->Partner,2006-10,1.3232161165687568
Netherlands,CHN->Partner,2006-11,-5.0
Netherlands,CHN->Partner,2006-12,-3.862157127326709
Netherlands,CHN->Partner,2007-01,-2.5085331875045167
Netherlands,CHN->Partner,2007-02,-0.8982073556478891
Netherlands,CHN->Partner,2007-03,1.0175014379520295
Netherlands,CHN->Partner,2007-04,3.2965061643711575
Netherlands,CHN->Partner,2007-05,3.3257061696250574
Netherlands,CHN->Partner,2007-06,7.9999999999999964
Netherlands,CHN->Partner,2007-07,1.7763568394002505e-15
Netherlands,CHN->Partner,2007-08,-2.383156030192957
Netherlands,CHN->Partner,2007-09,-4.249999999999999
Netherlands,CHN->Partner,2007-10,3.3999999999999986
Netherlands,CHN->Partner,2007-11,1.7763568394002505e-15
Netherlands,CHN->Partner,2007-12,3.3999999999999986
Netherlands,CHN->Partner,2008-01,3.323596106758723
Netherlands,CHN->Partner,2008-02,3.2475975992745596
Netherlands,CHN->Partner,2008-03,3.172002326641252
Netherlands,CHN->Partner,2008-04,3.096808149364877
Netherlands,CHN->Partner,2008-05,3.022012939303293
Netherlands,CHN->Partner,2008-06,2.9476145796059097
Netherlands,CHN->Partner,2008-07,2.87361096465378
Netherlands,CHN->Partner,2008-08,2.8000000000000025
Netherlands,CHN->Partner,2008-09,2.145341380123984
Netherlands,CHN->Partner,2008-10,1.7450360886716911
Netherlands,CHN->Partner,2008-11,2.167129516266641
Netherlands,CHN->Partner,2008-12,2.6032019440291236
Netherlands,CHN->Partner,2009-01,3.0537163321307865
Netherlands,CHN->Partner,2009-02,3.5191509731788972
Netherlands,CHN->Partner,2009-03,4.0
Netherlands,CHN->Partner,2009-04,3.180370761270929
Netherlands,CHN->Partner,2009-05,2.4055276618071595
Netherlands,CHN->Partner,2009-06,1.6730234996599265
Netherlands,CHN->Partner,2009-07,1.0640046894643564
Netherlands,CHN->Partner,2009-08,1.9960019102992224
Netherlands,CHN->Partner,2009-09,2.9999999999999964
Netherlands,CHN->Partner,2009-10,4.591092632743139
Netherlands,CHN->Partner,2009-11,6.363012105912674
Netherlands,CHN->Partner,2009-12,5.804726034939851
Netherlands,CHN->Partner,2010-01,5.2643909585952
Netherlands,CHN->Partner,2010-02,4.741429684960659
Netherlands,CHN->Partner,2010-03,4.235283581006785
Netherlands,CHN->Partner,2010-04,3.7454119758547773
Netherlands,CHN->Partner,2010-05,3.2712915832258815
Netherlands,CHN->Partner,2010-06,3.268278484092427
Netherlands,CHN->Partner,2010-07,3.2652660211148827
Netherlands,CHN->Partner,2010-08,3.2622541941589223
Netherlands,CHN->Partner,2010-09,3.259243003090271
Netherlands,CHN->Partner,2010-10,3.02774227887887
Netherlands,CHN->Partner,2010-11,2.8000000000000025
Netherlands,CHN->Partner,2010-12,3.205707122813985
Netherlands,CHN->Partner,2011-01,3.623341656461447
Netherlands,CHN->Partner,2011-02,4.053254255691067
Netherlands,CHN->Partner,2011-03,4.495805884173949
Netherlands,CHN->Partner,2011-04,4.951368117576283
Netherlands,CHN->Partner,2011-05,5.420323455542114
Netherlands,CHN->Partner,2011-06,5.9030656428481265
Netherlands,CHN->Partner,2011-07,6.399999999999999
Netherlands,CHN->Partner,2011-08,5.044925744987076
Netherlands,CHN->Partner,2011-09,3.795381733456839
Netherlands,CHN->Partner,2011-10,2.643149498968574
Netherlands,CHN->Partner,2011-11,1.6236800453554316
Netherlands,CHN->Partner,2011-12,0.6803893338229887
Netherlands,CHN->Partner,2012-01,-0.192415008974951
Netherlands,CHN->Partner,2012-02,-0.9999999999999982
Netherlands,CHN->Partner,2012-03,0.1060744663806652
Netherlands,CHN->Partner,2012-04,1.334489005279254
Netherlands,CHN->Partner,2012-05,2.6987753397384946
Netherlands,CHN->Partner,2012-06,2.611342957918744
Netherlands,CHN->Partner,2012-07,2.5244686129454355
Netherlands,CHN->Partner,2012-08,2.438148743150503
Netherlands,CHN->Partner,2012-09,2.352379809598217
Netherlands,CHN->Partner,2012-10,2.267158295940094
Netherlands,CHN->Partner,2012-11,3.939879517586478
Netherlands,CHN->Partner,2012-12,3.771448813683806
Netherlands,CHN->Partner,2013-01,3.604916980651133
Netherlands,CHN->Partner,2013-02,3.440262610808629
Netherlands,CHN->Partner,2013-03,3.277464537824514
Netherlands,CHN->Partner,2013-04,3.116501833994109
Netherlands,CHN->Partner,2013-05,2.957353807549582
Netherlands,CHN->Partner,2013-06,2.8000000000000025
Netherlands,CHN->Partner,2013-07,2.8000000000000025
Netherlands,CHN->Partner,2013-08,2.8000000000000025
Netherlands,CHN->Partner,2013-09,2.8000000000000025
Netherlands,CHN->Partner,2013-10,2.234270416013521
Netherlands,CHN->Partner,2013-11,1.691732858273241
Netherlands,CHN->Partner,2013-12,1.9472398457964353
Netherlands,CHN->Partner,2014-01,2.207890640032403
Netherlands,CHN->Partner,2014-02,2.473788794890794
Netherlands,CHN->Partner,2014-03,2.7450399490042514
Netherlands,CHN->Partner,2014-04,2.207999851443269
Netherlands,CHN->Partner,2014-05,2.593945807850446
Netherlands,CHN->Partner,2014-06,2.9911693447347822
Netherlands,CHN->Partner,2014-07,3.3999999999999986
Netherlands,CHN->Partner,2014-08,3.939879517586478
Netherlands,CHN->Partner,2014-09,4.499999999999998
Netherlands,CHN->Partner,2014-10,0.7209324059983171
Netherlands,CHN->Partner,2014-11,4.499999999999998
Netherlands,CHN->Partner,2014-12,3.3999999999999986
Netherlands,CHN->Partner,2015-01,3.353684536525039
Netherlands,CHN->Partner,2015-02,3.3075180398665243
Netherlands,CHN->Partner,2015-03,3.2615000308948066
Netherlands,CHN->Partner,2015-04,2.8000000000000025
Netherlands,CHN->Partner,2015-05,2.4370312864181223
Netherlands,CHN->Partner,2015-06,2.083609405230389
Netherlands,CHN->Partner,2015-07,1.7394832548808044
Netherlands,CHN->Partner,2015-08,1.404408338306748
Netherlands,CHN->Partner,2015-09,1.0781465892270656
Netherlands,CHN->Partner,2015-10,0.760466202999158
Netherlands,CHN->Partner,2015-11,1.9000000000000004
Netherlands,CHN->Partner,2015-12,2.6766223900493795
Netherlands,CHN->Partner,2016-01,3.5
Netherlands,CHN->Partner,2016-02,1.0
Netherlands,CHN->Partner,2016-03,1.9000000000000004
Netherlands,CHN->Partner,2016-04,1.9962487411503158
Netherlands,CHN->Partner,2016-05,2.0932156078954325
Netherlands,CHN->Partner,2016-06,2.1909059582729196
Netherlands,CHN->Partner,2016-07,-1.9171360298697397
Netherlands,CHN->Partner,2016-08,1.7763568394002505e-15
Netherlands,CHN->Partner,2016-09,-0.5382306428726764
Netherlands,CHN->Partner,2016-10,-1.050125628933797
Netherlands,CHN->Partner,2016-11,-1.536973563410287
Netherlands,CHN->Partner,2016-12,-1.9999999999999982
Netherlands,CHN->Partner,2017-01,-0.4654388306133672
Netherlands,CHN->Partner,2017-02,1.3307754479498541
Netherlands,CHN->Partner,2017-03,3.4332564691553973
Netherlands,CHN->Partner,2017-04,1.9000000000000004
Netherlands,CHN->Partner,2017-05,0.44126320672226704
Netherlands,CHN->Partner,2017-06,-0.8525190879459927
Netherlands,CHN->Partner,2017-07,-1.9999999999999982
Netherlands,CHN->Partner,2017-08,0.423659658795863
Netherlands,CHN->Partner,2017-09,3.5
Netherlands,CHN->Partner,2017-10,3.5
Netherlands,CHN->Partner,2017-11,3.5
Netherlands,CHN->Partner,2017-12,3.3434170651111845
Netherlands,CHN->Partner,2018-01,3.1885250416360567
Netherlands,CHN->Partner,2018-02,3.035305669721378
Netherlands,CHN->Partner,2018-03,2.766730297832977
Netherlands,CHN->Partner,2018-04,2.5032943031752914
Netherlands,CHN->Partner,2018-05,2.4343350770875762
Netherlands,CHN->Partner,2018-06,2.2987113504727663
Netherlands,CHN->Partner,2018-07,2.164456786910339
Netherlands,CHN->Partner,2018-08,2.031557564280007
Netherlands,CHN->Partner,2018-09,1.9000000000000004
Netherlands,CHN->Partner,2018-10,2.275045263223335
Netherlands,CHN->Partner,2018-11,3.2619703301096035
Netherlands,CHN->Partner,2018-12,4.322267733461413
Netherlands,CHN->Partner,2019-01,5.461392294459252
Netherlands,CHN->Partner,2019-02,6.685204369605845
Netherlands,CHN->Partner,2019-03,7.9999999999999964
Netherlands,CHN->Partner,2019-04,4.56465901729236
Netherlands,CHN->Partner,2019-05,1.750453174977924
Netherlands,CHN->Partner,2019-06,3.901461583827853
Netherlands,CHN->Partner,2019-07,4.622113073182053
Netherlands,CHN->Partner,2019-08,5.377616081374644
Netherlands,CHN->Partner,2019-09,6.169656067165217
Netherlands,CHN->Partner,2019-10,6.9999999999999964
Netherlands,CHN->Partner,2019-11,1.3964478494675134
Netherlands,CHN->Partner,2019-12,-1.6846827780116573
Netherlands,CHN->Partner,2020-01,-4.000000000000001
Netherlands,CHN->Partner,2020-02,-0.41469401241406345
Netherlands,CHN->Partner,2020-03,5.006957550117523
Netherlands,CHN->Partner,2020-04,1.0
Netherlands,CHN->Partner,2020-05,0.5062078134384969
Netherlands,CHN->Partner,2020-06,0.03273485383609831
Netherlands,CHN->Partner,2020-07,0.9158482896692544
Netherlands,CHN->Partner,2020-08,1.8696503943484561
Netherlands,CHN->Partner,2020-09,1.9000000000000004
Netherlands,CHN->Partner,2020-10,0.7430216218290067
Netherlands,CHN->Partner,2020-11,-0.3101893945160086
Netherlands,CHN->Partner,2020-12,-1.2689397617476335
Netherlands,CHN->Partner,2021-01,-1.6416057924304468
Netherlands,CHN->Partner,2021-02,-1.9999999999999982
Netherlands,CHN->Partner,2021-03,1.0
Netherlands,CHN->Partner,2021-04,-0.17375834871962859
Netherlands,CHN->Partner,2021-05,-1.2327076423401753
Netherlands,CHN->Partner,2021-06,-2.1880777214392335
Netherlands,CHN->Partner,2021-07,-3.049999999999999
Netherlands,CHN->Partner,2021-08,1.5224397359542152
Netherlands,CHN->Partner,2021-09,4.0
Netherlands,CHN->Partner,2021-10,3.386696577923754
Netherlands,CHN->Partner,2021-11,2.7984692283495374
Netherlands,CHN->Partner,2021-12,2.4131279160005707
Netherlands,CHN->Partner,2022-01,2.038547792051963
Netherlands,CHN->Partner,2022-02,3.4499134945507564
Netherlands,CHN->Partner,2022-03,2.4658727894145294
Netherlands,CHN->Partner,2022-04,1.0
Netherlands,CHN->Partner,2022-05,4.499999999999998
Netherlands,CHN->Partner,2022-06,1.8685150089339313
Netherlands,CHN->Partner,2022-07,-0.3162142880543275
Netherlands,CHN->Partner,2022-08,2.200162186271738
Netherlands,CHN->Partner,2022-09,0.8784825402346339
Netherlands,CHN->Partner,2022-10,-0.3108625888398304
Netherlands,CHN->Partner,2022-11,0.6999999999999993
Netherlands,CHN->Partner,2022-12,1.2612633541444662
Netherlands,CHN->Partner,2023-01,1.8494511999731706
Netherlands,CHN->Partner,2023-02,1.7982951786892727
Netherlands,CHN->Partner,2023-03,0.7562305631530037
Netherlands,CHN->Partner,2023-04,-0.40000000000000036
Netherlands,Partner->CHN,2002-01,-5.0
Netherlands,Partner->CHN,2002-02,-3.3680778088652623
Netherlands,Partner->CHN,2002-03,-1.2922939447441877
Netherlands,Partner->CHN,2002-04,1.3480762113533178
Netherlands,Partner->CHN,2002-05,-2.3925347942544732
Netherlands,Partner->CHN,2002-06,-5.0
Netherlands,Partner->CHN,2002-07,-3.6123409982086665
Netherlands,Partner->CHN,2002-08,-1.9037490788752454
Netherlands,Partner->CHN,2002-09,0.1999999999999975
Netherlands,Partner->CHN,2002-10,0.6027502620627736
Netherlands,Partner->CHN,2002-11,1.0199833610533755
Netherlands,Partner->CHN,2002-12,1.4522200975403798
Netherlands,Partner->CHN,2003-01,1.9000000000000004
Netherlands,Partner->CHN,2003-02,-1.068410348331886
Netherlands,Partner->CHN,2003-03,-3.3537617822386725
Netherlands,Partner->CHN,2003-04,-1.8515864092970151
Netherlands,Partner->CHN,2003-05,-0.05429456380931619
Netherlands,Partner->CHN,2003-06,2.0960921593672577
Netherlands,Partner->CHN,2003-07,1.5825534455833878
Netherlands,Partner->CHN,2003-08,1.089152190160803
Netherlands,Partner->CHN,2003-09,1.4096736459908588
Netherlands,Partner->CHN,2003-10,1.6932607246276437
Netherlands,Partner->CHN,2003-11,3.2606603244348804
Netherlands,Partner->CHN,2003-12,5.021606843254762
Netherlands,Partner->CHN,2004-01,6.9999999999999964
Netherlands,Partner->CHN,2004-02,1.6293345244723625
Netherlands,Partner->CHN,2004-03,1.0
Netherlands,Partner->CHN,2004-04,2.6425824035672534
Netherlands,Partner->CHN,2004-05,1.9616304104680076
Netherlands,Partner->CHN,2004-06,1.3146672622361795
Netherlands,Partner->CHN,2004-07,3.6000000000000014
Netherlands,Partner->CHN,2004-08,1.8697043606133086
Netherlands,Partner->CHN,2004-09,0.3444719403828156
Netherlands,Partner->CHN,2004-10,-0.9999999999999982
Netherlands,Partner->CHN,2004-11,2.7500000000000018
Netherlands,Partner->CHN,2004-12,3.201286994557085
Netherlands,Partner->CHN,2005-01,0.40000000000000036
Netherlands,Partner->CHN,2005-02,6.9999999999999964
Netherlands,Partner->CHN,2005-03,4.0
Netherlands,Partner->CHN,2005-04,1.9521046083869091
Netherlands,Partner->CHN,2005-05,1.455928370600489
Netherlands,Partner->CHN,2005-06,1.0
Netherlands,Partner->CHN,2005-07,2.986381314361738
Netherlands,Partner->CHN,2005-08,5.301571855893922
Netherlands,Partner->CHN,2005-09,7.9999999999999964
Netherlands,Partner->CHN,2005-10,3.5
Netherlands,Partner->CHN,2005-11,2.224407702624614
Netherlands,Partner->CHN,2005-12,1.061031661050837
Netherlands,Partner->CHN,2006-01,1.7763568394002505e-15
Netherlands,Partner->CHN,2006-02,1.0
Netherlands,Partner->CHN,2006-03,0.48912529307605546
Netherlands,Partner->CHN,2006-04,1.7763568394002505e-15
Netherlands,Partner->CHN,2006-05,1.9000000000000004
Netherlands,Partner->CHN,2006-06,1.4864649019933438
Netherlands,Partner->CHN,2006-07,1.0861864921481885
Netherlands,Partner->CHN,2006-08,0.6987398010197197
Netherlands,Partner->CHN,2006-09,0.3237134824019634
Netherlands,Partner->CHN,2006-10,1.7763568394002505e-15
Netherlands,Partner->CHN,2006-11,0.09908304610241636
Netherlands,Partner->CHN,2006-12,0.19905858766163753
Netherlands,Partner->CHN,2007-01,0.29993466387481327
Netherlands,Partner->CHN,2007-02,0.40171938635253746
Netherlands,Partner->CHN,2007-03,0.5044209397711477
Netherlands,Partner->CHN,2007-04,0.6080475825308689
Netherlands,Partner->CHN,2007-05,2.306543171035276
Netherlands,Partner->CHN,2007-06,7.9999999999999964
Netherlands,Partner->CHN,2007-07,4.989394752237564
Netherlands,Partner->CHN,2007-08,2.45582866015169
Netherlands,Partner->CHN,2007-09,0.3237134824019634
Netherlands,Partner->CHN,2007-10,1.0332411670431156
Netherlands,Partner->CHN,2007-11,2.042492560288073
Netherlands,Partner->CHN,2007-12,3.1363918352323186
Netherlands,Partner->CHN,2008-01,4.322038574719265
Netherlands,Partner->CHN,2008-02,5.607127817444734
Netherlands,Partner->CHN,2008-03,6.9999999999999964
Netherlands,Partner->CHN,2008-04,4.381186616860594
Netherlands,Partner->CHN,2008-05,2.143383430149532
Netherlands,Partner->CHN,2008-06,3.3999999999999986
Netherlands,Partner->CHN,2008-07,2.365915091108654
Netherlands,Partner->CHN,2008-08,1.4060893210226446
Netherlands,Partner->CHN,2008-09,2.1999999999999993
Netherlands,Partner->CHN,2008-10,2.610624698788154
Netherlands,Partner->CHN,2008-11,1.8102785082358235
Netherlands,Partner->CHN,2008-12,1.056995111560159
Netherlands,Partner->CHN,2009-01,0.3480070731268885
Netherlands,Partner->CHN,2009-02,-0.31929030905327416
Netherlands,Partner->CHN,2009-03,-0.947348572558667
Netherlands,Partner->CHN,2009-04,-1.5384750970905987
Netherlands,Partner->CHN,2009-05,-0.14450321205071148
Netherlands,Partner->CHN,2009-06,1.4548433495050297
Netherlands,Partner->CHN,2009-07,-6.722624505720882
Netherlands,Partner->CHN,2009-08,-4.928593660891762
Netherlands,Partner->CHN,2009-09,-2.3821045208994
Netherlands,Partner->CHN,2009-10,1.2324414378779611
Netherlands,Partner->CHN,2009-11,6.363012105912674
Netherlands,Partner->CHN,2009-12,5.169094603787496
Netherlands,Partner->CHN,2010-01,4.057273398847734
Netherlands,Partner->CHN,2010-02,3.021903375748666
Netherlands,Partner->CHN,2010-03,2.057727589237892
Netherlands,Partner->CHN,2010-04,1.1598505727572679
Netherlands,Partner->CHN,2010-05,0.3237134824019634
Netherlands,Partner->CHN,2010-06,0.600953413401772
Netherlands,Partner->CHN,2010-07,0.8849810452260751
Netherlands,Partner->CHN,2010-08,1.1759625620255978
Netherlands,Partner->CHN,2010-09,1.4740682166589743
Netherlands,Partner->CHN,2010-10,1.6852465484475658
Netherlands,Partner->CHN,2010-11,1.9000000000000004
Netherlands,Partner->CHN,2010-12,1.8950120667513914
Netherlands,Partner->CHN,2011-01,1.8900260621444964
Netherlands,Partner->CHN,2011-02,1.8850419854335758
Netherlands,Partner->CHN,2011-03,1.8800598358731975
Netherlands,Partner->CHN,2011-04,1.8750796127182046
Netherlands,Partner->CHN,2011-05,1.8701013152237262
Netherlands,Partner->CHN,2011-06,1.8651249426451866
Netherlands,Partner->CHN,2011-07,1.8601504942382938
Netherlands,Partner->CHN,2011-08,1.8551779692590369
Netherlands,Partner->CHN,2011-09,1.8502073669637156
Netherlands,Partner->CHN,2011-10,1.8452386866088943
Netherlands,Partner->CHN,2011-11,1.729112459299344
Netherlands,Partner->CHN,2011-12,1.614036060723853
Netherlands,Partner->CHN,2012-01,1.5000000000000018
Netherlands,Partner->CHN,2012-02,1.8009890243282687
Netherlands,Partner->CHN,2012-03,2.1092256000778224
Netherlands,Partner->CHN,2012-04,2.4248842419231487
Netherlands,Partner->CHN,2012-05,2.7481436666988586
Netherlands,Partner->CHN,2012-06,2.0026303928396594
Netherlands,Partner->CHN,2012-07,1.2975436707371557
Netherlands,Partner->CHN,2012-08,0.6306913112724608
Netherlands,Partner->CHN,2012-09,1.7763568394002505e-15
Netherlands,Partner->CHN,2012-10,2.9354297300081047
Netherlands,Partner->CHN,2012-11,1.7763568394002505e-15
Netherlands,Partner->CHN,2012-12,0.050189937803116536
Netherlands,Partner->CHN,2013-01,0.10060887832047527
Netherlands,Partner->CHN,2013-02,0.15125786642771288
Netherlands,Partner->CHN,2013-03,0.2021379517679467
Netherlands,Partner->CHN,2013-04,0.2532501887735048
Netherlands,Partner->CHN,2013-05,0.30459563668781797
Netherlands,Partner->CHN,2013-06,0.3561753595873398
Netherlands,Partner->CHN,2013-07,0.8490799608301334
Netherlands,Partner->CHN,2013-08,1.3633786439916502
Netherlands,Partner->CHN,2013-09,1.9000000000000004
Netherlands,Partner->CHN,2013-10,1.9667156382353603
Netherlands,Partner->CHN,2013-11,2.033776313399807
Netherlands,Partner->CHN,2013-12,2.227408272206466
Netherlands,Partner->CHN,2014-01,2.423916859748326
Netherlands,Partner->CHN,2014-02,2.6233448117025517
Netherlands,Partner->CHN,2014-03,2.825735498634666
Netherlands,Partner->CHN,2014-04,2.8563824167437915
Netherlands,Partner->CHN,2014-05,2.9999999999999964
Netherlands,Partner->CHN,2014-06,2.1808736828736777
Netherlands,Partner->CHN,2014-07,1.4096736459908588
Netherlands,Partner->CHN,2014-08,0.6835957695351418
Netherlands,Partner->CHN,2014-09,1.7763568394002505e-15
Netherlands,Partner->CHN,2014-10,1.8685663537163286
Netherlands,Partner->CHN,2014-11,2.1552852794810384
Netherlands,Partner->CHN,2014-12,2.448392464833649
Netherlands,Partner->CHN,2015-01,2.748030243805484
Netherlands,Partner->CHN,2015-02,3.054344121710484
Netherlands,Partner->CHN,2015-03,3.3674828458031385
Netherlands,Partner->CHN,2015-04,1.9000000000000004
Netherlands,Partner->CHN,2015-05,1.9499034745437385
Netherlands,Partner->CHN,2015-06,2.0
Netherlands,Partner->CHN,2015-07,-0.6666666666666643
Netherlands,Partner->CHN,2015-08,1.7763568394002505e-15
Netherlands,Partner->CHN,2015-09,0.6018416127685118
Netherlands,Partner->CHN,2015-10,1.2366117097969997
Netherlands,Partner->CHN,2015-11,3.400000000000004
Netherlands,Partner->CHN,2015-12,3.4499134945507564
Netherlands,Partner->CHN,2016-01,3.5
Netherlands,Partner->CHN,2016-02,1.0
Netherlands,Partner->CHN,2016-03,2.8000000000000025
Netherlands,Partner->CHN,2016-04,3.3634953963163188
Netherlands,Partner->CHN,2016-05,3.950000000000001
Netherlands,Partner->CHN,2016-06,2.1909059582729196
Netherlands,Partner->CHN,2016-07,-3.126451796282047
Netherlands,Partner->CHN,2016-08,-4.341820201171811
Netherlands,Partner->CHN,2016-09,-4.601449851967882
Netherlands,Partner->CHN,2016-10,-3.666666666666666
Netherlands,Partner->CHN,2016-11,-4.022659784627912
Netherlands,Partner->CHN,2016-12,-4.361371388947917
Netherlands,Partner->CHN,2017-01,-4.683640402343621
Netherlands,Partner->CHN,2017-02,3.3999999999999986
Netherlands,Partner->CHN,2017-03,3.096808149364877
Netherlands,Partner->CHN,2017-04,2.8000000000000025
Netherlands,Partner->CHN,2017-05,0.6461887595631062
Netherlands,Partner->CHN,2017-06,-1.1714700997555063
Netherlands,Partner->CHN,2017-07,-2.7054409820828056
Netherlands,Partner->CHN,2017-08,-4.000000000000001
Netherlands,Partner->CHN,2017-09,3.5
Netherlands,Partner->CHN,2017-10,3.5
Netherlands,Partner->CHN,2017-11,3.5
Netherlands,Partner->CHN,2017-12,3.747881203752627
Netherlands,Partner->CHN,2018-01,4.0
Netherlands,Partner->CHN,2018-02,3.023420571244861
Netherlands,Partner->CHN,2018-03,2.1532444986581307
Netherlands,Partner->CHN,2018-04,1.3370642677746147
Netherlands,Partner->CHN,2018-05,1.4499999999999993
Netherlands,Partner->CHN,2018-06,1.9112305619963177
Netherlands,Partner->CHN,2018-07,2.38954816265284
Netherlands,Partner->CHN,2018-08,2.8855858191939827
Netherlands,Partner->CHN,2018-09,3.400000000000004
Netherlands,Partner->CHN,2018-10,2.82692354814367
Netherlands,Partner->CHN,2018-11,1.3327271529690652
Netherlands,Partner->CHN,2018-12,1.7763568394002505e-15
Netherlands,Partner->CHN,2019-01,2.1981478882877408
Netherlands,Partner->CHN,2019-02,4.835555243737655
Netherlands,Partner->CHN,2019-03,7.9999999999999964
Netherlands,Partner->CHN,2019-04,1.7763568394002505e-15
Netherlands,Partner->CHN,2019-05,1.947426541486534
Netherlands,Partner->CHN,2019-06,3.7209882540455137
Netherlands,Partner->CHN,2019-07,-4.683640402343621
Netherlands,Partner->CHN,2019-08,1.7763568394002505e-15
Netherlands,Partner->CHN,2019-09,0.32371348240196696
Netherlands,Partner->CHN,2019-10,0.6569533665029113
Netherlands,Partner->CHN,2019-11,1.0
Netherlands,Partner->CHN,2019-12,-1.8348486100883203
Netherlands,Partner->CHN,2020-01,-4.000000000000001
Netherlands,Partner->CHN,2020-02,-1.3875081274416683
Netherlands,Partner->CHN,2020-03,2.1999999999999993
Netherlands,Partner->CHN,2020-04,1.751902830191332
Netherlands,Partner->CHN,2020-05,1.7763568394002505e-15
Netherlands,Partner->CHN,2020-06,1.0
Netherlands,Partner->CHN,2020-07,-4.000000000000001
Netherlands,Partner->CHN,2020-08,2.2458080954350343
Netherlands,Partner->CHN,2020-09,2.8000000000000025
Netherlands,Partner->CHN,2020-10,-1.1714700997555063
Netherlands,Partner->CHN,2020-11,-4.000000000000001
Netherlands,Partner->CHN,2020-12,-0.9999999999999982
Netherlands,Partner->CHN,2021-01,-0.8568858440310461
Netherlands,Partner->CHN,2021-02,-0.7117235218982199
Netherlands,Partner->CHN,2021-03,1.0
Netherlands,Partner->CHN,2021-04,1.2189352131828404
Netherlands,Partner->CHN,2021-05,1.4418648119966324
Netherlands,Partner->CHN,2021-06,1.668861672413847
Netherlands,Partner->CHN,2021-07,1.9000000000000004
Netherlands,Partner->CHN,2021-08,1.0
Netherlands,Partner->CHN,2021-09,4.0
Netherlands,Partner->CHN,2021-10,3.64529590972799
Netherlands,Partner->CHN,2021-11,3.2989794855663597
Netherlands,Partner->CHN,2021-12,-0.9626728383945817
Netherlands,Partner->CHN,2022-01,0.4999999999999982
Netherlands,Partner->CHN,2022-02,-1.9999999999999982
Netherlands,Partner->CHN,2022-03,0.4999999999999982
Netherlands,Partner->CHN,2022-04,1.0
Netherlands,Partner->CHN,2022-05,-1.4289070151646772
Netherlands,Partner->CHN,2022-06,-3.366181589636339
Netherlands,Partner->CHN,2022-07,1.6000000000000032
Netherlands,Partner->CHN,2022-08,2.5
Netherlands,Partner->CHN,2022-09,0.21492018116035716
Netherlands,Partner->CHN,2022-10,-1.6833752096445984
Netherlands,Partner->CHN,2022-11,1.0884080058784935
Netherlands,Partner->CHN,2022-12,-2.1666666666666643
Netherlands,Partner->CHN,2023-01,1.2074241732944824
Netherlands,Partner->CHN,2023-02,0.33333333333333215
Netherlands,Partner->CHN,2023-03,1.8190908484929302
Netherlands,Partner->CHN,2023-04,1.8190908484929302
Philippines,Aggregated,2002-01,2.6257915491417556
Philippines,Aggregated,2002-02,0.9640637316403406
Philippines,Aggregated,2002-03,4.191287739356305
Philippines,Aggregated,2002-04,1.4666666666666686
Philippines,Aggregated,2002-05,4.666666666666666
Philippines,Aggregated,2002-06,3.2269544242932575
Philippines,Aggregated,2002-07,1.9195467355904832
Philippines,Aggregated,2002-08,0.3063926354244533
Philippines,Aggregated,2002-09,1.377216933066176
Philippines,Aggregated,2002-10,6.9999999999999964
Philippines,Aggregated,2002-11,2.367982813655308
Philippines,Aggregated,2002-12,1.7763568394002505e-15
Philippines,Aggregated,2003-01,1.2430087191685448
Philippines,Aggregated,2003-02,2.3000000000000025
Philippines,Aggregated,2003-03,3.2307406984078586
Philippines,Aggregated,2003-04,-1.131517285047547
Philippines,Aggregated,2003-05,-0.41409754747693306
Philippines,Aggregated,2003-06,3.3999999999999986
Philippines,Aggregated,2003-07,-0.1999999999999993
Philippines,Aggregated,2003-08,2.8939270484121096
Philippines,Aggregated,2003-09,2.420424730989298
Philippines,Aggregated,2003-10,-0.584664789619822
Philippines,Aggregated,2003-11,0.514285714285716
Philippines,Aggregated,2003-12,0.185312791631965
Philippines,Aggregated,2004-01,1.799999999999999
Philippines,Aggregated,2004-02,0.6203860024902959
Philippines,Aggregated,2004-03,4.2808045249207485
Philippines,Aggregated,2004-04,2.070932786487134
Philippines,Aggregated,2004-05,5.518532456801605
Philippines,Aggregated,2004-06,2.5
Philippines,Aggregated,2004-07,-2.6722882110148287
Philippines,Aggregated,2004-08,1.3694183379691385
Philippines,Aggregated,2004-09,1.858935177364783
Philippines,Aggregated,2004-10,2.7083741535977826
Philippines,Aggregated,2004-11,2.2118368851692995
Philippines,Aggregated,2004-12,1.7763568394002505e-15
Philippines,Aggregated,2005-01,-0.9999999999999982
Philippines,Aggregated,2005-02,1.4490465157330252
Philippines,Aggregated,2005-03,3.0238067542859284
Philippines,Aggregated,2005-04,3.5248215166073056
Philippines,Aggregated,2005-05,1.4433106631496848
Philippines,Aggregated,2005-06,0.7808045249207503
Philippines,Aggregated,2005-07,2.304104654386281
Philippines,Aggregated,2005-08,4.835555243737655
Philippines,Aggregated,2005-09,0.9549375339299377
Philippines,Aggregated,2005-10,1.333333333333334
Philippines,Aggregated,2005-11,3.4784599837270456
Philippines,Aggregated,2005-12,-3.1192379571772753
Philippines,Aggregated,2006-01,2.4828074369838156
Philippines,Aggregated,2006-02,3.660023116043069
Philippines,Aggregated,2006-03,3.3999999999999986
Philippines,Aggregated,2006-04,1.5978004072546828
Philippines,Aggregated,2006-05,2.6302618967221445
Philippines,Aggregated,2006-06,2.639520074895401
Philippines,Aggregated,2006-07,-0.11806527080182683
Philippines,Aggregated,2006-08,-2.1666666666666643
Philippines,Aggregated,2006-09,1.4359984763329674
Philippines,Aggregated,2006-10,1.8091394232833142
Philippines,Aggregated,2006-11,2.561181404312057
Philippines,Aggregated,2006-12,0.7191522701352664
Philippines,Aggregated,2007-01,1.1433479031430007
Philippines,Aggregated,2007-02,4.244111387440267
Philippines,Aggregated,2007-03,2.3424135747622508
Philippines,Aggregated,2007-04,2.707135704141068
Philippines,Aggregated,2007-05,1.3199999999999967
Philippines,Aggregated,2007-06,2.8123313357097324
Philippines,Aggregated,2007-07,2.8628294826177214
Philippines,Aggregated,2007-08,2.9562229527500783
Philippines,Aggregated,2007-09,1.0011212208396856
Philippines,Aggregated,2007-10,1.5894149181502542
Philippines,Aggregated,2007-11,0.8858778231394489
Philippines,Aggregated,2007-12,4.1999999999999975
Philippines,Aggregated,2008-01,2.21917643321669
Philippines,Aggregated,2008-02,1.7768857736557688
Philippines,Aggregated,2008-03,1.618549559596147
Philippines,Aggregated,2008-04,-3.1895565361067577
Philippines,Aggregated,2008-05,0.9018712939671492
Philippines,Aggregated,2008-06,2.5599999999999987
Philippines,Aggregated,2008-07,2.7000000000000046
Philippines,Aggregated,2008-08,1.567524864854196
Philippines,Aggregated,2008-09,1.0
Philippines,Aggregated,2008-10,2.085700059722557
Philippines,Aggregated,2008-11,0.7500000000000018
Philippines,Aggregated,2008-12,0.15302647565198058
Philippines,Aggregated,2009-01,2.835603393690562
Philippines,Aggregated,2009-02,-1.6761049977527893
Philippines,Aggregated,2009-03,-0.039295309697392256
Philippines,Aggregated,2009-04,0.7056740124634864
Philippines,Aggregated,2009-05,1.477007020115412
Philippines,Aggregated,2009-06,0.4222227347133689
Philippines,Aggregated,2009-07,2.435444435058466
Philippines,Aggregated,2009-08,0.7858324316026675
Philippines,Aggregated,2009-09,2.9160338966143353
Philippines,Aggregated,2009-10,4.407202482440498
Philippines,Aggregated,2009-11,2.1139963906828534
Philippines,Aggregated,2009-12,-1.9315172850475495
Philippines,Aggregated,2010-01,-1.3500000000000032
Philippines,Aggregated,2010-02,-3.4263707613738426
Philippines,Aggregated,2010-03,0.1333333333333364
Philippines,Aggregated,2010-04,1.6849434791382016
Philippines,Aggregated,2010-05,1.053209290802947
Philippines,Aggregated,2010-06,1.4201166594903594
Philippines,Aggregated,2010-07,-0.09902980737043343
Philippines,Aggregated,2010-08,0.335454901870893
Philippines,Aggregated,2010-09,0.4095740835424344
Philippines,Aggregated,2010-10,-1.5177642947332544
Philippines,Aggregated,2010-11,1.028927248206358
Philippines,Aggregated,2010-12,1.5929505902876446
Philippines,Aggregated,2011-01,2.7999999999999954
Philippines,Aggregated,2011-02,4.055205720790813
Philippines,Aggregated,2011-03,-0.6456848838080091
Philippines,Aggregated,2011-04,-1.6668348045012227
Philippines,Aggregated,2011-05,1.9650184569086164
Philippines,Aggregated,2011-06,-1.3231850583415454
Philippines,Aggregated,2011-07,0.40847862719918915
Philippines,Aggregated,2011-08,2.1081891419847167
Philippines,Aggregated,2011-09,1.8349587621065133
Philippines,Aggregated,2011-10,0.830138586607811
Philippines,Aggregated,2011-11,0.07942839590397455
Philippines,Aggregated,2011-12,0.33903936193510553
Philippines,Aggregated,2012-01,-0.827619255389596
Philippines,Aggregated,2012-02,-3.5177917126896894
Philippines,Aggregated,2012-03,-0.6574859623854774
Philippines,Aggregated,2012-04,-0.891062339223831
Philippines,Aggregated,2012-05,0.3488738713829722
Philippines,Aggregated,2012-06,0.6550688216696336
Philippines,Aggregated,2012-07,0.1283672962777267
Philippines,Aggregated,2012-08,-1.7733182084282912
Philippines,Aggregated,2012-09,0.4875182651843417
Philippines,Aggregated,2012-10,2.43513309824983
Philippines,Aggregated,2012-11,-2.8732379336068146
Philippines,Aggregated,2012-12,0.5205215372847096
Philippines,Aggregated,2013-01,-1.2382708358196428
Philippines,Aggregated,2013-02,-1.1933377141136692
Philippines,Aggregated,2013-03,1.799999999999999
Philippines,Aggregated,2013-04,0.007013594879911267
Philippines,Aggregated,2013-05,1.0799685848645204
Philippines,Aggregated,2013-06,-1.2925124073219187
Philippines,Aggregated,2013-07,-2.8740049957593197
Philippines,Aggregated,2013-08,-1.1881815788663008
Philippines,Aggregated,2013-09,-0.690097979032565
Philippines,Aggregated,2013-10,1.3899999999999988
Philippines,Aggregated,2013-11,1.329220846457929
Philippines,Aggregated,2013-12,-2.0113692048971696
Philippines,Aggregated,2014-01,-1.4999999999999982
Philippines,Aggregated,2014-02,-1.4527212456211949
Philippines,Aggregated,2014-03,-1.131020964686174
Philippines,Aggregated,2014-04,-2.799569224404335
Philippines,Aggregated,2014-05,-3.1251648724357244
Philippines,Aggregated,2014-06,-1.0093377499035157
Philippines,Aggregated,2014-07,-0.1261558036269701
Philippines,Aggregated,2014-08,-1.4469785665788422
Philippines,Aggregated,2014-09,-1.0509657078908123
Philippines,Aggregated,2014-10,-0.6193944789919339
Philippines,Aggregated,2014-11,0.21217332176471793
Philippines,Aggregated,2014-12,-0.6412279593469972
Philippines,Aggregated,2015-01,-1.3013775689206568
Philippines,Aggregated,2015-02,-0.08229277667952495
Philippines,Aggregated,2015-03,-1.3707884830997425
Philippines,Aggregated,2015-04,-0.21353586247417766
Philippines,Aggregated,2015-05,-1.238373009608269
Philippines,Aggregated,2015-06,0.07364866603259479
Philippines,Aggregated,2015-07,-1.473187971165812
Philippines,Aggregated,2015-08,-3.6333408061601844
Philippines,Aggregated,2015-09,-1.1407813951529064
Philippines,Aggregated,2015-10,-0.007464039305018488
Philippines,Aggregated,2015-11,0.42085379472390194
Philippines,Aggregated,2015-12,-0.5158085250028641
Philippines,Aggregated,2016-01,-1.3121031660387654
Philippines,Aggregated,2016-02,-1.717460714389965
Philippines,Aggregated,2016-03,-0.5779093798675596
Philippines,Aggregated,2016-04,-1.5771305477930753
Philippines,Aggregated,2016-05,-0.38983431208526476
Philippines,Aggregated,2016-06,-0.1586588646521605
Philippines,Aggregated,2016-07,-0.934151598601991
Philippines,Aggregated,2016-08,1.8294325816877812
Philippines,Aggregated,2016-09,1.7878341779629139
Philippines,Aggregated,2016-10,1.8959514304672567
Philippines,Aggregated,2016-11,1.5408335542911509
Philippines,Aggregated,2016-12,0.10371147686621462
Philippines,Aggregated,2017-01,1.8204269233835486
Philippines,Aggregated,2017-02,1.0907411656079553
Philippines,Aggregated,2017-03,2.7546318793902795
Philippines,Aggregated,2017-04,0.8831414419213655
Philippines,Aggregated,2017-05,2.0517783928864706
Philippines,Aggregated,2017-06,2.471320416272535
Philippines,Aggregated,2017-07,0.6760188508282869
Philippines,Aggregated,2017-08,1.5595866919599768
Philippines,Aggregated,2017-09,1.469881003778326
Philippines,Aggregated,2017-10,3.338238872998531
Philippines,Aggregated,2017-11,1.7224190274007132
Philippines,Aggregated,2017-12,2.422739706180087
Philippines,Aggregated,2018-01,1.043444625076793
Philippines,Aggregated,2018-02,1.301682909154172
Philippines,Aggregated,2018-03,1.9651128517062482
Philippines,Aggregated,2018-04,2.5560589742296873
Philippines,Aggregated,2018-05,0.876359596711108
Philippines,Aggregated,2018-06,0.015437376181587581
Philippines,Aggregated,2018-07,1.1311993763244743
Philippines,Aggregated,2018-08,1.4892453984349103
Philippines,Aggregated,2018-09,1.407347712889198
Philippines,Aggregated,2018-10,1.8609630118349685
Philippines,Aggregated,2018-11,2.537102533402079
Philippines,Aggregated,2018-12,0.7808045249207503
Philippines,Aggregated,2019-01,2.7511589635148415
Philippines,Aggregated,2019-02,1.0274082732031342
Philippines,Aggregated,2019-03,1.3707582075965536
Philippines,Aggregated,2019-04,0.19122708098354302
Philippines,Aggregated,2019-05,1.8387630746982104
Philippines,Aggregated,2019-06,-0.9658710794855558
Philippines,Aggregated,2019-07,0.5003756266727617
Philippines,Aggregated,2019-08,1.9202678799527373
Philippines,Aggregated,2019-09,-0.6340367281545092
Philippines,Aggregated,2019-10,1.6746009528586558
Philippines,Aggregated,2019-11,1.5555941658959007
Philippines,Aggregated,2019-12,-1.0062977761445744
Philippines,Aggregated,2020-01,-0.531864342158622
Philippines,Aggregated,2020-02,1.3951785312416725
Philippines,Aggregated,2020-03,4.950407521233522
Philippines,Aggregated,2020-04,-0.8807801268750932
Philippines,Aggregated,2020-05,-3.018137014279316
Philippines,Aggregated,2020-06,-0.6307973966860612
Philippines,Aggregated,2020-07,-0.783507439002392
Philippines,Aggregated,2020-08,-0.38766544356833776
Philippines,Aggregated,2020-09,1.7678438414062985
Philippines,Aggregated,2020-10,3.2584439912705587
Philippines,Aggregated,2020-11,3.5227557092555273
Philippines,Aggregated,2020-12,-0.1666666666666643
Philippines,Aggregated,2021-01,2.7200878425771684
Philippines,Aggregated,2021-02,0.9967600862356694
Philippines,Aggregated,2021-03,0.9117338306110767
Philippines,Aggregated,2021-04,2.031082863680476
Philippines,Aggregated,2021-05,1.560819878819034
Philippines,Aggregated,2021-06,-1.152418541084188
Philippines,Aggregated,2021-07,0.7544150366451934
Philippines,Aggregated,2021-08,1.6891525350293506
Philippines,Aggregated,2021-09,1.7610069063371583
Philippines,Aggregated,2021-10,0.3252044882042391
Philippines,Aggregated,2021-11,-1.8458480795353438
Philippines,Aggregated,2021-12,2.9074596109823165
Philippines,Aggregated,2022-01,-3.056320112240706
Philippines,Aggregated,2022-02,2.3424135747622508
Philippines,Aggregated,2022-03,0.3445168095065423
Philippines,Aggregated,2022-04,1.6936133102208295
Philippines,Aggregated,2022-05,1.2262153231391402
Philippines,Aggregated,2022-06,1.4357594974350167
Philippines,Aggregated,2022-07,2.526416018619207
Philippines,Aggregated,2022-08,2.0885396943682917
Philippines,Aggregated,2022-09,2.409105390529982
Philippines,Aggregated,2022-10,0.11045166289351371
Philippines,Aggregated,2022-11,2.4924438055853475
Philippines,Aggregated,2022-12,1.839615036061403
Philippines,Aggregated,2023-01,2.3772928102762876
Philippines,Aggregated,2023-02,-0.3039773311300227
Philippines,Aggregated,2023-03,1.1133126441017893
Philippines,Aggregated,2023-04,2.377532146279906
Philippines,CHN->Partner,2002-01,2.9728353579028024
Philippines,CHN->Partner,2002-02,3.849999999999998
Philippines,CHN->Partner,2002-03,4.0227490004414665
Philippines,CHN->Partner,2002-04,2.933333333333332
Philippines,CHN->Partner,2002-05,6.9999999999999964
Philippines,CHN->Partner,2002-06,4.490624650201857
Philippines,CHN->Partner,2002-07,2.331080669635641
Philippines,CHN->Partner,2002-08,0.9271320791194562
Philippines,CHN->Partner,2002-09,2.5202063458740884
Philippines,CHN->Partner,2002-10,2.2934257484422
Philippines,CHN->Partner,2002-11,2.070449045570486
Philippines,CHN->Partner,2002-12,1.8512124327977784
Philippines,CHN->Partner,2003-01,1.635653175884265
Philippines,CHN->Partner,2003-02,2.1810557683521186
Philippines,CHN->Partner,2003-03,2.7500000000000018
Philippines,CHN->Partner,2003-04,1.9000000000000004
Philippines,CHN->Partner,2003-05,1.878853678784603
Philippines,CHN->Partner,2003-06,1.1168862311298628
Philippines,CHN->Partner,2003-07,0.40000000000000036
Philippines,CHN->Partner,2003-08,2.5616800135971474
Philippines,CHN->Partner,2003-09,2.101747020287352
Philippines,CHN->Partner,2003-10,-3.4573593128807145
Philippines,CHN->Partner,2003-11,-0.1999999999999993
Philippines,CHN->Partner,2003-12,1.1055905228935785
Philippines,CHN->Partner,2004-01,2.9999999999999964
Philippines,CHN->Partner,2004-02,1.9000000000000004
Philippines,CHN->Partner,2004-03,3.6500000000000004
Philippines,CHN->Partner,2004-04,3.0930756090779354
Philippines,CHN->Partner,2004-05,5.498642394688083
Philippines,CHN->Partner,2004-06,2.5
Philippines,CHN->Partner,2004-07,-1.7500000000000018
Philippines,CHN->Partner,2004-08,1.6058112382722811
Philippines,CHN->Partner,2004-09,2.5724313096746254
Philippines,CHN->Partner,2004-10,2.548659143541059
Philippines,CHN->Partner,2004-11,3.0164565045108116
Philippines,CHN->Partner,2004-12,1.7763568394002505e-15
Philippines,CHN->Partner,2005-01,1.7161314872094682
Philippines,CHN->Partner,2005-02,3.6999999999999993
Philippines,CHN->Partner,2005-03,2.816881165223368
Philippines,CHN->Partner,2005-04,3.4945988180077308
Philippines,CHN->Partner,2005-05,2.5633007832771337
Philippines,CHN->Partner,2005-06,0.9333333333333371
Philippines,CHN->Partner,2005-07,2.7124783736376923
Philippines,CHN->Partner,2005-08,3.456832294800959
Philippines,CHN->Partner,2005-09,1.6964637717585607
Philippines,CHN->Partner,2005-10,2.5159021235502514
Philippines,CHN->Partner,2005-11,3.3882275803231536
Philippines,CHN->Partner,2005-12,-0.9800000000000022
Philippines,CHN->Partner,2006-01,3.6841969062133426
Philippines,CHN->Partner,2006-02,4.575028895053837
Philippines,CHN->Partner,2006-03,3.4222751158210514
Philippines,CHN->Partner,2006-04,2.354840040295933
Philippines,CHN->Partner,2006-05,2.508310291760777
Philippines,CHN->Partner,2006-06,2.8427868359994104
Philippines,CHN->Partner,2006-07,1.0
Philippines,CHN->Partner,2006-08,3.5
Philippines,CHN->Partner,2006-09,1.5257610260125176
Philippines,CHN->Partner,2006-10,1.774708744141888
Philippines,CHN->Partner,2006-11,3.2365560914544975
Philippines,CHN->Partner,2006-12,0.5431463850183302
Philippines,CHN->Partner,2007-01,2.104449669379724
Philippines,CHN->Partner,2007-02,4.1890351409470235
Philippines,CHN->Partner,2007-03,1.9000000000000004
Philippines,CHN->Partner,2007-04,2.712144509910212
Philippines,CHN->Partner,2007-05,5.199999999999996
Philippines,CHN->Partner,2007-06,3.3139264408477285
Philippines,CHN->Partner,2007-07,3.1845275297600892
Philippines,CHN->Partner,2007-08,2.7571428571428545
Philippines,CHN->Partner,2007-09,3.1734364034853346
Philippines,CHN->Partner,2007-10,1.1845532874643023
Philippines,CHN->Partner,2007-11,1.660000000000002
Philippines,CHN->Partner,2007-12,4.1999999999999975
Philippines,CHN->Partner,2008-01,2.325777460797692
Philippines,CHN->Partner,2008-02,2.9349293389434337
Philippines,CHN->Partner,2008-03,3.7668667949268855
Philippines,CHN->Partner,2008-04,0.6556927942240893
Philippines,CHN->Partner,2008-05,-1.8000000000000007
Philippines,CHN->Partner,2008-06,2.5599999999999987
Philippines,CHN->Partner,2008-07,2.7000000000000046
Philippines,CHN->Partner,2008-08,2.6647593530715312
Philippines,CHN->Partner,2008-09,-0.40000000000000036
Philippines,CHN->Partner,2008-10,1.9914060754441003
Philippines,CHN->Partner,2008-11,1.0
Philippines,CHN->Partner,2008-12,-0.7622702960282979
Philippines,CHN->Partner,2009-01,2.9499999999999993
Philippines,CHN->Partner,2009-02,-1.0772178602420581
Philippines,CHN->Partner,2009-03,0.32659504121594374
Philippines,CHN->Partner,2009-04,0.7805447113985675
Philippines,CHN->Partner,2009-05,1.2527721086849901
Philippines,CHN->Partner,2009-06,1.5500000000000025
Philippines,CHN->Partner,2009-07,3.286908858565649
Philippines,CHN->Partner,2009-08,1.9968235951204054
Philippines,CHN->Partner,2009-09,3.3999999999999986
Philippines,CHN->Partner,2009-10,4.324102983309913
Philippines,CHN->Partner,2009-11,2.1413957846287204
Philippines,CHN->Partner,2009-12,-0.27500000000000036
Philippines,CHN->Partner,2010-01,-0.13333333333333286
Philippines,CHN->Partner,2010-02,-3.0000000000000018
Philippines,CHN->Partner,2010-03,-1.0509383741402925
Philippines,CHN->Partner,2010-04,1.3729784043942797
Philippines,CHN->Partner,2010-05,1.0475539186916034
Philippines,CHN->Partner,2010-06,2.236351520360312
Philippines,CHN->Partner,2010-07,1.0155167248219108
Philippines,CHN->Partner,2010-08,0.8435054574768142
Philippines,CHN->Partner,2010-09,-0.548822083869462
Philippines,CHN->Partner,2010-10,-1.8547988764287524
Philippines,CHN->Partner,2010-11,1.028927248206358
Philippines,CHN->Partner,2010-12,1.5671215433230792
Philippines,CHN->Partner,2011-01,2.7999999999999954
Philippines,CHN->Partner,2011-02,0.8799123714440231
Philippines,CHN->Partner,2011-03,-2.2404711968706703
Philippines,CHN->Partner,2011-04,-1.9999999999999982
Philippines,CHN->Partner,2011-05,1.975492104882571
Philippines,CHN->Partner,2011-06,-2.262496654812532
Philippines,CHN->Partner,2011-07,0.6905366301545595
Philippines,CHN->Partner,2011-08,2.320811661165349
Philippines,CHN->Partner,2011-09,2.571947127802826
Philippines,CHN->Partner,2011-10,1.0
Philippines,CHN->Partner,2011-11,-1.1029437251522882
Philippines,CHN->Partner,2011-12,0.142573053156978
Philippines,CHN->Partner,2012-01,0.17497634626328562
Philippines,CHN->Partner,2012-02,1.2214375789942906
Philippines,CHN->Partner,2012-03,-3.1499999999999986
Philippines,CHN->Partner,2012-04,-1.1518683880516711
Philippines,CHN->Partner,2012-05,0.8983513320552028
Philippines,CHN->Partner,2012-06,1.7362036031901233
Philippines,CHN->Partner,2012-07,0.9032828460010034
Philippines,CHN->Partner,2012-08,-1.1430373295012668
Philippines,CHN->Partner,2012-09,2.2396348186336255
Philippines,CHN->Partner,2012-10,2.7803570793220587
Philippines,CHN->Partner,2012-11,-5.6000000000000005
Philippines,CHN->Partner,2012-12,4.1666666666666625
Philippines,CHN->Partner,2013-01,0.3309283706004891
Philippines,CHN->Partner,2013-02,-1.7302761705389162
Philippines,CHN->Partner,2013-03,1.7763568394002505e-15
Philippines,CHN->Partner,2013-04,1.0339289449053837
Philippines,CHN->Partner,2013-05,0.8285714285714274
Philippines,CHN->Partner,2013-06,-0.681288905024477
Philippines,CHN->Partner,2013-07,-5.285523082409402
Philippines,CHN->Partner,2013-08,0.7692578284579934
Philippines,CHN->Partner,2013-09,-0.6830447597707998
Philippines,CHN->Partner,2013-10,0.4250000000000007
Philippines,CHN->Partner,2013-11,1.651229924269943
Philippines,CHN->Partner,2013-12,2.299999999999997
Philippines,CHN->Partner,2014-01,-1.0000000000000018
Philippines,CHN->Partner,2014-02,-3.2318033198184706
Philippines,CHN->Partner,2014-03,-0.24679508619362878
Philippines,CHN->Partner,2014-04,-1.6049175082284748
Philippines,CHN->Partner,2014-05,-2.323519671464627
Philippines,CHN->Partner,2014-06,-0.7385668035916328
Philippines,CHN->Partner,2014-07,1.883333333333331
Philippines,CHN->Partner,2014-08,-1.968364040234361
Philippines,CHN->Partner,2014-09,-0.9312318743607388
Philippines,CHN->Partner,2014-10,-1.666666666666666
Philippines,CHN->Partner,2014-11,0.5302403437183827
Philippines,CHN->Partner,2014-12,-1.744077012861526
Philippines,CHN->Partner,2015-01,-3.8731932345749254
Philippines,CHN->Partner,2015-02,0.5599999999999987
Philippines,CHN->Partner,2015-03,-0.5249999999999986
Philippines,CHN->Partner,2015-04,0.03749536005363652
Philippines,CHN->Partner,2015-05,-0.09289929232427951
Philippines,CHN->Partner,2015-06,-1.7054512737233622
Philippines,CHN->Partner,2015-07,-0.9642773022164413
Philippines,CHN->Partner,2015-08,-0.5612134674478764
Philippines,CHN->Partner,2015-09,-1.0785889300600608
Philippines,CHN->Partner,2015-10,2.8351059688192244
Philippines,CHN->Partner,2015-11,1.9828357467984716
Philippines,CHN->Partner,2015-12,1.936792535168232
Philippines,CHN->Partner,2016-01,-1.3285354012330384
Philippines,CHN->Partner,2016-02,-0.4100746860326847
Philippines,CHN->Partner,2016-03,-0.6583958352846295
Philippines,CHN->Partner,2016-04,-0.75
Philippines,CHN->Partner,2016-05,1.9543019146232012
Philippines,CHN->Partner,2016-06,1.4149075418441388
Philippines,CHN->Partner,2016-07,0.6477811481542552
Philippines,CHN->Partner,2016-08,2.450570289012747
Philippines,CHN->Partner,2016-09,1.403801335079386
Philippines,CHN->Partner,2016-10,2.0952884885073715
Philippines,CHN->Partner,2016-11,2.025666261787153
Philippines,CHN->Partner,2016-12,2.0490452995282737
Philippines,CHN->Partner,2017-01,2.7815037141475987
Philippines,CHN->Partner,2017-02,1.7938310492933418
Philippines,CHN->Partner,2017-03,3.3932530067275053
Philippines,CHN->Partner,2017-04,0.9967000044423724
Philippines,CHN->Partner,2017-05,1.8629561334534177
Philippines,CHN->Partner,2017-06,3.3139953234383874
Philippines,CHN->Partner,2017-07,2.988582890053152
Philippines,CHN->Partner,2017-08,2.499217471568782
Philippines,CHN->Partner,2017-09,1.6382024361216967
Philippines,CHN->Partner,2017-10,3.8833825261227197
Philippines,CHN->Partner,2017-11,2.077811467429857
Philippines,CHN->Partner,2017-12,2.4516723823234514
Philippines,CHN->Partner,2018-01,1.73277184976852
Philippines,CHN->Partner,2018-02,2.534605461458982
Philippines,CHN->Partner,2018-03,2.9459339104841327
Philippines,CHN->Partner,2018-04,2.24642377375376
Philippines,CHN->Partner,2018-05,2.476745802366672
Philippines,CHN->Partner,2018-06,1.4600000000000009
Philippines,CHN->Partner,2018-07,4.135079958485694
Philippines,CHN->Partner,2018-08,3.3614950142800453
Philippines,CHN->Partner,2018-09,3.1056901462718542
Philippines,CHN->Partner,2018-10,2.109497708190183
Philippines,CHN->Partner,2018-11,3.3124557727870503
Philippines,CHN->Partner,2018-12,1.9000000000000004
Philippines,CHN->Partner,2019-01,3.4124147668214615
Philippines,CHN->Partner,2019-02,1.426329380905118
Philippines,CHN->Partner,2019-03,1.8308704941610667
Philippines,CHN->Partner,2019-04,2.0084574054145126
Philippines,CHN->Partner,2019-05,2.625843506337775
Philippines,CHN->Partner,2019-06,-2.056728080468723
Philippines,CHN->Partner,2019-07,1.5623680185966347
Philippines,CHN->Partner,2019-08,2.2505472096997767
Philippines,CHN->Partner,2019-09,2.048521793124653
Philippines,CHN->Partner,2019-10,2.4929765765049847
Philippines,CHN->Partner,2019-11,3.157689195915518
Philippines,CHN->Partner,2019-12,1.9629381171617712
Philippines,CHN->Partner,2020-01,3.8900685963191783
Philippines,CHN->Partner,2020-02,2.9087566255289
Philippines,CHN->Partner,2020-03,5.1354973793521985
Philippines,CHN->Partner,2020-04,-1.0574175964327495
Philippines,CHN->Partner,2020-05,-0.5
Philippines,CHN->Partner,2020-06,0.9012464477968756
Philippines,CHN->Partner,2020-07,0.7404138795030217
Philippines,CHN->Partner,2020-08,1.5496269340811732
Philippines,CHN->Partner,2020-09,2.069355045877307
Philippines,CHN->Partner,2020-10,4.641281470321278
Philippines,CHN->Partner,2020-11,7.23443102949669
Philippines,CHN->Partner,2020-12,-0.2500000000000018
Philippines,CHN->Partner,2021-01,3.6260818218510895
Philippines,CHN->Partner,2021-02,5.797654419313421
Philippines,CHN->Partner,2021-03,0.44270015224624615
Philippines,CHN->Partner,2021-04,3.0645920112313334
Philippines,CHN->Partner,2021-05,4.0964958454789855
Philippines,CHN->Partner,2021-06,3.766305841275935
Philippines,CHN->Partner,2021-07,5.728604778657171
Philippines,CHN->Partner,2021-08,3.623368071229322
Philippines,CHN->Partner,2021-09,0.8936758441564603
Philippines,CHN->Partner,2021-10,2.9999999999999964
Philippines,CHN->Partner,2021-11,-4.354221287987074
Philippines,CHN->Partner,2021-12,4.011189416473476
Philippines,CHN->Partner,2022-01,-0.983640263966576
Philippines,CHN->Partner,2022-02,1.9000000000000004
Philippines,CHN->Partner,2022-03,-1.1210594479951084
Philippines,CHN->Partner,2022-04,1.788744311721869
Philippines,CHN->Partner,2022-05,3.12827282360149
Philippines,CHN->Partner,2022-06,2.602948231386776
Philippines,CHN->Partner,2022-07,2.966759694966367
Philippines,CHN->Partner,2022-08,2.4673038304903354
Philippines,CHN->Partner,2022-09,4.285714285714285
Philippines,CHN->Partner,2022-10,-0.4858102497409913
Philippines,CHN->Partner,2022-11,2.5514073435739544
Philippines,CHN->Partner,2022-12,3.077726092959997
Philippines,CHN->Partner,2023-01,3.8127201796214827
Philippines,CHN->Partner,2023-02,0.9285279157063826
Philippines,CHN->Partner,2023-03,2.5917017682844445
Philippines,CHN->Partner,2023-04,1.897587246953817
Philippines,Partner->CHN,2002-01,2.28831119502469
Philippines,Partner->CHN,2002-02,0.6870974459432446
Philippines,Partner->CHN,2002-03,3.3843042511724555
Philippines,Partner->CHN,2002-04,1.7763568394002505e-15
Philippines,Partner->CHN,2002-05,1.7763568394002505e-15
Philippines,Partner->CHN,2002-06,1.5434451770553963
Philippines,Partner->CHN,2002-07,3.303456082708575
Philippines,Partner->CHN,2002-08,0.9600000000000026
Philippines,Partner->CHN,2002-09,0.8676675163654259
Philippines,Partner->CHN,2002-10,6.9999999999999964
Philippines,Partner->CHN,2002-11,2.367982813655308
Philippines,Partner->CHN,2002-12,1.7763568394002505e-15
Philippines,Partner->CHN,2003-01,0.9516761256470865
Philippines,Partner->CHN,2003-02,2.3000000000000025
Philippines,Partner->CHN,2003-03,2.2987995223019535
Philippines,Partner->CHN,2003-04,-1.2200000000000006
Philippines,Partner->CHN,2003-05,-5.0
Philippines,Partner->CHN,2003-06,3.3999999999999986
Philippines,Partner->CHN,2003-07,-0.5
Philippines,Partner->CHN,2003-08,2.6971987408521922
Philippines,Partner->CHN,2003-09,2.7227678836182143
Philippines,Partner->CHN,2003-10,1.5484471267079947
Philippines,Partner->CHN,2003-11,0.8000000000000007
Philippines,Partner->CHN,2003-12,-2.0089471648383697
Philippines,Partner->CHN,2004-01,1.7763568394002505e-15
Philippines,Partner->CHN,2004-02,0.6326883634397475
Philippines,Partner->CHN,2004-03,4.133333333333331
Philippines,Partner->CHN,2004-04,0.5705705950668492
Philippines,Partner->CHN,2004-05,3.696938456699071
Philippines,Partner->CHN,2004-06,1.0
Philippines,Partner->CHN,2004-07,-0.2500000000000018
Philippines,Partner->CHN,2004-08,2.172625584313078
Philippines,Partner->CHN,2004-09,1.8139870202601074
Philippines,Partner->CHN,2004-10,2.6754320673303162
Philippines,Partner->CHN,2004-11,1.8630540597031757
Philippines,Partner->CHN,2004-12,0.3415404860641278
Philippines,Partner->CHN,2005-01,-0.9999999999999982
Philippines,Partner->CHN,2005-02,-0.051589140444955106
Philippines,Partner->CHN,2005-03,2.8813506333942165
Philippines,Partner->CHN,2005-04,3.825514464939973
Philippines,Partner->CHN,2005-05,2.1022421007845544
Philippines,Partner->CHN,2005-06,0.6333333333333364
Philippines,Partner->CHN,2005-07,1.6399999999999988
Philippines,Partner->CHN,2005-08,7.9999999999999964
Philippines,Partner->CHN,2005-09,1.4000000000000004
Philippines,Partner->CHN,2005-10,1.333333333333334
Philippines,Partner->CHN,2005-11,3.600281529183313
Philippines,Partner->CHN,2005-12,-2.005502657597754
Philippines,Partner->CHN,2006-01,0.9333333333333371
Philippines,Partner->CHN,2006-02,4.0
Philippines,Partner->CHN,2006-03,3.3999999999999986
Philippines,Partner->CHN,2006-04,1.216668318138371
Philippines,Partner->CHN,2006-05,2.5500000000000043
Philippines,Partner->CHN,2006-06,2.493852268435095
Philippines,Partner->CHN,2006-07,-0.11806527080182683
Philippines,Partner->CHN,2006-08,-2.1666666666666643
Philippines,Partner->CHN,2006-09,3.0974349484710864
Philippines,Partner->CHN,2006-10,1.6062379204063202
Philippines,Partner->CHN,2006-11,2.1249235325682037
Philippines,Partner->CHN,2006-12,1.5036172156155008
Philippines,Partner->CHN,2007-01,0.8462043471428036
Philippines,Partner->CHN,2007-02,2.8000000000000025
Philippines,Partner->CHN,2007-03,2.8000000000000025
Philippines,Partner->CHN,2007-04,2.5496347069988072
Philippines,Partner->CHN,2007-05,0.34999999999999964
Philippines,Partner->CHN,2007-06,2.5707184870527833
Philippines,Partner->CHN,2007-07,2.6402188229174115
Philippines,Partner->CHN,2007-08,2.7847286212759226
Philippines,Partner->CHN,2007-09,0.7687385510353124
Philippines,Partner->CHN,2007-10,2.262862915980616
Philippines,Partner->CHN,2007-11,0.5628415285370583
Philippines,Partner->CHN,2007-12,1.0
Philippines,Partner->CHN,2008-01,1.9827575010592415
Philippines,Partner->CHN,2008-02,1.469149737674016
Philippines,Partner->CHN,2008-03,1.3485471559575686
Philippines,Partner->CHN,2008-04,-3.1895565361067577
Philippines,Partner->CHN,2008-05,3.3220374206136523
Philippines,Partner->CHN,2008-06,2.679316387680263
Philippines,Partner->CHN,2008-07,2.0654383408418777
Philippines,Partner->CHN,2008-08,1.4791089116178604
Philippines,Partner->CHN,2008-09,1.700000000000001
Philippines,Partner->CHN,2008-10,1.9980082616146007
Philippines,Partner->CHN,2008-11,0.4999999999999982
Philippines,Partner->CHN,2008-12,-0.5122702960282961
Philippines,Partner->CHN,2009-01,1.4499999999999993
Philippines,Partner->CHN,2009-02,-1.0732766599268402
Philippines,Partner->CHN,2009-03,0.5146024279024584
Philippines,Partner->CHN,2009-04,0.7481875488460101
Philippines,Partner->CHN,2009-05,1.406960293123511
Philippines,Partner->CHN,2009-06,-0.000795630345887588
Philippines,Partner->CHN,2009-07,1.9629301360107405
Philippines,Partner->CHN,2009-08,0.34109207242938844
Philippines,Partner->CHN,2009-09,0.9061707048224079
Philippines,Partner->CHN,2009-10,4.648047538340451
Philippines,Partner->CHN,2009-11,1.7984820159590633
Philippines,Partner->CHN,2009-12,-1.0500000000000007
Philippines,Partner->CHN,2010-01,-1.9999999999999982
Philippines,Partner->CHN,2010-02,-1.791537804006893
Philippines,Partner->CHN,2010-03,0.1333333333333364
Philippines,Partner->CHN,2010-04,1.9508092855286456
Philippines,Partner->CHN,2010-05,1.0
Philippines,Partner->CHN,2010-06,1.1098506106829227
Philippines,Partner->CHN,2010-07,0.1489390442142664
Philippines,Partner->CHN,2010-08,0.5542172000679617
Philippines,Partner->CHN,2010-09,1.601586779119792
Philippines,Partner->CHN,2010-10,0.7682513689883663
Philippines,Partner->CHN,2010-11,1.0
Philippines,Partner->CHN,2010-12,1.8250596292104948
Philippines,Partner->CHN,2011-01,1.0
Philippines,Partner->CHN,2011-02,4.7592729696644085
Philippines,Partner->CHN,2011-03,1.1220476688104757
Philippines,Partner->CHN,2011-04,-0.2500000000000018
Philippines,Partner->CHN,2011-05,2.075330328796648
Philippines,Partner->CHN,2011-06,-0.620051097726579
Philippines,Partner->CHN,2011-07,1.4045070849905628
Philippines,Partner->CHN,2011-08,2.218957144469554
Philippines,Partner->CHN,2011-09,1.4293412391669538
Philippines,Partner->CHN,2011-10,1.5589059099337863
Philippines,Partner->CHN,2011-11,1.1568161793081053
Philippines,Partner->CHN,2011-12,0.6396860606565635
Philippines,Partner->CHN,2012-01,-0.7660825442927042
Philippines,Partner->CHN,2012-02,-2.975028347623155
Philippines,Partner->CHN,2012-03,1.4999999999999964
Philippines,Partner->CHN,2012-04,-0.5611802262816141
Philippines,Partner->CHN,2012-05,-0.32311099108385477
Philippines,Partner->CHN,2012-06,0.2058991255689122
Philippines,Partner->CHN,2012-07,-0.39522940553586317
Philippines,Partner->CHN,2012-08,-0.8150653540371167
Philippines,Partner->CHN,2012-09,0.0794799975693099
Philippines,Partner->CHN,2012-10,2.2077014559447132
Philippines,Partner->CHN,2012-11,-2.479247509467486
Philippines,Partner->CHN,2012-12,-1.5999999999999979
Philippines,Partner->CHN,2013-01,-1.4447122653686595
Philippines,Partner->CHN,2013-02,-0.7999999999999972
Philippines,Partner->CHN,2013-03,2.4000000000000004
Philippines,Partner->CHN,2013-04,0.13980081356452345
Philippines,Partner->CHN,2013-05,0.2971709275765111
Philippines,Partner->CHN,2013-06,-1.2151844956556133
Philippines,Partner->CHN,2013-07,-1.6024582658012108
Philippines,Partner->CHN,2013-08,-1.4275894873903585
Philippines,Partner->CHN,2013-09,-0.3541717746803883
Philippines,Partner->CHN,2013-10,3.8333333333333304
Philippines,Partner->CHN,2013-11,-0.4925259719892434
Philippines,Partner->CHN,2013-12,-5.0
Philippines,Partner->CHN,2014-01,-1.7499999999999982
Philippines,Partner->CHN,2014-02,-0.707344500144357
Philippines,Partner->CHN,2014-03,-1.334120307357189
Philippines,Partner->CHN,2014-04,-3.0000000000000018
Philippines,Partner->CHN,2014-05,-3.0758667694363053
Philippines,Partner->CHN,2014-06,-0.4827613729259088
Philippines,Partner->CHN,2014-07,-1.6158903095021024
Philippines,Partner->CHN,2014-08,-1.6349020972141126
Philippines,Partner->CHN,2014-09,-0.7580548686900404
Philippines,Partner->CHN,2014-10,-0.27030374976701843
Philippines,Partner->CHN,2014-11,0.4557284705051128
Philippines,Partner->CHN,2014-12,0.5085459864732975
Philippines,Partner->CHN,2015-01,-0.822528427615774
Philippines,Partner->CHN,2015-02,-0.5612689803901514
Philippines,Partner->CHN,2015-03,-1.566858829703376
Philippines,Partner->CHN,2015-04,-0.38307889639247605
Philippines,Partner->CHN,2015-05,-2.0953714391501173
Philippines,Partner->CHN,2015-06,1.0933856981944867
Philippines,Partner->CHN,2015-07,-1.9999999999999982
Philippines,Partner->CHN,2015-08,-5.320671176810904
Philippines,Partner->CHN,2015-09,-0.09264127337651828
Philippines,Partner->CHN,2015-10,-0.03994791155832722
Philippines,Partner->CHN,2015-11,0.2763286359631749
Philippines,Partner->CHN,2015-12,-3.3100251257867566
Philippines,Partner->CHN,2016-01,-1.1432264499471785
Philippines,Partner->CHN,2016-02,-1.58531787015826
Philippines,Partner->CHN,2016-03,-0.17358448884290745
Philippines,Partner->CHN,2016-04,-1.510230754610987
Philippines,Partner->CHN,2016-05,-0.9508715753700212
Philippines,Partner->CHN,2016-06,-0.28412343844478727
Philippines,Partner->CHN,2016-07,-1.3166604299495095
Philippines,Partner->CHN,2016-08,1.7535463638651443
Philippines,Partner->CHN,2016-09,2.0813838320067592
Philippines,Partner->CHN,2016-10,2.0399072863525305
Philippines,Partner->CHN,2016-11,1.1576907831838987
Philippines,Partner->CHN,2016-12,0.2081314775736729
Philippines,Partner->CHN,2017-01,1.345280597812362
Philippines,Partner->CHN,2017-02,0.7219820786270859
Philippines,Partner->CHN,2017-03,2.430543874923073
Philippines,Partner->CHN,2017-04,1.506590830792474
Philippines,Partner->CHN,2017-05,2.639651829543883
Philippines,Partner->CHN,2017-06,2.089014123981828
Philippines,Partner->CHN,2017-07,-0.8072597223669913
Philippines,Partner->CHN,2017-08,1.4480676087382864
Philippines,Partner->CHN,2017-09,1.7261340084934211
Philippines,Partner->CHN,2017-10,2.709508903777932
Philippines,Partner->CHN,2017-11,1.8310010355459099
Philippines,Partner->CHN,2017-12,2.9999999999999964
Philippines,Partner->CHN,2018-01,0.384330772644752
Philippines,Partner->CHN,2018-02,1.095724593896053
Philippines,Partner->CHN,2018-03,1.1844891145168113
Philippines,Partner->CHN,2018-04,2.3272692332596616
Philippines,Partner->CHN,2018-05,0.3362085537409705
Philippines,Partner->CHN,2018-06,-0.628724052297418
Philippines,Partner->CHN,2018-07,0.29807211938776135
Philippines,Partner->CHN,2018-08,1.237331415485043
Philippines,Partner->CHN,2018-09,1.2804322112430366
Philippines,Partner->CHN,2018-10,1.6454194306750445
Philippines,Partner->CHN,2018-11,1.8548199043341622
Philippines,Partner->CHN,2018-12,0.9333333333333371
Philippines,Partner->CHN,2019-01,2.473354907843685
Philippines,Partner->CHN,2019-02,1.7572163663564258
Philippines,Partner->CHN,2019-03,1.252322230480031
Philippines,Partner->CHN,2019-04,0.10249185594939192
Philippines,Partner->CHN,2019-05,1.8665487267539387
Philippines,Partner->CHN,2019-06,-0.5215931373357794
Philippines,Partner->CHN,2019-07,1.351824743418387
Philippines,Partner->CHN,2019-08,1.848497693116375
Philippines,Partner->CHN,2019-09,-0.9401796377610356
Philippines,Partner->CHN,2019-10,1.9829839368744278
Philippines,Partner->CHN,2019-11,1.2634175406391375
Philippines,Partner->CHN,2019-12,-0.7904313539868966
Philippines,Partner->CHN,2020-01,-0.5750688443544512
Philippines,Partner->CHN,2020-02,1.1113692754884195
Philippines,Partner->CHN,2020-03,2.8000000000000025
Philippines,Partner->CHN,2020-04,-0.07669112386080457
Philippines,Partner->CHN,2020-05,-3.1526264567291165
Philippines,Partner->CHN,2020-06,-0.31514909556626236
Philippines,Partner->CHN,2020-07,-0.439933353824852
Philippines,Partner->CHN,2020-08,-1.1859762120566657
Philippines,Partner->CHN,2020-09,1.9454443432425332
Philippines,Partner->CHN,2020-10,3.023184521143481
Philippines,Partner->CHN,2020-11,3.086648233408617
Philippines,Partner->CHN,2020-12,1.7499999999999964
Philippines,Partner->CHN,2021-01,1.943269786792854
Philippines,Partner->CHN,2021-02,-0.33082455433718216
Philippines,Partner->CHN,2021-03,0.9734725627411311
Philippines,Partner->CHN,2021-04,2.323701762034652
Philippines,Partner->CHN,2021-05,1.107075086429198
Philippines,Partner->CHN,2021-06,-2.394434374376651
Philippines,Partner->CHN,2021-07,0.4747579989764219
Philippines,Partner->CHN,2021-08,0.37772023650816955
Philippines,Partner->CHN,2021-09,2.1993097898135066
Philippines,Partner->CHN,2021-10,-0.08539874614617027
Philippines,Partner->CHN,2021-11,-0.7762361996542584
Philippines,Partner->CHN,2021-12,3.133333333333331
Philippines,Partner->CHN,2022-01,-3.9463429089360016
Philippines,Partner->CHN,2022-02,2.8000000000000025
Philippines,Partner->CHN,2022-03,1.3838624992450388
Philippines,Partner->CHN,2022-04,2.806745904044403
Philippines,Partner->CHN,2022-05,1.622891572488264
Philippines,Partner->CHN,2022-06,1.2419146441560667
Philippines,Partner->CHN,2022-07,1.88168009735055
Philippines,Partner->CHN,2022-08,1.9005861943515558
Philippines,Partner->CHN,2022-09,1.8019291938969637
Philippines,Partner->CHN,2022-10,1.5367981956428753
Philippines,Partner->CHN,2022-11,2.1833329534395247
Philippines,Partner->CHN,2022-12,1.6230048195826718
Philippines,Partner->CHN,2023-01,2.1417478758828405
Philippines,Partner->CHN,2023-02,-0.534432156055642
Philippines,Partner->CHN,2023-03,0.9294734543189112
Philippines,Partner->CHN,2023-04,2.326034811470798
Russia,Aggregated,2002-01,2.673997175566324
Russia,Aggregated,2002-02,2.992272378835734
Russia,Aggregated,2002-03,3.0459681637567773
Russia,Aggregated,2002-04,2.660285827599113
Russia,Aggregated,2002-05,2.1837831558012066
Russia,Aggregated,2002-06,2.743459395854474
Russia,Aggregated,2002-07,3.3290392799994137
Russia,Aggregated,2002-08,2.4058815269203713
Russia,Aggregated,2002-09,2.2248983214252203
Russia,Aggregated,2002-10,2.2366950319594032
Russia,Aggregated,2002-11,3.7637418229220856
Russia,Aggregated,2002-12,2.1243574933769125
Russia,Aggregated,2003-01,3.192240587280306
Russia,Aggregated,2003-02,2.1895641836537862
Russia,Aggregated,2003-03,2.212007441543035
Russia,Aggregated,2003-04,1.7522604013278524
Russia,Aggregated,2003-05,2.423715834953171
Russia,Aggregated,2003-06,2.2280551745549904
Russia,Aggregated,2003-07,1.5268228610896752
Russia,Aggregated,2003-08,2.542867896912183
Russia,Aggregated,2003-09,2.8470996628261123
Russia,Aggregated,2003-10,2.5189163375440167
Russia,Aggregated,2003-11,2.1981866753683494
Russia,Aggregated,2003-12,2.4117299029726915
Russia,Aggregated,2004-01,2.705973364374543
Russia,Aggregated,2004-02,3.106329277349804
Russia,Aggregated,2004-03,2.2669345870855118
Russia,Aggregated,2004-04,3.0783989297977286
Russia,Aggregated,2004-05,2.2945182990690984
Russia,Aggregated,2004-06,2.1201743818461285
Russia,Aggregated,2004-07,2.7299645076572663
Russia,Aggregated,2004-08,4.113251490367881
Russia,Aggregated,2004-09,3.0519852188093513
Russia,Aggregated,2004-10,2.5257346113356682
Russia,Aggregated,2004-11,2.1734364478354884
Russia,Aggregated,2004-12,2.5901306453066617
Russia,Aggregated,2005-01,2.5213591226931413
Russia,Aggregated,2005-02,2.40724014633302
Russia,Aggregated,2005-03,2.017594780210768
Russia,Aggregated,2005-04,2.838893021826772
Russia,Aggregated,2005-05,2.1923592168501767
Russia,Aggregated,2005-06,2.9941195195360333
Russia,Aggregated,2005-07,2.6137324225905516
Russia,Aggregated,2005-08,2.641354748357058
Russia,Aggregated,2005-09,2.5917151620299936
Russia,Aggregated,2005-10,2.898012994882059
Russia,Aggregated,2005-11,2.406281424040886
Russia,Aggregated,2005-12,2.8788736884022654
Russia,Aggregated,2006-01,1.8510140812230524
Russia,Aggregated,2006-02,2.82250648706464
Russia,Aggregated,2006-03,2.8276843451533225
Russia,Aggregated,2006-04,2.96474065431023
Russia,Aggregated,2006-05,2.4476920147173296
Russia,Aggregated,2006-06,2.276641055192023
Russia,Aggregated,2006-07,2.1827504968110176
Russia,Aggregated,2006-08,2.7495606939820743
Russia,Aggregated,2006-09,1.6371839665744137
Russia,Aggregated,2006-10,2.448562687482559
Russia,Aggregated,2006-11,2.8589178557885973
Russia,Aggregated,2006-12,2.7673018997129795
Russia,Aggregated,2007-01,1.5469286186680122
Russia,Aggregated,2007-02,2.6821418940955812
Russia,Aggregated,2007-03,2.90458166189325
Russia,Aggregated,2007-04,3.195549601570919
Russia,Aggregated,2007-05,3.040969500280653
Russia,Aggregated,2007-06,2.052024792529002
Russia,Aggregated,2007-07,2.405560151548457
Russia,Aggregated,2007-08,3.458330777121672
Russia,Aggregated,2007-09,3.476076476842433
Russia,Aggregated,2007-10,3.3070570550695706
Russia,Aggregated,2007-11,2.761346644063673
Russia,Aggregated,2007-12,2.808139793221031
Russia,Aggregated,2008-01,3.3758408708521053
Russia,Aggregated,2008-02,2.3038948785961217
Russia,Aggregated,2008-03,2.3355013819352948
Russia,Aggregated,2008-04,2.0994392535909903
Russia,Aggregated,2008-05,2.7043666622482867
Russia,Aggregated,2008-06,3.354958503587575
Russia,Aggregated,2008-07,2.7422183798568494
Russia,Aggregated,2008-08,2.440494201919659
Russia,Aggregated,2008-09,3.4457996292450694
Russia,Aggregated,2008-10,3.173615743114768
Russia,Aggregated,2008-11,2.408010042706186
Russia,Aggregated,2008-12,3.1857540224466128
Russia,Aggregated,2009-01,2.533469855968301
Russia,Aggregated,2009-02,1.166558390826463
Russia,Aggregated,2009-03,2.789332722148055
Russia,Aggregated,2009-04,2.8843296263788023
Russia,Aggregated,2009-05,2.2954847441462185
Russia,Aggregated,2009-06,2.0433888087452914
Russia,Aggregated,2009-07,2.249415936012431
Russia,Aggregated,2009-08,2.6137387417138935
Russia,Aggregated,2009-09,2.3540713686392625
Russia,Aggregated,2009-10,2.347952445478928
Russia,Aggregated,2009-11,2.4911333968741953
Russia,Aggregated,2009-12,1.8166525666606113
Russia,Aggregated,2010-01,0.8283583663436218
Russia,Aggregated,2010-02,2.145817945709606
Russia,Aggregated,2010-03,2.3392070667575258
Russia,Aggregated,2010-04,3.2212226437598996
Russia,Aggregated,2010-05,2.5585333378656365
Russia,Aggregated,2010-06,2.129544108570803
Russia,Aggregated,2010-07,1.926195918095571
Russia,Aggregated,2010-08,1.3541761944614272
Russia,Aggregated,2010-09,1.6402729984156625
Russia,Aggregated,2010-10,3.0522939502929987
Russia,Aggregated,2010-11,2.8596505003769632
Russia,Aggregated,2010-12,2.354610609143835
Russia,Aggregated,2011-01,2.5748148765233037
Russia,Aggregated,2011-02,2.7795784810380635
Russia,Aggregated,2011-03,2.6747976909072104
Russia,Aggregated,2011-04,2.579432338543727
Russia,Aggregated,2011-05,1.78823236953364
Russia,Aggregated,2011-06,3.029620293871636
Russia,Aggregated,2011-07,2.3778831701495022
Russia,Aggregated,2011-08,1.4790132575039703
Russia,Aggregated,2011-09,2.513844741931033
Russia,Aggregated,2011-10,2.4360847650204676
Russia,Aggregated,2011-11,1.2504616948868126
Russia,Aggregated,2011-12,0.7547872390586701
Russia,Aggregated,2012-01,4.0166666666666675
Russia,Aggregated,2012-02,2.0670391864576754
Russia,Aggregated,2012-03,1.9561603261837384
Russia,Aggregated,2012-04,1.9403481082337564
Russia,Aggregated,2012-05,2.3872270861932314
Russia,Aggregated,2012-06,2.2112375955731416
Russia,Aggregated,2012-07,2.637865660819971
Russia,Aggregated,2012-08,2.177359721343443
Russia,Aggregated,2012-09,1.557237959950779
Russia,Aggregated,2012-10,0.7758618189831381
Russia,Aggregated,2012-11,2.844103454484646
Russia,Aggregated,2012-12,2.030982982563687
Russia,Aggregated,2013-01,2.124710156414068
Russia,Aggregated,2013-02,2.806535715047767
Russia,Aggregated,2013-03,2.731143149701577
Russia,Aggregated,2013-04,2.4033669379175855
Russia,Aggregated,2013-05,2.691262701479477
Russia,Aggregated,2013-06,1.2763028227930864
Russia,Aggregated,2013-07,1.6371709969529569
Russia,Aggregated,2013-08,2.412742306454369
Russia,Aggregated,2013-09,2.5639031891404986
Russia,Aggregated,2013-10,2.624961307359481
Russia,Aggregated,2013-11,3.499548529048747
Russia,Aggregated,2013-12,3.0431804382508822
Russia,Aggregated,2014-01,4.351529502161638
Russia,Aggregated,2014-02,2.6323678687098067
Russia,Aggregated,2014-03,1.0555665896555517
Russia,Aggregated,2014-04,3.0877142726668705
Russia,Aggregated,2014-05,3.845262845710849
Russia,Aggregated,2014-06,3.309134676493903
Russia,Aggregated,2014-07,2.373878077156556
Russia,Aggregated,2014-08,3.4621576525407427
Russia,Aggregated,2014-09,2.713352811411916
Russia,Aggregated,2014-10,2.882932876096026
Russia,Aggregated,2014-11,2.8425716805515204
Russia,Aggregated,2014-12,2.132796367244511
Russia,Aggregated,2015-01,2.58699627964417
Russia,Aggregated,2015-02,2.625117043979248
Russia,Aggregated,2015-03,2.5375574195399935
Russia,Aggregated,2015-04,3.896385709108486
Russia,Aggregated,2015-05,3.5087043928313104
Russia,Aggregated,2015-06,2.802066842777382
Russia,Aggregated,2015-07,4.362466046431825
Russia,Aggregated,2015-08,3.5637094118177526
Russia,Aggregated,2015-09,2.767272389369044
Russia,Aggregated,2015-10,2.4143266079982073
Russia,Aggregated,2015-11,2.0040378052161376
Russia,Aggregated,2015-12,3.238792150771193
Russia,Aggregated,2016-01,4.413747632328539
Russia,Aggregated,2016-02,2.763351849886506
Russia,Aggregated,2016-03,2.371192412448135
Russia,Aggregated,2016-04,2.635851732314819
Russia,Aggregated,2016-05,2.69010740542061
Russia,Aggregated,2016-06,2.7755201377968284
Russia,Aggregated,2016-07,2.7015251152140642
Russia,Aggregated,2016-08,2.5364528534471855
Russia,Aggregated,2016-09,2.283558384230675
Russia,Aggregated,2016-10,3.3904128984807578
Russia,Aggregated,2016-11,3.002935236980994
Russia,Aggregated,2016-12,2.532013898726081
Russia,Aggregated,2017-01,2.102266028285385
Russia,Aggregated,2017-02,1.5659039232003487
Russia,Aggregated,2017-03,2.9650753113417956
Russia,Aggregated,2017-04,2.7922297595617387
Russia,Aggregated,2017-05,2.6215192733739947
Russia,Aggregated,2017-06,2.9865914959403383
Russia,Aggregated,2017-07,2.753965818062703
Russia,Aggregated,2017-08,3.1177584057710774
Russia,Aggregated,2017-09,2.960615804879394
Russia,Aggregated,2017-10,3.1665753727983343
Russia,Aggregated,2017-11,2.38062773037419
Russia,Aggregated,2017-12,2.4420105468320727
Russia,Aggregated,2018-01,2.9366693375754256
Russia,Aggregated,2018-02,2.1721561862394196
Russia,Aggregated,2018-03,2.929329296720473
Russia,Aggregated,2018-04,2.441057542529741
Russia,Aggregated,2018-05,3.491987146138854
Russia,Aggregated,2018-06,2.2927472229954162
Russia,Aggregated,2018-07,2.568700859830443
Russia,Aggregated,2018-08,3.091219995541108
Russia,Aggregated,2018-09,2.801632540812575
Russia,Aggregated,2018-10,3.3947194216795626
Russia,Aggregated,2018-11,2.632066218584617
Russia,Aggregated,2018-12,2.2529950181230642
Russia,Aggregated,2019-01,2.5616686184019386
Russia,Aggregated,2019-02,2.682966298766118
Russia,Aggregated,2019-03,2.9242856352568154
Russia,Aggregated,2019-04,2.2439672865108538
Russia,Aggregated,2019-05,2.605501764191862
Russia,Aggregated,2019-06,2.659531396997817
Russia,Aggregated,2019-07,2.197634249272566
Russia,Aggregated,2019-08,1.9170225517564816
Russia,Aggregated,2019-09,2.7829267424636495
Russia,Aggregated,2019-10,2.8094523188237535
Russia,Aggregated,2019-11,3.5302849756296464
Russia,Aggregated,2019-12,2.094657481288916
Russia,Aggregated,2020-01,2.82783917820478
Russia,Aggregated,2020-02,2.4822381414781827
Russia,Aggregated,2020-03,1.46894200610339
Russia,Aggregated,2020-04,3.877863820125116
Russia,Aggregated,2020-05,3.481032739468212
Russia,Aggregated,2020-06,2.1203878466699884
Russia,Aggregated,2020-07,1.6639698996033658
Russia,Aggregated,2020-08,2.8433579204461346
Russia,Aggregated,2020-09,2.286033473901865
Russia,Aggregated,2020-10,3.3194205437653554
Russia,Aggregated,2020-11,3.0482053824265893
Russia,Aggregated,2020-12,2.1863385364005676
Russia,Aggregated,2021-01,0.9397088192867109
Russia,Aggregated,2021-02,2.644155779276268
Russia,Aggregated,2021-03,2.992522356337261
Russia,Aggregated,2021-04,2.4095141291573174
Russia,Aggregated,2021-05,2.6263669625540924
Russia,Aggregated,2021-06,2.184922249944618
Russia,Aggregated,2021-07,2.3627230035250477
Russia,Aggregated,2021-08,2.7323349793572227
Russia,Aggregated,2021-09,3.1201286838274527
Russia,Aggregated,2021-10,2.4883553409480594
Russia,Aggregated,2021-11,3.1164811695260486
Russia,Aggregated,2021-12,2.5507435277380033
Russia,Aggregated,2022-01,2.2676801088293335
Russia,Aggregated,2022-02,2.5519163390668673
Russia,Aggregated,2022-03,2.0887182446162473
Russia,Aggregated,2022-04,1.6004334639004085
Russia,Aggregated,2022-05,1.259506151659135
Russia,Aggregated,2022-06,1.2865128632247966
Russia,Aggregated,2022-07,2.3391443617178513
Russia,Aggregated,2022-08,2.4793567841313013
Russia,Aggregated,2022-09,2.6612218587938568
Russia,Aggregated,2022-10,2.630523714365413
Russia,Aggregated,2022-11,1.395975311174503
Russia,Aggregated,2022-12,2.409708756600123
Russia,Aggregated,2023-01,3.249616649215918
Russia,Aggregated,2023-02,2.3770998149086076
Russia,Aggregated,2023-03,2.4596936627932457
Russia,Aggregated,2023-04,1.5517643833378987
Russia,CHN->Partner,2002-01,2.4932131837460236
Russia,CHN->Partner,2002-02,2.652502108385889
Russia,CHN->Partner,2002-03,3.238378353533925
Russia,CHN->Partner,2002-04,3.1694684300994282
Russia,CHN->Partner,2002-05,2.514032649041816
Russia,CHN->Partner,2002-06,2.7277461717797156
Russia,CHN->Partner,2002-07,3.469026128194722
Russia,CHN->Partner,2002-08,2.550419759595803
Russia,CHN->Partner,2002-09,2.04056450183848
Russia,CHN->Partner,2002-10,2.475039048320424
Russia,CHN->Partner,2002-11,3.6917929165094225
Russia,CHN->Partner,2002-12,2.2190059176977073
Russia,CHN->Partner,2003-01,3.2392860526282625
Russia,CHN->Partner,2003-02,2.448269351370369
Russia,CHN->Partner,2003-03,2.2695242904048616
Russia,CHN->Partner,2003-04,2.108344047512224
Russia,CHN->Partner,2003-05,2.4462409253025896
Russia,CHN->Partner,2003-06,2.06789242198351
Russia,CHN->Partner,2003-07,1.0952914095060198
Russia,CHN->Partner,2003-08,2.9224511557413564
Russia,CHN->Partner,2003-09,2.8298510508180925
Russia,CHN->Partner,2003-10,2.440309853654499
Russia,CHN->Partner,2003-11,2.1408162082572275
Russia,CHN->Partner,2003-12,2.4419950110776583
Russia,CHN->Partner,2004-01,2.5872559653157587
Russia,CHN->Partner,2004-02,3.167092850920593
Russia,CHN->Partner,2004-03,2.456133310746294
Russia,CHN->Partner,2004-04,3.2440604070927375
Russia,CHN->Partner,2004-05,2.2975011411445685
Russia,CHN->Partner,2004-06,2.3188715630347865
Russia,CHN->Partner,2004-07,2.819732110053293
Russia,CHN->Partner,2004-08,4.245077153162798
Russia,CHN->Partner,2004-09,3.0598119753775066
Russia,CHN->Partner,2004-10,2.8700501992325016
Russia,CHN->Partner,2004-11,2.507083971455481
Russia,CHN->Partner,2004-12,3.269050504146362
Russia,CHN->Partner,2005-01,3.0254961570071846
Russia,CHN->Partner,2005-02,3.0691950179675107
Russia,CHN->Partner,2005-03,2.4550951125799205
Russia,CHN->Partner,2005-04,3.054939017072334
Russia,CHN->Partner,2005-05,2.438713206899193
Russia,CHN->Partner,2005-06,2.9996178729489973
Russia,CHN->Partner,2005-07,2.5138667700256203
Russia,CHN->Partner,2005-08,3.407698385193047
Russia,CHN->Partner,2005-09,2.891147127371898
Russia,CHN->Partner,2005-10,3.8566153349095718
Russia,CHN->Partner,2005-11,2.909338666944624
Russia,CHN->Partner,2005-12,2.9807921370264605
Russia,CHN->Partner,2006-01,2.0244757889405225
Russia,CHN->Partner,2006-02,3.501251745951194
Russia,CHN->Partner,2006-03,3.0113720800201804
Russia,CHN->Partner,2006-04,3.1198334323402417
Russia,CHN->Partner,2006-05,2.4838708832689136
Russia,CHN->Partner,2006-06,2.514406013296661
Russia,CHN->Partner,2006-07,2.3039390054307347
Russia,CHN->Partner,2006-08,3.1035994238485074
Russia,CHN->Partner,2006-09,2.30594386021834
Russia,CHN->Partner,2006-10,2.409642239146244
Russia,CHN->Partner,2006-11,2.9633341913755267
Russia,CHN->Partner,2006-12,2.8799763441412853
Russia,CHN->Partner,2007-01,2.9552481995800832
Russia,CHN->Partner,2007-02,2.756694329557101
Russia,CHN->Partner,2007-03,3.2863324386871273
Russia,CHN->Partner,2007-04,3.4173558728418314
Russia,CHN->Partner,2007-05,3.2864142049398417
Russia,CHN->Partner,2007-06,2.4558662007374377
Russia,CHN->Partner,2007-07,2.8791135361848106
Russia,CHN->Partner,2007-08,4.070172209928211
Russia,CHN->Partner,2007-09,3.656619847894456
Russia,CHN->Partner,2007-10,3.5473030906805842
Russia,CHN->Partner,2007-11,2.9249712326902912
Russia,CHN->Partner,2007-12,2.307780368201824
Russia,CHN->Partner,2008-01,3.7847711309983314
Russia,CHN->Partner,2008-02,2.604182989257197
Russia,CHN->Partner,2008-03,2.600006930756111
Russia,CHN->Partner,2008-04,2.7765517362665193
Russia,CHN->Partner,2008-05,2.382446166006014
Russia,CHN->Partner,2008-06,3.0696423669307684
Russia,CHN->Partner,2008-07,3.1925615290233917
Russia,CHN->Partner,2008-08,2.3734751844308573
Russia,CHN->Partner,2008-09,3.295701333708397
Russia,CHN->Partner,2008-10,3.1395201998173032
Russia,CHN->Partner,2008-11,2.5342370811683725
Russia,CHN->Partner,2008-12,3.3580096628099945
Russia,CHN->Partner,2009-01,2.811628750340164
Russia,CHN->Partner,2009-02,1.5769623666946764
Russia,CHN->Partner,2009-03,3.257236089808517
Russia,CHN->Partner,2009-04,2.9010479206134825
Russia,CHN->Partner,2009-05,2.4529469161047803
Russia,CHN->Partner,2009-06,2.537987597621079
Russia,CHN->Partner,2009-07,2.292712762174295
Russia,CHN->Partner,2009-08,3.3030467151909004
Russia,CHN->Partner,2009-09,2.409740249664642
Russia,CHN->Partner,2009-10,2.3176426774364796
Russia,CHN->Partner,2009-11,3.363433188795085
Russia,CHN->Partner,2009-12,2.8739905257008065
Russia,CHN->Partner,2010-01,0.5018739186078154
Russia,CHN->Partner,2010-02,2.073419872498084
Russia,CHN->Partner,2010-03,2.6463964835444944
Russia,CHN->Partner,2010-04,2.3689370065585855
Russia,CHN->Partner,2010-05,2.9549418625844
Russia,CHN->Partner,2010-06,2.1400643575448832
Russia,CHN->Partner,2010-07,1.8735801074510103
Russia,CHN->Partner,2010-08,0.5243466737266438
Russia,CHN->Partner,2010-09,2.7341518240993015
Russia,CHN->Partner,2010-10,3.1457302164595546
Russia,CHN->Partner,2010-11,2.930814467785398
Russia,CHN->Partner,2010-12,3.275045731154572
Russia,CHN->Partner,2011-01,2.5473106919383586
Russia,CHN->Partner,2011-02,2.8171698744920697
Russia,CHN->Partner,2011-03,2.6153361556503523
Russia,CHN->Partner,2011-04,2.703158150818423
Russia,CHN->Partner,2011-05,1.6723647002614825
Russia,CHN->Partner,2011-06,3.0753164673323887
Russia,CHN->Partner,2011-07,2.3288433126453327
Russia,CHN->Partner,2011-08,1.5138011791715886
Russia,CHN->Partner,2011-09,2.709080194982967
Russia,CHN->Partner,2011-10,2.836061079985253
Russia,CHN->Partner,2011-11,1.4862656459443269
Russia,CHN->Partner,2011-12,0.6818298416095683
Russia,CHN->Partner,2012-01,4.120000000000001
Russia,CHN->Partner,2012-02,2.569192173890606
Russia,CHN->Partner,2012-03,2.144103335931444
Russia,CHN->Partner,2012-04,2.568893209430021
Russia,CHN->Partner,2012-05,2.4306131206115786
Russia,CHN->Partner,2012-06,2.5772971231816886
Russia,CHN->Partner,2012-07,3.6653421758159563
Russia,CHN->Partner,2012-08,2.8939589442477143
Russia,CHN->Partner,2012-09,2.018732368488447
Russia,CHN->Partner,2012-10,2.633044975737864
Russia,CHN->Partner,2012-11,3.127031752605788
Russia,CHN->Partner,2012-12,2.9672882042537516
Russia,CHN->Partner,2013-01,1.9812080700499255
Russia,CHN->Partner,2013-02,2.9344732415855574
Russia,CHN->Partner,2013-03,2.6257536920567492
Russia,CHN->Partner,2013-04,2.342948494141975
Russia,CHN->Partner,2013-05,2.4867153363022574
Russia,CHN->Partner,2013-06,1.9290017925496965
Russia,CHN->Partner,2013-07,1.7077187257525992
Russia,CHN->Partner,2013-08,2.578587972556388
Russia,CHN->Partner,2013-09,2.884528041738413
Russia,CHN->Partner,2013-10,2.629282478661855
Russia,CHN->Partner,2013-11,3.600462208614614
Russia,CHN->Partner,2013-12,2.730005146163787
Russia,CHN->Partner,2014-01,4.301253691966439
Russia,CHN->Partner,2014-02,2.4989254232505242
Russia,CHN->Partner,2014-03,0.8650192337833786
Russia,CHN->Partner,2014-04,3.2079263475420934
Russia,CHN->Partner,2014-05,4.105292912971308
Russia,CHN->Partner,2014-06,3.4090531702609255
Russia,CHN->Partner,2014-07,2.406093825436354
Russia,CHN->Partner,2014-08,3.56633482461649
Russia,CHN->Partner,2014-09,2.5527331166032408
Russia,CHN->Partner,2014-10,2.9647044133364293
Russia,CHN->Partner,2014-11,2.8918646992842945
Russia,CHN->Partner,2014-12,2.1386627278718215
Russia,CHN->Partner,2015-01,2.7549371506059384
Russia,CHN->Partner,2015-02,2.5998848610705547
Russia,CHN->Partner,2015-03,3.177446273949302
Russia,CHN->Partner,2015-04,4.101397419824178
Russia,CHN->Partner,2015-05,3.5281416948325965
Russia,CHN->Partner,2015-06,2.566963915445145
Russia,CHN->Partner,2015-07,4.415904310848129
Russia,CHN->Partner,2015-08,3.9681783692337653
Russia,CHN->Partner,2015-09,2.8077060150674615
Russia,CHN->Partner,2015-10,2.509515395859575
Russia,CHN->Partner,2015-11,2.109626587793148
Russia,CHN->Partner,2015-12,3.423379379433653
Russia,CHN->Partner,2016-01,4.511533390613534
Russia,CHN->Partner,2016-02,2.817430827869739
Russia,CHN->Partner,2016-03,2.693694160558074
Russia,CHN->Partner,2016-04,2.31162328749463
Russia,CHN->Partner,2016-05,2.764704763565959
Russia,CHN->Partner,2016-06,2.7437052744227053
Russia,CHN->Partner,2016-07,2.8003472481354965
Russia,CHN->Partner,2016-08,2.1614073888560092
Russia,CHN->Partner,2016-09,2.7687875311050654
Russia,CHN->Partner,2016-10,3.4046734265303673
Russia,CHN->Partner,2016-11,3.002085533544941
Russia,CHN->Partner,2016-12,2.9133804618836887
Russia,CHN->Partner,2017-01,2.305146077795671
Russia,CHN->Partner,2017-02,1.905665530791108
Russia,CHN->Partner,2017-03,2.9490859919448162
Russia,CHN->Partner,2017-04,2.7306586025839383
Russia,CHN->Partner,2017-05,3.3102514001551793
Russia,CHN->Partner,2017-06,2.9894704368587472
Russia,CHN->Partner,2017-07,2.8934699180411734
Russia,CHN->Partner,2017-08,3.0504006861728854
Russia,CHN->Partner,2017-09,3.26920274136047
Russia,CHN->Partner,2017-10,3.508575804488631
Russia,CHN->Partner,2017-11,2.453256378376423
Russia,CHN->Partner,2017-12,2.5844200248762377
Russia,CHN->Partner,2018-01,3.454807642071442
Russia,CHN->Partner,2018-02,2.2058669048944743
Russia,CHN->Partner,2018-03,2.873963211423572
Russia,CHN->Partner,2018-04,2.4899593105606606
Russia,CHN->Partner,2018-05,3.4298786567869985
Russia,CHN->Partner,2018-06,2.9057425947233266
Russia,CHN->Partner,2018-07,2.7157659396587697
Russia,CHN->Partner,2018-08,3.069549944448436
Russia,CHN->Partner,2018-09,2.8136329348366154
Russia,CHN->Partner,2018-10,3.582960996599528
Russia,CHN->Partner,2018-11,3.179129947733337
Russia,CHN->Partner,2018-12,2.136712237939804
Russia,CHN->Partner,2019-01,2.345168401376567
Russia,CHN->Partner,2019-02,2.898384103434468
Russia,CHN->Partner,2019-03,2.918477562099465
Russia,CHN->Partner,2019-04,2.840298965090742
Russia,CHN->Partner,2019-05,3.0621782044139128
Russia,CHN->Partner,2019-06,2.5938020834455475
Russia,CHN->Partner,2019-07,2.7906798694966213
Russia,CHN->Partner,2019-08,2.202903225962272
Russia,CHN->Partner,2019-09,2.8261464789781705
Russia,CHN->Partner,2019-10,2.571556576576455
Russia,CHN->Partner,2019-11,3.5137808666647476
Russia,CHN->Partner,2019-12,2.7556558043471817
Russia,CHN->Partner,2020-01,3.0332533308202105
Russia,CHN->Partner,2020-02,2.860990435431191
Russia,CHN->Partner,2020-03,2.238435230525063
Russia,CHN->Partner,2020-04,3.573426710983611
Russia,CHN->Partner,2020-05,3.631487810669304
Russia,CHN->Partner,2020-06,1.809284664819094
Russia,CHN->Partner,2020-07,1.186834496739733
Russia,CHN->Partner,2020-08,3.1904812011052677
Russia,CHN->Partner,2020-09,2.727399948749147
Russia,CHN->Partner,2020-10,3.875836774235543
Russia,CHN->Partner,2020-11,3.149096248522719
Russia,CHN->Partner,2020-12,3.051256700129718
Russia,CHN->Partner,2021-01,1.8761318469620516
Russia,CHN->Partner,2021-02,4.428157319468115
Russia,CHN->Partner,2021-03,3.313957367910609
Russia,CHN->Partner,2021-04,2.7146860107842663
Russia,CHN->Partner,2021-05,2.613791872525189
Russia,CHN->Partner,2021-06,2.6818002140833848
Russia,CHN->Partner,2021-07,3.0850061565601
Russia,CHN->Partner,2021-08,3.1768848911771475
Russia,CHN->Partner,2021-09,3.233746896854285
Russia,CHN->Partner,2021-10,3.052604729600338
Russia,CHN->Partner,2021-11,3.0974074258221282
Russia,CHN->Partner,2021-12,2.7882970506176488
Russia,CHN->Partner,2022-01,2.654430023628601
Russia,CHN->Partner,2022-02,2.4039218701059415
Russia,CHN->Partner,2022-03,2.322280232455112
Russia,CHN->Partner,2022-04,1.5384743320429912
Russia,CHN->Partner,2022-05,0.9104967642381929
Russia,CHN->Partner,2022-06,1.4984763148457887
Russia,CHN->Partner,2022-07,2.1957306842649444
Russia,CHN->Partner,2022-08,2.3081067647846236
Russia,CHN->Partner,2022-09,2.9697798924211316
Russia,CHN->Partner,2022-10,3.4027998697875983
Russia,CHN->Partner,2022-11,1.6054970528055055
Russia,CHN->Partner,2022-12,2.0987466239550994
Russia,CHN->Partner,2023-01,3.22278620460599
Russia,CHN->Partner,2023-02,2.1292041011023777
Russia,CHN->Partner,2023-03,2.5071426287461325
Russia,CHN->Partner,2023-04,1.518028271357771
Russia,Partner->CHN,2002-01,3.209408370171717
Russia,Partner->CHN,2002-02,3.248176098509207
Russia,Partner->CHN,2002-03,2.917910957806269
Russia,Partner->CHN,2002-04,2.6253120342055176
Russia,Partner->CHN,2002-05,1.991612168369537
Russia,Partner->CHN,2002-06,3.067592830678132
Russia,Partner->CHN,2002-07,3.0620884428704027
Russia,Partner->CHN,2002-08,2.4253571897968484
Russia,Partner->CHN,2002-09,2.3758101487331196
Russia,Partner->CHN,2002-10,2.1651550037395886
Russia,Partner->CHN,2002-11,3.9121843536269036
Russia,Partner->CHN,2002-12,1.8456455086981194
Russia,Partner->CHN,2003-01,3.0921951883132532
Russia,Partner->CHN,2003-02,1.5653335285065015
Russia,Partner->CHN,2003-03,2.066946322493818
Russia,Partner->CHN,2003-04,1.629671030296107
Russia,Partner->CHN,2003-05,1.9797461755872785
Russia,Partner->CHN,2003-06,2.360359164563807
Russia,Partner->CHN,2003-07,2.4529495710909295
Russia,Partner->CHN,2003-08,2.276225195183935
Russia,Partner->CHN,2003-09,2.857392392563538
Russia,Partner->CHN,2003-10,2.336982613319588
Russia,Partner->CHN,2003-11,2.2642188159562977
Russia,Partner->CHN,2003-12,2.543529003738792
Russia,Partner->CHN,2004-01,2.9755244001495313
Russia,Partner->CHN,2004-02,3.1236806650534774
Russia,Partner->CHN,2004-03,2.3872108109092878
Russia,Partner->CHN,2004-04,3.1985408933723
Russia,Partner->CHN,2004-05,2.4327563743202862
Russia,Partner->CHN,2004-06,1.9909307304241146
Russia,Partner->CHN,2004-07,2.7523202859166886
Russia,Partner->CHN,2004-08,3.8359011132027074
Russia,Partner->CHN,2004-09,2.892296554950427
Russia,Partner->CHN,2004-10,2.2943089596111417
Russia,Partner->CHN,2004-11,2.1148935706466734
Russia,Partner->CHN,2004-12,2.5057035566532875
Russia,Partner->CHN,2005-01,2.522156724301105
Russia,Partner->CHN,2005-02,2.3056382704060407
Russia,Partner->CHN,2005-03,1.6933800984097598
Russia,Partner->CHN,2005-04,3.0800766084721865
Russia,Partner->CHN,2005-05,1.9012418861283553
Russia,Partner->CHN,2005-06,2.8053547506515635
Russia,Partner->CHN,2005-07,2.7906132686002536
Russia,Partner->CHN,2005-08,2.3400730412280133
Russia,Partner->CHN,2005-09,2.4685419649046203
Russia,Partner->CHN,2005-10,2.7357549287783396
Russia,Partner->CHN,2005-11,1.8992921212105625
Russia,Partner->CHN,2005-12,2.511990491360386
Russia,Partner->CHN,2006-01,1.8556273442999434
Russia,Partner->CHN,2006-02,2.868977191224964
Russia,Partner->CHN,2006-03,2.943457115081763
Russia,Partner->CHN,2006-04,2.860895682352192
Russia,Partner->CHN,2006-05,2.5493235005903987
Russia,Partner->CHN,2006-06,2.6300884791425077
Russia,Partner->CHN,2006-07,2.26762318446219
Russia,Partner->CHN,2006-08,2.5425313614263594
Russia,Partner->CHN,2006-09,1.502681752006925
Russia,Partner->CHN,2006-10,2.4221298651861485
Russia,Partner->CHN,2006-11,2.7676958119616923
Russia,Partner->CHN,2006-12,2.6526446320311052
Russia,Partner->CHN,2007-01,1.5141309596251062
Russia,Partner->CHN,2007-02,2.608851376060315
Russia,Partner->CHN,2007-03,2.7848715559830115
Russia,Partner->CHN,2007-04,2.8712501762702
Russia,Partner->CHN,2007-05,2.9847180532133386
Russia,Partner->CHN,2007-06,1.922484394914468
Russia,Partner->CHN,2007-07,2.364222875023504
Russia,Partner->CHN,2007-08,3.3936421103225527
Russia,Partner->CHN,2007-09,3.0829761008318837
Russia,Partner->CHN,2007-10,3.1314334184498662
Russia,Partner->CHN,2007-11,3.0613307081324184
Russia,Partner->CHN,2007-12,2.8770231876965138
Russia,Partner->CHN,2008-01,3.463071792622687
Russia,Partner->CHN,2008-02,2.5162453372066995
Russia,Partner->CHN,2008-03,2.398348613476669
Russia,Partner->CHN,2008-04,2.2355878070085335
Russia,Partner->CHN,2008-05,2.8997145191418827
Russia,Partner->CHN,2008-06,3.5211508913875953
Russia,Partner->CHN,2008-07,2.759474662032087
Russia,Partner->CHN,2008-08,2.5220939856510913
Russia,Partner->CHN,2008-09,3.6707792153451457
Russia,Partner->CHN,2008-10,3.21417891356168
Russia,Partner->CHN,2008-11,2.8069539583711194
Russia,Partner->CHN,2008-12,3.2803821546444674
Russia,Partner->CHN,2009-01,2.1044118667203087
Russia,Partner->CHN,2009-02,1.0110332394260872
Russia,Partner->CHN,2009-03,2.4688784680421882
Russia,Partner->CHN,2009-04,3.0680901618902876
Russia,Partner->CHN,2009-05,1.9691050811237218
Russia,Partner->CHN,2009-06,1.9451846901664087
Russia,Partner->CHN,2009-07,1.9023288219264636
Russia,Partner->CHN,2009-08,2.6224828967459484
Russia,Partner->CHN,2009-09,2.6557255787692533
Russia,Partner->CHN,2009-10,2.492777025869815
Russia,Partner->CHN,2009-11,2.5183340691310683
Russia,Partner->CHN,2009-12,1.9770755724084257
Russia,Partner->CHN,2010-01,1.9887534327155247
Russia,Partner->CHN,2010-02,2.7316043493517626
Russia,Partner->CHN,2010-03,2.2475280481653375
Russia,Partner->CHN,2010-04,3.2874433289515217
Russia,Partner->CHN,2010-05,2.426010536683906
Russia,Partner->CHN,2010-06,2.054555225758792
Russia,Partner->CHN,2010-07,1.9212152290696842
Russia,Partner->CHN,2010-08,3.7131232279046262
Russia,Partner->CHN,2010-09,1.5743598178309668
Russia,Partner->CHN,2010-10,3.05776304495944
Russia,Partner->CHN,2010-11,2.723789429953513
Russia,Partner->CHN,2010-12,2.563844613285438
Russia,Partner->CHN,2011-01,3.0956248717289334
Russia,Partner->CHN,2011-02,2.9499999999999993
Russia,Partner->CHN,2011-03,2.7683790436709845
Russia,Partner->CHN,2011-04,2.5387346892168807
Russia,Partner->CHN,2011-05,2.847173783341262
Russia,Partner->CHN,2011-06,3.0111429109906283
Russia,Partner->CHN,2011-07,3.3014613002212343
Russia,Partner->CHN,2011-08,2.6055911399737752
Russia,Partner->CHN,2011-09,2.3090700166689366
Russia,Partner->CHN,2011-10,2.0851022861773725
Russia,Partner->CHN,2011-11,2.12070187538097
Russia,Partner->CHN,2011-12,2.3068659810079257
Russia,Partner->CHN,2012-01,5.25
Russia,Partner->CHN,2012-02,1.6618774467439508
Russia,Partner->CHN,2012-03,1.812308420862129
Russia,Partner->CHN,2012-04,1.4251212551291594
Russia,Partner->CHN,2012-05,2.5546134616168494
Russia,Partner->CHN,2012-06,1.9075596330931255
Russia,Partner->CHN,2012-07,2.0543150206493657
Russia,Partner->CHN,2012-08,1.9757490454078432
Russia,Partner->CHN,2012-09,2.18565940637132
Russia,Partner->CHN,2012-10,1.1539595906443747
Russia,Partner->CHN,2012-11,2.504796639528994
Russia,Partner->CHN,2012-12,1.7777204780601465
Russia,Partner->CHN,2013-01,2.3907223569866254
Russia,Partner->CHN,2013-02,2.7794968239804625
Russia,Partner->CHN,2013-03,2.6900222363602957
Russia,Partner->CHN,2013-04,2.7385143724303678
Russia,Partner->CHN,2013-05,2.711003856891521
Russia,Partner->CHN,2013-06,1.3686105042884975
Russia,Partner->CHN,2013-07,2.309140051402009
Russia,Partner->CHN,2013-08,2.8370792110613507
Russia,Partner->CHN,2013-09,2.349317282484119
Russia,Partner->CHN,2013-10,2.5424124233435315
Russia,Partner->CHN,2013-11,3.500089749353485
Russia,Partner->CHN,2013-12,3.5213094616515246
Russia,Partner->CHN,2014-01,4.62914659593819
Russia,Partner->CHN,2014-02,2.69519527264068
Russia,Partner->CHN,2014-03,1.708809399169434
Russia,Partner->CHN,2014-04,2.938767558626809
Russia,Partner->CHN,2014-05,3.7457890425410234
Russia,Partner->CHN,2014-06,3.322396095170646
Russia,Partner->CHN,2014-07,2.5367670443497854
Russia,Partner->CHN,2014-08,3.3422052748787205
Russia,Partner->CHN,2014-09,2.957650898699132
Russia,Partner->CHN,2014-10,2.8256886058921005
Russia,Partner->CHN,2014-11,2.971269988333603
Russia,Partner->CHN,2014-12,2.242302843151183
Russia,Partner->CHN,2015-01,2.4769542598099896
Russia,Partner->CHN,2015-02,2.5795539831629437
Russia,Partner->CHN,2015-03,2.5035298955045153
Russia,Partner->CHN,2015-04,3.9403644886573144
Russia,Partner->CHN,2015-05,3.7532735276061135
Russia,Partner->CHN,2015-06,3.00359731753872
Russia,Partner->CHN,2015-07,4.725482584968512
Russia,Partner->CHN,2015-08,3.7647562848607663
Russia,Partner->CHN,2015-09,2.8086490161664166
Russia,Partner->CHN,2015-10,2.5737040429407063
Russia,Partner->CHN,2015-11,2.6225734343485705
Russia,Partner->CHN,2015-12,3.363579857927629
Russia,Partner->CHN,2016-01,4.338901294736754
Russia,Partner->CHN,2016-02,2.7933330943603103
Russia,Partner->CHN,2016-03,2.363570473836697
Russia,Partner->CHN,2016-04,2.749121274535497
Russia,Partner->CHN,2016-05,2.893157073597708
Russia,Partner->CHN,2016-06,2.5859265640065576
Russia,Partner->CHN,2016-07,2.414092359668354
Russia,Partner->CHN,2016-08,3.2265157946351533
Russia,Partner->CHN,2016-09,2.325378142196419
Russia,Partner->CHN,2016-10,3.4704090633737668
Russia,Partner->CHN,2016-11,2.924454981989724
Russia,Partner->CHN,2016-12,2.5217438205859306
Russia,Partner->CHN,2017-01,3.0359157706341797
Russia,Partner->CHN,2017-02,1.4426751192523604
Russia,Partner->CHN,2017-03,3.6571385563050978
Russia,Partner->CHN,2017-04,2.6789899397963612
Russia,Partner->CHN,2017-05,2.5278176008741173
Russia,Partner->CHN,2017-06,2.891543617412445
Russia,Partner->CHN,2017-07,2.610909272828364
Russia,Partner->CHN,2017-08,3.220433011163296
Russia,Partner->CHN,2017-09,2.62245778914402
Russia,Partner->CHN,2017-10,3.0688720220433776
Russia,Partner->CHN,2017-11,2.491749433967975
Russia,Partner->CHN,2017-12,2.3557757662140144
Russia,Partner->CHN,2018-01,2.88643397371756
Russia,Partner->CHN,2018-02,1.915960401250878
Russia,Partner->CHN,2018-03,3.0773293033627507
Russia,Partner->CHN,2018-04,2.366444803226017
Russia,Partner->CHN,2018-05,3.6948500489499096
Russia,Partner->CHN,2018-06,2.0012930041917176
Russia,Partner->CHN,2018-07,2.4847514743409
Russia,Partner->CHN,2018-08,3.15708308018497
Russia,Partner->CHN,2018-09,2.6267164667496523
Russia,Partner->CHN,2018-10,3.397457110057294
Russia,Partner->CHN,2018-11,2.5628199784199506
Russia,Partner->CHN,2018-12,2.246291865849672
Russia,Partner->CHN,2019-01,2.5968508982686807
Russia,Partner->CHN,2019-02,2.4624264381878707
Russia,Partner->CHN,2019-03,3.0699529543050392
Russia,Partner->CHN,2019-04,2.1462670034080134
Russia,Partner->CHN,2019-05,2.5109461349201734
Russia,Partner->CHN,2019-06,2.6980553714535667
Russia,Partner->CHN,2019-07,1.7983652698567845
Russia,Partner->CHN,2019-08,2.636539170956139
Russia,Partner->CHN,2019-09,3.074318169955747
Russia,Partner->CHN,2019-10,3.165693947057205
Russia,Partner->CHN,2019-11,3.5123043364484836
Russia,Partner->CHN,2019-12,1.9875218726837307
Russia,Partner->CHN,2020-01,2.576515312376589
Russia,Partner->CHN,2020-02,1.99296530848879
Russia,Partner->CHN,2020-03,1.0457220289093794
Russia,Partner->CHN,2020-04,3.1148957962637915
Russia,Partner->CHN,2020-05,3.3599999999999994
Russia,Partner->CHN,2020-06,2.4782770040533304
Russia,Partner->CHN,2020-07,1.6934357419891573
Russia,Partner->CHN,2020-08,2.754328499605581
Russia,Partner->CHN,2020-09,1.8200782584562862
Russia,Partner->CHN,2020-10,3.035830195596512
Russia,Partner->CHN,2020-11,2.9010637746844576
Russia,Partner->CHN,2020-12,2.022228581310026
Russia,Partner->CHN,2021-01,0.752465450810277
Russia,Partner->CHN,2021-02,2.481215016151074
Russia,Partner->CHN,2021-03,3.1766057273006787
Russia,Partner->CHN,2021-04,2.2033990264979746
Russia,Partner->CHN,2021-05,2.797893696927636
Russia,Partner->CHN,2021-06,1.9778920133587476
Russia,Partner->CHN,2021-07,2.2328851040025164
Russia,Partner->CHN,2021-08,2.4847892038627
Russia,Partner->CHN,2021-09,3.2257963326402024
Russia,Partner->CHN,2021-10,2.590056358708539
Russia,Partner->CHN,2021-11,3.1423308458458123
Russia,Partner->CHN,2021-12,2.609933523549673
Russia,Partner->CHN,2022-01,2.63912956128787
Russia,Partner->CHN,2022-02,2.7653620534565686
Russia,Partner->CHN,2022-03,2.038492184979832
Russia,Partner->CHN,2022-04,2.2605531815450455
Russia,Partner->CHN,2022-05,1.6240274825137835
Russia,Partner->CHN,2022-06,1.387288617074237
Russia,Partner->CHN,2022-07,2.493385621854957
Russia,Partner->CHN,2022-08,2.8830899329419886
Russia,Partner->CHN,2022-09,2.268476219561107
Russia,Partner->CHN,2022-10,2.45217378630279
Russia,Partner->CHN,2022-11,2.267169948708796
Russia,Partner->CHN,2022-12,2.855260334256906
Russia,Partner->CHN,2023-01,3.3126925359148434
Russia,Partner->CHN,2023-02,2.6946160907442422
Russia,Partner->CHN,2023-03,2.4279780870216694
Russia,Partner->CHN,2023-04,1.8108887785480796
Saudi Arabia,Aggregated,2002-01,6.9999999999999964
Saudi Arabia,Aggregated,2002-02,4.0
Saudi Arabia,Aggregated,2002-03,2.894942383174831
Saudi Arabia,Aggregated,2002-04,1.8849038920050454
Saudi Arabia,Aggregated,2002-05,2.2722336305210025
Saudi Arabia,Aggregated,2002-06,2.67120678738112
Saudi Arabia,Aggregated,2002-07,2.9999999999999964
Saudi Arabia,Aggregated,2002-08,6.399999999999999
Saudi Arabia,Aggregated,2002-09,4.236731808391953
Saudi Arabia,Aggregated,2002-10,2.3424135747622508
Saudi Arabia,Aggregated,2002-11,3.7479596426095956
Saudi Arabia,Aggregated,2002-12,5.301571855893922
Saudi Arabia,Aggregated,2003-01,2.6854229575284823
Saudi Arabia,Aggregated,2003-02,0.48912529307605546
Saudi Arabia,Aggregated,2003-03,3.0954529791364607
Saudi Arabia,Aggregated,2003-04,1.7763568394002505e-15
Saudi Arabia,Aggregated,2003-05,2.1999999999999993
Saudi Arabia,Aggregated,2003-06,2.2920288094799908
Saudi Arabia,Aggregated,2003-07,2.384699232730762
Saudi Arabia,Aggregated,2003-08,2.4780157430062193
Saudi Arabia,Aggregated,2003-09,2.571982844747236
Saudi Arabia,Aggregated,2003-10,2.6666050737991256
Saudi Arabia,Aggregated,2003-11,3.799999999999997
Saudi Arabia,Aggregated,2003-12,3.037261749477066
Saudi Arabia,Aggregated,2004-01,2.313832258333248
Saudi Arabia,Aggregated,2004-02,1.6276856958685944
Saudi Arabia,Aggregated,2004-03,4.0
Saudi Arabia,Aggregated,2004-04,3.088221084791158
Saudi Arabia,Aggregated,2004-05,3.757707357569199
Saudi Arabia,Aggregated,2004-06,3.577756547185041
Saudi Arabia,Aggregated,2004-07,3.3999999999999986
Saudi Arabia,Aggregated,2004-08,2.2372024528069954
Saudi Arabia,Aggregated,2004-09,4.2256582734211054
Saudi Arabia,Aggregated,2004-10,2.765652015097025
Saudi Arabia,Aggregated,2004-11,1.4456474720397754
Saudi Arabia,Aggregated,2004-12,6.9999999999999964
Saudi Arabia,Aggregated,2005-01,5.802530139221073
Saudi Arabia,Aggregated,2005-02,4.6847232821906974
Saudi Arabia,Aggregated,2005-03,3.6412797596862134
Saudi Arabia,Aggregated,2005-04,2.667252468827506
Saudi Arabia,Aggregated,2005-05,2.2232661278933996
Saudi Arabia,Aggregated,2005-06,1.7937028666079478
Saudi Arabia,Aggregated,2005-07,1.3780941452721116
Saudi Arabia,Aggregated,2005-08,0.9759866448925063
Saudi Arabia,Aggregated,2005-09,3.4454479201641277
Saudi Arabia,Aggregated,2005-10,1.85372653004994
Saudi Arabia,Aggregated,2005-11,0.437394438886491
Saudi Arabia,Aggregated,2005-12,2.7494082641580846
Saudi Arabia,Aggregated,2006-01,3.571140806959935
Saudi Arabia,Aggregated,2006-02,3.3999999999999986
Saudi Arabia,Aggregated,2006-03,3.0312285591008745
Saudi Arabia,Aggregated,2006-04,2.774386808426387
Saudi Arabia,Aggregated,2006-05,2.4283145976856737
Saudi Arabia,Aggregated,2006-06,1.8418006636248965
Saudi Arabia,Aggregated,2006-07,1.0000000000000053
Saudi Arabia,Aggregated,2006-08,3.309271065309357
Saudi Arabia,Aggregated,2006-09,1.0
Saudi Arabia,Aggregated,2006-10,-6.5
Saudi Arabia,Aggregated,2006-11,6.249999999999993
Saudi Arabia,Aggregated,2006-12,2.873520660395206
Saudi Arabia,Aggregated,2007-01,2.8454529791364607
Saudi Arabia,Aggregated,2007-02,4.6999999999999975
Saudi Arabia,Aggregated,2007-03,3.463448785580514
Saudi Arabia,Aggregated,2007-04,2.3242898581599096
Saudi Arabia,Aggregated,2007-05,0.8000000000000007
Saudi Arabia,Aggregated,2007-06,5.75
Saudi Arabia,Aggregated,2007-07,2.5738719604982307
Saudi Arabia,Aggregated,2007-08,1.7763568394002505e-15
Saudi Arabia,Aggregated,2007-09,1.0
Saudi Arabia,Aggregated,2007-10,3.171206787381127
Saudi Arabia,Aggregated,2007-11,4.0
Saudi Arabia,Aggregated,2007-12,0.8205652939987971
Saudi Arabia,Aggregated,2008-01,1.511149072890193
Saudi Arabia,Aggregated,2008-02,2.3424135747622508
Saudi Arabia,Aggregated,2008-03,3.5
Saudi Arabia,Aggregated,2008-04,1.9305619446870335
Saudi Arabia,Aggregated,2008-05,4.637392511743537
Saudi Arabia,Aggregated,2008-06,2.9646372653799578
Saudi Arabia,Aggregated,2008-07,6.099999999999994
Saudi Arabia,Aggregated,2008-08,3.1940456563533495
Saudi Arabia,Aggregated,2008-09,2.3424135747622508
Saudi Arabia,Aggregated,2008-10,6.049844718999239
Saudi Arabia,Aggregated,2008-11,1.0
Saudi Arabia,Aggregated,2008-12,1.7294687556356063
Saudi Arabia,Aggregated,2009-01,2.5032812333919185
Saudi Arabia,Aggregated,2009-02,3.3241330465852545
Saudi Arabia,Aggregated,2009-03,2.8245617365419484
Saudi Arabia,Aggregated,2009-04,2.3424135747622508
Saudi Arabia,Aggregated,2009-05,2.3424135747622508
Saudi Arabia,Aggregated,2009-06,2.3424135747622508
Saudi Arabia,Aggregated,2009-07,2.3424135747622508
Saudi Arabia,Aggregated,2009-08,2.3424135747622508
Saudi Arabia,Aggregated,2009-09,2.3424135747622508
Saudi Arabia,Aggregated,2009-10,2.3424135747622508
Saudi Arabia,Aggregated,2009-11,2.1193781218535346
Saudi Arabia,Aggregated,2009-12,1.9000709908841316
Saudi Arabia,Aggregated,2010-01,1.6844298581996586
Saudi Arabia,Aggregated,2010-02,1.700000000000001
Saudi Arabia,Aggregated,2010-03,1.0088664438220007
Saudi Arabia,Aggregated,2010-04,0.3553443516184345
Saudi Arabia,Aggregated,2010-05,3.0070582449096097
Saudi Arabia,Aggregated,2010-06,2.062577441825942
Saudi Arabia,Aggregated,2010-07,1.1817819587999576
Saudi Arabia,Aggregated,2010-08,1.6460143884989566
Saudi Arabia,Aggregated,2010-09,2.1279381337635446
Saudi Arabia,Aggregated,2010-10,2.628227388438038
Saudi Arabia,Aggregated,2010-11,1.1147244839651549
Saudi Arabia,Aggregated,2010-12,2.6337390780014704
Saudi Arabia,Aggregated,2011-01,2.4131099854408173
Saudi Arabia,Aggregated,2011-02,2.196051241132066
Saudi Arabia,Aggregated,2011-03,1.9825050676239808
Saudi Arabia,Aggregated,2011-04,4.0
Saudi Arabia,Aggregated,2011-05,6.9999999999999964
Saudi Arabia,Aggregated,2011-06,2.530515830525422
Saudi Arabia,Aggregated,2011-07,1.0
Saudi Arabia,Aggregated,2011-08,1.4714785315049443
Saudi Arabia,Aggregated,2011-09,1.961481396815719
Saudi Arabia,Aggregated,2011-10,2.7998136599425987
Saudi Arabia,Aggregated,2011-11,4.180806570174106
Saudi Arabia,Aggregated,2011-12,5.699999999999996
Saudi Arabia,Aggregated,2012-01,3.147917929068555
Saudi Arabia,Aggregated,2012-02,2.835603393690562
Saudi Arabia,Aggregated,2012-03,2.1017458958196578
Saudi Arabia,Aggregated,2012-04,1.8683022698484528
Saudi Arabia,Aggregated,2012-05,1.6390180839198187
Saudi Arabia,Aggregated,2012-06,1.4138192261731355
Saudi Arabia,Aggregated,2012-07,2.8713444916375526
Saudi Arabia,Aggregated,2012-08,4.499999999999998
Saudi Arabia,Aggregated,2012-09,3.232511633219019
Saudi Arabia,Aggregated,2012-10,2.068670154175148
Saudi Arabia,Aggregated,2012-11,1.0
Saudi Arabia,Aggregated,2012-12,1.1716446885458236
Saudi Arabia,Aggregated,2013-01,1.3457445353504784
Saudi Arabia,Aggregated,2013-02,1.5223346583201955
Saudi Arabia,Aggregated,2013-03,1.7014506776780216
Saudi Arabia,Aggregated,2013-04,1.8831287231488698
Saudi Arabia,Aggregated,2013-05,2.690524658223964
Saudi Arabia,Aggregated,2013-06,3.006766332820142
Saudi Arabia,Aggregated,2013-07,3.3303129719263094
Saudi Arabia,Aggregated,2013-08,3.6613333151829934
Saudi Arabia,Aggregated,2013-09,4.0
Saudi Arabia,Aggregated,2013-10,2.1339255365636998
Saudi Arabia,Aggregated,2013-11,0.4999999999999982
Saudi Arabia,Aggregated,2013-12,2.0431868470314907
Saudi Arabia,Aggregated,2014-01,2.3424135747622508
Saudi Arabia,Aggregated,2014-02,2.3424135747622508
Saudi Arabia,Aggregated,2014-03,2.6292253504327103
Saudi Arabia,Aggregated,2014-04,0.8684758764720861
Saudi Arabia,Aggregated,2014-05,-0.6648036840972971
Saudi Arabia,Aggregated,2014-06,-1.9999999999999982
Saudi Arabia,Aggregated,2014-07,2.3424135747622508
Saudi Arabia,Aggregated,2014-08,3.3999999999999986
Saudi Arabia,Aggregated,2014-09,1.8949423831748362
Saudi Arabia,Aggregated,2014-10,2.1629557604236442
Saudi Arabia,Aggregated,2014-11,2.4365396294396753
Saudi Arabia,Aggregated,2014-12,2.715809769438305
Saudi Arabia,Aggregated,2015-01,3.0008843660340823
Saudi Arabia,Aggregated,2015-02,2.1345254250289827
Saudi Arabia,Aggregated,2015-03,1.3217757986240635
Saudi Arabia,Aggregated,2015-04,2.356888337469357
Saudi Arabia,Aggregated,2015-05,-1.9999999999999982
Saudi Arabia,Aggregated,2015-06,7.199999999999992
Saudi Arabia,Aggregated,2015-07,5.612684406280138
Saudi Arabia,Aggregated,2015-08,4.16380676827821
Saudi Arabia,Aggregated,2015-09,2.8412931999571835
Saudi Arabia,Aggregated,2015-10,1.6341228409714361
Saudi Arabia,Aggregated,2015-11,1.0
Saudi Arabia,Aggregated,2015-12,3.495832175282473
Saudi Arabia,Aggregated,2016-01,2.1167197896200864
Saudi Arabia,Aggregated,2016-02,1.728569029363701
Saudi Arabia,Aggregated,2016-03,2.278269240630854
Saudi Arabia,Aggregated,2016-04,2.8517089878639172
Saudi Arabia,Aggregated,2016-05,3.4499134945507564
Saudi Arabia,Aggregated,2016-06,2.068670154175148
Saudi Arabia,Aggregated,2016-07,3.1682910032515945
Saudi Arabia,Aggregated,2016-08,4.36043588097508
Saudi Arabia,Aggregated,2016-09,2.5139649818610526
Saudi Arabia,Aggregated,2016-10,2.42791531932059
Saudi Arabia,Aggregated,2016-11,2.3424135747622508
Saudi Arabia,Aggregated,2016-12,2.873520660395206
Saudi Arabia,Aggregated,2017-01,3.4257689537136287
Saudi Arabia,Aggregated,2017-02,4.0
Saudi Arabia,Aggregated,2017-03,2.6760698062321193
Saudi Arabia,Aggregated,2017-04,4.371206787381121
Saudi Arabia,Aggregated,2017-05,1.700000000000001
Saudi Arabia,Aggregated,2017-06,4.499999999999998
Saudi Arabia,Aggregated,2017-07,3.7119798664723085
Saudi Arabia,Aggregated,2017-08,2.964022683321714
Saudi Arabia,Aggregated,2017-09,2.6084469503408023
Saudi Arabia,Aggregated,2017-10,2.2619254923888192
Saudi Arabia,Aggregated,2017-11,1.9242277540912003
Saudi Arabia,Aggregated,2017-12,0.5706214864387142
Saudi Arabia,Aggregated,2018-01,-10.0
Saudi Arabia,Aggregated,2018-02,2.25
Saudi Arabia,Aggregated,2018-03,2.1357803803523634
Saudi Arabia,Aggregated,2018-04,2.02254537364907
Saudi Arabia,Aggregated,2018-05,1.9102864921832374
Saudi Arabia,Aggregated,2018-06,2.3424135747622508
Saudi Arabia,Aggregated,2018-07,1.751902830191332
Saudi Arabia,Aggregated,2018-08,1.9740170093354479
Saudi Arabia,Aggregated,2018-09,2.1999999999999993
Saudi Arabia,Aggregated,2018-10,1.7763568394002505e-15
Saudi Arabia,Aggregated,2018-11,0.5793980022124785
Saudi Arabia,Aggregated,2018-12,2.5378610365998533
Saudi Arabia,Aggregated,2019-01,2.7661960879560628
Saudi Arabia,Aggregated,2019-02,2.9983823308363178
Saudi Arabia,Aggregated,2019-03,3.823475164680964
Saudi Arabia,Aggregated,2019-04,1.7763568394002505e-15
Saudi Arabia,Aggregated,2019-05,1.9422226675177132
Saudi Arabia,Aggregated,2019-06,4.671206787381122
Saudi Arabia,Aggregated,2019-07,6.399999999999999
Saudi Arabia,Aggregated,2019-08,-1.9999999999999982
Saudi Arabia,Aggregated,2019-09,1.5687171093893326
Saudi Arabia,Aggregated,2019-10,0.20000000000000284
Saudi Arabia,Aggregated,2019-11,5.450000000000003
Saudi Arabia,Aggregated,2019-12,5.22436472597218
Saudi Arabia,Aggregated,2020-01,5.001824362393322
Saudi Arabia,Aggregated,2020-02,4.7823364581408185
Saudi Arabia,Aggregated,2020-03,3.9791881038714365
Saudi Arabia,Aggregated,2020-04,5.699999999999996
Saudi Arabia,Aggregated,2020-05,4.538719568265217
Saudi Arabia,Aggregated,2020-06,3.4581919653406317
Saudi Arabia,Aggregated,2020-07,2.4528018211720646
Saudi Arabia,Aggregated,2020-08,6.9999999999999964
Saudi Arabia,Aggregated,2020-09,2.189491123991461
Saudi Arabia,Aggregated,2020-10,1.8688375704204727
Saudi Arabia,Aggregated,2020-11,1.5559795186206333
Saudi Arabia,Aggregated,2020-12,1.0142858527673138
Saudi Arabia,Aggregated,2021-01,0.49596209024892346
Saudi Arabia,Aggregated,2021-02,1.7763568394002505e-15
Saudi Arabia,Aggregated,2021-03,2.867550171549741
Saudi Arabia,Aggregated,2021-04,3.8284827149524485
Saudi Arabia,Aggregated,2021-05,2.365953873922887
Saudi Arabia,Aggregated,2021-06,4.499999999999998
Saudi Arabia,Aggregated,2021-07,2.290890979399977
Saudi Arabia,Aggregated,2021-08,3.673528337324994
Saudi Arabia,Aggregated,2021-09,5.199999999999996
Saudi Arabia,Aggregated,2021-10,1.9266214156738481
Saudi Arabia,Aggregated,2021-11,4.408276705702969
Saudi Arabia,Aggregated,2021-12,7.36636066030659
Saudi Arabia,Aggregated,2022-01,5.003345958361965
Saudi Arabia,Aggregated,2022-02,3.8733350134543922
Saudi Arabia,Aggregated,2022-03,2.823115178414291
Saudi Arabia,Aggregated,2022-04,1.5661268977424836
Saudi Arabia,Aggregated,2022-05,2.3894265650596918
Saudi Arabia,Aggregated,2022-06,3.2666666666666693
Saudi Arabia,Aggregated,2022-07,3.952980803193242
Saudi Arabia,Aggregated,2022-08,3.336965429904902
Saudi Arabia,Aggregated,2022-09,0.8464265445104555
Saudi Arabia,Aggregated,2022-10,3.6576341902210174
Saudi Arabia,Aggregated,2022-11,3.6926928016988683
Saudi Arabia,Aggregated,2022-12,2.6022974092031763
Saudi Arabia,Aggregated,2023-01,2.517357736233544
Saudi Arabia,Aggregated,2023-02,2.3424135747622508
Saudi Arabia,Aggregated,2023-03,4.340408743793725
Saudi Arabia,Aggregated,2023-04,2.7765532710935528
Saudi Arabia,CHN->Partner,2002-01,6.9999999999999964
Saudi Arabia,CHN->Partner,2002-02,4.0
Saudi Arabia,CHN->Partner,2002-03,2.6000000000000014
Saudi Arabia,CHN->Partner,2002-04,1.7911320298968079
Saudi Arabia,CHN->Partner,2002-05,2.3340442182994767
Saudi Arabia,CHN->Partner,2002-06,2.9000000000000004
Saudi Arabia,CHN->Partner,2002-07,2.874932269502329
Saudi Arabia,CHN->Partner,2002-08,2.8499097469983568
Saudi Arabia,CHN->Partner,2002-09,2.824932350958443
Saudi Arabia,CHN->Partner,2002-10,2.8000000000000025
Saudi Arabia,CHN->Partner,2002-11,3.998722999353518
Saudi Arabia,CHN->Partner,2002-12,5.301571855893922
Saudi Arabia,CHN->Partner,2003-01,2.986381314361731
Saudi Arabia,CHN->Partner,2003-02,1.0
Saudi Arabia,CHN->Partner,2003-03,3.0954529791364607
Saudi Arabia,CHN->Partner,2003-04,2.6403804684693917
Saudi Arabia,CHN->Partner,2003-05,2.1999999999999993
Saudi Arabia,CHN->Partner,2003-06,2.254547313584194
Saudi Arabia,CHN->Partner,2003-07,2.3093200369728724
Saudi Arabia,CHN->Partner,2003-08,2.3643191016432645
Saudi Arabia,CHN->Partner,2003-09,2.4195454429217875
Saudi Arabia,CHN->Partner,2003-10,2.4749999999999996
Saudi Arabia,CHN->Partner,2003-11,3.799999999999997
Saudi Arabia,CHN->Partner,2003-12,3.037261749477066
Saudi Arabia,CHN->Partner,2004-01,2.313832258333248
Saudi Arabia,CHN->Partner,2004-02,1.6276856958685944
Saudi Arabia,CHN->Partner,2004-03,4.0
Saudi Arabia,CHN->Partner,2004-04,3.376687012675543
Saudi Arabia,CHN->Partner,2004-05,3.757707357569199
Saudi Arabia,CHN->Partner,2004-06,2.7744101796652973
Saudi Arabia,CHN->Partner,2004-07,1.8566295021667152
Saudi Arabia,CHN->Partner,2004-08,1.0
Saudi Arabia,CHN->Partner,2004-09,4.205213871621774
Saudi Arabia,CHN->Partner,2004-10,2.924633201747115
Saudi Arabia,CHN->Partner,2004-11,1.751902830191332
Saudi Arabia,CHN->Partner,2004-12,6.9999999999999964
Saudi Arabia,CHN->Partner,2005-01,5.8431823474596385
Saudi Arabia,CHN->Partner,2005-02,4.760710643876436
Saudi Arabia,CHN->Partner,2005-03,3.7478068500199306
Saudi Arabia,CHN->Partner,2005-04,2.8000000000000025
Saudi Arabia,CHN->Partner,2005-05,2.3123469416942406
Saudi Arabia,CHN->Partner,2005-06,1.8419261663794178
Saudi Arabia,CHN->Partner,2005-07,1.3881287338017518
Saudi Arabia,CHN->Partner,2005-08,0.950367221937702
Saudi Arabia,CHN->Partner,2005-09,2.4888636855589485
Saudi Arabia,CHN->Partner,2005-10,1.6383710802949008
Saudi Arabia,CHN->Partner,2005-11,0.8415032790522066
Saudi Arabia,CHN->Partner,2005-12,3.427606935810889
Saudi Arabia,CHN->Partner,2006-01,3.805485923177205
Saudi Arabia,CHN->Partner,2006-02,3.3999999999999986
Saudi Arabia,CHN->Partner,2006-03,3.119333709555491
Saudi Arabia,CHN->Partner,2006-04,2.82713604703458
Saudi Arabia,CHN->Partner,2006-05,1.9000000000000004
Saudi Arabia,CHN->Partner,2006-06,1.7599999999999998
Saudi Arabia,CHN->Partner,2006-07,1.0
Saudi Arabia,CHN->Partner,2006-08,3.4975310902745775
Saudi Arabia,CHN->Partner,2006-09,1.0
Saudi Arabia,CHN->Partner,2006-10,-6.5
Saudi Arabia,CHN->Partner,2006-11,7.9999999999999964
Saudi Arabia,CHN->Partner,2006-12,2.910427743243556
Saudi Arabia,CHN->Partner,2007-01,2.8454529791364607
Saudi Arabia,CHN->Partner,2007-02,2.9999999999999964
Saudi Arabia,CHN->Partner,2007-03,2.974068431731933
Saudi Arabia,CHN->Partner,2007-04,2.948184895337649
Saudi Arabia,CHN->Partner,2007-05,1.0
Saudi Arabia,CHN->Partner,2007-06,5.75
Saudi Arabia,CHN->Partner,2007-07,2.5738719604982307
Saudi Arabia,CHN->Partner,2007-08,1.7763568394002505e-15
Saudi Arabia,CHN->Partner,2007-09,1.0
Saudi Arabia,CHN->Partner,2007-10,2.8000000000000025
Saudi Arabia,CHN->Partner,2007-11,4.0
Saudi Arabia,CHN->Partner,2007-12,1.0
Saudi Arabia,CHN->Partner,2008-01,1.5197067144104075
Saudi Arabia,CHN->Partner,2008-02,1.9000000000000004
Saudi Arabia,CHN->Partner,2008-03,3.5
Saudi Arabia,CHN->Partner,2008-04,1.4499999999999993
Saudi Arabia,CHN->Partner,2008-05,1.0332411670431156
Saudi Arabia,CHN->Partner,2008-06,2.6010948813189696
Saudi Arabia,CHN->Partner,2008-07,2.9119667788850148
Saudi Arabia,CHN->Partner,2008-08,3.2299440850626215
Saudi Arabia,CHN->Partner,2008-09,2.8000000000000025
Saudi Arabia,CHN->Partner,2008-10,3.3999999999999986
Saudi Arabia,CHN->Partner,2008-11,1.0
Saudi Arabia,CHN->Partner,2008-12,1.5841897918200551
Saudi Arabia,CHN->Partner,2009-01,2.196819393045672
Saudi Arabia,CHN->Partner,2009-02,2.8392733242048553
Saudi Arabia,CHN->Partner,2009-03,2.819622710986973
Saudi Arabia,CHN->Partner,2009-04,2.8000000000000025
Saudi Arabia,CHN->Partner,2009-05,2.6457535596137802
Saudi Arabia,CHN->Partner,2009-06,2.4932311746168185
Saudi Arabia,CHN->Partner,2009-07,2.3424135747622508
Saudi Arabia,CHN->Partner,2009-08,2.1932817051921187
Saudi Arabia,CHN->Partner,2009-09,2.0458167240299048
Saudi Arabia,CHN->Partner,2009-10,1.9000000000000004
Saudi Arabia,CHN->Partner,2009-11,1.999234668948553
Saudi Arabia,CHN->Partner,2009-12,2.0992327115034044
Saudi Arabia,CHN->Partner,2010-01,2.1999999999999993
Saudi Arabia,CHN->Partner,2010-02,3.3999999999999986
Saudi Arabia,CHN->Partner,2010-03,1.0608458603342097
Saudi Arabia,CHN->Partner,2010-04,-0.8983331342541057
Saudi Arabia,CHN->Partner,2010-05,2.896163534656502
Saudi Arabia,CHN->Partner,2010-06,3.676189382369518
Saudi Arabia,CHN->Partner,2010-07,4.499999999999998
Saudi Arabia,CHN->Partner,2010-08,3.8830737607356074
Saudi Arabia,CHN->Partner,2010-09,3.290702230161081
Saudi Arabia,CHN->Partner,2010-10,2.7219080893029837
Saudi Arabia,CHN->Partner,2010-11,0.60000990883022
Saudi Arabia,CHN->Partner,2010-12,2.192993639906872
Saudi Arabia,CHN->Partner,2011-01,2.1598237776786817
Saudi Arabia,CHN->Partner,2011-02,2.1267373112126933
Saudi Arabia,CHN->Partner,2011-03,2.09373403083503
Saudi Arabia,CHN->Partner,2011-04,4.0
Saudi Arabia,CHN->Partner,2011-05,2.4504823302275156
Saudi Arabia,CHN->Partner,2011-06,1.0610316610508423
Saudi Arabia,CHN->Partner,2011-07,1.0
Saudi Arabia,CHN->Partner,2011-08,1.0
Saudi Arabia,CHN->Partner,2011-09,1.0
Saudi Arabia,CHN->Partner,2011-10,2.4848044565032126
Saudi Arabia,CHN->Partner,2011-11,4.006539721854722
Saudi Arabia,CHN->Partner,2011-12,5.699999999999996
Saudi Arabia,CHN->Partner,2012-01,3.1343413089697876
Saudi Arabia,CHN->Partner,2012-02,2.724999999999998
Saudi Arabia,CHN->Partner,2012-03,2.871762533323235
Saudi Arabia,CHN->Partner,2012-04,2.6901712795069095
Saudi Arabia,CHN->Partner,2012-05,2.5109571845687935
Saudi Arabia,CHN->Partner,2012-06,2.334089129805692
Saudi Arabia,CHN->Partner,2012-07,2.055903524293079
Saudi Arabia,CHN->Partner,2012-08,1.7835216321320928
Saudi Arabia,CHN->Partner,2012-09,1.5168223719727294
Saudi Arabia,CHN->Partner,2012-10,1.2556871885534342
Saudi Arabia,CHN->Partner,2012-11,1.0
Saudi Arabia,CHN->Partner,2012-12,1.2068814761757984
Saudi Arabia,CHN->Partner,2013-01,1.4173296144503205
Saudi Arabia,CHN->Partner,2013-02,1.6314059045168925
Saudi Arabia,CHN->Partner,2013-03,1.8491728961587377
Saudi Arabia,CHN->Partner,2013-04,2.070694217525018
Saudi Arabia,CHN->Partner,2013-05,2.5303535043303693
Saudi Arabia,CHN->Partner,2013-06,2.168629924326657
Saudi Arabia,CHN->Partner,2013-07,1.8165767456386792
Saudi Arabia,CHN->Partner,2013-08,1.4739354375353102
Saudi Arabia,CHN->Partner,2013-09,1.140454380905389
Saudi Arabia,CHN->Partner,2013-10,0.815888683480896
Saudi Arabia,CHN->Partner,2013-11,0.4999999999999982
Saudi Arabia,CHN->Partner,2013-12,1.9620855486487088
Saudi Arabia,CHN->Partner,2014-01,1.9000000000000004
Saudi Arabia,CHN->Partner,2014-02,2.8000000000000025
Saudi Arabia,CHN->Partner,2014-03,2.761218306305649
Saudi Arabia,CHN->Partner,2014-04,2.540668033690446
Saudi Arabia,CHN->Partner,2014-05,2.323652507902736
Saudi Arabia,CHN->Partner,2014-06,2.110115077753715
Saudi Arabia,CHN->Partner,2014-07,1.9000000000000004
Saudi Arabia,CHN->Partner,2014-08,3.3999999999999986
Saudi Arabia,CHN->Partner,2014-09,1.599999999999996
Saudi Arabia,CHN->Partner,2014-10,1.9120616596005302
Saudi Arabia,CHN->Partner,2014-11,2.2318520874068337
Saudi Arabia,CHN->Partner,2014-12,2.559562700262788
Saudi Arabia,CHN->Partner,2015-01,2.895389655794652
Saudi Arabia,CHN->Partner,2015-02,2.012098469679149
Saudi Arabia,CHN->Partner,2015-03,1.1849556420333176
Saudi Arabia,CHN->Partner,2015-04,1.9311328525045912
Saudi Arabia,CHN->Partner,2015-05,-1.9999999999999982
Saudi Arabia,CHN->Partner,2015-06,7.199999999999992
Saudi Arabia,CHN->Partner,2015-07,5.612684406280138
Saudi Arabia,CHN->Partner,2015-08,4.16380676827821
Saudi Arabia,CHN->Partner,2015-09,2.8412931999571907
Saudi Arabia,CHN->Partner,2015-10,1.6341228409714414
Saudi Arabia,CHN->Partner,2015-11,1.0
Saudi Arabia,CHN->Partner,2015-12,3.5796148362152387
Saudi Arabia,CHN->Partner,2016-01,2.015915234664737
Saudi Arabia,CHN->Partner,2016-02,1.9000000000000004
Saudi Arabia,CHN->Partner,2016-03,2.080712509383117
Saudi Arabia,CHN->Partner,2016-04,2.263956570010235
Saudi Arabia,CHN->Partner,2016-05,2.4497676456780813
Saudi Arabia,CHN->Partner,2016-06,2.6381816969858587
Saudi Arabia,CHN->Partner,2016-07,3.0135652791764453
Saudi Arabia,CHN->Partner,2016-08,3.3992810916385636
Saudi Arabia,CHN->Partner,2016-09,2.1962435546787678
Saudi Arabia,CHN->Partner,2016-10,2.0472810138877637
Saudi Arabia,CHN->Partner,2016-11,1.9000000000000004
Saudi Arabia,CHN->Partner,2016-12,2.1551967114066315
Saudi Arabia,CHN->Partner,2017-01,2.415441900449915
Saudi Arabia,CHN->Partner,2017-02,2.6808354396019727
Saudi Arabia,CHN->Partner,2017-03,2.9514791770811755
Saudi Arabia,CHN->Partner,2017-04,1.9000000000000004
Saudi Arabia,CHN->Partner,2017-05,1.7763568394002505e-15
Saudi Arabia,CHN->Partner,2017-06,4.499999999999998
Saudi Arabia,CHN->Partner,2017-07,3.7650015784070536
Saudi Arabia,CHN->Partner,2017-08,3.0648562329266245
Saudi Arabia,CHN->Partner,2017-09,2.769518121099244
Saudi Arabia,CHN->Partner,2017-10,2.4803816084104007
Saudi Arabia,CHN->Partner,2017-11,2.1973164718027416
Saudi Arabia,CHN->Partner,2017-12,0.5991022807541508
Saudi Arabia,CHN->Partner,2018-01,0.7978484211762034
Saudi Arabia,CHN->Partner,2018-02,1.0
Saudi Arabia,CHN->Partner,2018-03,1.267043514183758
Saudi Arabia,CHN->Partner,2018-04,1.540029714906483
Saudi Arabia,CHN->Partner,2018-05,1.8190908484929302
Saudi Arabia,CHN->Partner,2018-06,2.8000000000000025
Saudi Arabia,CHN->Partner,2018-07,2.145341380123984
Saudi Arabia,CHN->Partner,2018-08,2.1726423400028843
Saudi Arabia,CHN->Partner,2018-09,2.1999999999999993
Saudi Arabia,CHN->Partner,2018-10,1.3981358007949112
Saudi Arabia,CHN->Partner,2018-11,0.6449826768903453
Saudi Arabia,CHN->Partner,2018-12,2.749642417535732
Saudi Arabia,CHN->Partner,2019-01,2.6406594314680127
Saudi Arabia,CHN->Partner,2019-02,2.5325402708651
Saudi Arabia,CHN->Partner,2019-03,3.3874945699381627
Saudi Arabia,CHN->Partner,2019-04,2.914884078879176
Saudi Arabia,CHN->Partner,2019-05,2.457798227998035
Saudi Arabia,CHN->Partner,2019-06,4.899999999999997
Saudi Arabia,CHN->Partner,2019-07,6.399999999999999
Saudi Arabia,CHN->Partner,2019-08,3.9329670460759747
Saudi Arabia,CHN->Partner,2019-09,1.8157186666201763
Saudi Arabia,CHN->Partner,2019-10,0.20000000000000284
Saudi Arabia,CHN->Partner,2019-11,5.450000000000003
Saudi Arabia,CHN->Partner,2019-12,4.760599539591153
Saudi Arabia,CHN->Partner,2020-01,4.100091054550811
Saudi Arabia,CHN->Partner,2020-02,3.4672637156314874
Saudi Arabia,CHN->Partner,2020-03,2.55091881588681
Saudi Arabia,CHN->Partner,2020-04,5.699999999999996
Saudi Arabia,CHN->Partner,2020-05,4.492282706051373
Saudi Arabia,CHN->Partner,2020-06,3.3719055954621826
Saudi Arabia,CHN->Partner,2020-07,2.332552365843222
Saudi Arabia,CHN->Partner,2020-08,6.9999999999999964
Saudi Arabia,CHN->Partner,2020-09,2.3778641539872254
Saudi Arabia,CHN->Partner,2020-10,1.960408493575839
Saudi Arabia,CHN->Partner,2020-11,1.5559795186206333
Saudi Arabia,CHN->Partner,2020-12,1.0142858527673138
Saudi Arabia,CHN->Partner,2021-01,0.49596209024892346
Saudi Arabia,CHN->Partner,2021-02,1.7763568394002505e-15
Saudi Arabia,CHN->Partner,2021-03,2.728421320104122
Saudi Arabia,CHN->Partner,2021-04,3.7399999999999984
Saudi Arabia,CHN->Partner,2021-05,2.022670690061995
Saudi Arabia,CHN->Partner,2021-06,4.499999999999998
Saudi Arabia,CHN->Partner,2021-07,1.4764098202746947
Saudi Arabia,CHN->Partner,2021-08,3.2168153638024712
Saudi Arabia,CHN->Partner,2021-09,5.199999999999996
Saudi Arabia,CHN->Partner,2021-10,2.15441920263064
Saudi Arabia,CHN->Partner,2021-11,4.387642628010031
Saudi Arabia,CHN->Partner,2021-12,6.9999999999999964
Saudi Arabia,CHN->Partner,2022-01,5.223159659927656
Saudi Arabia,CHN->Partner,2022-02,3.633718171095307
Saudi Arabia,CHN->Partner,2022-03,2.1999999999999993
Saudi Arabia,CHN->Partner,2022-04,1.6158356495920856
Saudi Arabia,CHN->Partner,2022-05,3.8160568405666684
Saudi Arabia,CHN->Partner,2022-06,6.399999999999999
Saudi Arabia,CHN->Partner,2022-07,4.8595739207338
Saudi Arabia,CHN->Partner,2022-08,3.520000000000005
Saudi Arabia,CHN->Partner,2022-09,0.8464265445104555
Saudi Arabia,CHN->Partner,2022-10,3.7438154689082452
Saudi Arabia,CHN->Partner,2022-11,3.6468060552459125
Saudi Arabia,CHN->Partner,2022-12,2.4322860844970773
Saudi Arabia,CHN->Partner,2023-01,2.3655005576817594
Saudi Arabia,CHN->Partner,2023-02,1.9000000000000004
Saudi Arabia,CHN->Partner,2023-03,4.699923148179973
Saudi Arabia,CHN->Partner,2023-04,2.8249385045504027
Saudi Arabia,Partner->CHN,2002-01,6.9999999999999964
Saudi Arabia,Partner->CHN,2002-02,4.760710643876436
Saudi Arabia,Partner->CHN,2002-03,2.8000000000000025
Saudi Arabia,Partner->CHN,2002-04,1.9742020373412181
Saudi Arabia,Partner->CHN,2002-05,1.937047819410024
Saudi Arabia,Partner->CHN,2002-06,1.9000000000000004
Saudi Arabia,Partner->CHN,2002-07,2.9999999999999964
Saudi Arabia,Partner->CHN,2002-08,6.399999999999999
Saudi Arabia,Partner->CHN,2002-09,3.9819891870205293
Saudi Arabia,Partner->CHN,2002-10,1.9000000000000004
Saudi Arabia,Partner->CHN,2002-11,3.5013887935270365
Saudi Arabia,Partner->CHN,2002-12,5.301571855893922
Saudi Arabia,Partner->CHN,2003-01,2.5865495623035333
Saudi Arabia,Partner->CHN,2003-02,0.3237134824019634
Saudi Arabia,Partner->CHN,2003-03,2.1909059582729196
Saudi Arabia,Partner->CHN,2003-04,1.7763568394002505e-15
Saudi Arabia,Partner->CHN,2003-05,1.0
Saudi Arabia,Partner->CHN,2003-06,1.140003281536714
Saudi Arabia,Partner->CHN,2003-07,1.2816399729768477
Saudi Arabia,Partner->CHN,2003-08,1.4249291312159489
Saudi Arabia,Partner->CHN,2003-09,1.569890035485228
Saudi Arabia,Partner->CHN,2003-10,1.7165421899455247
Saudi Arabia,Partner->CHN,2003-11,2.143574192826275
Saudi Arabia,Partner->CHN,2003-12,2.5849462835045234
Saudi Arabia,Partner->CHN,2004-01,3.041140013987258
Saudi Arabia,Partner->CHN,2004-02,3.512653107196112
Saudi Arabia,Partner->CHN,2004-03,4.0
Saudi Arabia,Partner->CHN,2004-04,2.9600562685413685
Saudi Arabia,Partner->CHN,2004-05,3.105190086222052
Saudi Arabia,Partner->CHN,2004-06,3.2518327678091126
Saudi Arabia,Partner->CHN,2004-07,3.3999999999999986
Saudi Arabia,Partner->CHN,2004-08,2.5659418884844047
Saudi Arabia,Partner->CHN,2004-09,4.329645124428859
Saudi Arabia,Partner->CHN,2004-10,2.563028477930226
Saudi Arabia,Partner->CHN,2004-11,1.0
Saudi Arabia,Partner->CHN,2004-12,6.9999999999999964
Saudi Arabia,Partner->CHN,2005-01,5.789001218619106
Saudi Arabia,Partner->CHN,2005-02,4.659475662155215
Saudi Arabia,Partner->CHN,2005-03,3.6059419986033365
Saudi Arabia,Partner->CHN,2005-04,2.62328766742397
Saudi Arabia,Partner->CHN,2005-05,2.667252468827506
Saudi Arabia,Partner->CHN,2005-06,2.7113591525585363
Saudi Arabia,Partner->CHN,2005-07,2.75560817649688
Saudi Arabia,Partner->CHN,2005-08,2.8000000000000025
Saudi Arabia,Partner->CHN,2005-09,7.9999999999999964
Saudi Arabia,Partner->CHN,2005-10,3.7975762106668274
Saudi Arabia,Partner->CHN,2005-11,0.5246453531838355
Saudi Arabia,Partner->CHN,2005-12,1.9034759144145195
Saudi Arabia,Partner->CHN,2006-01,3.3716505388971783
Saudi Arabia,Partner->CHN,2006-02,3.1231891707763726
Saudi Arabia,Partner->CHN,2006-03,2.879023276670976
Saudi Arabia,Partner->CHN,2006-04,2.640477216580372
Saudi Arabia,Partner->CHN,2006-05,2.8742020373412203
Saudi Arabia,Partner->CHN,2006-06,3.1249567472753768
Saudi Arabia,Partner->CHN,2006-07,1.0
Saudi Arabia,Partner->CHN,2006-08,2.6248974496738082
Saudi Arabia,Partner->CHN,2006-09,1.0
Saudi Arabia,Partner->CHN,2006-10,3.3874945699381573
Saudi Arabia,Partner->CHN,2006-11,6.249999999999993
Saudi Arabia,Partner->CHN,2006-12,2.8000000000000025
Saudi Arabia,Partner->CHN,2007-01,2.8454529791364607
Saudi Arabia,Partner->CHN,2007-02,6.399999999999999
Saudi Arabia,Partner->CHN,2007-03,3.9633721958275565
Saudi Arabia,Partner->CHN,2007-04,1.867960199475018
Saudi Arabia,Partner->CHN,2007-05,0.8000000000000007
Saudi Arabia,Partner->CHN,2007-06,5.75
Saudi Arabia,Partner->CHN,2007-07,2.5738719604982307
Saudi Arabia,Partner->CHN,2007-08,1.7763568394002505e-15
Saudi Arabia,Partner->CHN,2007-09,1.0
Saudi Arabia,Partner->CHN,2007-10,2.9499999999999993
Saudi Arabia,Partner->CHN,2007-11,4.0
Saudi Arabia,Partner->CHN,2007-12,0.7539711757243097
Saudi Arabia,Partner->CHN,2008-01,1.1124039811406963
Saudi Arabia,Partner->CHN,2008-02,2.8000000000000025
Saudi Arabia,Partner->CHN,2008-03,3.5
Saudi Arabia,Partner->CHN,2008-04,2.0985780396408593
Saudi Arabia,Partner->CHN,2008-05,6.439468184093748
Saudi Arabia,Partner->CHN,2008-06,2.820694308135744
Saudi Arabia,Partner->CHN,2008-07,6.099999999999994
Saudi Arabia,Partner->CHN,2008-08,3.1403677462787396
Saudi Arabia,Partner->CHN,2008-09,1.9000000000000004
Saudi Arabia,Partner->CHN,2008-10,6.9999999999999964
Saudi Arabia,Partner->CHN,2008-11,1.0
Saudi Arabia,Partner->CHN,2008-12,1.7947719194235816
Saudi Arabia,Partner->CHN,2009-01,2.6421823725058484
Saudi Arabia,Partner->CHN,2009-02,3.5457176616160986
Saudi Arabia,Partner->CHN,2009-03,2.698166221609654
Saudi Arabia,Partner->CHN,2009-04,1.9000000000000004
Saudi Arabia,Partner->CHN,2009-05,2.0458167240299048
Saudi Arabia,Partner->CHN,2009-06,2.1932817051921187
Saudi Arabia,Partner->CHN,2009-07,2.3424135747622508
Saudi Arabia,Partner->CHN,2009-08,2.4932311746168185
Saudi Arabia,Partner->CHN,2009-09,2.6457535596137802
Saudi Arabia,Partner->CHN,2009-10,2.8000000000000025
Saudi Arabia,Partner->CHN,2009-11,2.2399258670102906
Saudi Arabia,Partner->CHN,2009-12,1.7025823886904519
Saudi Arabia,Partner->CHN,2010-01,1.187047039554498
Saudi Arabia,Partner->CHN,2010-02,1.7763568394002505e-15
Saudi Arabia,Partner->CHN,2010-03,1.320714265009153
Saudi Arabia,Partner->CHN,2010-04,2.8000000000000025
Saudi Arabia,Partner->CHN,2010-05,3.0930088332279766
Saudi Arabia,Partner->CHN,2010-06,1.790725695539722
Saudi Arabia,Partner->CHN,2010-07,0.6087817551638679
Saudi Arabia,Partner->CHN,2010-08,1.2136993292795708
Saudi Arabia,Partner->CHN,2010-09,1.8501383221962815
Saudi Arabia,Partner->CHN,2010-10,2.5197412714856373
Saudi Arabia,Partner->CHN,2010-11,2.8000000000000025
Saudi Arabia,Partner->CHN,2010-12,3.0170253042846475
Saudi Arabia,Partner->CHN,2011-01,2.6131588671009602
Saudi Arabia,Partner->CHN,2011-02,2.220928857443276
Saudi Arabia,Partner->CHN,2011-03,1.8400000000000016
Saudi Arabia,Partner->CHN,2011-04,4.202631351183916
Saudi Arabia,Partner->CHN,2011-05,6.9999999999999964
Saudi Arabia,Partner->CHN,2011-06,4.0
Saudi Arabia,Partner->CHN,2011-07,1.0
Saudi Arabia,Partner->CHN,2011-08,1.6327191953127596
Saudi Arabia,Partner->CHN,2011-09,2.2987995223019535
Saudi Arabia,Partner->CHN,2011-10,3.033333333333335
Saudi Arabia,Partner->CHN,2011-11,5.328910965931968
Saudi Arabia,Partner->CHN,2011-12,7.9999999999999964
Saudi Arabia,Partner->CHN,2012-01,2.998276928600408
Saudi Arabia,Partner->CHN,2012-02,1.9000000000000004
Saudi Arabia,Partner->CHN,2012-03,1.4361263431510114
Saudi Arabia,Partner->CHN,2012-04,1.5888672465148979
Saudi Arabia,Partner->CHN,2012-05,1.7434841185620105
Saudi Arabia,Partner->CHN,2012-06,1.9000000000000004
Saudi Arabia,Partner->CHN,2012-07,3.1403677462787396
Saudi Arabia,Partner->CHN,2012-08,4.499999999999998
Saudi Arabia,Partner->CHN,2012-09,3.232511633219019
Saudi Arabia,Partner->CHN,2012-10,2.068670154175148
Saudi Arabia,Partner->CHN,2012-11,1.0
Saudi Arabia,Partner->CHN,2012-12,1.1199016580561167
Saudi Arabia,Partner->CHN,2013-01,1.2410013500792783
Saudi Arabia,Partner->CHN,2013-02,1.3633110465910825
Saudi Arabia,Partner->CHN,2013-03,1.486842837720225
Saudi Arabia,Partner->CHN,2013-04,1.6116089343976228
Saudi Arabia,Partner->CHN,2013-05,2.4129166213252926
Saudi Arabia,Partner->CHN,2013-06,2.793206350531081
Saudi Arabia,Partner->CHN,2013-07,3.184278244587537
Saudi Arabia,Partner->CHN,2013-08,3.5864380048321998
Saudi Arabia,Partner->CHN,2013-09,4.0
Saudi Arabia,Partner->CHN,2013-10,2.1339255365636998
Saudi Arabia,Partner->CHN,2013-11,0.4999999999999982
Saudi Arabia,Partner->CHN,2013-12,2.1999999999999993
Saudi Arabia,Partner->CHN,2014-01,2.8000000000000025
Saudi Arabia,Partner->CHN,2014-02,1.9000000000000004
Saudi Arabia,Partner->CHN,2014-03,2.858744650577677
Saudi Arabia,Partner->CHN,2014-04,1.001349916677956
Saudi Arabia,Partner->CHN,2014-05,-0.6071106399566801
Saudi Arabia,Partner->CHN,2014-06,-1.9999999999999982
Saudi Arabia,Partner->CHN,2014-07,2.8000000000000025
Saudi Arabia,Partner->CHN,2014-08,2.4966662550423955
Saudi Arabia,Partner->CHN,2014-09,2.1999999999999993
Saudi Arabia,Partner->CHN,2014-10,2.34750892738265
Saudi Arabia,Partner->CHN,2014-11,2.4966662550423955
Saudi Arabia,Partner->CHN,2014-12,2.6474904037183737
Saudi Arabia,Partner->CHN,2015-01,2.8000000000000025
Saudi Arabia,Partner->CHN,2015-02,2.3424135747622508
Saudi Arabia,Partner->CHN,2015-03,1.9000000000000004
Saudi Arabia,Partner->CHN,2015-04,4.828021929101885
Saudi Arabia,Partner->CHN,2015-05,6.341638234403796
Saudi Arabia,Partner->CHN,2015-06,7.9999999999999964
Saudi Arabia,Partner->CHN,2015-07,6.157399928197709
Saudi Arabia,Partner->CHN,2015-08,4.493493278743095
Saudi Arabia,Partner->CHN,2015-09,2.9909505509599157
Saudi Arabia,Partner->CHN,2015-10,1.6341228409714414
Saudi Arabia,Partner->CHN,2015-11,1.0
Saudi Arabia,Partner->CHN,2015-12,3.5
Saudi Arabia,Partner->CHN,2016-01,2.33454732898325
Saudi Arabia,Partner->CHN,2016-02,1.8318681593107335
Saudi Arabia,Partner->CHN,2016-03,2.35001257958794
Saudi Arabia,Partner->CHN,2016-04,2.8890794124812356
Saudi Arabia,Partner->CHN,2016-05,3.4499134945507564
Saudi Arabia,Partner->CHN,2016-06,1.0
Saudi Arabia,Partner->CHN,2016-07,2.600708026927208
Saudi Arabia,Partner->CHN,2016-08,4.414938236143513
Saudi Arabia,Partner->CHN,2016-09,2.4716545353990735
Saudi Arabia,Partner->CHN,2016-10,2.6348389278534263
Saudi Arabia,Partner->CHN,2016-11,2.8000000000000025
Saudi Arabia,Partner->CHN,2016-12,3.1889353732865846
Saudi Arabia,Partner->CHN,2017-01,3.5888323932828374
Saudi Arabia,Partner->CHN,2017-02,4.0
Saudi Arabia,Partner->CHN,2017-03,2.325820615849544
Saudi Arabia,Partner->CHN,2017-04,4.600000000000005
Saudi Arabia,Partner->CHN,2017-05,3.3999999999999986
Saudi Arabia,Partner->CHN,2017-06,3.187002343723961
Saudi Arabia,Partner->CHN,2017-07,2.977155243113133
Saudi Arabia,Partner->CHN,2017-08,2.7704120967110892
Saudi Arabia,Partner->CHN,2017-09,2.214723392366764
Saudi Arabia,Partner->CHN,2017-10,1.681458848894831
Saudi Arabia,Partner->CHN,2017-11,1.1697135657873385
Saudi Arabia,Partner->CHN,2017-12,1.0
Saudi Arabia,Partner->CHN,2018-01,-10.0
Saudi Arabia,Partner->CHN,2018-02,2.25
Saudi Arabia,Partner->CHN,2018-03,2.020263266872826
Saudi Arabia,Partner->CHN,2018-04,1.794509851975679
Saudi Arabia,Partner->CHN,2018-05,1.5726706900619938
Saudi Arabia,Partner->CHN,2018-06,1.9000000000000004
Saudi Arabia,Partner->CHN,2018-07,1.0
Saudi Arabia,Partner->CHN,2018-08,1.0
Saudi Arabia,Partner->CHN,2018-09,1.0
Saudi Arabia,Partner->CHN,2018-10,1.7763568394002505e-15
Saudi Arabia,Partner->CHN,2018-11,1.480502938311421
Saudi Arabia,Partner->CHN,2018-12,1.0
Saudi Arabia,Partner->CHN,2019-01,1.9302809440298834
Saudi Arabia,Partner->CHN,2019-02,2.9326804409618603
Saudi Arabia,Partner->CHN,2019-03,3.705213871621776
Saudi Arabia,Partner->CHN,2019-04,1.7763568394002505e-15
Saudi Arabia,Partner->CHN,2019-05,1.5329434754917912
Saudi Arabia,Partner->CHN,2019-06,1.9000000000000004
Saudi Arabia,Partner->CHN,2019-07,-0.22502900235921608
Saudi Arabia,Partner->CHN,2019-08,-1.9999999999999982
Saudi Arabia,Partner->CHN,2019-09,1.0
Saudi Arabia,Partner->CHN,2019-10,1.6716083412793914
Saudi Arabia,Partner->CHN,2019-11,2.380804829565113
Saudi Arabia,Partner->CHN,2019-12,3.129693174279071
Saudi Arabia,Partner->CHN,2020-01,3.920494823909422
Saudi Arabia,Partner->CHN,2020-02,4.755555555555549
Saudi Arabia,Partner->CHN,2020-03,4.042186028818911
Saudi Arabia,Partner->CHN,2020-04,7.9999999999999964
Saudi Arabia,Partner->CHN,2020-05,5.711536826671232
Saudi Arabia,Partner->CHN,2020-06,3.698708584694158
Saudi Arabia,Partner->CHN,2020-07,1.9283163061907924
Saudi Arabia,Partner->CHN,2020-08,1.7305147099390616
Saudi Arabia,Partner->CHN,2020-09,1.5357394529687323
Saudi Arabia,Partner->CHN,2020-10,1.724092959382217
Saudi Arabia,Partner->CHN,2020-11,1.9152765376483778
Saudi Arabia,Partner->CHN,2020-12,2.1093327105046082
Saudi Arabia,Partner->CHN,2021-01,2.3063046396060685
Saudi Arabia,Partner->CHN,2021-02,2.506236135125647
Saudi Arabia,Partner->CHN,2021-03,2.7091716654981344
Saudi Arabia,Partner->CHN,2021-04,4.899999999999997
Saudi Arabia,Partner->CHN,2021-05,2.7190908484929324
Saudi Arabia,Partner->CHN,2021-06,2.401098773358699
Saudi Arabia,Partner->CHN,2021-07,2.0904773732177926
Saudi Arabia,Partner->CHN,2021-08,1.7163968142293555
Saudi Arabia,Partner->CHN,2021-09,1.3530061835470715
Saudi Arabia,Partner->CHN,2021-10,1.0
Saudi Arabia,Partner->CHN,2021-11,3.8593404968053715
Saudi Arabia,Partner->CHN,2021-12,7.400000000000002
Saudi Arabia,Partner->CHN,2022-01,4.8206141891829315
Saudi Arabia,Partner->CHN,2022-02,3.7306279090421484
Saudi Arabia,Partner->CHN,2022-03,2.715737960604308
Saudi Arabia,Partner->CHN,2022-04,1.3969686527576393
Saudi Arabia,Partner->CHN,2022-05,1.547569561075246
Saudi Arabia,Partner->CHN,2022-06,1.700000000000001
Saudi Arabia,Partner->CHN,2022-07,2.833039092122858
Saudi Arabia,Partner->CHN,2022-08,1.9000000000000004
Saudi Arabia,Partner->CHN,2022-09,2.7752910369437345
Saudi Arabia,Partner->CHN,2022-10,3.7099723374032827
Saudi Arabia,Partner->CHN,2022-11,3.1999999999999993
Saudi Arabia,Partner->CHN,2022-12,2.7008719848047136
Saudi Arabia,Partner->CHN,2023-01,2.706044717944133
Saudi Arabia,Partner->CHN,2023-02,2.8000000000000025
Saudi Arabia,Partner->CHN,2023-03,4.3085638294715505
Saudi Arabia,Partner->CHN,2023-04,2.7227840865489874
Singapore,Aggregated,2002-01,1.017811819867573
Singapore,Aggregated,2002-02,0.9208989423837863
Singapore,Aggregated,2002-03,3.171206787381127
Singapore,Aggregated,2002-04,3.1265619555732265
Singapore,Aggregated,2002-05,2.3188777381378323
Singapore,Aggregated,2002-06,1.7321174643781312
Singapore,Aggregated,2002-07,1.171206787381129
Singapore,Aggregated,2002-08,3.016620583521556
Singapore,Aggregated,2002-09,2.6972679984660743
Singapore,Aggregated,2002-10,1.1141378582540842
Singapore,Aggregated,2002-11,2.099498582839791
Singapore,Aggregated,2002-12,2.67635708524446
Singapore,Aggregated,2003-01,1.5000000000000018
Singapore,Aggregated,2003-02,1.978347352417412
Singapore,Aggregated,2003-03,2.4749999999999996
Singapore,Aggregated,2003-04,1.2013627921260905
Singapore,Aggregated,2003-05,3.3999999999999986
Singapore,Aggregated,2003-06,0.6325155352616534
Singapore,Aggregated,2003-07,2.6510295629320737
Singapore,Aggregated,2003-08,2.333333333333334
Singapore,Aggregated,2003-09,2.0
Singapore,Aggregated,2003-10,0.9969668687538533
Singapore,Aggregated,2003-11,2.9402466071216473
Singapore,Aggregated,2003-12,1.7763568394002505e-15
Singapore,Aggregated,2004-01,2.894942383174831
Singapore,Aggregated,2004-02,2.0687390518246307
Singapore,Aggregated,2004-03,1.291662368567673
Singapore,Aggregated,2004-04,2.7281777443307593
Singapore,Aggregated,2004-05,3.295052977327318
Singapore,Aggregated,2004-06,1.6267848213581448
Singapore,Aggregated,2004-07,-1.4455040999770237
Singapore,Aggregated,2004-08,-0.17370617935251076
Singapore,Aggregated,2004-09,-0.5694322869406925
Singapore,Aggregated,2004-10,1.6788720473618053
Singapore,Aggregated,2004-11,1.908320585172321
Singapore,Aggregated,2004-12,2.724999999999998
Singapore,Aggregated,2005-01,2.5514167035130786
Singapore,Aggregated,2005-02,2.017514641539325
Singapore,Aggregated,2005-03,0.8562846049151815
Singapore,Aggregated,2005-04,1.286335936873952
Singapore,Aggregated,2005-05,1.7140381421631208
Singapore,Aggregated,2005-06,-0.7161888359263564
Singapore,Aggregated,2005-07,0.46848271495245264
Singapore,Aggregated,2005-08,-0.9632753144626562
Singapore,Aggregated,2005-09,0.88599938880186
Singapore,Aggregated,2005-10,1.3448183703982437
Singapore,Aggregated,2005-11,2.6306915173528562
Singapore,Aggregated,2005-12,1.2213514225263804
Singapore,Aggregated,2006-01,1.057142857142857
Singapore,Aggregated,2006-02,1.2101930012451483
Singapore,Aggregated,2006-03,0.0652776697817643
Singapore,Aggregated,2006-04,1.5354958760615194
Singapore,Aggregated,2006-05,1.0781573999335006
Singapore,Aggregated,2006-06,3.12815931429102
Singapore,Aggregated,2006-07,1.9884925670057108
Singapore,Aggregated,2006-08,2.0691301235837116
Singapore,Aggregated,2006-09,-0.854156503331895
Singapore,Aggregated,2006-10,3.1264341121438157
Singapore,Aggregated,2006-11,1.0555740809077587
Singapore,Aggregated,2006-12,0.4549753070749283
Singapore,Aggregated,2007-01,1.6699889441224052
Singapore,Aggregated,2007-02,0.09910707166776866
Singapore,Aggregated,2007-03,-4.749999999999999
Singapore,Aggregated,2007-04,2.789773490938023
Singapore,Aggregated,2007-05,1.7075147211320107
Singapore,Aggregated,2007-06,-0.608856992712342
Singapore,Aggregated,2007-07,2.8811564150454583
Singapore,Aggregated,2007-08,2.3503748738794386
Singapore,Aggregated,2007-09,2.886621138765772
Singapore,Aggregated,2007-10,2.9176900750299684
Singapore,Aggregated,2007-11,2.388611944842962
Singapore,Aggregated,2007-12,3.9170320054133203
Singapore,Aggregated,2008-01,5.619933774108297
Singapore,Aggregated,2008-02,1.3692188717341924
Singapore,Aggregated,2008-03,-2.0590502099426384
Singapore,Aggregated,2008-04,2.7428571428571384
Singapore,Aggregated,2008-05,3.5649546683687685
Singapore,Aggregated,2008-06,2.5787267368807143
Singapore,Aggregated,2008-07,1.8329064449646388
Singapore,Aggregated,2008-08,1.3930534326189985
Singapore,Aggregated,2008-09,2.2167376434253256
Singapore,Aggregated,2008-10,1.5690962854626722
Singapore,Aggregated,2008-11,2.836908423699649
Singapore,Aggregated,2008-12,1.9335967090390884
Singapore,Aggregated,2009-01,3.0152715762419007
Singapore,Aggregated,2009-02,1.6712067873811236
Singapore,Aggregated,2009-03,2.9035102753840754
Singapore,Aggregated,2009-04,0.14915776393307034
Singapore,Aggregated,2009-05,2.2298456060805503
Singapore,Aggregated,2009-06,2.8429150712741613
Singapore,Aggregated,2009-07,-0.5
Singapore,Aggregated,2009-08,2.5936249327213368
Singapore,Aggregated,2009-09,2.2124250105307226
Singapore,Aggregated,2009-10,2.8477594131655835
Singapore,Aggregated,2009-11,2.445945827074203
Singapore,Aggregated,2009-12,4.0
Singapore,Aggregated,2010-01,2.1310751120078475
Singapore,Aggregated,2010-02,2.0653731847238888
Singapore,Aggregated,2010-03,2.0
Singapore,Aggregated,2010-04,2.6269209533500195
Singapore,Aggregated,2010-05,2.580876688727841
Singapore,Aggregated,2010-06,4.263594031003123
Singapore,Aggregated,2010-07,2.09023092211509
Singapore,Aggregated,2010-08,2.093667450691772
Singapore,Aggregated,2010-09,2.285767797602121
Singapore,Aggregated,2010-10,2.6789759548374583
Singapore,Aggregated,2010-11,2.9166228465728636
Singapore,Aggregated,2010-12,4.499999999999998
Singapore,Aggregated,2011-01,2.8248806286383594
Singapore,Aggregated,2011-02,1.1321363743388648
Singapore,Aggregated,2011-03,1.7763568394002505e-15
Singapore,Aggregated,2011-04,0.5864504924645466
Singapore,Aggregated,2011-05,1.9047494343172957
Singapore,Aggregated,2011-06,2.4575421324121223
Singapore,Aggregated,2011-07,-0.5
Singapore,Aggregated,2011-08,3.3999999999999986
Singapore,Aggregated,2011-09,0.8811015779523022
Singapore,Aggregated,2011-10,1.7814375833410914
Singapore,Aggregated,2011-11,2.7500000000000018
Singapore,Aggregated,2011-12,1.298373876248844
Singapore,Aggregated,2012-01,1.7763568394002505e-15
Singapore,Aggregated,2012-02,3.9359045722096173
Singapore,Aggregated,2012-03,-5.0
Singapore,Aggregated,2012-04,-1.7402349703205378
Singapore,Aggregated,2012-05,3.290541400812458
Singapore,Aggregated,2012-06,1.6813813028729268
Singapore,Aggregated,2012-07,1.5495202361961429
Singapore,Aggregated,2012-08,4.999999999999998
Singapore,Aggregated,2012-09,1.6111389718290354
Singapore,Aggregated,2012-10,1.590263942949667
Singapore,Aggregated,2012-11,1.5694234681919852
Singapore,Aggregated,2012-12,-3.2629925521835235
Singapore,Aggregated,2013-01,-5.0
Singapore,Aggregated,2013-02,-1.3287932126188764
Singapore,Aggregated,2013-03,-2.6999999999999993
Singapore,Aggregated,2013-04,3.992421475623134
Singapore,Aggregated,2013-05,2.1343071089584598
Singapore,Aggregated,2013-06,-2.8287932126188746
Singapore,Aggregated,2013-07,-0.37976911582064155
Singapore,Aggregated,2013-08,2.803261497121653
Singapore,Aggregated,2013-09,1.933358737723509
Singapore,Aggregated,2013-10,2.334993581525641
Singapore,Aggregated,2013-11,3.456424393189833
Singapore,Aggregated,2013-12,2.9999999999999964
Singapore,Aggregated,2014-01,2.549831364838351
Singapore,Aggregated,2014-02,2.1141378582540824
Singapore,Aggregated,2014-03,-0.5
Singapore,Aggregated,2014-04,2.125287602103622
Singapore,Aggregated,2014-05,1.5616090498414987
Singapore,Aggregated,2014-06,2.898953381846802
Singapore,Aggregated,2014-07,1.4703612429791324
Singapore,Aggregated,2014-08,2.1109000669480675
Singapore,Aggregated,2014-09,2.272116876617403
Singapore,Aggregated,2014-10,2.971691742724394
Singapore,Aggregated,2014-11,0.8301452510625822
Singapore,Aggregated,2014-12,0.03824149465505222
Singapore,Aggregated,2015-01,1.7763568394002505e-15
Singapore,Aggregated,2015-02,1.6340840502919711
Singapore,Aggregated,2015-03,1.5535447881562607
Singapore,Aggregated,2015-04,2.649843216718713
Singapore,Aggregated,2015-05,1.666506052895091
Singapore,Aggregated,2015-06,-1.9637876011035775
Singapore,Aggregated,2015-07,1.4445623158965972
Singapore,Aggregated,2015-08,2.158816793672596
Singapore,Aggregated,2015-09,1.5272044958901212
Singapore,Aggregated,2015-10,3.2274674312403455
Singapore,Aggregated,2015-11,2.251912711518113
Singapore,Aggregated,2015-12,2.2970861489923333
Singapore,Aggregated,2016-01,2.3424135747622508
Singapore,Aggregated,2016-02,3.719136329243497
Singapore,Aggregated,2016-03,-0.48750540919908936
Singapore,Aggregated,2016-04,0.2712067873811268
Singapore,Aggregated,2016-05,3.171206787381127
Singapore,Aggregated,2016-06,1.7489998383800334
Singapore,Aggregated,2016-07,4.1666666666666625
Singapore,Aggregated,2016-08,1.743925733161312
Singapore,Aggregated,2016-09,1.0871704696911841
Singapore,Aggregated,2016-10,-1.2809655475652697
Singapore,Aggregated,2016-11,-1.45809641178813
Singapore,Aggregated,2016-12,1.7763568394002505e-15
Singapore,Aggregated,2017-01,1.9171167526560922
Singapore,Aggregated,2017-02,3.443265097216324
Singapore,Aggregated,2017-03,-5.0
Singapore,Aggregated,2017-04,1.4835194813317987
Singapore,Aggregated,2017-05,0.4467177442431556
Singapore,Aggregated,2017-06,1.806879879441384
Singapore,Aggregated,2017-07,-0.9588851400455258
Singapore,Aggregated,2017-08,2.4906332663334148
Singapore,Aggregated,2017-09,1.9367331133259853
Singapore,Aggregated,2017-10,2.0729563080589504
Singapore,Aggregated,2017-11,2.1156997643842637
Singapore,Aggregated,2017-12,0.887285580400329
Singapore,Aggregated,2018-01,2.3240879923401874
Singapore,Aggregated,2018-02,1.2073707909949665
Singapore,Aggregated,2018-03,3.6064972849319297
Singapore,Aggregated,2018-04,1.868096208509625
Singapore,Aggregated,2018-05,1.9351610168776059
Singapore,Aggregated,2018-06,0.903263700146363
Singapore,Aggregated,2018-07,2.4073468798800395
Singapore,Aggregated,2018-08,2.6597029565524153
Singapore,Aggregated,2018-09,2.978144324941269
Singapore,Aggregated,2018-10,1.5251839434874483
Singapore,Aggregated,2018-11,2.7413795207558334
Singapore,Aggregated,2018-12,-0.3661499366909844
Singapore,Aggregated,2019-01,4.2065357945609065
Singapore,Aggregated,2019-02,2.7178128043357113
Singapore,Aggregated,2019-03,2.089876986777231
Singapore,Aggregated,2019-04,2.3745928978728834
Singapore,Aggregated,2019-05,1.9116456772788375
Singapore,Aggregated,2019-06,1.0506342767304453
Singapore,Aggregated,2019-07,1.2987276796685734
Singapore,Aggregated,2019-08,0.2627314338711386
Singapore,Aggregated,2019-09,4.669165890251007
Singapore,Aggregated,2019-10,2.86217698027383
Singapore,Aggregated,2019-11,2.1141378582540824
Singapore,Aggregated,2019-12,4.16356524710519
Singapore,Aggregated,2020-01,2.490785282561774
Singapore,Aggregated,2020-02,1.2316325912285446
Singapore,Aggregated,2020-03,1.5768818256628538
Singapore,Aggregated,2020-04,1.8606143497187713
Singapore,Aggregated,2020-05,3.462383250419167
Singapore,Aggregated,2020-06,3.298314127724945
Singapore,Aggregated,2020-07,0.5067279996108827
Singapore,Aggregated,2020-08,1.9859698225027973
Singapore,Aggregated,2020-09,1.333333333333334
Singapore,Aggregated,2020-10,2.5348232324257527
Singapore,Aggregated,2020-11,3.8259512426772133
Singapore,Aggregated,2020-12,2.8036780442852454
Singapore,Aggregated,2021-01,3.108682624643434
Singapore,Aggregated,2021-02,-1.0572605020719177
Singapore,Aggregated,2021-03,0.9392011381374719
Singapore,Aggregated,2021-04,2.1087010500328134
Singapore,Aggregated,2021-05,5.166556290180491
Singapore,Aggregated,2021-06,2.3164312766851207
Singapore,Aggregated,2021-07,1.1681302925273087
Singapore,Aggregated,2021-08,-0.4673397282627878
Singapore,Aggregated,2021-09,2.7043622522663533
Singapore,Aggregated,2021-10,-0.09838862902988232
Singapore,Aggregated,2021-11,-0.1499999999999968
Singapore,Aggregated,2021-12,3.138790748388887
Singapore,Aggregated,2022-01,2.7332115648182356
Singapore,Aggregated,2022-02,2.339266648779594
Singapore,Aggregated,2022-03,0.9784684176020821
Singapore,Aggregated,2022-04,1.7763568394002505e-15
Singapore,Aggregated,2022-05,2.466666666666665
Singapore,Aggregated,2022-06,3.2817278427692536
Singapore,Aggregated,2022-07,2.58477776439571
Singapore,Aggregated,2022-08,0.9016338485175233
Singapore,Aggregated,2022-09,-9.0
Singapore,Aggregated,2022-10,1.2344876415727466
Singapore,Aggregated,2022-11,1.8882583065698828
Singapore,Aggregated,2022-12,1.8903427761203577
Singapore,Aggregated,2023-01,1.9744889493629714
Singapore,Aggregated,2023-02,1.6622391515176158
Singapore,Aggregated,2023-03,1.9643333864209929
Singapore,Aggregated,2023-04,2.3725235084848233
Singapore,CHN->Partner,2002-01,2.0
Singapore,CHN->Partner,2002-02,2.9999999999999964
Singapore,CHN->Partner,2002-03,3.400000000000004
Singapore,CHN->Partner,2002-04,3.11088802434773
Singapore,CHN->Partner,2002-05,2.4769715143379276
Singapore,CHN->Partner,2002-06,2.6375293546105123
Singapore,CHN->Partner,2002-07,2.8000000000000025
Singapore,CHN->Partner,2002-08,3.0221607780287396
Singapore,CHN->Partner,2002-09,2.245107836508943
Singapore,CHN->Partner,2002-10,1.4499999999999993
Singapore,CHN->Partner,2002-11,2.966666666666667
Singapore,CHN->Partner,2002-12,2.8833828249346745
Singapore,CHN->Partner,2003-01,2.0
Singapore,CHN->Partner,2003-02,2.6106575888162027
Singapore,CHN->Partner,2003-03,3.25
Singapore,CHN->Partner,2003-04,2.166666666666668
Singapore,CHN->Partner,2003-05,2.691286344314525
Singapore,CHN->Partner,2003-06,3.23680924774785
Singapore,CHN->Partner,2003-07,3.7539012450488514
Singapore,CHN->Partner,2003-08,1.7499999999999964
Singapore,CHN->Partner,2003-09,1.3840334994009797
Singapore,CHN->Partner,2003-10,1.0285714285714267
Singapore,CHN->Partner,2003-11,3.213262471623487
Singapore,CHN->Partner,2003-12,3.2066296881791576
Singapore,CHN->Partner,2004-01,3.1999999999999993
Singapore,CHN->Partner,2004-02,4.073154945133419
Singapore,CHN->Partner,2004-03,4.999999999999998
Singapore,CHN->Partner,2004-04,2.379252039202159
Singapore,CHN->Partner,2004-05,3.50418468073134
Singapore,CHN->Partner,2004-06,2.3016575129844217
Singapore,CHN->Partner,2004-07,-1.9803111083755063
Singapore,CHN->Partner,2004-08,-0.9368766664992982
Singapore,CHN->Partner,2004-09,-0.15000000000000213
Singapore,CHN->Partner,2004-10,0.40000000000000036
Singapore,CHN->Partner,2004-11,2.0048196699421315
Singapore,CHN->Partner,2004-12,2.5
Singapore,CHN->Partner,2005-01,2.8293087900463227
Singapore,CHN->Partner,2005-02,2.8487064957858355
Singapore,CHN->Partner,2005-03,0.5093712228903371
Singapore,CHN->Partner,2005-04,1.1663626144358812
Singapore,CHN->Partner,2005-05,1.8608571571272137
Singapore,CHN->Partner,2005-06,-0.4195613788518191
Singapore,CHN->Partner,2005-07,0.4750000000000014
Singapore,CHN->Partner,2005-08,-0.7280348936264751
Singapore,CHN->Partner,2005-09,1.9954230812041214
Singapore,CHN->Partner,2005-10,1.1776823845243491
Singapore,CHN->Partner,2005-11,1.8151823680820431
Singapore,CHN->Partner,2005-12,-0.2500000000000018
Singapore,CHN->Partner,2006-01,0.879999999999999
Singapore,CHN->Partner,2006-02,2.9292124490252256
Singapore,CHN->Partner,2006-03,0.3800000000000008
Singapore,CHN->Partner,2006-04,1.5700223425232398
Singapore,CHN->Partner,2006-05,0.9013965528011258
Singapore,CHN->Partner,2006-06,3.697695892751714
Singapore,CHN->Partner,2006-07,1.8652059116226543
Singapore,CHN->Partner,2006-08,1.9854328275788529
Singapore,CHN->Partner,2006-09,-1.732704344976396
Singapore,CHN->Partner,2006-10,3.4774641924218557
Singapore,CHN->Partner,2006-11,0.5825102382968765
Singapore,CHN->Partner,2006-12,0.585714285714289
Singapore,CHN->Partner,2007-01,0.2500000000000018
Singapore,CHN->Partner,2007-02,1.7763568394002505e-15
Singapore,CHN->Partner,2007-03,-9.5
Singapore,CHN->Partner,2007-04,2.2944960372494148
Singapore,CHN->Partner,2007-05,2.8000000000000025
Singapore,CHN->Partner,2007-06,-0.7940716293995109
Singapore,CHN->Partner,2007-07,3.067155851961152
Singapore,CHN->Partner,2007-08,-1.82915526193732
Singapore,CHN->Partner,2007-09,3.131305465738711
Singapore,CHN->Partner,2007-10,3.6779088049882827
Singapore,CHN->Partner,2007-11,2.5093691166034144
Singapore,CHN->Partner,2007-12,3.984152296607663
Singapore,CHN->Partner,2008-01,5.619933774108297
Singapore,CHN->Partner,2008-02,1.3367137921902916
Singapore,CHN->Partner,2008-03,-9.0
Singapore,CHN->Partner,2008-04,1.7763568394002505e-15
Singapore,CHN->Partner,2008-05,4.028277409481564
Singapore,CHN->Partner,2008-06,0.38474269648039616
Singapore,CHN->Partner,2008-07,1.7203542910485794
Singapore,CHN->Partner,2008-08,2.3708313008125224
Singapore,CHN->Partner,2008-09,3.2349488451348325
Singapore,CHN->Partner,2008-10,1.7424124758816522
Singapore,CHN->Partner,2008-11,3.0144549276119523
Singapore,CHN->Partner,2008-12,3.2401228640733493
Singapore,CHN->Partner,2009-01,3.5359518070345928
Singapore,CHN->Partner,2009-02,1.4499999999999993
Singapore,CHN->Partner,2009-03,3.3265760711204564
Singapore,CHN->Partner,2009-04,2.7082724837931416
Singapore,CHN->Partner,2009-05,2.225180855992793
Singapore,CHN->Partner,2009-06,4.611111111111116
Singapore,CHN->Partner,2009-07,1.7499999999999964
Singapore,CHN->Partner,2009-08,2.604491361262525
Singapore,CHN->Partner,2009-09,2.748166579748812
Singapore,CHN->Partner,2009-10,2.5123424751274666
Singapore,CHN->Partner,2009-11,3.1218552146419114
Singapore,CHN->Partner,2009-12,7.9999999999999964
Singapore,CHN->Partner,2010-01,2.469939758793238
Singapore,CHN->Partner,2010-02,1.7137436306352676
Singapore,CHN->Partner,2010-03,1.0
Singapore,CHN->Partner,2010-04,2.6380454598934637
Singapore,CHN->Partner,2010-05,2.9164566335032873
Singapore,CHN->Partner,2010-06,4.275045787044071
Singapore,CHN->Partner,2010-07,2.468064956672235
Singapore,CHN->Partner,2010-08,1.44118924054027
Singapore,CHN->Partner,2010-09,2.1665859852880267
Singapore,CHN->Partner,2010-10,2.6908885418099846
Singapore,CHN->Partner,2010-11,3.4852280607765156
Singapore,CHN->Partner,2010-12,3.6608294101311696
Singapore,CHN->Partner,2011-01,3.8385595374219186
Singapore,CHN->Partner,2011-02,1.1655100859065683
Singapore,CHN->Partner,2011-03,1.3737779560083858
Singapore,CHN->Partner,2011-04,1.585611275105796
Singapore,CHN->Partner,2011-05,2.182059144537096
Singapore,CHN->Partner,2011-06,2.1169729386289333
Singapore,CHN->Partner,2011-07,4.0
Singapore,CHN->Partner,2011-08,3.3999999999999986
Singapore,CHN->Partner,2011-09,1.0
Singapore,CHN->Partner,2011-10,1.845232578665133
Singapore,CHN->Partner,2011-11,2.7500000000000018
Singapore,CHN->Partner,2011-12,3.099380558103011
Singapore,CHN->Partner,2012-01,3.45763869979732
Singapore,CHN->Partner,2012-02,3.8249999999999993
Singapore,CHN->Partner,2012-03,-5.0
Singapore,CHN->Partner,2012-04,-1.8145847204737304
Singapore,CHN->Partner,2012-05,3.0619756428924436
Singapore,CHN->Partner,2012-06,1.7399298704226265
Singapore,CHN->Partner,2012-07,1.8342909452600367
Singapore,CHN->Partner,2012-08,1.6055966906917458
Singapore,CHN->Partner,2012-09,1.3809775394770885
Singapore,CHN->Partner,2012-10,1.8316849317472403
Singapore,CHN->Partner,2012-11,2.2987995223019535
Singapore,CHN->Partner,2012-12,2.566644678941506
Singapore,CHN->Partner,2013-01,2.2291237940517217
Singapore,CHN->Partner,2013-02,1.9000000000000004
Singapore,CHN->Partner,2013-03,-0.40000000000000036
Singapore,CHN->Partner,2013-04,3.6000000000000014
Singapore,CHN->Partner,2013-05,1.8783279063207807
Singapore,CHN->Partner,2013-06,-0.04999999999999716
Singapore,CHN->Partner,2013-07,0.88952564191632
Singapore,CHN->Partner,2013-08,1.9096639260078216
Singapore,CHN->Partner,2013-09,1.4982404811442862
Singapore,CHN->Partner,2013-10,2.8382493714132515
Singapore,CHN->Partner,2013-11,3.2472211927800974
Singapore,CHN->Partner,2013-12,3.2979665041857444
Singapore,CHN->Partner,2014-01,3.348892558670679
Singapore,CHN->Partner,2014-02,3.400000000000004
Singapore,CHN->Partner,2014-03,1.7763568394002505e-15
Singapore,CHN->Partner,2014-04,1.5423046575996597
Singapore,CHN->Partner,2014-05,1.9000000000000004
Singapore,CHN->Partner,2014-06,2.842448793540731
Singapore,CHN->Partner,2014-07,2.7190908484929324
Singapore,CHN->Partner,2014-08,2.7413703702321985
Singapore,CHN->Partner,2014-09,3.06784338598624
Singapore,CHN->Partner,2014-10,2.9417166057341007
Singapore,CHN->Partner,2014-11,2.1065454757529896
Singapore,CHN->Partner,2014-12,1.4499999999999993
Singapore,CHN->Partner,2015-01,1.6729297001743166
Singapore,CHN->Partner,2015-02,1.8998511795630826
Singapore,CHN->Partner,2015-03,1.6588638269777825
Singapore,CHN->Partner,2015-04,1.7411232493838664
Singapore,CHN->Partner,2015-05,1.7474294902346994
Singapore,CHN->Partner,2015-06,-2.2815481775492614
Singapore,CHN->Partner,2015-07,0.5976495491303293
Singapore,CHN->Partner,2015-08,2.4767977653906144
Singapore,CHN->Partner,2015-09,2.9499999999999993
Singapore,CHN->Partner,2015-10,3.5028906143331806
Singapore,CHN->Partner,2015-11,2.6913691740777015
Singapore,CHN->Partner,2015-12,2.74557727424615
Singapore,CHN->Partner,2016-01,2.8000000000000025
Singapore,CHN->Partner,2016-02,2.320286792731032
Singapore,CHN->Partner,2016-03,0.3142136022380697
Singapore,CHN->Partner,2016-04,1.9000000000000004
Singapore,CHN->Partner,2016-05,2.9499999999999993
Singapore,CHN->Partner,2016-06,1.1999999999999993
Singapore,CHN->Partner,2016-07,7.9999999999999964
Singapore,CHN->Partner,2016-08,1.63332233947075
Singapore,CHN->Partner,2016-09,1.2526177499776932
Singapore,CHN->Partner,2016-10,-5.999999999999999
Singapore,CHN->Partner,2016-11,-0.41619282357625664
Singapore,CHN->Partner,2016-12,0.534521661351306
Singapore,CHN->Partner,2017-01,1.5706362312184883
Singapore,CHN->Partner,2017-02,3.3817197012665776
Singapore,CHN->Partner,2017-03,3.3887742080896963
Singapore,CHN->Partner,2017-04,3.3958321752824787
Singapore,CHN->Partner,2017-05,1.6720238908049438
Singapore,CHN->Partner,2017-06,1.5986365762925967
Singapore,CHN->Partner,2017-07,-1.1113941691970197
Singapore,CHN->Partner,2017-08,2.5602011354653733
Singapore,CHN->Partner,2017-09,2.692239238616601
Singapore,CHN->Partner,2017-10,2.386123536742618
Singapore,CHN->Partner,2017-11,1.928146118429222
Singapore,CHN->Partner,2017-12,1.4647426964803945
Singapore,CHN->Partner,2018-01,1.0
Singapore,CHN->Partner,2018-02,2.664286413556683
Singapore,CHN->Partner,2018-03,3.713455915426243
Singapore,CHN->Partner,2018-04,2.5768098235845525
Singapore,CHN->Partner,2018-05,2.409283176858164
Singapore,CHN->Partner,2018-06,1.4888888888888925
Singapore,CHN->Partner,2018-07,2.762699208134629
Singapore,CHN->Partner,2018-08,2.9700135097333256
Singapore,CHN->Partner,2018-09,3.6758457630598347
Singapore,CHN->Partner,2018-10,1.8354768898087865
Singapore,CHN->Partner,2018-11,3.24148571643064
Singapore,CHN->Partner,2018-12,0.7729445766368475
Singapore,CHN->Partner,2019-01,6.2759835018486
Singapore,CHN->Partner,2019-02,3.6051679898691127
Singapore,CHN->Partner,2019-03,2.4656225853884592
Singapore,CHN->Partner,2019-04,2.8361148228162847
Singapore,CHN->Partner,2019-05,1.449368579295184
Singapore,CHN->Partner,2019-06,1.375951415095665
Singapore,CHN->Partner,2019-07,3.4179260312399347
Singapore,CHN->Partner,2019-08,-1.0000000000000018
Singapore,CHN->Partner,2019-09,4.492200460346103
Singapore,CHN->Partner,2019-10,3.113980448194278
Singapore,CHN->Partner,2019-11,3.366666666666667
Singapore,CHN->Partner,2019-12,4.494778359029194
Singapore,CHN->Partner,2020-01,3.233333333333329
Singapore,CHN->Partner,2020-02,1.149389375096268
Singapore,CHN->Partner,2020-03,1.5401563946358863
Singapore,CHN->Partner,2020-04,2.1399799195977476
Singapore,CHN->Partner,2020-05,3.462383250419167
Singapore,CHN->Partner,2020-06,4.337499999999997
Singapore,CHN->Partner,2020-07,1.9379243978507965
Singapore,CHN->Partner,2020-08,3.133846975150629
Singapore,CHN->Partner,2020-09,4.0
Singapore,CHN->Partner,2020-10,2.504786890145253
Singapore,CHN->Partner,2020-11,3.991664350564946
Singapore,CHN->Partner,2020-12,3.05501278688447
Singapore,CHN->Partner,2021-01,0.821392928925107
Singapore,CHN->Partner,2021-02,-1.0572605020719177
Singapore,CHN->Partner,2021-03,1.276298979697442
Singapore,CHN->Partner,2021-04,2.1337132707432644
Singapore,CHN->Partner,2021-05,6.04983443527075
Singapore,CHN->Partner,2021-06,1.9000000000000004
Singapore,CHN->Partner,2021-07,3.3999999999999986
Singapore,CHN->Partner,2021-08,-0.4380296990618451
Singapore,CHN->Partner,2021-09,2.6261550829883014
Singapore,CHN->Partner,2021-10,-0.46053262001863615
Singapore,CHN->Partner,2021-11,-1.9999999999999982
Singapore,CHN->Partner,2021-12,3.5076141511241055
Singapore,CHN->Partner,2022-01,2.963580960585917
Singapore,CHN->Partner,2022-02,2.439948926938449
Singapore,CHN->Partner,2022-03,2.941050442379174
Singapore,CHN->Partner,2022-04,3.460835267566244
Singapore,CHN->Partner,2022-05,4.0
Singapore,CHN->Partner,2022-06,2.915170356788906
Singapore,CHN->Partner,2022-07,2.666875851114799
Singapore,CHN->Partner,2022-08,1.0
Singapore,CHN->Partner,2022-09,-9.0
Singapore,CHN->Partner,2022-10,2.0
Singapore,CHN->Partner,2022-11,1.925764571644672
Singapore,CHN->Partner,2022-12,2.350544987822273
Singapore,CHN->Partner,2023-01,1.572274638059767
Singapore,CHN->Partner,2023-02,0.8469908628008742
Singapore,CHN->Partner,2023-03,2.6910472960450154
Singapore,CHN->Partner,2023-04,2.6869398025948854
Singapore,Partner->CHN,2002-01,1.4812080509493573
Singapore,Partner->CHN,2002-02,0.22786525651171274
Singapore,Partner->CHN,2002-03,2.9499999999999993
Singapore,Partner->CHN,2002-04,2.50008131478822
Singapore,Partner->CHN,2002-05,2.263269146288966
Singapore,Partner->CHN,2002-06,1.5895220837867026
Singapore,Partner->CHN,2002-07,0.9500000000000011
Singapore,Partner->CHN,2002-08,4.999999999999998
Singapore,Partner->CHN,2002-09,2.727771021235988
Singapore,Partner->CHN,2002-10,1.2666666666666693
Singapore,Partner->CHN,2002-11,1.9706297263283599
Singapore,Partner->CHN,2002-12,2.1570055995196995
Singapore,Partner->CHN,2003-01,0.6666666666666661
Singapore,Partner->CHN,2003-02,1.5382747351193942
Singapore,Partner->CHN,2003-03,2.4749999999999996
Singapore,Partner->CHN,2003-04,0.39979940633580213
Singapore,Partner->CHN,2003-05,3.3999999999999986
Singapore,Partner->CHN,2003-06,-0.18881729474769493
Singapore,Partner->CHN,2003-07,2.7832815729997478
Singapore,Partner->CHN,2003-08,3.7500000000000018
Singapore,Partner->CHN,2003-09,2.0
Singapore,Partner->CHN,2003-10,0.8501114334229953
Singapore,Partner->CHN,2003-11,2.996720443657061
Singapore,Partner->CHN,2003-12,1.7763568394002505e-15
Singapore,Partner->CHN,2004-01,2.6000000000000014
Singapore,Partner->CHN,2004-02,1.5361667832194161
Singapore,Partner->CHN,2004-03,0.5555498247568931
Singapore,Partner->CHN,2004-04,2.0
Singapore,Partner->CHN,2004-05,3.2284706250721165
Singapore,Partner->CHN,2004-06,1.397640438042819
Singapore,Partner->CHN,2004-07,2.3604498881029397
Singapore,Partner->CHN,2004-08,0.7388518221885381
Singapore,Partner->CHN,2004-09,-0.1999999999999993
Singapore,Partner->CHN,2004-10,3.351100434209
Singapore,Partner->CHN,2004-11,1.8571145066291894
Singapore,Partner->CHN,2004-12,3.3999999999999986
Singapore,Partner->CHN,2005-01,2.2451803952605403
Singapore,Partner->CHN,2005-02,1.9668323697852372
Singapore,Partner->CHN,2005-03,2.3623609709132065
Singapore,Partner->CHN,2005-04,1.286335936873952
Singapore,Partner->CHN,2005-05,1.3400100755680207
Singapore,Partner->CHN,2005-06,0.617235130004234
Singapore,Partner->CHN,2005-07,1.4000000000000004
Singapore,Partner->CHN,2005-08,0.35274726372429477
Singapore,Partner->CHN,2005-09,0.6079819773205593
Singapore,Partner->CHN,2005-10,1.8548443290831589
Singapore,Partner->CHN,2005-11,2.5984848869165287
Singapore,Partner->CHN,2005-12,4.530928370600492
Singapore,Partner->CHN,2006-01,1.5000000000000018
Singapore,Partner->CHN,2006-02,1.862085548648711
Singapore,Partner->CHN,2006-03,1.1599999999999984
Singapore,Partner->CHN,2006-04,1.9216355994045209
Singapore,Partner->CHN,2006-05,1.107333410820381
Singapore,Partner->CHN,2006-06,3.7679696238321547
Singapore,Partner->CHN,2006-07,2.7011756934491853
Singapore,Partner->CHN,2006-08,2.799257614597856
Singapore,Partner->CHN,2006-09,1.5200744905985122
Singapore,Partner->CHN,2006-10,3.2864772506829176
Singapore,Partner->CHN,2006-11,3.1087756577467367
Singapore,Partner->CHN,2006-12,1.9000000000000004
Singapore,Partner->CHN,2007-01,3.0049844505224037
Singapore,Partner->CHN,2007-02,0.40000000000000036
Singapore,Partner->CHN,2007-03,1.7763568394002505e-15
Singapore,Partner->CHN,2007-04,2.834013661021258
Singapore,Partner->CHN,2007-05,1.619032006179559
Singapore,Partner->CHN,2007-06,0.6124783736376909
Singapore,Partner->CHN,2007-07,2.6143595565715785
Singapore,Partner->CHN,2007-08,3.84
Singapore,Partner->CHN,2007-09,2.794083113166357
Singapore,Partner->CHN,2007-10,2.7757070281653142
Singapore,Partner->CHN,2007-11,2.3381660725361453
Singapore,Partner->CHN,2007-12,3.8889031427304612
Singapore,Partner->CHN,2008-01,5.619933774108297
Singapore,Partner->CHN,2008-02,1.7958102383529653
Singapore,Partner->CHN,2008-03,-2.128085803671487
Singapore,Partner->CHN,2008-04,3.1999999999999993
Singapore,Partner->CHN,2008-05,3.734641824306614
Singapore,Partner->CHN,2008-06,3.415464185300248
Singapore,Partner->CHN,2008-07,3.185714285714285
Singapore,Partner->CHN,2008-08,1.4499999999999993
Singapore,Partner->CHN,2008-09,1.7674608249172437
Singapore,Partner->CHN,2008-10,1.8604196138557558
Singapore,Partner->CHN,2008-11,2.887029364586901
Singapore,Partner->CHN,2008-12,1.7809046243493007
Singapore,Partner->CHN,2009-01,2.1999999999999993
Singapore,Partner->CHN,2009-02,1.9000000000000004
Singapore,Partner->CHN,2009-03,2.906988884640823
Singapore,Partner->CHN,2009-04,-0.024490077473029004
Singapore,Partner->CHN,2009-05,2.162136089846369
Singapore,Partner->CHN,2009-06,2.4565223496253186
Singapore,Partner->CHN,2009-07,-0.75
Singapore,Partner->CHN,2009-08,3.0289193970817188
Singapore,Partner->CHN,2009-09,2.0943104978397606
Singapore,Partner->CHN,2009-10,2.8774910191445375
Singapore,Partner->CHN,2009-11,1.9777857745758176
Singapore,Partner->CHN,2009-12,4.0
Singapore,Partner->CHN,2010-01,2.2249999999999996
Singapore,Partner->CHN,2010-02,2.112017388640087
Singapore,Partner->CHN,2010-03,2.0
Singapore,Partner->CHN,2010-04,2.2630639183186787
Singapore,Partner->CHN,2010-05,2.256354621763295
Singapore,Partner->CHN,2010-06,5.515881228304217
Singapore,Partner->CHN,2010-07,2.723546971063305
Singapore,Partner->CHN,2010-08,2.6758013724685394
Singapore,Partner->CHN,2010-09,2.247710394097016
Singapore,Partner->CHN,2010-10,2.3818096697047775
Singapore,Partner->CHN,2010-11,2.8615300749484156
Singapore,Partner->CHN,2010-12,4.499999999999998
Singapore,Partner->CHN,2011-01,2.474454927611955
Singapore,Partner->CHN,2011-02,1.0
Singapore,Partner->CHN,2011-03,1.7763568394002505e-15
Singapore,Partner->CHN,2011-04,0.8412294063672849
Singapore,Partner->CHN,2011-05,1.749330396762355
Singapore,Partner->CHN,2011-06,2.4000000000000004
Singapore,Partner->CHN,2011-07,-5.0
Singapore,Partner->CHN,2011-08,-2.6496753319791306
Singapore,Partner->CHN,2011-09,0.6213203435596402
Singapore,Partner->CHN,2011-10,0.8091423957337263
Singapore,Partner->CHN,2011-11,1.0
Singapore,Partner->CHN,2011-12,0.48912529307605546
Singapore,Partner->CHN,2012-01,1.7763568394002505e-15
Singapore,Partner->CHN,2012-02,3.920918167721487
Singapore,Partner->CHN,2012-03,3.6865379228951554
Singapore,Partner->CHN,2012-04,3.455839361631959
Singapore,Partner->CHN,2012-05,3.2287646514389206
Singapore,Partner->CHN,2012-06,1.6220210356487996
Singapore,Partner->CHN,2012-07,1.9965319460361588
Singapore,Partner->CHN,2012-08,4.999999999999998
Singapore,Partner->CHN,2012-09,1.7313005233351646
Singapore,Partner->CHN,2012-10,1.4058314220928168
Singapore,Partner->CHN,2012-11,1.088682769784123
Singapore,Partner->CHN,2012-12,-5.0
Singapore,Partner->CHN,2013-01,-5.0
Singapore,Partner->CHN,2013-02,-1.0999999999999996
Singapore,Partner->CHN,2013-03,-5.0
Singapore,Partner->CHN,2013-04,4.012905623917444
Singapore,Partner->CHN,2013-05,2.467480779330794
Singapore,Partner->CHN,2013-06,-3.5999999999999988
Singapore,Partner->CHN,2013-07,-0.7988851037443663
Singapore,Partner->CHN,2013-08,3.062533125217378
Singapore,Partner->CHN,2013-09,2.8346564951133146
Singapore,Partner->CHN,2013-10,2.828571428571431
Singapore,Partner->CHN,2013-11,3.1999999999999993
Singapore,Partner->CHN,2013-12,2.9999999999999964
Singapore,Partner->CHN,2014-01,1.9344501236040141
Singapore,Partner->CHN,2014-02,0.9500000000000011
Singapore,Partner->CHN,2014-03,-0.6666666666666696
Singapore,Partner->CHN,2014-04,2.0482821353814042
Singapore,Partner->CHN,2014-05,1.8666666666666671
Singapore,Partner->CHN,2014-06,2.0799999999999983
Singapore,Partner->CHN,2014-07,0.9666666666666668
Singapore,Partner->CHN,2014-08,1.2080035881713371
Singapore,Partner->CHN,2014-09,2.1275050190562634
Singapore,Partner->CHN,2014-10,2.7571168534389248
Singapore,Partner->CHN,2014-11,0.3474115348202744
Singapore,Partner->CHN,2014-12,-0.045421227126173136
Singapore,Partner->CHN,2015-01,1.7763568394002505e-15
Singapore,Partner->CHN,2015-02,1.2451648803171391
Singapore,Partner->CHN,2015-03,1.4735162526418435
Singapore,Partner->CHN,2015-04,2.5320463949075283
Singapore,Partner->CHN,2015-05,1.4127920045233235
Singapore,Partner->CHN,2015-06,0.9620855486487105
Singapore,Partner->CHN,2015-07,2.130533877309018
Singapore,Partner->CHN,2015-08,1.8770977815856487
Singapore,Partner->CHN,2015-09,1.1400000000000023
Singapore,Partner->CHN,2015-10,2.6861755706244583
Singapore,Partner->CHN,2015-11,2.488259530378066
Singapore,Partner->CHN,2015-12,2.1908509180369844
Singapore,Partner->CHN,2016-01,1.9000000000000004
Singapore,Partner->CHN,2016-02,3.6531710103781023
Singapore,Partner->CHN,2016-03,0.8899054181763155
Singapore,Partner->CHN,2016-04,0.5000000000000036
Singapore,Partner->CHN,2016-05,2.8000000000000025
Singapore,Partner->CHN,2016-06,2.2684097805513126
Singapore,Partner->CHN,2016-07,4.1666666666666625
Singapore,Partner->CHN,2016-08,2.8000000000000025
Singapore,Partner->CHN,2016-09,1.2280992503245045
Singapore,Partner->CHN,2016-10,0.6066482334086203
Singapore,Partner->CHN,2016-11,-2.5
Singapore,Partner->CHN,2016-12,1.7763568394002505e-15
Singapore,Partner->CHN,2017-01,2.565339383219891
Singapore,Partner->CHN,2017-02,3.5268148241624644
Singapore,Partner->CHN,2017-03,-5.0
Singapore,Partner->CHN,2017-04,1.3729160876412383
Singapore,Partner->CHN,2017-05,0.733632062319522
Singapore,Partner->CHN,2017-06,2.3904566102350184
Singapore,Partner->CHN,2017-07,1.8337384101949166
Singapore,Partner->CHN,2017-08,2.6147696011519255
Singapore,Partner->CHN,2017-09,1.6533727684968564
Singapore,Partner->CHN,2017-10,1.7876363393971708
Singapore,Partner->CHN,2017-11,2.0614627646543333
Singapore,Partner->CHN,2017-12,0.9412378274673205
Singapore,Partner->CHN,2018-01,2.3240879923401874
Singapore,Partner->CHN,2018-02,1.0795450691115729
Singapore,Partner->CHN,2018-03,3.233333333333336
Singapore,Partner->CHN,2018-04,1.8272095050791322
Singapore,Partner->CHN,2018-05,1.9050548132674088
Singapore,Partner->CHN,2018-06,1.431106889229678
Singapore,Partner->CHN,2018-07,1.9602890692164365
Singapore,Partner->CHN,2018-08,2.8165068156908024
Singapore,Partner->CHN,2018-09,2.662658168258318
Singapore,Partner->CHN,2018-10,1.6115119573847103
Singapore,Partner->CHN,2018-11,2.5030791011393188
Singapore,Partner->CHN,2018-12,1.2281921397324318
Singapore,Partner->CHN,2019-01,4.023753276255794
Singapore,Partner->CHN,2019-02,2.3287539070397028
Singapore,Partner->CHN,2019-03,2.0561666745322
Singapore,Partner->CHN,2019-04,2.06897269859569
Singapore,Partner->CHN,2019-05,2.1267827297243933
Singapore,Partner->CHN,2019-06,1.0506342767304453
Singapore,Partner->CHN,2019-07,1.2471984342299702
Singapore,Partner->CHN,2019-08,1.599999999999996
Singapore,Partner->CHN,2019-09,4.9402505754326285
Singapore,Partner->CHN,2019-10,3.0808932537616887
Singapore,Partner->CHN,2019-11,1.4600000000000009
Singapore,Partner->CHN,2019-12,4.037676616945925
Singapore,Partner->CHN,2020-01,2.092042686225321
Singapore,Partner->CHN,2020-02,1.7199426728749359
Singapore,Partner->CHN,2020-03,1.5721037534498397
Singapore,Partner->CHN,2020-04,3.899999999999997
Singapore,Partner->CHN,2020-05,3.462383250419167
Singapore,Partner->CHN,2020-06,3.299999999999999
Singapore,Partner->CHN,2020-07,-0.7435297582764999
Singapore,Partner->CHN,2020-08,1.2645698475435925
Singapore,Partner->CHN,2020-09,1.7763568394002505e-15
Singapore,Partner->CHN,2020-10,2.256465441363707
Singapore,Partner->CHN,2020-11,3.5
Singapore,Partner->CHN,2020-12,2.5016457515678656
Singapore,Partner->CHN,2021-01,3.108682624643434
Singapore,Partner->CHN,2021-02,2.063892319110362
Singapore,Partner->CHN,2021-03,1.0964718723782294
Singapore,Partner->CHN,2021-04,2.053694590437585
Singapore,Partner->CHN,2021-05,5.166556290180491
Singapore,Partner->CHN,2021-06,2.2401510706614793
Singapore,Partner->CHN,2021-07,1.0666666666666647
Singapore,Partner->CHN,2021-08,0.9579802006254354
Singapore,Partner->CHN,2021-09,2.35568049832119
Singapore,Partner->CHN,2021-10,1.0916562078208294
Singapore,Partner->CHN,2021-11,0.46666666666666856
Singapore,Partner->CHN,2021-12,3.218492443730433
Singapore,Partner->CHN,2022-01,2.581843826091596
Singapore,Partner->CHN,2022-02,1.973701849641726
Singapore,Partner->CHN,2022-03,0.9784684176020821
Singapore,Partner->CHN,2022-04,1.7763568394002505e-15
Singapore,Partner->CHN,2022-05,1.700000000000001
Singapore,Partner->CHN,2022-06,3.8080339047051606
Singapore,Partner->CHN,2022-07,2.739856598267533
Singapore,Partner->CHN,2022-08,0.8777793721468488
Singapore,Partner->CHN,2022-09,0.9601587871083783
Singapore,Partner->CHN,2022-10,1.0431095519659372
Singapore,Partner->CHN,2022-11,1.810760527029073
Singapore,Partner->CHN,2022-12,1.8837173640899056
Singapore,Partner->CHN,2023-01,2.1803960700251466
Singapore,Partner->CHN,2023-02,1.8821187040851228
Singapore,Partner->CHN,2023-03,1.916634949318368
Singapore,Partner->CHN,2023-04,2.0642140582112454
South Korea,Aggregated,2002-01,1.974866597536467
South Korea,Aggregated,2002-02,3.0600699261299447
South Korea,Aggregated,2002-03,1.6994791236097857
South Korea,Aggregated,2002-04,2.4040225092251006
South Korea,Aggregated,2002-05,1.5718057692191714
South Korea,Aggregated,2002-06,-0.29315725787184377
South Korea,Aggregated,2002-07,1.7335699384272196
South Korea,Aggregated,2002-08,2.4610739498335423
South Korea,Aggregated,2002-09,2.4618265029638007
South Korea,Aggregated,2002-10,2.7923674423303186
South Korea,Aggregated,2002-11,3.4617185440287077
South Korea,Aggregated,2002-12,1.9788217080497397
South Korea,Aggregated,2003-01,1.0104964464275152
South Korea,Aggregated,2003-02,2.327897317570704
South Korea,Aggregated,2003-03,2.697134095478093
South Korea,Aggregated,2003-04,2.675993943470184
South Korea,Aggregated,2003-05,-0.74250699491175
South Korea,Aggregated,2003-06,2.654222987347172
South Korea,Aggregated,2003-07,2.0529456556067043
South Korea,Aggregated,2003-08,2.566910547065902
South Korea,Aggregated,2003-09,2.169598673759708
South Korea,Aggregated,2003-10,2.433864915307492
South Korea,Aggregated,2003-11,1.8964808607215815
South Korea,Aggregated,2003-12,2.0165103774323825
South Korea,Aggregated,2004-01,2.0705151654637
South Korea,Aggregated,2004-02,2.216075334478475
South Korea,Aggregated,2004-03,2.0966021676175473
South Korea,Aggregated,2004-04,2.5014875071200624
South Korea,Aggregated,2004-05,0.560294290044407
South Korea,Aggregated,2004-06,1.9391039341774654
South Korea,Aggregated,2004-07,2.8026547530623507
South Korea,Aggregated,2004-08,1.531934384579488
South Korea,Aggregated,2004-09,1.2083459055148786
South Korea,Aggregated,2004-10,2.226778283511578
South Korea,Aggregated,2004-11,3.408570897316393
South Korea,Aggregated,2004-12,1.9441821938486346
South Korea,Aggregated,2005-01,0.07797322195749246
South Korea,Aggregated,2005-02,1.6878952549805337
South Korea,Aggregated,2005-03,2.443836276307243
South Korea,Aggregated,2005-04,2.3218022491190258
South Korea,Aggregated,2005-05,2.574094973357944
South Korea,Aggregated,2005-06,2.9088072539478063
South Korea,Aggregated,2005-07,2.5033576694047976
South Korea,Aggregated,2005-08,2.485898357733717
South Korea,Aggregated,2005-09,2.905433334757525
South Korea,Aggregated,2005-10,2.53847603110016
South Korea,Aggregated,2005-11,2.744046806805807
South Korea,Aggregated,2005-12,1.7572320340084104
South Korea,Aggregated,2006-01,2.1121950335847757
South Korea,Aggregated,2006-02,0.18537177532869542
South Korea,Aggregated,2006-03,3.021881975504181
South Korea,Aggregated,2006-04,1.3892014991072195
South Korea,Aggregated,2006-05,2.143443464285914
South Korea,Aggregated,2006-06,2.91436793141974
South Korea,Aggregated,2006-07,2.3370852275647724
South Korea,Aggregated,2006-08,2.773746528882091
South Korea,Aggregated,2006-09,2.012939183005164
South Korea,Aggregated,2006-10,1.9620720617595566
South Korea,Aggregated,2006-11,2.900644983757367
South Korea,Aggregated,2006-12,1.8441073177411802
South Korea,Aggregated,2007-01,1.7741637764944507
South Korea,Aggregated,2007-02,2.405045717653845
South Korea,Aggregated,2007-03,3.1746461883690156
South Korea,Aggregated,2007-04,2.7426269733687008
South Korea,Aggregated,2007-05,2.2512362997417643
South Korea,Aggregated,2007-06,2.818952514216109
South Korea,Aggregated,2007-07,2.3982753090828606
South Korea,Aggregated,2007-08,2.331126086553649
South Korea,Aggregated,2007-09,2.8292575609059956
South Korea,Aggregated,2007-10,3.4084506413570423
South Korea,Aggregated,2007-11,2.6986353745200287
South Korea,Aggregated,2007-12,2.444780540339151
South Korea,Aggregated,2008-01,2.5310822034864167
South Korea,Aggregated,2008-02,2.266652474109872
South Korea,Aggregated,2008-03,2.402188962817446
South Korea,Aggregated,2008-04,1.823719758959193
South Korea,Aggregated,2008-05,2.3777111827308524
South Korea,Aggregated,2008-06,2.8807722929094925
South Korea,Aggregated,2008-07,3.1963383447094618
South Korea,Aggregated,2008-08,2.9867935797707474
South Korea,Aggregated,2008-09,1.4447005366808678
South Korea,Aggregated,2008-10,2.0392327451321073
South Korea,Aggregated,2008-11,3.6595935491616576
South Korea,Aggregated,2008-12,1.9566264100962005
South Korea,Aggregated,2009-01,2.55294299338858
South Korea,Aggregated,2009-02,3.0806410687547583
South Korea,Aggregated,2009-03,3.3945755814932905
South Korea,Aggregated,2009-04,2.400290456872659
South Korea,Aggregated,2009-05,3.044670344063629
South Korea,Aggregated,2009-06,2.3477793682713717
South Korea,Aggregated,2009-07,2.3392372906772056
South Korea,Aggregated,2009-08,2.59595975053716
South Korea,Aggregated,2009-09,3.3586720980974363
South Korea,Aggregated,2009-10,1.9816468217106884
South Korea,Aggregated,2009-11,0.6622425993482235
South Korea,Aggregated,2009-12,3.204855652412304
South Korea,Aggregated,2010-01,2.7731070130240116
South Korea,Aggregated,2010-02,2.005168354562997
South Korea,Aggregated,2010-03,2.390918102624772
South Korea,Aggregated,2010-04,2.5966873509552393
South Korea,Aggregated,2010-05,2.732674783825951
South Korea,Aggregated,2010-06,1.2395834518368378
South Korea,Aggregated,2010-07,0.027516721193899585
South Korea,Aggregated,2010-08,1.3259339648768798
South Korea,Aggregated,2010-09,1.8830650144725372
South Korea,Aggregated,2010-10,1.8490661949706677
South Korea,Aggregated,2010-11,1.3637615016152473
South Korea,Aggregated,2010-12,0.43002057910916847
South Korea,Aggregated,2011-01,2.696430604508498
South Korea,Aggregated,2011-02,3.059234736373556
South Korea,Aggregated,2011-03,2.9538209982615857
South Korea,Aggregated,2011-04,1.5936232567154498
South Korea,Aggregated,2011-05,2.19064836493731
South Korea,Aggregated,2011-06,2.211208463137927
South Korea,Aggregated,2011-07,3.070178389927648
South Korea,Aggregated,2011-08,2.362169073052998
South Korea,Aggregated,2011-09,1.6826551760057882
South Korea,Aggregated,2011-10,1.3496457145265577
South Korea,Aggregated,2011-11,1.455471663445623
South Korea,Aggregated,2011-12,2.094227927156261
South Korea,Aggregated,2012-01,0.8809837829294977
South Korea,Aggregated,2012-02,1.1369871205760376
South Korea,Aggregated,2012-03,1.6529304783124346
South Korea,Aggregated,2012-04,0.5748835100641561
South Korea,Aggregated,2012-05,2.449090520187763
South Korea,Aggregated,2012-06,0.6186086847037622
South Korea,Aggregated,2012-07,1.4227554501184496
South Korea,Aggregated,2012-08,1.008993520960507
South Korea,Aggregated,2012-09,1.770249001975401
South Korea,Aggregated,2012-10,0.23548697783409267
South Korea,Aggregated,2012-11,1.6164032276915528
South Korea,Aggregated,2012-12,1.227668057448133
South Korea,Aggregated,2013-01,2.2780724173396667
South Korea,Aggregated,2013-02,2.647573161962896
South Korea,Aggregated,2013-03,1.6096136983967746
South Korea,Aggregated,2013-04,2.206282446339367
South Korea,Aggregated,2013-05,1.7323515143759636
South Korea,Aggregated,2013-06,3.058795740614668
South Korea,Aggregated,2013-07,2.404475081258477
South Korea,Aggregated,2013-08,2.68101295648661
South Korea,Aggregated,2013-09,2.765212224878029
South Korea,Aggregated,2013-10,1.7030259046978458
South Korea,Aggregated,2013-11,2.430197036328364
South Korea,Aggregated,2013-12,2.800964674998845
South Korea,Aggregated,2014-01,2.6755205578657666
South Korea,Aggregated,2014-02,2.395279498641308
South Korea,Aggregated,2014-03,2.0440542716796415
South Korea,Aggregated,2014-04,2.1309265687686363
South Korea,Aggregated,2014-05,2.8283771383015903
South Korea,Aggregated,2014-06,2.8744391025612153
South Korea,Aggregated,2014-07,3.08100102793823
South Korea,Aggregated,2014-08,1.5549264132797358
South Korea,Aggregated,2014-09,3.335912310307185
South Korea,Aggregated,2014-10,1.509664084630094
South Korea,Aggregated,2014-11,2.7521938400278074
South Korea,Aggregated,2014-12,1.6360727558525614
South Korea,Aggregated,2015-01,2.0833066196885444
South Korea,Aggregated,2015-02,2.4679676846102208
South Korea,Aggregated,2015-03,2.020797880997529
South Korea,Aggregated,2015-04,1.0195834792920682
South Korea,Aggregated,2015-05,3.112779825023921
South Korea,Aggregated,2015-06,2.6469930013230716
South Korea,Aggregated,2015-07,1.6779963261169417
South Korea,Aggregated,2015-08,3.2915975548828253
South Korea,Aggregated,2015-09,3.2717062862256068
South Korea,Aggregated,2015-10,3.020231643743097
South Korea,Aggregated,2015-11,2.8137299684206365
South Korea,Aggregated,2015-12,1.2517775896712209
South Korea,Aggregated,2016-01,2.4516889065468153
South Korea,Aggregated,2016-02,1.46376449101923
South Korea,Aggregated,2016-03,1.393838471555437
South Korea,Aggregated,2016-04,1.2948549068047157
South Korea,Aggregated,2016-05,1.828003634700904
South Korea,Aggregated,2016-06,0.9274976656936325
South Korea,Aggregated,2016-07,0.5590160946812315
South Korea,Aggregated,2016-08,1.084389850385394
South Korea,Aggregated,2016-09,-0.05277028039539644
South Korea,Aggregated,2016-10,-0.36715242460645214
South Korea,Aggregated,2016-11,1.1751342957679718
South Korea,Aggregated,2016-12,1.856798286349692
South Korea,Aggregated,2017-01,0.8031655457061984
South Korea,Aggregated,2017-02,-1.263732152141177
South Korea,Aggregated,2017-03,-0.7777491875873981
South Korea,Aggregated,2017-04,-0.42407943695313044
South Korea,Aggregated,2017-05,1.053159549665537
South Korea,Aggregated,2017-06,-0.5523946523469743
South Korea,Aggregated,2017-07,0.6744615183618752
South Korea,Aggregated,2017-08,1.5820927826038904
South Korea,Aggregated,2017-09,0.2849777314904589
South Korea,Aggregated,2017-10,1.2860285169756072
South Korea,Aggregated,2017-11,2.0871541358147283
South Korea,Aggregated,2017-12,1.5059274413819672
South Korea,Aggregated,2018-01,2.346565077173411
South Korea,Aggregated,2018-02,2.4606371399782656
South Korea,Aggregated,2018-03,2.1768928864462236
South Korea,Aggregated,2018-04,2.6627323288042017
South Korea,Aggregated,2018-05,2.721111969954917
South Korea,Aggregated,2018-06,3.0156915495356174
South Korea,Aggregated,2018-07,1.4575429393168005
South Korea,Aggregated,2018-08,0.5860477227412719
South Korea,Aggregated,2018-09,1.1402270727858959
South Korea,Aggregated,2018-10,2.8037461224221563
South Korea,Aggregated,2018-11,2.4856794901494457
South Korea,Aggregated,2018-12,1.8440751954113175
South Korea,Aggregated,2019-01,2.4376755599787128
South Korea,Aggregated,2019-02,2.333333333333334
South Korea,Aggregated,2019-03,1.9121133236857002
South Korea,Aggregated,2019-04,1.0227378424246911
South Korea,Aggregated,2019-05,2.1394062022902567
South Korea,Aggregated,2019-06,2.1541439241108833
South Korea,Aggregated,2019-07,1.816396306838321
South Korea,Aggregated,2019-08,2.1314496529617983
South Korea,Aggregated,2019-09,3.178894540644297
South Korea,Aggregated,2019-10,3.474671292209253
South Korea,Aggregated,2019-11,2.1802957860422705
South Korea,Aggregated,2019-12,3.128885115040017
South Korea,Aggregated,2020-01,1.8774124321345749
South Korea,Aggregated,2020-02,1.745676512063664
South Korea,Aggregated,2020-03,3.0031248414387246
South Korea,Aggregated,2020-04,3.2734283623604075
South Korea,Aggregated,2020-05,2.19088253834396
South Korea,Aggregated,2020-06,4.45296293765368
South Korea,Aggregated,2020-07,1.4517529017365476
South Korea,Aggregated,2020-08,1.8838984058544668
South Korea,Aggregated,2020-09,1.994720844581833
South Korea,Aggregated,2020-10,2.478561505840341
South Korea,Aggregated,2020-11,3.615862433385095
South Korea,Aggregated,2020-12,1.1883721875528988
South Korea,Aggregated,2021-01,2.9925249784222263
South Korea,Aggregated,2021-02,1.5179742425819693
South Korea,Aggregated,2021-03,1.552563092107258
South Korea,Aggregated,2021-04,4.40355823046445
South Korea,Aggregated,2021-05,2.7409197909645098
South Korea,Aggregated,2021-06,0.2125764958151315
South Korea,Aggregated,2021-07,0.901126141552222
South Korea,Aggregated,2021-08,2.2158217999255587
South Korea,Aggregated,2021-09,2.034033417573827
South Korea,Aggregated,2021-10,0.8703258334080068
South Korea,Aggregated,2021-11,2.5660102205243085
South Korea,Aggregated,2021-12,2.824077148706216
South Korea,Aggregated,2022-01,3.8119895177573824
South Korea,Aggregated,2022-02,-1.07247646917906
South Korea,Aggregated,2022-03,1.4406295206647481
South Korea,Aggregated,2022-04,2.0153857175322614
South Korea,Aggregated,2022-05,1.2191668384174736
South Korea,Aggregated,2022-06,2.2445374471233457
South Korea,Aggregated,2022-07,1.664980379518024
South Korea,Aggregated,2022-08,2.3076222153248303
South Korea,Aggregated,2022-09,2.7664770166477677
South Korea,Aggregated,2022-10,1.726114199060726
South Korea,Aggregated,2022-11,2.244396583395732
South Korea,Aggregated,2022-12,1.884703334187794
South Korea,Aggregated,2023-01,-0.11900032463914201
South Korea,Aggregated,2023-02,1.9528131325306344
South Korea,Aggregated,2023-03,0.6485927360894514
South Korea,Aggregated,2023-04,4.466666666666665
South Korea,CHN->Partner,2002-01,0.9111440461482463
South Korea,CHN->Partner,2002-02,2.122873263909181
South Korea,CHN->Partner,2002-03,1.3536531555952802
South Korea,CHN->Partner,2002-04,2.0243255664534345
South Korea,CHN->Partner,2002-05,1.641097730221114
South Korea,CHN->Partner,2002-06,-0.8094129570383757
South Korea,CHN->Partner,2002-07,1.611597872558713
South Korea,CHN->Partner,2002-08,2.5552762264540654
South Korea,CHN->Partner,2002-09,2.309330290816364
South Korea,CHN->Partner,2002-10,2.3000278095724305
South Korea,CHN->Partner,2002-11,3.616631707259357
South Korea,CHN->Partner,2002-12,2.434592772546182
South Korea,CHN->Partner,2003-01,0.3002129510522753
South Korea,CHN->Partner,2003-02,2.1505843799333437
South Korea,CHN->Partner,2003-03,2.7346928071114416
South Korea,CHN->Partner,2003-04,2.702206790801105
South Korea,CHN->Partner,2003-05,0.4811434018608036
South Korea,CHN->Partner,2003-06,2.696718952963929
South Korea,CHN->Partner,2003-07,2.525422831628566
South Korea,CHN->Partner,2003-08,2.607274307655574
South Korea,CHN->Partner,2003-09,2.011514350139276
South Korea,CHN->Partner,2003-10,2.6057411958010785
South Korea,CHN->Partner,2003-11,1.5302071351352993
South Korea,CHN->Partner,2003-12,2.285974963889789
South Korea,CHN->Partner,2004-01,2.0375328611905434
South Korea,CHN->Partner,2004-02,2.647344236907573
South Korea,CHN->Partner,2004-03,1.104483650338132
South Korea,CHN->Partner,2004-04,2.8956566801066668
South Korea,CHN->Partner,2004-05,1.0279657817223615
South Korea,CHN->Partner,2004-06,2.559090663911311
South Korea,CHN->Partner,2004-07,2.995073734600764
South Korea,CHN->Partner,2004-08,1.9495479580902515
South Korea,CHN->Partner,2004-09,1.3288106557129034
South Korea,CHN->Partner,2004-10,2.7417963323493133
South Korea,CHN->Partner,2004-11,3.5923541612563064
South Korea,CHN->Partner,2004-12,2.4463273004361312
South Korea,CHN->Partner,2005-01,-0.8922044865109235
South Korea,CHN->Partner,2005-02,2.150949514834915
South Korea,CHN->Partner,2005-03,2.2581880509267798
South Korea,CHN->Partner,2005-04,2.9583575910437556
South Korea,CHN->Partner,2005-05,2.3621444433065832
South Korea,CHN->Partner,2005-06,2.9221369583658507
South Korea,CHN->Partner,2005-07,3.045660234687997
South Korea,CHN->Partner,2005-08,3.08418904580272
South Korea,CHN->Partner,2005-09,2.74200079059141
South Korea,CHN->Partner,2005-10,2.4324720975084926
South Korea,CHN->Partner,2005-11,2.699862531980145
South Korea,CHN->Partner,2005-12,1.491331028586794
South Korea,CHN->Partner,2006-01,2.350040466236951
South Korea,CHN->Partner,2006-02,1.9000000000000004
South Korea,CHN->Partner,2006-03,2.43921387620394
South Korea,CHN->Partner,2006-04,2.703535839538816
South Korea,CHN->Partner,2006-05,3.225458803737544
South Korea,CHN->Partner,2006-06,2.724892044587415
South Korea,CHN->Partner,2006-07,2.823002459745517
South Korea,CHN->Partner,2006-08,3.1999369675021985
South Korea,CHN->Partner,2006-09,2.4586342441996596
South Korea,CHN->Partner,2006-10,1.8825421844461285
South Korea,CHN->Partner,2006-11,3.0614093208608892
South Korea,CHN->Partner,2006-12,3.0860578690913734
South Korea,CHN->Partner,2007-01,1.620411723499517
South Korea,CHN->Partner,2007-02,2.5880866244837986
South Korea,CHN->Partner,2007-03,3.3740404767994434
South Korea,CHN->Partner,2007-04,2.713695918726298
South Korea,CHN->Partner,2007-05,2.048698740275791
South Korea,CHN->Partner,2007-06,2.847578298804722
South Korea,CHN->Partner,2007-07,2.967261443777831
South Korea,CHN->Partner,2007-08,2.8627633543685675
South Korea,CHN->Partner,2007-09,3.0964686600188056
South Korea,CHN->Partner,2007-10,3.907523787635716
South Korea,CHN->Partner,2007-11,2.6422870447396942
South Korea,CHN->Partner,2007-12,2.749979615245545
South Korea,CHN->Partner,2008-01,2.170509662102811
South Korea,CHN->Partner,2008-02,2.376463613229131
South Korea,CHN->Partner,2008-03,2.8822284587306086
South Korea,CHN->Partner,2008-04,2.19091038320388
South Korea,CHN->Partner,2008-05,2.372577001662904
South Korea,CHN->Partner,2008-06,2.881954728263951
South Korea,CHN->Partner,2008-07,3.1816461361323913
South Korea,CHN->Partner,2008-08,2.928667586664524
South Korea,CHN->Partner,2008-09,1.3320007745557643
South Korea,CHN->Partner,2008-10,2.3601261149089563
South Korea,CHN->Partner,2008-11,3.6510156661315154
South Korea,CHN->Partner,2008-12,1.9790152597869675
South Korea,CHN->Partner,2009-01,1.729571363829999
South Korea,CHN->Partner,2009-02,3.205813977640455
South Korea,CHN->Partner,2009-03,3.9296355888760814
South Korea,CHN->Partner,2009-04,2.7082803848409913
South Korea,CHN->Partner,2009-05,3.42734073712168
South Korea,CHN->Partner,2009-06,2.466537308683476
South Korea,CHN->Partner,2009-07,2.499545377536542
South Korea,CHN->Partner,2009-08,2.6601709909170896
South Korea,CHN->Partner,2009-09,3.3035425964809395
South Korea,CHN->Partner,2009-10,2.091581175369539
South Korea,CHN->Partner,2009-11,0.20511236948334322
South Korea,CHN->Partner,2009-12,2.946440665223145
South Korea,CHN->Partner,2010-01,3.687636339397173
South Korea,CHN->Partner,2010-02,1.9064155702298962
South Korea,CHN->Partner,2010-03,2.428543077610465
South Korea,CHN->Partner,2010-04,2.8711538866788704
South Korea,CHN->Partner,2010-05,3.0127363464739574
South Korea,CHN->Partner,2010-06,0.8861502477744683
South Korea,CHN->Partner,2010-07,-0.08606761303109955
South Korea,CHN->Partner,2010-08,1.552217570223231
South Korea,CHN->Partner,2010-09,1.8686271003272967
South Korea,CHN->Partner,2010-10,2.1096727565705873
South Korea,CHN->Partner,2010-11,1.3707333385526326
South Korea,CHN->Partner,2010-12,0.7830375348078391
South Korea,CHN->Partner,2011-01,2.7078064201666674
South Korea,CHN->Partner,2011-02,2.645160991091693
South Korea,CHN->Partner,2011-03,2.6855167997157405
South Korea,CHN->Partner,2011-04,2.649262813161796
South Korea,CHN->Partner,2011-05,1.9507222085630591
South Korea,CHN->Partner,2011-06,1.9626769595694764
South Korea,CHN->Partner,2011-07,2.8029779098519096
South Korea,CHN->Partner,2011-08,1.685298441255613
South Korea,CHN->Partner,2011-09,1.0761895375854689
South Korea,CHN->Partner,2011-10,1.8202646322990308
South Korea,CHN->Partner,2011-11,2.665502363430509
South Korea,CHN->Partner,2011-12,1.812341632759443
South Korea,CHN->Partner,2012-01,2.1876523665064393
South Korea,CHN->Partner,2012-02,2.7074212053229836
South Korea,CHN->Partner,2012-03,2.305619461541161
South Korea,CHN->Partner,2012-04,0.3496529606888483
South Korea,CHN->Partner,2012-05,2.031830258831919
South Korea,CHN->Partner,2012-06,1.502058326792156
South Korea,CHN->Partner,2012-07,0.9870479562172996
South Korea,CHN->Partner,2012-08,0.7870850797669373
South Korea,CHN->Partner,2012-09,2.143482483243668
South Korea,CHN->Partner,2012-10,2.975594095034385
South Korea,CHN->Partner,2012-11,2.287795288568006
South Korea,CHN->Partner,2012-12,1.3139235959066795
South Korea,CHN->Partner,2013-01,2.310220971709608
South Korea,CHN->Partner,2013-02,2.97295115075341
South Korea,CHN->Partner,2013-03,2.0209373317657704
South Korea,CHN->Partner,2013-04,2.0645190390492605
South Korea,CHN->Partner,2013-05,1.1330507382480608
South Korea,CHN->Partner,2013-06,2.938627798242596
South Korea,CHN->Partner,2013-07,3.002239765841299
South Korea,CHN->Partner,2013-08,2.609838712644706
South Korea,CHN->Partner,2013-09,3.6378191657571044
South Korea,CHN->Partner,2013-10,2.378796509822637
South Korea,CHN->Partner,2013-11,2.18457340303838
South Korea,CHN->Partner,2013-12,3.2092698736754084
South Korea,CHN->Partner,2014-01,2.6588153279580897
South Korea,CHN->Partner,2014-02,2.9337771763153047
South Korea,CHN->Partner,2014-03,2.5022190386727967
South Korea,CHN->Partner,2014-04,2.687581722910055
South Korea,CHN->Partner,2014-05,2.7842198469517943
South Korea,CHN->Partner,2014-06,2.8685794112269996
South Korea,CHN->Partner,2014-07,3.0091610006232017
South Korea,CHN->Partner,2014-08,0.9475550852471155
South Korea,CHN->Partner,2014-09,3.458657041215913
South Korea,CHN->Partner,2014-10,2.0400114383785812
South Korea,CHN->Partner,2014-11,3.4708498821538782
South Korea,CHN->Partner,2014-12,1.344650709280634
South Korea,CHN->Partner,2015-01,2.1009168092598713
South Korea,CHN->Partner,2015-02,2.241318670295925
South Korea,CHN->Partner,2015-03,2.427414766254641
South Korea,CHN->Partner,2015-04,1.724011176406922
South Korea,CHN->Partner,2015-05,3.5444450339657294
South Korea,CHN->Partner,2015-06,2.4201610002865817
South Korea,CHN->Partner,2015-07,2.2172914293358605
South Korea,CHN->Partner,2015-08,2.7470234179218274
South Korea,CHN->Partner,2015-09,3.5221845127086375
South Korea,CHN->Partner,2015-10,3.1317411932075654
South Korea,CHN->Partner,2015-11,2.947112732916528
South Korea,CHN->Partner,2015-12,2.2428203956507193
South Korea,CHN->Partner,2016-01,3.2638059543346074
South Korea,CHN->Partner,2016-02,1.6318705359140573
South Korea,CHN->Partner,2016-03,1.0528385378535887
South Korea,CHN->Partner,2016-04,1.8972469724683183
South Korea,CHN->Partner,2016-05,1.8390656763158404
South Korea,CHN->Partner,2016-06,0.9989375876269708
South Korea,CHN->Partner,2016-07,0.5923364480843638
South Korea,CHN->Partner,2016-08,0.4317833743333228
South Korea,CHN->Partner,2016-09,-0.8576249786434449
South Korea,CHN->Partner,2016-10,-0.10156880837507387
South Korea,CHN->Partner,2016-11,1.591384073381695
South Korea,CHN->Partner,2016-12,2.0618080718967686
South Korea,CHN->Partner,2017-01,0.6502883619900395
South Korea,CHN->Partner,2017-02,-1.4355837797265831
South Korea,CHN->Partner,2017-03,-1.7034727868440385
South Korea,CHN->Partner,2017-04,-0.8736190646742195
South Korea,CHN->Partner,2017-05,0.8812238526764347
South Korea,CHN->Partner,2017-06,-0.9789408929187626
South Korea,CHN->Partner,2017-07,0.539548578973319
South Korea,CHN->Partner,2017-08,1.6689236826139648
South Korea,CHN->Partner,2017-09,-0.26625131146710856
South Korea,CHN->Partner,2017-10,0.4532630994725668
South Korea,CHN->Partner,2017-11,1.4979015840328476
South Korea,CHN->Partner,2017-12,0.9790507262826846
South Korea,CHN->Partner,2018-01,2.8038775559555855
South Korea,CHN->Partner,2018-02,2.144880193272849
South Korea,CHN->Partner,2018-03,2.5435373341720915
South Korea,CHN->Partner,2018-04,2.6752212869455896
South Korea,CHN->Partner,2018-05,2.6171894370928985
South Korea,CHN->Partner,2018-06,3.1057238853204563
South Korea,CHN->Partner,2018-07,2.43980422205313
South Korea,CHN->Partner,2018-08,0.47047234158969076
South Korea,CHN->Partner,2018-09,2.9080034176143243
South Korea,CHN->Partner,2018-10,3.2059761938761895
South Korea,CHN->Partner,2018-11,2.625083131773577
South Korea,CHN->Partner,2018-12,2.5777777777777775
South Korea,CHN->Partner,2019-01,4.559460664590642
South Korea,CHN->Partner,2019-02,4.0
South Korea,CHN->Partner,2019-03,1.011097644633793
South Korea,CHN->Partner,2019-04,0.8597347710583634
South Korea,CHN->Partner,2019-05,2.2066670064519514
South Korea,CHN->Partner,2019-06,1.9731704263949528
South Korea,CHN->Partner,2019-07,2.7063236183570787
South Korea,CHN->Partner,2019-08,2.451704772944801
South Korea,CHN->Partner,2019-09,4.061981008451156
South Korea,CHN->Partner,2019-10,3.35839223535017
South Korea,CHN->Partner,2019-11,2.7776752603648713
South Korea,CHN->Partner,2019-12,3.132477423259047
South Korea,CHN->Partner,2020-01,3.1391532316167563
South Korea,CHN->Partner,2020-02,2.316955813802098
South Korea,CHN->Partner,2020-03,2.7988850105582124
South Korea,CHN->Partner,2020-04,3.3989477043755887
South Korea,CHN->Partner,2020-05,2.340275262141599
South Korea,CHN->Partner,2020-06,5.116833363059943
South Korea,CHN->Partner,2020-07,2.1388026216662475
South Korea,CHN->Partner,2020-08,2.218626666247596
South Korea,CHN->Partner,2020-09,2.3877572771081716
South Korea,CHN->Partner,2020-10,2.33829970413942
South Korea,CHN->Partner,2020-11,3.713027328934759
South Korea,CHN->Partner,2020-12,0.8354190904415084
South Korea,CHN->Partner,2021-01,2.974633857000665
South Korea,CHN->Partner,2021-02,1.8874077806837875
South Korea,CHN->Partner,2021-03,3.352568812473679
South Korea,CHN->Partner,2021-04,4.677256546966348
South Korea,CHN->Partner,2021-05,2.690385602579516
South Korea,CHN->Partner,2021-06,0.4251753052105549
South Korea,CHN->Partner,2021-07,0.3861169216608218
South Korea,CHN->Partner,2021-08,2.3332781450902473
South Korea,CHN->Partner,2021-09,2.4099779478878016
South Korea,CHN->Partner,2021-10,0.9919252089056911
South Korea,CHN->Partner,2021-11,2.8714115629305486
South Korea,CHN->Partner,2021-12,2.969447139378042
South Korea,CHN->Partner,2022-01,4.718470941180604
South Korea,CHN->Partner,2022-02,-1.2500439303336535
South Korea,CHN->Partner,2022-03,1.225794624908941
South Korea,CHN->Partner,2022-04,2.0217840204592807
South Korea,CHN->Partner,2022-05,1.362140302199446
South Korea,CHN->Partner,2022-06,1.557717439933933
South Korea,CHN->Partner,2022-07,2.2349033740955484
South Korea,CHN->Partner,2022-08,2.6007477026908035
South Korea,CHN->Partner,2022-09,2.730441547078266
South Korea,CHN->Partner,2022-10,2.0749999999999993
South Korea,CHN->Partner,2022-11,1.8198746949531959
South Korea,CHN->Partner,2022-12,2.0892328630261243
South Korea,CHN->Partner,2023-01,0.7327022901028375
South Korea,CHN->Partner,2023-02,2.0497923030887044
South Korea,CHN->Partner,2023-03,1.0531057990372865
South Korea,CHN->Partner,2023-04,6.9999999999999964
South Korea,Partner->CHN,2002-01,2.8829031146269823
South Korea,Partner->CHN,2002-02,4.771192158784693
South Korea,Partner->CHN,2002-03,2.4762703395061028
South Korea,Partner->CHN,2002-04,3.3894834251563815
South Korea,Partner->CHN,2002-05,2.2480010767802057
South Korea,Partner->CHN,2002-06,1.4649839678444803
South Korea,Partner->CHN,2002-07,2.894877530452808
South Korea,Partner->CHN,2002-08,2.603370553084794
South Korea,Partner->CHN,2002-09,2.387667011034173
South Korea,Partner->CHN,2002-10,3.2005163963423815
South Korea,Partner->CHN,2002-11,3.529910817259598
South Korea,Partner->CHN,2002-12,2.467907614228425
South Korea,Partner->CHN,2003-01,2.120245184956449
South Korea,Partner->CHN,2003-02,2.3562577936536098
South Korea,Partner->CHN,2003-03,2.919863373716021
South Korea,Partner->CHN,2003-04,2.9506310392900907
South Korea,Partner->CHN,2003-05,0.5286134883166511
South Korea,Partner->CHN,2003-06,2.5935349965220578
South Korea,Partner->CHN,2003-07,1.9322776059577453
South Korea,Partner->CHN,2003-08,2.630011989797959
South Korea,Partner->CHN,2003-09,2.435971399965565
South Korea,Partner->CHN,2003-10,2.508150806417788
South Korea,Partner->CHN,2003-11,2.458505261093798
South Korea,Partner->CHN,2003-12,2.579735934391687
South Korea,Partner->CHN,2004-01,2.1972943670903664
South Korea,Partner->CHN,2004-02,2.109680943991439
South Korea,Partner->CHN,2004-03,2.429829943833745
South Korea,Partner->CHN,2004-04,2.4545897660778966
South Korea,Partner->CHN,2004-05,1.3681697334042848
South Korea,Partner->CHN,2004-06,1.750017984621092
South Korea,Partner->CHN,2004-07,2.6954779161386
South Korea,Partner->CHN,2004-08,1.2656576191545348
South Korea,Partner->CHN,2004-09,1.8295784378894329
South Korea,Partner->CHN,2004-10,2.1895656411212947
South Korea,Partner->CHN,2004-11,3.365288367489777
South Korea,Partner->CHN,2004-12,2.0732189679263318
South Korea,Partner->CHN,2005-01,1.376947069376019
South Korea,Partner->CHN,2005-02,2.125784967383092
South Korea,Partner->CHN,2005-03,2.4267347105042365
South Korea,Partner->CHN,2005-04,2.17967553919914
South Korea,Partner->CHN,2005-05,2.6769457193040616
South Korea,Partner->CHN,2005-06,2.7826601152909234
South Korea,Partner->CHN,2005-07,2.369419473603985
South Korea,Partner->CHN,2005-08,2.3733976022110053
South Korea,Partner->CHN,2005-09,3.047931075209295
South Korea,Partner->CHN,2005-10,2.5551170203270335
South Korea,Partner->CHN,2005-11,2.9999942634504055
South Korea,Partner->CHN,2005-12,1.9628959346598798
South Korea,Partner->CHN,2006-01,2.1120315167880648
South Korea,Partner->CHN,2006-02,0.06546054680527469
South Korea,Partner->CHN,2006-03,3.063532488308816
South Korea,Partner->CHN,2006-04,0.9056512430897445
South Korea,Partner->CHN,2006-05,1.579173929976477
South Korea,Partner->CHN,2006-06,3.281963877679571
South Korea,Partner->CHN,2006-07,2.3174866883100993
South Korea,Partner->CHN,2006-08,3.0586758743717013
South Korea,Partner->CHN,2006-09,1.93069248914753
South Korea,Partner->CHN,2006-10,2.2612851649382772
South Korea,Partner->CHN,2006-11,2.756896699071305
South Korea,Partner->CHN,2006-12,1.8018926689609458
South Korea,Partner->CHN,2007-01,2.190942776805267
South Korea,Partner->CHN,2007-02,2.89664613428792
South Korea,Partner->CHN,2007-03,3.0422204988305808
South Korea,Partner->CHN,2007-04,2.8069662213107787
South Korea,Partner->CHN,2007-05,2.8128712434233414
South Korea,Partner->CHN,2007-06,2.8075471266725813
South Korea,Partner->CHN,2007-07,2.3333349357535003
South Korea,Partner->CHN,2007-08,2.814796744454986
South Korea,Partner->CHN,2007-09,2.7022942152961846
South Korea,Partner->CHN,2007-10,3.4133351555917937
South Korea,Partner->CHN,2007-11,2.901228145155134
South Korea,Partner->CHN,2007-12,2.4343537936771558
South Korea,Partner->CHN,2008-01,2.5355489810224245
South Korea,Partner->CHN,2008-02,2.4370842467612643
South Korea,Partner->CHN,2008-03,2.4485259773960095
South Korea,Partner->CHN,2008-04,1.3114693119034442
South Korea,Partner->CHN,2008-05,2.8161832898940347
South Korea,Partner->CHN,2008-06,2.8251172018292348
South Korea,Partner->CHN,2008-07,3.2032259919207355
South Korea,Partner->CHN,2008-08,3.1882475484696293
South Korea,Partner->CHN,2008-09,1.3360865150202166
South Korea,Partner->CHN,2008-10,2.285860645508201
South Korea,Partner->CHN,2008-11,3.6735332173874387
South Korea,Partner->CHN,2008-12,2.345941524209792
South Korea,Partner->CHN,2009-01,3.133492531308118
South Korea,Partner->CHN,2009-02,2.9610727253595073
South Korea,Partner->CHN,2009-03,3.414637476006666
South Korea,Partner->CHN,2009-04,2.440534159196009
South Korea,Partner->CHN,2009-05,2.8384355668766865
South Korea,Partner->CHN,2009-06,2.485871819038408
South Korea,Partner->CHN,2009-07,2.694972215670992
South Korea,Partner->CHN,2009-08,1.9942509687794292
South Korea,Partner->CHN,2009-09,3.272483590432657
South Korea,Partner->CHN,2009-10,2.012761713186814
South Korea,Partner->CHN,2009-11,2.646418189375513
South Korea,Partner->CHN,2009-12,3.361057715540653
South Korea,Partner->CHN,2010-01,2.511226889042746
South Korea,Partner->CHN,2010-02,2.735398404008409
South Korea,Partner->CHN,2010-03,2.8466886784846945
South Korea,Partner->CHN,2010-04,2.404987739546396
South Korea,Partner->CHN,2010-05,2.5483665930082946
South Korea,Partner->CHN,2010-06,1.7784447253043023
South Korea,Partner->CHN,2010-07,1.806860564341136
South Korea,Partner->CHN,2010-08,1.4682258194933802
South Korea,Partner->CHN,2010-09,2.595110264991913
South Korea,Partner->CHN,2010-10,1.8597881049099296
South Korea,Partner->CHN,2010-11,1.593245362618994
South Korea,Partner->CHN,2010-12,0.5095746412643063
South Korea,Partner->CHN,2011-01,2.992886418139433
South Korea,Partner->CHN,2011-02,3.62322402020755
South Korea,Partner->CHN,2011-03,2.959002351707017
South Korea,Partner->CHN,2011-04,1.4598504042433351
South Korea,Partner->CHN,2011-05,2.279059734678466
South Korea,Partner->CHN,2011-06,3.115382807454237
South Korea,Partner->CHN,2011-07,3.2625205326019486
South Korea,Partner->CHN,2011-08,2.9463483925609424
South Korea,Partner->CHN,2011-09,2.4678609376947627
South Korea,Partner->CHN,2011-10,1.4104349132083822
South Korea,Partner->CHN,2011-11,1.481608426865078
South Korea,Partner->CHN,2011-12,2.693449304991601
South Korea,Partner->CHN,2012-01,0.8115992155029801
South Korea,Partner->CHN,2012-02,1.2442306374960328
South Korea,Partner->CHN,2012-03,1.647818772230659
South Korea,Partner->CHN,2012-04,1.7287726447904497
South Korea,Partner->CHN,2012-05,3.0138338452872038
South Korea,Partner->CHN,2012-06,1.4344194717373693
South Korea,Partner->CHN,2012-07,2.428537680352056
South Korea,Partner->CHN,2012-08,2.1912062265885215
South Korea,Partner->CHN,2012-09,2.3179773251001325
South Korea,Partner->CHN,2012-10,-1.3418754845526877
South Korea,Partner->CHN,2012-11,1.4216401060031707
South Korea,Partner->CHN,2012-12,1.6138023886093258
South Korea,Partner->CHN,2013-01,2.0022851969134194
South Korea,Partner->CHN,2013-02,2.38381771296954
South Korea,Partner->CHN,2013-03,2.130989920009773
South Korea,Partner->CHN,2013-04,2.7271345521574144
South Korea,Partner->CHN,2013-05,2.1556586177574513
South Korea,Partner->CHN,2013-06,3.0872676440306
South Korea,Partner->CHN,2013-07,2.3528113665305543
South Korea,Partner->CHN,2013-08,3.1977981151559813
South Korea,Partner->CHN,2013-09,2.594628890975825
South Korea,Partner->CHN,2013-10,1.6540828018224492
South Korea,Partner->CHN,2013-11,2.619569513960302
South Korea,Partner->CHN,2013-12,2.791566531983218
South Korea,Partner->CHN,2014-01,3.0099092950679935
South Korea,Partner->CHN,2014-02,2.485089907197443
South Korea,Partner->CHN,2014-03,2.336874976009499
South Korea,Partner->CHN,2014-04,1.9363072689042191
South Korea,Partner->CHN,2014-05,2.7127689153241015
South Korea,Partner->CHN,2014-06,2.6465667315361134
South Korea,Partner->CHN,2014-07,3.2105670003446924
South Korea,Partner->CHN,2014-08,2.5317639971047026
South Korea,Partner->CHN,2014-09,3.2862355084066017
South Korea,Partner->CHN,2014-10,1.254774399739535
South Korea,Partner->CHN,2014-11,2.6477371376209557
South Korea,Partner->CHN,2014-12,3.3730470381982975
South Korea,Partner->CHN,2015-01,2.507454288133399
South Korea,Partner->CHN,2015-02,3.4033043798615576
South Korea,Partner->CHN,2015-03,1.9749656212011537
South Korea,Partner->CHN,2015-04,2.1901338246314683
South Korea,Partner->CHN,2015-05,3.134354030842358
South Korea,Partner->CHN,2015-06,3.004491673360926
South Korea,Partner->CHN,2015-07,1.4773542814529694
South Korea,Partner->CHN,2015-08,3.378349423329386
South Korea,Partner->CHN,2015-09,3.1774697464432844
South Korea,Partner->CHN,2015-10,3.032404191497342
South Korea,Partner->CHN,2015-11,2.7523979008649633
South Korea,Partner->CHN,2015-12,1.154819137382935
South Korea,Partner->CHN,2016-01,2.5153596724173077
South Korea,Partner->CHN,2016-02,1.7239387924379983
South Korea,Partner->CHN,2016-03,2.5159802067733636
South Korea,Partner->CHN,2016-04,1.5945298029738506
South Korea,Partner->CHN,2016-05,2.5023656315256257
South Korea,Partner->CHN,2016-06,1.7375451677569522
South Korea,Partner->CHN,2016-07,2.901095508262049
South Korea,Partner->CHN,2016-08,2.154213859624411
South Korea,Partner->CHN,2016-09,1.34871686390645
South Korea,Partner->CHN,2016-10,0.05202947303591543
South Korea,Partner->CHN,2016-11,1.5935349507003735
South Korea,Partner->CHN,2016-12,2.570240992788115
South Korea,Partner->CHN,2017-01,1.5818335139350648
South Korea,Partner->CHN,2017-02,0.676738918285972
South Korea,Partner->CHN,2017-03,0.7657187396994161
South Korea,Partner->CHN,2017-04,1.4207374815390068
South Korea,Partner->CHN,2017-05,1.8890421121572256
South Korea,Partner->CHN,2017-06,1.981041975762869
South Korea,Partner->CHN,2017-07,2.2790571718431014
South Korea,Partner->CHN,2017-08,2.2333955036161957
South Korea,Partner->CHN,2017-09,1.5684023525860287
South Korea,Partner->CHN,2017-10,2.1336294702591445
South Korea,Partner->CHN,2017-11,2.5936033875403623
South Korea,Partner->CHN,2017-12,2.0211132254204145
South Korea,Partner->CHN,2018-01,2.1954309253832083
South Korea,Partner->CHN,2018-02,2.642949242582869
South Korea,Partner->CHN,2018-03,1.8682863169179935
South Korea,Partner->CHN,2018-04,2.693888954381549
South Korea,Partner->CHN,2018-05,2.958470331608206
South Korea,Partner->CHN,2018-06,2.8270796891089844
South Korea,Partner->CHN,2018-07,1.3369677349101572
South Korea,Partner->CHN,2018-08,1.6223518943501496
South Korea,Partner->CHN,2018-09,0.3507781206408538
South Korea,Partner->CHN,2018-10,2.8226633210494576
South Korea,Partner->CHN,2018-11,2.7386533972377904
South Korea,Partner->CHN,2018-12,2.0500000000000007
South Korea,Partner->CHN,2019-01,1.9371303279385845
South Korea,Partner->CHN,2019-02,2.333333333333334
South Korea,Partner->CHN,2019-03,2.168094846483026
South Korea,Partner->CHN,2019-04,1.508853378544332
South Korea,Partner->CHN,2019-05,2.227649758922137
South Korea,Partner->CHN,2019-06,2.7409091228571434
South Korea,Partner->CHN,2019-07,1.7858553639519013
South Korea,Partner->CHN,2019-08,2.7497119870245648
South Korea,Partner->CHN,2019-09,3.221487724048478
South Korea,Partner->CHN,2019-10,3.890208517146913
South Korea,Partner->CHN,2019-11,1.9488604175170021
South Korea,Partner->CHN,2019-12,2.928266853289893
South Korea,Partner->CHN,2020-01,1.228898661457512
South Korea,Partner->CHN,2020-02,1.6644877182032367
South Korea,Partner->CHN,2020-03,3.2278403869434182
South Korea,Partner->CHN,2020-04,3.5251031966145305
South Korea,Partner->CHN,2020-05,2.744598280917492
South Korea,Partner->CHN,2020-06,3.556803649232064
South Korea,Partner->CHN,2020-07,1.266431273698288
South Korea,Partner->CHN,2020-08,1.6095692573971245
South Korea,Partner->CHN,2020-09,2.1518331281309653
South Korea,Partner->CHN,2020-10,3.1268657944442797
South Korea,Partner->CHN,2020-11,4.0972547970543705
South Korea,Partner->CHN,2020-12,2.4473122022923537
South Korea,Partner->CHN,2021-01,3.034893601188479
South Korea,Partner->CHN,2021-02,1.1793014317213526
South Korea,Partner->CHN,2021-03,1.638842418727993
South Korea,Partner->CHN,2021-04,4.351042999320919
South Korea,Partner->CHN,2021-05,2.7854577945011822
South Korea,Partner->CHN,2021-06,1.351045695045471
South Korea,Partner->CHN,2021-07,2.814285714285713
South Korea,Partner->CHN,2021-08,2.3625500810753337
South Korea,Partner->CHN,2021-09,2.466027534297231
South Korea,Partner->CHN,2021-10,1.4376755408461168
South Korea,Partner->CHN,2021-11,2.630577145083393
South Korea,Partner->CHN,2021-12,2.717562865705073
South Korea,Partner->CHN,2022-01,3.493536951917479
South Korea,Partner->CHN,2022-02,-0.4235185095797238
South Korea,Partner->CHN,2022-03,2.3714614625955637
South Korea,Partner->CHN,2022-04,2.3185185122449035
South Korea,Partner->CHN,2022-05,2.2817798227080424
South Korea,Partner->CHN,2022-06,2.7333624530522087
South Korea,Partner->CHN,2022-07,2.132004757440928
South Korea,Partner->CHN,2022-08,2.5731993957669133
South Korea,Partner->CHN,2022-09,1.9812057872311861
South Korea,Partner->CHN,2022-10,1.6306053268632148
South Korea,Partner->CHN,2022-11,2.696723520286115
South Korea,Partner->CHN,2022-12,2.0477094118602075
South Korea,Partner->CHN,2023-01,-0.29873704839257087
South Korea,Partner->CHN,2023-02,2.0020065520059056
South Korea,Partner->CHN,2023-03,0.16068490685859693
South Korea,Partner->CHN,2023-04,4.466666666666665
Spain,Aggregated,2002-01,1.7763568394002505e-15
Spain,Aggregated,2002-02,2.3424135747622508
Spain,Aggregated,2002-03,-0.44829117576950317
Spain,Aggregated,2002-04,2.6000000000000014
Spain,Aggregated,2002-05,0.9434164902525666
Spain,Aggregated,2002-06,0.9575373051839993
Spain,Aggregated,2002-07,0.971674815289246
Spain,Aggregated,2002-08,0.9858290403071788
Spain,Aggregated,2002-09,1.0
Spain,Aggregated,2002-10,2.7294004031005112
Spain,Aggregated,2002-11,3.039683059830507
Spain,Aggregated,2002-12,7.9999999999999964
Spain,Aggregated,2003-01,3.421206787381122
Spain,Aggregated,2003-02,2.9945094865179023
Spain,Aggregated,2003-03,2.58043738334087
Spain,Aggregated,2003-04,2.9842160423853787
Spain,Aggregated,2003-05,3.3999999999999986
Spain,Aggregated,2003-06,2.5
Spain,Aggregated,2003-07,3.9009500680248053
Spain,Aggregated,2003-08,7.400000000000002
Spain,Aggregated,2003-09,3.8592548073852218
Spain,Aggregated,2003-10,0.9998615995000382
Spain,Aggregated,2003-11,3.030709252885906
Spain,Aggregated,2003-12,2.773424742235404
Spain,Aggregated,2004-01,2.6860176664559567
Spain,Aggregated,2004-02,3.011541471513837
Spain,Aggregated,2004-03,2.3047805038552447
Spain,Aggregated,2004-04,4.0
Spain,Aggregated,2004-05,1.7082039324993694
Spain,Aggregated,2004-06,0.8289443268350478
Spain,Aggregated,2004-07,1.7763568394002505e-15
Spain,Aggregated,2004-08,3.171206787381127
Spain,Aggregated,2004-09,0.923945109032628
Spain,Aggregated,2004-10,0.8807342660998732
Spain,Aggregated,2004-11,2.357599074948128
Spain,Aggregated,2004-12,2.0979966388232203
Spain,Aggregated,2005-01,4.148758362827447
Spain,Aggregated,2005-02,2.8451088046109323
Spain,Aggregated,2005-03,1.6536468019638821
Spain,Aggregated,2005-04,-0.4537748763360998
Spain,Aggregated,2005-05,4.0511390147688395
Spain,Aggregated,2005-06,1.0
Spain,Aggregated,2005-07,1.894872264904702
Spain,Aggregated,2005-08,5.703293088490064
Spain,Aggregated,2005-09,1.1248608236951956
Spain,Aggregated,2005-10,2.0978727808248365
Spain,Aggregated,2005-11,3.2074754976879163
Spain,Aggregated,2005-12,4.999999999999998
Spain,Aggregated,2006-01,1.2294254927005923
Spain,Aggregated,2006-02,0.3369654299049021
Spain,Aggregated,2006-03,2.531087288270056
Spain,Aggregated,2006-04,5.599999999999998
Spain,Aggregated,2006-05,5.133333333333333
Spain,Aggregated,2006-06,0.7635819055565918
Spain,Aggregated,2006-07,1.2654447561627808
Spain,Aggregated,2006-08,1.9193157119864779
Spain,Aggregated,2006-09,2.131632567403802
Spain,Aggregated,2006-10,3.1130333439420603
Spain,Aggregated,2006-11,2.747035066719951
Spain,Aggregated,2006-12,2.3905283520602545
Spain,Aggregated,2007-01,0.37991953772365505
Spain,Aggregated,2007-02,-1.3287932126188764
Spain,Aggregated,2007-03,4.780804524920754
Spain,Aggregated,2007-04,3.009775809173286
Spain,Aggregated,2007-05,4.666666666666666
Spain,Aggregated,2007-06,3.4993894870601174
Spain,Aggregated,2007-07,1.171206787381129
Spain,Aggregated,2007-08,4.0
Spain,Aggregated,2007-09,2.3031243039438163
Spain,Aggregated,2007-10,2.158703733907126
Spain,Aggregated,2007-11,2.6093029034224546
Spain,Aggregated,2007-12,0.1556491527915309
Spain,Aggregated,2008-01,3.3999999999999986
Spain,Aggregated,2008-02,-4.000000000000001
Spain,Aggregated,2008-03,-3.500000000000001
Spain,Aggregated,2008-04,1.4587251988521999
Spain,Aggregated,2008-05,3.493095009484854
Spain,Aggregated,2008-06,2.445917720390069
Spain,Aggregated,2008-07,2.7500000000000018
Spain,Aggregated,2008-08,1.599999999999996
Spain,Aggregated,2008-09,2.918258938411512
Spain,Aggregated,2008-10,4.48176136666064
Spain,Aggregated,2008-11,1.2024090604193205
Spain,Aggregated,2008-12,1.996143028587504
Spain,Aggregated,2009-01,2.8415072616570303
Spain,Aggregated,2009-02,3.9048896709760186
Spain,Aggregated,2009-03,2.196006129857844
Spain,Aggregated,2009-04,0.6830504366855159
Spain,Aggregated,2009-05,2.0413806179802716
Spain,Aggregated,2009-06,1.8669490308479944
Spain,Aggregated,2009-07,-1.0000000000000018
Spain,Aggregated,2009-08,-1.1657706009158382
Spain,Aggregated,2009-09,-1.3287932126188764
Spain,Aggregated,2009-10,-1.6704308198915143
Spain,Aggregated,2009-11,-1.9999999999999982
Spain,Aggregated,2009-12,-1.0000000000000018
Spain,Aggregated,2010-01,0.44714242553331474
Spain,Aggregated,2010-02,2.1037069710444847
Spain,Aggregated,2010-03,4.0
Spain,Aggregated,2010-04,3.337609631959097
Spain,Aggregated,2010-05,1.0
Spain,Aggregated,2010-06,2.3424135747622508
Spain,Aggregated,2010-07,2.4354203158120473
Spain,Aggregated,2010-08,2.5290753843801177
Spain,Aggregated,2010-09,1.6712067873811236
Spain,Aggregated,2010-10,1.6135791902494514
Spain,Aggregated,2010-11,1.5562136786481382
Spain,Aggregated,2010-12,3.171206787381127
Spain,Aggregated,2011-01,2.279890994997908
Spain,Aggregated,2011-02,2.3424135747622508
Spain,Aggregated,2011-03,2.2636263471404394
Spain,Aggregated,2011-04,2.1853043597243484
Spain,Aggregated,2011-05,2.068670154175148
Spain,Aggregated,2011-06,-1.9999999999999982
Spain,Aggregated,2011-07,-1.050125628933797
Spain,Aggregated,2011-08,1.7763568394002505e-15
Spain,Aggregated,2011-09,0.13174905046518504
Spain,Aggregated,2011-10,0.2650760838665942
Spain,Aggregated,2011-11,0.40000000000000036
Spain,Aggregated,2011-12,0.7046151658375397
Spain,Aggregated,2012-01,1.0173698403819404
Spain,Aggregated,2012-02,1.3384815164222026
Spain,Aggregated,2012-03,1.6681734982913579
Spain,Aggregated,2012-04,2.006675057154581
Spain,Aggregated,2012-05,2.3542215904466968
Spain,Aggregated,2012-06,2.5560346537540646
Spain,Aggregated,2012-07,0.8259475924272959
Spain,Aggregated,2012-08,-0.6833373452532783
Spain,Aggregated,2012-09,-1.9999999999999982
Spain,Aggregated,2012-10,-10.0
Spain,Aggregated,2012-11,1.6971148140521564
Spain,Aggregated,2012-12,-1.9999999999999982
Spain,Aggregated,2013-01,-1.3773970100125172
Spain,Aggregated,2013-02,-0.7117235218982252
Spain,Aggregated,2013-03,1.7763568394002505e-15
Spain,Aggregated,2013-04,3.3999999999999986
Spain,Aggregated,2013-05,3.3999999999999986
Spain,Aggregated,2013-06,1.7763568394002505e-15
Spain,Aggregated,2013-07,1.1666666666666696
Spain,Aggregated,2013-08,0.09772378403812176
Spain,Aggregated,2013-09,-0.8773035736872306
Spain,Aggregated,2013-10,-1.7666666666666675
Spain,Aggregated,2013-11,-0.9693056911065128
Spain,Aggregated,2013-12,-1.0618760705392258
Spain,Aggregated,2014-01,-1.1535921446881314
Spain,Aggregated,2014-02,-1.2444617976898513
Spain,Aggregated,2014-03,-0.5233391021625096
Spain,Aggregated,2014-04,0.25108848861719935
Spain,Aggregated,2014-05,1.0827612359605485
Spain,Aggregated,2014-06,-1.3056074828793527
Spain,Aggregated,2014-07,-2.3788819771104137
Spain,Aggregated,2014-08,-3.333333333333332
Spain,Aggregated,2014-09,3.346937142913781
Spain,Aggregated,2014-10,1.0
Spain,Aggregated,2014-11,1.7763568394002505e-15
Spain,Aggregated,2014-12,3.0082180984839795
Spain,Aggregated,2015-01,5.17120678738112
Spain,Aggregated,2015-02,-1.9999999999999982
Spain,Aggregated,2015-03,4.399999999999995
Spain,Aggregated,2015-04,0.2172296904619273
Spain,Aggregated,2015-05,1.3327380477785127
Spain,Aggregated,2015-06,1.3249999999999975
Spain,Aggregated,2015-07,4.096103156830258
Spain,Aggregated,2015-08,-2.3982259177883822
Spain,Aggregated,2015-09,2.9999999999999964
Spain,Aggregated,2015-10,1.7763568394002505e-15
Spain,Aggregated,2015-11,1.4226162893325682
Spain,Aggregated,2015-12,0.6715916337492676
Spain,Aggregated,2016-01,-0.034028895991527364
Spain,Aggregated,2016-02,-0.696990262559412
Spain,Aggregated,2016-03,-9.0
Spain,Aggregated,2016-04,2.3424135747622508
Spain,Aggregated,2016-05,2.399910014824428
Spain,Aggregated,2016-06,2.4576542241977055
Spain,Aggregated,2016-07,2.515647270593952
Spain,Aggregated,2016-08,2.0
Spain,Aggregated,2016-09,3.6674559843636594
Spain,Aggregated,2016-10,3.3999999999999986
Spain,Aggregated,2016-11,2.636191886581255
Spain,Aggregated,2016-12,-5.0
Spain,Aggregated,2017-01,-2.071973203843621
Spain,Aggregated,2017-02,2.2849437454810566
Spain,Aggregated,2017-03,0.946226407248524
Spain,Aggregated,2017-04,-5.0
Spain,Aggregated,2017-05,3.446969908464766
Spain,Aggregated,2017-06,2.4358281733732987
Spain,Aggregated,2017-07,2.326708522153263
Spain,Aggregated,2017-08,1.680363740527822
Spain,Aggregated,2017-09,4.0
Spain,Aggregated,2017-10,3.4399815582688547
Spain,Aggregated,2017-11,4.152415872608399
Spain,Aggregated,2017-12,4.900000000000004
Spain,Aggregated,2018-01,2.2249763704892924
Spain,Aggregated,2018-02,1.7763568394002505e-15
Spain,Aggregated,2018-03,3.4499134945507564
Spain,Aggregated,2018-04,1.7763568394002505e-15
Spain,Aggregated,2018-05,3.487749567457467
Spain,Aggregated,2018-06,1.7763568394002505e-15
Spain,Aggregated,2018-07,3.5
Spain,Aggregated,2018-08,-5.0
Spain,Aggregated,2018-09,-1.8755433865586255
Spain,Aggregated,2018-10,2.875951415095665
Spain,Aggregated,2018-11,3.4911810133901504
Spain,Aggregated,2018-12,2.3424135747622508
Spain,Aggregated,2019-01,1.553165140557578
Spain,Aggregated,2019-02,0.8106033936905614
Spain,Aggregated,2019-03,2.3424135747622508
Spain,Aggregated,2019-04,2.750203025416752
Spain,Aggregated,2019-05,-0.16005321902987824
Spain,Aggregated,2019-06,-2.4543482741991625
Spain,Aggregated,2019-07,-1.296005427767403
Spain,Aggregated,2019-08,0.01934804733632589
Spain,Aggregated,2019-09,1.5129945698638565
Spain,Aggregated,2019-10,2.3424135747622508
Spain,Aggregated,2019-11,5.450000000000003
Spain,Aggregated,2019-12,3.147143410125828
Spain,Aggregated,2020-01,1.1666666666666696
Spain,Aggregated,2020-02,1.0
Spain,Aggregated,2020-03,2.9875688476129802
Spain,Aggregated,2020-04,0.3000000000000007
Spain,Aggregated,2020-05,0.4999999999999982
Spain,Aggregated,2020-06,3.1505014375362297
Spain,Aggregated,2020-07,1.0
Spain,Aggregated,2020-08,3.1999999999999993
Spain,Aggregated,2020-09,2.141341222057058
Spain,Aggregated,2020-10,-0.12470363629048187
Spain,Aggregated,2020-11,-1.9999999999999982
Spain,Aggregated,2020-12,3.449745603652463
Spain,Aggregated,2021-01,2.9999999999999964
Spain,Aggregated,2021-02,0.8137548964045802
Spain,Aggregated,2021-03,0.4999999999999982
Spain,Aggregated,2021-04,0.7517851073127417
Spain,Aggregated,2021-05,2.545435886626729
Spain,Aggregated,2021-06,2.0
Spain,Aggregated,2021-07,2.7999999999999954
Spain,Aggregated,2021-08,3.1200248740540903
Spain,Aggregated,2021-09,3.447471191587418
Spain,Aggregated,2021-10,3.5
Spain,Aggregated,2021-11,3.8199838135469886
Spain,Aggregated,2021-12,2.4666666666666703
Spain,Aggregated,2022-01,1.0
Spain,Aggregated,2022-02,0.6666666666666661
Spain,Aggregated,2022-03,0.36766882031503734
Spain,Aggregated,2022-04,0.4999999999999982
Spain,Aggregated,2022-05,-0.6666666666666643
Spain,Aggregated,2022-06,1.0502476077327092
Spain,Aggregated,2022-07,3.0524323297743017
Spain,Aggregated,2022-08,1.9857301665055278
Spain,Aggregated,2022-09,1.0
Spain,Aggregated,2022-10,1.7763568394002505e-15
Spain,Aggregated,2022-11,2.25
Spain,Aggregated,2022-12,1.0
Spain,Aggregated,2023-01,0.391526553186587
Spain,Aggregated,2023-02,-0.18609356567040436
Spain,Aggregated,2023-03,2.5168747552830553
Spain,Aggregated,2023-04,2.3025307274311793
Spain,CHN->Partner,2002-01,1.7763568394002505e-15
Spain,CHN->Partner,2002-02,1.9000000000000004
Spain,CHN->Partner,2002-03,-1.037536045448464
Spain,CHN->Partner,2002-04,1.0
Spain,CHN->Partner,2002-05,4.0
Spain,CHN->Partner,2002-06,3.186124135047635
Spain,CHN->Partner,2002-07,2.416407864998739
Spain,CHN->Partner,2002-08,1.6884551612867735
Spain,CHN->Partner,2002-09,1.0
Spain,CHN->Partner,2002-10,1.6187190011351795
Spain,CHN->Partner,2002-11,3.066260343641522
Spain,CHN->Partner,2002-12,7.9999999999999964
Spain,CHN->Partner,2003-01,3.1999999999999993
Spain,CHN->Partner,2003-02,2.799630152171396
Spain,CHN->Partner,2003-03,2.4105487561068983
Spain,CHN->Partner,2003-04,2.896470850109365
Spain,CHN->Partner,2003-05,3.3999999999999986
Spain,CHN->Partner,2003-06,1.0
Spain,CHN->Partner,2003-07,4.328632823981913
Spain,CHN->Partner,2003-08,7.400000000000002
Spain,CHN->Partner,2003-09,4.408287204033526
Spain,CHN->Partner,2003-10,1.9030062261947442
Spain,CHN->Partner,2003-11,2.5863328202718368
Spain,CHN->Partner,2003-12,1.62166037550762
Spain,CHN->Partner,2004-01,3.096808149364877
Spain,CHN->Partner,2004-02,3.3999999999999986
Spain,CHN->Partner,2004-03,2.2209741147001463
Spain,CHN->Partner,2004-04,4.0
Spain,CHN->Partner,2004-05,1.7082039324993694
Spain,CHN->Partner,2004-06,2.109340769887371
Spain,CHN->Partner,2004-07,2.5231395666808414
Spain,CHN->Partner,2004-08,2.9499999999999993
Spain,CHN->Partner,2004-09,0.8712570950962597
Spain,CHN->Partner,2004-10,1.303957052721234
Spain,CHN->Partner,2004-11,2.3265973609043904
Spain,CHN->Partner,2004-12,2.5896531445407245
Spain,CHN->Partner,2005-01,3.935048900337158
Spain,CHN->Partner,2005-02,3.489664640045362
Spain,CHN->Partner,2005-03,3.0575623676894264
Spain,CHN->Partner,2005-04,1.5402735096858287
Spain,CHN->Partner,2005-05,2.684283176858166
Spain,CHN->Partner,2005-06,1.0
Spain,CHN->Partner,2005-07,2.762940343066445
Spain,CHN->Partner,2005-08,5.292158773851792
Spain,CHN->Partner,2005-09,1.1284600021465998
Spain,CHN->Partner,2005-10,2.5411320298968043
Spain,CHN->Partner,2005-11,3.0993134566397362
Spain,CHN->Partner,2005-12,4.0
Spain,CHN->Partner,2006-01,4.0
Spain,CHN->Partner,2006-02,1.4499999999999993
Spain,CHN->Partner,2006-03,2.2338419557671774
Spain,CHN->Partner,2006-04,6.249999999999993
Spain,CHN->Partner,2006-05,7.9999999999999964
Spain,CHN->Partner,2006-06,1.1681939196489743
Spain,CHN->Partner,2006-07,1.1821489607938815
Spain,CHN->Partner,2006-08,2.1648335042417184
Spain,CHN->Partner,2006-09,2.668288728495531
Spain,CHN->Partner,2006-10,3.6000000000000014
Spain,CHN->Partner,2006-11,3.0392307481571113
Spain,CHN->Partner,2006-12,2.5
Spain,CHN->Partner,2007-01,2.1965904687536586
Spain,CHN->Partner,2007-02,1.9000000000000004
Spain,CHN->Partner,2007-03,4.933333333333332
Spain,CHN->Partner,2007-04,3.210560108667064
Spain,CHN->Partner,2007-05,4.666666666666666
Spain,CHN->Partner,2007-06,3.3504194511148295
Spain,CHN->Partner,2007-07,1.4000000000000004
Spain,CHN->Partner,2007-08,4.0
Spain,CHN->Partner,2007-09,3.223085826385118
Spain,CHN->Partner,2007-10,1.899234614174766
Spain,CHN->Partner,2007-11,2.4761636081603804
Spain,CHN->Partner,2007-12,1.7267276788012857
Spain,CHN->Partner,2008-01,-1.561404037060969
Spain,CHN->Partner,2008-02,-4.000000000000001
Spain,CHN->Partner,2008-03,-1.9999999999999982
Spain,CHN->Partner,2008-04,1.8299475053790193
Spain,CHN->Partner,2008-05,2.452067026568386
Spain,CHN->Partner,2008-06,4.309866900568785
Spain,CHN->Partner,2008-07,2.7500000000000018
Spain,CHN->Partner,2008-08,3.3999999999999986
Spain,CHN->Partner,2008-09,1.8109365716705863
Spain,CHN->Partner,2008-10,4.713734030835029
Spain,CHN->Partner,2008-11,1.9000000000000004
Spain,CHN->Partner,2008-12,2.759114304620546
Spain,CHN->Partner,2009-01,3.675443910667738
Spain,CHN->Partner,2009-02,3.587622023808068
Spain,CHN->Partner,2009-03,1.9922910325890353
Spain,CHN->Partner,2009-04,0.5714285714285747
Spain,CHN->Partner,2009-05,2.9999999999999964
Spain,CHN->Partner,2009-06,2.943877597945365
Spain,CHN->Partner,2009-07,-1.0000000000000018
Spain,CHN->Partner,2009-08,0.7473401244707283
Spain,CHN->Partner,2009-09,2.8000000000000025
Spain,CHN->Partner,2009-10,2.9931164560063213
Spain,CHN->Partner,2009-11,3.1889353732865846
Spain,CHN->Partner,2009-12,3.3874945699381627
Spain,CHN->Partner,2010-01,3.5888323932828374
Spain,CHN->Partner,2010-02,3.792987727272763
Spain,CHN->Partner,2010-03,4.0
Spain,CHN->Partner,2010-04,2.5621502240156975
Spain,CHN->Partner,2010-05,1.0
Spain,CHN->Partner,2010-06,1.9000000000000004
Spain,CHN->Partner,2010-07,1.9513545655841327
Spain,CHN->Partner,2010-08,2.0029135723625604
Spain,CHN->Partner,2010-09,1.9000000000000004
Spain,CHN->Partner,2010-10,1.8463275351872745
Spain,CHN->Partner,2010-11,1.7928783830473396
Spain,CHN->Partner,2010-12,2.9499999999999993
Spain,CHN->Partner,2011-01,2.127975978949765
Spain,CHN->Partner,2011-02,1.9000000000000004
Spain,CHN->Partner,2011-03,1.9793780099973457
Spain,CHN->Partner,2011-04,2.0592444594110635
Spain,CHN->Partner,2011-05,2.6381816969858587
Spain,CHN->Partner,2011-06,1.0
Spain,CHN->Partner,2011-07,0.48912529307605546
Spain,CHN->Partner,2011-08,1.7763568394002505e-15
Spain,CHN->Partner,2011-09,0.13174905046518504
Spain,CHN->Partner,2011-10,0.2650760838665942
Spain,CHN->Partner,2011-11,0.40000000000000036
Spain,CHN->Partner,2011-12,0.6849488163058126
Spain,CHN->Partner,2012-01,0.9770200736567212
Spain,CHN->Partner,2012-02,1.2763918011005373
Spain,CHN->Partner,2012-03,1.5832464776119402
Spain,CHN->Partner,2012-04,1.8977711433206945
Spain,CHN->Partner,2012-05,2.2201575135200375
Spain,CHN->Partner,2012-06,2.563635319424307
Spain,CHN->Partner,2012-07,2.5831806112516826
Spain,CHN->Partner,2012-08,2.602754067979072
Spain,CHN->Partner,2012-09,2.6223557301922877
Spain,CHN->Partner,2012-10,2.641985638535637
Spain,CHN->Partner,2012-11,2.6616438337119845
Spain,CHN->Partner,2012-12,1.9412250711832169
Spain,CHN->Partner,2013-01,1.2587961142533022
Spain,CHN->Partner,2013-02,0.6123536484550076
Spain,CHN->Partner,2013-03,1.7763568394002505e-15
Spain,CHN->Partner,2013-04,-0.7117235218982252
Spain,CHN->Partner,2013-05,-1.3773970100125172
Spain,CHN->Partner,2013-06,-1.9999999999999982
Spain,CHN->Partner,2013-07,3.5
Spain,CHN->Partner,2013-08,1.6377301911557502
Spain,CHN->Partner,2013-09,0.014636164444800315
Spain,CHN->Partner,2013-10,-1.3999999999999986
Spain,CHN->Partner,2013-11,0.8083835154881438
Spain,CHN->Partner,2013-12,1.2345375119544837
Spain,CHN->Partner,2014-01,1.676071024886049
Spain,CHN->Partner,2014-02,2.1335390872724904
Spain,CHN->Partner,2014-03,2.4162309546975216
Spain,CHN->Partner,2014-04,2.705007601813479
Spain,CHN->Partner,2014-05,2.9999999999999964
Spain,CHN->Partner,2014-06,2.985507402707709
Spain,CHN->Partner,2014-07,1.403248825601496
Spain,CHN->Partner,2014-08,1.7763568394002505e-15
Spain,CHN->Partner,2014-09,3.006605500656862
Spain,CHN->Partner,2014-10,1.0
Spain,CHN->Partner,2014-11,1.8245044245026847
Spain,CHN->Partner,2014-12,2.705659477840749
Spain,CHN->Partner,2015-01,5.400000000000002
Spain,CHN->Partner,2015-02,4.89213642025514
Spain,CHN->Partner,2015-03,4.399999999999995
Spain,CHN->Partner,2015-04,2.629380029920654
Spain,CHN->Partner,2015-05,0.40000000000000036
Spain,CHN->Partner,2015-06,-0.75
Spain,CHN->Partner,2015-07,2.516085679650546
Spain,CHN->Partner,2015-08,-0.40000000000000036
Spain,CHN->Partner,2015-09,2.9999999999999964
Spain,CHN->Partner,2015-10,2.0148647327830425
Spain,CHN->Partner,2015-11,1.0990502866171372
Spain,CHN->Partner,2015-12,1.2156544353715688
Spain,CHN->Partner,2016-01,1.333382352288341
Spain,CHN->Partner,2016-02,1.452244867641486
Spain,CHN->Partner,2016-03,1.6741452884435244
Spain,CHN->Partner,2016-04,1.9000000000000004
Spain,CHN->Partner,2016-05,1.5927395813505871
Spain,CHN->Partner,2016-06,1.2927976871095996
Spain,CHN->Partner,2016-07,1.0
Spain,CHN->Partner,2016-08,2.389494173083527
Spain,CHN->Partner,2016-09,3.939879517586478
Spain,CHN->Partner,2016-10,3.3999999999999986
Spain,CHN->Partner,2016-11,2.696765770748989
Spain,CHN->Partner,2016-12,1.3944951316171874
Spain,CHN->Partner,2017-01,0.21604268766593115
Spain,CHN->Partner,2017-02,-0.8503640337361222
Spain,CHN->Partner,2017-03,1.4000000000000004
Spain,CHN->Partner,2017-04,2.127963400554796
Spain,CHN->Partner,2017-05,2.8986631488956593
Spain,CHN->Partner,2017-06,1.7356980217970168
Spain,CHN->Partner,2017-07,2.4342831768581608
Spain,CHN->Partner,2017-08,3.423426049181506
Spain,CHN->Partner,2017-09,4.0
Spain,CHN->Partner,2017-10,3.4399815582688547
Spain,CHN->Partner,2017-11,3.451965339353965
Spain,CHN->Partner,2017-12,3.46395906581251
Spain,CHN->Partner,2018-01,3.4759627458981974
Spain,CHN->Partner,2018-02,3.487976387871557
Spain,CHN->Partner,2018-03,3.5
Spain,CHN->Partner,2018-04,3.6052361544574367
Spain,CHN->Partner,2018-05,3.7112360777565954
Spain,CHN->Partner,2018-06,1.7763568394002505e-15
Spain,CHN->Partner,2018-07,3.5
Spain,CHN->Partner,2018-08,-5.0
Spain,CHN->Partner,2018-09,-2.5147186257614305
Spain,CHN->Partner,2018-10,1.0
Spain,CHN->Partner,2018-11,2.9248469112396496
Spain,CHN->Partner,2018-12,1.9000000000000004
Spain,CHN->Partner,2019-01,-0.4061338501942533
Spain,CHN->Partner,2019-02,-2.3000000000000025
Spain,CHN->Partner,2019-03,1.9000000000000004
Spain,CHN->Partner,2019-04,2.1861373190298856
Spain,CHN->Partner,2019-05,-0.516568763663459
Spain,CHN->Partner,2019-06,-2.665312757786271
Spain,CHN->Partner,2019-07,-1.4418593877227117
Spain,CHN->Partner,2019-08,-0.03881461785968554
Spain,CHN->Partner,2019-09,1.5701838731393725
Spain,CHN->Partner,2019-10,1.9000000000000004
Spain,CHN->Partner,2019-11,3.5
Spain,CHN->Partner,2019-12,1.6293309403150928
Spain,CHN->Partner,2020-01,1.7763568394002505e-15
Spain,CHN->Partner,2020-02,1.0
Spain,CHN->Partner,2020-03,3.0012616717508624
Spain,CHN->Partner,2020-04,0.3000000000000007
Spain,CHN->Partner,2020-05,2.0192165662915347
Spain,CHN->Partner,2020-06,4.0
Spain,CHN->Partner,2020-07,1.0
Spain,CHN->Partner,2020-08,4.0
Spain,CHN->Partner,2020-09,2.1953760740427484
Spain,CHN->Partner,2020-10,2.6565905851046736
Spain,CHN->Partner,2020-11,3.1339258057258057
Spain,CHN->Partner,2020-12,3.6279451988294795
Spain,CHN->Partner,2021-01,2.9222742998735143
Spain,CHN->Partner,2021-02,2.250645873107919
Spain,CHN->Partner,2021-03,0.6541460519145783
Spain,CHN->Partner,2021-04,-0.75
Spain,CHN->Partner,2021-05,1.525183872878273
Spain,CHN->Partner,2021-06,1.8581657759570511
Spain,CHN->Partner,2021-07,2.1999999999999993
Spain,CHN->Partner,2021-08,2.7389955964764745
Spain,CHN->Partner,2021-09,3.299999999999999
Spain,CHN->Partner,2021-10,4.666666666666666
Spain,CHN->Partner,2021-11,3.2638368051942024
Spain,CHN->Partner,2021-12,1.7763568394002505e-15
Spain,CHN->Partner,2022-01,1.0
Spain,CHN->Partner,2022-02,1.0
Spain,CHN->Partner,2022-03,0.3936445482993811
Spain,CHN->Partner,2022-04,1.0
Spain,CHN->Partner,2022-05,-1.9999999999999982
Spain,CHN->Partner,2022-06,0.36756503509787564
Spain,CHN->Partner,2022-07,3.357948314131084
Spain,CHN->Partner,2022-08,2.126133466088673
Spain,CHN->Partner,2022-09,1.0
Spain,CHN->Partner,2022-10,1.6095202129184916
Spain,CHN->Partner,2022-11,2.25
Spain,CHN->Partner,2022-12,1.0
Spain,CHN->Partner,2023-01,1.0
Spain,CHN->Partner,2023-02,1.0
Spain,CHN->Partner,2023-03,2.246263424910138
Spain,CHN->Partner,2023-04,2.6447610589527226
Spain,Partner->CHN,2002-01,
Spain,Partner->CHN,2002-02,2.8000000000000025
Spain,Partner->CHN,2002-03,3.4609417385486836
Spain,Partner->CHN,2002-04,2.6000000000000014
Spain,Partner->CHN,2002-05,-0.8000000000000025
Spain,Partner->CHN,2002-06,-0.37704258893668907
Spain,Partner->CHN,2002-07,0.06345334875146413
Spain,Partner->CHN,2002-08,0.522215072850253
Spain,Partner->CHN,2002-09,1.0
Spain,Partner->CHN,2002-10,3.4333333333333353
Spain,Partner->CHN,2002-11,2.1999999999999993
Spain,Partner->CHN,2002-12,7.9999999999999964
Spain,Partner->CHN,2003-01,2.8000000000000025
Spain,Partner->CHN,2003-02,2.6737885549937506
Spain,Partner->CHN,2003-03,2.5487314091795703
Spain,Partner->CHN,2003-04,2.5324680921413645
Spain,Partner->CHN,2003-05,2.5162242968925437
Spain,Partner->CHN,2003-06,2.5
Spain,Partner->CHN,2003-07,3.5788979077222898
Spain,Partner->CHN,2003-08,2.6027514429436476
Spain,Partner->CHN,2003-09,1.6919639598062162
Spain,Partner->CHN,2003-10,0.84215927437109
Spain,Partner->CHN,2003-11,4.588359412070595
Spain,Partner->CHN,2003-12,2.786335345030995
Spain,Partner->CHN,2004-01,1.9000000000000004
Spain,Partner->CHN,2004-02,2.9999999999999964
Spain,Partner->CHN,2004-03,2.2009123758613285
Spain,Partner->CHN,2004-04,1.952215508070445
Spain,Partner->CHN,2004-05,1.7082039324993694
Spain,Partner->CHN,2004-06,0.8289443268350478
Spain,Partner->CHN,2004-07,1.7763568394002505e-15
Spain,Partner->CHN,2004-08,2.8000000000000025
Spain,Partner->CHN,2004-09,0.8914966692566644
Spain,Partner->CHN,2004-10,0.31023632177687155
Spain,Partner->CHN,2004-11,2.5657231652658776
Spain,Partner->CHN,2004-12,1.6596026861354467
Spain,Partner->CHN,2005-01,4.566286732079638
Spain,Partner->CHN,2005-02,2.2977602464339597
Spain,Partner->CHN,2005-03,0.3598336337477335
Spain,Partner->CHN,2005-04,-0.11888994918908935
Spain,Partner->CHN,2005-05,3.980621603998875
Spain,Partner->CHN,2005-06,1.0
Spain,Partner->CHN,2005-07,1.7333849145606592
Spain,Partner->CHN,2005-08,6.9999999999999964
Spain,Partner->CHN,2005-09,1.1318683218241379
Spain,Partner->CHN,2005-10,1.650000000000004
Spain,Partner->CHN,2005-11,3.20169175772215
Spain,Partner->CHN,2005-12,6.0
Spain,Partner->CHN,2006-01,-0.15586176094910797
Spain,Partner->CHN,2006-02,0.5199999999999996
Spain,Partner->CHN,2006-03,2.5538320338054206
Spain,Partner->CHN,2006-04,5.599999999999998
Spain,Partner->CHN,2006-05,5.133333333333333
Spain,Partner->CHN,2006-06,0.55956938911587
Spain,Partner->CHN,2006-07,1.9518930791926064
Spain,Partner->CHN,2006-08,2.3069073173963712
Spain,Partner->CHN,2006-09,1.9054711448371648
Spain,Partner->CHN,2006-10,2.849922359499619
Spain,Partner->CHN,2006-11,2.602561843808422
Spain,Partner->CHN,2006-12,2.359619203043504
Spain,Partner->CHN,2007-01,0.500444778795762
Spain,Partner->CHN,2007-02,-1.0999999999999996
Spain,Partner->CHN,2007-03,4.633333333333336
Spain,Partner->CHN,2007-04,2.851820441152727
Spain,Partner->CHN,2007-05,4.666666666666666
Spain,Partner->CHN,2007-06,3.417782254850138
Spain,Partner->CHN,2007-07,1.9000000000000004
Spain,Partner->CHN,2007-08,1.797629204089624
Spain,Partner->CHN,2007-09,1.69607079421454
Spain,Partner->CHN,2007-10,2.236305304859753
Spain,Partner->CHN,2007-11,2.350000000000003
Spain,Partner->CHN,2007-12,0.27004575910096307
Spain,Partner->CHN,2008-01,3.3999999999999986
Spain,Partner->CHN,2008-02,-1.7048399691022027
Spain,Partner->CHN,2008-03,-5.0
Spain,Partner->CHN,2008-04,0.8637363186214735
Spain,Partner->CHN,2008-05,3.4532684773161293
Spain,Partner->CHN,2008-06,2.3561291656678023
Spain,Partner->CHN,2008-07,1.0
Spain,Partner->CHN,2008-08,-1.9999999999999982
Spain,Partner->CHN,2008-09,2.9342831768581643
Spain,Partner->CHN,2008-10,4.216388603226827
Spain,Partner->CHN,2008-11,1.1729958967195664
Spain,Partner->CHN,2008-12,1.1132802193159943
Spain,Partner->CHN,2009-01,1.0538574822993247
Spain,Partner->CHN,2009-02,4.2321421287752905
Spain,Partner->CHN,2009-03,3.174828195210054
Spain,Partner->CHN,2009-04,2.1909059582729196
Spain,Partner->CHN,2009-05,-1.9999999999999982
Spain,Partner->CHN,2009-06,-0.7961388683285779
Spain,Partner->CHN,2009-07,-1.0538815006881386
Spain,Partner->CHN,2009-08,-1.3051137284392542
Spain,Partner->CHN,2009-09,-1.5500000000000007
Spain,Partner->CHN,2009-10,-1.777744310636363
Spain,Partner->CHN,2009-11,-1.9999999999999982
Spain,Partner->CHN,2009-12,-1.0000000000000018
Spain,Partner->CHN,2010-01,-0.14495668606387113
Spain,Partner->CHN,2010-02,0.7831965347429541
Spain,Partner->CHN,2010-03,1.7907108761256882
Spain,Partner->CHN,2010-04,2.8843720576378313
Spain,Partner->CHN,2010-05,1.0
Spain,Partner->CHN,2010-06,2.8000000000000025
Spain,Partner->CHN,2010-07,2.937578355101861
Spain,Partner->CHN,2010-08,3.076528290188694
Spain,Partner->CHN,2010-09,1.4499999999999993
Spain,Partner->CHN,2010-10,1.2229292724780176
Spain,Partner->CHN,2010-11,1.0
Spain,Partner->CHN,2010-12,2.8000000000000025
Spain,Partner->CHN,2011-01,2.6778560476898967
Spain,Partner->CHN,2011-02,2.8000000000000025
Spain,Partner->CHN,2011-03,2.4493499946820947
Spain,Partner->CHN,2011-04,2.1076098028590753
Spain,Partner->CHN,2011-05,1.0
Spain,Partner->CHN,2011-06,-1.9999999999999982
Spain,Partner->CHN,2011-07,-1.6727917045616394
Spain,Partner->CHN,2011-08,-1.3336872681673118
Spain,Partner->CHN,2011-09,-0.9822541890387484
Spain,Partner->CHN,2011-10,-0.6180442411565945
Spain,Partner->CHN,2011-11,-0.24059290258241184
Spain,Partner->CHN,2011-12,0.15058123700351977
Spain,Partner->CHN,2012-01,0.5559770903042889
Spain,Partner->CHN,2012-02,0.9761117087313096
Spain,Partner->CHN,2012-03,1.4115209418639036
Spain,Partner->CHN,2012-04,1.86276012088444
Spain,Partner->CHN,2012-05,2.3304047668607843
Spain,Partner->CHN,2012-06,1.5726706900619938
Spain,Partner->CHN,2012-07,0.24689213780270158
Spain,Partner->CHN,2012-08,-0.9390840754817802
Spain,Partner->CHN,2012-09,-1.9999999999999982
Spain,Partner->CHN,2012-10,-10.0
Spain,Partner->CHN,2012-11,1.7874999999999996
Spain,Partner->CHN,2012-12,-1.9999999999999982
Spain,Partner->CHN,2013-01,-0.8778561465737162
Spain,Partner->CHN,2013-02,0.3841995766061679
Spain,Partner->CHN,2013-03,1.8036117522802453
Spain,Partner->CHN,2013-04,3.3999999999999986
Spain,Partner->CHN,2013-05,3.3999999999999986
Spain,Partner->CHN,2013-06,2.5
Spain,Partner->CHN,2013-07,1.1666666666666696
Spain,Partner->CHN,2013-08,-0.20421943773486184
Spain,Partner->CHN,2013-09,-1.4206401686097152
Spain,Partner->CHN,2013-10,-2.5
Spain,Partner->CHN,2013-11,-1.2520546819773912
Spain,Partner->CHN,2013-12,-1.8622229413108844
Spain,Partner->CHN,2014-01,-2.434197992480833
Spain,Partner->CHN,2014-02,-2.97037052219949
Spain,Partner->CHN,2014-03,-2.659133435851505
Spain,Partner->CHN,2014-04,-2.335832464839079
Spain,Partner->CHN,2014-05,-1.9999999999999982
Spain,Partner->CHN,2014-06,-2.42
Spain,Partner->CHN,2014-07,-3.825043554139161
Spain,Partner->CHN,2014-08,-5.0
Spain,Partner->CHN,2014-09,3.21455994384732
Spain,Partner->CHN,2014-10,1.0
Spain,Partner->CHN,2014-11,1.7763568394002505e-15
Spain,Partner->CHN,2014-12,3.6579443629826827
Spain,Partner->CHN,2015-01,4.949999999999999
Spain,Partner->CHN,2015-02,-1.9999999999999982
Spain,Partner->CHN,2015-03,-0.9135386985615561
Spain,Partner->CHN,2015-04,0.3040779539350318
Spain,Partner->CHN,2015-05,1.700000000000001
Spain,Partner->CHN,2015-06,3.3999999999999986
Spain,Partner->CHN,2015-07,4.183227548902709
Spain,Partner->CHN,2015-08,-3.425985977678356
Spain,Partner->CHN,2015-09,-1.8723412505978256
Spain,Partner->CHN,2015-10,1.7763568394002505e-15
Spain,Partner->CHN,2015-11,2.5
Spain,Partner->CHN,2015-12,1.1740265304785797
Spain,Partner->CHN,2016-01,-0.021709484089154074
Spain,Partner->CHN,2016-02,-1.0999999999999996
Spain,Partner->CHN,2016-03,-9.0
Spain,Partner->CHN,2016-04,2.8000000000000025
Spain,Partner->CHN,2016-05,2.8410692296592384
Spain,Partner->CHN,2016-06,2.8822606826246133
Spain,Partner->CHN,2016-07,2.923574722636504
Spain,Partner->CHN,2016-08,2.0
Spain,Partner->CHN,2016-09,3.3999999999999986
Spain,Partner->CHN,2016-10,2.8768606482079537
Spain,Partner->CHN,2016-11,2.3727264895682296
Spain,Partner->CHN,2016-12,-5.0
Spain,Partner->CHN,2017-01,-1.3386572882041872
Spain,Partner->CHN,2017-02,4.556923832461678
Spain,Partner->CHN,2017-03,1.0890438398968332
Spain,Partner->CHN,2017-04,-5.0
Spain,Partner->CHN,2017-05,3.796742307653277
Spain,Partner->CHN,2017-06,2.5
Spain,Partner->CHN,2017-07,1.4418648119966324
Spain,Partner->CHN,2017-08,-4.999999999999999
Spain,Partner->CHN,2017-09,4.0
Spain,Partner->CHN,2017-10,3.5
Spain,Partner->CHN,2017-11,4.18387302370512
Spain,Partner->CHN,2017-12,4.900000000000004
Spain,Partner->CHN,2018-01,2.2249763704892924
Spain,Partner->CHN,2018-02,1.7763568394002505e-15
Spain,Partner->CHN,2018-03,3.3999999999999986
Spain,Partner->CHN,2018-04,1.7763568394002505e-15
Spain,Partner->CHN,2018-05,2.515485286214469
Spain,Partner->CHN,2018-06,2.999090565108503
Spain,Partner->CHN,2018-07,3.5
Spain,Partner->CHN,2018-08,3.3561342130247986
Spain,Partner->CHN,2018-09,3.2136958305090513
Spain,Partner->CHN,2018-10,3.072670690061994
Spain,Partner->CHN,2018-11,3.3250644450686675
Spain,Partner->CHN,2018-12,2.8000000000000025
Spain,Partner->CHN,2019-01,3.096808149364877
Spain,Partner->CHN,2019-02,3.400000000000004
Spain,Partner->CHN,2019-03,2.8000000000000025
Spain,Partner->CHN,2019-04,2.671347022399269
Spain,Partner->CHN,2019-05,1.6160736416054569
Spain,Partner->CHN,2019-06,0.6422554317167144
Spain,Partner->CHN,2019-07,1.321146208115385
Spain,Partner->CHN,2019-08,2.039624905341121
Spain,Partner->CHN,2019-09,2.8000000000000025
Spain,Partner->CHN,2019-10,2.8000000000000025
Spain,Partner->CHN,2019-11,5.450000000000003
Spain,Partner->CHN,2019-12,3.4823168036056984
Spain,Partner->CHN,2020-01,1.7499999999999964
Spain,Partner->CHN,2020-02,1.0
Spain,Partner->CHN,2020-03,1.9000000000000004
Spain,Partner->CHN,2020-04,1.0
Spain,Partner->CHN,2020-05,0.4999999999999982
Spain,Partner->CHN,2020-06,2.8964064587147558
Spain,Partner->CHN,2020-07,1.0
Spain,Partner->CHN,2020-08,1.7763568394002505e-15
Spain,Partner->CHN,2020-09,2.050122375226403
Spain,Partner->CHN,2020-10,-0.16251406565906557
Spain,Partner->CHN,2020-11,-1.9999999999999982
Spain,Partner->CHN,2020-12,1.0
Spain,Partner->CHN,2021-01,2.9999999999999964
Spain,Partner->CHN,2021-02,1.1138437072997398
Spain,Partner->CHN,2021-03,0.4999999999999982
Spain,Partner->CHN,2021-04,2.724999999999998
Spain,Partner->CHN,2021-05,2.2947649690728955
Spain,Partner->CHN,2021-06,2.0
Spain,Partner->CHN,2021-07,2.7999999999999954
Spain,Partner->CHN,2021-08,3.1943650791432017
Spain,Partner->CHN,2021-09,3.6000000000000014
Spain,Partner->CHN,2021-10,3.5
Spain,Partner->CHN,2021-11,3.6811120913133415
Spain,Partner->CHN,2021-12,7.400000000000002
Spain,Partner->CHN,2022-01,1.0
Spain,Partner->CHN,2022-02,0.6666666666666661
Spain,Partner->CHN,2022-03,0.5006513446631153
Spain,Partner->CHN,2022-04,0.4999999999999982
Spain,Partner->CHN,2022-05,1.7763568394002505e-15
Spain,Partner->CHN,2022-06,1.4959924107666946
Spain,Partner->CHN,2022-07,3.1954387572671585
Spain,Partner->CHN,2022-08,2.051638406238732
Spain,Partner->CHN,2022-09,1.0
Spain,Partner->CHN,2022-10,1.7763568394002505e-15
Spain,Partner->CHN,2022-11,2.25
Spain,Partner->CHN,2022-12,1.0
Spain,Partner->CHN,2023-01,0.3572999066529672
Spain,Partner->CHN,2023-02,-0.2509782358617141
Spain,Partner->CHN,2023-03,2.1803911935344473
Spain,Partner->CHN,2023-04,2.1094488897702224
Thailand,Aggregated,2002-01,3.6016098382325428
Thailand,Aggregated,2002-02,4.0
Thailand,Aggregated,2002-03,3.6000000000000014
Thailand,Aggregated,2002-04,3.2644917793946835
Thailand,Aggregated,2002-05,0.8571428571428594
Thailand,Aggregated,2002-06,3.2068183571175854
Thailand,Aggregated,2002-07,3.3404046275269064
Thailand,Aggregated,2002-08,3.565177612698225
Thailand,Aggregated,2002-09,2.480428616354869
Thailand,Aggregated,2002-10,1.9515277407823302
Thailand,Aggregated,2002-11,2.3971765911845058
Thailand,Aggregated,2002-12,3.801734982055276
Thailand,Aggregated,2003-01,3.065008544898868
Thailand,Aggregated,2003-02,2.068398274250711
Thailand,Aggregated,2003-03,1.7961714510311513
Thailand,Aggregated,2003-04,1.2468892279930657
Thailand,Aggregated,2003-05,1.9266367351883087
Thailand,Aggregated,2003-06,3.142594055904782
Thailand,Aggregated,2003-07,2.052285427783284
Thailand,Aggregated,2003-08,2.821896528855337
Thailand,Aggregated,2003-09,2.0941511536403787
Thailand,Aggregated,2003-10,2.4576729624051783
Thailand,Aggregated,2003-11,2.0939136854513425
Thailand,Aggregated,2003-12,1.8022642558498987
Thailand,Aggregated,2004-01,4.750000000000002
Thailand,Aggregated,2004-02,2.6676928109042475
Thailand,Aggregated,2004-03,2.503167244815188
Thailand,Aggregated,2004-04,2.195807976300168
Thailand,Aggregated,2004-05,1.2863319795273824
Thailand,Aggregated,2004-06,2.6356484569884664
Thailand,Aggregated,2004-07,2.1567495810712884
Thailand,Aggregated,2004-08,0.5499999999999989
Thailand,Aggregated,2004-09,1.7997229701001167
Thailand,Aggregated,2004-10,1.9872021521410659
Thailand,Aggregated,2004-11,2.6012850139271215
Thailand,Aggregated,2004-12,3.6124487476056366
Thailand,Aggregated,2005-01,2.3654842362589275
Thailand,Aggregated,2005-02,3.7853870281222015
Thailand,Aggregated,2005-03,0.916257597961728
Thailand,Aggregated,2005-04,3.4367082483101186
Thailand,Aggregated,2005-05,2.595222691866658
Thailand,Aggregated,2005-06,2.8938398480156557
Thailand,Aggregated,2005-07,2.09991349234806
Thailand,Aggregated,2005-08,2.5444445136953533
Thailand,Aggregated,2005-09,3.2415467683233974
Thailand,Aggregated,2005-10,3.1905058669231394
Thailand,Aggregated,2005-11,1.9977086184482165
Thailand,Aggregated,2005-12,1.9561466851272797
Thailand,Aggregated,2006-01,2.255292839563028
Thailand,Aggregated,2006-02,2.1945019560688266
Thailand,Aggregated,2006-03,2.3752504660159577
Thailand,Aggregated,2006-04,1.920870452162264
Thailand,Aggregated,2006-05,1.6244788273835944
Thailand,Aggregated,2006-06,3.5062973781548
Thailand,Aggregated,2006-07,2.8799999999999972
Thailand,Aggregated,2006-08,6.507808689023481
Thailand,Aggregated,2006-09,1.7270143543859522
Thailand,Aggregated,2006-10,3.4161342452005137
Thailand,Aggregated,2006-11,2.523939128481606
Thailand,Aggregated,2006-12,3.0169654299049
Thailand,Aggregated,2007-01,2.1480313074912
Thailand,Aggregated,2007-02,1.259221421854324
Thailand,Aggregated,2007-03,4.06429426847442
Thailand,Aggregated,2007-04,2.55716881642204
Thailand,Aggregated,2007-05,2.488235045290164
Thailand,Aggregated,2007-06,3.516526917034259
Thailand,Aggregated,2007-07,4.31108038901437
Thailand,Aggregated,2007-08,2.7787824286002962
Thailand,Aggregated,2007-09,3.056497284931927
Thailand,Aggregated,2007-10,3.361901286060018
Thailand,Aggregated,2007-11,3.2758175778932905
Thailand,Aggregated,2007-12,4.70028865575536
Thailand,Aggregated,2008-01,3.4499999999999975
Thailand,Aggregated,2008-02,0.7104001292701874
Thailand,Aggregated,2008-03,1.4023424342538284
Thailand,Aggregated,2008-04,2.7334945445249534
Thailand,Aggregated,2008-05,3.292246947765017
Thailand,Aggregated,2008-06,1.6363878056862529
Thailand,Aggregated,2008-07,2.5184755232151783
Thailand,Aggregated,2008-08,0.08857466569164174
Thailand,Aggregated,2008-09,2.779959839195495
Thailand,Aggregated,2008-10,1.6512447974096371
Thailand,Aggregated,2008-11,-0.6082030530423879
Thailand,Aggregated,2008-12,2.316155159140747
Thailand,Aggregated,2009-01,2.0341366842385114
Thailand,Aggregated,2009-02,2.4846531477520024
Thailand,Aggregated,2009-03,1.8450833274765106
Thailand,Aggregated,2009-04,2.9244561000436793
Thailand,Aggregated,2009-05,2.9069749882543654
Thailand,Aggregated,2009-06,3.2221944274995877
Thailand,Aggregated,2009-07,1.4026899088935387
Thailand,Aggregated,2009-08,0.6721572025886644
Thailand,Aggregated,2009-09,1.4622442475627135
Thailand,Aggregated,2009-10,2.305812198234067
Thailand,Aggregated,2009-11,2.4240718345299275
Thailand,Aggregated,2009-12,1.5796714627016293
Thailand,Aggregated,2010-01,1.193926988512155
Thailand,Aggregated,2010-02,1.5218970412391322
Thailand,Aggregated,2010-03,2.168981210351564
Thailand,Aggregated,2010-04,0.7943179916373619
Thailand,Aggregated,2010-05,-0.7802069783883159
Thailand,Aggregated,2010-06,6.399999999999999
Thailand,Aggregated,2010-07,2.3079894218276706
Thailand,Aggregated,2010-08,2.3524694478993435
Thailand,Aggregated,2010-09,3.0097583589713572
Thailand,Aggregated,2010-10,-0.9663429924058544
Thailand,Aggregated,2010-11,2.49119328056776
Thailand,Aggregated,2010-12,-0.7297477928115281
Thailand,Aggregated,2011-01,1.9758071432074615
Thailand,Aggregated,2011-02,-0.5036249023079815
Thailand,Aggregated,2011-03,3.3292934559049794
Thailand,Aggregated,2011-04,1.2087874589905123
Thailand,Aggregated,2011-05,1.1684827149524484
Thailand,Aggregated,2011-06,-0.33344885237944055
Thailand,Aggregated,2011-07,-1.6499999999999968
Thailand,Aggregated,2011-08,-0.2571436568787657
Thailand,Aggregated,2011-09,-0.1999999999999993
Thailand,Aggregated,2011-10,2.6952626571634024
Thailand,Aggregated,2011-11,5.194538142189156
Thailand,Aggregated,2011-12,1.2403403927708734
Thailand,Aggregated,2012-01,2.1997801580135743
Thailand,Aggregated,2012-02,2.3424135747622508
Thailand,Aggregated,2012-03,1.1205841425432794
Thailand,Aggregated,2012-04,2.4528483048721323
Thailand,Aggregated,2012-05,-0.26493077360491313
Thailand,Aggregated,2012-06,2.980704059301228
Thailand,Aggregated,2012-07,1.8963764617393082
Thailand,Aggregated,2012-08,1.7763568394002505e-15
Thailand,Aggregated,2012-09,2.3980203687266055
Thailand,Aggregated,2012-10,1.0560891477240943
Thailand,Aggregated,2012-11,2.190856856901247
Thailand,Aggregated,2012-12,1.3358386104388185
Thailand,Aggregated,2013-01,-2.200000000000003
Thailand,Aggregated,2013-02,2.9005351219520925
Thailand,Aggregated,2013-03,5.550000000000001
Thailand,Aggregated,2013-04,3.7512595206371557
Thailand,Aggregated,2013-05,1.9860816593917736
Thailand,Aggregated,2013-06,2.3293860072066526
Thailand,Aggregated,2013-07,2.43539289976993
Thailand,Aggregated,2013-08,2.9723467484808044
Thailand,Aggregated,2013-09,4.278757466023707
Thailand,Aggregated,2013-10,2.409690499115989
Thailand,Aggregated,2013-11,1.3425496865179394
Thailand,Aggregated,2013-12,1.4013888904158325
Thailand,Aggregated,2014-01,1.477487653537466
Thailand,Aggregated,2014-02,0.7428016968452837
Thailand,Aggregated,2014-03,-1.9944598054928129
Thailand,Aggregated,2014-04,-2.552528808412582
Thailand,Aggregated,2014-05,-2.155631984958619
Thailand,Aggregated,2014-06,1.3485238925534908
Thailand,Aggregated,2014-07,2.724039602266913
Thailand,Aggregated,2014-08,-0.7775378724806945
Thailand,Aggregated,2014-09,1.5491528032542536
Thailand,Aggregated,2014-10,2.831770925427712
Thailand,Aggregated,2014-11,1.1562091549281046
Thailand,Aggregated,2014-12,3.187276404791776
Thailand,Aggregated,2015-01,4.40136820587249
Thailand,Aggregated,2015-02,2.594395816925294
Thailand,Aggregated,2015-03,2.1700751860872387
Thailand,Aggregated,2015-04,2.7750112299261502
Thailand,Aggregated,2015-05,3.3842624844820577
Thailand,Aggregated,2015-06,1.0828179302030065
Thailand,Aggregated,2015-07,3.31868856412801
Thailand,Aggregated,2015-08,2.7989137411160154
Thailand,Aggregated,2015-09,1.4539055866967256
Thailand,Aggregated,2015-10,3.2998720649191835
Thailand,Aggregated,2015-11,-0.7921904652393419
Thailand,Aggregated,2015-12,0.9751943243507206
Thailand,Aggregated,2016-01,-7.539480627947487
Thailand,Aggregated,2016-02,-10.0
Thailand,Aggregated,2016-03,1.512117307087383
Thailand,Aggregated,2016-04,0.8563745481891214
Thailand,Aggregated,2016-05,2.5773547346463754
Thailand,Aggregated,2016-06,2.6145300148931145
Thailand,Aggregated,2016-07,4.125
Thailand,Aggregated,2016-08,-2.4448573715830246
Thailand,Aggregated,2016-09,0.015521060043298007
Thailand,Aggregated,2016-10,1.8929076718931768
Thailand,Aggregated,2016-11,1.3566083031017548
Thailand,Aggregated,2016-12,3.4643191572642404
Thailand,Aggregated,2017-01,4.599999999999998
Thailand,Aggregated,2017-02,-2.666666666666668
Thailand,Aggregated,2017-03,4.8395757293619095
Thailand,Aggregated,2017-04,4.015719400825597
Thailand,Aggregated,2017-05,3.018291553631247
Thailand,Aggregated,2017-06,-0.9159070411747265
Thailand,Aggregated,2017-07,2.9351979152867873
Thailand,Aggregated,2017-08,2.3997247009356535
Thailand,Aggregated,2017-09,4.825180177879675
Thailand,Aggregated,2017-10,0.8194780550912952
Thailand,Aggregated,2017-11,3.0611465027896454
Thailand,Aggregated,2017-12,1.9000000000000004
Thailand,Aggregated,2018-01,3.606664801252048
Thailand,Aggregated,2018-02,3.182332778840962
Thailand,Aggregated,2018-03,1.9697716428678067
Thailand,Aggregated,2018-04,0.9286494249413426
Thailand,Aggregated,2018-05,2.372354690845441
Thailand,Aggregated,2018-06,0.5856033936905618
Thailand,Aggregated,2018-07,0.6083904272816163
Thailand,Aggregated,2018-08,2.241730436459692
Thailand,Aggregated,2018-09,1.0
Thailand,Aggregated,2018-10,1.780804524920752
Thailand,Aggregated,2018-11,1.686896467399544
Thailand,Aggregated,2018-12,2.987653292577317
Thailand,Aggregated,2019-01,1.0261383460464018
Thailand,Aggregated,2019-02,0.9533600943421732
Thailand,Aggregated,2019-03,2.5971097148196645
Thailand,Aggregated,2019-04,2.7491667967166933
Thailand,Aggregated,2019-05,3.6997298668092338
Thailand,Aggregated,2019-06,1.6789061643090886
Thailand,Aggregated,2019-07,1.4712172500183662
Thailand,Aggregated,2019-08,-0.7481972851246308
Thailand,Aggregated,2019-09,0.21503584497747674
Thailand,Aggregated,2019-10,0.13915439176865618
Thailand,Aggregated,2019-11,1.8077556785183102
Thailand,Aggregated,2019-12,1.3715748279883861
Thailand,Aggregated,2020-01,1.701673266143965
Thailand,Aggregated,2020-02,2.9683276740425892
Thailand,Aggregated,2020-03,0.31525907186400026
Thailand,Aggregated,2020-04,-5.0
Thailand,Aggregated,2020-05,4.0
Thailand,Aggregated,2020-06,-1.304568575623767
Thailand,Aggregated,2020-07,2.2264366426557203
Thailand,Aggregated,2020-08,2.6524063268525886
Thailand,Aggregated,2020-09,1.997939557845946
Thailand,Aggregated,2020-10,1.935018393251342
Thailand,Aggregated,2020-11,5.879999999999999
Thailand,Aggregated,2020-12,-1.3287932126188764
Thailand,Aggregated,2021-01,-1.3287932126188764
Thailand,Aggregated,2021-02,-0.8285714285714274
Thailand,Aggregated,2021-03,1.4020449497070455
Thailand,Aggregated,2021-04,-0.7809853575095271
Thailand,Aggregated,2021-05,7.449999999999999
Thailand,Aggregated,2021-06,1.4866482334086228
Thailand,Aggregated,2021-07,1.6797603104296215
Thailand,Aggregated,2021-08,3.9238598151750743
Thailand,Aggregated,2021-09,6.199999999999999
Thailand,Aggregated,2021-10,3.3999999999999986
Thailand,Aggregated,2021-11,0.6000773397366501
Thailand,Aggregated,2021-12,4.499999999999998
Thailand,Aggregated,2022-01,-1.1999999999999975
Thailand,Aggregated,2022-02,3.7098187847653907
Thailand,Aggregated,2022-03,-0.07864179789351766
Thailand,Aggregated,2022-04,0.9581465381704302
Thailand,Aggregated,2022-05,2.9749999999999996
Thailand,Aggregated,2022-06,4.209969879396617
Thailand,Aggregated,2022-07,1.9874614842904137
Thailand,Aggregated,2022-08,1.8101314220695706
Thailand,Aggregated,2022-09,0.5383423362377631
Thailand,Aggregated,2022-10,-0.17970461254366477
Thailand,Aggregated,2022-11,2.2600886110852283
Thailand,Aggregated,2022-12,1.7262220936410948
Thailand,Aggregated,2023-01,1.3769697790328124
Thailand,Aggregated,2023-02,0.6493685548726962
Thailand,Aggregated,2023-03,1.131213989099214
Thailand,Aggregated,2023-04,1.9640476214934175
Thailand,CHN->Partner,2002-01,3.26294933451981
Thailand,CHN->Partner,2002-02,4.0
Thailand,CHN->Partner,2002-03,1.0
Thailand,CHN->Partner,2002-04,3.6328372370122093
Thailand,CHN->Partner,2002-05,2.7500000000000018
Thailand,CHN->Partner,2002-06,1.7766809578621636
Thailand,CHN->Partner,2002-07,3.445454545454547
Thailand,CHN->Partner,2002-08,2.6000000000000014
Thailand,CHN->Partner,2002-09,2.3598302302663843
Thailand,CHN->Partner,2002-10,1.4568414927717033
Thailand,CHN->Partner,2002-11,2.9749999999999996
Thailand,CHN->Partner,2002-12,7.466666666666669
Thailand,CHN->Partner,2003-01,2.9137191246710543
Thailand,CHN->Partner,2003-02,1.9573299199152974
Thailand,CHN->Partner,2003-03,2.3842925352078694
Thailand,CHN->Partner,2003-04,3.1159453303265714
Thailand,CHN->Partner,2003-05,2.350000000000003
Thailand,CHN->Partner,2003-06,3.5234657998648675
Thailand,CHN->Partner,2003-07,2.679919628479828
Thailand,CHN->Partner,2003-08,3.1281414056933876
Thailand,CHN->Partner,2003-09,2.1510875036596406
Thailand,CHN->Partner,2003-10,2.615103166837631
Thailand,CHN->Partner,2003-11,1.9833102917607786
Thailand,CHN->Partner,2003-12,1.689298978977627
Thailand,CHN->Partner,2004-01,4.999999999999998
Thailand,CHN->Partner,2004-02,1.8034711707360405
Thailand,CHN->Partner,2004-03,2.6379475330122393
Thailand,CHN->Partner,2004-04,2.978320805466682
Thailand,CHN->Partner,2004-05,2.774981361905052
Thailand,CHN->Partner,2004-06,2.244844109883843
Thailand,CHN->Partner,2004-07,2.6581926925673844
Thailand,CHN->Partner,2004-08,2.7666666666666657
Thailand,CHN->Partner,2004-09,2.05018376317736
Thailand,CHN->Partner,2004-10,3.0775086374140432
Thailand,CHN->Partner,2004-11,3.508015564604582
Thailand,CHN->Partner,2004-12,4.730819710897537
Thailand,CHN->Partner,2005-01,5.384008504804637
Thailand,CHN->Partner,2005-02,3.093068659514943
Thailand,CHN->Partner,2005-03,2.3613918500787747
Thailand,CHN->Partner,2005-04,3.9757500304393325
Thailand,CHN->Partner,2005-05,2.9141288984756866
Thailand,CHN->Partner,2005-06,2.9295501477739556
Thailand,CHN->Partner,2005-07,3.377357744028478
Thailand,CHN->Partner,2005-08,2.5112919290619757
Thailand,CHN->Partner,2005-09,4.18277445491967
Thailand,CHN->Partner,2005-10,3.635585728264008
Thailand,CHN->Partner,2005-11,1.9856777186291268
Thailand,CHN->Partner,2005-12,1.5992532384489415
Thailand,CHN->Partner,2006-01,2.6236920512299395
Thailand,CHN->Partner,2006-02,2.239843870456829
Thailand,CHN->Partner,2006-03,2.630037348349884
Thailand,CHN->Partner,2006-04,1.5767329211290342
Thailand,CHN->Partner,2006-05,1.5960707942145387
Thailand,CHN->Partner,2006-06,4.576590795664249
Thailand,CHN->Partner,2006-07,2.599999999999996
Thailand,CHN->Partner,2006-08,6.507808689023481
Thailand,CHN->Partner,2006-09,1.6423718908404528
Thailand,CHN->Partner,2006-10,2.9007548032302406
Thailand,CHN->Partner,2006-11,2.8303090432479934
Thailand,CHN->Partner,2006-12,3.1999999999999993
Thailand,CHN->Partner,2007-01,2.6777626336089604
Thailand,CHN->Partner,2007-02,0.8233943891803186
Thailand,CHN->Partner,2007-03,4.0619876704942275
Thailand,CHN->Partner,2007-04,2.5531630554346236
Thailand,CHN->Partner,2007-05,2.3450657377236706
Thailand,CHN->Partner,2007-06,3.5915089131306903
Thailand,CHN->Partner,2007-07,4.31108038901437
Thailand,CHN->Partner,2007-08,2.7787824286002962
Thailand,CHN->Partner,2007-09,1.5701838731393725
Thailand,CHN->Partner,2007-10,4.875000000000002
Thailand,CHN->Partner,2007-11,3.3045959084715832
Thailand,CHN->Partner,2007-12,5.702715763571298
Thailand,CHN->Partner,2008-01,3.4499999999999975
Thailand,CHN->Partner,2008-02,1.5571428571428605
Thailand,CHN->Partner,2008-03,3.4933970872543796
Thailand,CHN->Partner,2008-04,2.9484186317986545
Thailand,CHN->Partner,2008-05,4.124910070778812
Thailand,CHN->Partner,2008-06,3.1093192420872864
Thailand,CHN->Partner,2008-07,3.046612977335773
Thailand,CHN->Partner,2008-08,0.8975744089685147
Thailand,CHN->Partner,2008-09,2.779959839195495
Thailand,CHN->Partner,2008-10,1.690385577310666
Thailand,CHN->Partner,2008-11,-0.6442099091770697
Thailand,CHN->Partner,2008-12,2.266558685987162
Thailand,CHN->Partner,2009-01,3.9510378126581216
Thailand,CHN->Partner,2009-02,1.185452290275185
Thailand,CHN->Partner,2009-03,2.125299686995344
Thailand,CHN->Partner,2009-04,2.8378272110141634
Thailand,CHN->Partner,2009-05,3.9166666666666643
Thailand,CHN->Partner,2009-06,3.2164168942716618
Thailand,CHN->Partner,2009-07,2.581053581744964
Thailand,CHN->Partner,2009-08,1.6333333333333364
Thailand,CHN->Partner,2009-09,2.1182004529473133
Thailand,CHN->Partner,2009-10,2.6216767644095356
Thailand,CHN->Partner,2009-11,2.9573262137170264
Thailand,CHN->Partner,2009-12,2.291317298861257
Thailand,CHN->Partner,2010-01,0.5730302828309757
Thailand,CHN->Partner,2010-02,1.9000000000000004
Thailand,CHN->Partner,2010-03,2.6978407548257266
Thailand,CHN->Partner,2010-04,1.5120451882923103
Thailand,CHN->Partner,2010-05,1.620000000000001
Thailand,CHN->Partner,2010-06,6.399999999999999
Thailand,CHN->Partner,2010-07,3.148474323473337
Thailand,CHN->Partner,2010-08,2.4449844505224068
Thailand,CHN->Partner,2010-09,3.2824643181530426
Thailand,CHN->Partner,2010-10,0.31298073831313644
Thailand,CHN->Partner,2010-11,2.395633024594856
Thailand,CHN->Partner,2010-12,1.4665066646199243
Thailand,CHN->Partner,2011-01,3.2930119053457716
Thailand,CHN->Partner,2011-02,2.0
Thailand,CHN->Partner,2011-03,2.8000000000000025
Thailand,CHN->Partner,2011-04,2.420881059919706
Thailand,CHN->Partner,2011-05,0.2250000000000032
Thailand,CHN->Partner,2011-06,-1.0611871936332307
Thailand,CHN->Partner,2011-07,-2.1999999999999993
Thailand,CHN->Partner,2011-08,0.9500000000000011
Thailand,CHN->Partner,2011-09,1.0
Thailand,CHN->Partner,2011-10,2.5638079500364785
Thailand,CHN->Partner,2011-11,4.999815606387365
Thailand,CHN->Partner,2011-12,1.2154242058976177
Thailand,CHN->Partner,2012-01,2.424999999999997
Thailand,CHN->Partner,2012-02,2.3424135747622508
Thailand,CHN->Partner,2012-03,3.4499999999999975
Thailand,CHN->Partner,2012-04,2.4610895598941624
Thailand,CHN->Partner,2012-05,1.5059261126311139
Thailand,CHN->Partner,2012-06,3.197531329224214
Thailand,CHN->Partner,2012-07,2.4359200618358425
Thailand,CHN->Partner,2012-08,1.7763568394002505e-15
Thailand,CHN->Partner,2012-09,2.758014652595996
Thailand,CHN->Partner,2012-10,0.9454857540335357
Thailand,CHN->Partner,2012-11,2.441576165970842
Thailand,CHN->Partner,2012-12,1.1703382641996516
Thailand,CHN->Partner,2013-01,3.3999999999999986
Thailand,CHN->Partner,2013-02,2.8848738880996994
Thailand,CHN->Partner,2013-03,6.066666666666663
Thailand,CHN->Partner,2013-04,3.5120524656856134
Thailand,CHN->Partner,2013-05,1.617724689849405
Thailand,CHN->Partner,2013-06,2.0107187894971457
Thailand,CHN->Partner,2013-07,2.6670059627762193
Thailand,CHN->Partner,2013-08,2.5895878266204004
Thailand,CHN->Partner,2013-09,4.183333333333335
Thailand,CHN->Partner,2013-10,2.9436684711356875
Thailand,CHN->Partner,2013-11,2.4902035932746553
Thailand,CHN->Partner,2013-12,1.0560335954192652
Thailand,CHN->Partner,2014-01,1.650000000000004
Thailand,CHN->Partner,2014-02,1.4000000000000004
Thailand,CHN->Partner,2014-03,1.6475294030098997
Thailand,CHN->Partner,2014-04,1.9000000000000004
Thailand,CHN->Partner,2014-05,1.9499999999999975
Thailand,CHN->Partner,2014-06,1.5740596578020103
Thailand,CHN->Partner,2014-07,3.1823165449537214
Thailand,CHN->Partner,2014-08,0.4412378274673241
Thailand,CHN->Partner,2014-09,2.851008130728026
Thailand,CHN->Partner,2014-10,3.1747551871743607
Thailand,CHN->Partner,2014-11,2.0224374873266786
Thailand,CHN->Partner,2014-12,3.3537616055555937
Thailand,CHN->Partner,2015-01,4.3955680028388855
Thailand,CHN->Partner,2015-02,3.1186809374604554
Thailand,CHN->Partner,2015-03,2.4737510022124685
Thailand,CHN->Partner,2015-04,2.9091224831212408
Thailand,CHN->Partner,2015-05,3.420972275924381
Thailand,CHN->Partner,2015-06,3.7629945698638583
Thailand,CHN->Partner,2015-07,2.6784915490125893
Thailand,CHN->Partner,2015-08,1.0
Thailand,CHN->Partner,2015-09,2.918813133190927
Thailand,CHN->Partner,2015-10,3.731546732470232
Thailand,CHN->Partner,2015-11,1.0669597795384096
Thailand,CHN->Partner,2015-12,1.4814875309200843
Thailand,CHN->Partner,2016-01,-7.467085122604836
Thailand,CHN->Partner,2016-02,-10.0
Thailand,CHN->Partner,2016-03,3.7742346141747642
Thailand,CHN->Partner,2016-04,2.010392625148791
Thailand,CHN->Partner,2016-05,2.934033539786988
Thailand,CHN->Partner,2016-06,3.915177660969105
Thailand,CHN->Partner,2016-07,3.3999999999999986
Thailand,CHN->Partner,2016-08,-1.8000000000000007
Thailand,CHN->Partner,2016-09,1.674001835793936
Thailand,CHN->Partner,2016-10,2.0065985970841975
Thailand,CHN->Partner,2016-11,1.2860908923317886
Thailand,CHN->Partner,2016-12,3.5210051032215652
Thailand,CHN->Partner,2017-01,3.3999999999999986
Thailand,CHN->Partner,2017-02,0.4999999999999982
Thailand,CHN->Partner,2017-03,5.059662129964632
Thailand,CHN->Partner,2017-04,3.9490682760247964
Thailand,CHN->Partner,2017-05,2.7548507724479734
Thailand,CHN->Partner,2017-06,0.9394291994370985
Thailand,CHN->Partner,2017-07,1.8205536640578543
Thailand,CHN->Partner,2017-08,4.54663538990482
Thailand,CHN->Partner,2017-09,5.0786016087636305
Thailand,CHN->Partner,2017-10,2.757075511158135
Thailand,CHN->Partner,2017-11,2.724999999999998
Thailand,CHN->Partner,2017-12,3.6249999999999982
Thailand,CHN->Partner,2018-01,3.827943567620302
Thailand,CHN->Partner,2018-02,3.374278452634268
Thailand,CHN->Partner,2018-03,2.389494173083527
Thailand,CHN->Partner,2018-04,3.397188677021118
Thailand,CHN->Partner,2018-05,2.518082818845956
Thailand,CHN->Partner,2018-06,1.6712067873811236
Thailand,CHN->Partner,2018-07,2.6793045870748173
Thailand,CHN->Partner,2018-08,2.1272394477462857
Thailand,CHN->Partner,2018-09,1.0
Thailand,CHN->Partner,2018-10,1.633333333333331
Thailand,CHN->Partner,2018-11,3.108097813500061
Thailand,CHN->Partner,2018-12,3.1300311782799977
Thailand,CHN->Partner,2019-01,0.7661926798802892
Thailand,CHN->Partner,2019-02,4.036809247747852
Thailand,CHN->Partner,2019-03,5.199999999999996
Thailand,CHN->Partner,2019-04,2.4877410610606194
Thailand,CHN->Partner,2019-05,3.780332616710089
Thailand,CHN->Partner,2019-06,2.173960938502436
Thailand,CHN->Partner,2019-07,1.9441960900936497
Thailand,CHN->Partner,2019-08,0.053549165127009246
Thailand,CHN->Partner,2019-09,0.6580030347277805
Thailand,CHN->Partner,2019-10,1.6574156481632514
Thailand,CHN->Partner,2019-11,2.2098434484866782
Thailand,CHN->Partner,2019-12,5.400000000000002
Thailand,CHN->Partner,2020-01,2.1240957363107373
Thailand,CHN->Partner,2020-02,3.2127321847251515
Thailand,CHN->Partner,2020-03,5.788147679659996
Thailand,CHN->Partner,2020-04,4.868907183385378
Thailand,CHN->Partner,2020-05,4.0
Thailand,CHN->Partner,2020-06,1.7499999999999964
Thailand,CHN->Partner,2020-07,1.3621641686208488
Thailand,CHN->Partner,2020-08,4.277225575051659
Thailand,CHN->Partner,2020-09,3.5
Thailand,CHN->Partner,2020-10,3.290363431238479
Thailand,CHN->Partner,2020-11,7.333333333333332
Thailand,CHN->Partner,2020-12,-1.5500000000000007
Thailand,CHN->Partner,2021-01,1.9000000000000004
Thailand,CHN->Partner,2021-02,4.466666666666665
Thailand,CHN->Partner,2021-03,1.9540898994140914
Thailand,CHN->Partner,2021-04,1.4194231913864765
Thailand,CHN->Partner,2021-05,7.9999999999999964
Thailand,CHN->Partner,2021-06,3.1999999999999993
Thailand,CHN->Partner,2021-07,2.9732139211339774
Thailand,CHN->Partner,2021-08,4.9347392603452445
Thailand,CHN->Partner,2021-09,6.199999999999999
Thailand,CHN->Partner,2021-10,3.3999999999999986
Thailand,CHN->Partner,2021-11,0.8760730904598635
Thailand,CHN->Partner,2021-12,6.0
Thailand,CHN->Partner,2022-01,-0.5
Thailand,CHN->Partner,2022-02,4.324575283469837
Thailand,CHN->Partner,2022-03,1.0
Thailand,CHN->Partner,2022-04,0.20741603873661596
Thailand,CHN->Partner,2022-05,3.9749999999999996
Thailand,CHN->Partner,2022-06,4.469939758793235
Thailand,CHN->Partner,2022-07,2.57871145661227
Thailand,CHN->Partner,2022-08,1.6894243934344075
Thailand,CHN->Partner,2022-09,3.4499999999999975
Thailand,CHN->Partner,2022-10,4.399999999999995
Thailand,CHN->Partner,2022-11,3.016621498157713
Thailand,CHN->Partner,2022-12,2.9499999999999993
Thailand,CHN->Partner,2023-01,1.7495971863591038
Thailand,CHN->Partner,2023-02,3.4447149445272984
Thailand,CHN->Partner,2023-03,3.998975480603203
Thailand,CHN->Partner,2023-04,1.9000000000000004
Thailand,Partner->CHN,2002-01,3.911253753517512
Thailand,Partner->CHN,2002-02,4.0
Thailand,Partner->CHN,2002-03,3.6000000000000014
Thailand,Partner->CHN,2002-04,3.2259413841327333
Thailand,Partner->CHN,2002-05,0.8571428571428594
Thailand,Partner->CHN,2002-06,3.9848414515815556
Thailand,Partner->CHN,2002-07,3.200883550657352
Thailand,Partner->CHN,2002-08,3.450020193275803
Thailand,Partner->CHN,2002-09,2.626523850147173
Thailand,Partner->CHN,2002-10,2.879036085629183
Thailand,Partner->CHN,2002-11,2.9769312352352433
Thailand,Partner->CHN,2002-12,1.8671792015461381
Thailand,Partner->CHN,2003-01,3.3201703706146475
Thailand,Partner->CHN,2003-02,2.537419684535534
Thailand,Partner->CHN,2003-03,1.6761820172962594
Thailand,Partner->CHN,2003-04,1.2643299799332883
Thailand,Partner->CHN,2003-05,1.610357132504575
Thailand,Partner->CHN,2003-06,2.755613833618659
Thailand,Partner->CHN,2003-07,1.9380942919360606
Thailand,Partner->CHN,2003-08,2.3102634526544925
Thailand,Partner->CHN,2003-09,2.171152970623753
Thailand,Partner->CHN,2003-10,2.796605139211758
Thailand,Partner->CHN,2003-11,2.6000000000000014
Thailand,Partner->CHN,2003-12,1.9745711608006555
Thailand,Partner->CHN,2004-01,4.0
Thailand,Partner->CHN,2004-02,2.747044756857271
Thailand,Partner->CHN,2004-03,2.10886841629012
Thailand,Partner->CHN,2004-04,1.933223791399934
Thailand,Partner->CHN,2004-05,1.0770229691901285
Thailand,Partner->CHN,2004-06,2.4848151339086755
Thailand,Partner->CHN,2004-07,2.0074340389986585
Thailand,Partner->CHN,2004-08,0.7400000000000002
Thailand,Partner->CHN,2004-09,1.5707262140150977
Thailand,Partner->CHN,2004-10,1.1826837483770891
Thailand,Partner->CHN,2004-11,2.1372954700694713
Thailand,Partner->CHN,2004-12,2.9074877436411377
Thailand,Partner->CHN,2005-01,0.5889656749043244
Thailand,Partner->CHN,2005-02,3.585319053757427
Thailand,Partner->CHN,2005-03,0.6635634730037658
Thailand,Partner->CHN,2005-04,3.314285714285713
Thailand,Partner->CHN,2005-05,2.086595484925992
Thailand,Partner->CHN,2005-06,2.697316090014221
Thailand,Partner->CHN,2005-07,1.7630753442676177
Thailand,Partner->CHN,2005-08,2.992306632857833
Thailand,Partner->CHN,2005-09,3.328772779504442
Thailand,Partner->CHN,2005-10,3.253761633358856
Thailand,Partner->CHN,2005-11,2.3169794426671224
Thailand,Partner->CHN,2005-12,2.2607307394085367
Thailand,Partner->CHN,2006-01,2.7652673352864454
Thailand,Partner->CHN,2006-02,1.666666666666666
Thailand,Partner->CHN,2006-03,2.777082655752947
Thailand,Partner->CHN,2006-04,2.571154138212222
Thailand,Partner->CHN,2006-05,1.6552331014995811
Thailand,Partner->CHN,2006-06,3.2919769015980016
Thailand,Partner->CHN,2006-07,2.5
Thailand,Partner->CHN,2006-08,6.507808689023481
Thailand,Partner->CHN,2006-09,2.126785107312738
Thailand,Partner->CHN,2006-10,3.6948484382071527
Thailand,Partner->CHN,2006-11,2.4282202353136473
Thailand,Partner->CHN,2006-12,1.9000000000000004
Thailand,Partner->CHN,2007-01,1.8997788334789671
Thailand,Partner->CHN,2007-02,2.8199678908480763
Thailand,Partner->CHN,2007-03,3.719459475073487
Thailand,Partner->CHN,2007-04,3.1013986126146484
Thailand,Partner->CHN,2007-05,3.0634887921233993
Thailand,Partner->CHN,2007-06,3.6137024434019906
Thailand,Partner->CHN,2007-07,7.400000000000002
Thailand,Partner->CHN,2007-08,3.5
Thailand,Partner->CHN,2007-09,2.9999999999999964
Thailand,Partner->CHN,2007-10,4.000043357128472
Thailand,Partner->CHN,2007-11,1.9748413233540685
Thailand,Partner->CHN,2007-12,4.779531297469138
Thailand,Partner->CHN,2008-01,3.5
Thailand,Partner->CHN,2008-02,1.5095512275343381
Thailand,Partner->CHN,2008-03,0.6666757579076759
Thailand,Partner->CHN,2008-04,2.5458778830529383
Thailand,Partner->CHN,2008-05,3.0364231392791137
Thailand,Partner->CHN,2008-06,1.2291554998660956
Thailand,Partner->CHN,2008-07,2.2940106939644362
Thailand,Partner->CHN,2008-08,0.14795915914770852
Thailand,Partner->CHN,2008-09,0.9479285677967653
Thailand,Partner->CHN,2008-10,1.8053031970461486
Thailand,Partner->CHN,2008-11,1.9368092477478545
Thailand,Partner->CHN,2008-12,1.6000000000000032
Thailand,Partner->CHN,2009-01,1.8551008825774016
Thailand,Partner->CHN,2009-02,2.8467480054604
Thailand,Partner->CHN,2009-03,1.918504803704705
Thailand,Partner->CHN,2009-04,2.657559534966122
Thailand,Partner->CHN,2009-05,2.6876728064348825
Thailand,Partner->CHN,2009-06,3.1655718833208297
Thailand,Partner->CHN,2009-07,1.0576232863308501
Thailand,Partner->CHN,2009-08,0.9128731361200284
Thailand,Partner->CHN,2009-09,1.235296914416077
Thailand,Partner->CHN,2009-10,1.5664471427987507
Thailand,Partner->CHN,2009-11,2.3875279830899583
Thailand,Partner->CHN,2009-12,2.108998311342569
Thailand,Partner->CHN,2010-01,1.7766988001156978
Thailand,Partner->CHN,2010-02,1.472252686302017
Thailand,Partner->CHN,2010-03,2.332300102545684
Thailand,Partner->CHN,2010-04,0.6666666666666661
Thailand,Partner->CHN,2010-05,-1.2508821543564057
Thailand,Partner->CHN,2010-06,0.41549410629420436
Thailand,Partner->CHN,2010-07,2.3666971467647766
Thailand,Partner->CHN,2010-08,1.3000000000000025
Thailand,Partner->CHN,2010-09,1.8789606213961836
Thailand,Partner->CHN,2010-10,0.23122811275762167
Thailand,Partner->CHN,2010-11,2.624323847869782
Thailand,Partner->CHN,2010-12,-1.185309985039673
Thailand,Partner->CHN,2011-01,1.9758071432074615
Thailand,Partner->CHN,2011-02,-2.33814325879902
Thailand,Partner->CHN,2011-03,3.282558749149821
Thailand,Partner->CHN,2011-04,0.6781605817570124
Thailand,Partner->CHN,2011-05,2.825000000000003
Thailand,Partner->CHN,2011-06,1.3318692824729528
Thailand,Partner->CHN,2011-07,1.7763568394002505e-15
Thailand,Partner->CHN,2011-08,-0.3340659203446297
Thailand,Partner->CHN,2011-09,-0.1999999999999993
Thailand,Partner->CHN,2011-10,2.8461168664623155
Thailand,Partner->CHN,2011-11,5.534535663245819
Thailand,Partner->CHN,2011-12,2.348800407319784
Thailand,Partner->CHN,2012-01,2.1035767521613593
Thailand,Partner->CHN,2012-02,2.3424135747622508
Thailand,Partner->CHN,2012-03,-3.144786128378221
Thailand,Partner->CHN,2012-04,2.465771596357653
Thailand,Partner->CHN,2012-05,-0.9599999999999973
Thailand,Partner->CHN,2012-06,2.8378701473051713
Thailand,Partner->CHN,2012-07,1.9501278598661802
Thailand,Partner->CHN,2012-08,2.0642597961926707
Thailand,Partner->CHN,2012-09,2.1793975989500254
Thailand,Partner->CHN,2012-10,3.227314338711377
Thailand,Partner->CHN,2012-11,2.630860320274751
Thailand,Partner->CHN,2012-12,1.9893679870873964
Thailand,Partner->CHN,2013-01,-5.0
Thailand,Partner->CHN,2013-02,2.9110044430799515
Thailand,Partner->CHN,2013-03,6.266666666666669
Thailand,Partner->CHN,2013-04,4.436096459442181
Thailand,Partner->CHN,2013-05,2.0652922433164953
Thailand,Partner->CHN,2013-06,3.12247215551319
Thailand,Partner->CHN,2013-07,2.031323295119835
Thailand,Partner->CHN,2013-08,3.3546607252856653
Thailand,Partner->CHN,2013-09,3.4613081446662832
Thailand,Partner->CHN,2013-10,2.3416455826125393
Thailand,Partner->CHN,2013-11,1.7555795468471427
Thailand,Partner->CHN,2013-12,3.1552138716217755
Thailand,Partner->CHN,2014-01,0.9500000000000011
Thailand,Partner->CHN,2014-02,0.7857142857142847
Thailand,Partner->CHN,2014-03,-1.9944598054928129
Thailand,Partner->CHN,2014-04,-2.399999999999997
Thailand,Partner->CHN,2014-05,-3.36118653362844
Thailand,Partner->CHN,2014-06,1.6385753337686868
Thailand,Partner->CHN,2014-07,2.6666590172562223
Thailand,Partner->CHN,2014-08,-0.7696194339617346
Thailand,Partner->CHN,2014-09,1.7745715997865439
Thailand,Partner->CHN,2014-10,2.8483076241123797
Thailand,Partner->CHN,2014-11,1.5052363260389505
Thailand,Partner->CHN,2014-12,3.017389355291579
Thailand,Partner->CHN,2015-01,4.637529215270554
Thailand,Partner->CHN,2015-02,2.817939868914941
Thailand,Partner->CHN,2015-03,2.1224175610207663
Thailand,Partner->CHN,2015-04,2.7952240285348964
Thailand,Partner->CHN,2015-05,3.2740303852823462
Thailand,Partner->CHN,2015-06,-0.8287932126188746
Thailand,Partner->CHN,2015-07,4.021646818962113
Thailand,Partner->CHN,2015-08,2.6999999999999993
Thailand,Partner->CHN,2015-09,0.9802262376028974
Thailand,Partner->CHN,2015-10,3.605050556660254
Thailand,Partner->CHN,2015-11,-0.6487045931716615
Thailand,Partner->CHN,2015-12,1.3818946851451717
Thailand,Partner->CHN,2016-01,1.196272053501536
Thailand,Partner->CHN,2016-02,1.013432175406889
Thailand,Partner->CHN,2016-03,0.8333333333333339
Thailand,Partner->CHN,2016-04,1.9000000000000004
Thailand,Partner->CHN,2016-05,2.624893680194207
Thailand,Partner->CHN,2016-06,2.4712469471385248
Thailand,Partner->CHN,2016-07,4.366666666666667
Thailand,Partner->CHN,2016-08,-4.285582383405094
Thailand,Partner->CHN,2016-09,0.0032463944821170543
Thailand,Partner->CHN,2016-10,1.3918341521912225
Thailand,Partner->CHN,2016-11,2.142487109357532
Thailand,Partner->CHN,2016-12,3.6236752750465477
Thailand,Partner->CHN,2017-01,4.999999999999998
Thailand,Partner->CHN,2017-02,-4.000000000000001
Thailand,Partner->CHN,2017-03,4.880000000000001
Thailand,Partner->CHN,2017-04,4.025
Thailand,Partner->CHN,2017-05,3.1025723443166005
Thailand,Partner->CHN,2017-06,-0.4833475173603503
Thailand,Partner->CHN,2017-07,4.409136533225663
Thailand,Partner->CHN,2017-08,1.9535664969789988
Thailand,Partner->CHN,2017-09,4.934040751397465
Thailand,Partner->CHN,2017-10,0.50189052237317
Thailand,Partner->CHN,2017-11,4.176624756140555
Thailand,Partner->CHN,2017-12,1.625
Thailand,Partner->CHN,2018-01,3.449950385359349
Thailand,Partner->CHN,2018-02,2.795324478009878
Thailand,Partner->CHN,2018-03,1.666666666666666
Thailand,Partner->CHN,2018-04,0.2517071031658116
Thailand,Partner->CHN,2018-05,2.5259332675355903
Thailand,Partner->CHN,2018-06,0.5856033936905618
Thailand,Partner->CHN,2018-07,-0.31703063225449846
Thailand,Partner->CHN,2018-08,2.4682380267588844
Thailand,Partner->CHN,2018-09,1.0
Thailand,Partner->CHN,2018-10,2.8000000000000025
Thailand,Partner->CHN,2018-11,1.4390907285990036
Thailand,Partner->CHN,2018-12,3.6273143387113773
Thailand,Partner->CHN,2019-01,1.488490880206733
Thailand,Partner->CHN,2019-02,-0.5200000000000014
Thailand,Partner->CHN,2019-03,2.5567281727838136
Thailand,Partner->CHN,2019-04,2.2747113799891103
Thailand,Partner->CHN,2019-05,3.9608030271023758
Thailand,Partner->CHN,2019-06,1.2813704528195533
Thailand,Partner->CHN,2019-07,1.729987923417017
Thailand,Partner->CHN,2019-08,0.6089740451843859
Thailand,Partner->CHN,2019-09,2.6564905993978503
Thailand,Partner->CHN,2019-10,0.04835569908585491
Thailand,Partner->CHN,2019-11,1.658536794895758
Thailand,Partner->CHN,2019-12,1.2000033029434043
Thailand,Partner->CHN,2020-01,1.2666666666666693
Thailand,Partner->CHN,2020-02,2.3872800122988806
Thailand,Partner->CHN,2020-03,-3.333333333333332
Thailand,Partner->CHN,2020-04,-5.0
Thailand,Partner->CHN,2020-05,4.0
Thailand,Partner->CHN,2020-06,-1.7505102572168205
Thailand,Partner->CHN,2020-07,2.401462272217339
Thailand,Partner->CHN,2020-08,2.5028875922231055
Thailand,Partner->CHN,2020-09,1.3292124490252295
Thailand,Partner->CHN,2020-10,1.0279438589131047
Thailand,Partner->CHN,2020-11,5.879999999999999
Thailand,Partner->CHN,2020-12,2.8000000000000025
Thailand,Partner->CHN,2021-01,-1.0999999999999996
Thailand,Partner->CHN,2021-02,-2.639999999999999
Thailand,Partner->CHN,2021-03,2.271428571428574
Thailand,Partner->CHN,2021-04,-0.9200000000000017
Thailand,Partner->CHN,2021-05,7.449999999999999
Thailand,Partner->CHN,2021-06,0.8499999999999996
Thailand,Partner->CHN,2021-07,2.7052193703158043
Thailand,Partner->CHN,2021-08,2.277541477915788
Thailand,Partner->CHN,2021-09,6.0
Thailand,Partner->CHN,2021-10,3.3999999999999986
Thailand,Partner->CHN,2021-11,1.2327184683370191
Thailand,Partner->CHN,2021-12,4.499999999999998
Thailand,Partner->CHN,2022-01,-0.9999999999999982
Thailand,Partner->CHN,2022-02,3.5513309372150985
Thailand,Partner->CHN,2022-03,2.467970017220722
Thailand,Partner->CHN,2022-04,2.952801830441093
Thailand,Partner->CHN,2022-05,2.280000000000003
Thailand,Partner->CHN,2022-06,3.950000000000001
Thailand,Partner->CHN,2022-07,0.8542668527822297
Thailand,Partner->CHN,2022-08,1.8911654200771313
Thailand,Partner->CHN,2022-09,-0.6049766447710656
Thailand,Partner->CHN,2022-10,-2.886681061898921
Thailand,Partner->CHN,2022-11,2.121165064404689
Thailand,Partner->CHN,2022-12,1.3620776107924861
Thailand,Partner->CHN,2023-01,0.9943040883332834
Thailand,Partner->CHN,2023-02,-0.025882149173366287
Thailand,Partner->CHN,2023-03,0.23262895763135738
Thailand,Partner->CHN,2023-04,1.9801091515904865
United Arab Emirates,Aggregated,2002-01,4.0
United Arab Emirates,Aggregated,2002-02,3.3999999999999986
United Arab Emirates,Aggregated,2002-03,2.736965429904897
United Arab Emirates,Aggregated,2002-04,2.867083883985341
United Arab Emirates,Aggregated,2002-05,2.998434838225929
United Arab Emirates,Aggregated,2002-06,3.1310299670402255
United Arab Emirates,Aggregated,2002-07,3.264881055423464
United Arab Emirates,Aggregated,2002-08,3.3999999999999986
United Arab Emirates,Aggregated,2002-09,1.5857061780418178
United Arab Emirates,Aggregated,2002-10,1.7763568394002505e-15
United Arab Emirates,Aggregated,2002-11,0.7039484409659185
United Arab Emirates,Aggregated,2002-12,1.4529462826171446
United Arab Emirates,Aggregated,2003-01,2.249876475442658
United Arab Emirates,Aggregated,2003-02,3.097806465249832
United Arab Emirates,Aggregated,2003-03,4.0
United Arab Emirates,Aggregated,2003-04,1.5499003980111326
United Arab Emirates,Aggregated,2003-05,-0.5
United Arab Emirates,Aggregated,2003-06,1.7763568394002505e-15
United Arab Emirates,Aggregated,2003-07,0.9207743892800959
United Arab Emirates,Aggregated,2003-08,1.9186238218287546
United Arab Emirates,Aggregated,2003-09,2.9999999999999964
United Arab Emirates,Aggregated,2003-10,2.4484472525865435
United Arab Emirates,Aggregated,2003-11,1.9186238218287546
United Arab Emirates,Aggregated,2003-12,1.4096736459908588
United Arab Emirates,Aggregated,2004-01,0.9207743892800959
United Arab Emirates,Aggregated,2004-02,0.4511361131584266
United Arab Emirates,Aggregated,2004-03,1.7763568394002505e-15
United Arab Emirates,Aggregated,2004-04,3.939549212006373
United Arab Emirates,Aggregated,2004-05,3.3999999999999986
United Arab Emirates,Aggregated,2004-06,-2.9482521188006228
United Arab Emirates,Aggregated,2004-07,-1.6414662455570959
United Arab Emirates,Aggregated,2004-08,-0.12259110378390758
United Arab Emirates,Aggregated,2004-09,1.6427950574319645
United Arab Emirates,Aggregated,2004-10,3.6947005844222307
United Arab Emirates,Aggregated,2004-11,3.3155344715378554
United Arab Emirates,Aggregated,2004-12,1.7763568394002505e-15
United Arab Emirates,Aggregated,2005-01,1.515075145224296
United Arab Emirates,Aggregated,2005-02,3.238827808237364
United Arab Emirates,Aggregated,2005-03,5.199999999999996
United Arab Emirates,Aggregated,2005-04,1.7763568394002505e-15
United Arab Emirates,Aggregated,2005-05,1.6006778953150356
United Arab Emirates,Aggregated,2005-06,3.43428031104372
United Arab Emirates,Aggregated,2005-07,3.2880436571402267
United Arab Emirates,Aggregated,2005-08,3.143288556766535
United Arab Emirates,Aggregated,2005-09,2.9999999999999964
United Arab Emirates,Aggregated,2005-10,4.107970217798382
United Arab Emirates,Aggregated,2005-11,3.2626393799621276
United Arab Emirates,Aggregated,2005-12,2.464607035245427
United Arab Emirates,Aggregated,2006-01,1.711226708030388
United Arab Emirates,Aggregated,2006-02,1.0
United Arab Emirates,Aggregated,2006-03,-0.607695154586736
United Arab Emirates,Aggregated,2006-04,-1.9999999999999982
United Arab Emirates,Aggregated,2006-05,3.9144928041493134
United Arab Emirates,Aggregated,2006-06,5.384775569860196
United Arab Emirates,Aggregated,2006-07,6.9999999999999964
United Arab Emirates,Aggregated,2006-08,3.3999999999999986
United Arab Emirates,Aggregated,2006-09,-0.4447358241918469
United Arab Emirates,Aggregated,2006-10,1.6106335714788997
United Arab Emirates,Aggregated,2006-11,4.066233911851368
United Arab Emirates,Aggregated,2006-12,6.9999999999999964
United Arab Emirates,Aggregated,2007-01,2.585948730007953
United Arab Emirates,Aggregated,2007-02,2.8385227447542896
United Arab Emirates,Aggregated,2007-03,3.0957923191698704
United Arab Emirates,Aggregated,2007-04,3.3578447475895103
United Arab Emirates,Aggregated,2007-05,1.3321563684914448
United Arab Emirates,Aggregated,2007-06,1.957659000354159
United Arab Emirates,Aggregated,2007-07,2.6148879200432944
United Arab Emirates,Aggregated,2007-08,3.3054523251672556
United Arab Emirates,Aggregated,2007-09,4.031043033880698
United Arab Emirates,Aggregated,2007-10,5.899402878318902
United Arab Emirates,Aggregated,2007-11,7.9999999999999964
United Arab Emirates,Aggregated,2007-12,6.788276895234365
United Arab Emirates,Aggregated,2008-01,5.65383131060678
United Arab Emirates,Aggregated,2008-02,4.591734879978805
United Arab Emirates,Aggregated,2008-03,3.5973735432708853
United Arab Emirates,Aggregated,2008-04,1.7029557496434862
United Arab Emirates,Aggregated,2008-05,1.5181811916545822
United Arab Emirates,Aggregated,2008-06,5.199999999999996
United Arab Emirates,Aggregated,2008-07,3.675640792782211
United Arab Emirates,Aggregated,2008-08,2.2947180665909457
United Arab Emirates,Aggregated,2008-09,7.400000000000002
United Arab Emirates,Aggregated,2008-10,4.818145273212915
United Arab Emirates,Aggregated,2008-11,2.598571732851532
United Arab Emirates,Aggregated,2008-12,3.022459732557124
United Arab Emirates,Aggregated,2009-01,3.5
United Arab Emirates,Aggregated,2009-02,5.155494421403507
United Arab Emirates,Aggregated,2009-03,6.9999999999999964
United Arab Emirates,Aggregated,2009-04,6.138087282565181
United Arab Emirates,Aggregated,2009-05,5.317446428045699
United Arab Emirates,Aggregated,2009-06,4.536101172912707
United Arab Emirates,Aggregated,2009-07,3.792169885118968
United Arab Emirates,Aggregated,2009-08,3.083861032761172
United Arab Emirates,Aggregated,2009-09,4.0
United Arab Emirates,Aggregated,2009-10,5.881943016134134
United Arab Emirates,Aggregated,2009-11,7.9999999999999964
United Arab Emirates,Aggregated,2009-12,6.392972099739964
United Arab Emirates,Aggregated,2010-01,4.92186728749121
United Arab Emirates,Aggregated,2010-02,3.5751891319524844
United Arab Emirates,Aggregated,2010-03,2.3424135747622508
United Arab Emirates,Aggregated,2010-04,2.97684015982332
United Arab Emirates,Aggregated,2010-05,3.6414334826771313
United Arab Emirates,Aggregated,2010-06,-1.125399536560053
United Arab Emirates,Aggregated,2010-07,-6.101020514433644
United Arab Emirates,Aggregated,2010-08,1.171206787381129
United Arab Emirates,Aggregated,2010-09,1.83934968989964
United Arab Emirates,Aggregated,2010-10,2.54417054440634
United Arab Emirates,Aggregated,2010-11,1.6534170443065275
United Arab Emirates,Aggregated,2010-12,1.8207247116664202
United Arab Emirates,Aggregated,2011-01,1.9902445763686956
United Arab Emirates,Aggregated,2011-02,2.162005888818653
United Arab Emirates,Aggregated,2011-03,3.050981756883745
United Arab Emirates,Aggregated,2011-04,4.0
United Arab Emirates,Aggregated,2011-05,-5.0
United Arab Emirates,Aggregated,2011-06,4.0
United Arab Emirates,Aggregated,2011-07,2.1958956976730892
United Arab Emirates,Aggregated,2011-08,2.3429361617760023
United Arab Emirates,Aggregated,2011-09,2.491615082151906
United Arab Emirates,Aggregated,2011-10,2.641950715945022
United Arab Emirates,Aggregated,2011-11,2.7939615237369733
United Arab Emirates,Aggregated,2011-12,2.9476661718136974
United Arab Emirates,Aggregated,2012-01,3.1030835344575696
United Arab Emirates,Aggregated,2012-02,1.8541630691949322
United Arab Emirates,Aggregated,2012-03,0.7158426953761801
United Arab Emirates,Aggregated,2012-04,1.0244634117227474
United Arab Emirates,Aggregated,2012-05,1.3412138673492606
United Arab Emirates,Aggregated,2012-06,1.6663082172273693
United Arab Emirates,Aggregated,2012-07,1.9999662576353288
United Arab Emirates,Aggregated,2012-08,2.3424135747622508
United Arab Emirates,Aggregated,2012-09,2.3219750921611055
United Arab Emirates,Aggregated,2012-10,2.301567918106107
United Arab Emirates,Aggregated,2012-11,2.2811920046374663
United Arab Emirates,Aggregated,2012-12,2.2608473038688803
United Arab Emirates,Aggregated,2013-01,2.240533767987394
United Arab Emirates,Aggregated,2013-02,2.2202513492532994
United Arab Emirates,Aggregated,2013-03,2.1999999999999993
United Arab Emirates,Aggregated,2013-04,4.41427909439815
United Arab Emirates,Aggregated,2013-05,6.9999999999999964
United Arab Emirates,Aggregated,2013-06,6.9999999999999964
United Arab Emirates,Aggregated,2013-07,6.9999999999999964
United Arab Emirates,Aggregated,2013-08,6.9999999999999964
United Arab Emirates,Aggregated,2013-09,6.9999999999999964
United Arab Emirates,Aggregated,2013-10,6.9999999999999964
United Arab Emirates,Aggregated,2013-11,6.9999999999999964
United Arab Emirates,Aggregated,2013-12,6.9999999999999964
United Arab Emirates,Aggregated,2014-01,6.9999999999999964
United Arab Emirates,Aggregated,2014-02,5.431676725154979
United Arab Emirates,Aggregated,2014-03,3.3742595711883503
United Arab Emirates,Aggregated,2014-04,1.5744524844253895
United Arab Emirates,Aggregated,2014-05,1.7763568394002505e-15
United Arab Emirates,Aggregated,2014-06,0.5050272853859088
United Arab Emirates,Aggregated,2014-07,1.0332411670431156
United Arab Emirates,Aggregated,2014-08,1.5857061780418178
United Arab Emirates,Aggregated,2014-09,2.1635357258382815
United Arab Emirates,Aggregated,2014-10,2.767894336174697
United Arab Emirates,Aggregated,2014-11,3.3999999999999986
United Arab Emirates,Aggregated,2014-12,2.8611238893740634
United Arab Emirates,Aggregated,2015-01,2.3424135747622508
United Arab Emirates,Aggregated,2015-02,2.8333296481850425
United Arab Emirates,Aggregated,2015-03,3.1627426686600195
United Arab Emirates,Aggregated,2015-04,3.5
United Arab Emirates,Aggregated,2015-05,1.5901811174387053
United Arab Emirates,Aggregated,2015-06,1.3321563684914377
United Arab Emirates,Aggregated,2015-07,1.6802193153912643
United Arab Emirates,Aggregated,2015-08,2.038105995577027
United Arab Emirates,Aggregated,2015-09,2.406093674228874
United Arab Emirates,Aggregated,2015-10,2.7844674420631215
United Arab Emirates,Aggregated,2015-11,3.1735204362002776
United Arab Emirates,Aggregated,2015-12,3.573554067266876
United Arab Emirates,Aggregated,2016-01,3.8709509512491636
United Arab Emirates,Aggregated,2016-02,4.174416698474696
United Arab Emirates,Aggregated,2016-03,4.484075153889581
United Arab Emirates,Aggregated,2016-04,4.800052689695843
United Arab Emirates,Aggregated,2016-05,5.1224782569241825
United Arab Emirates,Aggregated,2016-06,5.451483438059153
United Arab Emirates,Aggregated,2016-07,5.787202500738179
United Arab Emirates,Aggregated,2016-08,6.129772452546472
United Arab Emirates,Aggregated,2016-09,6.479333096930066
United Arab Emirates,Aggregated,2016-10,6.8360270902498605
United Arab Emirates,Aggregated,2016-11,7.199999999999992
United Arab Emirates,Aggregated,2016-12,3.149204924659193
United Arab Emirates,Aggregated,2017-01,1.7763568394002505e-15
United Arab Emirates,Aggregated,2017-02,1.0
United Arab Emirates,Aggregated,2017-03,2.416407864998739
United Arab Emirates,Aggregated,2017-04,4.0
United Arab Emirates,Aggregated,2017-05,1.264359797733082
United Arab Emirates,Aggregated,2017-06,-3.2155906049223972
United Arab Emirates,Aggregated,2017-07,4.326708522153263
United Arab Emirates,Aggregated,2017-08,7.9999999999999964
United Arab Emirates,Aggregated,2017-09,6.128212666706464
United Arab Emirates,Aggregated,2017-10,6.9999999999999964
United Arab Emirates,Aggregated,2017-11,5.155494421403507
United Arab Emirates,Aggregated,2017-12,3.5
United Arab Emirates,Aggregated,2018-01,2.1909059582729196
United Arab Emirates,Aggregated,2018-02,1.0
United Arab Emirates,Aggregated,2018-03,1.92572305351292
United Arab Emirates,Aggregated,2018-04,2.5
United Arab Emirates,Aggregated,2018-05,2.6322912158872445
United Arab Emirates,Aggregated,2018-06,2.7658787996115883
United Arab Emirates,Aggregated,2018-07,2.900775454734333
United Arab Emirates,Aggregated,2018-08,3.5
United Arab Emirates,Aggregated,2018-09,2.3424135747622508
United Arab Emirates,Aggregated,2018-10,1.7480482017158696
United Arab Emirates,Aggregated,2018-11,3.959892856715946
United Arab Emirates,Aggregated,2018-12,6.399999999999999
United Arab Emirates,Aggregated,2019-01,1.8297084310253506
United Arab Emirates,Aggregated,2019-02,2.3643190657104185
United Arab Emirates,Aggregated,2019-03,2.921206787381127
United Arab Emirates,Aggregated,2019-04,1.9625701597453418
United Arab Emirates,Aggregated,2019-05,-1.9999999999999982
United Arab Emirates,Aggregated,2019-06,0.11795056027566275
United Arab Emirates,Aggregated,2019-07,2.734313851192656
United Arab Emirates,Aggregated,2019-08,-1.9999999999999982
United Arab Emirates,Aggregated,2019-09,6.214344996220667
United Arab Emirates,Aggregated,2019-10,2.3424135747622508
United Arab Emirates,Aggregated,2019-11,1.9933491963805672
United Arab Emirates,Aggregated,2019-12,1.6534170443065328
United Arab Emirates,Aggregated,2020-01,1.3223782011297782
United Arab Emirates,Aggregated,2020-02,1.0
United Arab Emirates,Aggregated,2020-03,1.345039489608773
United Arab Emirates,Aggregated,2020-04,1.700000000000001
United Arab Emirates,Aggregated,2020-05,4.533834040570927
United Arab Emirates,Aggregated,2020-06,7.9999999999999964
United Arab Emirates,Aggregated,2020-07,6.9999999999999964
United Arab Emirates,Aggregated,2020-08,7.9999999999999964
United Arab Emirates,Aggregated,2020-09,5.316362168472594
United Arab Emirates,Aggregated,2020-10,3.0117723375138805
United Arab Emirates,Aggregated,2020-11,3.107836805446812
United Arab Emirates,Aggregated,2020-12,3.204559889704427
United Arab Emirates,Aggregated,2021-01,3.301946105748815
United Arab Emirates,Aggregated,2021-02,3.3999999999999986
United Arab Emirates,Aggregated,2021-03,2.6165523476065307
United Arab Emirates,Aggregated,2021-04,3.2976710001091725
United Arab Emirates,Aggregated,2021-05,4.012860143213533
United Arab Emirates,Aggregated,2021-06,2.9986720576261128
United Arab Emirates,Aggregated,2021-07,2.0529970643565836
United Arab Emirates,Aggregated,2021-08,1.171206787381129
United Arab Emirates,Aggregated,2021-09,1.6302322457711949
United Arab Emirates,Aggregated,2021-10,2.0511603445488102
United Arab Emirates,Aggregated,2021-11,2.486116725696288
United Arab Emirates,Aggregated,2021-12,2.9355689101674862
United Arab Emirates,Aggregated,2022-01,3.3999999999999986
United Arab Emirates,Aggregated,2022-02,1.8333333333333321
United Arab Emirates,Aggregated,2022-03,1.8554941113620753
United Arab Emirates,Aggregated,2022-04,2.4296122223005803
United Arab Emirates,Aggregated,2022-05,3.0293700793625966
United Arab Emirates,Aggregated,2022-06,1.2343350770875734
United Arab Emirates,Aggregated,2022-07,1.5617351394413799
United Arab Emirates,Aggregated,2022-08,3.3999999999999986
United Arab Emirates,Aggregated,2022-09,3.3999999999999986
United Arab Emirates,Aggregated,2022-10,3.3999999999999986
United Arab Emirates,Aggregated,2022-11,3.3999999999999986
United Arab Emirates,Aggregated,2022-12,2.8031581956156266
United Arab Emirates,Aggregated,2023-01,2.5708306777357084
United Arab Emirates,Aggregated,2023-02,2.3424135747622508
United Arab Emirates,Aggregated,2023-03,4.387013451264949
United Arab Emirates,Aggregated,2023-04,4.387013451264949
United Arab Emirates,CHN->Partner,2002-01,4.0
United Arab Emirates,CHN->Partner,2002-02,3.3999999999999986
United Arab Emirates,CHN->Partner,2002-03,2.5599999999999987
United Arab Emirates,CHN->Partner,2002-04,2.160690892927457
United Arab Emirates,CHN->Partner,2002-05,1.7731404704412785
United Arab Emirates,CHN->Partner,2002-06,1.3970024678038122
United Arab Emirates,CHN->Partner,2002-07,1.0319408169339823
United Arab Emirates,CHN->Partner,2002-08,0.6776293461405043
United Arab Emirates,CHN->Partner,2002-09,0.33375148869717997
United Arab Emirates,CHN->Partner,2002-10,1.7763568394002505e-15
United Arab Emirates,CHN->Partner,2002-11,0.7039484409659185
United Arab Emirates,CHN->Partner,2002-12,1.4529462826171446
United Arab Emirates,CHN->Partner,2003-01,2.249876475442658
United Arab Emirates,CHN->Partner,2003-02,3.097806465249832
United Arab Emirates,CHN->Partner,2003-03,4.0
United Arab Emirates,CHN->Partner,2003-04,2.526696144976201
United Arab Emirates,CHN->Partner,2003-05,1.1981005732342727
United Arab Emirates,CHN->Partner,2003-06,1.7763568394002505e-15
United Arab Emirates,CHN->Partner,2003-07,0.9207743892800959
United Arab Emirates,CHN->Partner,2003-08,1.9186238218287546
United Arab Emirates,CHN->Partner,2003-09,2.9999999999999964
United Arab Emirates,CHN->Partner,2003-10,3.0822602964626284
United Arab Emirates,CHN->Partner,2003-11,3.1650039326662682
United Arab Emirates,CHN->Partner,2003-12,3.2482337485873742
United Arab Emirates,CHN->Partner,2004-01,3.33195260088935
United Arab Emirates,CHN->Partner,2004-02,3.416163363020603
United Arab Emirates,CHN->Partner,2004-03,3.5008689253131617
United Arab Emirates,CHN->Partner,2004-04,3.5860721950818775
United Arab Emirates,CHN->Partner,2004-05,3.5429724206809663
United Arab Emirates,CHN->Partner,2004-06,3.5
United Arab Emirates,CHN->Partner,2004-07,3.5808097575965103
United Arab Emirates,CHN->Partner,2004-08,3.6620698749808067
United Arab Emirates,CHN->Partner,2004-09,3.743782862047034
United Arab Emirates,CHN->Partner,2004-10,3.8259512426772133
United Arab Emirates,CHN->Partner,2004-11,3.108650414225739
United Arab Emirates,CHN->Partner,2004-12,3.9945083615918975
United Arab Emirates,CHN->Partner,2005-01,4.935987809234273
United Arab Emirates,CHN->Partner,2005-02,5.936581135701999
United Arab Emirates,CHN->Partner,2005-03,6.9999999999999964
United Arab Emirates,CHN->Partner,2005-04,5.741070590010061
United Arab Emirates,CHN->Partner,2005-05,4.570191361094446
United Arab Emirates,CHN->Partner,2005-06,3.481204037558168
United Arab Emirates,CHN->Partner,2005-07,3.318992459001308
United Arab Emirates,CHN->Partner,2005-08,3.1585978976033626
United Arab Emirates,CHN->Partner,2005-09,2.9999999999999964
United Arab Emirates,CHN->Partner,2005-10,1.4096736459908588
United Arab Emirates,CHN->Partner,2005-11,1.3059623441137127
United Arab Emirates,CHN->Partner,2005-12,1.2031177881675124
United Arab Emirates,CHN->Partner,2006-01,1.1011327345009363
United Arab Emirates,CHN->Partner,2006-02,1.0
United Arab Emirates,CHN->Partner,2006-03,-0.607695154586736
United Arab Emirates,CHN->Partner,2006-04,-1.9999999999999982
United Arab Emirates,CHN->Partner,2006-05,4.3492169882105465
United Arab Emirates,CHN->Partner,2006-06,5.621850251635344
United Arab Emirates,CHN->Partner,2006-07,6.9999999999999964
United Arab Emirates,CHN->Partner,2006-08,3.3999999999999986
United Arab Emirates,CHN->Partner,2006-09,-0.4447358241918469
United Arab Emirates,CHN->Partner,2006-10,1.6106335714788997
United Arab Emirates,CHN->Partner,2006-11,4.066233911851368
United Arab Emirates,CHN->Partner,2006-12,6.9999999999999964
United Arab Emirates,CHN->Partner,2007-01,3.8037715940495946
United Arab Emirates,CHN->Partner,2007-02,3.9253375075112817
United Arab Emirates,CHN->Partner,2007-03,4.047901698420157
United Arab Emirates,CHN->Partner,2007-04,4.171472364451333
United Arab Emirates,CHN->Partner,2007-05,4.1620262256836025
United Arab Emirates,CHN->Partner,2007-06,4.152585968318512
United Arab Emirates,CHN->Partner,2007-07,4.143151588694147
United Arab Emirates,CHN->Partner,2007-08,4.133723083150892
United Arab Emirates,CHN->Partner,2007-09,4.12430044803139
United Arab Emirates,CHN->Partner,2007-10,5.95174647381786
United Arab Emirates,CHN->Partner,2007-11,7.9999999999999964
United Arab Emirates,CHN->Partner,2007-12,6.5679661946148045
United Arab Emirates,CHN->Partner,2008-01,5.243865063954139
United Arab Emirates,CHN->Partner,2008-02,4.019561700706879
United Arab Emirates,CHN->Partner,2008-03,2.887534327155249
United Arab Emirates,CHN->Partner,2008-04,1.7324531900713485
United Arab Emirates,CHN->Partner,2008-05,1.3969686527576393
United Arab Emirates,CHN->Partner,2008-06,1.6137373352566726
United Arab Emirates,CHN->Partner,2008-07,1.8342963525567804
United Arab Emirates,CHN->Partner,2008-08,2.0587119810118093
United Arab Emirates,CHN->Partner,2008-09,7.400000000000002
United Arab Emirates,CHN->Partner,2008-10,4.809489327003073
United Arab Emirates,CHN->Partner,2008-11,2.5836930859034766
United Arab Emirates,CHN->Partner,2008-12,2.1909059582729196
United Arab Emirates,CHN->Partner,2009-01,3.5
United Arab Emirates,CHN->Partner,2009-02,5.155494421403507
United Arab Emirates,CHN->Partner,2009-03,6.9999999999999964
United Arab Emirates,CHN->Partner,2009-04,5.999320271147404
United Arab Emirates,CHN->Partner,2009-05,5.054271648946845
United Arab Emirates,CHN->Partner,2009-06,4.161761415580511
United Arab Emirates,CHN->Partner,2009-07,3.3188687876765837
United Arab Emirates,CHN->Partner,2009-08,2.5228353579028013
United Arab Emirates,CHN->Partner,2009-09,4.145944949383342
United Arab Emirates,CHN->Partner,2009-10,5.9638720237533995
United Arab Emirates,CHN->Partner,2009-11,7.9999999999999964
United Arab Emirates,CHN->Partner,2009-12,6.246962865653167
United Arab Emirates,CHN->Partner,2010-01,4.655669899432597
United Arab Emirates,CHN->Partner,2010-02,3.2111977574967483
United Arab Emirates,CHN->Partner,2010-03,1.9000000000000004
United Arab Emirates,CHN->Partner,2010-04,2.7986580453043963
United Arab Emirates,CHN->Partner,2010-05,3.759919678390986
United Arab Emirates,CHN->Partner,2010-06,3.2148228640740815
United Arab Emirates,CHN->Partner,2010-07,-7.0
United Arab Emirates,CHN->Partner,2010-08,1.9000000000000004
United Arab Emirates,CHN->Partner,2010-09,1.4418648119966324
United Arab Emirates,CHN->Partner,2010-10,1.0
United Arab Emirates,CHN->Partner,2010-11,1.4418648119966324
United Arab Emirates,CHN->Partner,2010-12,1.9454797843630676
United Arab Emirates,CHN->Partner,2011-01,2.4694798070595105
United Arab Emirates,CHN->Partner,2011-02,3.0146900149603244
United Arab Emirates,CHN->Partner,2011-03,3.4989775578971383
United Arab Emirates,CHN->Partner,2011-04,4.0
United Arab Emirates,CHN->Partner,2011-05,4.0
United Arab Emirates,CHN->Partner,2011-06,4.0
United Arab Emirates,CHN->Partner,2011-07,2.62432119734404
United Arab Emirates,CHN->Partner,2011-08,2.704810721348787
United Arab Emirates,CHN->Partner,2011-09,2.785775759941062
United Arab Emirates,CHN->Partner,2011-10,2.867219122357543
United Arab Emirates,CHN->Partner,2011-11,2.949143634431266
United Arab Emirates,CHN->Partner,2011-12,3.0315521386896727
United Arab Emirates,CHN->Partner,2012-01,3.1144474944532394
United Arab Emirates,CHN->Partner,2012-02,1.6182084415718645
United Arab Emirates,CHN->Partner,2012-03,0.28058213667422294
United Arab Emirates,CHN->Partner,2012-04,0.7446756357826771
United Arab Emirates,CHN->Partner,2012-05,1.2278623672531825
United Arab Emirates,CHN->Partner,2012-06,1.7309278441832703
United Arab Emirates,CHN->Partner,2012-07,2.254689896400034
United Arab Emirates,CHN->Partner,2012-08,2.8000000000000025
United Arab Emirates,CHN->Partner,2012-09,2.527201720026836
United Arab Emirates,CHN->Partner,2012-10,2.2597961140794904
United Arab Emirates,CHN->Partner,2012-11,1.9976765798247236
United Arab Emirates,CHN->Partner,2012-12,1.7407386222432972
United Arab Emirates,CHN->Partner,2013-01,1.4888798119725966
United Arab Emirates,CHN->Partner,2013-02,1.2419997444727624
United Arab Emirates,CHN->Partner,2013-03,1.0
United Arab Emirates,CHN->Partner,2013-04,3.696938456699071
United Arab Emirates,CHN->Partner,2013-05,6.9999999999999964
United Arab Emirates,CHN->Partner,2013-06,6.9999999999999964
United Arab Emirates,CHN->Partner,2013-07,6.9999999999999964
United Arab Emirates,CHN->Partner,2013-08,6.9999999999999964
United Arab Emirates,CHN->Partner,2013-09,6.9999999999999964
United Arab Emirates,CHN->Partner,2013-10,6.9999999999999964
United Arab Emirates,CHN->Partner,2013-11,6.9999999999999964
United Arab Emirates,CHN->Partner,2013-12,6.9999999999999964
United Arab Emirates,CHN->Partner,2014-01,6.9999999999999964
United Arab Emirates,CHN->Partner,2014-02,5.431676725154979
United Arab Emirates,CHN->Partner,2014-03,3.3742595711883503
United Arab Emirates,CHN->Partner,2014-04,1.5744524844253895
United Arab Emirates,CHN->Partner,2014-05,1.7763568394002505e-15
United Arab Emirates,CHN->Partner,2014-06,0.5050272853859088
United Arab Emirates,CHN->Partner,2014-07,1.0332411670431156
United Arab Emirates,CHN->Partner,2014-08,1.5857061780418178
United Arab Emirates,CHN->Partner,2014-09,2.1635357258382815
United Arab Emirates,CHN->Partner,2014-10,2.767894336174697
United Arab Emirates,CHN->Partner,2014-11,3.3999999999999986
United Arab Emirates,CHN->Partner,2014-12,3.096808149364877
United Arab Emirates,CHN->Partner,2015-01,2.8000000000000025
United Arab Emirates,CHN->Partner,2015-02,2.494774474354678
United Arab Emirates,CHN->Partner,2015-03,2.9883605143041247
United Arab Emirates,CHN->Partner,2015-04,3.5
United Arab Emirates,CHN->Partner,2015-05,1.7791903141177166
United Arab Emirates,CHN->Partner,2015-06,1.7763568394002505e-15
United Arab Emirates,CHN->Partner,2015-07,0.6171412993301573
United Arab Emirates,CHN->Partner,2015-08,1.2689065426002166
United Arab Emirates,CHN->Partner,2015-09,1.9572382630602672
United Arab Emirates,CHN->Partner,2015-10,2.684187977368948
United Arab Emirates,CHN->Partner,2015-11,3.4519222999718195
United Arab Emirates,CHN->Partner,2015-12,4.262729400519371
United Arab Emirates,CHN->Partner,2016-01,4.569677041167653
United Arab Emirates,CHN->Partner,2016-02,4.882797683487334
United Arab Emirates,CHN->Partner,2016-03,5.202215472265955
United Arab Emirates,CHN->Partner,2016-04,5.528057048957859
United Arab Emirates,CHN->Partner,2016-05,5.86045160189445
United Arab Emirates,CHN->Partner,2016-06,6.199530917504273
United Arab Emirates,CHN->Partner,2016-07,6.545429432563147
United Arab Emirates,CHN->Partner,2016-08,6.898284287495116
United Arab Emirates,CHN->Partner,2016-09,7.258235380745305
United Arab Emirates,CHN->Partner,2016-10,7.6254254242463055
United Arab Emirates,CHN->Partner,2016-11,7.9999999999999964
United Arab Emirates,CHN->Partner,2016-12,5.301571855893922
United Arab Emirates,CHN->Partner,2017-01,2.986381314361738
United Arab Emirates,CHN->Partner,2017-02,1.0
United Arab Emirates,CHN->Partner,2017-03,2.416407864998739
United Arab Emirates,CHN->Partner,2017-04,4.0
United Arab Emirates,CHN->Partner,2017-05,1.1210497109237139
United Arab Emirates,CHN->Partner,2017-06,-4.999999999999999
United Arab Emirates,CHN->Partner,2017-07,4.2209324059983135
United Arab Emirates,CHN->Partner,2017-08,7.9999999999999964
United Arab Emirates,CHN->Partner,2017-09,6.0467892487595805
United Arab Emirates,CHN->Partner,2017-10,6.9999999999999964
United Arab Emirates,CHN->Partner,2017-11,5.264836064977207
United Arab Emirates,CHN->Partner,2017-12,3.696938456699071
United Arab Emirates,CHN->Partner,2018-01,2.280183036403857
United Arab Emirates,CHN->Partner,2018-02,1.0
United Arab Emirates,CHN->Partner,2018-03,2.582214351555411
United Arab Emirates,CHN->Partner,2018-04,2.5
United Arab Emirates,CHN->Partner,2018-05,2.6429367996160433
United Arab Emirates,CHN->Partner,2018-06,2.7873870013568585
United Arab Emirates,CHN->Partner,2018-07,2.9333666289895834
United Arab Emirates,CHN->Partner,2018-08,3.5
United Arab Emirates,CHN->Partner,2018-09,1.9000000000000004
United Arab Emirates,CHN->Partner,2018-10,1.8882950783176167
United Arab Emirates,CHN->Partner,2018-11,4.093129101642097
United Arab Emirates,CHN->Partner,2018-12,6.399999999999999
United Arab Emirates,CHN->Partner,2019-01,2.0
United Arab Emirates,CHN->Partner,2019-02,2.562816816576122
United Arab Emirates,CHN->Partner,2019-03,3.150000000000004
United Arab Emirates,CHN->Partner,2019-04,1.9822874056519577
United Arab Emirates,CHN->Partner,2019-05,-1.9999999999999982
United Arab Emirates,CHN->Partner,2019-06,-0.07141217005513845
United Arab Emirates,CHN->Partner,2019-07,2.270447995202103
United Arab Emirates,CHN->Partner,2019-08,3.8911204290895736
United Arab Emirates,CHN->Partner,2019-09,5.709719801006003
United Arab Emirates,CHN->Partner,2019-10,1.9000000000000004
United Arab Emirates,CHN->Partner,2019-11,1.668861672413847
United Arab Emirates,CHN->Partner,2019-12,1.4418648119966324
United Arab Emirates,CHN->Partner,2020-01,1.2189352131828404
United Arab Emirates,CHN->Partner,2020-02,1.0
United Arab Emirates,CHN->Partner,2020-03,0.48912529307605546
United Arab Emirates,CHN->Partner,2020-04,1.7763568394002505e-15
United Arab Emirates,CHN->Partner,2020-05,3.456832294800959
United Arab Emirates,CHN->Partner,2020-06,7.9999999999999964
United Arab Emirates,CHN->Partner,2020-07,6.9999999999999964
United Arab Emirates,CHN->Partner,2020-08,7.9999999999999964
United Arab Emirates,CHN->Partner,2020-09,5.293958065071635
United Arab Emirates,CHN->Partner,2020-10,2.973319443490162
United Arab Emirates,CHN->Partner,2020-11,3.0035496798607486
United Arab Emirates,CHN->Partner,2020-12,3.0338453170972297
United Arab Emirates,CHN->Partner,2021-01,3.064206496689504
United Arab Emirates,CHN->Partner,2021-02,3.0946333604335905
United Arab Emirates,CHN->Partner,2021-03,3.1251260504322556
United Arab Emirates,CHN->Partner,2021-04,3.757964507549472
United Arab Emirates,CHN->Partner,2021-05,4.4191555975123435
United Arab Emirates,CHN->Partner,2021-06,3.3388489263223597
United Arab Emirates,CHN->Partner,2021-07,2.334231387162788
United Arab Emirates,CHN->Partner,2021-08,1.4000000000000004
United Arab Emirates,CHN->Partner,2021-09,2.068670154175148
United Arab Emirates,CHN->Partner,2021-10,2.389494173083527
United Arab Emirates,CHN->Partner,2021-11,2.718194131157432
United Arab Emirates,CHN->Partner,2021-12,3.0549633755718837
United Arab Emirates,CHN->Partner,2022-01,3.3999999999999986
United Arab Emirates,CHN->Partner,2022-02,1.5000000000000018
United Arab Emirates,CHN->Partner,2022-03,2.0341030025691698
United Arab Emirates,CHN->Partner,2022-04,2.5910272865266037
United Arab Emirates,CHN->Partner,2022-05,3.1717479650652702
United Arab Emirates,CHN->Partner,2022-06,1.5190908484929295
United Arab Emirates,CHN->Partner,2022-07,1.309619203043507
United Arab Emirates,CHN->Partner,2022-08,1.645264906776239
United Arab Emirates,CHN->Partner,2022-09,1.9900626432872421
United Arab Emirates,CHN->Partner,2022-10,2.3442619605464134
United Arab Emirates,CHN->Partner,2022-11,2.7081192109343206
United Arab Emirates,CHN->Partner,2022-12,3.0818977367776395
United Arab Emirates,CHN->Partner,2023-01,2.4779998814524244
United Arab Emirates,CHN->Partner,2023-02,1.9000000000000004
United Arab Emirates,CHN->Partner,2023-03,6.399999999999999
United Arab Emirates,CHN->Partner,2023-04,6.399999999999999
United Arab Emirates,Partner->CHN,2002-01,
United Arab Emirates,Partner->CHN,2002-02,
United Arab Emirates,Partner->CHN,2002-03,2.1999999999999993
United Arab Emirates,Partner->CHN,2002-04,2.431720418717754
United Arab Emirates,Partner->CHN,2002-05,2.6675085914090513
United Arab Emirates,Partner->CHN,2002-06,2.907435925774946
United Arab Emirates,Partner->CHN,2002-07,3.1515750830485008
United Arab Emirates,Partner->CHN,2002-08,3.3999999999999986
United Arab Emirates,Partner->CHN,2002-09,2.9034002764261775
United Arab Emirates,Partner->CHN,2002-10,2.42392633656441
United Arab Emirates,Partner->CHN,2002-11,1.9609875790634863
United Arab Emirates,Partner->CHN,2002-12,1.5140137701046896
United Arab Emirates,Partner->CHN,2003-01,1.0824543410051763
United Arab Emirates,Partner->CHN,2003-02,0.6657777100443099
United Arab Emirates,Partner->CHN,2003-03,0.2634706276775276
United Arab Emirates,Partner->CHN,2003-04,-0.12496245566876318
United Arab Emirates,Partner->CHN,2003-05,-0.5
United Arab Emirates,Partner->CHN,2003-06,-0.14356376689941897
United Arab Emirates,Partner->CHN,2003-07,0.22497216032182443
United Arab Emirates,Partner->CHN,2003-08,0.6060185216060159
United Arab Emirates,Partner->CHN,2003-09,1.0
United Arab Emirates,Partner->CHN,2003-10,0.8272329983827973
United Arab Emirates,Partner->CHN,2003-11,0.6569533665029113
United Arab Emirates,Partner->CHN,2003-12,0.48912529307605546
United Arab Emirates,Partner->CHN,2004-01,0.32371348240196696
United Arab Emirates,Partner->CHN,2004-02,0.16068314694139474
United Arab Emirates,Partner->CHN,2004-03,1.7763568394002505e-15
United Arab Emirates,Partner->CHN,2004-04,4.146359964861922
United Arab Emirates,Partner->CHN,2004-05,3.3999999999999986
United Arab Emirates,Partner->CHN,2004-06,-5.0
United Arab Emirates,Partner->CHN,2004-07,-3.5190726297782495
United Arab Emirates,Partner->CHN,2004-08,-1.6726209469111843
United Arab Emirates,Partner->CHN,2004-09,0.6295742084475204
United Arab Emirates,Partner->CHN,2004-10,3.5
United Arab Emirates,Partner->CHN,2004-11,2.822670690061994
United Arab Emirates,Partner->CHN,2004-12,1.7763568394002505e-15
United Arab Emirates,Partner->CHN,2005-01,1.515075145224296
United Arab Emirates,Partner->CHN,2005-02,3.238827808237364
United Arab Emirates,Partner->CHN,2005-03,5.199999999999996
United Arab Emirates,Partner->CHN,2005-04,1.7763568394002505e-15
United Arab Emirates,Partner->CHN,2005-05,1.3097028212430963
United Arab Emirates,Partner->CHN,2005-06,2.7753439588472926
United Arab Emirates,Partner->CHN,2005-07,3.519079025678561
United Arab Emirates,Partner->CHN,2005-08,4.302968578037531
United Arab Emirates,Partner->CHN,2005-09,5.12918056897616
United Arab Emirates,Partner->CHN,2005-10,6.0
United Arab Emirates,Partner->CHN,2005-11,4.582315828221972
United Arab Emirates,Partner->CHN,2005-12,3.2828568570857044
United Arab Emirates,Partner->CHN,2006-01,2.091763910376187
United Arab Emirates,Partner->CHN,2006-02,1.0
United Arab Emirates,Partner->CHN,2006-03,1.9185296512361951
United Arab Emirates,Partner->CHN,2006-04,2.9073673624890635
United Arab Emirates,Partner->CHN,2006-05,3.971894803579124
United Arab Emirates,Partner->CHN,2006-06,5.416275657542553
United Arab Emirates,Partner->CHN,2006-07,6.9999999999999964
United Arab Emirates,Partner->CHN,2006-08,6.9999999999999964
United Arab Emirates,Partner->CHN,2006-09,6.9999999999999964
United Arab Emirates,Partner->CHN,2006-10,6.9999999999999964
United Arab Emirates,Partner->CHN,2006-11,6.9999999999999964
United Arab Emirates,Partner->CHN,2006-12,6.9999999999999964
United Arab Emirates,Partner->CHN,2007-01,2.567302256343927
United Arab Emirates,Partner->CHN,2007-02,2.7911544339907906
United Arab Emirates,Partner->CHN,2007-03,3.0187000354657947
United Arab Emirates,Partner->CHN,2007-04,3.25
United Arab Emirates,Partner->CHN,2007-05,1.3321563684914448
United Arab Emirates,Partner->CHN,2007-06,1.9509635742575586
United Arab Emirates,Partner->CHN,2007-07,2.6008215019303798
United Arab Emirates,Partner->CHN,2007-08,3.283288225368681
United Arab Emirates,Partner->CHN,2007-09,4.0
United Arab Emirates,Partner->CHN,2007-10,5.881943016134134
United Arab Emirates,Partner->CHN,2007-11,7.9999999999999964
United Arab Emirates,Partner->CHN,2007-12,6.681492322939892
United Arab Emirates,Partner->CHN,2008-01,5.454482671904334
United Arab Emirates,Partner->CHN,2008-02,4.312621528485467
United Arab Emirates,Partner->CHN,2008-03,3.25
United Arab Emirates,Partner->CHN,2008-04,2.009924914374535
United Arab Emirates,Partner->CHN,2008-05,1.5181811916545822
United Arab Emirates,Partner->CHN,2008-06,5.199999999999996
United Arab Emirates,Partner->CHN,2008-07,4.165550714839332
United Arab Emirates,Partner->CHN,2008-08,3.197156079281717
United Arab Emirates,Partner->CHN,2008-09,3.0365853787556105
United Arab Emirates,Partner->CHN,2008-10,2.877830742638711
United Arab Emirates,Partner->CHN,2008-11,2.7208716311318533
United Arab Emirates,Partner->CHN,2008-12,3.457692724014093
United Arab Emirates,Partner->CHN,2009-01,4.553333887082172
United Arab Emirates,Partner->CHN,2009-02,5.73200555723907
United Arab Emirates,Partner->CHN,2009-03,6.9999999999999964
United Arab Emirates,Partner->CHN,2009-04,6.156304600017272
United Arab Emirates,Partner->CHN,2009-05,5.352154862698544
United Arab Emirates,Partner->CHN,2009-06,4.585697205061667
United Arab Emirates,Partner->CHN,2009-07,3.855164925204214
United Arab Emirates,Partner->CHN,2009-08,3.1588741300164624
United Arab Emirates,Partner->CHN,2009-09,4.0
United Arab Emirates,Partner->CHN,2009-10,5.881943016134134
United Arab Emirates,Partner->CHN,2009-11,7.9999999999999964
United Arab Emirates,Partner->CHN,2009-12,6.540217417919063
United Arab Emirates,Partner->CHN,2010-01,5.192590898309017
United Arab Emirates,Partner->CHN,2010-02,3.948503416618818
United Arab Emirates,Partner->CHN,2010-03,2.8000000000000025
United Arab Emirates,Partner->CHN,2010-04,3.3105555447718427
United Arab Emirates,Partner->CHN,2010-05,3.84
United Arab Emirates,Partner->CHN,2010-06,-1.779067594001683
United Arab Emirates,Partner->CHN,2010-07,-5.0
United Arab Emirates,Partner->CHN,2010-08,1.4000000000000004
United Arab Emirates,Partner->CHN,2010-09,2.038014530637378
United Arab Emirates,Partner->CHN,2010-10,2.7088566855735063
United Arab Emirates,Partner->CHN,2010-11,1.8685663537163286
United Arab Emirates,Partner->CHN,2010-12,1.7784141389997288
United Arab Emirates,Partner->CHN,2011-01,1.6888934959434714
United Arab Emirates,Partner->CHN,2011-02,1.6000000000000032
United Arab Emirates,Partner->CHN,2011-03,-1.1607020131995895
United Arab Emirates,Partner->CHN,2011-04,-3.3165250100750354
United Arab Emirates,Partner->CHN,2011-05,-5.0
United Arab Emirates,Partner->CHN,2011-06,-2.2110633359291665
United Arab Emirates,Partner->CHN,2011-07,1.8742346141747674
United Arab Emirates,Partner->CHN,2011-08,2.0154588091352235
United Arab Emirates,Partner->CHN,2011-09,2.158232165955777
United Arab Emirates,Partner->CHN,2011-10,2.302571678200948
United Arab Emirates,Partner->CHN,2011-11,2.4484945258465345
United Arab Emirates,Partner->CHN,2011-12,2.596018077324434
United Arab Emirates,Partner->CHN,2012-01,2.7451598915899513
United Arab Emirates,Partner->CHN,2012-02,2.3158763362202492
United Arab Emirates,Partner->CHN,2012-03,1.9000000000000004
United Arab Emirates,Partner->CHN,2012-04,1.9000000000000004
United Arab Emirates,Partner->CHN,2012-05,1.9000000000000004
United Arab Emirates,Partner->CHN,2012-06,1.9000000000000004
United Arab Emirates,Partner->CHN,2012-07,1.9000000000000004
United Arab Emirates,Partner->CHN,2012-08,1.9000000000000004
United Arab Emirates,Partner->CHN,2012-09,1.94243604431475
United Arab Emirates,Partner->CHN,2012-10,1.9850116869129888
United Arab Emirates,Partner->CHN,2012-11,2.0277273870194517
United Arab Emirates,Partner->CHN,2012-12,2.0705836053695243
United Arab Emirates,Partner->CHN,2013-01,2.1135808042142603
United Arab Emirates,Partner->CHN,2013-02,2.1567194473253153
United Arab Emirates,Partner->CHN,2013-03,2.1999999999999993
United Arab Emirates,Partner->CHN,2013-04,4.41427909439815
United Arab Emirates,Partner->CHN,2013-05,6.9999999999999964
United Arab Emirates,Partner->CHN,2013-06,6.9999999999999964
United Arab Emirates,Partner->CHN,2013-07,6.9999999999999964
United Arab Emirates,Partner->CHN,2013-08,6.9999999999999964
United Arab Emirates,Partner->CHN,2013-09,6.9999999999999964
United Arab Emirates,Partner->CHN,2013-10,6.9999999999999964
United Arab Emirates,Partner->CHN,2013-11,6.9999999999999964
United Arab Emirates,Partner->CHN,2013-12,6.9999999999999964
United Arab Emirates,Partner->CHN,2014-01,6.9999999999999964
United Arab Emirates,Partner->CHN,2014-02,5.431676725154979
United Arab Emirates,Partner->CHN,2014-03,5.074151167421764
United Arab Emirates,Partner->CHN,2014-04,4.724404762514551
United Arab Emirates,Partner->CHN,2014-05,4.38226824919486
United Arab Emirates,Partner->CHN,2014-06,4.047576049063137
United Arab Emirates,Partner->CHN,2014-07,3.7201661864264004
United Arab Emirates,Partner->CHN,2014-08,3.399880209909412
United Arab Emirates,Partner->CHN,2014-09,3.0865631157714866
United Arab Emirates,Partner->CHN,2014-10,2.780063272891768
United Arab Emirates,Partner->CHN,2014-11,2.4802323493867195
United Arab Emirates,Partner->CHN,2014-12,2.186925240824287
United Arab Emirates,Partner->CHN,2015-01,1.9000000000000004
United Arab Emirates,Partner->CHN,2015-02,2.692121131323905
United Arab Emirates,Partner->CHN,2015-03,3.0902716937678925
United Arab Emirates,Partner->CHN,2015-04,3.5
United Arab Emirates,Partner->CHN,2015-05,1.4090275612872567
United Arab Emirates,Partner->CHN,2015-06,4.499999999999998
United Arab Emirates,Partner->CHN,2015-07,4.38665541944542
United Arab Emirates,Partner->CHN,2015-08,4.2741396772096145
United Arab Emirates,Partner->CHN,2015-09,4.162446712367972
United Arab Emirates,Partner->CHN,2015-10,4.051570508316713
United Arab Emirates,Partner->CHN,2015-11,3.9415050924487893
United Arab Emirates,Partner->CHN,2015-12,3.8322445358321566
United Arab Emirates,Partner->CHN,2016-01,4.110730809064989
United Arab Emirates,Partner->CHN,2016-02,4.394445866396675
United Arab Emirates,Partner->CHN,2016-03,4.683487882084886
United Arab Emirates,Partner->CHN,2016-04,4.977956873681045
United Arab Emirates,Partner->CHN,2016-05,5.277954736639472
United Arab Emirates,Partner->CHN,2016-06,5.58358527957639
United Arab Emirates,Partner->CHN,2016-07,5.894954260190968
United Arab Emirates,Partner->CHN,2016-08,6.212169421860754
United Arab Emirates,Partner->CHN,2016-09,6.535340530924266
United Arab Emirates,Partner->CHN,2016-10,6.864579414663577
United Arab Emirates,Partner->CHN,2016-11,7.199999999999992
United Arab Emirates,Partner->CHN,2016-12,3.149204924659193
United Arab Emirates,Partner->CHN,2017-01,1.7763568394002505e-15
United Arab Emirates,Partner->CHN,2017-02,1.0
United Arab Emirates,Partner->CHN,2017-03,2.304134695650074
United Arab Emirates,Partner->CHN,2017-04,3.7500000000000018
United Arab Emirates,Partner->CHN,2017-05,1.2449571060899238
United Arab Emirates,Partner->CHN,2017-06,6.0
United Arab Emirates,Partner->CHN,2017-07,4.434283176858164
United Arab Emirates,Partner->CHN,2017-08,7.9999999999999964
United Arab Emirates,Partner->CHN,2017-09,6.183274877957732
United Arab Emirates,Partner->CHN,2017-10,6.9999999999999964
United Arab Emirates,Partner->CHN,2017-11,5.155494421403507
United Arab Emirates,Partner->CHN,2017-12,3.5
United Arab Emirates,Partner->CHN,2018-01,2.1909059582729196
United Arab Emirates,Partner->CHN,2018-02,1.0
United Arab Emirates,Partner->CHN,2018-03,1.0
United Arab Emirates,Partner->CHN,2018-04,3.5
United Arab Emirates,Partner->CHN,2018-05,3.189330272248725
United Arab Emirates,Partner->CHN,2018-06,2.8853167982726884
United Arab Emirates,Partner->CHN,2018-07,2.587816964516856
United Arab Emirates,Partner->CHN,2018-08,3.5
United Arab Emirates,Partner->CHN,2018-09,2.8000000000000025
United Arab Emirates,Partner->CHN,2018-10,1.490313975009716
United Arab Emirates,Partner->CHN,2018-11,3.696938456699071
United Arab Emirates,Partner->CHN,2018-12,2.0917375018089945
United Arab Emirates,Partner->CHN,2019-01,0.6618567412009799
United Arab Emirates,Partner->CHN,2019-02,1.6399144520227438
United Arab Emirates,Partner->CHN,2019-03,2.6999999999999993
United Arab Emirates,Partner->CHN,2019-04,1.9429466169213292
United Arab Emirates,Partner->CHN,2019-05,2.2256172275684136
United Arab Emirates,Partner->CHN,2019-06,2.514461291331582
United Arab Emirates,Partner->CHN,2019-07,2.80961363483215
United Arab Emirates,Partner->CHN,2019-08,-1.9999999999999982
United Arab Emirates,Partner->CHN,2019-09,6.9999999999999964
United Arab Emirates,Partner->CHN,2019-10,2.8000000000000025
United Arab Emirates,Partner->CHN,2019-11,2.326147818529005
United Arab Emirates,Partner->CHN,2019-12,1.8685663537163286
United Arab Emirates,Partner->CHN,2020-01,1.426696916099468
United Arab Emirates,Partner->CHN,2020-02,1.0
United Arab Emirates,Partner->CHN,2020-03,2.145341380123984
United Arab Emirates,Partner->CHN,2020-04,3.3999999999999986
United Arab Emirates,Partner->CHN,2020-05,5.540858502508264
United Arab Emirates,Partner->CHN,2020-06,7.9999999999999964
United Arab Emirates,Partner->CHN,2020-07,7.9999999999999964
United Arab Emirates,Partner->CHN,2020-08,7.9999999999999964
United Arab Emirates,Partner->CHN,2020-09,4.594870951694336
United Arab Emirates,Partner->CHN,2020-10,1.799999999999999
United Arab Emirates,Partner->CHN,2020-11,2.1825097210055535
United Arab Emirates,Partner->CHN,2020-12,2.576450198781709
United Arab Emirates,Partner->CHN,2021-01,2.9821630251709106
United Arab Emirates,Partner->CHN,2021-02,3.3999999999999986
United Arab Emirates,Partner->CHN,2021-03,2.340459128050952
United Arab Emirates,Partner->CHN,2021-04,3.0074399659557365
United Arab Emirates,Partner->CHN,2021-05,3.7077677399638453
United Arab Emirates,Partner->CHN,2021-06,3.0786521532152697
United Arab Emirates,Partner->CHN,2021-07,2.4764465930925947
United Arab Emirates,Partner->CHN,2021-08,1.9000000000000004
United Arab Emirates,Partner->CHN,2021-09,1.0
United Arab Emirates,Partner->CHN,2021-10,1.098373821965998
United Arab Emirates,Partner->CHN,2021-11,1.1975540946693464
United Arab Emirates,Partner->CHN,2021-12,1.2975474292468192
United Arab Emirates,Partner->CHN,2022-01,1.398360491032081
United Arab Emirates,Partner->CHN,2022-02,1.5000000000000018
United Arab Emirates,Partner->CHN,2022-03,1.8554941113620753
United Arab Emirates,Partner->CHN,2022-04,1.420383622752757
United Arab Emirates,Partner->CHN,2022-05,1.0
United Arab Emirates,Partner->CHN,2022-06,1.0
United Arab Emirates,Partner->CHN,2022-07,1.9000000000000004
United Arab Emirates,Partner->CHN,2022-08,3.3999999999999986
United Arab Emirates,Partner->CHN,2022-09,3.3999999999999986
United Arab Emirates,Partner->CHN,2022-10,3.3999999999999986
United Arab Emirates,Partner->CHN,2022-11,3.3999999999999986
United Arab Emirates,Partner->CHN,2022-12,2.237603105527654
United Arab Emirates,Partner->CHN,2023-01,2.515876695807844
United Arab Emirates,Partner->CHN,2023-02,2.8000000000000025
United Arab Emirates,Partner->CHN,2023-03,4.141977083824905
United Arab Emirates,Partner->CHN,2023-04,4.141977083824905
United Kingdom,Aggregated,2002-01,2.6627356103114668
United Kingdom,Aggregated,2002-02,-0.9999999999999982
United Kingdom,Aggregated,2002-03,1.3014571537585429
United Kingdom,Aggregated,2002-04,1.8034607794591277
United Kingdom,Aggregated,2002-05,2.574112576415521
United Kingdom,Aggregated,2002-06,3.1999999999999993
United Kingdom,Aggregated,2002-07,2.561953592069644
United Kingdom,Aggregated,2002-08,1.168045055071726
United Kingdom,Aggregated,2002-09,1.5471135846535802
United Kingdom,Aggregated,2002-10,2.192952015238614
United Kingdom,Aggregated,2002-11,2.5751725634644984
United Kingdom,Aggregated,2002-12,1.4799999999999986
United Kingdom,Aggregated,2003-01,1.7763568394002505e-15
United Kingdom,Aggregated,2003-02,0.02566924257682679
United Kingdom,Aggregated,2003-03,1.2271859025472498
United Kingdom,Aggregated,2003-04,0.651874745950014
United Kingdom,Aggregated,2003-05,1.072072686032449
United Kingdom,Aggregated,2003-06,1.2502525983277337
United Kingdom,Aggregated,2003-07,2.2661673372750943
United Kingdom,Aggregated,2003-08,1.5000000000000018
United Kingdom,Aggregated,2003-09,1.3857799053748536
United Kingdom,Aggregated,2003-10,0.34999999999999964
United Kingdom,Aggregated,2003-11,1.8911184831403869
United Kingdom,Aggregated,2003-12,1.4061380105728087
United Kingdom,Aggregated,2004-01,0.4958091159662743
United Kingdom,Aggregated,2004-02,1.6373446998596712
United Kingdom,Aggregated,2004-03,-0.2131076230517408
United Kingdom,Aggregated,2004-04,0.6384927952764468
United Kingdom,Aggregated,2004-05,1.5830127418273943
United Kingdom,Aggregated,2004-06,0.9965989334640781
United Kingdom,Aggregated,2004-07,-1.5835225716065828
United Kingdom,Aggregated,2004-08,3.6000000000000014
United Kingdom,Aggregated,2004-09,-0.38408090678690954
United Kingdom,Aggregated,2004-10,2.382321133238939
United Kingdom,Aggregated,2004-11,0.9263046546751141
United Kingdom,Aggregated,2004-12,2.569484652913051
United Kingdom,Aggregated,2005-01,2.360085028346184
United Kingdom,Aggregated,2005-02,1.66121270661408
United Kingdom,Aggregated,2005-03,1.2878971559752408
United Kingdom,Aggregated,2005-04,2.140106805132593
United Kingdom,Aggregated,2005-05,2.36125044609655
United Kingdom,Aggregated,2005-06,2.695485457937723
United Kingdom,Aggregated,2005-07,1.3524939946929564
United Kingdom,Aggregated,2005-08,3.174027225623899
United Kingdom,Aggregated,2005-09,2.65207458644611
United Kingdom,Aggregated,2005-10,1.8598331158457437
United Kingdom,Aggregated,2005-11,2.3047395930751176
United Kingdom,Aggregated,2005-12,1.498791699230674
United Kingdom,Aggregated,2006-01,2.4630459451757147
United Kingdom,Aggregated,2006-02,3.0479257508953914
United Kingdom,Aggregated,2006-03,0.6076017519666408
United Kingdom,Aggregated,2006-04,2.0673316802886568
United Kingdom,Aggregated,2006-05,2.0858072086143107
United Kingdom,Aggregated,2006-06,0.9411600326774234
United Kingdom,Aggregated,2006-07,0.5940189168070766
United Kingdom,Aggregated,2006-08,1.383052730785133
United Kingdom,Aggregated,2006-09,2.391238432869079
United Kingdom,Aggregated,2006-10,2.600330699500267
United Kingdom,Aggregated,2006-11,2.8470721187324664
United Kingdom,Aggregated,2006-12,2.9483024131509836
United Kingdom,Aggregated,2007-01,1.1929791480771854
United Kingdom,Aggregated,2007-02,0.6269200714327798
United Kingdom,Aggregated,2007-03,2.9808572731034566
United Kingdom,Aggregated,2007-04,2.342344011055909
United Kingdom,Aggregated,2007-05,2.5879042605022917
United Kingdom,Aggregated,2007-06,1.927642224064403
United Kingdom,Aggregated,2007-07,1.9514677326374574
United Kingdom,Aggregated,2007-08,2.100576276587823
United Kingdom,Aggregated,2007-09,0.1436589014940992
United Kingdom,Aggregated,2007-10,-0.3224849611450171
United Kingdom,Aggregated,2007-11,0.4657021211409482
United Kingdom,Aggregated,2007-12,1.5081358765993862
United Kingdom,Aggregated,2008-01,3.0434984938193583
United Kingdom,Aggregated,2008-02,1.656793772616945
United Kingdom,Aggregated,2008-03,1.6379025781417074
United Kingdom,Aggregated,2008-04,0.8408380134213473
United Kingdom,Aggregated,2008-05,1.720416253287274
United Kingdom,Aggregated,2008-06,2.4759341239768986
United Kingdom,Aggregated,2008-07,-0.08278260971274598
United Kingdom,Aggregated,2008-08,-0.7685588492670217
United Kingdom,Aggregated,2008-09,1.531210049259336
United Kingdom,Aggregated,2008-10,0.3499543225969699
United Kingdom,Aggregated,2008-11,1.8791842436157857
United Kingdom,Aggregated,2008-12,-0.5759157058001723
United Kingdom,Aggregated,2009-01,1.1973245305468119
United Kingdom,Aggregated,2009-02,1.760697423267084
United Kingdom,Aggregated,2009-03,1.506277897386875
United Kingdom,Aggregated,2009-04,1.5974082325751073
United Kingdom,Aggregated,2009-05,1.771775098964202
United Kingdom,Aggregated,2009-06,1.3454058642445332
United Kingdom,Aggregated,2009-07,0.1364392895516069
United Kingdom,Aggregated,2009-08,1.4330784771182987
United Kingdom,Aggregated,2009-09,3.005824862350492
United Kingdom,Aggregated,2009-10,1.346436745233552
United Kingdom,Aggregated,2009-11,1.4886997919709586
United Kingdom,Aggregated,2009-12,-0.19433275202043454
United Kingdom,Aggregated,2010-01,-0.06331491351572183
United Kingdom,Aggregated,2010-02,2.790860517286193
United Kingdom,Aggregated,2010-03,1.4088083827336106
United Kingdom,Aggregated,2010-04,2.875316256190782
United Kingdom,Aggregated,2010-05,3.2564428714395373
United Kingdom,Aggregated,2010-06,2.3236141449540106
United Kingdom,Aggregated,2010-07,0.8141274721979368
United Kingdom,Aggregated,2010-08,3.482074449566774
United Kingdom,Aggregated,2010-09,0.9794873805337829
United Kingdom,Aggregated,2010-10,2.9905182436629723
United Kingdom,Aggregated,2010-11,1.9897079103161417
United Kingdom,Aggregated,2010-12,2.9405931165583574
United Kingdom,Aggregated,2011-01,3.053048285396809
United Kingdom,Aggregated,2011-02,0.3715748279883879
United Kingdom,Aggregated,2011-03,-1.4780611203876202
United Kingdom,Aggregated,2011-04,1.2541054124103734
United Kingdom,Aggregated,2011-05,1.3411455551431928
United Kingdom,Aggregated,2011-06,1.3958406635219927
United Kingdom,Aggregated,2011-07,-3.0336841894022477
United Kingdom,Aggregated,2011-08,0.526403878503503
United Kingdom,Aggregated,2011-09,2.275014801995251
United Kingdom,Aggregated,2011-10,0.6175168638988655
United Kingdom,Aggregated,2011-11,0.539837488666091
United Kingdom,Aggregated,2011-12,2.5667234619090245
United Kingdom,Aggregated,2012-01,2.5940259507869587
United Kingdom,Aggregated,2012-02,-0.1743615411433499
United Kingdom,Aggregated,2012-03,2.349554128211972
United Kingdom,Aggregated,2012-04,0.9330875633830829
United Kingdom,Aggregated,2012-05,0.19389692859872376
United Kingdom,Aggregated,2012-06,2.248839698349922
United Kingdom,Aggregated,2012-07,1.035610372022754
United Kingdom,Aggregated,2012-08,-4.568005528988211
United Kingdom,Aggregated,2012-09,-0.8842489036431349
United Kingdom,Aggregated,2012-10,1.7503805660382685
United Kingdom,Aggregated,2012-11,1.7381037095826226
United Kingdom,Aggregated,2012-12,1.6198204111570558
United Kingdom,Aggregated,2013-01,-0.4049205382295451
United Kingdom,Aggregated,2013-02,-0.916853000681046
United Kingdom,Aggregated,2013-03,2.5641485942134192
United Kingdom,Aggregated,2013-04,0.7841766804848191
United Kingdom,Aggregated,2013-05,1.1212697463183599
United Kingdom,Aggregated,2013-06,-1.9082221710817375
United Kingdom,Aggregated,2013-07,-0.44444444444444287
United Kingdom,Aggregated,2013-08,-1.9515361592489437
United Kingdom,Aggregated,2013-09,2.33634291098061
United Kingdom,Aggregated,2013-10,1.0806962285999955
United Kingdom,Aggregated,2013-11,3.5392771537875394
United Kingdom,Aggregated,2013-12,3.058580511647749
United Kingdom,Aggregated,2014-01,3.1995458478107643
United Kingdom,Aggregated,2014-02,1.4602431969038232
United Kingdom,Aggregated,2014-03,1.9852266306206534
United Kingdom,Aggregated,2014-04,1.4627910198014398
United Kingdom,Aggregated,2014-05,3.2235988541781886
United Kingdom,Aggregated,2014-06,2.6718331690819923
United Kingdom,Aggregated,2014-07,1.4871648843690704
United Kingdom,Aggregated,2014-08,1.2499999999999964
United Kingdom,Aggregated,2014-09,1.6271163217591926
United Kingdom,Aggregated,2014-10,0.03854621896003785
United Kingdom,Aggregated,2014-11,1.7734791599616617
United Kingdom,Aggregated,2014-12,-0.04818918422891727
United Kingdom,Aggregated,2015-01,1.9375175781207918
United Kingdom,Aggregated,2015-02,-0.002678253078611803
United Kingdom,Aggregated,2015-03,3.0138232551404833
United Kingdom,Aggregated,2015-04,4.363087056018292
United Kingdom,Aggregated,2015-05,4.851415279823575
United Kingdom,Aggregated,2015-06,2.2384404906548276
United Kingdom,Aggregated,2015-07,5.046338393826552
United Kingdom,Aggregated,2015-08,2.606053055645086
United Kingdom,Aggregated,2015-09,3.058174028622016
United Kingdom,Aggregated,2015-10,2.507719063624757
United Kingdom,Aggregated,2015-11,3.252394639626978
United Kingdom,Aggregated,2015-12,1.3769560796162263
United Kingdom,Aggregated,2016-01,3.060231868625239
United Kingdom,Aggregated,2016-02,-0.0780631530020095
United Kingdom,Aggregated,2016-03,2.780301696845278
United Kingdom,Aggregated,2016-04,1.9000021544935493
United Kingdom,Aggregated,2016-05,2.3381242154201125
United Kingdom,Aggregated,2016-06,1.8260899478169463
United Kingdom,Aggregated,2016-07,2.7539816546685323
United Kingdom,Aggregated,2016-08,0.8736570223908195
United Kingdom,Aggregated,2016-09,2.0058057397092686
United Kingdom,Aggregated,2016-10,2.960291084893946
United Kingdom,Aggregated,2016-11,1.8874788898913177
United Kingdom,Aggregated,2016-12,3.0954008427329605
United Kingdom,Aggregated,2017-01,2.5377709688045424
United Kingdom,Aggregated,2017-02,3.176422876030193
United Kingdom,Aggregated,2017-03,1.700559864783214
United Kingdom,Aggregated,2017-04,2.5
United Kingdom,Aggregated,2017-05,3.2683215916543897
United Kingdom,Aggregated,2017-06,2.0814572516525853
United Kingdom,Aggregated,2017-07,1.2368694952331012
United Kingdom,Aggregated,2017-08,1.4080842628338903
United Kingdom,Aggregated,2017-09,2.2517903980439193
United Kingdom,Aggregated,2017-10,2.313798743096818
United Kingdom,Aggregated,2017-11,2.3713454562197214
United Kingdom,Aggregated,2017-12,3.1697869613803444
United Kingdom,Aggregated,2018-01,3.349252044642551
United Kingdom,Aggregated,2018-02,1.9122505489733435
United Kingdom,Aggregated,2018-03,3.740478688122897
United Kingdom,Aggregated,2018-04,1.8651492073097824
United Kingdom,Aggregated,2018-05,2.4398665668629462
United Kingdom,Aggregated,2018-06,1.6292459165813877
United Kingdom,Aggregated,2018-07,1.0911889699251862
United Kingdom,Aggregated,2018-08,2.7675554943131804
United Kingdom,Aggregated,2018-09,0.9653626300708087
United Kingdom,Aggregated,2018-10,-0.08989889906316151
United Kingdom,Aggregated,2018-11,-0.267432103447673
United Kingdom,Aggregated,2018-12,-1.487499999999999
United Kingdom,Aggregated,2019-01,-1.1124496187972337
United Kingdom,Aggregated,2019-02,-0.6597108297626999
United Kingdom,Aggregated,2019-03,2.808920451731799
United Kingdom,Aggregated,2019-04,-0.15611831746212168
United Kingdom,Aggregated,2019-05,0.3965229603104401
United Kingdom,Aggregated,2019-06,2.942709589025748
United Kingdom,Aggregated,2019-07,-0.4069420539674713
United Kingdom,Aggregated,2019-08,-1.0748944758739452
United Kingdom,Aggregated,2019-09,2.1006855882275133
United Kingdom,Aggregated,2019-10,-0.4928366485653477
United Kingdom,Aggregated,2019-11,-0.6197149777531994
United Kingdom,Aggregated,2019-12,0.6999999999999993
United Kingdom,Aggregated,2020-01,1.0106251970743756
United Kingdom,Aggregated,2020-02,0.8679405149151229
United Kingdom,Aggregated,2020-03,1.4473226003553261
United Kingdom,Aggregated,2020-04,-0.07608800338003974
United Kingdom,Aggregated,2020-05,-0.3616856384128848
United Kingdom,Aggregated,2020-06,0.0607991648731705
United Kingdom,Aggregated,2020-07,-1.1908185363110224
United Kingdom,Aggregated,2020-08,-0.9923547233638335
United Kingdom,Aggregated,2020-09,0.03939576410596146
United Kingdom,Aggregated,2020-10,-1.1729841556232703
United Kingdom,Aggregated,2020-11,-1.1678448040774523
United Kingdom,Aggregated,2020-12,-0.4297036420456184
United Kingdom,Aggregated,2021-01,0.4551968558883477
United Kingdom,Aggregated,2021-02,-1.1463828152481295
United Kingdom,Aggregated,2021-03,-1.6403519977506473
United Kingdom,Aggregated,2021-04,0.16821354498786079
United Kingdom,Aggregated,2021-05,1.3027019834564513
United Kingdom,Aggregated,2021-06,-0.08754811649500915
United Kingdom,Aggregated,2021-07,-0.24395668604087817
United Kingdom,Aggregated,2021-08,0.6922004725746955
United Kingdom,Aggregated,2021-09,0.7856514850016367
United Kingdom,Aggregated,2021-10,-0.45712018839701685
United Kingdom,Aggregated,2021-11,0.7781703448770294
United Kingdom,Aggregated,2021-12,0.5886853105212442
United Kingdom,Aggregated,2022-01,-0.13900140068814082
United Kingdom,Aggregated,2022-02,1.4286383337012598
United Kingdom,Aggregated,2022-03,0.07596301580307596
United Kingdom,Aggregated,2022-04,-1.1454589492635616
United Kingdom,Aggregated,2022-05,-0.29382442238149764
United Kingdom,Aggregated,2022-06,1.3598174147461002
United Kingdom,Aggregated,2022-07,-1.1675561985604173
United Kingdom,Aggregated,2022-08,1.312687830734145
United Kingdom,Aggregated,2022-09,1.1514770130921317
United Kingdom,Aggregated,2022-10,-3.1033303420567977
United Kingdom,Aggregated,2022-11,0.15697482878050728
United Kingdom,Aggregated,2022-12,-2.159555608815859
United Kingdom,Aggregated,2023-01,0.47862666502523865
United Kingdom,Aggregated,2023-02,-0.5585819101254863
United Kingdom,Aggregated,2023-03,-0.21069776037266763
United Kingdom,Aggregated,2023-04,1.7715581831694767
United Kingdom,CHN->Partner,2002-01,2.8159457421978082
United Kingdom,CHN->Partner,2002-02,-1.4999999999999982
United Kingdom,CHN->Partner,2002-03,1.4776120468847846
United Kingdom,CHN->Partner,2002-04,1.8099704183707654
United Kingdom,CHN->Partner,2002-05,2.0031569744783067
United Kingdom,CHN->Partner,2002-06,3.1999999999999993
United Kingdom,CHN->Partner,2002-07,2.772902447188004
United Kingdom,CHN->Partner,2002-08,2.7999999999999954
United Kingdom,CHN->Partner,2002-09,2.379283467886845
United Kingdom,CHN->Partner,2002-10,2.7525598599055563
United Kingdom,CHN->Partner,2002-11,2.4400000000000013
United Kingdom,CHN->Partner,2002-12,1.0
United Kingdom,CHN->Partner,2003-01,1.7763568394002505e-15
United Kingdom,CHN->Partner,2003-02,2.964868046957939
United Kingdom,CHN->Partner,2003-03,0.9475088460161114
United Kingdom,CHN->Partner,2003-04,1.585212630724886
United Kingdom,CHN->Partner,2003-05,0.24369449327946846
United Kingdom,CHN->Partner,2003-06,2.01155662724857
United Kingdom,CHN->Partner,2003-07,2.695063067418822
United Kingdom,CHN->Partner,2003-08,1.5000000000000018
United Kingdom,CHN->Partner,2003-09,1.161199804923518
United Kingdom,CHN->Partner,2003-10,1.3000000000000025
United Kingdom,CHN->Partner,2003-11,2.116963566897482
United Kingdom,CHN->Partner,2003-12,1.0220691195254474
United Kingdom,CHN->Partner,2004-01,0.7161189837739261
United Kingdom,CHN->Partner,2004-02,2.0749999999999993
United Kingdom,CHN->Partner,2004-03,0.6858602863442691
United Kingdom,CHN->Partner,2004-04,1.0611366007084797
United Kingdom,CHN->Partner,2004-05,1.9137090507754024
United Kingdom,CHN->Partner,2004-06,2.023359789433572
United Kingdom,CHN->Partner,2004-07,-2.0353070361225036
United Kingdom,CHN->Partner,2004-08,2.6666666666666643
United Kingdom,CHN->Partner,2004-09,-0.8815905421214989
United Kingdom,CHN->Partner,2004-10,2.9764318481686693
United Kingdom,CHN->Partner,2004-11,0.08943903376158957
United Kingdom,CHN->Partner,2004-12,2.563063485794867
United Kingdom,CHN->Partner,2005-01,2.3040495333103355
United Kingdom,CHN->Partner,2005-02,2.7015815961659495
United Kingdom,CHN->Partner,2005-03,1.5599999999999987
United Kingdom,CHN->Partner,2005-04,2.1999999999999993
United Kingdom,CHN->Partner,2005-05,2.1033229165140117
United Kingdom,CHN->Partner,2005-06,2.660491908152437
United Kingdom,CHN->Partner,2005-07,1.8364657915601743
United Kingdom,CHN->Partner,2005-08,3.7600000000000016
United Kingdom,CHN->Partner,2005-09,3.100172895597666
United Kingdom,CHN->Partner,2005-10,2.757789195568897
United Kingdom,CHN->Partner,2005-11,2.153245947107475
United Kingdom,CHN->Partner,2005-12,1.1428571428571441
United Kingdom,CHN->Partner,2006-01,2.2740681031880303
United Kingdom,CHN->Partner,2006-02,3.151840933289879
United Kingdom,CHN->Partner,2006-03,1.0804951390637552
United Kingdom,CHN->Partner,2006-04,2.176948266962766
United Kingdom,CHN->Partner,2006-05,1.6305059826843689
United Kingdom,CHN->Partner,2006-06,0.9984257470831555
United Kingdom,CHN->Partner,2006-07,1.866674819312129
United Kingdom,CHN->Partner,2006-08,1.0134043005014828
United Kingdom,CHN->Partner,2006-09,2.4150361609287394
United Kingdom,CHN->Partner,2006-10,2.577467893071958
United Kingdom,CHN->Partner,2006-11,3.551365194688394
United Kingdom,CHN->Partner,2006-12,2.619291996947659
United Kingdom,CHN->Partner,2007-01,1.2941437192990008
United Kingdom,CHN->Partner,2007-02,2.27470367126125
United Kingdom,CHN->Partner,2007-03,2.9680981819964707
United Kingdom,CHN->Partner,2007-04,2.8285618516559268
United Kingdom,CHN->Partner,2007-05,2.5952175651390377
United Kingdom,CHN->Partner,2007-06,2.864553105582951
United Kingdom,CHN->Partner,2007-07,2.3578402164683627
United Kingdom,CHN->Partner,2007-08,3.1750000000000025
United Kingdom,CHN->Partner,2007-09,0.3127737760101308
United Kingdom,CHN->Partner,2007-10,1.2390319532332033
United Kingdom,CHN->Partner,2007-11,1.2524231654243323
United Kingdom,CHN->Partner,2007-12,1.519409868933712
United Kingdom,CHN->Partner,2008-01,3.277291180228511
United Kingdom,CHN->Partner,2008-02,2.6353070009567503
United Kingdom,CHN->Partner,2008-03,1.8071361150906213
United Kingdom,CHN->Partner,2008-04,0.5583841291804408
United Kingdom,CHN->Partner,2008-05,1.686199515545825
United Kingdom,CHN->Partner,2008-06,2.485714285714282
United Kingdom,CHN->Partner,2008-07,-0.3245742313080999
United Kingdom,CHN->Partner,2008-08,-1.4563276326909094
United Kingdom,CHN->Partner,2008-09,1.8108170930366079
United Kingdom,CHN->Partner,2008-10,0.745933602752018
United Kingdom,CHN->Partner,2008-11,1.6492643105062559
United Kingdom,CHN->Partner,2008-12,0.6000000000000014
United Kingdom,CHN->Partner,2009-01,1.9915444284092292
United Kingdom,CHN->Partner,2009-02,1.6610916466822019
United Kingdom,CHN->Partner,2009-03,2.8313426725754205
United Kingdom,CHN->Partner,2009-04,2.3256354281117044
United Kingdom,CHN->Partner,2009-05,2.0319164502351246
United Kingdom,CHN->Partner,2009-06,1.0884925951372715
United Kingdom,CHN->Partner,2009-07,0.33183884025594956
United Kingdom,CHN->Partner,2009-08,1.8588297959397835
United Kingdom,CHN->Partner,2009-09,3.0891231824216643
United Kingdom,CHN->Partner,2009-10,1.5071942696669627
United Kingdom,CHN->Partner,2009-11,2.5318176597121536
United Kingdom,CHN->Partner,2009-12,-1.0494737610046112
United Kingdom,CHN->Partner,2010-01,-0.004836568400667929
United Kingdom,CHN->Partner,2010-02,2.8954857540335315
United Kingdom,CHN->Partner,2010-03,1.4921632489871772
United Kingdom,CHN->Partner,2010-04,3.278551216842775
United Kingdom,CHN->Partner,2010-05,3.6284809400451916
United Kingdom,CHN->Partner,2010-06,2.3439192088210294
United Kingdom,CHN->Partner,2010-07,1.7138045456375686
United Kingdom,CHN->Partner,2010-08,3.2249999999999996
United Kingdom,CHN->Partner,2010-09,1.0144703366290333
United Kingdom,CHN->Partner,2010-10,2.9142857142857146
United Kingdom,CHN->Partner,2010-11,2.4492919966123488
United Kingdom,CHN->Partner,2010-12,3.416248726664273
United Kingdom,CHN->Partner,2011-01,2.8384828422735744
United Kingdom,CHN->Partner,2011-02,0.30000495441511177
United Kingdom,CHN->Partner,2011-03,-1.4572774809436897
United Kingdom,CHN->Partner,2011-04,0.09957974102665013
United Kingdom,CHN->Partner,2011-05,1.2762203155904572
United Kingdom,CHN->Partner,2011-06,1.7378525735466361
United Kingdom,CHN->Partner,2011-07,-3.0889858862475306
United Kingdom,CHN->Partner,2011-08,0.4499999999999993
United Kingdom,CHN->Partner,2011-09,2.580788296895637
United Kingdom,CHN->Partner,2011-10,-0.5043010290113337
United Kingdom,CHN->Partner,2011-11,0.7899799195977479
United Kingdom,CHN->Partner,2011-12,1.8058875852948866
United Kingdom,CHN->Partner,2012-01,3.20014771585916
United Kingdom,CHN->Partner,2012-02,0.17633188823219115
United Kingdom,CHN->Partner,2012-03,2.156190949287115
United Kingdom,CHN->Partner,2012-04,0.3408718751614117
United Kingdom,CHN->Partner,2012-05,0.029592702020416084
United Kingdom,CHN->Partner,2012-06,2.2396434933479696
United Kingdom,CHN->Partner,2012-07,1.5646988370372927
United Kingdom,CHN->Partner,2012-08,-8.84095844691322
United Kingdom,CHN->Partner,2012-09,-0.85752532984813
United Kingdom,CHN->Partner,2012-10,2.6666666666666643
United Kingdom,CHN->Partner,2012-11,3.3999999999999986
United Kingdom,CHN->Partner,2012-12,1.2169811275094844
United Kingdom,CHN->Partner,2013-01,-1.903449825534267
United Kingdom,CHN->Partner,2013-02,1.5330351989103246
United Kingdom,CHN->Partner,2013-03,3.1999999999999993
United Kingdom,CHN->Partner,2013-04,0.6648347854256098
United Kingdom,CHN->Partner,2013-05,1.9028628365324938
United Kingdom,CHN->Partner,2013-06,1.0
United Kingdom,CHN->Partner,2013-07,-0.5714285714285694
United Kingdom,CHN->Partner,2013-08,-3.0000000000000018
United Kingdom,CHN->Partner,2013-09,2.359279907172491
United Kingdom,CHN->Partner,2013-10,1.5824318340079806
United Kingdom,CHN->Partner,2013-11,4.493421150653003
United Kingdom,CHN->Partner,2013-12,3.1855515231544267
United Kingdom,CHN->Partner,2014-01,3.910393098165244
United Kingdom,CHN->Partner,2014-02,1.3737484798468316
United Kingdom,CHN->Partner,2014-03,3.0208084427587494
United Kingdom,CHN->Partner,2014-04,1.7652305073493455
United Kingdom,CHN->Partner,2014-05,4.649999999999999
United Kingdom,CHN->Partner,2014-06,2.5978066740404717
United Kingdom,CHN->Partner,2014-07,1.8819525716307375
United Kingdom,CHN->Partner,2014-08,1.2499999999999964
United Kingdom,CHN->Partner,2014-09,1.3527717669289192
United Kingdom,CHN->Partner,2014-10,-0.04476663377064227
United Kingdom,CHN->Partner,2014-11,2.025875504377348
United Kingdom,CHN->Partner,2014-12,0.27162391862835555
United Kingdom,CHN->Partner,2015-01,2.4838469261771206
United Kingdom,CHN->Partner,2015-02,-0.7565154431449344
United Kingdom,CHN->Partner,2015-03,3.1751244029757526
United Kingdom,CHN->Partner,2015-04,4.31330767098515
United Kingdom,CHN->Partner,2015-05,5.101951025259925
United Kingdom,CHN->Partner,2015-06,2.6613358882145075
United Kingdom,CHN->Partner,2015-07,5.203164852564935
United Kingdom,CHN->Partner,2015-08,3.953218006660485
United Kingdom,CHN->Partner,2015-09,3.7251497493814565
United Kingdom,CHN->Partner,2015-10,2.2696047169369695
United Kingdom,CHN->Partner,2015-11,3.808648454813003
United Kingdom,CHN->Partner,2015-12,0.8690737272728608
United Kingdom,CHN->Partner,2016-01,3.3105972585378876
United Kingdom,CHN->Partner,2016-02,0.0347010041582827
United Kingdom,CHN->Partner,2016-03,2.6000000000000014
United Kingdom,CHN->Partner,2016-04,1.9892009965227615
United Kingdom,CHN->Partner,2016-05,1.7932855337391427
United Kingdom,CHN->Partner,2016-06,2.748399350209965
United Kingdom,CHN->Partner,2016-07,2.583108621622582
United Kingdom,CHN->Partner,2016-08,0.4469001180194425
United Kingdom,CHN->Partner,2016-09,2.105002772924813
United Kingdom,CHN->Partner,2016-10,3.7685329595827923
United Kingdom,CHN->Partner,2016-11,2.289683722778525
United Kingdom,CHN->Partner,2016-12,3.378017363159932
United Kingdom,CHN->Partner,2017-01,3.220229650356238
United Kingdom,CHN->Partner,2017-02,2.504401459389939
United Kingdom,CHN->Partner,2017-03,2.2028073420436183
United Kingdom,CHN->Partner,2017-04,3.5
United Kingdom,CHN->Partner,2017-05,4.606660782962651
United Kingdom,CHN->Partner,2017-06,1.82242138420429
United Kingdom,CHN->Partner,2017-07,1.6229835390178895
United Kingdom,CHN->Partner,2017-08,2.6393100348931444
United Kingdom,CHN->Partner,2017-09,2.644318722997909
United Kingdom,CHN->Partner,2017-10,2.737497604795559
United Kingdom,CHN->Partner,2017-11,3.5955094791023345
United Kingdom,CHN->Partner,2017-12,2.997833059721252
United Kingdom,CHN->Partner,2018-01,3.519706445217942
United Kingdom,CHN->Partner,2018-02,1.7753056120012172
United Kingdom,CHN->Partner,2018-03,3.9748162117717065
United Kingdom,CHN->Partner,2018-04,2.286077057593186
United Kingdom,CHN->Partner,2018-05,2.6481445706176334
United Kingdom,CHN->Partner,2018-06,1.9410823788787184
United Kingdom,CHN->Partner,2018-07,0.7344307004756097
United Kingdom,CHN->Partner,2018-08,2.94485755254518
United Kingdom,CHN->Partner,2018-09,1.2929516837024515
United Kingdom,CHN->Partner,2018-10,1.4094072571302565
United Kingdom,CHN->Partner,2018-11,0.7412385625259077
United Kingdom,CHN->Partner,2018-12,-1.9999999999999982
United Kingdom,CHN->Partner,2019-01,-1.0038925770318645
United Kingdom,CHN->Partner,2019-02,0.27007897664874925
United Kingdom,CHN->Partner,2019-03,3.2074602245996964
United Kingdom,CHN->Partner,2019-04,0.7992293636871892
United Kingdom,CHN->Partner,2019-05,-0.3093370427466038
United Kingdom,CHN->Partner,2019-06,2.98318538913648
United Kingdom,CHN->Partner,2019-07,-0.6327854478016981
United Kingdom,CHN->Partner,2019-08,-1.3334074807695835
United Kingdom,CHN->Partner,2019-09,2.0270022108732153
United Kingdom,CHN->Partner,2019-10,0.36337619670479526
United Kingdom,CHN->Partner,2019-11,-1.3309123682185575
United Kingdom,CHN->Partner,2019-12,2.25
United Kingdom,CHN->Partner,2020-01,1.287105265361527
United Kingdom,CHN->Partner,2020-02,0.12640685827888198
United Kingdom,CHN->Partner,2020-03,1.5693559672696118
United Kingdom,CHN->Partner,2020-04,-0.5
United Kingdom,CHN->Partner,2020-05,0.017958327426251586
United Kingdom,CHN->Partner,2020-06,-0.3981873755223564
United Kingdom,CHN->Partner,2020-07,-1.0410617383675316
United Kingdom,CHN->Partner,2020-08,-1.5285917722109552
United Kingdom,CHN->Partner,2020-09,0.41589330633395605
United Kingdom,CHN->Partner,2020-10,-0.6898729990911949
United Kingdom,CHN->Partner,2020-11,-0.7266671276564463
United Kingdom,CHN->Partner,2020-12,0.2774012418712264
United Kingdom,CHN->Partner,2021-01,0.40233584451856963
United Kingdom,CHN->Partner,2021-02,-0.9904800397686664
United Kingdom,CHN->Partner,2021-03,-1.4666591158336484
United Kingdom,CHN->Partner,2021-04,0.7196793366435763
United Kingdom,CHN->Partner,2021-05,0.12967213204801986
United Kingdom,CHN->Partner,2021-06,0.4839610208914955
United Kingdom,CHN->Partner,2021-07,0.2065744891569281
United Kingdom,CHN->Partner,2021-08,1.186422093273677
United Kingdom,CHN->Partner,2021-09,0.47101670146280306
United Kingdom,CHN->Partner,2021-10,-0.6020721067152959
United Kingdom,CHN->Partner,2021-11,0.40273322674256207
United Kingdom,CHN->Partner,2021-12,1.1759776363798071
United Kingdom,CHN->Partner,2022-01,-0.2479194223768264
United Kingdom,CHN->Partner,2022-02,1.6598566169385407
United Kingdom,CHN->Partner,2022-03,-0.1480569520301689
United Kingdom,CHN->Partner,2022-04,-0.4956640974875537
United Kingdom,CHN->Partner,2022-05,-0.5570436548758799
United Kingdom,CHN->Partner,2022-06,1.3448896491721651
United Kingdom,CHN->Partner,2022-07,-0.40522209555029676
United Kingdom,CHN->Partner,2022-08,0.9541831959848324
United Kingdom,CHN->Partner,2022-09,1.6791163145756691
United Kingdom,CHN->Partner,2022-10,-1.7799593630696044
United Kingdom,CHN->Partner,2022-11,-0.2037652222027102
United Kingdom,CHN->Partner,2022-12,-2.257536721321081
United Kingdom,CHN->Partner,2023-01,0.5436886637550362
United Kingdom,CHN->Partner,2023-02,1.0317729176169514
United Kingdom,CHN->Partner,2023-03,0.096694314974064
United Kingdom,CHN->Partner,2023-04,2.4333466825595274
United Kingdom,Partner->CHN,2002-01,2.363773756108394
United Kingdom,Partner->CHN,2002-02,0.4999999999999982
United Kingdom,Partner->CHN,2002-03,2.012300730942181
United Kingdom,Partner->CHN,2002-04,1.9021329085763234
United Kingdom,Partner->CHN,2002-05,2.7914742472854286
United Kingdom,Partner->CHN,2002-06,5.666666666666668
United Kingdom,Partner->CHN,2002-07,2.5475838521593417
United Kingdom,Partner->CHN,2002-08,0.5333333333333314
United Kingdom,Partner->CHN,2002-09,1.6181644676921998
United Kingdom,Partner->CHN,2002-10,1.9751627540786494
United Kingdom,Partner->CHN,2002-11,3.6549941995281507
United Kingdom,Partner->CHN,2002-12,1.4799999999999986
United Kingdom,Partner->CHN,2003-01,1.0
United Kingdom,Partner->CHN,2003-02,-0.638513694047866
United Kingdom,Partner->CHN,2003-03,2.0200093192231474
United Kingdom,Partner->CHN,2003-04,0.12914972062125862
United Kingdom,Partner->CHN,2003-05,1.7158621913973384
United Kingdom,Partner->CHN,2003-06,1.6115538285320987
United Kingdom,Partner->CHN,2003-07,2.2265099418105674
United Kingdom,Partner->CHN,2003-08,1.0
United Kingdom,Partner->CHN,2003-09,2.0071299701911904
United Kingdom,Partner->CHN,2003-10,0.33333333333333215
United Kingdom,Partner->CHN,2003-11,1.9076368738926508
United Kingdom,Partner->CHN,2003-12,3.0999999999999996
United Kingdom,Partner->CHN,2004-01,1.485071290540592
United Kingdom,Partner->CHN,2004-02,0.9992890198204325
United Kingdom,Partner->CHN,2004-03,-0.03466154765032847
United Kingdom,Partner->CHN,2004-04,0.35950343716741173
United Kingdom,Partner->CHN,2004-05,1.6138065537845971
United Kingdom,Partner->CHN,2004-06,1.3212098897642193
United Kingdom,Partner->CHN,2004-07,-0.38631326486527406
United Kingdom,Partner->CHN,2004-08,4.799999999999997
United Kingdom,Partner->CHN,2004-09,1.6202565673279672
United Kingdom,Partner->CHN,2004-10,3.134122995061336
United Kingdom,Partner->CHN,2004-11,2.050163392621597
United Kingdom,Partner->CHN,2004-12,2.237346370632755
United Kingdom,Partner->CHN,2005-01,3.2788130909925943
United Kingdom,Partner->CHN,2005-02,1.5696585989484007
United Kingdom,Partner->CHN,2005-03,1.6886051539324871
United Kingdom,Partner->CHN,2005-04,2.124560330009455
United Kingdom,Partner->CHN,2005-05,2.650028388935853
United Kingdom,Partner->CHN,2005-06,2.6937993244947673
United Kingdom,Partner->CHN,2005-07,1.2663382812720467
United Kingdom,Partner->CHN,2005-08,2.713803807547521
United Kingdom,Partner->CHN,2005-09,2.647623979700546
United Kingdom,Partner->CHN,2005-10,1.3699063564164842
United Kingdom,Partner->CHN,2005-11,2.4222974431230675
United Kingdom,Partner->CHN,2005-12,1.4748162117717118
United Kingdom,Partner->CHN,2006-01,1.928712468953318
United Kingdom,Partner->CHN,2006-02,2.9666534011906496
United Kingdom,Partner->CHN,2006-03,0.8436457280186165
United Kingdom,Partner->CHN,2006-04,2.2614999450392617
United Kingdom,Partner->CHN,2006-05,2.6376253000666203
United Kingdom,Partner->CHN,2006-06,1.4269383752766984
United Kingdom,Partner->CHN,2006-07,0.5327899769018103
United Kingdom,Partner->CHN,2006-08,2.3615572607647035
United Kingdom,Partner->CHN,2006-09,2.484339534979398
United Kingdom,Partner->CHN,2006-10,2.726009057786598
United Kingdom,Partner->CHN,2006-11,2.716132476371616
United Kingdom,Partner->CHN,2006-12,3.5715994803883486
United Kingdom,Partner->CHN,2007-01,1.4399999999999995
United Kingdom,Partner->CHN,2007-02,0.7738547468692136
United Kingdom,Partner->CHN,2007-03,2.9956682063805733
United Kingdom,Partner->CHN,2007-04,2.1610501562050004
United Kingdom,Partner->CHN,2007-05,2.836634069283795
United Kingdom,Partner->CHN,2007-06,1.788871768328944
United Kingdom,Partner->CHN,2007-07,2.255339031284562
United Kingdom,Partner->CHN,2007-08,1.6608681375189516
United Kingdom,Partner->CHN,2007-09,0.39493984946863137
United Kingdom,Partner->CHN,2007-10,-0.1593754893715893
United Kingdom,Partner->CHN,2007-11,0.904868440792967
United Kingdom,Partner->CHN,2007-12,1.6577603791453086
United Kingdom,Partner->CHN,2008-01,2.900976525399246
United Kingdom,Partner->CHN,2008-02,1.352696009634096
United Kingdom,Partner->CHN,2008-03,1.5400462598516622
United Kingdom,Partner->CHN,2008-04,2.193658573123564
United Kingdom,Partner->CHN,2008-05,1.9429607345976798
United Kingdom,Partner->CHN,2008-06,2.9372855804003244
United Kingdom,Partner->CHN,2008-07,0.7109800035651297
United Kingdom,Partner->CHN,2008-08,1.9470398714988253
United Kingdom,Partner->CHN,2008-09,1.4262533172270508
United Kingdom,Partner->CHN,2008-10,1.56277207511517
United Kingdom,Partner->CHN,2008-11,2.1883167791956257
United Kingdom,Partner->CHN,2008-12,-0.7404630503145082
United Kingdom,Partner->CHN,2009-01,0.32257237794677707
United Kingdom,Partner->CHN,2009-02,2.1269864573103465
United Kingdom,Partner->CHN,2009-03,1.0964340146935108
United Kingdom,Partner->CHN,2009-04,1.6454524612777437
United Kingdom,Partner->CHN,2009-05,1.696976406079548
United Kingdom,Partner->CHN,2009-06,1.7674913229481977
United Kingdom,Partner->CHN,2009-07,0.6242808650746667
United Kingdom,Partner->CHN,2009-08,1.6339030790490607
United Kingdom,Partner->CHN,2009-09,2.868498751941347
United Kingdom,Partner->CHN,2009-10,2.5666824372415977
United Kingdom,Partner->CHN,2009-11,0.7345343787035237
United Kingdom,Partner->CHN,2009-12,0.6060360267198917
United Kingdom,Partner->CHN,2010-01,-0.08749768269187719
United Kingdom,Partner->CHN,2010-02,3.033333333333335
United Kingdom,Partner->CHN,2010-03,1.5033069276926714
United Kingdom,Partner->CHN,2010-04,2.9211994695624366
United Kingdom,Partner->CHN,2010-05,2.775208008622627
United Kingdom,Partner->CHN,2010-06,2.193848661676686
United Kingdom,Partner->CHN,2010-07,0.8365645058972913
United Kingdom,Partner->CHN,2010-08,3.410792177363316
United Kingdom,Partner->CHN,2010-09,1.5802055317280566
United Kingdom,Partner->CHN,2010-10,4.1371731458808245
United Kingdom,Partner->CHN,2010-11,1.7595603003098184
United Kingdom,Partner->CHN,2010-12,2.855258073759323
United Kingdom,Partner->CHN,2011-01,3.1800396350236095
United Kingdom,Partner->CHN,2011-02,1.4000000000000004
United Kingdom,Partner->CHN,2011-03,0.08516761688949259
United Kingdom,Partner->CHN,2011-04,2.7867474399571748
United Kingdom,Partner->CHN,2011-05,3.7015233741641627
United Kingdom,Partner->CHN,2011-06,1.5714789064297303
United Kingdom,Partner->CHN,2011-07,4.400000000000002
United Kingdom,Partner->CHN,2011-08,1.320000000000002
United Kingdom,Partner->CHN,2011-09,1.6736972093894327
United Kingdom,Partner->CHN,2011-10,2.1918068072311687
United Kingdom,Partner->CHN,2011-11,2.5250024772075523
United Kingdom,Partner->CHN,2011-12,3.136321181724547
United Kingdom,Partner->CHN,2012-01,2.5954225830196496
United Kingdom,Partner->CHN,2012-02,-0.09592656286477563
United Kingdom,Partner->CHN,2012-03,2.4829133087691115
United Kingdom,Partner->CHN,2012-04,2.183076092774785
United Kingdom,Partner->CHN,2012-05,1.3488847649602
United Kingdom,Partner->CHN,2012-06,2.856423456261002
United Kingdom,Partner->CHN,2012-07,1.6106965393435644
United Kingdom,Partner->CHN,2012-08,-2.8059172405989976
United Kingdom,Partner->CHN,2012-09,0.310561655307259
United Kingdom,Partner->CHN,2012-10,2.286335345030997
United Kingdom,Partner->CHN,2012-11,1.4375
United Kingdom,Partner->CHN,2012-12,2.2679486231364656
United Kingdom,Partner->CHN,2013-01,0.01641748130945153
United Kingdom,Partner->CHN,2013-02,-0.6102968483774482
United Kingdom,Partner->CHN,2013-03,2.959785363289919
United Kingdom,Partner->CHN,2013-04,2.7056192000097976
United Kingdom,Partner->CHN,2013-05,1.2082568144883012
United Kingdom,Partner->CHN,2013-06,-1.9230308413348869
United Kingdom,Partner->CHN,2013-07,1.1999999999999993
United Kingdom,Partner->CHN,2013-08,1.3564950582492283
United Kingdom,Partner->CHN,2013-09,3.542273287801036
United Kingdom,Partner->CHN,2013-10,2.020083123916587
United Kingdom,Partner->CHN,2013-11,3.4994876437282887
United Kingdom,Partner->CHN,2013-12,3.0473054192139077
United Kingdom,Partner->CHN,2014-01,3.144422115445561
United Kingdom,Partner->CHN,2014-02,2.3072053738274434
United Kingdom,Partner->CHN,2014-03,2.1224974708737125
United Kingdom,Partner->CHN,2014-04,2.8178037435792582
United Kingdom,Partner->CHN,2014-05,3.5375645403330367
United Kingdom,Partner->CHN,2014-06,2.8346935368113524
United Kingdom,Partner->CHN,2014-07,2.6708964895864504
United Kingdom,Partner->CHN,2014-08,7.9999999999999964
United Kingdom,Partner->CHN,2014-09,1.7896347142520774
United Kingdom,Partner->CHN,2014-10,1.7096498483961966
United Kingdom,Partner->CHN,2014-11,2.4149933675490107
United Kingdom,Partner->CHN,2014-12,0.44751545711001306
United Kingdom,Partner->CHN,2015-01,2.228871823606573
United Kingdom,Partner->CHN,2015-02,1.978574053660541
United Kingdom,Partner->CHN,2015-03,3.060885677519872
United Kingdom,Partner->CHN,2015-04,5.239574929131049
United Kingdom,Partner->CHN,2015-05,5.063620197160564
United Kingdom,Partner->CHN,2015-06,2.5811496142115544
United Kingdom,Partner->CHN,2015-07,4.970846956328305
United Kingdom,Partner->CHN,2015-08,2.541245697413512
United Kingdom,Partner->CHN,2015-09,2.4542992802636387
United Kingdom,Partner->CHN,2015-10,2.7908390969268346
United Kingdom,Partner->CHN,2015-11,3.573450785425873
United Kingdom,Partner->CHN,2015-12,1.6839377366814166
United Kingdom,Partner->CHN,2016-01,3.3702821178328204
United Kingdom,Partner->CHN,2016-02,0.720990467993964
United Kingdom,Partner->CHN,2016-03,4.300000000000001
United Kingdom,Partner->CHN,2016-04,2.504693683020978
United Kingdom,Partner->CHN,2016-05,2.9178256908044418
United Kingdom,Partner->CHN,2016-06,2.2664069092067134
United Kingdom,Partner->CHN,2016-07,4.200852073983423
United Kingdom,Partner->CHN,2016-08,2.7404509620059834
United Kingdom,Partner->CHN,2016-09,2.0417519380340163
United Kingdom,Partner->CHN,2016-10,2.7311285927635804
United Kingdom,Partner->CHN,2016-11,1.9444022745112264
United Kingdom,Partner->CHN,2016-12,3.5046146674768295
United Kingdom,Partner->CHN,2017-01,3.138266335794526
United Kingdom,Partner->CHN,2017-02,3.832559695245063
United Kingdom,Partner->CHN,2017-03,3.0285714285714285
United Kingdom,Partner->CHN,2017-04,2.5
United Kingdom,Partner->CHN,2017-05,4.199774084087224
United Kingdom,Partner->CHN,2017-06,2.613257140991827
United Kingdom,Partner->CHN,2017-07,1.7161027477524602
United Kingdom,Partner->CHN,2017-08,2.509412716379405
United Kingdom,Partner->CHN,2017-09,1.9372311438694005
United Kingdom,Partner->CHN,2017-10,2.8916619032519417
United Kingdom,Partner->CHN,2017-11,2.0651682193284966
United Kingdom,Partner->CHN,2017-12,3.200698675809006
United Kingdom,Partner->CHN,2018-01,3.5569669935070927
United Kingdom,Partner->CHN,2018-02,2.651284850767137
United Kingdom,Partner->CHN,2018-03,4.200106262276432
United Kingdom,Partner->CHN,2018-04,3.1367412663656005
United Kingdom,Partner->CHN,2018-05,3.3230044752691157
United Kingdom,Partner->CHN,2018-06,1.6275107364022592
United Kingdom,Partner->CHN,2018-07,2.899200978277758
United Kingdom,Partner->CHN,2018-08,3.562050371725485
United Kingdom,Partner->CHN,2018-09,1.6347366443401459
United Kingdom,Partner->CHN,2018-10,1.015628348776346
United Kingdom,Partner->CHN,2018-11,0.06795527457500405
United Kingdom,Partner->CHN,2018-12,-1.4142857142857164
United Kingdom,Partner->CHN,2019-01,0.26045101893287104
United Kingdom,Partner->CHN,2019-02,-1.1904943736702993
United Kingdom,Partner->CHN,2019-03,3.4432529166174586
United Kingdom,Partner->CHN,2019-04,-0.39028502545713195
United Kingdom,Partner->CHN,2019-05,1.3196673242401662
United Kingdom,Partner->CHN,2019-06,3.9467071798133215
United Kingdom,Partner->CHN,2019-07,1.3454453104652035
United Kingdom,Partner->CHN,2019-08,0.48348012234216675
United Kingdom,Partner->CHN,2019-09,2.911294365694136
United Kingdom,Partner->CHN,2019-10,-1.3585145143335708
United Kingdom,Partner->CHN,2019-11,2.2025399027489456
United Kingdom,Partner->CHN,2019-12,0.6999999999999993
United Kingdom,Partner->CHN,2020-01,1.6369704596781816
United Kingdom,Partner->CHN,2020-02,1.0188219682967183
United Kingdom,Partner->CHN,2020-03,2.7929976585045324
United Kingdom,Partner->CHN,2020-04,0.31649353074509534
United Kingdom,Partner->CHN,2020-05,0.0061934326491037694
United Kingdom,Partner->CHN,2020-06,0.8121870066112695
United Kingdom,Partner->CHN,2020-07,-0.25188373814653886
United Kingdom,Partner->CHN,2020-08,0.28461816592975353
United Kingdom,Partner->CHN,2020-09,0.6568232417742284
United Kingdom,Partner->CHN,2020-10,-2.1999999999999993
United Kingdom,Partner->CHN,2020-11,-1.253698110433433
United Kingdom,Partner->CHN,2020-12,-0.16681930622962327
United Kingdom,Partner->CHN,2021-01,0.48228290143733155
United Kingdom,Partner->CHN,2021-02,-1.1019299518764711
United Kingdom,Partner->CHN,2021-03,-1.750144971789144
United Kingdom,Partner->CHN,2021-04,0.5250757902021217
United Kingdom,Partner->CHN,2021-05,2.3751415355004735
United Kingdom,Partner->CHN,2021-06,0.45397879811824104
United Kingdom,Partner->CHN,2021-07,0.787215274480042
United Kingdom,Partner->CHN,2021-08,0.5448498183659751
United Kingdom,Partner->CHN,2021-09,1.44917542061307
United Kingdom,Partner->CHN,2021-10,0.8355927017531108
United Kingdom,Partner->CHN,2021-11,1.828413458523313
United Kingdom,Partner->CHN,2021-12,0.8013702296746459
United Kingdom,Partner->CHN,2022-01,0.9545862257642614
United Kingdom,Partner->CHN,2022-02,1.67019476639366
United Kingdom,Partner->CHN,2022-03,0.2805968050083454
United Kingdom,Partner->CHN,2022-04,-0.7090782465944141
United Kingdom,Partner->CHN,2022-05,0.8374999999999986
United Kingdom,Partner->CHN,2022-06,2.7011684765462984
United Kingdom,Partner->CHN,2022-07,-0.09615199053504142
United Kingdom,Partner->CHN,2022-08,2.259356628875734
United Kingdom,Partner->CHN,2022-09,0.9763400119166867
United Kingdom,Partner->CHN,2022-10,-3.634171371228155
United Kingdom,Partner->CHN,2022-11,0.1974976582831136
United Kingdom,Partner->CHN,2022-12,-1.6213936156904296
United Kingdom,Partner->CHN,2023-01,-0.49999999999999645
United Kingdom,Partner->CHN,2023-02,-2.46057128160521
United Kingdom,Partner->CHN,2023-03,0.9027947590413845
United Kingdom,Partner->CHN,2023-04,2.2249999999999996
United States,Aggregated,2002-01,1.8250639664956694
United States,Aggregated,2002-02,1.6487103093104505
United States,Aggregated,2002-03,0.46490241940309573
United States,Aggregated,2002-04,1.541691487557518
United States,Aggregated,2002-05,0.5814354495965439
United States,Aggregated,2002-06,1.309422600477026
United States,Aggregated,2002-07,0.9114652582977687
United States,Aggregated,2002-08,2.126969995772283
United States,Aggregated,2002-09,1.0211641907751314
United States,Aggregated,2002-10,1.648403284513062
United States,Aggregated,2002-11,1.092706168223481
United States,Aggregated,2002-12,1.6967105065743588
United States,Aggregated,2003-01,1.7624547357639067
United States,Aggregated,2003-02,1.1809926936668056
United States,Aggregated,2003-03,0.5136227333819186
United States,Aggregated,2003-04,0.9424970375658894
United States,Aggregated,2003-05,0.5207683183560654
United States,Aggregated,2003-06,1.2978822440007551
United States,Aggregated,2003-07,1.892979107132149
United States,Aggregated,2003-08,1.73255777467012
United States,Aggregated,2003-09,1.2536533468649314
United States,Aggregated,2003-10,1.3445365005437022
United States,Aggregated,2003-11,1.622395250902164
United States,Aggregated,2003-12,1.8576509051671657
United States,Aggregated,2004-01,1.5509108095254085
United States,Aggregated,2004-02,1.2220338244578262
United States,Aggregated,2004-03,0.34015458814293176
United States,Aggregated,2004-04,1.566841225272805
United States,Aggregated,2004-05,0.41760157506951145
United States,Aggregated,2004-06,1.0343064296395053
United States,Aggregated,2004-07,1.260680303583369
United States,Aggregated,2004-08,0.5111680868651014
United States,Aggregated,2004-09,1.578236674988549
United States,Aggregated,2004-10,1.2822951631325363
United States,Aggregated,2004-11,1.7948228559952941
United States,Aggregated,2004-12,0.08286130944105707
United States,Aggregated,2005-01,0.5147706242095289
United States,Aggregated,2005-02,1.1911508751450164
United States,Aggregated,2005-03,0.7703077631651141
United States,Aggregated,2005-04,1.1753814345401175
United States,Aggregated,2005-05,0.7252530419988261
United States,Aggregated,2005-06,0.20392180533755955
United States,Aggregated,2005-07,0.6875014784117468
United States,Aggregated,2005-08,2.2071651073996517
United States,Aggregated,2005-09,1.7888673815825786
United States,Aggregated,2005-10,1.7385358678734875
United States,Aggregated,2005-11,2.23544345333012
United States,Aggregated,2005-12,0.9648029642634963
United States,Aggregated,2006-01,2.0223960443213915
United States,Aggregated,2006-02,1.0152997556910712
United States,Aggregated,2006-03,0.7671374868227083
United States,Aggregated,2006-04,2.108338739240285
United States,Aggregated,2006-05,1.1416487663728372
United States,Aggregated,2006-06,1.0807272706459017
United States,Aggregated,2006-07,1.5333502896796425
United States,Aggregated,2006-08,1.2359630846663023
United States,Aggregated,2006-09,1.777238466882185
United States,Aggregated,2006-10,1.9859174583959192
United States,Aggregated,2006-11,2.298638687342917
United States,Aggregated,2006-12,1.3670947380899552
United States,Aggregated,2007-01,0.9591532104425422
United States,Aggregated,2007-02,1.6363867591584853
United States,Aggregated,2007-03,1.2666029539967347
United States,Aggregated,2007-04,0.8265061598144818
United States,Aggregated,2007-05,1.0316034648996446
United States,Aggregated,2007-06,0.8949040897406562
United States,Aggregated,2007-07,0.7268207657536614
United States,Aggregated,2007-08,1.957664283517465
United States,Aggregated,2007-09,0.6793031266803595
United States,Aggregated,2007-10,1.703084486667377
United States,Aggregated,2007-11,0.5534949219646794
United States,Aggregated,2007-12,1.4972426784550663
United States,Aggregated,2008-01,1.7055962358134966
United States,Aggregated,2008-02,0.9333499355258414
United States,Aggregated,2008-03,0.805478681036405
United States,Aggregated,2008-04,0.9805383074500611
United States,Aggregated,2008-05,1.3064295485322752
United States,Aggregated,2008-06,1.672895045867758
United States,Aggregated,2008-07,0.985814929322343
United States,Aggregated,2008-08,0.4019646025723187
United States,Aggregated,2008-09,2.42902125471349
United States,Aggregated,2008-10,0.7757756288052367
United States,Aggregated,2008-11,2.015261511698551
United States,Aggregated,2008-12,2.1219095308673204
United States,Aggregated,2009-01,0.5862605826036535
United States,Aggregated,2009-02,2.067641576529965
United States,Aggregated,2009-03,1.275970163752671
United States,Aggregated,2009-04,0.8459884615481617
United States,Aggregated,2009-05,1.516608149305096
United States,Aggregated,2009-06,1.6596500656454314
United States,Aggregated,2009-07,1.52728092076587
United States,Aggregated,2009-08,2.063586461040826
United States,Aggregated,2009-09,1.8243451662855943
United States,Aggregated,2009-10,1.505264103578721
United States,Aggregated,2009-11,2.0317932227501228
United States,Aggregated,2009-12,1.3518300839760453
United States,Aggregated,2010-01,0.30029529619852724
United States,Aggregated,2010-02,0.4265540420230671
United States,Aggregated,2010-03,0.588520694714612
United States,Aggregated,2010-04,1.2503908696204054
United States,Aggregated,2010-05,1.077746404672947
United States,Aggregated,2010-06,0.5731983011045667
United States,Aggregated,2010-07,-0.2635964066122245
United States,Aggregated,2010-08,0.5260541669509458
United States,Aggregated,2010-09,1.2714548504176104
United States,Aggregated,2010-10,1.3030006613169896
United States,Aggregated,2010-11,0.13660910152508343
United States,Aggregated,2010-12,1.1285243908168958
United States,Aggregated,2011-01,2.1762533420950785
United States,Aggregated,2011-02,0.13671208768468723
United States,Aggregated,2011-03,0.2240922535997587
United States,Aggregated,2011-04,1.2247992146855804
United States,Aggregated,2011-05,0.9276115891421792
United States,Aggregated,2011-06,0.7146484287612207
United States,Aggregated,2011-07,1.8536990035901866
United States,Aggregated,2011-08,1.442124266178034
United States,Aggregated,2011-09,0.6732050259605877
United States,Aggregated,2011-10,0.26547174597066814
United States,Aggregated,2011-11,0.3885438498168732
United States,Aggregated,2011-12,0.992492334331418
United States,Aggregated,2012-01,1.0816133302360047
United States,Aggregated,2012-02,0.7313704729110757
United States,Aggregated,2012-03,1.007362020119114
United States,Aggregated,2012-04,0.633420491799205
United States,Aggregated,2012-05,1.2990584644280663
United States,Aggregated,2012-06,1.3433804964062688
United States,Aggregated,2012-07,-0.11531465171926136
United States,Aggregated,2012-08,0.5443439249406943
United States,Aggregated,2012-09,0.7712192751752447
United States,Aggregated,2012-10,0.21151470198968703
United States,Aggregated,2012-11,0.8731357862306144
United States,Aggregated,2012-12,0.9368935701721419
United States,Aggregated,2013-01,1.475623000816162
United States,Aggregated,2013-02,1.0491585171155453
United States,Aggregated,2013-03,1.4742421072156908
United States,Aggregated,2013-04,1.3027974992615423
United States,Aggregated,2013-05,0.9968864402034523
United States,Aggregated,2013-06,0.11412588134158419
United States,Aggregated,2013-07,0.94053108551309
United States,Aggregated,2013-08,0.19209965784137317
United States,Aggregated,2013-09,2.2329445363961558
United States,Aggregated,2013-10,0.15808183233408535
United States,Aggregated,2013-11,1.6326937184178174
United States,Aggregated,2013-12,0.9472750784467276
United States,Aggregated,2014-01,0.894374776007739
United States,Aggregated,2014-02,1.152970212424865
United States,Aggregated,2014-03,1.7610686776076623
United States,Aggregated,2014-04,0.6386912052303071
United States,Aggregated,2014-05,0.4097520406357855
United States,Aggregated,2014-06,0.2788944813938148
United States,Aggregated,2014-07,1.2741690044689484
United States,Aggregated,2014-08,-0.38288285271639566
United States,Aggregated,2014-09,0.9840809339912635
United States,Aggregated,2014-10,1.7411658852771854
United States,Aggregated,2014-11,2.3406467787484466
United States,Aggregated,2014-12,2.0743972871111964
United States,Aggregated,2015-01,1.4472459212342397
United States,Aggregated,2015-02,1.7531401537038978
United States,Aggregated,2015-03,0.7761623754339446
United States,Aggregated,2015-04,0.86382319188899
United States,Aggregated,2015-05,0.5276464671170906
United States,Aggregated,2015-06,0.8338177298169214
United States,Aggregated,2015-07,2.3625666071342426
United States,Aggregated,2015-08,0.8580844089611475
United States,Aggregated,2015-09,1.9312015686317885
United States,Aggregated,2015-10,1.330496126463057
United States,Aggregated,2015-11,0.7715820256077937
United States,Aggregated,2015-12,0.778945369014771
United States,Aggregated,2016-01,1.5997665314156642
United States,Aggregated,2016-02,1.228518382036075
United States,Aggregated,2016-03,1.082401436490029
United States,Aggregated,2016-04,0.8477181371055469
United States,Aggregated,2016-05,-0.17942539171498595
United States,Aggregated,2016-06,0.6587521266231029
United States,Aggregated,2016-07,0.26739803155209785
United States,Aggregated,2016-08,1.5313747418987322
United States,Aggregated,2016-09,1.3294003779455164
United States,Aggregated,2016-10,0.06446841225882416
United States,Aggregated,2016-11,1.598066220104652
United States,Aggregated,2016-12,-0.1461476916511355
United States,Aggregated,2017-01,0.2812362814658087
United States,Aggregated,2017-02,0.19911547700329812
United States,Aggregated,2017-03,0.8703186967991012
United States,Aggregated,2017-04,1.5931453629580528
United States,Aggregated,2017-05,0.6464747915818592
United States,Aggregated,2017-06,0.9359716788179515
United States,Aggregated,2017-07,0.46562747845579544
United States,Aggregated,2017-08,0.42656791459144827
United States,Aggregated,2017-09,1.3487849639232703
United States,Aggregated,2017-10,1.7795074415179801
United States,Aggregated,2017-11,1.2220850563133911
United States,Aggregated,2017-12,0.6703699722854832
United States,Aggregated,2018-01,0.41432491431706175
United States,Aggregated,2018-02,0.45248873461352446
United States,Aggregated,2018-03,0.2951275880635258
United States,Aggregated,2018-04,0.2471794133418257
United States,Aggregated,2018-05,0.7242140710126517
United States,Aggregated,2018-06,0.959035456924628
United States,Aggregated,2018-07,-1.010321564516758
United States,Aggregated,2018-08,-0.6287559111901118
United States,Aggregated,2018-09,-0.6373739146002269
United States,Aggregated,2018-10,-0.11452428921252711
United States,Aggregated,2018-11,0.9438921869218575
United States,Aggregated,2018-12,1.3244998603231917
United States,Aggregated,2019-01,1.2024335581803367
United States,Aggregated,2019-02,1.4578832379782902
United States,Aggregated,2019-03,0.7841159297969895
United States,Aggregated,2019-04,0.5705341385858418
United States,Aggregated,2019-05,-0.06903628224143254
United States,Aggregated,2019-06,0.7331667959230259
United States,Aggregated,2019-07,0.6227711507741489
United States,Aggregated,2019-08,-0.1858540911490696
United States,Aggregated,2019-09,0.5867718770074344
United States,Aggregated,2019-10,1.6974539147420895
United States,Aggregated,2019-11,0.49963683689562366
United States,Aggregated,2019-12,0.6689764956699502
United States,Aggregated,2020-01,1.6853557173042972
United States,Aggregated,2020-02,-0.2311310852543631
United States,Aggregated,2020-03,0.02858582900015172
United States,Aggregated,2020-04,-0.9674842223345195
United States,Aggregated,2020-05,-1.7111378221387668
United States,Aggregated,2020-06,-1.0005475905815544
United States,Aggregated,2020-07,-2.2330375748389635
United States,Aggregated,2020-08,-1.2572764599412878
United States,Aggregated,2020-09,-1.8186849548090116
United States,Aggregated,2020-10,-1.3260725943441098
United States,Aggregated,2020-11,0.11965315116680131
United States,Aggregated,2020-12,-1.4115962646725713
United States,Aggregated,2021-01,-0.9508919329706735
United States,Aggregated,2021-02,0.14933387211491223
United States,Aggregated,2021-03,-0.12347745561397794
United States,Aggregated,2021-04,0.6236680017179825
United States,Aggregated,2021-05,-0.25856283291739324
United States,Aggregated,2021-06,-0.4642485072103071
United States,Aggregated,2021-07,-0.1656760383150484
United States,Aggregated,2021-08,-0.6760455919288031
United States,Aggregated,2021-09,0.2891533104006072
United States,Aggregated,2021-10,0.13062893474164383
United States,Aggregated,2021-11,0.5597014879569002
United States,Aggregated,2021-12,-1.2169069466865867
United States,Aggregated,2022-01,0.230218604753345
United States,Aggregated,2022-02,0.34600619320307935
United States,Aggregated,2022-03,-0.12260386613403362
United States,Aggregated,2022-04,-0.3462285373719727
United States,Aggregated,2022-05,-0.9057715668768953
United States,Aggregated,2022-06,-0.3231380263364372
United States,Aggregated,2022-07,0.1732026971468983
United States,Aggregated,2022-08,-0.46511935072704347
United States,Aggregated,2022-09,-0.49236997922313286
United States,Aggregated,2022-10,-0.08086146746858525
United States,Aggregated,2022-11,0.7533159330050889
United States,Aggregated,2022-12,0.25120124760840135
United States,Aggregated,2023-01,0.16072674281416077
United States,Aggregated,2023-02,-1.3284485556787011
United States,Aggregated,2023-03,-0.9040004388668539
United States,Aggregated,2023-04,-0.11354458511339693
United States,CHN->Partner,2002-01,1.827360235469527
United States,CHN->Partner,2002-02,1.4478890728429423
United States,CHN->Partner,2002-03,0.05398102287485784
United States,CHN->Partner,2002-04,1.2468221464307643
United States,CHN->Partner,2002-05,0.8438468138476587
United States,CHN->Partner,2002-06,1.474744066460481
United States,CHN->Partner,2002-07,1.0536979860171112
United States,CHN->Partner,2002-08,1.8841024597957663
United States,CHN->Partner,2002-09,0.7618627966129594
United States,CHN->Partner,2002-10,1.7082972631070312
United States,CHN->Partner,2002-11,0.9123364846886339
United States,CHN->Partner,2002-12,1.857236205246119
United States,CHN->Partner,2003-01,1.4058674308303818
United States,CHN->Partner,2003-02,0.7861383514328324
United States,CHN->Partner,2003-03,0.4798608330624319
United States,CHN->Partner,2003-04,1.2430468822400371
United States,CHN->Partner,2003-05,0.7890741160233237
United States,CHN->Partner,2003-06,1.6866192450854207
United States,CHN->Partner,2003-07,2.1894199061241544
United States,CHN->Partner,2003-08,1.8974599299482726
United States,CHN->Partner,2003-09,1.4974942928512576
United States,CHN->Partner,2003-10,1.5385856596005638
United States,CHN->Partner,2003-11,1.7777503930367455
United States,CHN->Partner,2003-12,1.9835589551553507
United States,CHN->Partner,2004-01,1.7552503001355397
United States,CHN->Partner,2004-02,1.604939452296815
United States,CHN->Partner,2004-03,0.482877505716532
United States,CHN->Partner,2004-04,1.5115661470973798
United States,CHN->Partner,2004-05,-0.06670457426430154
United States,CHN->Partner,2004-06,1.1733237686854476
United States,CHN->Partner,2004-07,0.8629042763265673
United States,CHN->Partner,2004-08,0.6050668716772769
United States,CHN->Partner,2004-09,1.6375963967812925
United States,CHN->Partner,2004-10,1.441601221108776
United States,CHN->Partner,2004-11,1.7690344986337756
United States,CHN->Partner,2004-12,0.7776864192588473
United States,CHN->Partner,2005-01,1.3896260961990627
United States,CHN->Partner,2005-02,1.1785563900564782
United States,CHN->Partner,2005-03,0.08593064580026777
United States,CHN->Partner,2005-04,1.9829686910203304
United States,CHN->Partner,2005-05,0.8707544308766657
United States,CHN->Partner,2005-06,0.6064351968180155
United States,CHN->Partner,2005-07,0.6437930670377998
United States,CHN->Partner,2005-08,2.8172637915184087
United States,CHN->Partner,2005-09,1.8890549825237102
United States,CHN->Partner,2005-10,2.099458541805184
United States,CHN->Partner,2005-11,2.8323351861139603
United States,CHN->Partner,2005-12,1.3705483797374391
United States,CHN->Partner,2006-01,2.440561868130784
United States,CHN->Partner,2006-02,1.911302003738248
United States,CHN->Partner,2006-03,1.2692491360026636
United States,CHN->Partner,2006-04,2.187136062541864
United States,CHN->Partner,2006-05,1.2116850199021574
United States,CHN->Partner,2006-06,1.0929837649349992
United States,CHN->Partner,2006-07,1.563493600750462
United States,CHN->Partner,2006-08,1.379501775574246
United States,CHN->Partner,2006-09,1.6733810130161153
United States,CHN->Partner,2006-10,2.3688208907234145
United States,CHN->Partner,2006-11,2.398934518817251
United States,CHN->Partner,2006-12,1.8953394708265687
United States,CHN->Partner,2007-01,0.9817604263576332
United States,CHN->Partner,2007-02,1.7573267058415158
United States,CHN->Partner,2007-03,1.3978736294560736
United States,CHN->Partner,2007-04,1.1129070063478874
United States,CHN->Partner,2007-05,1.5784330099166972
United States,CHN->Partner,2007-06,1.1869558370727766
United States,CHN->Partner,2007-07,1.556714885899554
United States,CHN->Partner,2007-08,2.6214874654911657
United States,CHN->Partner,2007-09,0.567890125632216
United States,CHN->Partner,2007-10,1.318249332892682
United States,CHN->Partner,2007-11,0.7370359361468779
United States,CHN->Partner,2007-12,1.3388625045163511
United States,CHN->Partner,2008-01,1.676882330372548
United States,CHN->Partner,2008-02,0.45751835461609325
United States,CHN->Partner,2008-03,0.5779155908253593
United States,CHN->Partner,2008-04,0.47051700575799593
United States,CHN->Partner,2008-05,1.2746849073287105
United States,CHN->Partner,2008-06,1.669506416562733
United States,CHN->Partner,2008-07,1.0661627412001646
United States,CHN->Partner,2008-08,0.23104897199920416
United States,CHN->Partner,2008-09,2.7253064224871366
United States,CHN->Partner,2008-10,0.15059363074374232
United States,CHN->Partner,2008-11,2.2274625329077633
United States,CHN->Partner,2008-12,2.4703115600605496
United States,CHN->Partner,2009-01,0.9009640711216758
United States,CHN->Partner,2009-02,2.0199518244390315
United States,CHN->Partner,2009-03,1.0691192534037661
United States,CHN->Partner,2009-04,1.0293160743328968
United States,CHN->Partner,2009-05,1.3084624687242155
United States,CHN->Partner,2009-06,2.1541281787455198
United States,CHN->Partner,2009-07,1.4332726772427442
United States,CHN->Partner,2009-08,2.200128840975802
United States,CHN->Partner,2009-09,1.8278367016719361
United States,CHN->Partner,2009-10,2.0017793689592374
United States,CHN->Partner,2009-11,2.0920601389629816
United States,CHN->Partner,2009-12,1.8738223813992665
United States,CHN->Partner,2010-01,0.24906296611455403
United States,CHN->Partner,2010-02,0.2493512868439396
United States,CHN->Partner,2010-03,0.44462281670476855
United States,CHN->Partner,2010-04,1.3800974967619446
United States,CHN->Partner,2010-05,1.8079015194491799
United States,CHN->Partner,2010-06,0.6879860481604698
United States,CHN->Partner,2010-07,-0.13558726830182266
United States,CHN->Partner,2010-08,0.7210412887566502
United States,CHN->Partner,2010-09,1.9166236109523886
United States,CHN->Partner,2010-10,1.6707006117207897
United States,CHN->Partner,2010-11,0.3972631075132895
United States,CHN->Partner,2010-12,1.5149673674801782
United States,CHN->Partner,2011-01,2.1839607105077548
United States,CHN->Partner,2011-02,0.8547769400929699
United States,CHN->Partner,2011-03,1.1725044227786192
United States,CHN->Partner,2011-04,1.645202586927761
United States,CHN->Partner,2011-05,1.0800967436253366
United States,CHN->Partner,2011-06,1.3516472724101245
United States,CHN->Partner,2011-07,1.5290252757974887
United States,CHN->Partner,2011-08,1.148077952356413
United States,CHN->Partner,2011-09,0.8962545857702366
United States,CHN->Partner,2011-10,0.2210398132102913
United States,CHN->Partner,2011-11,0.2866358766840005
United States,CHN->Partner,2011-12,1.089902596130365
United States,CHN->Partner,2012-01,0.9848097015044583
United States,CHN->Partner,2012-02,0.8334762112634255
United States,CHN->Partner,2012-03,1.6767180940936068
United States,CHN->Partner,2012-04,0.3685473069190408
United States,CHN->Partner,2012-05,1.1689898267930552
United States,CHN->Partner,2012-06,1.3298728355424405
United States,CHN->Partner,2012-07,0.42334522937040653
United States,CHN->Partner,2012-08,0.5638760896489128
United States,CHN->Partner,2012-09,0.5542139460798587
United States,CHN->Partner,2012-10,0.07618685922988178
United States,CHN->Partner,2012-11,1.151476341277533
United States,CHN->Partner,2012-12,1.1231518591282672
United States,CHN->Partner,2013-01,1.8077018676735221
United States,CHN->Partner,2013-02,2.466887536300227
United States,CHN->Partner,2013-03,2.075839101318735
United States,CHN->Partner,2013-04,1.624544920137934
United States,CHN->Partner,2013-05,0.9677069411777506
United States,CHN->Partner,2013-06,-0.0822197998083265
United States,CHN->Partner,2013-07,1.4639153841192094
United States,CHN->Partner,2013-08,0.6703315457166124
United States,CHN->Partner,2013-09,2.495616069596281
United States,CHN->Partner,2013-10,0.5587296381844151
United States,CHN->Partner,2013-11,2.0113696800762586
United States,CHN->Partner,2013-12,1.3433812338178441
United States,CHN->Partner,2014-01,1.5893724424402595
United States,CHN->Partner,2014-02,1.319470815630572
United States,CHN->Partner,2014-03,2.0987069158144998
United States,CHN->Partner,2014-04,1.0890600758882822
United States,CHN->Partner,2014-05,0.89194943107616
United States,CHN->Partner,2014-06,-0.09831425131382865
United States,CHN->Partner,2014-07,1.7026479187824926
United States,CHN->Partner,2014-08,-0.7388248921117917
United States,CHN->Partner,2014-09,1.5141448098226409
United States,CHN->Partner,2014-10,2.1230555499670345
United States,CHN->Partner,2014-11,2.084010783836545
United States,CHN->Partner,2014-12,2.0200618454884474
United States,CHN->Partner,2015-01,2.5060738605278026
United States,CHN->Partner,2015-02,1.8425001345910221
United States,CHN->Partner,2015-03,1.4893313105715702
United States,CHN->Partner,2015-04,1.4398122843221621
United States,CHN->Partner,2015-05,0.6173031422498472
United States,CHN->Partner,2015-06,1.2132097450590305
United States,CHN->Partner,2015-07,3.64187439866234
United States,CHN->Partner,2015-08,1.9872700103583227
United States,CHN->Partner,2015-09,2.4891666920300075
United States,CHN->Partner,2015-10,1.4816621320628958
United States,CHN->Partner,2015-11,1.5658038743791565
United States,CHN->Partner,2015-12,0.9242520399798302
United States,CHN->Partner,2016-01,1.7377846271546815
United States,CHN->Partner,2016-02,1.3975649223411608
United States,CHN->Partner,2016-03,1.5388938366119724
United States,CHN->Partner,2016-04,1.1658399061476459
United States,CHN->Partner,2016-05,0.2738550833867244
United States,CHN->Partner,2016-06,0.43268919235658565
United States,CHN->Partner,2016-07,0.15273525332449012
United States,CHN->Partner,2016-08,0.9821431521469748
United States,CHN->Partner,2016-09,2.295497805631255
United States,CHN->Partner,2016-10,0.7980403556948836
United States,CHN->Partner,2016-11,2.765971252471486
United States,CHN->Partner,2016-12,-0.2347019352619295
United States,CHN->Partner,2017-01,0.8248998474942884
United States,CHN->Partner,2017-02,0.006629746642570211
United States,CHN->Partner,2017-03,1.0540952701548
United States,CHN->Partner,2017-04,1.6807343760295108
United States,CHN->Partner,2017-05,0.6775053005803926
United States,CHN->Partner,2017-06,1.3823560231782395
United States,CHN->Partner,2017-07,0.7852123193082345
United States,CHN->Partner,2017-08,1.0808160199657184
United States,CHN->Partner,2017-09,1.7605741539779522
United States,CHN->Partner,2017-10,1.8281860087178128
United States,CHN->Partner,2017-11,1.8034792133071278
United States,CHN->Partner,2017-12,1.120627818687467
United States,CHN->Partner,2018-01,0.3207868477267848
United States,CHN->Partner,2018-02,0.5102257532843701
United States,CHN->Partner,2018-03,0.5575377758020128
United States,CHN->Partner,2018-04,0.3665401315553325
United States,CHN->Partner,2018-05,0.905167607064211
United States,CHN->Partner,2018-06,1.0347947186993594
United States,CHN->Partner,2018-07,-0.8508337585410537
United States,CHN->Partner,2018-08,-0.5490382033570302
United States,CHN->Partner,2018-09,-0.3238477450824604
United States,CHN->Partner,2018-10,-0.07161986066741655
United States,CHN->Partner,2018-11,0.9432189326694917
United States,CHN->Partner,2018-12,1.9466289812732978
United States,CHN->Partner,2019-01,1.3791407208642585
United States,CHN->Partner,2019-02,1.763693062874479
United States,CHN->Partner,2019-03,1.2791719876748253
United States,CHN->Partner,2019-04,1.5799809570486207
United States,CHN->Partner,2019-05,0.39921322408003057
United States,CHN->Partner,2019-06,0.958573796459488
United States,CHN->Partner,2019-07,0.8536762741974915
United States,CHN->Partner,2019-08,0.06702032993338314
United States,CHN->Partner,2019-09,0.8686533446154634
United States,CHN->Partner,2019-10,1.94922534905208
United States,CHN->Partner,2019-11,0.8698187295480864
United States,CHN->Partner,2019-12,1.0100823661188194
United States,CHN->Partner,2020-01,2.0736808819925994
United States,CHN->Partner,2020-02,0.026772169655432165
United States,CHN->Partner,2020-03,-0.3189210631432662
United States,CHN->Partner,2020-04,-0.48309071579897633
United States,CHN->Partner,2020-05,-0.9910266782131938
United States,CHN->Partner,2020-06,-0.4984769907307669
United States,CHN->Partner,2020-07,-1.1893173417160607
United States,CHN->Partner,2020-08,-0.40312439459219007
United States,CHN->Partner,2020-09,-1.0003665877277221
United States,CHN->Partner,2020-10,-0.8443655795417264
United States,CHN->Partner,2020-11,0.6470266870952006
United States,CHN->Partner,2020-12,-0.5699683316183641
United States,CHN->Partner,2021-01,-0.144422292260586
United States,CHN->Partner,2021-02,0.8975316438194021
United States,CHN->Partner,2021-03,0.5822677311274269
United States,CHN->Partner,2021-04,1.0949182745295563
United States,CHN->Partner,2021-05,-0.3115586753718951
United States,CHN->Partner,2021-06,-0.23167615303164268
United States,CHN->Partner,2021-07,0.21539439159182017
United States,CHN->Partner,2021-08,0.00012019458316281373
United States,CHN->Partner,2021-09,0.5374664428527751
United States,CHN->Partner,2021-10,0.4153625829244234
United States,CHN->Partner,2021-11,0.6667910865571542
United States,CHN->Partner,2021-12,-1.0269053181215106
United States,CHN->Partner,2022-01,0.7146025810777612
United States,CHN->Partner,2022-02,0.6881546129646043
United States,CHN->Partner,2022-03,0.4587807692589436
United States,CHN->Partner,2022-04,-0.7185772672904918
United States,CHN->Partner,2022-05,-1.242091830401593
United States,CHN->Partner,2022-06,-0.7515437414716803
United States,CHN->Partner,2022-07,0.11276269744057821
United States,CHN->Partner,2022-08,-0.9053869961930214
United States,CHN->Partner,2022-09,0.09094675855484624
United States,CHN->Partner,2022-10,0.31153548355397653
United States,CHN->Partner,2022-11,0.973566298471118
United States,CHN->Partner,2022-12,0.4515457812164225
United States,CHN->Partner,2023-01,0.7177239599840313
United States,CHN->Partner,2023-02,0.20070885380393122
United States,CHN->Partner,2023-03,-0.7351370885730351
United States,CHN->Partner,2023-04,-0.8671506572256948
United States,Partner->CHN,2002-01,1.944222135772364
United States,Partner->CHN,2002-02,2.088883046515024
United States,Partner->CHN,2002-03,1.0678254134875012
United States,Partner->CHN,2002-04,2.173751900155553
United States,Partner->CHN,2002-05,0.5223054405570284
United States,Partner->CHN,2002-06,2.1319053914125696
United States,Partner->CHN,2002-07,1.382547145412925
United States,Partner->CHN,2002-08,2.559904360935528
United States,Partner->CHN,2002-09,1.4062313026915199
United States,Partner->CHN,2002-10,1.8188824582860121
United States,Partner->CHN,2002-11,1.5495266357644653
United States,Partner->CHN,2002-12,1.631108011931957
United States,Partner->CHN,2003-01,2.33924895214367
United States,Partner->CHN,2003-02,1.6040138942818842
United States,Partner->CHN,2003-03,1.1703125679214121
United States,Partner->CHN,2003-04,1.2649639567879412
United States,Partner->CHN,2003-05,1.0065031988803241
United States,Partner->CHN,2003-06,1.2392057119983164
United States,Partner->CHN,2003-07,1.7893775693030758
United States,Partner->CHN,2003-08,1.8812698612578131
United States,Partner->CHN,2003-09,1.301855304772074
United States,Partner->CHN,2003-10,1.5682735900768527
United States,Partner->CHN,2003-11,1.690730944592639
United States,Partner->CHN,2003-12,1.7038132520469063
United States,Partner->CHN,2004-01,1.693828392745452
United States,Partner->CHN,2004-02,1.154998235017711
United States,Partner->CHN,2004-03,0.6756403386473764
United States,Partner->CHN,2004-04,1.9163650298390724
United States,Partner->CHN,2004-05,1.1799032708733588
United States,Partner->CHN,2004-06,1.199984665231165
United States,Partner->CHN,2004-07,1.9652522491803541
United States,Partner->CHN,2004-08,0.9280995789567594
United States,Partner->CHN,2004-09,1.4586280079747738
United States,Partner->CHN,2004-10,1.1287168369929699
United States,Partner->CHN,2004-11,1.8977652960151268
United States,Partner->CHN,2004-12,0.2003631981633216
United States,Partner->CHN,2005-01,0.28373469621748093
United States,Partner->CHN,2005-02,1.690253231404471
United States,Partner->CHN,2005-03,1.4315039536000764
United States,Partner->CHN,2005-04,1.1763552581266996
United States,Partner->CHN,2005-05,0.604074049078962
United States,Partner->CHN,2005-06,0.3265244571908088
United States,Partner->CHN,2005-07,1.202689081961612
United States,Partner->CHN,2005-08,1.8781106466618915
United States,Partner->CHN,2005-09,1.8051395087953317
United States,Partner->CHN,2005-10,1.7373932802404344
United States,Partner->CHN,2005-11,1.9932970974376687
United States,Partner->CHN,2005-12,0.7026441582842686
United States,Partner->CHN,2006-01,1.5702616579138535
United States,Partner->CHN,2006-02,0.6041683485598437
United States,Partner->CHN,2006-03,0.7349455630056312
United States,Partner->CHN,2006-04,2.1195354407653806
United States,Partner->CHN,2006-05,1.3277794489969228
United States,Partner->CHN,2006-06,1.0973521343672168
United States,Partner->CHN,2006-07,1.8352831560607132
United States,Partner->CHN,2006-08,1.4746585585881533
United States,Partner->CHN,2006-09,2.0503564611208507
United States,Partner->CHN,2006-10,1.6324307327917786
United States,Partner->CHN,2006-11,2.2538123595487427
United States,Partner->CHN,2006-12,1.2558626076120234
United States,Partner->CHN,2007-01,1.2995849453841348
United States,Partner->CHN,2007-02,1.7800627014581103
United States,Partner->CHN,2007-03,1.4942946536141992
United States,Partner->CHN,2007-04,0.7594147982443982
United States,Partner->CHN,2007-05,0.7533707662917539
United States,Partner->CHN,2007-06,0.8445707921902113
United States,Partner->CHN,2007-07,1.23093489482725
United States,Partner->CHN,2007-08,1.9362043319533004
United States,Partner->CHN,2007-09,1.2915401440590966
United States,Partner->CHN,2007-10,2.2410899332603123
United States,Partner->CHN,2007-11,1.30588149604176
United States,Partner->CHN,2007-12,1.997859604768589
United States,Partner->CHN,2008-01,2.1485082514921423
United States,Partner->CHN,2008-02,1.1764030891222674
United States,Partner->CHN,2008-03,0.9184071188424863
United States,Partner->CHN,2008-04,1.7261577139471331
United States,Partner->CHN,2008-05,1.959352239165792
United States,Partner->CHN,2008-06,1.715491345571536
United States,Partner->CHN,2008-07,1.361026529891923
United States,Partner->CHN,2008-08,1.106313832168862
United States,Partner->CHN,2008-09,2.3822343250710443
United States,Partner->CHN,2008-10,1.4519046224600007
United States,Partner->CHN,2008-11,1.9301804970199186
United States,Partner->CHN,2008-12,1.6666569663702475
United States,Partner->CHN,2009-01,0.9172945890245057
United States,Partner->CHN,2009-02,2.146753112783758
United States,Partner->CHN,2009-03,1.473227799766935
United States,Partner->CHN,2009-04,0.8960179814049436
United States,Partner->CHN,2009-05,1.754311539442357
United States,Partner->CHN,2009-06,1.2195121809723215
United States,Partner->CHN,2009-07,2.113710422985557
United States,Partner->CHN,2009-08,2.415100910145533
United States,Partner->CHN,2009-09,1.7736254709162989
United States,Partner->CHN,2009-10,1.368408615553621
United States,Partner->CHN,2009-11,2.1680081774539204
United States,Partner->CHN,2009-12,1.430568471332455
United States,Partner->CHN,2010-01,0.5652745195464348
United States,Partner->CHN,2010-02,0.9718761079834763
United States,Partner->CHN,2010-03,1.0808787786231502
United States,Partner->CHN,2010-04,1.2646682925200707
United States,Partner->CHN,2010-05,0.8005525350879292
United States,Partner->CHN,2010-06,0.6043059805118496
United States,Partner->CHN,2010-07,0.009367722884380925
United States,Partner->CHN,2010-08,0.706394090297378
United States,Partner->CHN,2010-09,1.1581436674998802
United States,Partner->CHN,2010-10,1.152806705210775
United States,Partner->CHN,2010-11,0.20005457404344895
United States,Partner->CHN,2010-12,1.2096214760113728
United States,Partner->CHN,2011-01,2.197692969557197
United States,Partner->CHN,2011-02,0.6865705174659631
United States,Partner->CHN,2011-03,0.7886775973750169
United States,Partner->CHN,2011-04,1.157013278918523
United States,Partner->CHN,2011-05,1.078430682798123
United States,Partner->CHN,2011-06,0.6832819732888922
United States,Partner->CHN,2011-07,2.393143223163264
United States,Partner->CHN,2011-08,1.8043828538530704
United States,Partner->CHN,2011-09,1.2171598096167209
United States,Partner->CHN,2011-10,0.3452232426488582
United States,Partner->CHN,2011-11,1.2804681800912334
United States,Partner->CHN,2011-12,1.090340530352547
United States,Partner->CHN,2012-01,1.1040006885136897
United States,Partner->CHN,2012-02,0.8011403030250417
United States,Partner->CHN,2012-03,1.0849160529158972
United States,Partner->CHN,2012-04,1.2310654794777598
United States,Partner->CHN,2012-05,2.040946918814157
United States,Partner->CHN,2012-06,1.4473346748622529
United States,Partner->CHN,2012-07,-0.14912148712013362
United States,Partner->CHN,2012-08,0.5416400206749508
United States,Partner->CHN,2012-09,0.8925615570181407
United States,Partner->CHN,2012-10,0.4766744786623498
United States,Partner->CHN,2012-11,1.2816947997443346
United States,Partner->CHN,2012-12,1.0412709237716076
United States,Partner->CHN,2013-01,1.8518175868864475
United States,Partner->CHN,2013-02,0.8098700433825474
United States,Partner->CHN,2013-03,1.552019619889112
United States,Partner->CHN,2013-04,1.271475309407439
United States,Partner->CHN,2013-05,1.3195733208445297
United States,Partner->CHN,2013-06,0.8175417636135673
United States,Partner->CHN,2013-07,1.3082903790146165
United States,Partner->CHN,2013-08,1.5129301814147595
United States,Partner->CHN,2013-09,2.346540258251542
United States,Partner->CHN,2013-10,0.6477188010258477
United States,Partner->CHN,2013-11,2.04138596558378
United States,Partner->CHN,2013-12,0.8463495901738618
United States,Partner->CHN,2014-01,0.6052627805144226
United States,Partner->CHN,2014-02,1.3781471579570574
United States,Partner->CHN,2014-03,1.722292922305332
United States,Partner->CHN,2014-04,0.8200336586784562
United States,Partner->CHN,2014-05,0.5222137676798617
United States,Partner->CHN,2014-06,0.7015319663492612
United States,Partner->CHN,2014-07,1.3891611128479049
United States,Partner->CHN,2014-08,0.824906860045882
United States,Partner->CHN,2014-09,1.2248797514195697
United States,Partner->CHN,2014-10,1.9875201426561784
United States,Partner->CHN,2014-11,3.141424531509413
United States,Partner->CHN,2014-12,2.8922708993503985
United States,Partner->CHN,2015-01,1.6645614685487224
United States,Partner->CHN,2015-02,2.1341686701890623
United States,Partner->CHN,2015-03,0.6870132552302852
United States,Partner->CHN,2015-04,0.9329184685885821
United States,Partner->CHN,2015-05,0.48976127462518804
United States,Partner->CHN,2015-06,0.8420839632798849
United States,Partner->CHN,2015-07,1.8636920983561058
United States,Partner->CHN,2015-08,0.6295079687424145
United States,Partner->CHN,2015-09,1.5420272875473913
United States,Partner->CHN,2015-10,1.6352268769856941
United States,Partner->CHN,2015-11,0.7398108910957735
United States,Partner->CHN,2015-12,1.1522405989382563
United States,Partner->CHN,2016-01,1.652265878501387
United States,Partner->CHN,2016-02,1.1606452715931201
United States,Partner->CHN,2016-03,0.978346310925911
United States,Partner->CHN,2016-04,1.0194933290193582
United States,Partner->CHN,2016-05,-0.01877808731629571
United States,Partner->CHN,2016-06,0.9769959982553083
United States,Partner->CHN,2016-07,0.5286508847504852
United States,Partner->CHN,2016-08,2.0700286572545092
United States,Partner->CHN,2016-09,1.3611482830273065
United States,Partner->CHN,2016-10,-0.27690366329057525
United States,Partner->CHN,2016-11,1.2917921656824838
United States,Partner->CHN,2016-12,0.3307673325535152
United States,Partner->CHN,2017-01,-0.11540659717535995
United States,Partner->CHN,2017-02,0.4469692397270979
United States,Partner->CHN,2017-03,1.1419068790775935
United States,Partner->CHN,2017-04,1.6279242093233446
United States,Partner->CHN,2017-05,1.3724630621894676
United States,Partner->CHN,2017-06,0.642431438896848
United States,Partner->CHN,2017-07,0.5494066467274425
United States,Partner->CHN,2017-08,-0.28166098739336753
United States,Partner->CHN,2017-09,1.1321396242362578
United States,Partner->CHN,2017-10,1.8080545377662212
United States,Partner->CHN,2017-11,0.9929913723694721
United States,Partner->CHN,2017-12,0.7718428077309962
United States,Partner->CHN,2018-01,0.7015019858987888
United States,Partner->CHN,2018-02,0.4810196450980868
United States,Partner->CHN,2018-03,0.030305229503150954
United States,Partner->CHN,2018-04,0.21620382157086482
United States,Partner->CHN,2018-05,0.8893567467259089
United States,Partner->CHN,2018-06,1.1501572828300226
United States,Partner->CHN,2018-07,-1.0154876150696435
United States,Partner->CHN,2018-08,-0.4977178592700131
United States,Partner->CHN,2018-09,-0.49764709325677536
United States,Partner->CHN,2018-10,-0.25976603083343974
United States,Partner->CHN,2018-11,1.1967194141101345
United States,Partner->CHN,2018-12,1.1093171760351392
United States,Partner->CHN,2019-01,1.2930298678130772
United States,Partner->CHN,2019-02,1.475508605649452
United States,Partner->CHN,2019-03,0.6950625619196291
United States,Partner->CHN,2019-04,0.44027962061690396
United States,Partner->CHN,2019-05,-0.09801214938112679
United States,Partner->CHN,2019-06,0.7575266665682534
United States,Partner->CHN,2019-07,0.6395497909580605
United States,Partner->CHN,2019-08,-0.22546212794074627
United States,Partner->CHN,2019-09,0.7262478506734098
United States,Partner->CHN,2019-10,1.3998561499206694
United States,Partner->CHN,2019-11,0.2127512612166349
United States,Partner->CHN,2019-12,1.2505458689769817
United States,Partner->CHN,2020-01,1.7410279683515775
United States,Partner->CHN,2020-02,-0.07302263074364568
United States,Partner->CHN,2020-03,-0.3047282085500651
United States,Partner->CHN,2020-04,-0.8998413796184099
United States,Partner->CHN,2020-05,-2.2173198190260486
United States,Partner->CHN,2020-06,-1.2525077447780308
United States,Partner->CHN,2020-07,-3.0496371407105993
United States,Partner->CHN,2020-08,-1.978081274245758
United States,Partner->CHN,2020-09,-2.2663711639632886
United States,Partner->CHN,2020-10,-1.5777544612440693
United States,Partner->CHN,2020-11,-1.138977309969313
United States,Partner->CHN,2020-12,-1.8567283468714937
United States,Partner->CHN,2021-01,-0.8132080172115366
United States,Partner->CHN,2021-02,-0.021568954282393804
United States,Partner->CHN,2021-03,-0.38500129797163396
United States,Partner->CHN,2021-04,-0.14674198926309856
United States,Partner->CHN,2021-05,0.4573683244495719
United States,Partner->CHN,2021-06,-0.6662168580929819
United States,Partner->CHN,2021-07,-0.43999309069848636
United States,Partner->CHN,2021-08,-0.731015581569304
United States,Partner->CHN,2021-09,0.4647633392449464
United States,Partner->CHN,2021-10,0.010855881804609169
United States,Partner->CHN,2021-11,0.660977952406018
United States,Partner->CHN,2021-12,-1.0715313097060442
United States,Partner->CHN,2022-01,0.6747140978268185
United States,Partner->CHN,2022-02,0.2657495615042951
United States,Partner->CHN,2022-03,-0.48500027886982267
United States,Partner->CHN,2022-04,0.4349979056952158
United States,Partner->CHN,2022-05,-0.399412226074471
United States,Partner->CHN,2022-06,-0.006541076321484596
United States,Partner->CHN,2022-07,0.1317678830848994
United States,Partner->CHN,2022-08,0.3759593292117476
United States,Partner->CHN,2022-09,-0.5852040878249198
United States,Partner->CHN,2022-10,-0.30887876624374044
United States,Partner->CHN,2022-11,0.7397508286869545
United States,Partner->CHN,2022-12,0.26254806605368053
United States,Partner->CHN,2023-01,0.018866031687934992
United States,Partner->CHN,2023-02,-2.010372138322845
United States,Partner->CHN,2023-03,-0.8396593889876129
United States,Partner->CHN,2023-04,0.8265366573605597
Vietnam,Aggregated,2002-01,3.5335641796567305
Vietnam,Aggregated,2002-02,3.311004175944271
Vietnam,Aggregated,2002-03,2.504242056333892
Vietnam,Aggregated,2002-04,2.7406417842907747
Vietnam,Aggregated,2002-05,3.9740536006584026
Vietnam,Aggregated,2002-06,0.7321958669595734
Vietnam,Aggregated,2002-07,1.2781895876068994
Vietnam,Aggregated,2002-08,4.428474994194248
Vietnam,Aggregated,2002-09,1.1024856442356779
Vietnam,Aggregated,2002-10,2.9016502911808573
Vietnam,Aggregated,2002-11,1.7406778776361147
Vietnam,Aggregated,2002-12,3.831836058217206
Vietnam,Aggregated,2003-01,0.8356033936905618
Vietnam,Aggregated,2003-02,2.3424135747622508
Vietnam,Aggregated,2003-03,2.7904022624603773
Vietnam,Aggregated,2003-04,1.087281550366157
Vietnam,Aggregated,2003-05,4.266666666666664
Vietnam,Aggregated,2003-06,3.5005006406056918
Vietnam,Aggregated,2003-07,2.5
Vietnam,Aggregated,2003-08,2.5312377571645257
Vietnam,Aggregated,2003-09,1.0352319719655618
Vietnam,Aggregated,2003-10,1.9397097208326244
Vietnam,Aggregated,2003-11,2.092801696845285
Vietnam,Aggregated,2003-12,2.465276873022926
Vietnam,Aggregated,2004-01,2.0118062029875876
Vietnam,Aggregated,2004-02,-0.0741815170191682
Vietnam,Aggregated,2004-03,-0.3973303855023822
Vietnam,Aggregated,2004-04,1.32343556240364
Vietnam,Aggregated,2004-05,2.3630965562754334
Vietnam,Aggregated,2004-06,3.1838526544613455
Vietnam,Aggregated,2004-07,1.344215877840039
Vietnam,Aggregated,2004-08,3.212287554398012
Vietnam,Aggregated,2004-09,2.1312977000371003
Vietnam,Aggregated,2004-10,0.984812882208935
Vietnam,Aggregated,2004-11,0.5879359476648265
Vietnam,Aggregated,2004-12,2.9007451316199564
Vietnam,Aggregated,2005-01,-0.3812101801806751
Vietnam,Aggregated,2005-02,1.0
Vietnam,Aggregated,2005-03,3.3695030123017222
Vietnam,Aggregated,2005-04,4.061736452810797
Vietnam,Aggregated,2005-05,3.6303805660382675
Vietnam,Aggregated,2005-06,2.859872009189745
Vietnam,Aggregated,2005-07,3.0423713227665665
Vietnam,Aggregated,2005-08,0.6716145540244778
Vietnam,Aggregated,2005-09,3.0034469995378608
Vietnam,Aggregated,2005-10,3.0153508009476404
Vietnam,Aggregated,2005-11,3.85466108377703
Vietnam,Aggregated,2005-12,2.3466786886418607
Vietnam,Aggregated,2006-01,4.788374326721094
Vietnam,Aggregated,2006-02,3.05090508845184
Vietnam,Aggregated,2006-03,2.6050004963747213
Vietnam,Aggregated,2006-04,2.497183219203764
Vietnam,Aggregated,2006-05,3.5038439033795203
Vietnam,Aggregated,2006-06,2.5024829573533456
Vietnam,Aggregated,2006-07,0.5043368801709978
Vietnam,Aggregated,2006-08,2.9301322194576347
Vietnam,Aggregated,2006-09,2.6432497342721337
Vietnam,Aggregated,2006-10,2.3368316832376888
Vietnam,Aggregated,2006-11,2.7092467405953364
Vietnam,Aggregated,2006-12,2.5666666666666664
Vietnam,Aggregated,2007-01,-0.39631981954695483
Vietnam,Aggregated,2007-02,1.3462593958263795
Vietnam,Aggregated,2007-03,3.276748947509411
Vietnam,Aggregated,2007-04,2.6175929051733977
Vietnam,Aggregated,2007-05,2.5821525017894196
Vietnam,Aggregated,2007-06,3.1385070144181473
Vietnam,Aggregated,2007-07,1.382432640436523
Vietnam,Aggregated,2007-08,3.6256248245386953
Vietnam,Aggregated,2007-09,2.0962587411124165
Vietnam,Aggregated,2007-10,3.7579739350833794
Vietnam,Aggregated,2007-11,0.943390772953304
Vietnam,Aggregated,2007-12,1.2649374232306467
Vietnam,Aggregated,2008-01,0.7915103306537112
Vietnam,Aggregated,2008-02,3.2968912494185023
Vietnam,Aggregated,2008-03,4.103161784162355
Vietnam,Aggregated,2008-04,2.2959160942174552
Vietnam,Aggregated,2008-05,1.7563744005738737
Vietnam,Aggregated,2008-06,3.1235268899968958
Vietnam,Aggregated,2008-07,-0.09203092053642159
Vietnam,Aggregated,2008-08,1.7067577452215463
Vietnam,Aggregated,2008-09,2.362675026729109
Vietnam,Aggregated,2008-10,2.379685135747705
Vietnam,Aggregated,2008-11,2.1921142339496207
Vietnam,Aggregated,2008-12,3.04286647790431
Vietnam,Aggregated,2009-01,2.937674087756797
Vietnam,Aggregated,2009-02,1.7013617784964161
Vietnam,Aggregated,2009-03,1.4766910258152137
Vietnam,Aggregated,2009-04,1.7443364518873192
Vietnam,Aggregated,2009-05,1.5570544479535258
Vietnam,Aggregated,2009-06,0.7943985820601416
Vietnam,Aggregated,2009-07,2.9847793951676564
Vietnam,Aggregated,2009-08,1.6042386874942594
Vietnam,Aggregated,2009-09,1.6434360355596311
Vietnam,Aggregated,2009-10,2.671283576277128
Vietnam,Aggregated,2009-11,4.10021612294341
Vietnam,Aggregated,2009-12,1.511403644771173
Vietnam,Aggregated,2010-01,1.559164131245879
Vietnam,Aggregated,2010-02,1.0522508295311184
Vietnam,Aggregated,2010-03,2.5317096684062737
Vietnam,Aggregated,2010-04,1.9393564111003325
Vietnam,Aggregated,2010-05,1.3872827475422493
Vietnam,Aggregated,2010-06,2.7978323162128653
Vietnam,Aggregated,2010-07,1.1286873612846016
Vietnam,Aggregated,2010-08,2.274492065573421
Vietnam,Aggregated,2010-09,2.9384155335521953
Vietnam,Aggregated,2010-10,2.0295638017935467
Vietnam,Aggregated,2010-11,2.4383098045775213
Vietnam,Aggregated,2010-12,2.5284684606013617
Vietnam,Aggregated,2011-01,2.9223923246772845
Vietnam,Aggregated,2011-02,1.700039768211898
Vietnam,Aggregated,2011-03,-0.16938481968377062
Vietnam,Aggregated,2011-04,3.246783983638789
Vietnam,Aggregated,2011-05,-1.8042156454893679
Vietnam,Aggregated,2011-06,-1.434071536991091
Vietnam,Aggregated,2011-07,-0.20845895383997615
Vietnam,Aggregated,2011-08,-0.7982043844668532
Vietnam,Aggregated,2011-09,1.3492516458574837
Vietnam,Aggregated,2011-10,3.26206367698415
Vietnam,Aggregated,2011-11,0.45624750192815355
Vietnam,Aggregated,2011-12,1.8073799129798047
Vietnam,Aggregated,2012-01,3.6927217680720315
Vietnam,Aggregated,2012-02,2.0120672614071022
Vietnam,Aggregated,2012-03,-2.85709127723487
Vietnam,Aggregated,2012-04,0.7886058840190859
Vietnam,Aggregated,2012-05,3.39642852813485
Vietnam,Aggregated,2012-06,1.0372239560365788
Vietnam,Aggregated,2012-07,-0.3555970762032796
Vietnam,Aggregated,2012-08,-0.3366401575089295
Vietnam,Aggregated,2012-09,0.6400969592993722
Vietnam,Aggregated,2012-10,3.0435771828034355
Vietnam,Aggregated,2012-11,0.0267050073821391
Vietnam,Aggregated,2012-12,0.3101164239552485
Vietnam,Aggregated,2013-01,-1.2499999999999982
Vietnam,Aggregated,2013-02,5.199999999999996
Vietnam,Aggregated,2013-03,-1.7051687243857785
Vietnam,Aggregated,2013-04,-0.12560316961765494
Vietnam,Aggregated,2013-05,0.45093206097840977
Vietnam,Aggregated,2013-06,2.214081333388922
Vietnam,Aggregated,2013-07,0.3805482249485266
Vietnam,Aggregated,2013-08,2.6170025198403923
Vietnam,Aggregated,2013-09,1.6609717383312486
Vietnam,Aggregated,2013-10,2.770193960912305
Vietnam,Aggregated,2013-11,1.4713360325979323
Vietnam,Aggregated,2013-12,0.09865450719981439
Vietnam,Aggregated,2014-01,0.2729230440631394
Vietnam,Aggregated,2014-02,0.24966114770688108
Vietnam,Aggregated,2014-03,0.972778162612844
Vietnam,Aggregated,2014-04,-0.6316017675460923
Vietnam,Aggregated,2014-05,-2.9310775729181078
Vietnam,Aggregated,2014-06,-0.10395093131720046
Vietnam,Aggregated,2014-07,-1.7730311911231436
Vietnam,Aggregated,2014-08,1.0647480709760764
Vietnam,Aggregated,2014-09,-0.2668826356102958
Vietnam,Aggregated,2014-10,3.2903899492917503
Vietnam,Aggregated,2014-11,0.1686743717108321
Vietnam,Aggregated,2014-12,-1.014093877778361
Vietnam,Aggregated,2015-01,0.32814945536713225
Vietnam,Aggregated,2015-02,0.06902134074714361
Vietnam,Aggregated,2015-03,0.6870989862773307
Vietnam,Aggregated,2015-04,1.3574493526063058
Vietnam,Aggregated,2015-05,0.6971869269776203
Vietnam,Aggregated,2015-06,-2.53505956626911
Vietnam,Aggregated,2015-07,1.4172294983441276
Vietnam,Aggregated,2015-08,1.7626580769086733
Vietnam,Aggregated,2015-09,0.6596228777010751
Vietnam,Aggregated,2015-10,1.0104341443922031
Vietnam,Aggregated,2015-11,2.7309268105347098
Vietnam,Aggregated,2015-12,2.609015090271429
Vietnam,Aggregated,2016-01,-1.4106122214935972
Vietnam,Aggregated,2016-02,-1.7376638612524005
Vietnam,Aggregated,2016-03,1.5961321276378904
Vietnam,Aggregated,2016-04,-0.3783618113067053
Vietnam,Aggregated,2016-05,0.42540542451607877
Vietnam,Aggregated,2016-06,-0.470649447626327
Vietnam,Aggregated,2016-07,-1.5325905848376298
Vietnam,Aggregated,2016-08,-1.1878179545181649
Vietnam,Aggregated,2016-09,1.3124772738866195
Vietnam,Aggregated,2016-10,0.6294881265756391
Vietnam,Aggregated,2016-11,1.1952559142684418
Vietnam,Aggregated,2016-12,-0.026957272068353078
Vietnam,Aggregated,2017-01,2.0059752387783583
Vietnam,Aggregated,2017-02,-0.8513808665172888
Vietnam,Aggregated,2017-03,0.4018759846445956
Vietnam,Aggregated,2017-04,0.12281473729092873
Vietnam,Aggregated,2017-05,1.9599644287227278
Vietnam,Aggregated,2017-06,0.7347578865730782
Vietnam,Aggregated,2017-07,-0.6164523388241445
Vietnam,Aggregated,2017-08,-3.3380352236842947
Vietnam,Aggregated,2017-09,2.242694680465677
Vietnam,Aggregated,2017-10,1.5872026860947948
Vietnam,Aggregated,2017-11,2.748937950157247
Vietnam,Aggregated,2017-12,1.3732072269862563
Vietnam,Aggregated,2018-01,-1.3828849454967962
Vietnam,Aggregated,2018-02,1.2285078979793127
Vietnam,Aggregated,2018-03,1.4982422736968832
Vietnam,Aggregated,2018-04,0.5448964645310888
Vietnam,Aggregated,2018-05,0.6145839945648497
Vietnam,Aggregated,2018-06,-0.2301546218375119
Vietnam,Aggregated,2018-07,-2.2111403866660293
Vietnam,Aggregated,2018-08,2.8959020281147616
Vietnam,Aggregated,2018-09,2.322130811367561
Vietnam,Aggregated,2018-10,1.7961604088485235
Vietnam,Aggregated,2018-11,1.976900262968508
Vietnam,Aggregated,2018-12,2.111608117393148
Vietnam,Aggregated,2019-01,0.07896554501975217
Vietnam,Aggregated,2019-02,1.0970022736188465
Vietnam,Aggregated,2019-03,-0.1432947233370303
Vietnam,Aggregated,2019-04,2.2905177131003196
Vietnam,Aggregated,2019-05,1.3730982316733957
Vietnam,Aggregated,2019-06,1.4012092057488577
Vietnam,Aggregated,2019-07,0.21557637299853027
Vietnam,Aggregated,2019-08,-0.9025414887621981
Vietnam,Aggregated,2019-09,-0.2780124672064552
Vietnam,Aggregated,2019-10,-1.4477746019997149
Vietnam,Aggregated,2019-11,0.8491313769196278
Vietnam,Aggregated,2019-12,-0.6105701697661612
Vietnam,Aggregated,2020-01,0.9729998783661493
Vietnam,Aggregated,2020-02,2.2263258399969885
Vietnam,Aggregated,2020-03,-3.114355720240243
Vietnam,Aggregated,2020-04,-0.47736952587175274
Vietnam,Aggregated,2020-05,-7.2
Vietnam,Aggregated,2020-06,-0.8385110610243434
Vietnam,Aggregated,2020-07,-2.0965269561924877
Vietnam,Aggregated,2020-08,-2.0681191444990397
Vietnam,Aggregated,2020-09,0.9836680697772557
Vietnam,Aggregated,2020-10,0.5746216844162308
Vietnam,Aggregated,2020-11,2.103056507840421
Vietnam,Aggregated,2020-12,-0.1813757882554885
Vietnam,Aggregated,2021-01,2.620689621458114
Vietnam,Aggregated,2021-02,0.9638186414241297
Vietnam,Aggregated,2021-03,1.4799999999999986
Vietnam,Aggregated,2021-04,2.2247765994207924
Vietnam,Aggregated,2021-05,1.6161889640560538
Vietnam,Aggregated,2021-06,1.6462652131775073
Vietnam,Aggregated,2021-07,-0.8012899430457541
Vietnam,Aggregated,2021-08,0.45085295948585546
Vietnam,Aggregated,2021-09,2.2101606255217323
Vietnam,Aggregated,2021-10,1.4550683777104805
Vietnam,Aggregated,2021-11,-0.9143966063094346
Vietnam,Aggregated,2021-12,1.7094758498493459
Vietnam,Aggregated,2022-01,2.236966986189314
Vietnam,Aggregated,2022-02,1.8372849716268451
Vietnam,Aggregated,2022-03,1.1333333333333364
Vietnam,Aggregated,2022-04,0.8835331141533658
Vietnam,Aggregated,2022-05,-7.2
Vietnam,Aggregated,2022-06,-1.8831461367912041
Vietnam,Aggregated,2022-07,-0.16515927662764085
Vietnam,Aggregated,2022-08,2.5
Vietnam,Aggregated,2022-09,0.8493260056661303
Vietnam,Aggregated,2022-10,2.882443018379565
Vietnam,Aggregated,2022-11,2.276285144103726
Vietnam,Aggregated,2022-12,1.4153367402270067
Vietnam,Aggregated,2023-01,1.3258944540428068
Vietnam,Aggregated,2023-02,-0.7000000000000011
Vietnam,Aggregated,2023-03,1.2241827468153925
Vietnam,Aggregated,2023-04,1.2241827468153925
Vietnam,CHN->Partner,2002-01,3.479573085542068
Vietnam,CHN->Partner,2002-02,3.276174657256959
Vietnam,CHN->Partner,2002-03,2.295160153136047
Vietnam,CHN->Partner,2002-04,2.7624068792877736
Vietnam,CHN->Partner,2002-05,4.018571112857831
Vietnam,CHN->Partner,2002-06,0.2935764212729257
Vietnam,CHN->Partner,2002-07,1.6874599154468815
Vietnam,CHN->Partner,2002-08,5.147325694608298
Vietnam,CHN->Partner,2002-09,2.3165024352454218
Vietnam,CHN->Partner,2002-10,2.9989612364146225
Vietnam,CHN->Partner,2002-11,2.380000000000001
Vietnam,CHN->Partner,2002-12,3.831836058217206
Vietnam,CHN->Partner,2003-01,0.7250000000000032
Vietnam,CHN->Partner,2003-02,1.9000000000000004
Vietnam,CHN->Partner,2003-03,2.4600000000000026
Vietnam,CHN->Partner,2003-04,2.0322365671690648
Vietnam,CHN->Partner,2003-05,6.399999999999999
Vietnam,CHN->Partner,2003-06,3.5120463108184
Vietnam,CHN->Partner,2003-07,1.0
Vietnam,CHN->Partner,2003-08,1.2869930321856202
Vietnam,CHN->Partner,2003-09,2.1321752823700564
Vietnam,CHN->Partner,2003-10,2.5000267000440264
Vietnam,CHN->Partner,2003-11,2.0375000000000014
Vietnam,CHN->Partner,2003-12,1.6709324059983146
Vietnam,CHN->Partner,2004-01,3.2210419579621483
Vietnam,CHN->Partner,2004-02,1.2209324059983135
Vietnam,CHN->Partner,2004-03,0.5232035373971424
Vietnam,CHN->Partner,2004-04,1.108586065717697
Vietnam,CHN->Partner,2004-05,1.9023498395639606
Vietnam,CHN->Partner,2004-06,3.1589512384555647
Vietnam,CHN->Partner,2004-07,3.02775743240511
Vietnam,CHN->Partner,2004-08,3.279549506619503
Vietnam,CHN->Partner,2004-09,2.4977264895682296
Vietnam,CHN->Partner,2004-10,1.0738379462678704
Vietnam,CHN->Partner,2004-11,-0.1280488802178148
Vietnam,CHN->Partner,2004-12,2.7542868112125944
Vietnam,CHN->Partner,2005-01,0.9315741096158625
Vietnam,CHN->Partner,2005-02,1.0
Vietnam,CHN->Partner,2005-03,3.0693034359830733
Vietnam,CHN->Partner,2005-04,4.5119067610618355
Vietnam,CHN->Partner,2005-05,3.5
Vietnam,CHN->Partner,2005-06,2.6829709442422054
Vietnam,CHN->Partner,2005-07,3.2178026161078623
Vietnam,CHN->Partner,2005-08,3.427827842703133
Vietnam,CHN->Partner,2005-09,3.0676822720557624
Vietnam,CHN->Partner,2005-10,2.8998619804240793
Vietnam,CHN->Partner,2005-11,3.7021240938302835
Vietnam,CHN->Partner,2005-12,2.438299549781405
Vietnam,CHN->Partner,2006-01,4.667089007170739
Vietnam,CHN->Partner,2006-02,3.185714285714285
Vietnam,CHN->Partner,2006-03,2.40788266963251
Vietnam,CHN->Partner,2006-04,2.442480545876972
Vietnam,CHN->Partner,2006-05,3.763531917612161
Vietnam,CHN->Partner,2006-06,1.632840111739803
Vietnam,CHN->Partner,2006-07,1.3305547835216505
Vietnam,CHN->Partner,2006-08,2.735466311234136
Vietnam,CHN->Partner,2006-09,3.2501937714640405
Vietnam,CHN->Partner,2006-10,2.3474332266393265
Vietnam,CHN->Partner,2006-11,2.695529927773519
Vietnam,CHN->Partner,2006-12,3.6333333333333346
Vietnam,CHN->Partner,2007-01,-0.04999999999999716
Vietnam,CHN->Partner,2007-02,1.527453043205277
Vietnam,CHN->Partner,2007-03,3.614420311701698
Vietnam,CHN->Partner,2007-04,2.662576690806439
Vietnam,CHN->Partner,2007-05,2.5568927802100117
Vietnam,CHN->Partner,2007-06,3.408253533000515
Vietnam,CHN->Partner,2007-07,1.301569701387633
Vietnam,CHN->Partner,2007-08,4.070442949718812
Vietnam,CHN->Partner,2007-09,2.1182663613307913
Vietnam,CHN->Partner,2007-10,3.751192630301139
Vietnam,CHN->Partner,2007-11,1.2342545687108988
Vietnam,CHN->Partner,2007-12,2.967320676300208
Vietnam,CHN->Partner,2008-01,2.759468753634332
Vietnam,CHN->Partner,2008-02,2.8000000000000025
Vietnam,CHN->Partner,2008-03,5.5
Vietnam,CHN->Partner,2008-04,2.5378620628761066
Vietnam,CHN->Partner,2008-05,2.2511780801569277
Vietnam,CHN->Partner,2008-06,2.9661840899143517
Vietnam,CHN->Partner,2008-07,0.4287318032643217
Vietnam,CHN->Partner,2008-08,-0.5712587332119856
Vietnam,CHN->Partner,2008-09,2.0811223870896605
Vietnam,CHN->Partner,2008-10,2.0483219532674344
Vietnam,CHN->Partner,2008-11,1.9664556748498967
Vietnam,CHN->Partner,2008-12,3.0479146665141847
Vietnam,CHN->Partner,2009-01,3.169870390692342
Vietnam,CHN->Partner,2009-02,1.446152422706632
Vietnam,CHN->Partner,2009-03,2.3495130603087855
Vietnam,CHN->Partner,2009-04,1.8334455643975804
Vietnam,CHN->Partner,2009-05,1.322231784125794
Vietnam,CHN->Partner,2009-06,-0.034145041540641685
Vietnam,CHN->Partner,2009-07,3.804325224450979
Vietnam,CHN->Partner,2009-08,2.0580392305663384
Vietnam,CHN->Partner,2009-09,1.8772370082195238
Vietnam,CHN->Partner,2009-10,3.009385484561161
Vietnam,CHN->Partner,2009-11,5.913682429969409
Vietnam,CHN->Partner,2009-12,2.5666666666666664
Vietnam,CHN->Partner,2010-01,2.6134459910015817
Vietnam,CHN->Partner,2010-02,2.6999999999999993
Vietnam,CHN->Partner,2010-03,2.1946575663982983
Vietnam,CHN->Partner,2010-04,1.855739575140717
Vietnam,CHN->Partner,2010-05,2.0829506371759496
Vietnam,CHN->Partner,2010-06,2.494406598547803
Vietnam,CHN->Partner,2010-07,0.9736439875859766
Vietnam,CHN->Partner,2010-08,2.075770694812933
Vietnam,CHN->Partner,2010-09,3.2007528474942912
Vietnam,CHN->Partner,2010-10,2.683841572803468
Vietnam,CHN->Partner,2010-11,2.1991305003863886
Vietnam,CHN->Partner,2010-12,2.432096311712792
Vietnam,CHN->Partner,2011-01,3.203965546032764
Vietnam,CHN->Partner,2011-02,1.1409493318961523
Vietnam,CHN->Partner,2011-03,1.599999999999996
Vietnam,CHN->Partner,2011-04,3.6021951139546697
Vietnam,CHN->Partner,2011-05,-1.5925492133612469
Vietnam,CHN->Partner,2011-06,0.14119339351446314
Vietnam,CHN->Partner,2011-07,0.9651112155261803
Vietnam,CHN->Partner,2011-08,0.6059853851104897
Vietnam,CHN->Partner,2011-09,1.8169064555057979
Vietnam,CHN->Partner,2011-10,3.298779746202225
Vietnam,CHN->Partner,2011-11,1.3379870102263087
Vietnam,CHN->Partner,2011-12,2.189764387509289
Vietnam,CHN->Partner,2012-01,2.3119266304720583
Vietnam,CHN->Partner,2012-02,1.9973707381064845
Vietnam,CHN->Partner,2012-03,-3.8310384652784366
Vietnam,CHN->Partner,2012-04,0.3371010186706087
Vietnam,CHN->Partner,2012-05,3.4879458131824013
Vietnam,CHN->Partner,2012-06,1.0406574216228073
Vietnam,CHN->Partner,2012-07,0.3232083272215771
Vietnam,CHN->Partner,2012-08,3.150000000000004
Vietnam,CHN->Partner,2012-09,1.2722553726247057
Vietnam,CHN->Partner,2012-10,3.5930552875330246
Vietnam,CHN->Partner,2012-11,3.1952353926806047
Vietnam,CHN->Partner,2012-12,0.5703760238171309
Vietnam,CHN->Partner,2013-01,1.7763568394002505e-15
Vietnam,CHN->Partner,2013-02,-1.1776478450640315
Vietnam,CHN->Partner,2013-03,-2.229218013129527
Vietnam,CHN->Partner,2013-04,-0.7750000000000004
Vietnam,CHN->Partner,2013-05,0.20028562271251182
Vietnam,CHN->Partner,2013-06,2.9687241930939745
Vietnam,CHN->Partner,2013-07,0.9507249608471309
Vietnam,CHN->Partner,2013-08,2.237265549708505
Vietnam,CHN->Partner,2013-09,3.14877209848078
Vietnam,CHN->Partner,2013-10,2.51895017728439
Vietnam,CHN->Partner,2013-11,1.2086920787603344
Vietnam,CHN->Partner,2013-12,-0.3284879681542545
Vietnam,CHN->Partner,2014-01,0.9230565774900654
Vietnam,CHN->Partner,2014-02,1.0684046238739242
Vietnam,CHN->Partner,2014-03,-2.2055641510629425
Vietnam,CHN->Partner,2014-04,-2.1052684286616223
Vietnam,CHN->Partner,2014-05,-2.3641118531209315
Vietnam,CHN->Partner,2014-06,-0.8793750407594008
Vietnam,CHN->Partner,2014-07,-2.437862283580488
Vietnam,CHN->Partner,2014-08,1.2502298050644427
Vietnam,CHN->Partner,2014-09,0.7750388447377912
Vietnam,CHN->Partner,2014-10,3.2291132242192297
Vietnam,CHN->Partner,2014-11,1.314906572357458
Vietnam,CHN->Partner,2014-12,-0.9970687056168046
Vietnam,CHN->Partner,2015-01,0.8301234497346446
Vietnam,CHN->Partner,2015-02,-0.11719504241678713
Vietnam,CHN->Partner,2015-03,0.9056550438504782
Vietnam,CHN->Partner,2015-04,1.0598222457928408
Vietnam,CHN->Partner,2015-05,1.415195756511876
Vietnam,CHN->Partner,2015-06,-4.776393202250022
Vietnam,CHN->Partner,2015-07,1.543571600221627
Vietnam,CHN->Partner,2015-08,2.059603286816719
Vietnam,CHN->Partner,2015-09,0.41383210433011364
Vietnam,CHN->Partner,2015-10,1.2951945841607468
Vietnam,CHN->Partner,2015-11,3.051316436983262
Vietnam,CHN->Partner,2015-12,2.6737760894307954
Vietnam,CHN->Partner,2016-01,-1.0238898743906386
Vietnam,CHN->Partner,2016-02,-0.7957831056713687
Vietnam,CHN->Partner,2016-03,2.048128005819681
Vietnam,CHN->Partner,2016-04,0.8297015007827166
Vietnam,CHN->Partner,2016-05,0.8762278660662837
Vietnam,CHN->Partner,2016-06,0.44372779130597273
Vietnam,CHN->Partner,2016-07,-1.3226397390546722
Vietnam,CHN->Partner,2016-08,-1.181694140892903
Vietnam,CHN->Partner,2016-09,1.668619425899747
Vietnam,CHN->Partner,2016-10,1.8229065011413308
Vietnam,CHN->Partner,2016-11,1.1602037020342895
Vietnam,CHN->Partner,2016-12,-0.014068642052446734
Vietnam,CHN->Partner,2017-01,2.0168614542773735
Vietnam,CHN->Partner,2017-02,-0.4672368728463301
Vietnam,CHN->Partner,2017-03,2.679999999999998
Vietnam,CHN->Partner,2017-04,0.10585126253719146
Vietnam,CHN->Partner,2017-05,2.6402955546677394
Vietnam,CHN->Partner,2017-06,0.627271795671053
Vietnam,CHN->Partner,2017-07,-0.6220024085803697
Vietnam,CHN->Partner,2017-08,-5.128647497544272
Vietnam,CHN->Partner,2017-09,3.0009512494053343
Vietnam,CHN->Partner,2017-10,3.3999999999999986
Vietnam,CHN->Partner,2017-11,2.643430005895789
Vietnam,CHN->Partner,2017-12,-2.989533797000842
Vietnam,CHN->Partner,2018-01,-2.26517104469462
Vietnam,CHN->Partner,2018-02,1.9711809189090967
Vietnam,CHN->Partner,2018-03,2.3233752846440474
Vietnam,CHN->Partner,2018-04,0.6022480297065087
Vietnam,CHN->Partner,2018-05,1.5467282347239077
Vietnam,CHN->Partner,2018-06,-0.4958873770592813
Vietnam,CHN->Partner,2018-07,-2.5893772802297548
Vietnam,CHN->Partner,2018-08,3.1112677829484543
Vietnam,CHN->Partner,2018-09,3.091668099867574
Vietnam,CHN->Partner,2018-10,1.132935714129177
Vietnam,CHN->Partner,2018-11,3.596113427507559
Vietnam,CHN->Partner,2018-12,3.0127382185727267
Vietnam,CHN->Partner,2019-01,0.5666666666666664
Vietnam,CHN->Partner,2019-02,1.1832458697172417
Vietnam,CHN->Partner,2019-03,0.13582183419831928
Vietnam,CHN->Partner,2019-04,2.9441295749625755
Vietnam,CHN->Partner,2019-05,4.201408501006069
Vietnam,CHN->Partner,2019-06,-1.1333333333333329
Vietnam,CHN->Partner,2019-07,1.8228039436297365
Vietnam,CHN->Partner,2019-08,-0.5877936677898301
Vietnam,CHN->Partner,2019-09,2.9458321752824688
Vietnam,CHN->Partner,2019-10,0.11009193656968641
Vietnam,CHN->Partner,2019-11,2.0153570986094316
Vietnam,CHN->Partner,2019-12,0.6760421349716612
Vietnam,CHN->Partner,2020-01,-0.31936670263424993
Vietnam,CHN->Partner,2020-02,2.07790598762916
Vietnam,CHN->Partner,2020-03,0.7368423204281491
Vietnam,CHN->Partner,2020-04,-0.46670301920667256
Vietnam,CHN->Partner,2020-05,-7.2
Vietnam,CHN->Partner,2020-06,-4.049999999999999
Vietnam,CHN->Partner,2020-07,0.4673685213614167
Vietnam,CHN->Partner,2020-08,-2.3339211167142526
Vietnam,CHN->Partner,2020-09,1.1135848216088586
Vietnam,CHN->Partner,2020-10,1.7402289174057213
Vietnam,CHN->Partner,2020-11,2.6766223900493795
Vietnam,CHN->Partner,2020-12,-1.1333333333333329
Vietnam,CHN->Partner,2021-01,2.5665185363920475
Vietnam,CHN->Partner,2021-02,2.443157578214544
Vietnam,CHN->Partner,2021-03,1.7763568394002505e-15
Vietnam,CHN->Partner,2021-04,2.624583327879332
Vietnam,CHN->Partner,2021-05,0.9379757075478334
Vietnam,CHN->Partner,2021-06,0.4715471390434711
Vietnam,CHN->Partner,2021-07,0.5833717923267105
Vietnam,CHN->Partner,2021-08,0.27125122005577396
Vietnam,CHN->Partner,2021-09,2.440857920424495
Vietnam,CHN->Partner,2021-10,2.1004704412128685
Vietnam,CHN->Partner,2021-11,1.9000000000000004
Vietnam,CHN->Partner,2021-12,2.911000389439094
Vietnam,CHN->Partner,2022-01,1.7467289438537286
Vietnam,CHN->Partner,2022-02,1.6160781842457173
Vietnam,CHN->Partner,2022-03,1.7763568394002505e-15
Vietnam,CHN->Partner,2022-04,0.8662435709627374
Vietnam,CHN->Partner,2022-05,-7.2
Vietnam,CHN->Partner,2022-06,-2.5
Vietnam,CHN->Partner,2022-07,-0.7362022111944313
Vietnam,CHN->Partner,2022-08,1.0
Vietnam,CHN->Partner,2022-09,0.8623588172556556
Vietnam,CHN->Partner,2022-10,2.8234006637924143
Vietnam,CHN->Partner,2022-11,2.4452239054492324
Vietnam,CHN->Partner,2022-12,1.6929241395661077
Vietnam,CHN->Partner,2023-01,1.5335256504844939
Vietnam,CHN->Partner,2023-02,-3.5999999999999988
Vietnam,CHN->Partner,2023-03,1.9816562657053982
Vietnam,CHN->Partner,2023-04,1.9816562657053982
Vietnam,Partner->CHN,2002-01,3.3962117271969525
Vietnam,Partner->CHN,2002-02,3.0504256352832666
Vietnam,Partner->CHN,2002-03,2.6883237641865705
Vietnam,Partner->CHN,2002-04,2.5206561283633047
Vietnam,Partner->CHN,2002-05,3.717444971318285
Vietnam,Partner->CHN,2002-06,1.7608860018284904
Vietnam,Partner->CHN,2002-07,2.261814730410949
Vietnam,Partner->CHN,2002-08,4.212857032865344
Vietnam,Partner->CHN,2002-09,0.9677233726014052
Vietnam,Partner->CHN,2002-10,2.3120859463322194
Vietnam,Partner->CHN,2002-11,1.6435921621663905
Vietnam,Partner->CHN,2002-12,3.831836058217206
Vietnam,Partner->CHN,2003-01,1.9000000000000004
Vietnam,Partner->CHN,2003-02,2.8000000000000025
Vietnam,Partner->CHN,2003-03,2.76
Vietnam,Partner->CHN,2003-04,1.1856002500331595
Vietnam,Partner->CHN,2003-05,3.1999999999999993
Vietnam,Partner->CHN,2003-06,3.1326942552504704
Vietnam,Partner->CHN,2003-07,2.5
Vietnam,Partner->CHN,2003-08,2.7714597999148634
Vietnam,Partner->CHN,2003-09,0.9807345151316902
Vietnam,Partner->CHN,2003-10,2.1389927879868385
Vietnam,Partner->CHN,2003-11,1.9714285714285715
Vietnam,Partner->CHN,2003-12,2.6895221179054456
Vietnam,Partner->CHN,2004-01,1.6044977359257242
Vietnam,Partner->CHN,2004-02,-0.0024650805492356653
Vietnam,Partner->CHN,2004-03,0.09999999999999964
Vietnam,Partner->CHN,2004-04,2.364507056454089
Vietnam,Partner->CHN,2004-05,2.9984051718378453
Vietnam,Partner->CHN,2004-06,3.2137436981826433
Vietnam,Partner->CHN,2004-07,0.9201598331548446
Vietnam,Partner->CHN,2004-08,3.1462161732861684
Vietnam,Partner->CHN,2004-09,1.9947365322938388
Vietnam,Partner->CHN,2004-10,2.1541129000445487
Vietnam,Partner->CHN,2004-11,2.418330319431387
Vietnam,Partner->CHN,2004-12,3.7642497487990774
Vietnam,Partner->CHN,2005-01,-0.22209974959795353
Vietnam,Partner->CHN,2005-02,1.0
Vietnam,Partner->CHN,2005-03,3.714236091170388
Vietnam,Partner->CHN,2005-04,3.897859983863327
Vietnam,Partner->CHN,2005-05,3.1363353450309983
Vietnam,Partner->CHN,2005-06,2.3000000000000025
Vietnam,Partner->CHN,2005-07,2.741513266044194
Vietnam,Partner->CHN,2005-08,0.029260424141122954
Vietnam,Partner->CHN,2005-09,3.179023712411654
Vietnam,Partner->CHN,2005-10,3.121067376121477
Vietnam,Partner->CHN,2005-11,3.8949774746510446
Vietnam,Partner->CHN,2005-12,2.564890947112069
Vietnam,Partner->CHN,2006-01,4.593668775832949
Vietnam,Partner->CHN,2006-02,3.439488201456502
Vietnam,Partner->CHN,2006-03,2.739064524138632
Vietnam,Partner->CHN,2006-04,2.4640784312975548
Vietnam,Partner->CHN,2006-05,3.5795215646756358
Vietnam,Partner->CHN,2006-06,3.0427512393396388
Vietnam,Partner->CHN,2006-07,0.6138876569411007
Vietnam,Partner->CHN,2006-08,3.1321277645906953
Vietnam,Partner->CHN,2006-09,2.3759345156587806
Vietnam,Partner->CHN,2006-10,3.0139495174128133
Vietnam,Partner->CHN,2006-11,2.502032047672575
Vietnam,Partner->CHN,2006-12,2.25
Vietnam,Partner->CHN,2007-01,-0.06666666666666288
Vietnam,Partner->CHN,2007-02,1.6145531306779546
Vietnam,Partner->CHN,2007-03,3.4367781342517603
Vietnam,Partner->CHN,2007-04,2.560508772817389
Vietnam,Partner->CHN,2007-05,2.6498333563699195
Vietnam,Partner->CHN,2007-06,2.7687017521868675
Vietnam,Partner->CHN,2007-07,1.59964534992943
Vietnam,Partner->CHN,2007-08,2.356481739620536
Vietnam,Partner->CHN,2007-09,2.4577129270191804
Vietnam,Partner->CHN,2007-10,3.8395547404565136
Vietnam,Partner->CHN,2007-11,1.387999540573384
Vietnam,Partner->CHN,2007-12,-0.5632980790131867
Vietnam,Partner->CHN,2008-01,0.37931660774736287
Vietnam,Partner->CHN,2008-02,3.2979503783268385
Vietnam,Partner->CHN,2008-03,4.029230369084573
Vietnam,Partner->CHN,2008-04,2.2970314005789714
Vietnam,Partner->CHN,2008-05,3.103296357551784
Vietnam,Partner->CHN,2008-06,3.275527635919616
Vietnam,Partner->CHN,2008-07,0.15886037733631042
Vietnam,Partner->CHN,2008-08,2.0036980194314093
Vietnam,Partner->CHN,2008-09,2.476792740588401
Vietnam,Partner->CHN,2008-10,2.434555269284891
Vietnam,Partner->CHN,2008-11,2.646446899552359
Vietnam,Partner->CHN,2008-12,2.902484722652149
Vietnam,Partner->CHN,2009-01,3.4349837523042677
Vietnam,Partner->CHN,2009-02,2.25
Vietnam,Partner->CHN,2009-03,1.473230280452725
Vietnam,Partner->CHN,2009-04,2.033606736269922
Vietnam,Partner->CHN,2009-05,1.9028041363546144
Vietnam,Partner->CHN,2009-06,1.5148607189839964
Vietnam,Partner->CHN,2009-07,2.9215599353828114
Vietnam,Partner->CHN,2009-08,1.9788289671831514
Vietnam,Partner->CHN,2009-09,1.9689316710557314
Vietnam,Partner->CHN,2009-10,2.5052320780083193
Vietnam,Partner->CHN,2009-11,4.105027086646722
Vietnam,Partner->CHN,2009-12,1.6075175720602584
Vietnam,Partner->CHN,2010-01,1.3722208185139024
Vietnam,Partner->CHN,2010-02,1.1624783736376898
Vietnam,Partner->CHN,2010-03,2.7413168123646052
Vietnam,Partner->CHN,2010-04,2.6728609727292234
Vietnam,Partner->CHN,2010-05,1.6601069719096468
Vietnam,Partner->CHN,2010-06,2.8247011838125378
Vietnam,Partner->CHN,2010-07,2.605909725800256
Vietnam,Partner->CHN,2010-08,2.498189813408832
Vietnam,Partner->CHN,2010-09,3.286064194694619
Vietnam,Partner->CHN,2010-10,1.3280772477646519
Vietnam,Partner->CHN,2010-11,2.654912615430959
Vietnam,Partner->CHN,2010-12,3.285554937751048
Vietnam,Partner->CHN,2011-01,3.2614918097680796
Vietnam,Partner->CHN,2011-02,1.1279464595545825
Vietnam,Partner->CHN,2011-03,-0.261890506143466
Vietnam,Partner->CHN,2011-04,2.691904682413444
Vietnam,Partner->CHN,2011-05,-1.5034914499536995
Vietnam,Partner->CHN,2011-06,-1.6216331290452874
Vietnam,Partner->CHN,2011-07,-0.9602608748971466
Vietnam,Partner->CHN,2011-08,-1.3999999999999986
Vietnam,Partner->CHN,2011-09,1.925580215632202
Vietnam,Partner->CHN,2011-10,3.663161337952374
Vietnam,Partner->CHN,2011-11,-1.0680194846605335
Vietnam,Partner->CHN,2011-12,1.6302056005473737
Vietnam,Partner->CHN,2012-01,4.4368529694616665
Vietnam,Partner->CHN,2012-02,3.262250598388686
Vietnam,Partner->CHN,2012-03,-1.447439771765339
Vietnam,Partner->CHN,2012-04,2.130915409285537
Vietnam,Partner->CHN,2012-05,4.133333333333331
Vietnam,Partner->CHN,2012-06,1.7447610589527223
Vietnam,Partner->CHN,2012-07,-0.8000420717748149
Vietnam,Partner->CHN,2012-08,-0.4251228724613796
Vietnam,Partner->CHN,2012-09,0.8820068046068439
Vietnam,Partner->CHN,2012-10,2.281712124422059
Vietnam,Partner->CHN,2012-11,-0.2976193423040705
Vietnam,Partner->CHN,2012-12,0.18783353930231605
Vietnam,Partner->CHN,2013-01,-1.2499999999999982
Vietnam,Partner->CHN,2013-02,5.199999999999996
Vietnam,Partner->CHN,2013-03,-1.4549813150668651
Vietnam,Partner->CHN,2013-04,0.21357313997622285
Vietnam,Partner->CHN,2013-05,0.8403018465776544
Vietnam,Partner->CHN,2013-06,2.137705771109589
Vietnam,Partner->CHN,2013-07,2.8038927852909676
Vietnam,Partner->CHN,2013-08,2.7315668586376525
Vietnam,Partner->CHN,2013-09,1.6354464649662415
Vietnam,Partner->CHN,2013-10,2.958798587243372
Vietnam,Partner->CHN,2013-11,2.1452295637058043
Vietnam,Partner->CHN,2013-12,1.9602484704539052
Vietnam,Partner->CHN,2014-01,0.4697589290093269
Vietnam,Partner->CHN,2014-02,0.797498913987635
Vietnam,Partner->CHN,2014-03,3.191225943762495
Vietnam,Partner->CHN,2014-04,0.27422326439118017
Vietnam,Partner->CHN,2014-05,-3.4821366881348537
Vietnam,Partner->CHN,2014-06,0.6057124164924996
Vietnam,Partner->CHN,2014-07,-1.0925783989315434
Vietnam,Partner->CHN,2014-08,1.3175249882372864
Vietnam,Partner->CHN,2014-09,-0.243637685205643
Vietnam,Partner->CHN,2014-10,3.155207229216032
Vietnam,Partner->CHN,2014-11,0.46384603415088854
Vietnam,Partner->CHN,2014-12,1.5596665501991236
Vietnam,Partner->CHN,2015-01,1.9116099081869642
Vietnam,Partner->CHN,2015-02,2.1245405856341044
Vietnam,Partner->CHN,2015-03,1.8142969386843504
Vietnam,Partner->CHN,2015-04,2.915208124066478
Vietnam,Partner->CHN,2015-05,0.6861548813544545
Vietnam,Partner->CHN,2015-06,0.7376267164276307
Vietnam,Partner->CHN,2015-07,1.78787939176995
Vietnam,Partner->CHN,2015-08,2.5485662059058605
Vietnam,Partner->CHN,2015-09,0.8921055603560202
Vietnam,Partner->CHN,2015-10,1.9204956897154446
Vietnam,Partner->CHN,2015-11,2.543572074959874
Vietnam,Partner->CHN,2015-12,2.199931100603706
Vietnam,Partner->CHN,2016-01,-1.2073649509821625
Vietnam,Partner->CHN,2016-02,-0.9699218085050223
Vietnam,Partner->CHN,2016-03,2.1200577415371207
Vietnam,Partner->CHN,2016-04,0.18906631263794083
Vietnam,Partner->CHN,2016-05,1.5287959832472318
Vietnam,Partner->CHN,2016-06,-1.584374172599416
Vietnam,Partner->CHN,2016-07,-0.6759796065377657
Vietnam,Partner->CHN,2016-08,0.8219861262066779
Vietnam,Partner->CHN,2016-09,1.6167822807442018
Vietnam,Partner->CHN,2016-10,0.20717251792934732
Vietnam,Partner->CHN,2016-11,1.9754087342660522
Vietnam,Partner->CHN,2016-12,1.3168065441947086
Vietnam,Partner->CHN,2017-01,2.653761117027072
Vietnam,Partner->CHN,2017-02,-1.7576674777959518
Vietnam,Partner->CHN,2017-03,-0.25890863953322096
Vietnam,Partner->CHN,2017-04,1.1518199192345993
Vietnam,Partner->CHN,2017-05,1.6503608319570358
Vietnam,Partner->CHN,2017-06,1.2360490267325837
Vietnam,Partner->CHN,2017-07,4.466666666666665
Vietnam,Partner->CHN,2017-08,-1.6332735067469457
Vietnam,Partner->CHN,2017-09,1.5998953206855475
Vietnam,Partner->CHN,2017-10,1.2246432233137536
Vietnam,Partner->CHN,2017-11,3.050089970890415
Vietnam,Partner->CHN,2017-12,4.388383391242174
Vietnam,Partner->CHN,2018-01,3.0330208180539433
Vietnam,Partner->CHN,2018-02,1.0590868807715594
Vietnam,Partner->CHN,2018-03,1.6373302617613756
Vietnam,Partner->CHN,2018-04,1.122294803924662
Vietnam,Partner->CHN,2018-05,0.5878799553439809
Vietnam,Partner->CHN,2018-06,4.0809283706004855
Vietnam,Partner->CHN,2018-07,1.8740381056766573
Vietnam,Partner->CHN,2018-08,2.9381358534811017
Vietnam,Partner->CHN,2018-09,2.020817542992379
Vietnam,Partner->CHN,2018-10,2.220030753558266
Vietnam,Partner->CHN,2018-11,1.6393843467308677
Vietnam,Partner->CHN,2018-12,2.5096294744866814
Vietnam,Partner->CHN,2019-01,1.060494290628439
Vietnam,Partner->CHN,2019-02,2.446885351150838
Vietnam,Partner->CHN,2019-03,0.2208108067353951
Vietnam,Partner->CHN,2019-04,1.8970777600376785
Vietnam,Partner->CHN,2019-05,0.3516151335809905
Vietnam,Partner->CHN,2019-06,2.60161227433181
Vietnam,Partner->CHN,2019-07,0.08894758386718493
Vietnam,Partner->CHN,2019-08,-0.8903550890711855
Vietnam,Partner->CHN,2019-09,-1.2310350653398618
Vietnam,Partner->CHN,2019-10,-0.8521274411554369
Vietnam,Partner->CHN,2019-11,0.9494118915975633
Vietnam,Partner->CHN,2019-12,0.5444444444444443
Vietnam,Partner->CHN,2020-01,2.793958193938458
Vietnam,Partner->CHN,2020-02,2.5411020269232143
Vietnam,Partner->CHN,2020-03,-3.114355720240243
Vietnam,Partner->CHN,2020-04,0.08780970224652584
Vietnam,Partner->CHN,2020-05,1.0444909694440607
Vietnam,Partner->CHN,2020-06,2.0837168574084206
Vietnam,Partner->CHN,2020-07,-2.4128124147534074
Vietnam,Partner->CHN,2020-08,-0.7154399284436224
Vietnam,Partner->CHN,2020-09,2.6389037992410618
Vietnam,Partner->CHN,2020-10,0.3778679744448912
Vietnam,Partner->CHN,2020-11,2.1818902386018664
Vietnam,Partner->CHN,2020-12,2.0106944240719304
Vietnam,Partner->CHN,2021-01,3.5
Vietnam,Partner->CHN,2021-02,0.37502445302897947
Vietnam,Partner->CHN,2021-03,1.8499999999999996
Vietnam,Partner->CHN,2021-04,2.021556431323617
Vietnam,Partner->CHN,2021-05,1.949764559677753
Vietnam,Partner->CHN,2021-06,3.628415007890853
Vietnam,Partner->CHN,2021-07,-1.5945468007812078
Vietnam,Partner->CHN,2021-08,3.3684888448566763
Vietnam,Partner->CHN,2021-09,2.3487968399507277
Vietnam,Partner->CHN,2021-10,-1.5313730334031117
Vietnam,Partner->CHN,2021-11,-0.7999999999999972
Vietnam,Partner->CHN,2021-12,2.03719447990364
Vietnam,Partner->CHN,2022-01,2.2329639675365627
Vietnam,Partner->CHN,2022-02,2.8000000000000025
Vietnam,Partner->CHN,2022-03,1.700000000000001
Vietnam,Partner->CHN,2022-04,2.2799999999999976
Vietnam,Partner->CHN,2022-05,0.26832456376907743
Vietnam,Partner->CHN,2022-06,-1.4386190907800014
Vietnam,Partner->CHN,2022-07,2.2223348323659007
Vietnam,Partner->CHN,2022-08,2.5
Vietnam,Partner->CHN,2022-09,1.3499999999999996
Vietnam,Partner->CHN,2022-10,2.8502060752784004
Vietnam,Partner->CHN,2022-11,2.0688668935961108
Vietnam,Partner->CHN,2022-12,1.6298679839675767
Vietnam,Partner->CHN,2023-01,1.591904527830403
Vietnam,Partner->CHN,2023-02,2.1999999999999993
Vietnam,Partner->CHN,2023-03,1.4191384080200091
Vietnam,Partner->CHN,2023-04,1.4191384080200091
