iter,term,placebo_coef
1,Event_Positive_x_z_trade_dep,0.0129038565051846
2,Event_Positive_x_z_trade_dep,-0.0116964589894252
3,Event_Positive_x_z_trade_dep,0.0149473243176739
4,Event_Positive_x_z_trade_dep,-0.0272976678926831
5,Event_Positive_x_z_trade_dep,-0.00453905662656774
6,Event_Positive_x_z_trade_dep,0.0279515401977472
7,Event_Positive_x_z_trade_dep,-0.022481054210855
8,Event_Positive_x_z_trade_dep,-0.023058257122157
9,Event_Positive_x_z_trade_dep,0.0135943916124468
10,Event_Positive_x_z_trade_dep,0.00080397725315708
11,Event_Positive_x_z_trade_dep,-0.0283641567554055
12,Event_Positive_x_z_trade_dep,-0.0230467916535468
13,Event_Positive_x_z_trade_dep,0.00745889413679978
14,Event_Positive_x_z_trade_dep,-0.0286559325094836
15,Event_Positive_x_z_trade_dep,0.0199109638593377
16,Event_Positive_x_z_trade_dep,-0.0318306787210168
17,Event_Positive_x_z_trade_dep,0.00201021253374015
18,Event_Positive_x_z_trade_dep,-0.0059399736359045
19,Event_Positive_x_z_trade_dep,0.00598539573480919
20,Event_Positive_x_z_trade_dep,0.00414940667387675
21,Event_Positive_x_z_trade_dep,-0.015612838250961
22,Event_Positive_x_z_trade_dep,-0.0346987466907904
23,Event_Positive_x_z_trade_dep,0.0319273481770311
24,Event_Positive_x_z_trade_dep,0.0379103752618023
25,Event_Positive_x_z_trade_dep,-0.0129720956687111
26,Event_Positive_x_z_trade_dep,0.0174948543209932
27,Event_Positive_x_z_trade_dep,-0.029771707985267
28,Event_Positive_x_z_trade_dep,0.00597469705847764
29,Event_Positive_x_z_trade_dep,0.0133606117710432
30,Event_Positive_x_z_trade_dep,0.0138717569688357
31,Event_Positive_x_z_trade_dep,-0.00771266284372912
32,Event_Positive_x_z_trade_dep,0.0119693707657836
33,Event_Positive_x_z_trade_dep,-0.000898215408895581
34,Event_Positive_x_z_trade_dep,-0.0122160079182432
35,Event_Positive_x_z_trade_dep,-0.0375711756044796
36,Event_Positive_x_z_trade_dep,-0.00136523202298052
37,Event_Positive_x_z_trade_dep,-0.0379960147348597
38,Event_Positive_x_z_trade_dep,0.00734065962947176
39,Event_Positive_x_z_trade_dep,0.00710820358319985
40,Event_Positive_x_z_trade_dep,-0.0107768588228981
41,Event_Positive_x_z_trade_dep,0.0231392253444767
42,Event_Positive_x_z_trade_dep,-0.018416692701978
43,Event_Positive_x_z_trade_dep,0.0178300729865963
44,Event_Positive_x_z_trade_dep,-0.0213352919400218
45,Event_Positive_x_z_trade_dep,0.00775279703468384
46,Event_Positive_x_z_trade_dep,0.0263037190734718
47,Event_Positive_x_z_trade_dep,-0.0159739870364424
48,Event_Positive_x_z_trade_dep,0.0604534032648756
49,Event_Positive_x_z_trade_dep,0.0272439053729168
50,Event_Positive_x_z_trade_dep,0.0253233770470116
51,Event_Positive_x_z_trade_dep,0.0241703020971979
52,Event_Positive_x_z_trade_dep,-0.00357725115622344
53,Event_Positive_x_z_trade_dep,-0.000104688426763738
54,Event_Positive_x_z_trade_dep,0.0174778634369313
55,Event_Positive_x_z_trade_dep,0.00843795688811113
56,Event_Positive_x_z_trade_dep,0.0450540264057434
57,Event_Positive_x_z_trade_dep,-0.0012739219357454
58,Event_Positive_x_z_trade_dep,-0.0283246964147153
59,Event_Positive_x_z_trade_dep,0.0431110121255537
60,Event_Positive_x_z_trade_dep,0.049525769372561
61,Event_Positive_x_z_trade_dep,-0.0183733502148693
62,Event_Positive_x_z_trade_dep,-0.0250133316721641
63,Event_Positive_x_z_trade_dep,0.012805808767553
64,Event_Positive_x_z_trade_dep,0.0176423298082648
65,Event_Positive_x_z_trade_dep,-0.0258718067457554
66,Event_Positive_x_z_trade_dep,0.0390230817283791
67,Event_Positive_x_z_trade_dep,-0.0370424195602433
68,Event_Positive_x_z_trade_dep,0.0156887476525058
69,Event_Positive_x_z_trade_dep,0.005552213436312
70,Event_Positive_x_z_trade_dep,0.00523256511392283
71,Event_Positive_x_z_trade_dep,-0.0203638457274201
72,Event_Positive_x_z_trade_dep,0.0100890464141303
73,Event_Positive_x_z_trade_dep,0.00825878000559373
74,Event_Positive_x_z_trade_dep,0.0138928827860207
75,Event_Positive_x_z_trade_dep,-0.0156030848544673
76,Event_Positive_x_z_trade_dep,0.00177779971276341
77,Event_Positive_x_z_trade_dep,-0.0182480939033186
78,Event_Positive_x_z_trade_dep,0.025044492293003
79,Event_Positive_x_z_trade_dep,-0.0013369301837159
80,Event_Positive_x_z_trade_dep,0.0125034628759645
81,Event_Positive_x_z_trade_dep,-0.0286987322503117
82,Event_Positive_x_z_trade_dep,-0.020233774929997
83,Event_Positive_x_z_trade_dep,0.0194569530123654
84,Event_Positive_x_z_trade_dep,0.0244621515211039
85,Event_Positive_x_z_trade_dep,-0.0242557167939553
86,Event_Positive_x_z_trade_dep,-0.00843642722727181
87,Event_Positive_x_z_trade_dep,0.0162896326803659
88,Event_Positive_x_z_trade_dep,0.0111457450444145
89,Event_Positive_x_z_trade_dep,0.00894939757235739
90,Event_Positive_x_z_trade_dep,0.00616668069388485
91,Event_Positive_x_z_trade_dep,0.0326853853396733
92,Event_Positive_x_z_trade_dep,0.0307826553831461
93,Event_Positive_x_z_trade_dep,0.0242132159947857
94,Event_Positive_x_z_trade_dep,0.00292242756681581
95,Event_Positive_x_z_trade_dep,0.0306254210894924
96,Event_Positive_x_z_trade_dep,-0.0011507243403506
97,Event_Positive_x_z_trade_dep,-0.00960800175879572
98,Event_Positive_x_z_trade_dep,0.0211285820464078
99,Event_Positive_x_z_trade_dep,0.0117056166913438
100,Event_Positive_x_z_trade_dep,0.00591415519009615
101,Event_Positive_x_z_trade_dep,0.00438011458066017
102,Event_Positive_x_z_trade_dep,-0.00196445938653831
103,Event_Positive_x_z_trade_dep,-0.00233793005084333
104,Event_Positive_x_z_trade_dep,0.0102859500067679
105,Event_Positive_x_z_trade_dep,-0.0311134268939826
106,Event_Positive_x_z_trade_dep,-0.0320258884628425
107,Event_Positive_x_z_trade_dep,0.0323213175996029
108,Event_Positive_x_z_trade_dep,0.0369957611104645
109,Event_Positive_x_z_trade_dep,-0.00296005689476951
110,Event_Positive_x_z_trade_dep,0.0173852686274333
111,Event_Positive_x_z_trade_dep,0.0184407326184468
112,Event_Positive_x_z_trade_dep,-5.1645069565871e-05
113,Event_Positive_x_z_trade_dep,0.0167462487014731
114,Event_Positive_x_z_trade_dep,0.0133326230639474
115,Event_Positive_x_z_trade_dep,-0.0315654385556365
116,Event_Positive_x_z_trade_dep,0.023202484941512
117,Event_Positive_x_z_trade_dep,-0.00975247745448293
118,Event_Positive_x_z_trade_dep,0.0283779515003013
119,Event_Positive_x_z_trade_dep,0.0123217607696072
120,Event_Positive_x_z_trade_dep,-0.0243454041666517
121,Event_Positive_x_z_trade_dep,-0.0274947412932817
122,Event_Positive_x_z_trade_dep,-0.0320044963742896
123,Event_Positive_x_z_trade_dep,-0.000451615293265453
124,Event_Positive_x_z_trade_dep,-0.0110216857753256
125,Event_Positive_x_z_trade_dep,-0.00813216564296367
126,Event_Positive_x_z_trade_dep,-0.0115539482675492
127,Event_Positive_x_z_trade_dep,-0.010767675985859
128,Event_Positive_x_z_trade_dep,0.0146547269984914
129,Event_Positive_x_z_trade_dep,0.0111817233473379
130,Event_Positive_x_z_trade_dep,0.0226213039078081
131,Event_Positive_x_z_trade_dep,0.0336805831458778
132,Event_Positive_x_z_trade_dep,0.0104381975793507
133,Event_Positive_x_z_trade_dep,0.00432224238527219
134,Event_Positive_x_z_trade_dep,-0.0165756445252814
135,Event_Positive_x_z_trade_dep,0.0175941082058051
136,Event_Positive_x_z_trade_dep,0.036035599877767
137,Event_Positive_x_z_trade_dep,-0.0403940440526348
138,Event_Positive_x_z_trade_dep,0.0471226947157904
139,Event_Positive_x_z_trade_dep,0.0371495267875593
140,Event_Positive_x_z_trade_dep,-0.0287781172483349
141,Event_Positive_x_z_trade_dep,0.00394322741366222
142,Event_Positive_x_z_trade_dep,0.029811133344859
143,Event_Positive_x_z_trade_dep,-0.035056059840016
144,Event_Positive_x_z_trade_dep,-0.0314625590784042
145,Event_Positive_x_z_trade_dep,-0.0164712315207261
146,Event_Positive_x_z_trade_dep,-0.0394516052421297
147,Event_Positive_x_z_trade_dep,-0.0217821541839817
148,Event_Positive_x_z_trade_dep,-0.0175130249778524
149,Event_Positive_x_z_trade_dep,-0.021675244331465
150,Event_Positive_x_z_trade_dep,-0.00941269776313182
151,Event_Positive_x_z_trade_dep,-0.0237446229508034
152,Event_Positive_x_z_trade_dep,0.0379428822562409
153,Event_Positive_x_z_trade_dep,0.0256365739079556
154,Event_Positive_x_z_trade_dep,0.00736286802159401
155,Event_Positive_x_z_trade_dep,0.00971798081662892
156,Event_Positive_x_z_trade_dep,-0.000971873845370686
157,Event_Positive_x_z_trade_dep,0.00958736169804001
158,Event_Positive_x_z_trade_dep,-0.0234360234240078
159,Event_Positive_x_z_trade_dep,-0.0366533876907398
160,Event_Positive_x_z_trade_dep,0.0120984827460989
161,Event_Positive_x_z_trade_dep,0.0158046700859504
162,Event_Positive_x_z_trade_dep,-0.00744423790589842
163,Event_Positive_x_z_trade_dep,-0.0337094808077701
164,Event_Positive_x_z_trade_dep,-0.00672427289178525
165,Event_Positive_x_z_trade_dep,0.0529369143105724
166,Event_Positive_x_z_trade_dep,-0.0262618118495029
167,Event_Positive_x_z_trade_dep,-0.0326036224626805
168,Event_Positive_x_z_trade_dep,-0.00886533715071498
169,Event_Positive_x_z_trade_dep,-0.0404601170489781
170,Event_Positive_x_z_trade_dep,-0.0066715327020038
171,Event_Positive_x_z_trade_dep,0.0155381751230509
172,Event_Positive_x_z_trade_dep,-0.0357208385125471
173,Event_Positive_x_z_trade_dep,-0.0105374582434356
174,Event_Positive_x_z_trade_dep,-0.0263295349245963
175,Event_Positive_x_z_trade_dep,0.0117054496225681
176,Event_Positive_x_z_trade_dep,-0.0206786836133551
177,Event_Positive_x_z_trade_dep,0.0372725880271411
178,Event_Positive_x_z_trade_dep,0.0129373204196539
179,Event_Positive_x_z_trade_dep,0.0138924894381657
180,Event_Positive_x_z_trade_dep,0.0252677844595871
181,Event_Positive_x_z_trade_dep,0.0323558230253806
182,Event_Positive_x_z_trade_dep,0.0193536891264715
183,Event_Positive_x_z_trade_dep,-0.00242404310364172
184,Event_Positive_x_z_trade_dep,-0.0116485722957196
185,Event_Positive_x_z_trade_dep,-0.00318911763661255
186,Event_Positive_x_z_trade_dep,0.010871232330786
187,Event_Positive_x_z_trade_dep,-0.0261769623068453
188,Event_Positive_x_z_trade_dep,-0.0261750606294912
189,Event_Positive_x_z_trade_dep,0.0194030017846696
190,Event_Positive_x_z_trade_dep,0.0155908887703657
191,Event_Positive_x_z_trade_dep,-0.0299092583547785
192,Event_Positive_x_z_trade_dep,-0.00591431759573781
193,Event_Positive_x_z_trade_dep,-0.0203731244234671
194,Event_Positive_x_z_trade_dep,-0.0223789990933726
195,Event_Positive_x_z_trade_dep,0.0242435315035354
196,Event_Positive_x_z_trade_dep,0.0114277805280704
197,Event_Positive_x_z_trade_dep,0.00318447895787486
198,Event_Positive_x_z_trade_dep,0.0286205451070626
199,Event_Positive_x_z_trade_dep,-0.0273725844440567
200,Event_Positive_x_z_trade_dep,0.015416469357118
201,Event_Positive_x_z_trade_dep,-0.0176829248738439
202,Event_Positive_x_z_trade_dep,0.00181017573434549
203,Event_Positive_x_z_trade_dep,0.0149757782254676
204,Event_Positive_x_z_trade_dep,0.0273987955069431
205,Event_Positive_x_z_trade_dep,-0.030659298595989
206,Event_Positive_x_z_trade_dep,-0.0106812730863196
207,Event_Positive_x_z_trade_dep,-0.0198282580340335
208,Event_Positive_x_z_trade_dep,0.00637651113801185
209,Event_Positive_x_z_trade_dep,-0.0378385927738496
210,Event_Positive_x_z_trade_dep,-0.0165709097781728
211,Event_Positive_x_z_trade_dep,-0.0183799010926068
212,Event_Positive_x_z_trade_dep,0.0321938780094683
213,Event_Positive_x_z_trade_dep,0.0284880323110919
214,Event_Positive_x_z_trade_dep,-0.00013005121794027
215,Event_Positive_x_z_trade_dep,0.00190314812165425
216,Event_Positive_x_z_trade_dep,-0.00584987804789323
217,Event_Positive_x_z_trade_dep,0.00958982330886234
218,Event_Positive_x_z_trade_dep,-0.0326218930100317
219,Event_Positive_x_z_trade_dep,0.000937588880928512
220,Event_Positive_x_z_trade_dep,-0.0173176098932003
221,Event_Positive_x_z_trade_dep,0.00484826511122263
222,Event_Positive_x_z_trade_dep,-0.0228845919560364
223,Event_Positive_x_z_trade_dep,-0.0202487358683163
224,Event_Positive_x_z_trade_dep,0.00477790046663877
225,Event_Positive_x_z_trade_dep,0.019007073019192
226,Event_Positive_x_z_trade_dep,0.0263853397382995
227,Event_Positive_x_z_trade_dep,-4.4588514057263e-05
228,Event_Positive_x_z_trade_dep,-0.0278453972187787
229,Event_Positive_x_z_trade_dep,-0.0254092473295473
230,Event_Positive_x_z_trade_dep,0.0194794462926399
231,Event_Positive_x_z_trade_dep,-0.0269547013959928
232,Event_Positive_x_z_trade_dep,0.0119195546767549
233,Event_Positive_x_z_trade_dep,-0.0268249050145801
234,Event_Positive_x_z_trade_dep,-0.00362026979172976
235,Event_Positive_x_z_trade_dep,0.0172223993739117
236,Event_Positive_x_z_trade_dep,-0.00426505649515266
237,Event_Positive_x_z_trade_dep,-0.00634888186360295
238,Event_Positive_x_z_trade_dep,0.0463696004197318
239,Event_Positive_x_z_trade_dep,-0.0199768961000887
240,Event_Positive_x_z_trade_dep,0.00934071040558804
241,Event_Positive_x_z_trade_dep,0.0176402453421138
242,Event_Positive_x_z_trade_dep,-0.00356599647365307
243,Event_Positive_x_z_trade_dep,0.0116412463625185
244,Event_Positive_x_z_trade_dep,-0.0247874641593704
245,Event_Positive_x_z_trade_dep,0.00683962227167024
246,Event_Positive_x_z_trade_dep,-0.0207563756211901
247,Event_Positive_x_z_trade_dep,0.0133857595177745
248,Event_Positive_x_z_trade_dep,-0.00108123657551406
249,Event_Positive_x_z_trade_dep,0.000193917863101699
250,Event_Positive_x_z_trade_dep,-0.033491325277273
251,Event_Positive_x_z_trade_dep,0.0143273609730963
252,Event_Positive_x_z_trade_dep,-0.00934594860291832
253,Event_Positive_x_z_trade_dep,0.0333931582358754
254,Event_Positive_x_z_trade_dep,-0.0346401412653789
255,Event_Positive_x_z_trade_dep,-0.0226502229663726
256,Event_Positive_x_z_trade_dep,0.0133468320067652
257,Event_Positive_x_z_trade_dep,0.00395742486210912
258,Event_Positive_x_z_trade_dep,0.00474758011596014
259,Event_Positive_x_z_trade_dep,-0.00706421920664117
260,Event_Positive_x_z_trade_dep,0.033222075599267
261,Event_Positive_x_z_trade_dep,0.0213949214679513
262,Event_Positive_x_z_trade_dep,-0.00648365260303436
263,Event_Positive_x_z_trade_dep,0.0172542399265627
264,Event_Positive_x_z_trade_dep,-0.0421612988638291
265,Event_Positive_x_z_trade_dep,-0.00334592603132677
266,Event_Positive_x_z_trade_dep,0.0430472124438979
267,Event_Positive_x_z_trade_dep,-0.0119837935963049
268,Event_Positive_x_z_trade_dep,-0.0293733580307437
269,Event_Positive_x_z_trade_dep,0.00595939021212298
270,Event_Positive_x_z_trade_dep,-0.0111472225833562
271,Event_Positive_x_z_trade_dep,0.00622300270873507
272,Event_Positive_x_z_trade_dep,-0.0113443848717306
273,Event_Positive_x_z_trade_dep,0.0163785227217724
274,Event_Positive_x_z_trade_dep,0.0215973470102314
275,Event_Positive_x_z_trade_dep,0.0168093189867926
276,Event_Positive_x_z_trade_dep,-0.0396189873341314
277,Event_Positive_x_z_trade_dep,-0.0230103922242545
278,Event_Positive_x_z_trade_dep,0.0014744618712238
279,Event_Positive_x_z_trade_dep,-0.0281879415588685
280,Event_Positive_x_z_trade_dep,-0.0254791947230022
281,Event_Positive_x_z_trade_dep,0.000224352500201042
282,Event_Positive_x_z_trade_dep,0.00490251178103952
283,Event_Positive_x_z_trade_dep,0.0143572555172313
284,Event_Positive_x_z_trade_dep,0.00212944000407873
285,Event_Positive_x_z_trade_dep,0.0291038442626351
286,Event_Positive_x_z_trade_dep,0.00469707428515229
287,Event_Positive_x_z_trade_dep,0.00483384659179731
288,Event_Positive_x_z_trade_dep,0.0128533463130208
289,Event_Positive_x_z_trade_dep,-0.0117919535114529
290,Event_Positive_x_z_trade_dep,0.00672810422049523
291,Event_Positive_x_z_trade_dep,-0.0134125981537227
292,Event_Positive_x_z_trade_dep,0.00294695623371363
293,Event_Positive_x_z_trade_dep,-0.00619851736100532
294,Event_Positive_x_z_trade_dep,-0.0275674960656831
295,Event_Positive_x_z_trade_dep,-0.0211124943777664
296,Event_Positive_x_z_trade_dep,-0.0190868972476359
297,Event_Positive_x_z_trade_dep,-0.0151043353555187
298,Event_Positive_x_z_trade_dep,-0.0114352633393573
299,Event_Positive_x_z_trade_dep,0.00111926916494833
300,Event_Positive_x_z_trade_dep,0.00448658051954117
301,Event_Positive_x_z_trade_dep,0.00916134064434049
302,Event_Positive_x_z_trade_dep,-0.00372007628864469
303,Event_Positive_x_z_trade_dep,-0.00818381317463008
304,Event_Positive_x_z_trade_dep,-0.0201437714443738
305,Event_Positive_x_z_trade_dep,-0.034400261491775
306,Event_Positive_x_z_trade_dep,-0.0330666336410352
307,Event_Positive_x_z_trade_dep,0.0275284962693562
308,Event_Positive_x_z_trade_dep,-0.0249337140752799
309,Event_Positive_x_z_trade_dep,-0.0277621530934617
310,Event_Positive_x_z_trade_dep,0.0119811571158545
311,Event_Positive_x_z_trade_dep,-0.0293286860595525
312,Event_Positive_x_z_trade_dep,0.0242135111231282
313,Event_Positive_x_z_trade_dep,-0.000617927246229265
314,Event_Positive_x_z_trade_dep,-0.034005255261244
315,Event_Positive_x_z_trade_dep,0.0216870730044392
316,Event_Positive_x_z_trade_dep,0.0241900010840266
317,Event_Positive_x_z_trade_dep,0.0347977940467683
318,Event_Positive_x_z_trade_dep,-0.00197430851979325
319,Event_Positive_x_z_trade_dep,0.0288251732556844
320,Event_Positive_x_z_trade_dep,0.0463287653676735
321,Event_Positive_x_z_trade_dep,0.0184048682069615
322,Event_Positive_x_z_trade_dep,-0.0025524502828223
323,Event_Positive_x_z_trade_dep,-0.00091301713278755
324,Event_Positive_x_z_trade_dep,-0.0308328972910718
325,Event_Positive_x_z_trade_dep,-0.0276001001084231
326,Event_Positive_x_z_trade_dep,0.0118556858724574
327,Event_Positive_x_z_trade_dep,-0.00165547475667487
328,Event_Positive_x_z_trade_dep,0.00748679044395769
329,Event_Positive_x_z_trade_dep,-0.00391022512413658
330,Event_Positive_x_z_trade_dep,-0.0276634232365094
331,Event_Positive_x_z_trade_dep,-0.017448417101122
332,Event_Positive_x_z_trade_dep,0.0458109195312647
333,Event_Positive_x_z_trade_dep,-0.00397827558732881
334,Event_Positive_x_z_trade_dep,-0.0218375850338528
335,Event_Positive_x_z_trade_dep,0.00793952313328303
336,Event_Positive_x_z_trade_dep,-0.0362401458960339
337,Event_Positive_x_z_trade_dep,0.0323716573029804
338,Event_Positive_x_z_trade_dep,-0.0242575131558486
339,Event_Positive_x_z_trade_dep,0.01663094797152
340,Event_Positive_x_z_trade_dep,-0.0389568121349286
341,Event_Positive_x_z_trade_dep,0.00337304374661206
342,Event_Positive_x_z_trade_dep,0.0214985118698882
343,Event_Positive_x_z_trade_dep,-0.00036331967591499
344,Event_Positive_x_z_trade_dep,0.0059317641513704
345,Event_Positive_x_z_trade_dep,0.0460802310352545
346,Event_Positive_x_z_trade_dep,-0.0214464998154744
347,Event_Positive_x_z_trade_dep,0.00551135044951707
348,Event_Positive_x_z_trade_dep,-0.0284799256150407
349,Event_Positive_x_z_trade_dep,0.00168175358683658
350,Event_Positive_x_z_trade_dep,-0.0146242515198756
351,Event_Positive_x_z_trade_dep,0.0155660980840465
352,Event_Positive_x_z_trade_dep,-0.00184203950335222
353,Event_Positive_x_z_trade_dep,0.0181851867069012
354,Event_Positive_x_z_trade_dep,0.0211151283387926
355,Event_Positive_x_z_trade_dep,-0.0442626622992777
356,Event_Positive_x_z_trade_dep,-0.0205204979784933
357,Event_Positive_x_z_trade_dep,0.0391198380087016
358,Event_Positive_x_z_trade_dep,0.0132815481630159
359,Event_Positive_x_z_trade_dep,-0.0202591853807626
360,Event_Positive_x_z_trade_dep,-0.0297213273803109
361,Event_Positive_x_z_trade_dep,0.0176769750869578
362,Event_Positive_x_z_trade_dep,0.0114094977070399
363,Event_Positive_x_z_trade_dep,0.00930125157380282
364,Event_Positive_x_z_trade_dep,0.00890113673452753
365,Event_Positive_x_z_trade_dep,-0.0150973493003235
366,Event_Positive_x_z_trade_dep,0.0352174885117566
367,Event_Positive_x_z_trade_dep,0.0254273839896752
368,Event_Positive_x_z_trade_dep,-0.0268607759785966
369,Event_Positive_x_z_trade_dep,0.0148038704911074
370,Event_Positive_x_z_trade_dep,-0.00337091502319565
371,Event_Positive_x_z_trade_dep,0.00388631587854002
372,Event_Positive_x_z_trade_dep,-0.0412629985499485
373,Event_Positive_x_z_trade_dep,-0.0280472067340531
374,Event_Positive_x_z_trade_dep,-0.00760721638944515
375,Event_Positive_x_z_trade_dep,-0.0317814513421343
376,Event_Positive_x_z_trade_dep,0.0244902208012271
377,Event_Positive_x_z_trade_dep,0.0108604102755436
378,Event_Positive_x_z_trade_dep,-0.0244140327596938
379,Event_Positive_x_z_trade_dep,0.042295070288301
380,Event_Positive_x_z_trade_dep,-0.0257987583906531
381,Event_Positive_x_z_trade_dep,0.000645343730245402
382,Event_Positive_x_z_trade_dep,-0.00195009924759659
383,Event_Positive_x_z_trade_dep,0.0638692305340684
384,Event_Positive_x_z_trade_dep,0.0444495517401033
385,Event_Positive_x_z_trade_dep,-0.0313827095505883
386,Event_Positive_x_z_trade_dep,0.0179636974384363
387,Event_Positive_x_z_trade_dep,-0.0359030409591634
388,Event_Positive_x_z_trade_dep,0.00178620001186065
389,Event_Positive_x_z_trade_dep,0.0252057274794644
390,Event_Positive_x_z_trade_dep,0.0133166684940753
391,Event_Positive_x_z_trade_dep,0.0087282796308523
392,Event_Positive_x_z_trade_dep,-0.0197367176889723
393,Event_Positive_x_z_trade_dep,-0.0390399556711884
394,Event_Positive_x_z_trade_dep,0.00959134330284294
395,Event_Positive_x_z_trade_dep,0.0154190484309322
396,Event_Positive_x_z_trade_dep,-0.0274098798342633
397,Event_Positive_x_z_trade_dep,-0.030670881155455
398,Event_Positive_x_z_trade_dep,-0.0288843146204647
399,Event_Positive_x_z_trade_dep,0.0212931430864098
400,Event_Positive_x_z_trade_dep,0.0166439333969295
401,Event_Positive_x_z_trade_dep,-0.0289162716425644
402,Event_Positive_x_z_trade_dep,0.00403686717585651
403,Event_Positive_x_z_trade_dep,-0.0260183855767714
404,Event_Positive_x_z_trade_dep,0.0210428704417754
405,Event_Positive_x_z_trade_dep,0.0251231862154981
406,Event_Positive_x_z_trade_dep,0.0120994958190414
407,Event_Positive_x_z_trade_dep,0.0101537683347719
408,Event_Positive_x_z_trade_dep,-0.00290273494512323
409,Event_Positive_x_z_trade_dep,-0.035864256891345
410,Event_Positive_x_z_trade_dep,-0.0332242297493572
411,Event_Positive_x_z_trade_dep,0.00366861727318733
412,Event_Positive_x_z_trade_dep,0.0190943179987562
413,Event_Positive_x_z_trade_dep,0.0051067941647064
414,Event_Positive_x_z_trade_dep,-0.00984492793426959
415,Event_Positive_x_z_trade_dep,-0.018336776736007
416,Event_Positive_x_z_trade_dep,-0.00641982568174693
417,Event_Positive_x_z_trade_dep,0.0186872589256307
418,Event_Positive_x_z_trade_dep,-0.0237312640886773
419,Event_Positive_x_z_trade_dep,0.00788282370461987
420,Event_Positive_x_z_trade_dep,0.0197660556035373
421,Event_Positive_x_z_trade_dep,-8.17042458171039e-05
422,Event_Positive_x_z_trade_dep,-0.0303356497838879
423,Event_Positive_x_z_trade_dep,0.00419234484664462
424,Event_Positive_x_z_trade_dep,0.0164249524780013
425,Event_Positive_x_z_trade_dep,0.0108063557658545
426,Event_Positive_x_z_trade_dep,-0.022278147800786
427,Event_Positive_x_z_trade_dep,0.00466862009882735
428,Event_Positive_x_z_trade_dep,0.0208544921966395
429,Event_Positive_x_z_trade_dep,0.0122509097423627
430,Event_Positive_x_z_trade_dep,-0.0291493443857481
431,Event_Positive_x_z_trade_dep,0.0189073807143257
432,Event_Positive_x_z_trade_dep,-0.0224066543755206
433,Event_Positive_x_z_trade_dep,0.0123398475885715
434,Event_Positive_x_z_trade_dep,-0.0111055169340812
435,Event_Positive_x_z_trade_dep,0.00861075376131792
436,Event_Positive_x_z_trade_dep,0.00575780746299697
437,Event_Positive_x_z_trade_dep,0.0149339894791268
438,Event_Positive_x_z_trade_dep,-0.0103812895458542
439,Event_Positive_x_z_trade_dep,-0.0182733156216773
440,Event_Positive_x_z_trade_dep,-0.0206386732779905
441,Event_Positive_x_z_trade_dep,-0.0191486807824898
442,Event_Positive_x_z_trade_dep,-0.000807769723058298
443,Event_Positive_x_z_trade_dep,0.0219940748377631
444,Event_Positive_x_z_trade_dep,0.0296760634728838
445,Event_Positive_x_z_trade_dep,-0.0265561551039958
446,Event_Positive_x_z_trade_dep,-0.0207667125785729
447,Event_Positive_x_z_trade_dep,-0.0362142058283772
448,Event_Positive_x_z_trade_dep,-0.011412253345395
449,Event_Positive_x_z_trade_dep,0.0156981156065168
450,Event_Positive_x_z_trade_dep,-0.0272702126585677
451,Event_Positive_x_z_trade_dep,-0.0143876342017884
452,Event_Positive_x_z_trade_dep,0.0156531166022674
453,Event_Positive_x_z_trade_dep,-0.0327588658860223
454,Event_Positive_x_z_trade_dep,0.0573266266749562
455,Event_Positive_x_z_trade_dep,-0.0373760901600262
456,Event_Positive_x_z_trade_dep,0.0278929217235824
457,Event_Positive_x_z_trade_dep,-0.00519502488563275
458,Event_Positive_x_z_trade_dep,0.0175577516256541
459,Event_Positive_x_z_trade_dep,-0.0365169473393024
460,Event_Positive_x_z_trade_dep,0.0359837029567987
461,Event_Positive_x_z_trade_dep,0.026260365717346
462,Event_Positive_x_z_trade_dep,0.0179858772196337
463,Event_Positive_x_z_trade_dep,-0.036120613219464
464,Event_Positive_x_z_trade_dep,-0.0373482554088865
465,Event_Positive_x_z_trade_dep,-0.0275471671698324
466,Event_Positive_x_z_trade_dep,-0.0118165736717868
467,Event_Positive_x_z_trade_dep,-0.0235760150366966
468,Event_Positive_x_z_trade_dep,-0.0275003891381113
469,Event_Positive_x_z_trade_dep,0.0222043837132706
470,Event_Positive_x_z_trade_dep,-0.00826264977808969
471,Event_Positive_x_z_trade_dep,-0.00054895086258173
472,Event_Positive_x_z_trade_dep,0.0401603944604665
473,Event_Positive_x_z_trade_dep,0.0112409035314085
474,Event_Positive_x_z_trade_dep,0.0343526295613411
475,Event_Positive_x_z_trade_dep,0.0171643406519081
476,Event_Positive_x_z_trade_dep,-0.0121149551877824
477,Event_Positive_x_z_trade_dep,-0.00138262818461099
478,Event_Positive_x_z_trade_dep,-0.0274477016156432
479,Event_Positive_x_z_trade_dep,-0.0206731430034356
480,Event_Positive_x_z_trade_dep,-0.00218070335321418
481,Event_Positive_x_z_trade_dep,-0.024736551082403
482,Event_Positive_x_z_trade_dep,0.0223537188209227
483,Event_Positive_x_z_trade_dep,-0.00485763610198611
484,Event_Positive_x_z_trade_dep,-0.0290401319230586
485,Event_Positive_x_z_trade_dep,-0.0170549506670941
486,Event_Positive_x_z_trade_dep,-0.0203592587375721
487,Event_Positive_x_z_trade_dep,-0.0061537117019218
488,Event_Positive_x_z_trade_dep,0.01466245703266
489,Event_Positive_x_z_trade_dep,-0.0371693995614792
490,Event_Positive_x_z_trade_dep,-0.000488840787485817
491,Event_Positive_x_z_trade_dep,-0.0146828256307734
492,Event_Positive_x_z_trade_dep,0.0260613097938927
493,Event_Positive_x_z_trade_dep,-0.0379470101270481
494,Event_Positive_x_z_trade_dep,-0.0166714476463854
495,Event_Positive_x_z_trade_dep,0.00653648839439148
496,Event_Positive_x_z_trade_dep,0.0356997455655302
497,Event_Positive_x_z_trade_dep,-0.0131536680646784
498,Event_Positive_x_z_trade_dep,0.0182495913233464
499,Event_Positive_x_z_trade_dep,0.00768087968931891
500,Event_Positive_x_z_trade_dep,-0.0276503236449281
1,Event_Negative_x_z_trade_dep,0.0264544159413298
2,Event_Negative_x_z_trade_dep,0.00219907802461177
3,Event_Negative_x_z_trade_dep,-0.00188423162854497
4,Event_Negative_x_z_trade_dep,-0.0320454516122909
5,Event_Negative_x_z_trade_dep,0.0217363511607596
6,Event_Negative_x_z_trade_dep,0.00702404842316178
7,Event_Negative_x_z_trade_dep,-0.0202308242448087
8,Event_Negative_x_z_trade_dep,-0.0257138314299499
9,Event_Negative_x_z_trade_dep,0.0276351525519434
10,Event_Negative_x_z_trade_dep,0.0436959923299494
11,Event_Negative_x_z_trade_dep,-0.0324370531504211
12,Event_Negative_x_z_trade_dep,-0.0309936838628476
13,Event_Negative_x_z_trade_dep,0.0220514136092095
14,Event_Negative_x_z_trade_dep,-0.0264309173874894
15,Event_Negative_x_z_trade_dep,0.0115965944670729
16,Event_Negative_x_z_trade_dep,-0.0236394344183676
17,Event_Negative_x_z_trade_dep,0.001796453854744
18,Event_Negative_x_z_trade_dep,0.0373730401754902
19,Event_Negative_x_z_trade_dep,0.0438982257923438
20,Event_Negative_x_z_trade_dep,-0.00756088931657547
21,Event_Negative_x_z_trade_dep,0.037469483917741
22,Event_Negative_x_z_trade_dep,-0.0253734567129888
23,Event_Negative_x_z_trade_dep,-0.00540660119094455
24,Event_Negative_x_z_trade_dep,0.0395978082694002
25,Event_Negative_x_z_trade_dep,0.0208191955272516
26,Event_Negative_x_z_trade_dep,0.0245347239314403
27,Event_Negative_x_z_trade_dep,-0.0295209737520292
28,Event_Negative_x_z_trade_dep,0.0413088390750204
29,Event_Negative_x_z_trade_dep,0.0269973169020992
30,Event_Negative_x_z_trade_dep,0.0109601815635659
31,Event_Negative_x_z_trade_dep,0.0150585183714583
32,Event_Negative_x_z_trade_dep,0.0023337463555205
33,Event_Negative_x_z_trade_dep,0.0148739239147318
34,Event_Negative_x_z_trade_dep,-0.00634075141346877
35,Event_Negative_x_z_trade_dep,0.011518958911621
36,Event_Negative_x_z_trade_dep,0.0477538178311278
37,Event_Negative_x_z_trade_dep,-0.0240075221564373
38,Event_Negative_x_z_trade_dep,0.0167704276566658
39,Event_Negative_x_z_trade_dep,-0.0197262305958386
40,Event_Negative_x_z_trade_dep,0.0118315227881768
41,Event_Negative_x_z_trade_dep,0.0446927404080413
42,Event_Negative_x_z_trade_dep,0.0170884685329576
43,Event_Negative_x_z_trade_dep,0.00842413025781277
44,Event_Negative_x_z_trade_dep,-0.0321306651315251
45,Event_Negative_x_z_trade_dep,-0.0035285449630703
46,Event_Negative_x_z_trade_dep,0.00179202049183213
47,Event_Negative_x_z_trade_dep,-0.021291461688788
48,Event_Negative_x_z_trade_dep,0.00600980963193076
49,Event_Negative_x_z_trade_dep,0.0505034298267284
50,Event_Negative_x_z_trade_dep,0.0212743805834937
51,Event_Negative_x_z_trade_dep,0.0406218592580995
52,Event_Negative_x_z_trade_dep,0.0364862724701186
53,Event_Negative_x_z_trade_dep,-0.0106007056652427
54,Event_Negative_x_z_trade_dep,0.0149282678478909
55,Event_Negative_x_z_trade_dep,-0.031502211595057
56,Event_Negative_x_z_trade_dep,0.0168787229108852
57,Event_Negative_x_z_trade_dep,-0.0256246775069678
58,Event_Negative_x_z_trade_dep,0.0448638034496491
59,Event_Negative_x_z_trade_dep,0.025846505713721
60,Event_Negative_x_z_trade_dep,0.0288316046473342
61,Event_Negative_x_z_trade_dep,-0.0330418799369626
62,Event_Negative_x_z_trade_dep,-0.0323818708949874
63,Event_Negative_x_z_trade_dep,0.000136869051501123
64,Event_Negative_x_z_trade_dep,-0.0105451843800436
65,Event_Negative_x_z_trade_dep,-0.0259209872744899
66,Event_Negative_x_z_trade_dep,0.0333642995148964
67,Event_Negative_x_z_trade_dep,-0.0264207180404022
68,Event_Negative_x_z_trade_dep,-0.0091149961636447
69,Event_Negative_x_z_trade_dep,-0.00593420291299977
70,Event_Negative_x_z_trade_dep,0.00444195542418811
71,Event_Negative_x_z_trade_dep,-0.0206910797449533
72,Event_Negative_x_z_trade_dep,0.00910833597998217
73,Event_Negative_x_z_trade_dep,-0.0156189618229689
74,Event_Negative_x_z_trade_dep,0.000705492872436295
75,Event_Negative_x_z_trade_dep,0.0150576115091181
76,Event_Negative_x_z_trade_dep,0.0102405833463897
77,Event_Negative_x_z_trade_dep,0.0112369792388686
78,Event_Negative_x_z_trade_dep,-0.025997875340905
79,Event_Negative_x_z_trade_dep,0.0270648269130776
80,Event_Negative_x_z_trade_dep,-0.0329710412387778
81,Event_Negative_x_z_trade_dep,-0.0344385680536436
82,Event_Negative_x_z_trade_dep,0.0278042027982243
83,Event_Negative_x_z_trade_dep,0.00621452269783998
84,Event_Negative_x_z_trade_dep,0.0219593047999266
85,Event_Negative_x_z_trade_dep,-0.0283751495013636
86,Event_Negative_x_z_trade_dep,-0.0483448999268618
87,Event_Negative_x_z_trade_dep,0.0278917783767426
88,Event_Negative_x_z_trade_dep,-0.052178252279888
89,Event_Negative_x_z_trade_dep,0.0114520280985502
90,Event_Negative_x_z_trade_dep,0.0307240701351858
91,Event_Negative_x_z_trade_dep,0.021344520523168
92,Event_Negative_x_z_trade_dep,-0.0171287367618915
93,Event_Negative_x_z_trade_dep,0.0176104599611714
94,Event_Negative_x_z_trade_dep,-0.0118511794181503
95,Event_Negative_x_z_trade_dep,0.0344619307458702
96,Event_Negative_x_z_trade_dep,-0.0195942352179179
97,Event_Negative_x_z_trade_dep,0.00596950375392901
98,Event_Negative_x_z_trade_dep,0.0249680676220504
99,Event_Negative_x_z_trade_dep,0.0208696178027268
100,Event_Negative_x_z_trade_dep,-0.0287196417438345
101,Event_Negative_x_z_trade_dep,0.000595245892164935
102,Event_Negative_x_z_trade_dep,0.0251094366149021
103,Event_Negative_x_z_trade_dep,0.0175129687664945
104,Event_Negative_x_z_trade_dep,-0.0332325206059929
105,Event_Negative_x_z_trade_dep,-0.00399460754906308
106,Event_Negative_x_z_trade_dep,-0.0300427013120363
107,Event_Negative_x_z_trade_dep,0.0231557213678063
108,Event_Negative_x_z_trade_dep,-0.0081178043807427
109,Event_Negative_x_z_trade_dep,-0.0535425886070884
110,Event_Negative_x_z_trade_dep,0.0156280207104078
111,Event_Negative_x_z_trade_dep,-0.00260989198453466
112,Event_Negative_x_z_trade_dep,-0.00607069186974386
113,Event_Negative_x_z_trade_dep,0.0238491826838321
114,Event_Negative_x_z_trade_dep,0.0391242621143327
115,Event_Negative_x_z_trade_dep,0.0150575641126436
116,Event_Negative_x_z_trade_dep,-0.0078766618095025
117,Event_Negative_x_z_trade_dep,0.00505006801580354
118,Event_Negative_x_z_trade_dep,0.0142696068023321
119,Event_Negative_x_z_trade_dep,0.00933537525498246
120,Event_Negative_x_z_trade_dep,-0.0314666475967461
121,Event_Negative_x_z_trade_dep,-0.0260228802773044
122,Event_Negative_x_z_trade_dep,-0.0272699008271312
123,Event_Negative_x_z_trade_dep,-0.0175893450024782
124,Event_Negative_x_z_trade_dep,0.00185511213735507
125,Event_Negative_x_z_trade_dep,-0.00116728376017972
126,Event_Negative_x_z_trade_dep,0.0395228768187971
127,Event_Negative_x_z_trade_dep,-0.0115027828040654
128,Event_Negative_x_z_trade_dep,-0.0274790971332598
129,Event_Negative_x_z_trade_dep,-0.00437758075740966
130,Event_Negative_x_z_trade_dep,0.0164465673527901
131,Event_Negative_x_z_trade_dep,0.0173668380477089
132,Event_Negative_x_z_trade_dep,0.00308054036131405
133,Event_Negative_x_z_trade_dep,0.000983645493898469
134,Event_Negative_x_z_trade_dep,-0.0260948442397662
135,Event_Negative_x_z_trade_dep,-0.0680340110166797
136,Event_Negative_x_z_trade_dep,0.0254988138790721
137,Event_Negative_x_z_trade_dep,-0.0313553690445826
138,Event_Negative_x_z_trade_dep,0.0103217423675063
139,Event_Negative_x_z_trade_dep,6.95728131724223e-05
140,Event_Negative_x_z_trade_dep,-0.0308236835624074
141,Event_Negative_x_z_trade_dep,0.00796114369151287
142,Event_Negative_x_z_trade_dep,0.0211006915674575
143,Event_Negative_x_z_trade_dep,-0.0273603258873836
144,Event_Negative_x_z_trade_dep,-0.0241439690936263
145,Event_Negative_x_z_trade_dep,0.0082499854516962
146,Event_Negative_x_z_trade_dep,-0.031724735783035
147,Event_Negative_x_z_trade_dep,-0.0195962536585274
148,Event_Negative_x_z_trade_dep,-0.0358252633903045
149,Event_Negative_x_z_trade_dep,-0.0293036331545559
150,Event_Negative_x_z_trade_dep,-0.00396806910462936
151,Event_Negative_x_z_trade_dep,0.00286267811274382
152,Event_Negative_x_z_trade_dep,0.0197015863199822
153,Event_Negative_x_z_trade_dep,0.0353902497480424
154,Event_Negative_x_z_trade_dep,-0.00528203053866045
155,Event_Negative_x_z_trade_dep,0.0128267615748379
156,Event_Negative_x_z_trade_dep,-0.00173597085406115
157,Event_Negative_x_z_trade_dep,-0.00684552756413915
158,Event_Negative_x_z_trade_dep,-0.0247578145568129
159,Event_Negative_x_z_trade_dep,-0.0326898197852691
160,Event_Negative_x_z_trade_dep,-0.00860718580303101
161,Event_Negative_x_z_trade_dep,-0.0236360567793619
162,Event_Negative_x_z_trade_dep,0.0173901253342849
163,Event_Negative_x_z_trade_dep,-0.0332895344619436
164,Event_Negative_x_z_trade_dep,0.0150936760898441
165,Event_Negative_x_z_trade_dep,0.0129318752733663
166,Event_Negative_x_z_trade_dep,-0.0251648777554696
167,Event_Negative_x_z_trade_dep,-0.0314379914266669
168,Event_Negative_x_z_trade_dep,-0.0342480125085634
169,Event_Negative_x_z_trade_dep,-0.0289434606558801
170,Event_Negative_x_z_trade_dep,-0.00447111693339848
171,Event_Negative_x_z_trade_dep,-0.0179853038663732
172,Event_Negative_x_z_trade_dep,-0.0345517527568225
173,Event_Negative_x_z_trade_dep,0.00822114640264099
174,Event_Negative_x_z_trade_dep,-0.0297546920329243
175,Event_Negative_x_z_trade_dep,-0.0201881328685898
176,Event_Negative_x_z_trade_dep,-0.00975991686398661
177,Event_Negative_x_z_trade_dep,0.00843533328458268
178,Event_Negative_x_z_trade_dep,0.00244859903281999
179,Event_Negative_x_z_trade_dep,0.000597002988172081
180,Event_Negative_x_z_trade_dep,-0.0199549229909925
181,Event_Negative_x_z_trade_dep,-0.00294578202848945
182,Event_Negative_x_z_trade_dep,0.0136756875894903
183,Event_Negative_x_z_trade_dep,0.0314348878463222
184,Event_Negative_x_z_trade_dep,0.0324056065171003
185,Event_Negative_x_z_trade_dep,0.0325301790619712
186,Event_Negative_x_z_trade_dep,-0.0074008258530743
187,Event_Negative_x_z_trade_dep,-0.0345377791090639
188,Event_Negative_x_z_trade_dep,-0.0344586803442762
189,Event_Negative_x_z_trade_dep,0.023694011050722
190,Event_Negative_x_z_trade_dep,0.0156471930484366
191,Event_Negative_x_z_trade_dep,-0.0333652857713055
192,Event_Negative_x_z_trade_dep,0.00688177977109703
193,Event_Negative_x_z_trade_dep,-0.0282208478245407
194,Event_Negative_x_z_trade_dep,0.018726187673789
195,Event_Negative_x_z_trade_dep,0.0372421813841018
196,Event_Negative_x_z_trade_dep,-0.0115194754665467
197,Event_Negative_x_z_trade_dep,0.0216699882745479
198,Event_Negative_x_z_trade_dep,-0.000743385360161385
199,Event_Negative_x_z_trade_dep,-0.0349976747059768
200,Event_Negative_x_z_trade_dep,0.00289181055929631
201,Event_Negative_x_z_trade_dep,0.0302266388854415
202,Event_Negative_x_z_trade_dep,0.015591601011794
203,Event_Negative_x_z_trade_dep,0.00933989774118652
204,Event_Negative_x_z_trade_dep,-0.0004075034910105
205,Event_Negative_x_z_trade_dep,0.0159016995340046
206,Event_Negative_x_z_trade_dep,-0.023248709479509
207,Event_Negative_x_z_trade_dep,-0.0322065665810705
208,Event_Negative_x_z_trade_dep,-0.0300592259471104
209,Event_Negative_x_z_trade_dep,-0.0231120057730485
210,Event_Negative_x_z_trade_dep,-0.0314746897500522
211,Event_Negative_x_z_trade_dep,0.0332863674169127
212,Event_Negative_x_z_trade_dep,0.0376162299579745
213,Event_Negative_x_z_trade_dep,0.0318430044721588
214,Event_Negative_x_z_trade_dep,1.44844353271644e-05
215,Event_Negative_x_z_trade_dep,-0.0235087535405082
216,Event_Negative_x_z_trade_dep,0.0200250371794292
217,Event_Negative_x_z_trade_dep,-0.021234581284354
218,Event_Negative_x_z_trade_dep,-0.0308056840137642
219,Event_Negative_x_z_trade_dep,0.00809786371696538
220,Event_Negative_x_z_trade_dep,-0.0203302070005619
221,Event_Negative_x_z_trade_dep,-0.01812163614629
222,Event_Negative_x_z_trade_dep,-0.0324670713191895
223,Event_Negative_x_z_trade_dep,-0.0318538058851421
224,Event_Negative_x_z_trade_dep,0.0221672693858158
225,Event_Negative_x_z_trade_dep,0.00667452804097886
226,Event_Negative_x_z_trade_dep,0.00670492791785283
227,Event_Negative_x_z_trade_dep,0.012670049847925
228,Event_Negative_x_z_trade_dep,-0.0318285780932063
229,Event_Negative_x_z_trade_dep,-0.0310975394981567
230,Event_Negative_x_z_trade_dep,-0.0229801443370391
231,Event_Negative_x_z_trade_dep,-0.0288586183477405
232,Event_Negative_x_z_trade_dep,-0.0136653096950051
233,Event_Negative_x_z_trade_dep,-0.0248888887026078
234,Event_Negative_x_z_trade_dep,-0.0453354371825141
235,Event_Negative_x_z_trade_dep,0.00639271872690481
236,Event_Negative_x_z_trade_dep,-0.0165386434283444
237,Event_Negative_x_z_trade_dep,-0.00933755064465399
238,Event_Negative_x_z_trade_dep,-0.0173951827792782
239,Event_Negative_x_z_trade_dep,0.0109108728766796
240,Event_Negative_x_z_trade_dep,-0.0076563966995691
241,Event_Negative_x_z_trade_dep,0.0390412193316233
242,Event_Negative_x_z_trade_dep,0.00159188888797372
243,Event_Negative_x_z_trade_dep,-0.031711853720289
244,Event_Negative_x_z_trade_dep,-0.0306469263568355
245,Event_Negative_x_z_trade_dep,-0.019635185676824
246,Event_Negative_x_z_trade_dep,-0.0357136044634572
247,Event_Negative_x_z_trade_dep,0.0322593864516272
248,Event_Negative_x_z_trade_dep,0.0191811638795219
249,Event_Negative_x_z_trade_dep,-0.00878665796291167
250,Event_Negative_x_z_trade_dep,-0.0290305356949906
251,Event_Negative_x_z_trade_dep,-0.0253356958308543
252,Event_Negative_x_z_trade_dep,-0.0287405829701045
253,Event_Negative_x_z_trade_dep,0.0105372439014476
254,Event_Negative_x_z_trade_dep,-0.0268619873750939
255,Event_Negative_x_z_trade_dep,-0.0361519656186123
256,Event_Negative_x_z_trade_dep,0.016367948617084
257,Event_Negative_x_z_trade_dep,-0.0115040483370062
258,Event_Negative_x_z_trade_dep,0.0235672936088705
259,Event_Negative_x_z_trade_dep,-0.027933987121037
260,Event_Negative_x_z_trade_dep,-0.00729546602247835
261,Event_Negative_x_z_trade_dep,0.00358912599744356
262,Event_Negative_x_z_trade_dep,0.00760026831187598
263,Event_Negative_x_z_trade_dep,0.0010752990739456
264,Event_Negative_x_z_trade_dep,-0.0205906829667443
265,Event_Negative_x_z_trade_dep,-0.0195495847721937
266,Event_Negative_x_z_trade_dep,0.00766180464776354
267,Event_Negative_x_z_trade_dep,0.0247574788242814
268,Event_Negative_x_z_trade_dep,-0.0322924697227156
269,Event_Negative_x_z_trade_dep,-0.0133491894389723
270,Event_Negative_x_z_trade_dep,0.00684648655556301
271,Event_Negative_x_z_trade_dep,-0.0107868594380855
272,Event_Negative_x_z_trade_dep,-0.00494975237671923
273,Event_Negative_x_z_trade_dep,0.0283327211952805
274,Event_Negative_x_z_trade_dep,-0.0146331983726053
275,Event_Negative_x_z_trade_dep,-0.067318734341372
276,Event_Negative_x_z_trade_dep,-0.0331275822079522
277,Event_Negative_x_z_trade_dep,-0.0285788307666304
278,Event_Negative_x_z_trade_dep,-0.0137139826944924
279,Event_Negative_x_z_trade_dep,-0.0248871427384172
280,Event_Negative_x_z_trade_dep,-0.0278014758217657
281,Event_Negative_x_z_trade_dep,0.0118178540576482
282,Event_Negative_x_z_trade_dep,0.0154116581837902
283,Event_Negative_x_z_trade_dep,-0.0024252252825412
284,Event_Negative_x_z_trade_dep,-0.030386569960786
285,Event_Negative_x_z_trade_dep,0.0327276007184974
286,Event_Negative_x_z_trade_dep,0.0280543783558768
287,Event_Negative_x_z_trade_dep,-0.0395025808515957
288,Event_Negative_x_z_trade_dep,-0.0247094509400606
289,Event_Negative_x_z_trade_dep,0.0262037572824127
290,Event_Negative_x_z_trade_dep,-0.00106514363660314
291,Event_Negative_x_z_trade_dep,-4.7904336321731e-05
292,Event_Negative_x_z_trade_dep,0.00680612794689636
293,Event_Negative_x_z_trade_dep,0.00681124125627442
294,Event_Negative_x_z_trade_dep,-0.0331388605194342
295,Event_Negative_x_z_trade_dep,0.00679972955563454
296,Event_Negative_x_z_trade_dep,-0.0294540885330228
297,Event_Negative_x_z_trade_dep,-0.0264183046123422
298,Event_Negative_x_z_trade_dep,0.0127764236283589
299,Event_Negative_x_z_trade_dep,0.0455144070192571
300,Event_Negative_x_z_trade_dep,-0.0126868579281012
301,Event_Negative_x_z_trade_dep,0.00680979795650221
302,Event_Negative_x_z_trade_dep,0.00821305892351857
303,Event_Negative_x_z_trade_dep,0.0187493381711619
304,Event_Negative_x_z_trade_dep,0.026472122336155
305,Event_Negative_x_z_trade_dep,-0.0307773048732134
306,Event_Negative_x_z_trade_dep,-0.0220889584125641
307,Event_Negative_x_z_trade_dep,0.008921433807584
308,Event_Negative_x_z_trade_dep,-0.0296477003243407
309,Event_Negative_x_z_trade_dep,-0.0270743656509509
310,Event_Negative_x_z_trade_dep,0.0134158497503035
311,Event_Negative_x_z_trade_dep,-0.026892358364377
312,Event_Negative_x_z_trade_dep,0.0315558769184853
313,Event_Negative_x_z_trade_dep,0.0287240885893312
314,Event_Negative_x_z_trade_dep,0.00703627345619574
315,Event_Negative_x_z_trade_dep,0.0134888778394454
316,Event_Negative_x_z_trade_dep,-0.0181585474138153
317,Event_Negative_x_z_trade_dep,0.0324379937671442
318,Event_Negative_x_z_trade_dep,-0.0225376154141926
319,Event_Negative_x_z_trade_dep,0.0312847943769066
320,Event_Negative_x_z_trade_dep,0.020709713078907
321,Event_Negative_x_z_trade_dep,0.00871797411827969
322,Event_Negative_x_z_trade_dep,-0.0480878795679394
323,Event_Negative_x_z_trade_dep,-0.0618698335921308
324,Event_Negative_x_z_trade_dep,-0.0303731225426379
325,Event_Negative_x_z_trade_dep,-0.0333066709931749
326,Event_Negative_x_z_trade_dep,-0.0620684166279098
327,Event_Negative_x_z_trade_dep,0.00105690089996837
328,Event_Negative_x_z_trade_dep,0.0246889381791611
329,Event_Negative_x_z_trade_dep,0.0189436747344456
330,Event_Negative_x_z_trade_dep,-0.0251286889282619
331,Event_Negative_x_z_trade_dep,-0.0141153996561675
332,Event_Negative_x_z_trade_dep,0.0246125938572437
333,Event_Negative_x_z_trade_dep,0.0425302881432525
334,Event_Negative_x_z_trade_dep,0.0107840564866412
335,Event_Negative_x_z_trade_dep,0.0143606222739172
336,Event_Negative_x_z_trade_dep,-0.0301805675292379
337,Event_Negative_x_z_trade_dep,0.0346553564557131
338,Event_Negative_x_z_trade_dep,-0.0268186765856005
339,Event_Negative_x_z_trade_dep,-0.0355242126933128
340,Event_Negative_x_z_trade_dep,-0.0230699521808032
341,Event_Negative_x_z_trade_dep,-0.0279576423243231
342,Event_Negative_x_z_trade_dep,0.0101860171087477
343,Event_Negative_x_z_trade_dep,-0.0236536551697891
344,Event_Negative_x_z_trade_dep,0.0376820405514534
345,Event_Negative_x_z_trade_dep,0.0148795172174834
346,Event_Negative_x_z_trade_dep,0.0132517635632482
347,Event_Negative_x_z_trade_dep,-0.0171055237333637
348,Event_Negative_x_z_trade_dep,0.00416297817976523
349,Event_Negative_x_z_trade_dep,-0.00947964621684904
350,Event_Negative_x_z_trade_dep,0.0143080101375504
351,Event_Negative_x_z_trade_dep,0.00477048451399336
352,Event_Negative_x_z_trade_dep,0.00622202922156431
353,Event_Negative_x_z_trade_dep,-0.0182500764434701
354,Event_Negative_x_z_trade_dep,0.035079627057696
355,Event_Negative_x_z_trade_dep,0.0229694486564533
356,Event_Negative_x_z_trade_dep,-0.0408070587489739
357,Event_Negative_x_z_trade_dep,0.00757361552356497
358,Event_Negative_x_z_trade_dep,0.0432760558383201
359,Event_Negative_x_z_trade_dep,-0.0249925921321609
360,Event_Negative_x_z_trade_dep,-0.0297916215447474
361,Event_Negative_x_z_trade_dep,-0.0291426537520864
362,Event_Negative_x_z_trade_dep,0.0279024739271495
363,Event_Negative_x_z_trade_dep,-0.0271585344337076
364,Event_Negative_x_z_trade_dep,-0.0398398373752001
365,Event_Negative_x_z_trade_dep,-0.0319405179965925
366,Event_Negative_x_z_trade_dep,-0.00737551189744173
367,Event_Negative_x_z_trade_dep,0.0110334244091002
368,Event_Negative_x_z_trade_dep,-0.0299124120922725
369,Event_Negative_x_z_trade_dep,0.0147166696937334
370,Event_Negative_x_z_trade_dep,0.0104219237010538
371,Event_Negative_x_z_trade_dep,-0.0717026531588771
372,Event_Negative_x_z_trade_dep,-0.0280291234051823
373,Event_Negative_x_z_trade_dep,-0.0343359105579303
374,Event_Negative_x_z_trade_dep,-0.0708178920639877
375,Event_Negative_x_z_trade_dep,-0.0311997497329822
376,Event_Negative_x_z_trade_dep,-0.0149310291331664
377,Event_Negative_x_z_trade_dep,0.0118541902658647
378,Event_Negative_x_z_trade_dep,-0.0378573654017227
379,Event_Negative_x_z_trade_dep,0.0254684720689506
380,Event_Negative_x_z_trade_dep,-0.033544519855053
381,Event_Negative_x_z_trade_dep,0.048873967204866
382,Event_Negative_x_z_trade_dep,0.0242763632186891
383,Event_Negative_x_z_trade_dep,0.00103168248031616
384,Event_Negative_x_z_trade_dep,0.0195486081621567
385,Event_Negative_x_z_trade_dep,-0.0258871474200884
386,Event_Negative_x_z_trade_dep,-0.0158841096248658
387,Event_Negative_x_z_trade_dep,-0.0295809551366222
388,Event_Negative_x_z_trade_dep,0.0149530191539915
389,Event_Negative_x_z_trade_dep,0.0199018902277178
390,Event_Negative_x_z_trade_dep,0.0146880863164562
391,Event_Negative_x_z_trade_dep,-0.0498833803544151
392,Event_Negative_x_z_trade_dep,0.0130493855016775
393,Event_Negative_x_z_trade_dep,-0.0227744203483963
394,Event_Negative_x_z_trade_dep,-0.0366601589662236
395,Event_Negative_x_z_trade_dep,0.00219416103518968
396,Event_Negative_x_z_trade_dep,-0.0321685710376137
397,Event_Negative_x_z_trade_dep,-0.0260118865782788
398,Event_Negative_x_z_trade_dep,0.0414415695680341
399,Event_Negative_x_z_trade_dep,0.00576488051724084
400,Event_Negative_x_z_trade_dep,0.00793488956524833
401,Event_Negative_x_z_trade_dep,-0.0297211442005059
402,Event_Negative_x_z_trade_dep,0.0233067353947226
403,Event_Negative_x_z_trade_dep,-0.0285770242249681
404,Event_Negative_x_z_trade_dep,0.00659809711676674
405,Event_Negative_x_z_trade_dep,0.00227325518400704
406,Event_Negative_x_z_trade_dep,0.022825700538936
407,Event_Negative_x_z_trade_dep,-0.00912816882747688
408,Event_Negative_x_z_trade_dep,0.011970373860877
409,Event_Negative_x_z_trade_dep,-0.0259962791265474
410,Event_Negative_x_z_trade_dep,-0.0282738398663316
411,Event_Negative_x_z_trade_dep,-0.0257690636241912
412,Event_Negative_x_z_trade_dep,-0.0150411118203355
413,Event_Negative_x_z_trade_dep,0.00807927188086447
414,Event_Negative_x_z_trade_dep,-0.00282971326066149
415,Event_Negative_x_z_trade_dep,-0.0346110105414665
416,Event_Negative_x_z_trade_dep,-0.0377602214522211
417,Event_Negative_x_z_trade_dep,0.0206651533948279
418,Event_Negative_x_z_trade_dep,0.0270069941262228
419,Event_Negative_x_z_trade_dep,0.0218291446493392
420,Event_Negative_x_z_trade_dep,0.0292124687975411
421,Event_Negative_x_z_trade_dep,-0.00646513363049297
422,Event_Negative_x_z_trade_dep,-0.0193462382484114
423,Event_Negative_x_z_trade_dep,-0.0313472951347347
424,Event_Negative_x_z_trade_dep,-0.0276283974175646
425,Event_Negative_x_z_trade_dep,-0.0104947973272818
426,Event_Negative_x_z_trade_dep,-0.0343702436725303
427,Event_Negative_x_z_trade_dep,-0.0311637668912277
428,Event_Negative_x_z_trade_dep,0.0140859950646084
429,Event_Negative_x_z_trade_dep,0.0356465995660842
430,Event_Negative_x_z_trade_dep,-0.0266510173370209
431,Event_Negative_x_z_trade_dep,0.0221843998412237
432,Event_Negative_x_z_trade_dep,-0.0334091379259015
433,Event_Negative_x_z_trade_dep,0.0013839561214844
434,Event_Negative_x_z_trade_dep,0.00363572521888808
435,Event_Negative_x_z_trade_dep,0.0105409301514199
436,Event_Negative_x_z_trade_dep,0.0291180667019859
437,Event_Negative_x_z_trade_dep,0.0013437699466337
438,Event_Negative_x_z_trade_dep,-0.0238652328750983
439,Event_Negative_x_z_trade_dep,-0.027783528130441
440,Event_Negative_x_z_trade_dep,-0.0232727619461684
441,Event_Negative_x_z_trade_dep,-0.0212467330176251
442,Event_Negative_x_z_trade_dep,0.0339529285482869
443,Event_Negative_x_z_trade_dep,0.0320805928532087
444,Event_Negative_x_z_trade_dep,0.0223236670730576
445,Event_Negative_x_z_trade_dep,-0.0282781452225471
446,Event_Negative_x_z_trade_dep,0.0121808564201521
447,Event_Negative_x_z_trade_dep,-0.0262877068820565
448,Event_Negative_x_z_trade_dep,-0.000419880341913722
449,Event_Negative_x_z_trade_dep,0.0278018991652245
450,Event_Negative_x_z_trade_dep,-0.0272287032320728
451,Event_Negative_x_z_trade_dep,-0.0101435139272676
452,Event_Negative_x_z_trade_dep,-0.020726213482595
453,Event_Negative_x_z_trade_dep,-0.0358858656972048
454,Event_Negative_x_z_trade_dep,0.0152642985268569
455,Event_Negative_x_z_trade_dep,-0.0240035766613172
456,Event_Negative_x_z_trade_dep,0.0193416568168391
457,Event_Negative_x_z_trade_dep,0.0120751664586004
458,Event_Negative_x_z_trade_dep,0.00832255736132609
459,Event_Negative_x_z_trade_dep,-0.0193524345972574
460,Event_Negative_x_z_trade_dep,0.00610646419587302
461,Event_Negative_x_z_trade_dep,0.0222423083498023
462,Event_Negative_x_z_trade_dep,-0.00500129762987147
463,Event_Negative_x_z_trade_dep,-0.0191446179461803
464,Event_Negative_x_z_trade_dep,-0.0258278478168874
465,Event_Negative_x_z_trade_dep,-0.0236875285388181
466,Event_Negative_x_z_trade_dep,0.0122692742254529
467,Event_Negative_x_z_trade_dep,-0.0359856815011034
468,Event_Negative_x_z_trade_dep,-0.0324264716691566
469,Event_Negative_x_z_trade_dep,0.0149176212484121
470,Event_Negative_x_z_trade_dep,0.0443706516848578
471,Event_Negative_x_z_trade_dep,0.0368664746198128
472,Event_Negative_x_z_trade_dep,0.020749805970139
473,Event_Negative_x_z_trade_dep,-0.0355620296466003
474,Event_Negative_x_z_trade_dep,-0.00616986876776973
475,Event_Negative_x_z_trade_dep,0.0370074715188918
476,Event_Negative_x_z_trade_dep,-0.0123218429421388
477,Event_Negative_x_z_trade_dep,0.00019452107204809
478,Event_Negative_x_z_trade_dep,0.0116957626612205
479,Event_Negative_x_z_trade_dep,-0.0264643800109205
480,Event_Negative_x_z_trade_dep,-0.0213164778781196
481,Event_Negative_x_z_trade_dep,-0.022134720484824
482,Event_Negative_x_z_trade_dep,0.00742916398526496
483,Event_Negative_x_z_trade_dep,-0.0157674614022412
484,Event_Negative_x_z_trade_dep,-0.0271799244539622
485,Event_Negative_x_z_trade_dep,-0.00787459171226776
486,Event_Negative_x_z_trade_dep,0.00662195153700245
487,Event_Negative_x_z_trade_dep,-0.0108145929826679
488,Event_Negative_x_z_trade_dep,0.00308512413163146
489,Event_Negative_x_z_trade_dep,-0.0203445346349652
490,Event_Negative_x_z_trade_dep,-0.0154839831020206
491,Event_Negative_x_z_trade_dep,0.0154144816330686
492,Event_Negative_x_z_trade_dep,0.0214206123425007
493,Event_Negative_x_z_trade_dep,-0.0281312484240077
494,Event_Negative_x_z_trade_dep,-0.0311350161994882
495,Event_Negative_x_z_trade_dep,0.00742212744615791
496,Event_Negative_x_z_trade_dep,-0.0189798468677562
497,Event_Negative_x_z_trade_dep,-0.0625190528922687
498,Event_Negative_x_z_trade_dep,-0.0170777632156733
499,Event_Negative_x_z_trade_dep,0.0195045524008508
500,Event_Negative_x_z_trade_dep,-0.023865087795616
1,Event_Positive_x_FTA,0.0520253501939953
2,Event_Positive_x_FTA,0.0998682009867971
3,Event_Positive_x_FTA,0.0876776994085819
4,Event_Positive_x_FTA,0.118540920162383
5,Event_Positive_x_FTA,0.136449037858352
6,Event_Positive_x_FTA,-0.0033327303683704
7,Event_Positive_x_FTA,-0.0255940878782928
8,Event_Positive_x_FTA,0.0618779209740672
9,Event_Positive_x_FTA,0.024892171895204
10,Event_Positive_x_FTA,0.0456927232353031
11,Event_Positive_x_FTA,0.017573046645777
12,Event_Positive_x_FTA,0.106514479475692
13,Event_Positive_x_FTA,0.0977677708065711
14,Event_Positive_x_FTA,0.044627146101346
15,Event_Positive_x_FTA,0.0426029381856431
16,Event_Positive_x_FTA,0.10258713499885
17,Event_Positive_x_FTA,0.0999168852276233
18,Event_Positive_x_FTA,0.0898390122748949
19,Event_Positive_x_FTA,0.0785462404074122
20,Event_Positive_x_FTA,0.062760366155536
21,Event_Positive_x_FTA,0.0954378658383901
22,Event_Positive_x_FTA,0.106026880102878
23,Event_Positive_x_FTA,0.0118409665809869
24,Event_Positive_x_FTA,0.115402119538844
25,Event_Positive_x_FTA,-0.00154360392119606
26,Event_Positive_x_FTA,0.0952964504817494
27,Event_Positive_x_FTA,-0.0641748285742202
28,Event_Positive_x_FTA,-0.0464620252313988
29,Event_Positive_x_FTA,-0.0255587494016329
30,Event_Positive_x_FTA,0.00923456235528966
31,Event_Positive_x_FTA,0.0691049642439124
32,Event_Positive_x_FTA,0.109423222783775
33,Event_Positive_x_FTA,0.0960696868950407
34,Event_Positive_x_FTA,0.00220809025496545
35,Event_Positive_x_FTA,0.127121279975522
36,Event_Positive_x_FTA,0.0255211564307584
37,Event_Positive_x_FTA,0.146366388452306
38,Event_Positive_x_FTA,0.0444817431686757
39,Event_Positive_x_FTA,0.118874291286485
40,Event_Positive_x_FTA,0.0385183193692911
41,Event_Positive_x_FTA,0.0406470857993044
42,Event_Positive_x_FTA,0.0313243803090032
43,Event_Positive_x_FTA,0.0655510867766312
44,Event_Positive_x_FTA,0.109524206792242
45,Event_Positive_x_FTA,0.107308772947273
46,Event_Positive_x_FTA,0.0936796693245011
47,Event_Positive_x_FTA,-0.0219422135478431
48,Event_Positive_x_FTA,-0.0202328799830068
49,Event_Positive_x_FTA,0.0181934487910904
50,Event_Positive_x_FTA,0.0633764432631317
51,Event_Positive_x_FTA,0.033404440643485
52,Event_Positive_x_FTA,0.106646950186935
53,Event_Positive_x_FTA,0.130004258956834
54,Event_Positive_x_FTA,0.0913581230296352
55,Event_Positive_x_FTA,0.0958000262190033
56,Event_Positive_x_FTA,0.0444735246612596
57,Event_Positive_x_FTA,0.0466953148668701
58,Event_Positive_x_FTA,0.073782225254068
59,Event_Positive_x_FTA,0.026456182230632
60,Event_Positive_x_FTA,-0.00223155601438402
61,Event_Positive_x_FTA,0.018066133376019
62,Event_Positive_x_FTA,0.0892680084399805
63,Event_Positive_x_FTA,0.0974707820066754
64,Event_Positive_x_FTA,0.00468479888082198
65,Event_Positive_x_FTA,0.105286603724813
66,Event_Positive_x_FTA,-0.0695991841644463
67,Event_Positive_x_FTA,0.0389340299829168
68,Event_Positive_x_FTA,0.0645467639761719
69,Event_Positive_x_FTA,0.127227745579587
70,Event_Positive_x_FTA,0.0743666451424385
71,Event_Positive_x_FTA,0.0560583400677158
72,Event_Positive_x_FTA,0.0871737343640138
73,Event_Positive_x_FTA,0.119218140162778
74,Event_Positive_x_FTA,0.0635671603697124
75,Event_Positive_x_FTA,0.0516183975968873
76,Event_Positive_x_FTA,0.139893027865566
77,Event_Positive_x_FTA,0.104009238711011
78,Event_Positive_x_FTA,0.106635209066165
79,Event_Positive_x_FTA,0.077502220174011
80,Event_Positive_x_FTA,0.106194497662895
81,Event_Positive_x_FTA,0.0355843469333235
82,Event_Positive_x_FTA,0.142678738800412
83,Event_Positive_x_FTA,0.102312296240396
84,Event_Positive_x_FTA,0.0401452413817101
85,Event_Positive_x_FTA,0.00354888204208179
86,Event_Positive_x_FTA,0.120949271327233
87,Event_Positive_x_FTA,0.0871805425143042
88,Event_Positive_x_FTA,-0.0177091663008958
89,Event_Positive_x_FTA,0.0364210734445209
90,Event_Positive_x_FTA,0.020228072867808
91,Event_Positive_x_FTA,0.0415793608888933
92,Event_Positive_x_FTA,0.0308681236221364
93,Event_Positive_x_FTA,0.0741176822431615
94,Event_Positive_x_FTA,0.0720522975572309
95,Event_Positive_x_FTA,0.0824246153226347
96,Event_Positive_x_FTA,0.123724132722925
97,Event_Positive_x_FTA,0.0954370694152641
98,Event_Positive_x_FTA,0.0198327627049285
99,Event_Positive_x_FTA,0.0296910228349501
100,Event_Positive_x_FTA,0.135757905269009
101,Event_Positive_x_FTA,0.110636998183818
102,Event_Positive_x_FTA,0.0819720276154907
103,Event_Positive_x_FTA,0.0943017035330411
104,Event_Positive_x_FTA,0.0457565873602186
105,Event_Positive_x_FTA,0.0982850401260631
106,Event_Positive_x_FTA,0.0740299752415334
107,Event_Positive_x_FTA,0.0616496769623137
108,Event_Positive_x_FTA,0.131659025399205
109,Event_Positive_x_FTA,0.131027261271227
110,Event_Positive_x_FTA,0.0582098356463525
111,Event_Positive_x_FTA,0.0527960186728954
112,Event_Positive_x_FTA,0.110087198757319
113,Event_Positive_x_FTA,0.0696801924719048
114,Event_Positive_x_FTA,-0.00507711141022798
115,Event_Positive_x_FTA,0.0887361228649232
116,Event_Positive_x_FTA,0.0644575845869256
117,Event_Positive_x_FTA,0.133215199899002
118,Event_Positive_x_FTA,0.0641703822767467
119,Event_Positive_x_FTA,0.0743637771686949
120,Event_Positive_x_FTA,0.0777436400867041
121,Event_Positive_x_FTA,0.0603016318447317
122,Event_Positive_x_FTA,0.0502351061879674
123,Event_Positive_x_FTA,0.0841200938028346
124,Event_Positive_x_FTA,0.0866761765907789
125,Event_Positive_x_FTA,0.129349167738698
126,Event_Positive_x_FTA,0.0621421774714704
127,Event_Positive_x_FTA,0.0714647012398067
128,Event_Positive_x_FTA,0.0274149374302081
129,Event_Positive_x_FTA,0.0697960194036826
130,Event_Positive_x_FTA,0.00961491836960143
131,Event_Positive_x_FTA,-0.0107912808072771
132,Event_Positive_x_FTA,0.0577459670625365
133,Event_Positive_x_FTA,0.0945913879036651
134,Event_Positive_x_FTA,0.0218261763151839
135,Event_Positive_x_FTA,0.0757330354660896
136,Event_Positive_x_FTA,0.0492550384675808
137,Event_Positive_x_FTA,0.0662654897034739
138,Event_Positive_x_FTA,-0.00396449463280704
139,Event_Positive_x_FTA,0.0315307660524785
140,Event_Positive_x_FTA,0.092815484795357
141,Event_Positive_x_FTA,0.0600086168669563
142,Event_Positive_x_FTA,0.0953697198586581
143,Event_Positive_x_FTA,0.134475306386309
144,Event_Positive_x_FTA,0.104063831768349
145,Event_Positive_x_FTA,0.0848905477249282
146,Event_Positive_x_FTA,0.0340459899649966
147,Event_Positive_x_FTA,0.0792738237032421
148,Event_Positive_x_FTA,0.104062257050773
149,Event_Positive_x_FTA,0.0830621605760602
150,Event_Positive_x_FTA,0.0373778535297184
151,Event_Positive_x_FTA,0.117920481772815
152,Event_Positive_x_FTA,0.0548348288603904
153,Event_Positive_x_FTA,-0.0363449564448616
154,Event_Positive_x_FTA,0.0097409912538233
155,Event_Positive_x_FTA,0.152532970785252
156,Event_Positive_x_FTA,0.094081211151384
157,Event_Positive_x_FTA,0.0535593542388148
158,Event_Positive_x_FTA,0.0184791979445252
159,Event_Positive_x_FTA,0.0137237935602577
160,Event_Positive_x_FTA,0.0671291632625516
161,Event_Positive_x_FTA,0.00466811901192931
162,Event_Positive_x_FTA,0.157857751777481
163,Event_Positive_x_FTA,0.0543675639905131
164,Event_Positive_x_FTA,0.0658495111450747
165,Event_Positive_x_FTA,-0.06068618385058
166,Event_Positive_x_FTA,0.016956485649513
167,Event_Positive_x_FTA,0.0486022693724775
168,Event_Positive_x_FTA,0.061791248854242
169,Event_Positive_x_FTA,0.0666040765490835
170,Event_Positive_x_FTA,0.163281133381848
171,Event_Positive_x_FTA,0.147351309516788
172,Event_Positive_x_FTA,0.0941502362502533
173,Event_Positive_x_FTA,0.0958575896678358
174,Event_Positive_x_FTA,0.113116421814425
175,Event_Positive_x_FTA,0.118444713431607
176,Event_Positive_x_FTA,0.116953040558957
177,Event_Positive_x_FTA,0.015574960247297
178,Event_Positive_x_FTA,0.00803265044231994
179,Event_Positive_x_FTA,-0.0155273264842643
180,Event_Positive_x_FTA,0.123621842010069
181,Event_Positive_x_FTA,0.110154111054471
182,Event_Positive_x_FTA,0.0865064122588903
183,Event_Positive_x_FTA,0.0592479241609703
184,Event_Positive_x_FTA,0.121241319278244
185,Event_Positive_x_FTA,0.0776657507924836
186,Event_Positive_x_FTA,0.110288836209952
187,Event_Positive_x_FTA,0.101397830392614
188,Event_Positive_x_FTA,0.0368247664175662
189,Event_Positive_x_FTA,0.0147211607450478
190,Event_Positive_x_FTA,0.025247995733151
191,Event_Positive_x_FTA,0.0364823738425948
192,Event_Positive_x_FTA,0.0142982074402326
193,Event_Positive_x_FTA,0.0187365710061838
194,Event_Positive_x_FTA,0.135916416695862
195,Event_Positive_x_FTA,0.0549125615325159
196,Event_Positive_x_FTA,0.0889548693714521
197,Event_Positive_x_FTA,0.109649376678327
198,Event_Positive_x_FTA,0.0144625675715015
199,Event_Positive_x_FTA,0.0363065672823616
200,Event_Positive_x_FTA,-0.0140069825480779
201,Event_Positive_x_FTA,0.00951225097653585
202,Event_Positive_x_FTA,0.0850730810887683
203,Event_Positive_x_FTA,0.0614486871967131
204,Event_Positive_x_FTA,0.0881426924588817
205,Event_Positive_x_FTA,0.125584856342968
206,Event_Positive_x_FTA,0.110040550859854
207,Event_Positive_x_FTA,0.152722771854311
208,Event_Positive_x_FTA,0.104341377358941
209,Event_Positive_x_FTA,0.0927624920168441
210,Event_Positive_x_FTA,0.0930546541314441
211,Event_Positive_x_FTA,0.134770734485023
212,Event_Positive_x_FTA,0.0446550299781986
213,Event_Positive_x_FTA,0.118683960332031
214,Event_Positive_x_FTA,0.103226600542547
215,Event_Positive_x_FTA,0.0194422880414827
216,Event_Positive_x_FTA,0.0775976252930717
217,Event_Positive_x_FTA,0.0387946756848091
218,Event_Positive_x_FTA,0.104958818969971
219,Event_Positive_x_FTA,0.0694511268906562
220,Event_Positive_x_FTA,0.0714953038255134
221,Event_Positive_x_FTA,0.147437330729941
222,Event_Positive_x_FTA,0.096385468597519
223,Event_Positive_x_FTA,0.0858052001796209
224,Event_Positive_x_FTA,0.133457911379098
225,Event_Positive_x_FTA,0.128700587142834
226,Event_Positive_x_FTA,0.0203961611991811
227,Event_Positive_x_FTA,0.0945908453012172
228,Event_Positive_x_FTA,0.121978466647471
229,Event_Positive_x_FTA,0.0868352760636819
230,Event_Positive_x_FTA,0.0271877022483226
231,Event_Positive_x_FTA,0.0742817010486344
232,Event_Positive_x_FTA,0.123561487024581
233,Event_Positive_x_FTA,0.0994677374611857
234,Event_Positive_x_FTA,0.0774377834298604
235,Event_Positive_x_FTA,0.110679726853144
236,Event_Positive_x_FTA,0.0568035661918575
237,Event_Positive_x_FTA,0.165797799381192
238,Event_Positive_x_FTA,0.0487376936083526
239,Event_Positive_x_FTA,0.178335206267688
240,Event_Positive_x_FTA,0.0511061784923384
241,Event_Positive_x_FTA,0.112263928406438
242,Event_Positive_x_FTA,0.0892943239630645
243,Event_Positive_x_FTA,0.0366076893013348
244,Event_Positive_x_FTA,0.0929110958655698
245,Event_Positive_x_FTA,0.0167013985939716
246,Event_Positive_x_FTA,0.0594015838776385
247,Event_Positive_x_FTA,0.0520831549168176
248,Event_Positive_x_FTA,0.0494235842699045
249,Event_Positive_x_FTA,0.0842646004143714
250,Event_Positive_x_FTA,0.0107496461365078
251,Event_Positive_x_FTA,0.0803287871843645
252,Event_Positive_x_FTA,0.0560256295926683
253,Event_Positive_x_FTA,0.022512053652896
254,Event_Positive_x_FTA,0.020002825393843
255,Event_Positive_x_FTA,0.131608791208932
256,Event_Positive_x_FTA,0.067850962097975
257,Event_Positive_x_FTA,0.0659989538371415
258,Event_Positive_x_FTA,0.0369778464321573
259,Event_Positive_x_FTA,0.167091752147645
260,Event_Positive_x_FTA,0.0340688720239918
261,Event_Positive_x_FTA,0.0244019902366905
262,Event_Positive_x_FTA,0.025699751803415
263,Event_Positive_x_FTA,0.112795525333707
264,Event_Positive_x_FTA,0.132751315637469
265,Event_Positive_x_FTA,0.143850151282671
266,Event_Positive_x_FTA,0.0304827347196639
267,Event_Positive_x_FTA,-0.00238945184157876
268,Event_Positive_x_FTA,0.0905695159286633
269,Event_Positive_x_FTA,0.129007126135541
270,Event_Positive_x_FTA,0.000623475170282449
271,Event_Positive_x_FTA,0.0843302443314535
272,Event_Positive_x_FTA,0.0704566213711547
273,Event_Positive_x_FTA,0.0338079085724908
274,Event_Positive_x_FTA,0.0811057712797602
275,Event_Positive_x_FTA,0.0615806656736739
276,Event_Positive_x_FTA,0.038103397820313
277,Event_Positive_x_FTA,0.0811994004344586
278,Event_Positive_x_FTA,0.15997824221436
279,Event_Positive_x_FTA,0.0874874032694616
280,Event_Positive_x_FTA,0.017830167665623
281,Event_Positive_x_FTA,0.0885598433663973
282,Event_Positive_x_FTA,0.0699957876384847
283,Event_Positive_x_FTA,0.125589149468941
284,Event_Positive_x_FTA,0.119562274710411
285,Event_Positive_x_FTA,0.065715488744835
286,Event_Positive_x_FTA,0.0375988550578057
287,Event_Positive_x_FTA,0.0857625572216
288,Event_Positive_x_FTA,0.159389302087109
289,Event_Positive_x_FTA,0.0840036266259175
290,Event_Positive_x_FTA,0.00152986103849911
291,Event_Positive_x_FTA,0.00716941974929877
292,Event_Positive_x_FTA,0.0317794659927131
293,Event_Positive_x_FTA,0.0931018138910494
294,Event_Positive_x_FTA,0.0172381075148451
295,Event_Positive_x_FTA,0.138069946931015
296,Event_Positive_x_FTA,0.0885502634972773
297,Event_Positive_x_FTA,0.0627782884357977
298,Event_Positive_x_FTA,0.0651806807317286
299,Event_Positive_x_FTA,0.0513549222981671
300,Event_Positive_x_FTA,0.135678081233183
301,Event_Positive_x_FTA,0.0993871676118292
302,Event_Positive_x_FTA,0.0749527397068763
303,Event_Positive_x_FTA,-0.0339804294027542
304,Event_Positive_x_FTA,0.060940249334197
305,Event_Positive_x_FTA,0.0225278862315305
306,Event_Positive_x_FTA,0.00517242006563848
307,Event_Positive_x_FTA,0.0435689236899483
308,Event_Positive_x_FTA,0.0460907447886301
309,Event_Positive_x_FTA,0.0788198219397714
310,Event_Positive_x_FTA,0.0378593464001432
311,Event_Positive_x_FTA,0.0371986052482886
312,Event_Positive_x_FTA,0.0101572410834991
313,Event_Positive_x_FTA,0.0286375817588786
314,Event_Positive_x_FTA,0.0770201078983108
315,Event_Positive_x_FTA,-0.0044671110602742
316,Event_Positive_x_FTA,0.122021459212936
317,Event_Positive_x_FTA,0.109257677903096
318,Event_Positive_x_FTA,0.118380361356407
319,Event_Positive_x_FTA,0.0259917472604401
320,Event_Positive_x_FTA,0.0614555496923058
321,Event_Positive_x_FTA,0.0851768712202229
322,Event_Positive_x_FTA,0.0589617538578605
323,Event_Positive_x_FTA,0.104082817918064
324,Event_Positive_x_FTA,-0.0443508839920546
325,Event_Positive_x_FTA,0.104184017266267
326,Event_Positive_x_FTA,0.153282226608159
327,Event_Positive_x_FTA,0.0723215002193554
328,Event_Positive_x_FTA,0.148985550080149
329,Event_Positive_x_FTA,0.0443433994564868
330,Event_Positive_x_FTA,0.0784139073793994
331,Event_Positive_x_FTA,0.0797228897793034
332,Event_Positive_x_FTA,-0.0332678895944752
333,Event_Positive_x_FTA,0.075343209385475
334,Event_Positive_x_FTA,0.14557840738805
335,Event_Positive_x_FTA,0.0855305406095216
336,Event_Positive_x_FTA,0.0282563592968886
337,Event_Positive_x_FTA,0.0720944821479496
338,Event_Positive_x_FTA,0.0351347898903403
339,Event_Positive_x_FTA,0.0160000228128735
340,Event_Positive_x_FTA,0.142096831377977
341,Event_Positive_x_FTA,0.0832972856570736
342,Event_Positive_x_FTA,0.0762935451374479
343,Event_Positive_x_FTA,0.13150706380829
344,Event_Positive_x_FTA,0.0272026883749201
345,Event_Positive_x_FTA,0.0653112764217941
346,Event_Positive_x_FTA,0.151321708117505
347,Event_Positive_x_FTA,0.0434933223555001
348,Event_Positive_x_FTA,0.0402840735065785
349,Event_Positive_x_FTA,0.0187302710122128
350,Event_Positive_x_FTA,0.0380002557670206
351,Event_Positive_x_FTA,0.0213825661283203
352,Event_Positive_x_FTA,0.0278091681580856
353,Event_Positive_x_FTA,0.0869146940941926
354,Event_Positive_x_FTA,0.0675314841759218
355,Event_Positive_x_FTA,0.126638080119532
356,Event_Positive_x_FTA,0.0090967189315674
357,Event_Positive_x_FTA,0.0717060516482223
358,Event_Positive_x_FTA,0.126703605779893
359,Event_Positive_x_FTA,0.0419829295166034
360,Event_Positive_x_FTA,0.0449489136712822
361,Event_Positive_x_FTA,0.14847665500372
362,Event_Positive_x_FTA,0.170314091282972
363,Event_Positive_x_FTA,0.0434041480083329
364,Event_Positive_x_FTA,0.0650597555828769
365,Event_Positive_x_FTA,0.0680052455524306
366,Event_Positive_x_FTA,0.0745666394237581
367,Event_Positive_x_FTA,0.0943461305799674
368,Event_Positive_x_FTA,0.0686150800672431
369,Event_Positive_x_FTA,0.0910685229219765
370,Event_Positive_x_FTA,0.132080156171763
371,Event_Positive_x_FTA,0.13427404026454
372,Event_Positive_x_FTA,0.112396125236676
373,Event_Positive_x_FTA,0.141900079262165
374,Event_Positive_x_FTA,-0.0235945859164745
375,Event_Positive_x_FTA,0.0497966734797656
376,Event_Positive_x_FTA,0.0845068409404773
377,Event_Positive_x_FTA,0.121888540082265
378,Event_Positive_x_FTA,0.0697088923769604
379,Event_Positive_x_FTA,0.0327779168610625
380,Event_Positive_x_FTA,0.0694272190037304
381,Event_Positive_x_FTA,-0.0240514742936994
382,Event_Positive_x_FTA,0.0989870559523201
383,Event_Positive_x_FTA,0.0244400037651349
384,Event_Positive_x_FTA,-0.0105633835747446
385,Event_Positive_x_FTA,0.0812892901828132
386,Event_Positive_x_FTA,0.115134596985963
387,Event_Positive_x_FTA,0.11918228256819
388,Event_Positive_x_FTA,0.0717792944256523
389,Event_Positive_x_FTA,-0.0136461766315933
390,Event_Positive_x_FTA,0.0777594902613485
391,Event_Positive_x_FTA,0.0722138720028391
392,Event_Positive_x_FTA,0.109015099739901
393,Event_Positive_x_FTA,0.0369176572018448
394,Event_Positive_x_FTA,-0.0129812598009208
395,Event_Positive_x_FTA,0.0717910228106092
396,Event_Positive_x_FTA,0.126976156450515
397,Event_Positive_x_FTA,0.115750662294923
398,Event_Positive_x_FTA,0.0789429491419459
399,Event_Positive_x_FTA,0.0278974370154836
400,Event_Positive_x_FTA,0.0046932758619721
401,Event_Positive_x_FTA,0.0563949002016733
402,Event_Positive_x_FTA,0.120609632779173
403,Event_Positive_x_FTA,0.127107325908856
404,Event_Positive_x_FTA,0.0326536214808991
405,Event_Positive_x_FTA,0.093094746485234
406,Event_Positive_x_FTA,0.0779769390858617
407,Event_Positive_x_FTA,0.103346287387552
408,Event_Positive_x_FTA,0.0770095556259268
409,Event_Positive_x_FTA,0.125345370671789
410,Event_Positive_x_FTA,0.101826357037434
411,Event_Positive_x_FTA,0.0819941967442992
412,Event_Positive_x_FTA,-0.000943740775228947
413,Event_Positive_x_FTA,-0.0294388653496472
414,Event_Positive_x_FTA,0.144074994333956
415,Event_Positive_x_FTA,0.0383915557618158
416,Event_Positive_x_FTA,0.0509746329871251
417,Event_Positive_x_FTA,0.00134583633003084
418,Event_Positive_x_FTA,0.106119621725486
419,Event_Positive_x_FTA,0.105981991165307
420,Event_Positive_x_FTA,-0.0097440446482262
421,Event_Positive_x_FTA,0.0827337780758519
422,Event_Positive_x_FTA,0.0626267702507479
423,Event_Positive_x_FTA,0.0076516264185555
424,Event_Positive_x_FTA,0.123039242159633
425,Event_Positive_x_FTA,0.135906367823521
426,Event_Positive_x_FTA,0.0516274132997454
427,Event_Positive_x_FTA,0.0373912122813199
428,Event_Positive_x_FTA,0.0517220025289021
429,Event_Positive_x_FTA,0.0383285949422953
430,Event_Positive_x_FTA,0.0531207100782577
431,Event_Positive_x_FTA,0.0452202835985053
432,Event_Positive_x_FTA,0.116746236363871
433,Event_Positive_x_FTA,0.0557741153747208
434,Event_Positive_x_FTA,0.0246932860694095
435,Event_Positive_x_FTA,0.0386300678458318
436,Event_Positive_x_FTA,0.115976496750152
437,Event_Positive_x_FTA,0.0456778513439611
438,Event_Positive_x_FTA,0.128436061909276
439,Event_Positive_x_FTA,0.0040692062085174
440,Event_Positive_x_FTA,0.0987009544483617
441,Event_Positive_x_FTA,0.0845248375221071
442,Event_Positive_x_FTA,0.0602003128456589
443,Event_Positive_x_FTA,0.00821533240001943
444,Event_Positive_x_FTA,0.0872251579361313
445,Event_Positive_x_FTA,0.0879541536419666
446,Event_Positive_x_FTA,0.0717143407911668
447,Event_Positive_x_FTA,0.0506258233147722
448,Event_Positive_x_FTA,0.175976993081759
449,Event_Positive_x_FTA,-0.0520332529576847
450,Event_Positive_x_FTA,0.075183643801632
451,Event_Positive_x_FTA,0.0683238846112858
452,Event_Positive_x_FTA,0.0719634201279051
453,Event_Positive_x_FTA,0.100583902325211
454,Event_Positive_x_FTA,0.0419033881106325
455,Event_Positive_x_FTA,0.108662182352127
456,Event_Positive_x_FTA,0.0719403604155643
457,Event_Positive_x_FTA,0.0710770653398067
458,Event_Positive_x_FTA,-0.0212688196337221
459,Event_Positive_x_FTA,0.101283325199446
460,Event_Positive_x_FTA,0.0877198101709626
461,Event_Positive_x_FTA,0.0265229226256496
462,Event_Positive_x_FTA,0.0364362168028712
463,Event_Positive_x_FTA,-0.0211047390015662
464,Event_Positive_x_FTA,0.0630700472299874
465,Event_Positive_x_FTA,0.0495437257442827
466,Event_Positive_x_FTA,0.161606775734621
467,Event_Positive_x_FTA,0.0526141364857698
468,Event_Positive_x_FTA,0.00332139468942853
469,Event_Positive_x_FTA,0.134603913754641
470,Event_Positive_x_FTA,0.0266427877144353
471,Event_Positive_x_FTA,0.173214324879592
472,Event_Positive_x_FTA,-0.0362821053655683
473,Event_Positive_x_FTA,0.117351750127668
474,Event_Positive_x_FTA,0.0838481825169442
475,Event_Positive_x_FTA,0.00192140714843578
476,Event_Positive_x_FTA,0.0949421072398085
477,Event_Positive_x_FTA,0.0517760310033953
478,Event_Positive_x_FTA,0.18752817135368
479,Event_Positive_x_FTA,-0.00363606738761481
480,Event_Positive_x_FTA,0.0573131051598358
481,Event_Positive_x_FTA,0.0745056936154132
482,Event_Positive_x_FTA,0.0460982421281247
483,Event_Positive_x_FTA,0.0652004803666317
484,Event_Positive_x_FTA,0.139477582402379
485,Event_Positive_x_FTA,0.0686981648857233
486,Event_Positive_x_FTA,0.135040435169411
487,Event_Positive_x_FTA,0.103035186831536
488,Event_Positive_x_FTA,0.0789732891337655
489,Event_Positive_x_FTA,0.112591978538863
490,Event_Positive_x_FTA,0.135950656777062
491,Event_Positive_x_FTA,0.087639474419395
492,Event_Positive_x_FTA,0.0903565993220285
493,Event_Positive_x_FTA,0.0719114911005731
494,Event_Positive_x_FTA,0.0691553109436609
495,Event_Positive_x_FTA,0.111803921962492
496,Event_Positive_x_FTA,0.054253886534504
497,Event_Positive_x_FTA,0.131891563331929
498,Event_Positive_x_FTA,0.0156279778875263
499,Event_Positive_x_FTA,0.0709966009853085
500,Event_Positive_x_FTA,0.0518156143809981
1,Event_Negative_x_FTA,-0.0547771866151215
2,Event_Negative_x_FTA,-0.0962470722359954
3,Event_Negative_x_FTA,-0.0250066097961905
4,Event_Negative_x_FTA,-0.0504954746094101
5,Event_Negative_x_FTA,0.0249695783481312
6,Event_Negative_x_FTA,-0.0217287158499335
7,Event_Negative_x_FTA,-0.0340939055632692
8,Event_Negative_x_FTA,-0.00565277301582832
9,Event_Negative_x_FTA,-0.0296201602191508
10,Event_Negative_x_FTA,-0.0155346047894081
11,Event_Negative_x_FTA,-0.0408887215227207
12,Event_Negative_x_FTA,-0.0520551322435112
13,Event_Negative_x_FTA,0.0253373330172568
14,Event_Negative_x_FTA,-0.0338169090655515
15,Event_Negative_x_FTA,0.03548647231469
16,Event_Negative_x_FTA,-0.0667064891332747
17,Event_Negative_x_FTA,-0.0973868514085843
18,Event_Negative_x_FTA,-0.00605836458660089
19,Event_Negative_x_FTA,-0.0834588857146099
20,Event_Negative_x_FTA,0.0289948782776652
21,Event_Negative_x_FTA,-0.00844289739049327
22,Event_Negative_x_FTA,-0.100143165161703
23,Event_Negative_x_FTA,0.0261784589275523
24,Event_Negative_x_FTA,-0.00299777713467073
25,Event_Negative_x_FTA,-0.000893723535747501
26,Event_Negative_x_FTA,-0.101753417885051
27,Event_Negative_x_FTA,0.011078675826927
28,Event_Negative_x_FTA,0.0338069338289182
29,Event_Negative_x_FTA,-0.114268030835595
30,Event_Negative_x_FTA,-0.101525587398752
31,Event_Negative_x_FTA,0.0428027363182628
32,Event_Negative_x_FTA,-0.0398018391573951
33,Event_Negative_x_FTA,-0.0342673483891325
34,Event_Negative_x_FTA,0.0592872573839289
35,Event_Negative_x_FTA,0.0328002415939562
36,Event_Negative_x_FTA,0.072470499012967
37,Event_Negative_x_FTA,-0.0301139549477092
38,Event_Negative_x_FTA,0.019075311220254
39,Event_Negative_x_FTA,-0.085692213112922
40,Event_Negative_x_FTA,0.0277815033915449
41,Event_Negative_x_FTA,0.0120216651283406
42,Event_Negative_x_FTA,0.0357172384176121
43,Event_Negative_x_FTA,0.0249624761938267
44,Event_Negative_x_FTA,-0.0894679108898328
45,Event_Negative_x_FTA,0.0579854366681872
46,Event_Negative_x_FTA,0.0544554860025539
47,Event_Negative_x_FTA,0.034043415415211
48,Event_Negative_x_FTA,-0.0980636489750341
49,Event_Negative_x_FTA,-0.052980762238948
50,Event_Negative_x_FTA,-0.136747311651386
51,Event_Negative_x_FTA,-0.0534751152778543
52,Event_Negative_x_FTA,-0.0673246543760674
53,Event_Negative_x_FTA,-0.0670119172195166
54,Event_Negative_x_FTA,0.0449941281549872
55,Event_Negative_x_FTA,0.0226241855664584
56,Event_Negative_x_FTA,0.0239173754995699
57,Event_Negative_x_FTA,0.026579331525536
58,Event_Negative_x_FTA,0.0547601939722912
59,Event_Negative_x_FTA,-0.040556429913338
60,Event_Negative_x_FTA,0.0444930158079088
61,Event_Negative_x_FTA,-0.0898516532801858
62,Event_Negative_x_FTA,-0.0516589272859837
63,Event_Negative_x_FTA,0.026054119963187
64,Event_Negative_x_FTA,0.0292396521756575
65,Event_Negative_x_FTA,-0.117901471039301
66,Event_Negative_x_FTA,-0.022513805882095
67,Event_Negative_x_FTA,0.016341850687388
68,Event_Negative_x_FTA,0.040831507976346
69,Event_Negative_x_FTA,-0.0630570339735542
70,Event_Negative_x_FTA,-0.0563532338263253
71,Event_Negative_x_FTA,0.037253422753609
72,Event_Negative_x_FTA,0.0315512998077429
73,Event_Negative_x_FTA,-0.0184012811484743
74,Event_Negative_x_FTA,-0.00200975862512328
75,Event_Negative_x_FTA,-0.0608862907405611
76,Event_Negative_x_FTA,-0.0141899401604475
77,Event_Negative_x_FTA,0.00484335894523095
78,Event_Negative_x_FTA,0.0666416085329775
79,Event_Negative_x_FTA,0.0389430329200713
80,Event_Negative_x_FTA,0.0553010102170427
81,Event_Negative_x_FTA,0.0276386420120121
82,Event_Negative_x_FTA,-0.00636802733966361
83,Event_Negative_x_FTA,0.0447409855800397
84,Event_Negative_x_FTA,-0.0268878268257024
85,Event_Negative_x_FTA,-0.0907081729677613
86,Event_Negative_x_FTA,-0.0792596110713776
87,Event_Negative_x_FTA,-0.0799319018661293
88,Event_Negative_x_FTA,0.0462522807014627
89,Event_Negative_x_FTA,-0.0157767919924095
90,Event_Negative_x_FTA,0.0197628080345205
91,Event_Negative_x_FTA,0.0164718483189555
92,Event_Negative_x_FTA,-0.00117448025689988
93,Event_Negative_x_FTA,0.0194523071084915
94,Event_Negative_x_FTA,0.0396838775571482
95,Event_Negative_x_FTA,0.00930673352880388
96,Event_Negative_x_FTA,0.0412088367395037
97,Event_Negative_x_FTA,0.0345614676898028
98,Event_Negative_x_FTA,-0.037925012883049
99,Event_Negative_x_FTA,-0.0799899957088566
100,Event_Negative_x_FTA,-0.0438876169066001
101,Event_Negative_x_FTA,0.00886218775512801
102,Event_Negative_x_FTA,0.0170823970275873
103,Event_Negative_x_FTA,0.0366325068430939
104,Event_Negative_x_FTA,0.0691030600906329
105,Event_Negative_x_FTA,-0.0171404055802294
106,Event_Negative_x_FTA,-0.0581164658143215
107,Event_Negative_x_FTA,0.0363013009625331
108,Event_Negative_x_FTA,0.0279554442332932
109,Event_Negative_x_FTA,0.025011865320718
110,Event_Negative_x_FTA,-0.0815655419705536
111,Event_Negative_x_FTA,-0.064395717173976
112,Event_Negative_x_FTA,0.0182393703631163
113,Event_Negative_x_FTA,-0.0883331900732219
114,Event_Negative_x_FTA,-0.0539337914594141
115,Event_Negative_x_FTA,0.0427143795982514
116,Event_Negative_x_FTA,-0.080775775213098
117,Event_Negative_x_FTA,-0.0709784590127063
118,Event_Negative_x_FTA,-0.0146770153746078
119,Event_Negative_x_FTA,0.0185601470142449
120,Event_Negative_x_FTA,0.062188753538996
121,Event_Negative_x_FTA,0.0188765086767647
122,Event_Negative_x_FTA,-0.0626662686999071
123,Event_Negative_x_FTA,-0.00314700162942621
124,Event_Negative_x_FTA,0.0301934797703226
125,Event_Negative_x_FTA,-0.0628289668834705
126,Event_Negative_x_FTA,-0.0740653747733164
127,Event_Negative_x_FTA,0.0395970568116706
128,Event_Negative_x_FTA,0.0578281333870391
129,Event_Negative_x_FTA,-0.00228193609947994
130,Event_Negative_x_FTA,-0.0477573828454848
131,Event_Negative_x_FTA,0.0135124593265421
132,Event_Negative_x_FTA,0.0332543795142391
133,Event_Negative_x_FTA,0.00532653685766716
134,Event_Negative_x_FTA,-0.0684788201522463
135,Event_Negative_x_FTA,0.0370464801744047
136,Event_Negative_x_FTA,-0.0587909984069392
137,Event_Negative_x_FTA,0.0149994269168604
138,Event_Negative_x_FTA,0.0121206077051099
139,Event_Negative_x_FTA,-0.0239080705260617
140,Event_Negative_x_FTA,-0.0588412732780267
141,Event_Negative_x_FTA,0.00303127940240279
142,Event_Negative_x_FTA,0.0206714881332552
143,Event_Negative_x_FTA,-0.0914495738697851
144,Event_Negative_x_FTA,-0.0322870097353173
145,Event_Negative_x_FTA,0.021506634086208
146,Event_Negative_x_FTA,-0.0571132511331328
147,Event_Negative_x_FTA,-0.0392887485893825
148,Event_Negative_x_FTA,-0.0865984660649646
149,Event_Negative_x_FTA,-0.0451165396990015
150,Event_Negative_x_FTA,0.0450975527798509
151,Event_Negative_x_FTA,-0.0346608666623095
152,Event_Negative_x_FTA,-0.05544807634975
153,Event_Negative_x_FTA,0.0464596580740097
154,Event_Negative_x_FTA,-0.010267820245777
155,Event_Negative_x_FTA,-0.0559778553584456
156,Event_Negative_x_FTA,-0.105254997778608
157,Event_Negative_x_FTA,-0.0342294233985346
158,Event_Negative_x_FTA,-0.0954308785923064
159,Event_Negative_x_FTA,-0.0609281117737043
160,Event_Negative_x_FTA,-0.0574366612906051
161,Event_Negative_x_FTA,-0.0234775422598577
162,Event_Negative_x_FTA,0.0457302137018186
163,Event_Negative_x_FTA,-0.0614775015555612
164,Event_Negative_x_FTA,-0.0404902399039883
165,Event_Negative_x_FTA,-0.0911909612441886
166,Event_Negative_x_FTA,-0.0125078680313909
167,Event_Negative_x_FTA,-0.0720832936681352
168,Event_Negative_x_FTA,0.0317809921625162
169,Event_Negative_x_FTA,-0.0322129062353298
170,Event_Negative_x_FTA,0.0378926683152256
171,Event_Negative_x_FTA,0.0157564807714076
172,Event_Negative_x_FTA,-0.0587484462395884
173,Event_Negative_x_FTA,0.043719799455478
174,Event_Negative_x_FTA,0.0380422908484794
175,Event_Negative_x_FTA,0.0608326831010769
176,Event_Negative_x_FTA,0.0227026574940033
177,Event_Negative_x_FTA,0.0231480708591627
178,Event_Negative_x_FTA,-0.0949332113053958
179,Event_Negative_x_FTA,-0.0111764934038131
180,Event_Negative_x_FTA,0.00750056142317708
181,Event_Negative_x_FTA,0.00489230062298521
182,Event_Negative_x_FTA,-0.00650961827731595
183,Event_Negative_x_FTA,-0.0640040328213089
184,Event_Negative_x_FTA,-0.0759814666812838
185,Event_Negative_x_FTA,-0.0671536579661744
186,Event_Negative_x_FTA,-0.0530974165490366
187,Event_Negative_x_FTA,0.00316960386862167
188,Event_Negative_x_FTA,-0.0956420487868978
189,Event_Negative_x_FTA,-0.0249084356209487
190,Event_Negative_x_FTA,-0.0303953020705999
191,Event_Negative_x_FTA,-0.0566894605337013
192,Event_Negative_x_FTA,-0.0288677628552163
193,Event_Negative_x_FTA,0.00462104569140769
194,Event_Negative_x_FTA,-0.00998564238973487
195,Event_Negative_x_FTA,-0.0409237854338428
196,Event_Negative_x_FTA,0.071853334422113
197,Event_Negative_x_FTA,0.0188209213048862
198,Event_Negative_x_FTA,0.0225672355947419
199,Event_Negative_x_FTA,-0.0458618287132087
200,Event_Negative_x_FTA,-0.0559125491223111
201,Event_Negative_x_FTA,0.0415559382522733
202,Event_Negative_x_FTA,-0.000114235381015206
203,Event_Negative_x_FTA,0.0242700472135453
204,Event_Negative_x_FTA,-0.0462648529168273
205,Event_Negative_x_FTA,-0.00960583819213723
206,Event_Negative_x_FTA,-0.079392724947327
207,Event_Negative_x_FTA,-0.0379097032527356
208,Event_Negative_x_FTA,0.0253401776646027
209,Event_Negative_x_FTA,-0.104802842095621
210,Event_Negative_x_FTA,-0.0576674004120637
211,Event_Negative_x_FTA,-0.00980165549033361
212,Event_Negative_x_FTA,-0.00296601430970707
213,Event_Negative_x_FTA,-0.00822284203154227
214,Event_Negative_x_FTA,0.0174474785966905
215,Event_Negative_x_FTA,0.0448518395507716
216,Event_Negative_x_FTA,0.00921946638772557
217,Event_Negative_x_FTA,0.0563094292710006
218,Event_Negative_x_FTA,-0.0464385851779868
219,Event_Negative_x_FTA,-0.00230183258806805
220,Event_Negative_x_FTA,-0.0543022606206468
221,Event_Negative_x_FTA,0.0195205310100326
222,Event_Negative_x_FTA,-0.0766922387664
223,Event_Negative_x_FTA,-0.0435009764557175
224,Event_Negative_x_FTA,-0.0797475151213263
225,Event_Negative_x_FTA,-0.0531821431695063
226,Event_Negative_x_FTA,-0.0278505610098124
227,Event_Negative_x_FTA,-0.0456832195163246
228,Event_Negative_x_FTA,-0.0793212852341859
229,Event_Negative_x_FTA,-0.0485109047657721
230,Event_Negative_x_FTA,0.0429951528755818
231,Event_Negative_x_FTA,-0.0223373053655753
232,Event_Negative_x_FTA,0.0243379181334074
233,Event_Negative_x_FTA,-0.00949626085149516
234,Event_Negative_x_FTA,-0.00378831880192563
235,Event_Negative_x_FTA,-0.02933058398577
236,Event_Negative_x_FTA,0.00655731105493094
237,Event_Negative_x_FTA,0.0222524912852654
238,Event_Negative_x_FTA,0.0925323722695764
239,Event_Negative_x_FTA,-0.022347431693981
240,Event_Negative_x_FTA,0.0162117318135661
241,Event_Negative_x_FTA,-0.121948323348095
242,Event_Negative_x_FTA,0.0651009727077722
243,Event_Negative_x_FTA,0.0472096564342704
244,Event_Negative_x_FTA,-0.0348241013369619
245,Event_Negative_x_FTA,0.0567413183273487
246,Event_Negative_x_FTA,-0.00482660971360182
247,Event_Negative_x_FTA,-0.100212665708129
248,Event_Negative_x_FTA,0.0404685770129801
249,Event_Negative_x_FTA,0.0379042666773742
250,Event_Negative_x_FTA,-0.0343477649182832
251,Event_Negative_x_FTA,-0.0124068973538393
252,Event_Negative_x_FTA,0.0445034446373424
253,Event_Negative_x_FTA,-0.0637635504704453
254,Event_Negative_x_FTA,-0.106934578877467
255,Event_Negative_x_FTA,-0.0730244826689474
256,Event_Negative_x_FTA,-0.0311870153197662
257,Event_Negative_x_FTA,0.0243466582060589
258,Event_Negative_x_FTA,0.00623290905054887
259,Event_Negative_x_FTA,-0.00770879311069402
260,Event_Negative_x_FTA,-0.044923023047415
261,Event_Negative_x_FTA,0.0263652837581129
262,Event_Negative_x_FTA,0.0127011231321415
263,Event_Negative_x_FTA,-0.0616456563615137
264,Event_Negative_x_FTA,-0.0450348070986511
265,Event_Negative_x_FTA,0.0387862408257693
266,Event_Negative_x_FTA,0.0268943388652866
267,Event_Negative_x_FTA,0.0624399223859649
268,Event_Negative_x_FTA,-0.0310406429179822
269,Event_Negative_x_FTA,-0.0535457116699047
270,Event_Negative_x_FTA,0.0133148294969973
271,Event_Negative_x_FTA,-0.0719483996298053
272,Event_Negative_x_FTA,-0.036100846309006
273,Event_Negative_x_FTA,-0.0493215871050213
274,Event_Negative_x_FTA,0.0114447321862439
275,Event_Negative_x_FTA,-0.0261909347133058
276,Event_Negative_x_FTA,0.00321777761779937
277,Event_Negative_x_FTA,-0.0649439232175567
278,Event_Negative_x_FTA,0.017957023391193
279,Event_Negative_x_FTA,-0.026462548890106
280,Event_Negative_x_FTA,-0.0376405295519385
281,Event_Negative_x_FTA,0.00200240692061559
282,Event_Negative_x_FTA,-0.0243972095220827
283,Event_Negative_x_FTA,-0.105901429690111
284,Event_Negative_x_FTA,-0.0408313212354731
285,Event_Negative_x_FTA,-0.0704638560125156
286,Event_Negative_x_FTA,0.0298057669081139
287,Event_Negative_x_FTA,0.0440765783288947
288,Event_Negative_x_FTA,0.0271901085763285
289,Event_Negative_x_FTA,-0.00556663080142474
290,Event_Negative_x_FTA,0.0765194268479222
291,Event_Negative_x_FTA,0.0130584675440946
292,Event_Negative_x_FTA,0.0565973384238583
293,Event_Negative_x_FTA,-0.00721082235066347
294,Event_Negative_x_FTA,0.0299434973583349
295,Event_Negative_x_FTA,0.0166263778344097
296,Event_Negative_x_FTA,-0.0907197176070223
297,Event_Negative_x_FTA,-0.0925994804793103
298,Event_Negative_x_FTA,-0.0549129398155678
299,Event_Negative_x_FTA,-0.0087606296078104
300,Event_Negative_x_FTA,0.00726892695905768
301,Event_Negative_x_FTA,0.00289993063263818
302,Event_Negative_x_FTA,0.036844128214853
303,Event_Negative_x_FTA,0.0456793625662299
304,Event_Negative_x_FTA,-0.056859012498889
305,Event_Negative_x_FTA,-0.0664488381016299
306,Event_Negative_x_FTA,-0.0569956920078921
307,Event_Negative_x_FTA,-0.0216827756093892
308,Event_Negative_x_FTA,-0.0515289650317685
309,Event_Negative_x_FTA,-0.0421095555952969
310,Event_Negative_x_FTA,0.00383478639976673
311,Event_Negative_x_FTA,0.026572875394402
312,Event_Negative_x_FTA,-0.0399118921386788
313,Event_Negative_x_FTA,-0.0095111412463876
314,Event_Negative_x_FTA,0.0103477224514563
315,Event_Negative_x_FTA,-0.0405125534604018
316,Event_Negative_x_FTA,0.0689701481790782
317,Event_Negative_x_FTA,-0.0655734970078596
318,Event_Negative_x_FTA,-0.0688586778569807
319,Event_Negative_x_FTA,-0.103885922950233
320,Event_Negative_x_FTA,-0.0232557332052035
321,Event_Negative_x_FTA,-0.0719757711117434
322,Event_Negative_x_FTA,-0.0680013930479711
323,Event_Negative_x_FTA,-0.0123354398770123
324,Event_Negative_x_FTA,-0.0410183854324288
325,Event_Negative_x_FTA,-0.0611275873420052
326,Event_Negative_x_FTA,0.0446193528841289
327,Event_Negative_x_FTA,0.00981656034012706
328,Event_Negative_x_FTA,-0.0455878796722943
329,Event_Negative_x_FTA,-0.0872309921293684
330,Event_Negative_x_FTA,-0.107322724466317
331,Event_Negative_x_FTA,-0.0434110487272267
332,Event_Negative_x_FTA,-0.0595911808963218
333,Event_Negative_x_FTA,-0.0128054072521615
334,Event_Negative_x_FTA,0.00967175693602611
335,Event_Negative_x_FTA,0.0161950772347512
336,Event_Negative_x_FTA,-0.0469701939549346
337,Event_Negative_x_FTA,-0.0589247897464678
338,Event_Negative_x_FTA,-0.0350002264078986
339,Event_Negative_x_FTA,0.00280889651370502
340,Event_Negative_x_FTA,-0.0274696026563273
341,Event_Negative_x_FTA,0.0486635268776782
342,Event_Negative_x_FTA,0.0126565106905683
343,Event_Negative_x_FTA,0.00913387434532127
344,Event_Negative_x_FTA,-0.075933811234403
345,Event_Negative_x_FTA,-0.0471527062821634
346,Event_Negative_x_FTA,-0.0279974616931386
347,Event_Negative_x_FTA,-0.00815100555794225
348,Event_Negative_x_FTA,0.0302790966328687
349,Event_Negative_x_FTA,0.00191366883741375
350,Event_Negative_x_FTA,0.0353198986522566
351,Event_Negative_x_FTA,-0.0362087259490106
352,Event_Negative_x_FTA,0.0333491196375523
353,Event_Negative_x_FTA,0.0258055160019188
354,Event_Negative_x_FTA,-0.0654821069622729
355,Event_Negative_x_FTA,0.00782486468348346
356,Event_Negative_x_FTA,-0.0282327653482748
357,Event_Negative_x_FTA,-0.0488490639397492
358,Event_Negative_x_FTA,-0.0977527504839186
359,Event_Negative_x_FTA,-0.121894990349274
360,Event_Negative_x_FTA,0.0154177640501108
361,Event_Negative_x_FTA,0.0252438575743161
362,Event_Negative_x_FTA,-0.0656734185500441
363,Event_Negative_x_FTA,0.0432281639251235
364,Event_Negative_x_FTA,0.0551761033172502
365,Event_Negative_x_FTA,-0.0653911146301316
366,Event_Negative_x_FTA,0.00604905168864098
367,Event_Negative_x_FTA,0.0137781725212238
368,Event_Negative_x_FTA,-0.0546578915625833
369,Event_Negative_x_FTA,-0.0495989161032033
370,Event_Negative_x_FTA,-0.0496728511811099
371,Event_Negative_x_FTA,-0.0147383720879091
372,Event_Negative_x_FTA,-0.0483177994409769
373,Event_Negative_x_FTA,-0.0161723303867049
374,Event_Negative_x_FTA,0.0604210218133598
375,Event_Negative_x_FTA,-0.00242484734592702
376,Event_Negative_x_FTA,0.0329975445367029
377,Event_Negative_x_FTA,-0.00365865424854224
378,Event_Negative_x_FTA,-0.0831402234709066
379,Event_Negative_x_FTA,-0.0691774775398316
380,Event_Negative_x_FTA,-0.0717570672589285
381,Event_Negative_x_FTA,-0.00586455761390505
382,Event_Negative_x_FTA,-0.126759821088461
383,Event_Negative_x_FTA,-0.0553999039633705
384,Event_Negative_x_FTA,-0.0224548905449411
385,Event_Negative_x_FTA,-0.100494452122858
386,Event_Negative_x_FTA,0.0400242751147017
387,Event_Negative_x_FTA,-0.0576556020446496
388,Event_Negative_x_FTA,-0.0147831822168574
389,Event_Negative_x_FTA,0.0385934983618016
390,Event_Negative_x_FTA,0.00864809531642286
391,Event_Negative_x_FTA,-0.054923669147682
392,Event_Negative_x_FTA,0.0308633348719457
393,Event_Negative_x_FTA,-0.0382128106713862
394,Event_Negative_x_FTA,-0.0200616548989983
395,Event_Negative_x_FTA,-0.0223194105230256
396,Event_Negative_x_FTA,-0.0489443865164951
397,Event_Negative_x_FTA,-0.0539605506426127
398,Event_Negative_x_FTA,-0.0385136317970674
399,Event_Negative_x_FTA,-0.040677501076251
400,Event_Negative_x_FTA,0.0382002056604998
401,Event_Negative_x_FTA,-0.0373560237719194
402,Event_Negative_x_FTA,-0.0362181244960194
403,Event_Negative_x_FTA,-0.0387352311037955
404,Event_Negative_x_FTA,0.0276753363577545
405,Event_Negative_x_FTA,-0.0506176772959855
406,Event_Negative_x_FTA,-0.0274631404511268
407,Event_Negative_x_FTA,0.036218620517541
408,Event_Negative_x_FTA,0.0154164660902508
409,Event_Negative_x_FTA,-0.134212909375278
410,Event_Negative_x_FTA,-0.0332412462731548
411,Event_Negative_x_FTA,0.0663105112973318
412,Event_Negative_x_FTA,-0.0374148750468448
413,Event_Negative_x_FTA,-0.0195436427132282
414,Event_Negative_x_FTA,0.0107046048786746
415,Event_Negative_x_FTA,-0.0695746212519452
416,Event_Negative_x_FTA,0.000365715816363511
417,Event_Negative_x_FTA,-0.0199766588697616
418,Event_Negative_x_FTA,0.033608087524761
419,Event_Negative_x_FTA,-0.00984115079644419
420,Event_Negative_x_FTA,-0.0390454652612911
421,Event_Negative_x_FTA,0.00404921675703735
422,Event_Negative_x_FTA,-0.0898288035774195
423,Event_Negative_x_FTA,-0.0218842611315704
424,Event_Negative_x_FTA,0.0519302844859729
425,Event_Negative_x_FTA,-0.0470078881441874
426,Event_Negative_x_FTA,-0.0602653278051898
427,Event_Negative_x_FTA,-0.00687380189158881
428,Event_Negative_x_FTA,0.0105824609942782
429,Event_Negative_x_FTA,-0.0446636055242209
430,Event_Negative_x_FTA,-0.0535483271128072
431,Event_Negative_x_FTA,-0.0615083777262619
432,Event_Negative_x_FTA,-0.0353653409195969
433,Event_Negative_x_FTA,-0.0281835083362919
434,Event_Negative_x_FTA,-0.0754689105016689
435,Event_Negative_x_FTA,-0.00995440080999677
436,Event_Negative_x_FTA,-0.0120446428985701
437,Event_Negative_x_FTA,0.0652372108819097
438,Event_Negative_x_FTA,0.00446874816615508
439,Event_Negative_x_FTA,-0.0582116724700472
440,Event_Negative_x_FTA,-0.0123604369706258
441,Event_Negative_x_FTA,0.0535136851088973
442,Event_Negative_x_FTA,0.0321114846877222
443,Event_Negative_x_FTA,0.00429935099049819
444,Event_Negative_x_FTA,-0.00605988713633563
445,Event_Negative_x_FTA,-0.0896530672005155
446,Event_Negative_x_FTA,0.00425017272597514
447,Event_Negative_x_FTA,-0.000120611301205376
448,Event_Negative_x_FTA,-0.00840500183281463
449,Event_Negative_x_FTA,-0.0470429479489483
450,Event_Negative_x_FTA,-0.0115015792327783
451,Event_Negative_x_FTA,-0.0436250804925457
452,Event_Negative_x_FTA,0.0366069374782011
453,Event_Negative_x_FTA,-0.0712823776551271
454,Event_Negative_x_FTA,-0.0730092735237048
455,Event_Negative_x_FTA,-0.0799739243310652
456,Event_Negative_x_FTA,-0.0548860029167313
457,Event_Negative_x_FTA,0.00891803430413786
458,Event_Negative_x_FTA,-0.0244823914315927
459,Event_Negative_x_FTA,-0.090132653461129
460,Event_Negative_x_FTA,0.0228894333347345
461,Event_Negative_x_FTA,-0.08193447316529
462,Event_Negative_x_FTA,0.0575980534132352
463,Event_Negative_x_FTA,-0.0480354867777685
464,Event_Negative_x_FTA,-0.00488860934560661
465,Event_Negative_x_FTA,-0.106280523763443
466,Event_Negative_x_FTA,0.031669478800219
467,Event_Negative_x_FTA,-0.0676267510940448
468,Event_Negative_x_FTA,-0.020259762745527
469,Event_Negative_x_FTA,0.0326271665409398
470,Event_Negative_x_FTA,0.0407600529811649
471,Event_Negative_x_FTA,-0.0381564251388664
472,Event_Negative_x_FTA,0.0246155858597158
473,Event_Negative_x_FTA,-0.00810118002508961
474,Event_Negative_x_FTA,0.0604865526410072
475,Event_Negative_x_FTA,-0.0477139018988991
476,Event_Negative_x_FTA,0.0163549549177898
477,Event_Negative_x_FTA,0.0168427788222434
478,Event_Negative_x_FTA,0.0272310438316786
479,Event_Negative_x_FTA,-0.00617255898942444
480,Event_Negative_x_FTA,-0.00635405484230956
481,Event_Negative_x_FTA,-0.0304217193626582
482,Event_Negative_x_FTA,0.0400123583097403
483,Event_Negative_x_FTA,-0.0083344948336159
484,Event_Negative_x_FTA,-0.0277557865901463
485,Event_Negative_x_FTA,0.0480742874666118
486,Event_Negative_x_FTA,-0.0320964751914008
487,Event_Negative_x_FTA,-0.0399219161452987
488,Event_Negative_x_FTA,0.0109947003098981
489,Event_Negative_x_FTA,-0.11375604182658
490,Event_Negative_x_FTA,-0.0153459495217413
491,Event_Negative_x_FTA,0.0325198700232746
492,Event_Negative_x_FTA,-0.00817235292146755
493,Event_Negative_x_FTA,-0.0786943073236974
494,Event_Negative_x_FTA,-0.0686292974084374
495,Event_Negative_x_FTA,-0.0765214459791307
496,Event_Negative_x_FTA,0.00155646249749383
497,Event_Negative_x_FTA,-0.00191110140091803
498,Event_Negative_x_FTA,0.033615597323407
499,Event_Negative_x_FTA,-0.0859700139175943
500,Event_Negative_x_FTA,-0.0844384965520739
1,Event_Positive_x_developed,-0.0269274596702473
2,Event_Positive_x_developed,0.000538522085559302
3,Event_Positive_x_developed,-0.0301184054033681
4,Event_Positive_x_developed,-0.00894024752482051
5,Event_Positive_x_developed,0.0696783686854605
6,Event_Positive_x_developed,0.0307244000924032
7,Event_Positive_x_developed,-0.0268048437662868
8,Event_Positive_x_developed,0.0149866661694141
9,Event_Positive_x_developed,-0.0634946616713156
10,Event_Positive_x_developed,-0.0364411456810175
11,Event_Positive_x_developed,-0.0463685939874375
12,Event_Positive_x_developed,0.0338112301777875
13,Event_Positive_x_developed,-0.00961764826779344
14,Event_Positive_x_developed,-0.0327937805371577
15,Event_Positive_x_developed,0.0371291541175184
16,Event_Positive_x_developed,0.0443780280456047
17,Event_Positive_x_developed,-0.0137767412810582
18,Event_Positive_x_developed,0.0549375743068617
19,Event_Positive_x_developed,-0.0687803864495813
20,Event_Positive_x_developed,-0.00638501013801693
21,Event_Positive_x_developed,0.0487460011109771
22,Event_Positive_x_developed,-0.0234965292520225
23,Event_Positive_x_developed,0.00218273447534624
24,Event_Positive_x_developed,0.0143581585469422
25,Event_Positive_x_developed,0.00204315630033862
26,Event_Positive_x_developed,-0.0602397048688632
27,Event_Positive_x_developed,-0.0630848312003877
28,Event_Positive_x_developed,-0.0927828035409606
29,Event_Positive_x_developed,-0.0975662622161332
30,Event_Positive_x_developed,-0.0940444750066697
31,Event_Positive_x_developed,-0.00109326262083809
32,Event_Positive_x_developed,0.0654691090791147
33,Event_Positive_x_developed,0.0164217295100705
34,Event_Positive_x_developed,-0.0241044805928488
35,Event_Positive_x_developed,0.0598335658709628
36,Event_Positive_x_developed,-0.0493877153445123
37,Event_Positive_x_developed,0.0608510773339044
38,Event_Positive_x_developed,0.0166739433432406
39,Event_Positive_x_developed,0.0155179113098684
40,Event_Positive_x_developed,-0.0152791937957407
41,Event_Positive_x_developed,-0.0182654131062511
42,Event_Positive_x_developed,-0.00767418462644688
43,Event_Positive_x_developed,-0.0581034952805923
44,Event_Positive_x_developed,-0.00896450764159517
45,Event_Positive_x_developed,0.0263984167079835
46,Event_Positive_x_developed,0.0738836428121366
47,Event_Positive_x_developed,-0.0291528072608959
48,Event_Positive_x_developed,-0.0315175466931096
49,Event_Positive_x_developed,-0.0240449195861194
50,Event_Positive_x_developed,-0.0221044867234989
51,Event_Positive_x_developed,-0.0726865683562986
52,Event_Positive_x_developed,-0.00572548760533156
53,Event_Positive_x_developed,0.0204664087647389
54,Event_Positive_x_developed,0.0574161159522001
55,Event_Positive_x_developed,-0.0085686166749984
56,Event_Positive_x_developed,-0.0257555730760315
57,Event_Positive_x_developed,0.0389102653960094
58,Event_Positive_x_developed,-0.039190183500678
59,Event_Positive_x_developed,-0.028615681616025
60,Event_Positive_x_developed,-0.0293868916010635
61,Event_Positive_x_developed,-0.0433246739532227
62,Event_Positive_x_developed,0.0365394760128394
63,Event_Positive_x_developed,0.0575420678806269
64,Event_Positive_x_developed,0.000536404094970418
65,Event_Positive_x_developed,0.000869976107967204
66,Event_Positive_x_developed,-0.109371258625572
67,Event_Positive_x_developed,-0.0184114299267415
68,Event_Positive_x_developed,0.00283946372576429
69,Event_Positive_x_developed,0.00449490457642837
70,Event_Positive_x_developed,9.28027645833679e-05
71,Event_Positive_x_developed,0.0031162208774025
72,Event_Positive_x_developed,0.0414447635103925
73,Event_Positive_x_developed,-0.00429025923899543
74,Event_Positive_x_developed,0.0178542373374611
75,Event_Positive_x_developed,0.0421094462398186
76,Event_Positive_x_developed,0.0122603823436072
77,Event_Positive_x_developed,0.0708781713559562
78,Event_Positive_x_developed,0.0415591564895495
79,Event_Positive_x_developed,0.0110705005028435
80,Event_Positive_x_developed,0.0498424144575913
81,Event_Positive_x_developed,-0.0440558358958041
82,Event_Positive_x_developed,0.0526993652380259
83,Event_Positive_x_developed,0.0735470404627886
84,Event_Positive_x_developed,0.00858554883998097
85,Event_Positive_x_developed,-0.0571737701755512
86,Event_Positive_x_developed,0.045073523587667
87,Event_Positive_x_developed,-0.0583453302077479
88,Event_Positive_x_developed,0.00784310585230151
89,Event_Positive_x_developed,-0.0356285687571068
90,Event_Positive_x_developed,0.00422437087686367
91,Event_Positive_x_developed,-0.020448472447758
92,Event_Positive_x_developed,0.0097294545879504
93,Event_Positive_x_developed,0.0098679176105712
94,Event_Positive_x_developed,0.019104031627994
95,Event_Positive_x_developed,-0.0457950486209486
96,Event_Positive_x_developed,-0.000582055379689894
97,Event_Positive_x_developed,0.0282748234570975
98,Event_Positive_x_developed,-0.0629601695784559
99,Event_Positive_x_developed,-0.0648415751952754
100,Event_Positive_x_developed,0.00983450207895117
101,Event_Positive_x_developed,0.00549253838348752
102,Event_Positive_x_developed,0.0408772593452889
103,Event_Positive_x_developed,0.0284189992701117
104,Event_Positive_x_developed,0.00401799153114668
105,Event_Positive_x_developed,0.0594263389027163
106,Event_Positive_x_developed,0.0184797913484049
107,Event_Positive_x_developed,0.065699890026389
108,Event_Positive_x_developed,0.0522232477756822
109,Event_Positive_x_developed,0.0933182469441548
110,Event_Positive_x_developed,-0.0706040736483324
111,Event_Positive_x_developed,-0.0107539575423662
112,Event_Positive_x_developed,0.083750215480477
113,Event_Positive_x_developed,-0.0572782495424566
114,Event_Positive_x_developed,-0.0848249477840068
115,Event_Positive_x_developed,-0.00584712676760979
116,Event_Positive_x_developed,-0.0332417420293041
117,Event_Positive_x_developed,0.0611137425848951
118,Event_Positive_x_developed,-0.0462056771343721
119,Event_Positive_x_developed,0.0669342992372203
120,Event_Positive_x_developed,-0.0189673635315935
121,Event_Positive_x_developed,-0.00892054623999232
122,Event_Positive_x_developed,-0.0241263200071356
123,Event_Positive_x_developed,-0.0213384868979033
124,Event_Positive_x_developed,0.0014364725621284
125,Event_Positive_x_developed,0.0132333897857305
126,Event_Positive_x_developed,-0.0554544654053405
127,Event_Positive_x_developed,0.00130933233612237
128,Event_Positive_x_developed,-0.0175566208673659
129,Event_Positive_x_developed,0.00518348591673754
130,Event_Positive_x_developed,-0.0556113986462221
131,Event_Positive_x_developed,-0.0658988804433587
132,Event_Positive_x_developed,0.0387378888696893
133,Event_Positive_x_developed,0.0947661568108947
134,Event_Positive_x_developed,-0.0237481905449492
135,Event_Positive_x_developed,-0.00921775137592457
136,Event_Positive_x_developed,-0.0396812455012036
137,Event_Positive_x_developed,-0.0106209595154181
138,Event_Positive_x_developed,-0.0270420653543866
139,Event_Positive_x_developed,-0.0236857718635722
140,Event_Positive_x_developed,-0.000574904558729732
141,Event_Positive_x_developed,-0.00598395133945846
142,Event_Positive_x_developed,0.0278795269157435
143,Event_Positive_x_developed,0.0588071934164985
144,Event_Positive_x_developed,0.0405604510320225
145,Event_Positive_x_developed,0.00947530632823192
146,Event_Positive_x_developed,-0.0163652202781888
147,Event_Positive_x_developed,-0.00129658971300155
148,Event_Positive_x_developed,-0.0106708690340339
149,Event_Positive_x_developed,0.0386704643511495
150,Event_Positive_x_developed,-0.00148550220962757
151,Event_Positive_x_developed,0.00106081367995824
152,Event_Positive_x_developed,-0.0436704513431337
153,Event_Positive_x_developed,-0.0858651157252126
154,Event_Positive_x_developed,0.000879942503041045
155,Event_Positive_x_developed,0.0031020660059183
156,Event_Positive_x_developed,-0.0601971678556015
157,Event_Positive_x_developed,0.0111626004867099
158,Event_Positive_x_developed,-0.0142629440787734
159,Event_Positive_x_developed,0.025079788042396
160,Event_Positive_x_developed,0.00682407582033355
161,Event_Positive_x_developed,0.0166320319889943
162,Event_Positive_x_developed,0.0313449324540058
163,Event_Positive_x_developed,0.0546189195640423
164,Event_Positive_x_developed,0.00865687573944193
165,Event_Positive_x_developed,-0.0466693777697745
166,Event_Positive_x_developed,-0.0154109876509872
167,Event_Positive_x_developed,0.0470359338383551
168,Event_Positive_x_developed,-0.00508847351132857
169,Event_Positive_x_developed,0.00816026099266619
170,Event_Positive_x_developed,0.103561617435892
171,Event_Positive_x_developed,0.0390350551286762
172,Event_Positive_x_developed,-0.018859561351909
173,Event_Positive_x_developed,0.0739068841299784
174,Event_Positive_x_developed,0.0375572021085858
175,Event_Positive_x_developed,0.0902388076067023
176,Event_Positive_x_developed,0.0291877340492323
177,Event_Positive_x_developed,-0.0443866773015028
178,Event_Positive_x_developed,-0.0887440425343859
179,Event_Positive_x_developed,0.00578835431284595
180,Event_Positive_x_developed,-0.0242487059867913
181,Event_Positive_x_developed,-0.00372701333877813
182,Event_Positive_x_developed,0.0131221025085544
183,Event_Positive_x_developed,-0.0817661256631188
184,Event_Positive_x_developed,-0.0176577544436284
185,Event_Positive_x_developed,-0.0539090136104335
186,Event_Positive_x_developed,0.00299433487850645
187,Event_Positive_x_developed,0.0246107923640865
188,Event_Positive_x_developed,-0.0329653911339055
189,Event_Positive_x_developed,-0.0843796584718966
190,Event_Positive_x_developed,-0.0448476042063172
191,Event_Positive_x_developed,-0.0300393310662327
192,Event_Positive_x_developed,-0.0115778065098529
193,Event_Positive_x_developed,0.00688450350146888
194,Event_Positive_x_developed,0.046505640076567
195,Event_Positive_x_developed,-0.0336299344130537
196,Event_Positive_x_developed,0.0180050697902949
197,Event_Positive_x_developed,0.0703724352327173
198,Event_Positive_x_developed,0.0070001947675544
199,Event_Positive_x_developed,-0.0153529140040237
200,Event_Positive_x_developed,-0.0919065083223657
201,Event_Positive_x_developed,-0.0124430749053669
202,Event_Positive_x_developed,-0.0473015957889082
203,Event_Positive_x_developed,0.0362409043966253
204,Event_Positive_x_developed,0.0202475845240537
205,Event_Positive_x_developed,0.00464674611800307
206,Event_Positive_x_developed,0.0509661676705356
207,Event_Positive_x_developed,0.00614670181739927
208,Event_Positive_x_developed,0.0178763254532359
209,Event_Positive_x_developed,-0.0214674330970465
210,Event_Positive_x_developed,0.0364281551059067
211,Event_Positive_x_developed,0.0406810196143888
212,Event_Positive_x_developed,-0.0609660775688575
213,Event_Positive_x_developed,0.00116723300527147
214,Event_Positive_x_developed,0.0153906454070298
215,Event_Positive_x_developed,0.0104094170064534
216,Event_Positive_x_developed,0.0540290683297261
217,Event_Positive_x_developed,0.0150175715361344
218,Event_Positive_x_developed,0.0104092701669592
219,Event_Positive_x_developed,0.00362554460928784
220,Event_Positive_x_developed,0.0472914429439762
221,Event_Positive_x_developed,0.00891321611178049
222,Event_Positive_x_developed,0.0155272108782055
223,Event_Positive_x_developed,0.0311023441118449
224,Event_Positive_x_developed,-0.0183037002057982
225,Event_Positive_x_developed,-0.0493285734287006
226,Event_Positive_x_developed,-0.0458434422564263
227,Event_Positive_x_developed,-0.00601568120214494
228,Event_Positive_x_developed,0.00112791659266527
229,Event_Positive_x_developed,-0.0235613165022579
230,Event_Positive_x_developed,0.0105796377269269
231,Event_Positive_x_developed,-0.0174608746702484
232,Event_Positive_x_developed,0.0546006671580265
233,Event_Positive_x_developed,0.0433423492291375
234,Event_Positive_x_developed,0.0772596968459929
235,Event_Positive_x_developed,-0.0347825738708807
236,Event_Positive_x_developed,0.0165352937442705
237,Event_Positive_x_developed,0.0835176757271668
238,Event_Positive_x_developed,0.0236520723232523
239,Event_Positive_x_developed,0.046745151153931
240,Event_Positive_x_developed,-0.0205273822898494
241,Event_Positive_x_developed,0.0335649096343341
242,Event_Positive_x_developed,0.0540250501984413
243,Event_Positive_x_developed,0.0188995694561177
244,Event_Positive_x_developed,0.0085330784394739
245,Event_Positive_x_developed,-0.011840150878851
246,Event_Positive_x_developed,-0.0291143317869572
247,Event_Positive_x_developed,-0.0560688451228346
248,Event_Positive_x_developed,-0.0602241962080955
249,Event_Positive_x_developed,-0.0158148958615115
250,Event_Positive_x_developed,-0.0412402770567699
251,Event_Positive_x_developed,-0.0229685783230289
252,Event_Positive_x_developed,0.0383577678103351
253,Event_Positive_x_developed,-0.0600735007142249
254,Event_Positive_x_developed,-0.0359608708685558
255,Event_Positive_x_developed,0.0273403479697867
256,Event_Positive_x_developed,-0.0230788104829088
257,Event_Positive_x_developed,-0.0113050818529031
258,Event_Positive_x_developed,-0.0694077669089973
259,Event_Positive_x_developed,0.0363478077699249
260,Event_Positive_x_developed,0.0132526108197093
261,Event_Positive_x_developed,0.00838567516452199
262,Event_Positive_x_developed,-0.0243804102827521
263,Event_Positive_x_developed,-0.0276467400082892
264,Event_Positive_x_developed,0.0319057287767343
265,Event_Positive_x_developed,0.0932232397041739
266,Event_Positive_x_developed,0.0350162806769118
267,Event_Positive_x_developed,-0.0314551623499441
268,Event_Positive_x_developed,0.0132167209744947
269,Event_Positive_x_developed,0.0194980233794971
270,Event_Positive_x_developed,-0.0175479088449286
271,Event_Positive_x_developed,-0.0582762248205432
272,Event_Positive_x_developed,0.0382757763724646
273,Event_Positive_x_developed,-0.0201997664390205
274,Event_Positive_x_developed,0.00939520608347453
275,Event_Positive_x_developed,0.0512950574623263
276,Event_Positive_x_developed,0.0175421207916872
277,Event_Positive_x_developed,0.0222590641361255
278,Event_Positive_x_developed,0.0238383924170212
279,Event_Positive_x_developed,0.0271415674090556
280,Event_Positive_x_developed,-0.00256816830703322
281,Event_Positive_x_developed,0.0250389290931528
282,Event_Positive_x_developed,-0.0431904818453726
283,Event_Positive_x_developed,0.0197750801126341
284,Event_Positive_x_developed,-0.0143190460750477
285,Event_Positive_x_developed,0.00895338191391706
286,Event_Positive_x_developed,-0.00365399801175737
287,Event_Positive_x_developed,0.00804619199355366
288,Event_Positive_x_developed,0.078260835318463
289,Event_Positive_x_developed,-0.00666178650693102
290,Event_Positive_x_developed,-0.0225033494843342
291,Event_Positive_x_developed,-0.00897937735909025
292,Event_Positive_x_developed,-0.0506453298572324
293,Event_Positive_x_developed,-0.0596444658381164
294,Event_Positive_x_developed,-0.041861613224358
295,Event_Positive_x_developed,0.0558785808243915
296,Event_Positive_x_developed,0.0133259577608716
297,Event_Positive_x_developed,-3.07982712779873e-05
298,Event_Positive_x_developed,0.0113918161990355
299,Event_Positive_x_developed,-0.01908830921895
300,Event_Positive_x_developed,-0.00324663688284651
301,Event_Positive_x_developed,-0.0340379242353672
302,Event_Positive_x_developed,0.0166280059524715
303,Event_Positive_x_developed,-0.0209348949288427
304,Event_Positive_x_developed,-0.0617283370184687
305,Event_Positive_x_developed,-0.040586445331164
306,Event_Positive_x_developed,-0.0548588735305092
307,Event_Positive_x_developed,-0.00832818819832484
308,Event_Positive_x_developed,-0.0147499972581616
309,Event_Positive_x_developed,0.000587979842021221
310,Event_Positive_x_developed,-0.0341781458299265
311,Event_Positive_x_developed,-0.0225704274461672
312,Event_Positive_x_developed,-0.0614128206314429
313,Event_Positive_x_developed,0.0474393239023287
314,Event_Positive_x_developed,0.049148433326371
315,Event_Positive_x_developed,-0.0671708399978147
316,Event_Positive_x_developed,0.088079935953253
317,Event_Positive_x_developed,-0.0208118423959276
318,Event_Positive_x_developed,-0.0126808472011942
319,Event_Positive_x_developed,-0.0432735281031202
320,Event_Positive_x_developed,-0.02990286648762
321,Event_Positive_x_developed,-0.063478540310236
322,Event_Positive_x_developed,0.0597384950255148
323,Event_Positive_x_developed,0.0636695449790999
324,Event_Positive_x_developed,-0.0339890205425754
325,Event_Positive_x_developed,-0.00270311647078455
326,Event_Positive_x_developed,0.0199370794165296
327,Event_Positive_x_developed,0.00392498975442014
328,Event_Positive_x_developed,0.0243867465991179
329,Event_Positive_x_developed,-0.0781170439526459
330,Event_Positive_x_developed,0.0704471565349743
331,Event_Positive_x_developed,0.0184408921982844
332,Event_Positive_x_developed,-0.0689709853341219
333,Event_Positive_x_developed,-0.0204332478220586
334,Event_Positive_x_developed,0.0288488949245994
335,Event_Positive_x_developed,-0.00502012604574842
336,Event_Positive_x_developed,-0.0473844632386081
337,Event_Positive_x_developed,-0.0182267272584991
338,Event_Positive_x_developed,-0.0071623890416486
339,Event_Positive_x_developed,0.0155096946016162
340,Event_Positive_x_developed,0.0500297261208066
341,Event_Positive_x_developed,0.041138629056109
342,Event_Positive_x_developed,0.00941733913707064
343,Event_Positive_x_developed,0.0665354851593245
344,Event_Positive_x_developed,-0.0788631167145926
345,Event_Positive_x_developed,0.000297996885299563
346,Event_Positive_x_developed,0.0607955445746528
347,Event_Positive_x_developed,-0.0451845361809228
348,Event_Positive_x_developed,-0.0207608222334538
349,Event_Positive_x_developed,-0.0756786692942138
350,Event_Positive_x_developed,-0.0102115458731107
351,Event_Positive_x_developed,-0.0782107248632058
352,Event_Positive_x_developed,-0.00761926415155012
353,Event_Positive_x_developed,0.0163290703203566
354,Event_Positive_x_developed,-0.0345558358676053
355,Event_Positive_x_developed,0.0231643834272118
356,Event_Positive_x_developed,0.000776006988513102
357,Event_Positive_x_developed,-0.0256005865088287
358,Event_Positive_x_developed,-0.0380142261434659
359,Event_Positive_x_developed,-0.0464262604747059
360,Event_Positive_x_developed,0.0227158235918069
361,Event_Positive_x_developed,0.0262284500876178
362,Event_Positive_x_developed,0.0132862406313653
363,Event_Positive_x_developed,0.00597720574108973
364,Event_Positive_x_developed,0.048830790412865
365,Event_Positive_x_developed,-0.0240431263753078
366,Event_Positive_x_developed,0.0507410361505209
367,Event_Positive_x_developed,0.0317170392050169
368,Event_Positive_x_developed,-0.00626809312639202
369,Event_Positive_x_developed,0.0255213333473226
370,Event_Positive_x_developed,-0.0190303690086214
371,Event_Positive_x_developed,-0.00171295234973619
372,Event_Positive_x_developed,0.0412881719474392
373,Event_Positive_x_developed,0.0383518202826129
374,Event_Positive_x_developed,-0.0253889062823801
375,Event_Positive_x_developed,-0.0317402375529696
376,Event_Positive_x_developed,-0.00794700622126557
377,Event_Positive_x_developed,-0.0147057866913929
378,Event_Positive_x_developed,-0.0158578624279343
379,Event_Positive_x_developed,-0.0519294574440315
380,Event_Positive_x_developed,-0.00450976227599555
381,Event_Positive_x_developed,-0.0827400696529681
382,Event_Positive_x_developed,0.00242694249673845
383,Event_Positive_x_developed,-0.0259693425250321
384,Event_Positive_x_developed,-0.0367046911279134
385,Event_Positive_x_developed,0.0841813408143157
386,Event_Positive_x_developed,0.0275446424601447
387,Event_Positive_x_developed,-0.000522843832740694
388,Event_Positive_x_developed,-7.0128280884511e-05
389,Event_Positive_x_developed,-0.00239070934776778
390,Event_Positive_x_developed,0.0556169356940581
391,Event_Positive_x_developed,0.0153905508495606
392,Event_Positive_x_developed,0.00154219403397048
393,Event_Positive_x_developed,-0.0183586106316118
394,Event_Positive_x_developed,0.00325251003113072
395,Event_Positive_x_developed,0.0162433830101751
396,Event_Positive_x_developed,-0.0135733037385769
397,Event_Positive_x_developed,0.0368277816303995
398,Event_Positive_x_developed,0.0413660464789019
399,Event_Positive_x_developed,-0.0512470376732597
400,Event_Positive_x_developed,0.0126087539379782
401,Event_Positive_x_developed,-0.0179536076410186
402,Event_Positive_x_developed,0.0252054411703669
403,Event_Positive_x_developed,0.00472685630230966
404,Event_Positive_x_developed,0.026210796234818
405,Event_Positive_x_developed,0.0255868701155417
406,Event_Positive_x_developed,-0.0410317187650872
407,Event_Positive_x_developed,0.0134021149318356
408,Event_Positive_x_developed,0.0313912763063672
409,Event_Positive_x_developed,0.0711096733921734
410,Event_Positive_x_developed,-0.0101502808802601
411,Event_Positive_x_developed,-0.00534558644584849
412,Event_Positive_x_developed,0.0119887777636987
413,Event_Positive_x_developed,-0.0082549482789776
414,Event_Positive_x_developed,0.0494832072303732
415,Event_Positive_x_developed,-0.0170676027386839
416,Event_Positive_x_developed,-0.00336320414897407
417,Event_Positive_x_developed,-0.0534711907857011
418,Event_Positive_x_developed,0.00823347205116575
419,Event_Positive_x_developed,-0.0404027800338912
420,Event_Positive_x_developed,-0.0774972123938302
421,Event_Positive_x_developed,0.00237486207246904
422,Event_Positive_x_developed,-0.026233131864657
423,Event_Positive_x_developed,0.0259638799390143
424,Event_Positive_x_developed,0.0537680893365479
425,Event_Positive_x_developed,0.0506287109077734
426,Event_Positive_x_developed,-0.0073184051289448
427,Event_Positive_x_developed,-0.0175889164111106
428,Event_Positive_x_developed,0.0104487133482557
429,Event_Positive_x_developed,-0.0749750965529104
430,Event_Positive_x_developed,-0.00568882697189625
431,Event_Positive_x_developed,-0.00634927681734568
432,Event_Positive_x_developed,-0.0010951218708732
433,Event_Positive_x_developed,0.0203474791692069
434,Event_Positive_x_developed,-0.00886169474380935
435,Event_Positive_x_developed,-0.0199711139794619
436,Event_Positive_x_developed,0.00647973067212196
437,Event_Positive_x_developed,0.0475937735969913
438,Event_Positive_x_developed,0.0365746727201806
439,Event_Positive_x_developed,0.0220106671591248
440,Event_Positive_x_developed,0.0153610913915034
441,Event_Positive_x_developed,0.0341502341947108
442,Event_Positive_x_developed,0.00468693392933298
443,Event_Positive_x_developed,-0.0670856733040735
444,Event_Positive_x_developed,0.0335515093014318
445,Event_Positive_x_developed,-0.0264889994776901
446,Event_Positive_x_developed,0.0198641566199559
447,Event_Positive_x_developed,-0.0368189259001923
448,Event_Positive_x_developed,0.0648845497637325
449,Event_Positive_x_developed,-0.0839484033829907
450,Event_Positive_x_developed,0.00708798272918639
451,Event_Positive_x_developed,0.0090889720903415
452,Event_Positive_x_developed,0.0564475596753549
453,Event_Positive_x_developed,-0.0235502314445942
454,Event_Positive_x_developed,-0.0055316540488714
455,Event_Positive_x_developed,0.0287834717551653
456,Event_Positive_x_developed,0.00279148840975193
457,Event_Positive_x_developed,0.0530387125828593
458,Event_Positive_x_developed,0.022094145215665
459,Event_Positive_x_developed,0.037702046027153
460,Event_Positive_x_developed,0.0480816592664815
461,Event_Positive_x_developed,-0.0899869904939203
462,Event_Positive_x_developed,-0.0151521445068269
463,Event_Positive_x_developed,-0.0620680621528391
464,Event_Positive_x_developed,0.00830703212222172
465,Event_Positive_x_developed,0.0155605270446425
466,Event_Positive_x_developed,0.0940264028772922
467,Event_Positive_x_developed,-0.00160821198194792
468,Event_Positive_x_developed,-0.00898272717546243
469,Event_Positive_x_developed,-0.0284222338618811
470,Event_Positive_x_developed,-0.0730315748025214
471,Event_Positive_x_developed,0.037969769975985
472,Event_Positive_x_developed,-0.0456136250837883
473,Event_Positive_x_developed,0.0237446556245662
474,Event_Positive_x_developed,0.0271646620432985
475,Event_Positive_x_developed,-0.0586739412909492
476,Event_Positive_x_developed,0.041664161999791
477,Event_Positive_x_developed,0.0111775989701615
478,Event_Positive_x_developed,0.0951355388808396
479,Event_Positive_x_developed,-0.00378895673662441
480,Event_Positive_x_developed,-0.018265444244706
481,Event_Positive_x_developed,0.0304510405094605
482,Event_Positive_x_developed,0.0282541037965439
483,Event_Positive_x_developed,-0.0110717215034772
484,Event_Positive_x_developed,0.023250032890805
485,Event_Positive_x_developed,0.0322264436907554
486,Event_Positive_x_developed,0.0621517126186971
487,Event_Positive_x_developed,0.00689139903348433
488,Event_Positive_x_developed,0.0577180835337799
489,Event_Positive_x_developed,0.0464087305606284
490,Event_Positive_x_developed,0.0446467120450818
491,Event_Positive_x_developed,0.065614138761677
492,Event_Positive_x_developed,-0.0165362561421137
493,Event_Positive_x_developed,0.01313574084577
494,Event_Positive_x_developed,-0.00241985902837749
495,Event_Positive_x_developed,-0.0111980306505826
496,Event_Positive_x_developed,0.00608071637845887
497,Event_Positive_x_developed,0.0327866304584411
498,Event_Positive_x_developed,0.0326506708166681
499,Event_Positive_x_developed,0.0116607985840241
500,Event_Positive_x_developed,0.0296864471123191
1,Event_Negative_x_developed,-0.0785960593299629
2,Event_Negative_x_developed,0.0327827686054516
3,Event_Negative_x_developed,-0.0601055596064481
4,Event_Negative_x_developed,0.0581226074516276
5,Event_Negative_x_developed,0.0309657920199977
6,Event_Negative_x_developed,0.0827174852301653
7,Event_Negative_x_developed,-0.0374787810704358
8,Event_Negative_x_developed,0.0187046618398318
9,Event_Negative_x_developed,-0.038846807829418
10,Event_Negative_x_developed,-0.0223827587064864
11,Event_Negative_x_developed,0.0466187639807703
12,Event_Negative_x_developed,0.0438207782275334
13,Event_Negative_x_developed,0.0845654918775759
14,Event_Negative_x_developed,0.0130752396691368
15,Event_Negative_x_developed,0.0589937192667003
16,Event_Negative_x_developed,-0.0178403358873649
17,Event_Negative_x_developed,-0.0897916754790846
18,Event_Negative_x_developed,0.026209538469015
19,Event_Negative_x_developed,-0.0552434511680458
20,Event_Negative_x_developed,0.0502693395457172
21,Event_Negative_x_developed,0.0536468410476036
22,Event_Negative_x_developed,-0.00254459887922475
23,Event_Negative_x_developed,0.0849904746157811
24,Event_Negative_x_developed,-0.0318237397878671
25,Event_Negative_x_developed,0.0601190070428551
26,Event_Negative_x_developed,-0.0899077200038688
27,Event_Negative_x_developed,0.0629690788967776
28,Event_Negative_x_developed,-0.00527497031405817
29,Event_Negative_x_developed,-0.0784998384275184
30,Event_Negative_x_developed,-0.128872336350717
31,Event_Negative_x_developed,0.0837090331250499
32,Event_Negative_x_developed,0.0916863949894564
33,Event_Negative_x_developed,0.0859058697109733
34,Event_Negative_x_developed,0.0800009414958922
35,Event_Negative_x_developed,0.0383332446289584
36,Event_Negative_x_developed,0.0264287648707808
37,Event_Negative_x_developed,0.012124275300465
38,Event_Negative_x_developed,0.0359107846936586
39,Event_Negative_x_developed,0.092218162610379
40,Event_Negative_x_developed,0.0410243305286596
41,Event_Negative_x_developed,-0.0318297249168914
42,Event_Negative_x_developed,0.0536043835906927
43,Event_Negative_x_developed,-0.015603733968073
44,Event_Negative_x_developed,0.0308370659490383
45,Event_Negative_x_developed,0.0971322690240064
46,Event_Negative_x_developed,0.0690373177370049
47,Event_Negative_x_developed,0.061854847820889
48,Event_Negative_x_developed,-0.0783388158129435
49,Event_Negative_x_developed,-0.0468338893604441
50,Event_Negative_x_developed,-0.0960623265860008
51,Event_Negative_x_developed,-0.0689553479589289
52,Event_Negative_x_developed,-0.0491015225787546
53,Event_Negative_x_developed,0.0746588522977379
54,Event_Negative_x_developed,0.0519475052877247
55,Event_Negative_x_developed,0.0948008855702241
56,Event_Negative_x_developed,-0.00634573675207178
57,Event_Negative_x_developed,0.0789618592610745
58,Event_Negative_x_developed,0.014578455542027
59,Event_Negative_x_developed,-0.0500774295422909
60,Event_Negative_x_developed,0.0175729963966317
61,Event_Negative_x_developed,0.0261475629383887
62,Event_Negative_x_developed,0.0317673759151052
63,Event_Negative_x_developed,0.0690561731432273
64,Event_Negative_x_developed,0.0844237759538364
65,Event_Negative_x_developed,0.0110944132269709
66,Event_Negative_x_developed,-0.061308071928267
67,Event_Negative_x_developed,0.0361203280919698
68,Event_Negative_x_developed,0.0987896079646583
69,Event_Negative_x_developed,0.0776608457624874
70,Event_Negative_x_developed,0.0766699584027788
71,Event_Negative_x_developed,0.0797649976748897
72,Event_Negative_x_developed,0.0171514892577692
73,Event_Negative_x_developed,0.0884779504868055
74,Event_Negative_x_developed,0.0678800376629957
75,Event_Negative_x_developed,0.0835099027659022
76,Event_Negative_x_developed,0.0806805683856199
77,Event_Negative_x_developed,0.0306643506033082
78,Event_Negative_x_developed,0.0953448456255989
79,Event_Negative_x_developed,0.0670238913464507
80,Event_Negative_x_developed,0.0813990511719692
81,Event_Negative_x_developed,0.0749390120661426
82,Event_Negative_x_developed,0.0527399926519034
83,Event_Negative_x_developed,0.0668035817531299
84,Event_Negative_x_developed,0.0168986699056943
85,Event_Negative_x_developed,0.0376516632687051
86,Event_Negative_x_developed,0.0328458628658129
87,Event_Negative_x_developed,-0.0780450607809884
88,Event_Negative_x_developed,0.069910728650378
89,Event_Negative_x_developed,-0.0474762976991007
90,Event_Negative_x_developed,0.0613853400656861
91,Event_Negative_x_developed,-0.0263863861953525
92,Event_Negative_x_developed,0.0657017982031827
93,Event_Negative_x_developed,0.0461785752252432
94,Event_Negative_x_developed,0.0492792249058001
95,Event_Negative_x_developed,-0.00917577964970791
96,Event_Negative_x_developed,0.0925046349702582
97,Event_Negative_x_developed,0.0432331558967019
98,Event_Negative_x_developed,-0.0691229277382437
99,Event_Negative_x_developed,-0.0701337878772297
100,Event_Negative_x_developed,0.0949941896381645
101,Event_Negative_x_developed,0.0900177460311683
102,Event_Negative_x_developed,0.0604523452410903
103,Event_Negative_x_developed,0.0788250271088986
104,Event_Negative_x_developed,0.081187875562929
105,Event_Negative_x_developed,0.0162929325278487
106,Event_Negative_x_developed,0.00190773054434162
107,Event_Negative_x_developed,0.0555720880314988
108,Event_Negative_x_developed,0.0504324047381658
109,Event_Negative_x_developed,0.0343180981200312
110,Event_Negative_x_developed,-0.0721606100416338
111,Event_Negative_x_developed,0.0473494969501807
112,Event_Negative_x_developed,0.0199530191921384
113,Event_Negative_x_developed,-0.0850795765344703
114,Event_Negative_x_developed,-0.075220210504608
115,Event_Negative_x_developed,0.0671812844601884
116,Event_Negative_x_developed,-0.0638891496423613
117,Event_Negative_x_developed,0.0375976651884989
118,Event_Negative_x_developed,-0.0459606043297157
119,Event_Negative_x_developed,0.0318564865017874
120,Event_Negative_x_developed,0.0977639538038373
121,Event_Negative_x_developed,0.0450157071152565
122,Event_Negative_x_developed,0.0282013690089364
123,Event_Negative_x_developed,0.05760023183604
124,Event_Negative_x_developed,0.0870718478267748
125,Event_Negative_x_developed,0.0808922729566906
126,Event_Negative_x_developed,-0.0970506583226016
127,Event_Negative_x_developed,0.0489454920606395
128,Event_Negative_x_developed,0.105555601316309
129,Event_Negative_x_developed,0.060830336679718
130,Event_Negative_x_developed,-0.0729626103479345
131,Event_Negative_x_developed,-0.0350091746095515
132,Event_Negative_x_developed,0.0692935186692193
133,Event_Negative_x_developed,0.019488955279151
134,Event_Negative_x_developed,-0.000442693465001703
135,Event_Negative_x_developed,0.103593316956304
136,Event_Negative_x_developed,-0.0628932999098376
137,Event_Negative_x_developed,0.0507753130017989
138,Event_Negative_x_developed,-0.0493823625821066
139,Event_Negative_x_developed,-0.0770110899472962
140,Event_Negative_x_developed,0.0225444847789396
141,Event_Negative_x_developed,0.0628847927207775
142,Event_Negative_x_developed,0.0785326136326821
143,Event_Negative_x_developed,0.00412168571882862
144,Event_Negative_x_developed,-0.0187031728350398
145,Event_Negative_x_developed,0.0580852247190091
146,Event_Negative_x_developed,0.0384367951219996
147,Event_Negative_x_developed,0.0739464602352981
148,Event_Negative_x_developed,0.0265871474894138
149,Event_Negative_x_developed,0.0285688718609571
150,Event_Negative_x_developed,0.113859583861459
151,Event_Negative_x_developed,0.0952514072669918
152,Event_Negative_x_developed,-0.0724314756564835
153,Event_Negative_x_developed,0.014845717323743
154,Event_Negative_x_developed,0.072089862261956
155,Event_Negative_x_developed,0.116586445488007
156,Event_Negative_x_developed,-0.0777467261904354
157,Event_Negative_x_developed,0.0893846623519737
158,Event_Negative_x_developed,0.013170635883713
159,Event_Negative_x_developed,0.0390127926824344
160,Event_Negative_x_developed,0.106858157542455
161,Event_Negative_x_developed,0.0827634682367966
162,Event_Negative_x_developed,0.0918383142567133
163,Event_Negative_x_developed,0.0520813652514327
164,Event_Negative_x_developed,0.055563040364129
165,Event_Negative_x_developed,-0.0599947395863697
166,Event_Negative_x_developed,0.0175757863443424
167,Event_Negative_x_developed,0.011006788909023
168,Event_Negative_x_developed,0.0646947839169736
169,Event_Negative_x_developed,0.0373715986505574
170,Event_Negative_x_developed,0.0721844076990758
171,Event_Negative_x_developed,0.0760312239548227
172,Event_Negative_x_developed,0.0709867688380819
173,Event_Negative_x_developed,0.0402245011070511
174,Event_Negative_x_developed,0.0728160254248582
175,Event_Negative_x_developed,0.0586660524940811
176,Event_Negative_x_developed,0.0874029964347547
177,Event_Negative_x_developed,-0.0497687436434515
178,Event_Negative_x_developed,-0.0783335739932965
179,Event_Negative_x_developed,0.0436128522945808
180,Event_Negative_x_developed,0.110631015986345
181,Event_Negative_x_developed,-0.0321304626817323
182,Event_Negative_x_developed,-0.048005549217293
183,Event_Negative_x_developed,-0.0654290325636206
184,Event_Negative_x_developed,-0.085381807604372
185,Event_Negative_x_developed,-0.0344763393405442
186,Event_Negative_x_developed,0.0826322337438652
187,Event_Negative_x_developed,0.0832116804141664
188,Event_Negative_x_developed,0.0304562519841933
189,Event_Negative_x_developed,-0.0445140940186956
190,Event_Negative_x_developed,-0.0599039470523359
191,Event_Negative_x_developed,0.0378664610727096
192,Event_Negative_x_developed,0.0840177559554718
193,Event_Negative_x_developed,0.0307970463765113
194,Event_Negative_x_developed,0.0533835513444504
195,Event_Negative_x_developed,-0.020353098136551
196,Event_Negative_x_developed,0.106357466269528
197,Event_Negative_x_developed,0.0463158295126829
198,Event_Negative_x_developed,0.0241032946148081
199,Event_Negative_x_developed,0.0962441656146953
200,Event_Negative_x_developed,-0.0690375231496318
201,Event_Negative_x_developed,0.0736374968292529
202,Event_Negative_x_developed,-0.0294325090952756
203,Event_Negative_x_developed,0.0199294793675687
204,Event_Negative_x_developed,0.0725825670145279
205,Event_Negative_x_developed,0.0715496490024728
206,Event_Negative_x_developed,0.0890844348670382
207,Event_Negative_x_developed,0.0999022398467321
208,Event_Negative_x_developed,0.0562351854606461
209,Event_Negative_x_developed,-0.0272433307795472
210,Event_Negative_x_developed,0.0363162044637542
211,Event_Negative_x_developed,0.0571258928908034
212,Event_Negative_x_developed,-0.0176043614172012
213,Event_Negative_x_developed,-0.0459506349860615
214,Event_Negative_x_developed,0.0857684344761025
215,Event_Negative_x_developed,0.0831874833754975
216,Event_Negative_x_developed,0.0147003087232049
217,Event_Negative_x_developed,0.0780106545756579
218,Event_Negative_x_developed,0.0347583911623354
219,Event_Negative_x_developed,0.0359096358924099
220,Event_Negative_x_developed,-0.040155840933856
221,Event_Negative_x_developed,0.089878941979441
222,Event_Negative_x_developed,0.0210661847629862
223,Event_Negative_x_developed,0.0235197646110903
224,Event_Negative_x_developed,-0.0934111837734941
225,Event_Negative_x_developed,-0.0629526899042427
226,Event_Negative_x_developed,-0.0658136093289414
227,Event_Negative_x_developed,-0.053809780113296
228,Event_Negative_x_developed,0.0468540044466884
229,Event_Negative_x_developed,0.0615799332914931
230,Event_Negative_x_developed,0.0570253554287411
231,Event_Negative_x_developed,0.0465582084227502
232,Event_Negative_x_developed,0.0346880797906149
233,Event_Negative_x_developed,0.00652254217512095
234,Event_Negative_x_developed,0.0517539062637543
235,Event_Negative_x_developed,-0.0637562305875762
236,Event_Negative_x_developed,0.0719936513164395
237,Event_Negative_x_developed,0.0474487792619237
238,Event_Negative_x_developed,0.111382804286572
239,Event_Negative_x_developed,0.0358974210351268
240,Event_Negative_x_developed,0.0799416736909161
241,Event_Negative_x_developed,-0.086313563826345
242,Event_Negative_x_developed,0.0787503858710352
243,Event_Negative_x_developed,0.0779675713758163
244,Event_Negative_x_developed,0.0329432514213452
245,Event_Negative_x_developed,0.0703660239215698
246,Event_Negative_x_developed,0.0950055722280703
247,Event_Negative_x_developed,-0.0870729809507368
248,Event_Negative_x_developed,-0.00579690007758422
249,Event_Negative_x_developed,0.0887491887899605
250,Event_Negative_x_developed,0.0337557794538926
251,Event_Negative_x_developed,0.103965344018731
252,Event_Negative_x_developed,0.0657326211600674
253,Event_Negative_x_developed,-0.074461084026776
254,Event_Negative_x_developed,-0.0354197253121749
255,Event_Negative_x_developed,0.04252890512745
256,Event_Negative_x_developed,-0.029789990507864
257,Event_Negative_x_developed,0.0747707452963814
258,Event_Negative_x_developed,-0.0334206863462425
259,Event_Negative_x_developed,0.0499593692075103
260,Event_Negative_x_developed,0.0798070241337122
261,Event_Negative_x_developed,0.0397053240476391
262,Event_Negative_x_developed,0.0229983824845175
263,Event_Negative_x_developed,0.0952636935257288
264,Event_Negative_x_developed,-0.0289078189247128
265,Event_Negative_x_developed,0.082083629490098
266,Event_Negative_x_developed,0.0691590625239751
267,Event_Negative_x_developed,0.0599881930867465
268,Event_Negative_x_developed,0.0537788682134873
269,Event_Negative_x_developed,0.121675215837014
270,Event_Negative_x_developed,0.0784285443902562
271,Event_Negative_x_developed,-0.082152757234942
272,Event_Negative_x_developed,0.0884502424024076
273,Event_Negative_x_developed,-0.090326302416792
274,Event_Negative_x_developed,0.0739825615778308
275,Event_Negative_x_developed,0.0715357614412961
276,Event_Negative_x_developed,0.0659645769894701
277,Event_Negative_x_developed,0.00250830203001216
278,Event_Negative_x_developed,0.0708663461058992
279,Event_Negative_x_developed,-0.00206056445628131
280,Event_Negative_x_developed,0.0166784481367311
281,Event_Negative_x_developed,0.0709700660790622
282,Event_Negative_x_developed,-0.0481550596397166
283,Event_Negative_x_developed,0.0741966472102549
284,Event_Negative_x_developed,0.0890500491409506
285,Event_Negative_x_developed,-0.0801336314066016
286,Event_Negative_x_developed,0.0671708905925313
287,Event_Negative_x_developed,0.0814701847412444
288,Event_Negative_x_developed,0.0781799663752772
289,Event_Negative_x_developed,0.00943912923047642
290,Event_Negative_x_developed,0.100054254109032
291,Event_Negative_x_developed,0.0716862608168788
292,Event_Negative_x_developed,0.00677987091387446
293,Event_Negative_x_developed,-0.0453655836401812
294,Event_Negative_x_developed,0.0913594601184275
295,Event_Negative_x_developed,0.0839900782795407
296,Event_Negative_x_developed,0.0105457372451669
297,Event_Negative_x_developed,-0.0155653043893736
298,Event_Negative_x_developed,0.0997626414340072
299,Event_Negative_x_developed,-0.0340663374570919
300,Event_Negative_x_developed,0.0785350979554474
301,Event_Negative_x_developed,-0.0335442753836244
302,Event_Negative_x_developed,0.0586290838870812
303,Event_Negative_x_developed,0.0625561293303143
304,Event_Negative_x_developed,-0.0705003323494937
305,Event_Negative_x_developed,0.0297182704772353
306,Event_Negative_x_developed,-0.0334408429963327
307,Event_Negative_x_developed,0.0515938813096576
308,Event_Negative_x_developed,0.0286334501940214
309,Event_Negative_x_developed,0.0132424177780569
310,Event_Negative_x_developed,0.0432743600401753
311,Event_Negative_x_developed,0.0699296729408478
312,Event_Negative_x_developed,-0.0371183070804523
313,Event_Negative_x_developed,0.00564237968594857
314,Event_Negative_x_developed,0.0241156841532888
315,Event_Negative_x_developed,-0.0799112397289802
316,Event_Negative_x_developed,0.0444040127238743
317,Event_Negative_x_developed,-0.0649967862871345
318,Event_Negative_x_developed,0.0695738895716875
319,Event_Negative_x_developed,-0.116631542138361
320,Event_Negative_x_developed,-0.0433467329320116
321,Event_Negative_x_developed,-0.0924687555146897
322,Event_Negative_x_developed,0.104886853847429
323,Event_Negative_x_developed,0.0351767154114462
324,Event_Negative_x_developed,0.0279388266342228
325,Event_Negative_x_developed,0.0504885713870633
326,Event_Negative_x_developed,0.125932648891084
327,Event_Negative_x_developed,0.0466625407104973
328,Event_Negative_x_developed,-0.0498746559169648
329,Event_Negative_x_developed,-0.0987792207327075
330,Event_Negative_x_developed,0.000711380369308692
331,Event_Negative_x_developed,0.0913383567910256
332,Event_Negative_x_developed,-0.0719760520768358
333,Event_Negative_x_developed,-0.0177822391327236
334,Event_Negative_x_developed,0.0543057529806427
335,Event_Negative_x_developed,0.0534486887837636
336,Event_Negative_x_developed,0.0205774493119754
337,Event_Negative_x_developed,-0.078980463725729
338,Event_Negative_x_developed,-0.00460727373146246
339,Event_Negative_x_developed,0.0802186186847197
340,Event_Negative_x_developed,0.000796170121861705
341,Event_Negative_x_developed,0.0778146040078505
342,Event_Negative_x_developed,0.0723000709185013
343,Event_Negative_x_developed,0.0558982794864822
344,Event_Negative_x_developed,-0.076845890896638
345,Event_Negative_x_developed,-0.071578998386406
346,Event_Negative_x_developed,0.0653122863990661
347,Event_Negative_x_developed,-0.0583097332691555
348,Event_Negative_x_developed,0.0562605708716163
349,Event_Negative_x_developed,-0.0491960064948966
350,Event_Negative_x_developed,0.0716379403857273
351,Event_Negative_x_developed,-0.0597753472285015
352,Event_Negative_x_developed,0.110330644201627
353,Event_Negative_x_developed,0.0673177299398479
354,Event_Negative_x_developed,-0.0650497755301612
355,Event_Negative_x_developed,0.0539924513636286
356,Event_Negative_x_developed,0.0754352945607895
357,Event_Negative_x_developed,-0.0674199498146818
358,Event_Negative_x_developed,-0.0530976360132904
359,Event_Negative_x_developed,-0.0317154615994174
360,Event_Negative_x_developed,0.0589453333656001
361,Event_Negative_x_developed,0.104908844145443
362,Event_Negative_x_developed,-0.0608608406402054
363,Event_Negative_x_developed,0.102084571461854
364,Event_Negative_x_developed,0.0637097018563771
365,Event_Negative_x_developed,0.0518783933826398
366,Event_Negative_x_developed,0.0750479298189531
367,Event_Negative_x_developed,0.0502078500250214
368,Event_Negative_x_developed,0.0361083543327454
369,Event_Negative_x_developed,0.0505065066942352
370,Event_Negative_x_developed,0.0743802493530142
371,Event_Negative_x_developed,0.0791845559460763
372,Event_Negative_x_developed,-0.00550204326930048
373,Event_Negative_x_developed,0.0693485846590635
374,Event_Negative_x_developed,0.0721461134515389
375,Event_Negative_x_developed,0.0649545474484082
376,Event_Negative_x_developed,0.107260452735201
377,Event_Negative_x_developed,-0.0421291236753266
378,Event_Negative_x_developed,0.0742150761721191
379,Event_Negative_x_developed,-0.0688067968467741
380,Event_Negative_x_developed,0.0327955135446691
381,Event_Negative_x_developed,-0.026141479417546
382,Event_Negative_x_developed,-0.145510340587274
383,Event_Negative_x_developed,-0.0925729450991824
384,Event_Negative_x_developed,-0.0601341727323963
385,Event_Negative_x_developed,-0.0302042198861848
386,Event_Negative_x_developed,0.0910175943203967
387,Event_Negative_x_developed,0.01954177796423
388,Event_Negative_x_developed,0.0350335876480657
389,Event_Negative_x_developed,0.0455525795806113
390,Event_Negative_x_developed,0.00639414983842517
391,Event_Negative_x_developed,0.0804112893770529
392,Event_Negative_x_developed,0.0842401216003128
393,Event_Negative_x_developed,-0.0290396221053891
394,Event_Negative_x_developed,0.0804780348568419
395,Event_Negative_x_developed,0.0245057213568446
396,Event_Negative_x_developed,0.0664952465333121
397,Event_Negative_x_developed,0.00672158457719862
398,Event_Negative_x_developed,0.0521949194715032
399,Event_Negative_x_developed,-0.0641777968538739
400,Event_Negative_x_developed,0.0537350238319116
401,Event_Negative_x_developed,0.0463218503759919
402,Event_Negative_x_developed,-0.0593398843011742
403,Event_Negative_x_developed,0.0381030067412844
404,Event_Negative_x_developed,0.0384397052973609
405,Event_Negative_x_developed,0.0693643554258303
406,Event_Negative_x_developed,-0.0369995412488391
407,Event_Negative_x_developed,0.0829891126673812
408,Event_Negative_x_developed,0.111112119784921
409,Event_Negative_x_developed,-0.0455621484065614
410,Event_Negative_x_developed,0.00767378211929461
411,Event_Negative_x_developed,0.128933588874526
412,Event_Negative_x_developed,0.0640032439012516
413,Event_Negative_x_developed,0.0862119458207008
414,Event_Negative_x_developed,0.0675533961070977
415,Event_Negative_x_developed,0.0366028505026208
416,Event_Negative_x_developed,0.122514371565788
417,Event_Negative_x_developed,-0.0567628425937057
418,Event_Negative_x_developed,0.0796011616774794
419,Event_Negative_x_developed,-0.0429392004032832
420,Event_Negative_x_developed,-0.0601937714301462
421,Event_Negative_x_developed,0.089454520518796
422,Event_Negative_x_developed,-0.0493524945723398
423,Event_Negative_x_developed,0.11009642005497
424,Event_Negative_x_developed,0.0722379377376969
425,Event_Negative_x_developed,0.0656490801427773
426,Event_Negative_x_developed,0.0648486280156537
427,Event_Negative_x_developed,0.12687939371831
428,Event_Negative_x_developed,0.0487314790172171
429,Event_Negative_x_developed,-0.0586320386952506
430,Event_Negative_x_developed,0.00632759626857487
431,Event_Negative_x_developed,-0.0813030522512177
432,Event_Negative_x_developed,0.0395046677226744
433,Event_Negative_x_developed,0.0822643956691466
434,Event_Negative_x_developed,0.0700375314181957
435,Event_Negative_x_developed,0.0569115750087494
436,Event_Negative_x_developed,0.0767918141410397
437,Event_Negative_x_developed,0.0860227223020176
438,Event_Negative_x_developed,0.0349154630277717
439,Event_Negative_x_developed,-0.00135382279443216
440,Event_Negative_x_developed,0.00453852652472381
441,Event_Negative_x_developed,0.0686904612400083
442,Event_Negative_x_developed,0.058272529777304
443,Event_Negative_x_developed,-0.0423453819211282
444,Event_Negative_x_developed,0.0106452853920308
445,Event_Negative_x_developed,0.0263426716551543
446,Event_Negative_x_developed,0.0522746091070568
447,Event_Negative_x_developed,0.0189341442816495
448,Event_Negative_x_developed,0.0518252772425895
449,Event_Negative_x_developed,-0.0817661949060284
450,Event_Negative_x_developed,0.0218789515214517
451,Event_Negative_x_developed,0.0624206656667228
452,Event_Negative_x_developed,0.0609368067641832
453,Event_Negative_x_developed,0.073082013725563
454,Event_Negative_x_developed,-0.0958429089367663
455,Event_Negative_x_developed,-0.0132867175275461
456,Event_Negative_x_developed,-0.0794045818213072
457,Event_Negative_x_developed,0.0749659584308413
458,Event_Negative_x_developed,0.0669417012200462
459,Event_Negative_x_developed,-0.0656455715696129
460,Event_Negative_x_developed,0.0452496158740019
461,Event_Negative_x_developed,-0.0960995935615036
462,Event_Negative_x_developed,-0.0603753925406581
463,Event_Negative_x_developed,-0.0296511911290866
464,Event_Negative_x_developed,0.0267814304812225
465,Event_Negative_x_developed,-0.000716720384317963
466,Event_Negative_x_developed,0.0589639138816737
467,Event_Negative_x_developed,0.060186037619567
468,Event_Negative_x_developed,0.0557771470251839
469,Event_Negative_x_developed,-0.000670931052493477
470,Event_Negative_x_developed,-0.019903891122649
471,Event_Negative_x_developed,-0.0503788096567759
472,Event_Negative_x_developed,-0.02069336304477
473,Event_Negative_x_developed,0.0731477689452454
474,Event_Negative_x_developed,0.109564018010976
475,Event_Negative_x_developed,-0.0623853251451203
476,Event_Negative_x_developed,0.0496791126771025
477,Event_Negative_x_developed,0.0420519713360113
478,Event_Negative_x_developed,0.0397273189626578
479,Event_Negative_x_developed,0.0242005267114726
480,Event_Negative_x_developed,0.0757990782478294
481,Event_Negative_x_developed,-0.0256621099196974
482,Event_Negative_x_developed,0.0447714474151628
483,Event_Negative_x_developed,0.0631496354753074
484,Event_Negative_x_developed,0.0404645112511429
485,Event_Negative_x_developed,0.0647932303774963
486,Event_Negative_x_developed,0.0651418358567549
487,Event_Negative_x_developed,0.066211448991549
488,Event_Negative_x_developed,0.0437488087133696
489,Event_Negative_x_developed,-0.0849590634687354
490,Event_Negative_x_developed,0.0584851876263593
491,Event_Negative_x_developed,0.0253724781909265
492,Event_Negative_x_developed,-0.0460365835138373
493,Event_Negative_x_developed,0.0032278840685074
494,Event_Negative_x_developed,0.00402586040697764
495,Event_Negative_x_developed,0.0658206659302733
496,Event_Negative_x_developed,0.0517998699562828
497,Event_Negative_x_developed,0.0675306503737148
498,Event_Negative_x_developed,0.0805057788221714
499,Event_Negative_x_developed,0.0263861965979868
500,Event_Negative_x_developed,-0.0195832270039436
