db,country,event_date,event_name,category_4,post_month,baseline,shock
GDELT,Australia,2003-10-01,State visit to Australia,Chinese outbound visit,0,2.317079736352311,-0.2747562900319349
GDELT,Australia,2003-10-01,State visit to Australia,Chinese outbound visit,1,2.317079736352311,-1.51938564459889
GDELT,Australia,2003-10-01,State visit to Australia,Chinese outbound visit,2,2.317079736352311,-0.06618045032277609
GDELT,Australia,2003-10-01,State visit to Australia,Chinese outbound visit,3,2.317079736352311,0.42364806224282736
GDELT,Australia,2003-10-01,State visit to Australia,Chinese outbound visit,6,2.317079736352311,0.20657575763809133
GDELT,Australia,2003-10-01,State visit to Australia,Chinese outbound visit,12,2.317079736352311,-2.985676322316197
GDELT,Australia,2005-04-01,Official visit to China,Partner inbound visit,0,2.132152489119223,0.2760843459718014
GDELT,Australia,2005-04-01,Official visit to China,Partner inbound visit,1,2.132152489119223,-0.502135881388238
GDELT,Australia,2005-04-01,Official visit to China,Partner inbound visit,2,2.132152489119223,-2.238804802870174
GDELT,Australia,2005-04-01,Official visit to China,Partner inbound visit,3,2.132152489119223,-0.5942555219045005
GDELT,Australia,2005-04-01,Official visit to China,Partner inbound visit,6,2.132152489119223,-0.7670387000793379
GDELT,Australia,2005-04-01,Official visit to China,Partner inbound visit,12,2.132152489119223,-1.6869489249912757
GDELT,Australia,2006-04-01,Official visit to Australia,Chinese outbound visit,0,2.1817530385922597,-1.7365494744643124
GDELT,Australia,2006-04-01,Official visit to Australia,Chinese outbound visit,1,2.1817530385922597,0.31692686331904074
GDELT,Australia,2006-04-01,Official visit to Australia,Chinese outbound visit,2,2.1817530385922597,-0.812639850507648
GDELT,Australia,2006-04-01,Official visit to Australia,Chinese outbound visit,3,2.1817530385922597,0.7576888714118075
GDELT,Australia,2006-04-01,Official visit to Australia,Chinese outbound visit,6,2.1817530385922597,1.032351140551218
GDELT,Australia,2006-04-01,Official visit to Australia,Chinese outbound visit,12,2.1817530385922597,-0.7788647734967347
GDELT,Australia,2007-09-01,Bilateral meeting on sidelines of APEC summit,Third-party meeting,0,0.24332288883993117,2.1841375780265557
GDELT,Australia,2007-09-01,Bilateral meeting on sidelines of APEC summit,Third-party meeting,1,0.24332288883993117,0.756053632121492
GDELT,Australia,2007-09-01,Bilateral meeting on sidelines of APEC summit,Third-party meeting,2,0.24332288883993117,1.3661456040027595
GDELT,Australia,2007-09-01,Bilateral meeting on sidelines of APEC summit,Third-party meeting,3,0.24332288883993117,1.1252229601543615
GDELT,Australia,2007-09-01,Bilateral meeting on sidelines of APEC summit,Third-party meeting,6,0.24332288883993117,-1.0605551762315055
GDELT,Australia,2007-09-01,Bilateral meeting on sidelines of APEC summit,Third-party meeting,12,0.24332288883993117,1.0266639153969905
GDELT,Australia,2008-04-01,Rudd at PKU,Third-party meeting,0,0.47586897034914283,0.22999378185775637
GDELT,Australia,2008-04-01,Rudd at PKU,Third-party meeting,1,0.47586897034914283,0.40018300964755643
GDELT,Australia,2008-04-01,Rudd at PKU,Third-party meeting,2,0.47586897034914283,0.41099726708909995
GDELT,Australia,2008-04-01,Rudd at PKU,Third-party meeting,3,0.47586897034914283,-0.05263105901586873
GDELT,Australia,2008-04-01,Rudd at PKU,Third-party meeting,6,0.47586897034914283,0.76762594081877
GDELT,Australia,2008-04-01,Rudd at PKU,Third-party meeting,12,0.47586897034914283,1.2986854298735888
GDELT,Australia,2009-11-01,Bilateral meeting on sidelines of APEC summit,Third-party meeting,0,1.0602341849030612,0.5839956423149031
GDELT,Australia,2009-11-01,Bilateral meeting on sidelines of APEC summit,Third-party meeting,1,1.0602341849030612,-0.6013028498213604
GDELT,Australia,2009-11-01,Bilateral meeting on sidelines of APEC summit,Third-party meeting,2,1.0602341849030612,-0.6808377056180213
GDELT,Australia,2009-11-01,Bilateral meeting on sidelines of APEC summit,Third-party meeting,3,1.0602341849030612,-0.19986090138966972
GDELT,Australia,2009-11-01,Bilateral meeting on sidelines of APEC summit,Third-party meeting,6,1.0602341849030612,-0.572022009181973
GDELT,Australia,2009-11-01,Bilateral meeting on sidelines of APEC summit,Third-party meeting,12,1.0602341849030612,0.01729745490653989
GDELT,Australia,2011-04-01,Official visit to China,Partner inbound visit,0,1.1146997201381794,1.038339775320117
GDELT,Australia,2011-04-01,Official visit to China,Partner inbound visit,1,1.1146997201381794,-0.28094081589141706
GDELT,Australia,2011-04-01,Official visit to China,Partner inbound visit,2,1.1146997201381794,0.4164236455506838
GDELT,Australia,2011-04-01,Official visit to China,Partner inbound visit,3,1.1146997201381794,0.35483958434767504
GDELT,Australia,2011-04-01,Official visit to China,Partner inbound visit,6,1.1146997201381794,-0.5265384937259558
GDELT,Australia,2011-04-01,Official visit to China,Partner inbound visit,12,1.1146997201381794,-0.8614176356673362
GDELT,Australia,2012-09-01,Bilateral meeting on sidelines of APEC summit,Third-party meeting,0,0.8036399256086278,-0.29434057292503313
GDELT,Australia,2012-09-01,Bilateral meeting on sidelines of APEC summit,Third-party meeting,1,0.8036399256086278,0.571229797986233
GDELT,Australia,2012-09-01,Bilateral meeting on sidelines of APEC summit,Third-party meeting,2,0.8036399256086278,0.42428209393085303
GDELT,Australia,2012-09-01,Bilateral meeting on sidelines of APEC summit,Third-party meeting,3,0.8036399256086278,0.5568285415313744
GDELT,Australia,2012-09-01,Bilateral meeting on sidelines of APEC summit,Third-party meeting,6,0.8036399256086278,0.3306182923294442
GDELT,Australia,2012-09-01,Bilateral meeting on sidelines of APEC summit,Third-party meeting,12,0.8036399256086278,1.0444731847647675
GDELT,Australia,2013-04-01,Official visit to China,Partner inbound visit,0,0.8128837420747163,1.6559819659892514
GDELT,Australia,2013-04-01,Official visit to China,Partner inbound visit,1,0.8128837420747163,0.6847957410941928
GDELT,Australia,2013-04-01,Official visit to China,Partner inbound visit,2,0.8128837420747163,0.6560671112902193
GDELT,Australia,2013-04-01,Official visit to China,Partner inbound visit,3,0.8128837420747163,0.6160917599366597
GDELT,Australia,2013-04-01,Official visit to China,Partner inbound visit,6,0.8128837420747163,0.5843595351607126
GDELT,Australia,2013-04-01,Official visit to China,Partner inbound visit,12,0.8128837420747163,0.42899994720887535
GDELT,Australia,2013-10-01,Bilateral meeting on sidelines of APEC summit,Third-party meeting,0,1.6054741326392574,-0.20823085540382857
GDELT,Australia,2013-10-01,Bilateral meeting on sidelines of APEC summit,Third-party meeting,1,1.6054741326392574,-0.6331522225850982
GDELT,Australia,2013-10-01,Bilateral meeting on sidelines of APEC summit,Third-party meeting,2,1.6054741326392574,0.1971935380704095
GDELT,Australia,2013-10-01,Bilateral meeting on sidelines of APEC summit,Third-party meeting,3,1.6054741326392574,0.3869151364867647
GDELT,Australia,2013-10-01,Bilateral meeting on sidelines of APEC summit,Third-party meeting,6,1.6054741326392574,-0.3635904433556658
GDELT,Australia,2013-10-01,Bilateral meeting on sidelines of APEC summit,Third-party meeting,12,1.6054741326392574,-0.46467549210137293
GDELT,Australia,2014-11-01,State visit to Australia,Chinese outbound visit,0,0.9401407755654023,0.873469356546065
GDELT,Australia,2014-11-01,State visit to Australia,Chinese outbound visit,1,0.9401407755654023,-0.26119105415047694
GDELT,Australia,2014-11-01,State visit to Australia,Chinese outbound visit,2,0.9401407755654023,0.008685212402365083
GDELT,Australia,2014-11-01,State visit to Australia,Chinese outbound visit,3,0.9401407755654023,0.7994536288667642
GDELT,Australia,2014-11-01,State visit to Australia,Chinese outbound visit,6,0.9401407755654023,0.39379483553760974
GDELT,Australia,2014-11-01,State visit to Australia,Chinese outbound visit,12,0.9401407755654023,0.5201914286353759
GDELT,Australia,2016-04-01,Official visit to China,Partner inbound visit,0,0.7566478231699593,0.033925159384811665
GDELT,Australia,2016-04-01,Official visit to China,Partner inbound visit,1,0.7566478231699593,0.5660156210128223
GDELT,Australia,2016-04-01,Official visit to China,Partner inbound visit,2,0.7566478231699593,-0.10409112439303969
GDELT,Australia,2016-04-01,Official visit to China,Partner inbound visit,3,0.7566478231699593,-0.11691153074987726
GDELT,Australia,2016-04-01,Official visit to China,Partner inbound visit,6,0.7566478231699593,-1.1600800652986343
GDELT,Australia,2016-04-01,Official visit to China,Partner inbound visit,12,0.7566478231699593,-0.13731203228065902
GDELT,Australia,2017-03-01,Official visit to Australia,Chinese outbound visit,0,1.1375621923517614,0.027530928959324852
GDELT,Australia,2017-03-01,Official visit to Australia,Chinese outbound visit,1,1.1375621923517614,-0.5182264014624611
GDELT,Australia,2017-03-01,Official visit to Australia,Chinese outbound visit,2,1.1375621923517614,-0.2343197081144066
GDELT,Australia,2017-03-01,Official visit to Australia,Chinese outbound visit,3,1.1375621923517614,-1.0999656207113884
GDELT,Australia,2017-03-01,Official visit to Australia,Chinese outbound visit,6,1.1375621923517614,0.13355886430965103
GDELT,Australia,2017-03-01,Official visit to Australia,Chinese outbound visit,12,1.1375621923517614,-0.595870657486562
GDELT,Australia,2018-11-01,Bilateral meeting on sidelines of APEC summit,Third-party meeting,0,0.33472908871869755,0.3814408096720552
GDELT,Australia,2018-11-01,Bilateral meeting on sidelines of APEC summit,Third-party meeting,1,0.33472908871869755,0.08635397878660633
GDELT,Australia,2018-11-01,Bilateral meeting on sidelines of APEC summit,Third-party meeting,2,0.33472908871869755,-0.1651873914311377
GDELT,Australia,2018-11-01,Bilateral meeting on sidelines of APEC summit,Third-party meeting,3,0.33472908871869755,-0.4991947272275219
GDELT,Australia,2018-11-01,Bilateral meeting on sidelines of APEC summit,Third-party meeting,6,0.33472908871869755,-0.017311849605096796
GDELT,Australia,2018-11-01,Bilateral meeting on sidelines of APEC summit,Third-party meeting,12,0.33472908871869755,-0.012027833973796476
GDELT,Australia,2022-11-01,Bilateral meeting on sidelines of G20 summit,Third-party meeting,0,0.29817513947967456,0.6838672578356438
GDELT,Australia,2022-11-01,Bilateral meeting on sidelines of G20 summit,Third-party meeting,1,0.29817513947967456,0.19218578300025513
GDELT,Australia,2022-11-01,Bilateral meeting on sidelines of G20 summit,Third-party meeting,2,0.29817513947967456,0.3528875185986813
GDELT,Australia,2022-11-01,Bilateral meeting on sidelines of G20 summit,Third-party meeting,3,0.29817513947967456,0.3244327998870524
GDELT,Australia,2022-11-01,Bilateral meeting on sidelines of G20 summit,Third-party meeting,6,0.29817513947967456,0.07457921457993066
GDELT,Australia,2022-11-01,Bilateral meeting on sidelines of G20 summit,Third-party meeting,12,0.29817513947967456,-0.19606302329935765
GDELT,Australia,2023-11-01,Bilateral meeting on sidelines of APEC summit,Third-party meeting,0,0.5068786023431293,-0.4047664861628124
GDELT,Australia,2023-11-01,Bilateral meeting on sidelines of APEC summit,Third-party meeting,1,0.5068786023431293,-0.1321064525861153
GDELT,Australia,2023-11-01,Bilateral meeting on sidelines of APEC summit,Third-party meeting,2,0.5068786023431293,0.3270713238249041
GDELT,Australia,2023-11-01,Bilateral meeting on sidelines of APEC summit,Third-party meeting,3,0.5068786023431293,-0.6418325886295537
GDELT,Australia,2023-11-01,Bilateral meeting on sidelines of APEC summit,Third-party meeting,6,0.5068786023431293,-0.09362292830151081
GDELT,Australia,2023-11-01,Bilateral meeting on sidelines of APEC summit,Third-party meeting,12,0.5068786023431293,0.3269002217423289
GDELT,Australia,2024-06-01,Official visit to Australia,Chinese outbound visit,0,0.7783974635984853,-0.37891694018598565
GDELT,Australia,2024-06-01,Official visit to Australia,Chinese outbound visit,1,0.7783974635984853,0.33873978597201193
GDELT,Australia,2024-06-01,Official visit to Australia,Chinese outbound visit,2,0.7783974635984853,-0.046263065823718974
GDELT,Australia,2024-06-01,Official visit to Australia,Chinese outbound visit,3,0.7783974635984853,-0.3503563902334802
GDELT,Australia,2024-06-01,Official visit to Australia,Chinese outbound visit,6,0.7783974635984853,0.3220876602987387
GDELT,Australia,2024-06-01,Official visit to Australia,Chinese outbound visit,12,0.7783974635984853,-0.6253145614322632
GDELT,Australia,2024-11-01,Xi-Albanese bilateral meeting on sidelines of G20 summit,Third-party meeting,0,0.5995885475445508,0.2341902765409074
GDELT,Australia,2024-11-01,Xi-Albanese bilateral meeting on sidelines of G20 summit,Third-party meeting,1,0.5995885475445508,0.5008965763526732
GDELT,Australia,2024-11-01,Xi-Albanese bilateral meeting on sidelines of G20 summit,Third-party meeting,2,0.5995885475445508,-0.09760139052502836
GDELT,Australia,2024-11-01,Xi-Albanese bilateral meeting on sidelines of G20 summit,Third-party meeting,3,0.5995885475445508,-0.9750732276088296
GDELT,Australia,2024-11-01,Xi-Albanese bilateral meeting on sidelines of G20 summit,Third-party meeting,6,0.5995885475445508,0.31236474084630395
GDELT,Australia,2024-11-01,Xi-Albanese bilateral meeting on sidelines of G20 summit,Third-party meeting,12,0.5995885475445508,-0.18199273386258952
GDELT,Australia,2025-07-01,Albanese official visit to China,Partner inbound visit,0,0.4667339832672847,0.6038836057202304
GDELT,Australia,2025-07-01,Albanese official visit to China,Partner inbound visit,1,0.4667339832672847,-0.6574881489656537
GDELT,Australia,2025-07-01,Albanese official visit to China,Partner inbound visit,2,0.4667339832672847,-0.32555463476371455
GDELT,Australia,2025-07-01,Albanese official visit to China,Partner inbound visit,3,0.4667339832672847,0.05838126660607418
GDELT,Belgium,2002-03-01,Prime Minister Verhofstadt visits China,Partner inbound visit,0,4.34618615611762,-2.334416968978349
GDELT,Belgium,2002-03-01,Prime Minister Verhofstadt visits China,Partner inbound visit,1,4.34618615611762,-2.9119310228600703
GDELT,Belgium,2002-03-01,Prime Minister Verhofstadt visits China,Partner inbound visit,2,4.34618615611762,-3.4638127067209243
GDELT,Belgium,2002-03-01,Prime Minister Verhofstadt visits China,Partner inbound visit,3,4.34618615611762,-4.346186156117618
GDELT,Belgium,2002-03-01,Prime Minister Verhofstadt visits China,Partner inbound visit,6,4.34618615611762,-0.6276774203401394
GDELT,Belgium,2002-03-01,Prime Minister Verhofstadt visits China,Partner inbound visit,12,4.34618615611762,-6.6487753125446485
GDELT,Belgium,2004-11-01,Crown Prince Philippe visits China,Partner inbound visit,0,2.668018519638315,0.805031566351674
GDELT,Belgium,2004-11-01,Crown Prince Philippe visits China,Partner inbound visit,1,2.668018519638315,2.0319814803616825
GDELT,Belgium,2004-11-01,Crown Prince Philippe visits China,Partner inbound visit,2,2.668018519638315,-1.6347773525951994
GDELT,Belgium,2004-11-01,Crown Prince Philippe visits China,Partner inbound visit,3,2.668018519638315,-4.520913977232312
GDELT,Belgium,2004-11-01,Crown Prince Philippe visits China,Partner inbound visit,6,2.668018519638315,-0.04433241321155856
GDELT,Belgium,2004-11-01,Crown Prince Philippe visits China,Partner inbound visit,12,2.668018519638315,-4.668018519638314
GDELT,Belgium,2007-06-01,Crown Prince Philippe visits China,Partner inbound visit,0,1.9975218303606783,-0.32601867224472114
GDELT,Belgium,2007-06-01,Crown Prince Philippe visits China,Partner inbound visit,1,1.9975218303606783,-0.6976493063113156
GDELT,Belgium,2007-06-01,Crown Prince Philippe visits China,Partner inbound visit,2,1.9975218303606783,-3.2844089919657597
GDELT,Belgium,2007-06-01,Crown Prince Philippe visits China,Partner inbound visit,3,1.9975218303606783,-0.9288387754757923
GDELT,Belgium,2007-06-01,Crown Prince Philippe visits China,Partner inbound visit,6,1.9975218303606783,-0.3199948539310351
GDELT,Belgium,2007-06-01,Crown Prince Philippe visits China,Partner inbound visit,12,1.9975218303606783,0.33156862981131363
GDELT,Belgium,2008-08-01,PM Leterme attends Beijing Olympics closing ceremony,Third-party meeting,0,2.202554283294538,-1.2178953848006548
GDELT,Belgium,2008-08-01,PM Leterme attends Beijing Olympics closing ceremony,Third-party meeting,1,2.202554283294538,1.2623385738570958
GDELT,Belgium,2008-08-01,PM Leterme attends Beijing Olympics closing ceremony,Third-party meeting,2,2.202554283294538,-2.928112729924245
GDELT,Belgium,2008-08-01,PM Leterme attends Beijing Olympics closing ceremony,Third-party meeting,3,2.202554283294538,-3.3745407267487595
GDELT,Belgium,2008-08-01,PM Leterme attends Beijing Olympics closing ceremony,Third-party meeting,6,2.202554283294538,-1.2722223408541788
GDELT,Belgium,2008-08-01,PM Leterme attends Beijing Olympics closing ceremony,Third-party meeting,12,2.202554283294538,-3.8444513969477656
GDELT,Belgium,2008-10-01,PM Leterme attends 7th ASEM Summit,Third-party meeting,0,2.2915903326039473,-3.017148779233654
GDELT,Belgium,2008-10-01,PM Leterme attends 7th ASEM Summit,Third-party meeting,1,2.2915903326039473,-3.4635767760581686
GDELT,Belgium,2008-10-01,PM Leterme attends 7th ASEM Summit,Third-party meeting,2,2.2915903326039473,-1.2375176111923396
GDELT,Belgium,2008-10-01,PM Leterme attends 7th ASEM Summit,Third-party meeting,3,2.2915903326039473,-1.8933982525677457
GDELT,Belgium,2008-10-01,PM Leterme attends 7th ASEM Summit,Third-party meeting,6,2.2915903326039473,-0.42132343801411487
GDELT,Belgium,2008-10-01,PM Leterme attends 7th ASEM Summit,Third-party meeting,12,2.2915903326039473,-1.3083760015991892
GDELT,Belgium,2010-05-01,PM Leterme visits Shanghai World Expo,Partner inbound visit,0,2.668949456100551,-0.04118121737242797
GDELT,Belgium,2010-05-01,PM Leterme visits Shanghai World Expo,Partner inbound visit,1,2.668949456100551,0.3326363946286981
GDELT,Belgium,2010-05-01,PM Leterme visits Shanghai World Expo,Partner inbound visit,2,2.668949456100551,-2.1019943399027796
GDELT,Belgium,2010-05-01,PM Leterme visits Shanghai World Expo,Partner inbound visit,3,2.668949456100551,-1.7695126172778566
GDELT,Belgium,2010-05-01,PM Leterme visits Shanghai World Expo,Partner inbound visit,6,2.668949456100551,-0.9558264796396103
GDELT,Belgium,2010-05-01,PM Leterme visits Shanghai World Expo,Partner inbound visit,12,2.668949456100551,-1.1671170772244968
GDELT,Belgium,2010-06-01,Crown Prince Philippe visits China,Partner inbound visit,0,2.578427932900262,0.42315791782898726
GDELT,Belgium,2010-06-01,Crown Prince Philippe visits China,Partner inbound visit,1,2.578427932900262,-2.0114728167024905
GDELT,Belgium,2010-06-01,Crown Prince Philippe visits China,Partner inbound visit,2,2.578427932900262,-1.6789910940775674
GDELT,Belgium,2010-06-01,Crown Prince Philippe visits China,Partner inbound visit,3,2.578427932900262,-0.5789420736849249
GDELT,Belgium,2010-06-01,Crown Prince Philippe visits China,Partner inbound visit,6,2.578427932900262,-3.269693846648592
GDELT,Belgium,2010-06-01,Crown Prince Philippe visits China,Partner inbound visit,12,2.578427932900262,-2.591650800750934
GDELT,Belgium,2011-10-01,Crown Prince Philippe visits China,Partner inbound visit,0,1.5181704523573447,0.5541049842721553
GDELT,Belgium,2011-10-01,Crown Prince Philippe visits China,Partner inbound visit,1,1.5181704523573447,1.122812715087144
GDELT,Belgium,2011-10-01,Crown Prince Philippe visits China,Partner inbound visit,2,1.5181704523573447,-0.1762849863293272
GDELT,Belgium,2011-10-01,Crown Prince Philippe visits China,Partner inbound visit,3,1.5181704523573447,-0.5648706142826672
GDELT,Belgium,2011-10-01,Crown Prince Philippe visits China,Partner inbound visit,6,1.5181704523573447,-0.011841439079804728
GDELT,Belgium,2011-10-01,Crown Prince Philippe visits China,Partner inbound visit,12,1.5181704523573447,-1.3935168595017309
GDELT,Belgium,2013-09-01,PM Di Rupo attends Summer Davos in Dalian,Partner inbound visit,0,1.0444416654325763,0.029123442838211888
GDELT,Belgium,2013-09-01,PM Di Rupo attends Summer Davos in Dalian,Partner inbound visit,1,1.0444416654325763,1.1119170844723592
GDELT,Belgium,2013-09-01,PM Di Rupo attends Summer Davos in Dalian,Partner inbound visit,2,1.0444416654325763,0.43509083164758655
GDELT,Belgium,2013-09-01,PM Di Rupo attends Summer Davos in Dalian,Partner inbound visit,3,1.0444416654325763,1.8495659023976583
GDELT,Belgium,2013-09-01,PM Di Rupo attends Summer Davos in Dalian,Partner inbound visit,6,1.0444416654325763,1.4293336346622667
GDELT,Belgium,2013-09-01,PM Di Rupo attends Summer Davos in Dalian,Partner inbound visit,12,1.0444416654325763,1.461264839485229
GDELT,Belgium,2014-03-01,President Xi Jinping pays state visit to Belgium,Chinese outbound visit,0,2.2743736299181925,0.19940167017665056
GDELT,Belgium,2014-03-01,President Xi Jinping pays state visit to Belgium,Chinese outbound visit,1,2.2743736299181925,2.6540343561395887
GDELT,Belgium,2014-03-01,President Xi Jinping pays state visit to Belgium,Chinese outbound visit,2,2.2743736299181925,-1.7903522798889386
GDELT,Belgium,2014-03-01,President Xi Jinping pays state visit to Belgium,Chinese outbound visit,3,2.2743736299181925,-2.202643421490517
GDELT,Belgium,2014-03-01,President Xi Jinping pays state visit to Belgium,Chinese outbound visit,6,2.2743736299181925,0.23133287499961286
GDELT,Belgium,2014-03-01,President Xi Jinping pays state visit to Belgium,Chinese outbound visit,12,2.2743736299181925,0.7131014578269235
GDELT,Belgium,2015-06-01,King Philippe pays state visit to China,Partner inbound visit,0,2.139754315289868,0.6481821590001706
GDELT,Belgium,2015-06-01,King Philippe pays state visit to China,Partner inbound visit,1,2.139754315289868,0.7169058997773794
GDELT,Belgium,2015-06-01,King Philippe pays state visit to China,Partner inbound visit,2,2.139754315289868,-0.5257889233452364
GDELT,Belgium,2015-06-01,King Philippe pays state visit to China,Partner inbound visit,3,2.139754315289868,-1.1052763457303962
GDELT,Belgium,2015-06-01,King Philippe pays state visit to China,Partner inbound visit,6,2.139754315289868,-1.5137148254225155
GDELT,Belgium,2015-06-01,King Philippe pays state visit to China,Partner inbound visit,12,2.139754315289868,-0.6264397718402543
GDELT,Belgium,2016-10-01,PM Michel visits China,Partner inbound visit,0,1.2878512145560397,0.03335451722293281
GDELT,Belgium,2016-10-01,PM Michel visits China,Partner inbound visit,1,1.2878512145560397,1.6413315486086268
GDELT,Belgium,2016-10-01,PM Michel visits China,Partner inbound visit,2,1.2878512145560397,0.5518506801960956
GDELT,Belgium,2016-10-01,PM Michel visits China,Partner inbound visit,3,1.2878512145560397,0.7031143457903848
GDELT,Belgium,2016-10-01,PM Michel visits China,Partner inbound visit,6,1.2878512145560397,1.3711423195868349
GDELT,Belgium,2016-10-01,PM Michel visits China,Partner inbound visit,12,1.2878512145560397,0.6555425158792658
GDELT,Belgium,2017-06-01,Premier Li Keqiang visits Belgium,Chinese outbound visit,0,1.7612957400510194,0.6070184170759536
GDELT,Belgium,2017-06-01,Premier Li Keqiang visits Belgium,Chinese outbound visit,1,1.7612957400510194,-1.3302017239980828
GDELT,Belgium,2017-06-01,Premier Li Keqiang visits Belgium,Chinese outbound visit,2,1.7612957400510194,-1.7998712237435328
GDELT,Belgium,2017-06-01,Premier Li Keqiang visits Belgium,Chinese outbound visit,3,1.7612957400510194,-0.33369377806007816
GDELT,Belgium,2017-06-01,Premier Li Keqiang visits Belgium,Chinese outbound visit,6,1.7612957400510194,-0.4666846165415397
GDELT,Belgium,2017-06-01,Premier Li Keqiang visits Belgium,Chinese outbound visit,12,1.7612957400510194,-0.43353158378184387
GDELT,Belgium,2018-10-01,Premier Li Keqiang pays working visit to Belgium,Chinese outbound visit,0,0.46623850169668,0.4698331431479138
GDELT,Belgium,2018-10-01,Premier Li Keqiang pays working visit to Belgium,Chinese outbound visit,1,0.46623850169668,0.11555496039353075
GDELT,Belgium,2018-10-01,Premier Li Keqiang pays working visit to Belgium,Chinese outbound visit,2,0.46623850169668,-0.11176276280624065
GDELT,Belgium,2018-10-01,Premier Li Keqiang pays working visit to Belgium,Chinese outbound visit,3,0.46623850169668,-1.8685502154404685
GDELT,Belgium,2018-10-01,Premier Li Keqiang pays working visit to Belgium,Chinese outbound visit,6,0.46623850169668,1.485087364915319
GDELT,Belgium,2018-10-01,Premier Li Keqiang pays working visit to Belgium,Chinese outbound visit,12,0.46623850169668,-1.0561590600981163
GDELT,Belgium,2019-11-01,Princess Astrid leads economic mission to China,Partner inbound visit,0,0.4977993239291549,1.1173153768622486
GDELT,Belgium,2019-11-01,Princess Astrid leads economic mission to China,Partner inbound visit,1,0.4977993239291549,0.11073654409440198
GDELT,Belgium,2019-11-01,Princess Astrid leads economic mission to China,Partner inbound visit,2,0.4977993239291549,-0.3418736959386581
GDELT,Belgium,2019-11-01,Princess Astrid leads economic mission to China,Partner inbound visit,3,0.4977993239291549,0.5032327895104818
GDELT,Belgium,2019-11-01,Princess Astrid leads economic mission to China,Partner inbound visit,6,0.4977993239291549,0.05020168700045541
GDELT,Belgium,2019-11-01,Princess Astrid leads economic mission to China,Partner inbound visit,12,0.4977993239291549,1.0658564335387475
GDELT,Belgium,2021-12-01,Li Keqiang holds video meeting with PM De Croo,Remote talk,0,1.3647712266241427,-0.5752935983688747
GDELT,Belgium,2021-12-01,Li Keqiang holds video meeting with PM De Croo,Remote talk,1,1.3647712266241427,-1.738991600668573
GDELT,Belgium,2021-12-01,Li Keqiang holds video meeting with PM De Croo,Remote talk,2,1.3647712266241427,0.40024095111835756
GDELT,Belgium,2021-12-01,Li Keqiang holds video meeting with PM De Croo,Remote talk,3,1.3647712266241427,-0.7505148434947841
GDELT,Belgium,2021-12-01,Li Keqiang holds video meeting with PM De Croo,Remote talk,6,1.3647712266241427,-2.6594689146822184
GDELT,Belgium,2021-12-01,Li Keqiang holds video meeting with PM De Croo,Remote talk,12,1.3647712266241427,0.23168757622825886
GDELT,Belgium,2023-02-01,PM De Croo meets Wang Yi at Munich Security Conference,Third-party meeting,0,1.6107608420515453,-1.5813755918829204
GDELT,Belgium,2023-02-01,PM De Croo meets Wang Yi at Munich Security Conference,Third-party meeting,1,1.6107608420515453,-2.1311864461188317
GDELT,Belgium,2023-02-01,PM De Croo meets Wang Yi at Munich Security Conference,Third-party meeting,2,1.6107608420515453,0.07855192946850709
GDELT,Belgium,2023-02-01,PM De Croo meets Wang Yi at Munich Security Conference,Third-party meeting,3,1.6107608420515453,-0.7531864017088021
GDELT,Belgium,2023-02-01,PM De Croo meets Wang Yi at Munich Security Conference,Third-party meeting,6,1.6107608420515453,-0.8418475315898131
GDELT,Belgium,2023-02-01,PM De Croo meets Wang Yi at Munich Security Conference,Third-party meeting,12,1.6107608420515453,-1.2869093276723862
GDELT,Belgium,2024-01-01,PM De Croo pays official visit to China,Partner inbound visit,0,0.6715408530393349,1.410749981868312
GDELT,Belgium,2024-01-01,PM De Croo pays official visit to China,Partner inbound visit,1,0.6715408530393349,-0.3476893386601757
GDELT,Belgium,2024-01-01,PM De Croo pays official visit to China,Partner inbound visit,2,0.6715408530393349,1.5170623362076747
GDELT,Belgium,2024-01-01,PM De Croo pays official visit to China,Partner inbound visit,3,0.6715408530393349,-0.4210273486030095
GDELT,Belgium,2024-01-01,PM De Croo pays official visit to China,Partner inbound visit,6,0.6715408530393349,0.04690032076102091
GDELT,Belgium,2024-01-01,PM De Croo pays official visit to China,Partner inbound visit,12,0.6715408530393349,-0.18699255772523965
GDELT,Belgium,2024-06-01,Vice Premier Ding Xuexiang meets PM De Croo in Brussels,Third-party meeting,0,0.7046976091417232,-0.1804685897955718
GDELT,Belgium,2024-06-01,Vice Premier Ding Xuexiang meets PM De Croo in Brussels,Third-party meeting,1,0.7046976091417232,0.013743564658632579
GDELT,Belgium,2024-06-01,Vice Premier Ding Xuexiang meets PM De Croo in Brussels,Third-party meeting,2,0.7046976091417232,0.9912545221473363
GDELT,Belgium,2024-06-01,Vice Premier Ding Xuexiang meets PM De Croo in Brussels,Third-party meeting,3,0.7046976091417232,0.15640226009951164
GDELT,Belgium,2024-06-01,Vice Premier Ding Xuexiang meets PM De Croo in Brussels,Third-party meeting,6,0.7046976091417232,0.14503669073412695
GDELT,Belgium,2024-06-01,Vice Premier Ding Xuexiang meets PM De Croo in Brussels,Third-party meeting,12,0.7046976091417232,2.1018732946531653
GDELT,Belgium,2025-07-01,Wang Yi meets Belgian PM De Wever and FM Prevot,Third-party meeting,0,1.3503579872740037,0.021171435951394812
GDELT,Belgium,2025-07-01,Wang Yi meets Belgian PM De Wever and FM Prevot,Third-party meeting,1,1.3503579872740037,-0.8333002310884439
GDELT,Belgium,2025-07-01,Wang Yi meets Belgian PM De Wever and FM Prevot,Third-party meeting,2,1.3503579872740037,-0.18690839887284127
GDELT,Belgium,2025-07-01,Wang Yi meets Belgian PM De Wever and FM Prevot,Third-party meeting,3,1.3503579872740037,-0.39279566105919805
GDELT,Brazil,2004-05-01,State visit to China,Partner inbound visit,0,2.9480463215256347,-0.18637913863541344
GDELT,Brazil,2004-05-01,State visit to China,Partner inbound visit,1,2.9480463215256347,-0.48459757779504864
GDELT,Brazil,2004-05-01,State visit to China,Partner inbound visit,2,2.9480463215256347,0.694837367037834
GDELT,Brazil,2004-05-01,State visit to China,Partner inbound visit,3,2.9480463215256347,-0.5694135784947432
GDELT,Brazil,2004-05-01,State visit to China,Partner inbound visit,6,2.9480463215256347,-0.27621965992182007
GDELT,Brazil,2004-05-01,State visit to China,Partner inbound visit,12,2.9480463215256347,-5.362442927835071
GDELT,Brazil,2004-11-01,State visit to Brazil,Chinese outbound visit,0,2.4694981833805376,0.20232847822327704
GDELT,Brazil,2004-11-01,State visit to Brazil,Chinese outbound visit,1,2.4694981833805376,2.7305018166194652
GDELT,Brazil,2004-11-01,State visit to Brazil,Chinese outbound visit,2,2.4694981833805376,-1.527662934567664
GDELT,Brazil,2004-11-01,State visit to Brazil,Chinese outbound visit,3,2.4694981833805376,-2.469498183380536
GDELT,Brazil,2004-11-01,State visit to Brazil,Chinese outbound visit,6,2.4694981833805376,-4.883894789689974
GDELT,Brazil,2004-11-01,State visit to Brazil,Chinese outbound visit,12,2.4694981833805376,-0.8694981833805415
GDELT,Brazil,2009-05-01,State visit to China,Partner inbound visit,0,2.266915790306345,0.8885988550496551
GDELT,Brazil,2009-05-01,State visit to China,Partner inbound visit,1,2.266915790306345,-0.4001971754048972
GDELT,Brazil,2009-05-01,State visit to China,Partner inbound visit,2,2.266915790306345,-0.8361086410855902
GDELT,Brazil,2009-05-01,State visit to China,Partner inbound visit,3,2.266915790306345,-1.0068068537127894
GDELT,Brazil,2009-05-01,State visit to China,Partner inbound visit,6,2.266915790306345,-0.0632351233143238
GDELT,Brazil,2009-05-01,State visit to China,Partner inbound visit,12,2.266915790306345,0.7288692526410356
GDELT,Brazil,2010-04-01,State visit to Brazil,Chinese outbound visit,0,1.6369775991732034,0.9190862417799881
GDELT,Brazil,2010-04-01,State visit to Brazil,Chinese outbound visit,1,1.6369775991732034,1.358807443774177
GDELT,Brazil,2010-04-01,State visit to Brazil,Chinese outbound visit,2,1.6369775991732034,0.4447613754270119
GDELT,Brazil,2010-04-01,State visit to Brazil,Chinese outbound visit,3,1.6369775991732034,2.6514885113716655
GDELT,Brazil,2010-04-01,State visit to Brazil,Chinese outbound visit,6,1.6369775991732034,0.4455280132215851
GDELT,Brazil,2010-04-01,State visit to Brazil,Chinese outbound visit,12,1.6369775991732034,0.352654496752967
GDELT,Brazil,2012-06-01,Official visit to Brazil,Chinese outbound visit,0,2.4919763423308106,-0.2202985371037216
GDELT,Brazil,2012-06-01,Official visit to Brazil,Chinese outbound visit,1,2.4919763423308106,-0.4722872055373366
GDELT,Brazil,2012-06-01,Official visit to Brazil,Chinese outbound visit,2,2.4919763423308106,-1.6798226167350578
GDELT,Brazil,2012-06-01,Official visit to Brazil,Chinese outbound visit,3,2.4919763423308106,-1.8832756186067745
GDELT,Brazil,2012-06-01,Official visit to Brazil,Chinese outbound visit,6,2.4919763423308106,-1.7010717956859165
GDELT,Brazil,2012-06-01,Official visit to Brazil,Chinese outbound visit,12,2.4919763423308106,-0.47600666233886324
GDELT,Brazil,2014-07-01,State visit to Brazil,Chinese outbound visit,0,2.398044268706421,0.5439079579009913
GDELT,Brazil,2014-07-01,State visit to Brazil,Chinese outbound visit,1,2.398044268706421,-0.1503348761663421
GDELT,Brazil,2014-07-01,State visit to Brazil,Chinese outbound visit,2,2.398044268706421,-1.5157287506102985
GDELT,Brazil,2014-07-01,State visit to Brazil,Chinese outbound visit,3,2.398044268706421,-0.38885156307757995
GDELT,Brazil,2014-07-01,State visit to Brazil,Chinese outbound visit,6,2.398044268706421,0.3431797504584537
GDELT,Brazil,2014-07-01,State visit to Brazil,Chinese outbound visit,12,2.398044268706421,0.10139636794606055
GDELT,Brazil,2015-05-01,Official visit to Brazil,Chinese outbound visit,0,2.9467152274563193,0.5347074128478781
GDELT,Brazil,2015-05-01,Official visit to Brazil,Chinese outbound visit,1,2.9467152274563193,-0.11462932748150889
GDELT,Brazil,2015-05-01,Official visit to Brazil,Chinese outbound visit,2,2.9467152274563193,-0.4472745908038376
GDELT,Brazil,2015-05-01,Official visit to Brazil,Chinese outbound visit,3,2.9467152274563193,-0.3013688144795683
GDELT,Brazil,2015-05-01,Official visit to Brazil,Chinese outbound visit,6,2.9467152274563193,-0.3456050219806044
GDELT,Brazil,2015-05-01,Official visit to Brazil,Chinese outbound visit,12,2.9467152274563193,-1.4124615697416034
GDELT,Brazil,2019-10-01,State visit to China,Partner inbound visit,0,2.077556740139086,0.7269440379966254
GDELT,Brazil,2019-10-01,State visit to China,Partner inbound visit,1,2.077556740139086,0.33252462103412794
GDELT,Brazil,2019-10-01,State visit to China,Partner inbound visit,2,2.077556740139086,0.8080620441055291
GDELT,Brazil,2019-10-01,State visit to China,Partner inbound visit,3,2.077556740139086,0.897708939410506
GDELT,Brazil,2019-10-01,State visit to China,Partner inbound visit,6,2.077556740139086,-0.70859123964927
GDELT,Brazil,2019-10-01,State visit to China,Partner inbound visit,12,2.077556740139086,0.037947238714502785
GDELT,Brazil,2023-04-01,State visit to China,Partner inbound visit,0,3.0424236972295855,-0.5130461837906264
GDELT,Brazil,2023-04-01,State visit to China,Partner inbound visit,1,3.0424236972295855,-0.3673083628299132
GDELT,Brazil,2023-04-01,State visit to China,Partner inbound visit,2,3.0424236972295855,0.28822267238426136
GDELT,Brazil,2023-04-01,State visit to China,Partner inbound visit,3,3.0424236972295855,-0.28645667361072746
GDELT,Brazil,2023-04-01,State visit to China,Partner inbound visit,6,3.0424236972295855,0.5308011003428454
GDELT,Brazil,2023-04-01,State visit to China,Partner inbound visit,12,3.0424236972295855,-0.8592514933512092
GDELT,Brazil,2024-11-01,State visit to Brazil,Chinese outbound visit,0,2.6458148320892527,0.16683292374652536
GDELT,Brazil,2024-11-01,State visit to Brazil,Chinese outbound visit,1,2.6458148320892527,-0.1008569320905246
GDELT,Brazil,2024-11-01,State visit to Brazil,Chinese outbound visit,2,2.6458148320892527,0.8438017254370602
GDELT,Brazil,2024-11-01,State visit to Brazil,Chinese outbound visit,3,2.6458148320892527,0.42148053611017344
GDELT,Brazil,2024-11-01,State visit to Brazil,Chinese outbound visit,6,2.6458148320892527,-0.4004305065218863
GDELT,Brazil,2024-11-01,State visit to Brazil,Chinese outbound visit,12,2.6458148320892527,-0.2632674203049685
GDELT,Canada,2003-12-01,Official visit to Canada,Chinese outbound visit,0,2.619472712050294,0.24683956914341332
GDELT,Canada,2003-12-01,Official visit to Canada,Chinese outbound visit,1,2.619472712050294,-2.2100821727886735
GDELT,Canada,2003-12-01,Official visit to Canada,Chinese outbound visit,2,2.619472712050294,-2.7392549685591585
GDELT,Canada,2003-12-01,Official visit to Canada,Chinese outbound visit,3,2.619472712050294,0.5374545403983562
GDELT,Canada,2003-12-01,Official visit to Canada,Chinese outbound visit,6,2.619472712050294,0.29929228949321685
GDELT,Canada,2003-12-01,Official visit to Canada,Chinese outbound visit,12,2.619472712050294,-1.2731241475981636
GDELT,Canada,2005-01-01,Canadian Prime Minister Paul Martin visits China,Partner inbound visit,0,2.4344649610353115,-0.3015906177398384
GDELT,Canada,2005-01-01,Canadian Prime Minister Paul Martin visits China,Partner inbound visit,1,2.4344649610353115,2.8069530889839123
GDELT,Canada,2005-01-01,Canadian Prime Minister Paul Martin visits China,Partner inbound visit,2,2.4344649610353115,-2.8960622122509334
GDELT,Canada,2005-01-01,Canadian Prime Minister Paul Martin visits China,Partner inbound visit,3,2.4344649610353115,-0.3148529604389707
GDELT,Canada,2005-01-01,Canadian Prime Minister Paul Martin visits China,Partner inbound visit,6,2.4344649610353115,-1.5284063092412672
GDELT,Canada,2005-01-01,Canadian Prime Minister Paul Martin visits China,Partner inbound visit,12,2.4344649610353115,-5.306741447181768
GDELT,Canada,2005-09-01,State visit to Canada,Chinese outbound visit,0,0.7610892589331328,2.0102780740415813
GDELT,Canada,2005-09-01,State visit to Canada,Chinese outbound visit,1,0.7610892589331328,1.5697226728441613
GDELT,Canada,2005-09-01,State visit to Canada,Chinese outbound visit,2,0.7610892589331328,-0.4096695325941795
GDELT,Canada,2005-09-01,State visit to Canada,Chinese outbound visit,3,0.7610892589331328,-1.032123832829507
GDELT,Canada,2005-09-01,State visit to Canada,Chinese outbound visit,6,0.7610892589331328,0.3123601140500192
GDELT,Canada,2005-09-01,State visit to Canada,Chinese outbound visit,12,0.7610892589331328,0.2372597422670868
GDELT,Canada,2009-12-01,Official visit to China,Partner inbound visit,0,1.4927411613853891,0.4916807830587899
GDELT,Canada,2009-12-01,Official visit to China,Partner inbound visit,1,1.4927411613853891,-0.45827136146145975
GDELT,Canada,2009-12-01,Official visit to China,Partner inbound visit,2,1.4927411613853891,-0.47624321745142417
GDELT,Canada,2009-12-01,Official visit to China,Partner inbound visit,3,1.4927411613853891,0.45507512924847404
GDELT,Canada,2009-12-01,Official visit to China,Partner inbound visit,6,1.4927411613853891,0.7582347820605175
GDELT,Canada,2009-12-01,Official visit to China,Partner inbound visit,12,1.4927411613853891,0.18765445286914506
GDELT,Canada,2010-06-01,State visit to Canada and attendance at G20 Summit,Chinese outbound visit,0,2.2433598271875144,0.007616116258392314
GDELT,Canada,2010-06-01,State visit to Canada and attendance at G20 Summit,Chinese outbound visit,1,2.2433598271875144,-0.14502360285288907
GDELT,Canada,2010-06-01,State visit to Canada and attendance at G20 Summit,Chinese outbound visit,2,2.2433598271875144,0.3792500397895915
GDELT,Canada,2010-06-01,State visit to Canada and attendance at G20 Summit,Chinese outbound visit,3,2.2433598271875144,0.11194436230757399
GDELT,Canada,2010-06-01,State visit to Canada and attendance at G20 Summit,Chinese outbound visit,6,2.2433598271875144,-0.5629642129329802
GDELT,Canada,2010-06-01,State visit to Canada and attendance at G20 Summit,Chinese outbound visit,12,2.2433598271875144,-1.674879687601265
GDELT,Canada,2012-02-01,Canadian Prime Minister Stephen Harper's second visit to China,Partner inbound visit,0,1.6156692817398994,0.19050277387160008
GDELT,Canada,2012-02-01,Canadian Prime Minister Stephen Harper's second visit to China,Partner inbound visit,1,1.6156692817398994,-0.647520314833505
GDELT,Canada,2012-02-01,Canadian Prime Minister Stephen Harper's second visit to China,Partner inbound visit,2,1.6156692817398994,0.39647105679970274
GDELT,Canada,2012-02-01,Canadian Prime Minister Stephen Harper's second visit to China,Partner inbound visit,3,1.6156692817398994,-0.96586564042539
GDELT,Canada,2012-02-01,Canadian Prime Minister Stephen Harper's second visit to China,Partner inbound visit,6,1.6156692817398994,-0.9162558961786402
GDELT,Canada,2012-02-01,Canadian Prime Minister Stephen Harper's second visit to China,Partner inbound visit,12,1.6156692817398994,-0.844417210357955
GDELT,Canada,2014-11-01,Bilateral meeting between President Xi Jinping and Prime Minister Stephen Harper on the sidelines of the G20 Brisbane Summit,Third-party meeting,0,-0.30971418201988615,1.548951500932236
GDELT,Canada,2014-11-01,Bilateral meeting between President Xi Jinping and Prime Minister Stephen Harper on the sidelines of the G20 Brisbane Summit,Third-party meeting,1,-0.30971418201988615,-1.317786761400783
GDELT,Canada,2014-11-01,Bilateral meeting between President Xi Jinping and Prime Minister Stephen Harper on the sidelines of the G20 Brisbane Summit,Third-party meeting,2,-0.30971418201988615,0.8514974878332915
GDELT,Canada,2014-11-01,Bilateral meeting between President Xi Jinping and Prime Minister Stephen Harper on the sidelines of the G20 Brisbane Summit,Third-party meeting,3,-0.30971418201988615,1.1664564222709235
GDELT,Canada,2014-11-01,Bilateral meeting between President Xi Jinping and Prime Minister Stephen Harper on the sidelines of the G20 Brisbane Summit,Third-party meeting,6,-0.30971418201988615,1.0896250758103687
GDELT,Canada,2014-11-01,Bilateral meeting between President Xi Jinping and Prime Minister Stephen Harper on the sidelines of the G20 Brisbane Summit,Third-party meeting,12,-0.30971418201988615,1.627881777361059
GDELT,Canada,2015-11-01,Bilateral meeting on sidelines of G20 Summit,Third-party meeting,0,0.9598614132570951,0.35830618208407783
GDELT,Canada,2015-11-01,Bilateral meeting on sidelines of G20 Summit,Third-party meeting,1,0.9598614132570951,0.037396573405989786
GDELT,Canada,2015-11-01,Bilateral meeting on sidelines of G20 Summit,Third-party meeting,2,0.9598614132570951,-0.911089949812294
GDELT,Canada,2015-11-01,Bilateral meeting on sidelines of G20 Summit,Third-party meeting,3,0.9598614132570951,-0.6873692636131945
GDELT,Canada,2015-11-01,Bilateral meeting on sidelines of G20 Summit,Third-party meeting,6,0.9598614132570951,0.636100037702078
GDELT,Canada,2015-11-01,Bilateral meeting on sidelines of G20 Summit,Third-party meeting,12,0.9598614132570951,0.5321762879509759
GDELT,Canada,2016-09-01,Chinese Premier Li Keqiang's official visit to Canada,Chinese outbound visit,0,0.8250558057301122,1.0737467808772458
GDELT,Canada,2016-09-01,Chinese Premier Li Keqiang's official visit to Canada,Chinese outbound visit,1,0.8250558057301122,0.4761881628291308
GDELT,Canada,2016-09-01,Chinese Premier Li Keqiang's official visit to Canada,Chinese outbound visit,2,0.8250558057301122,0.6669818954779588
GDELT,Canada,2016-09-01,Chinese Premier Li Keqiang's official visit to Canada,Chinese outbound visit,3,0.8250558057301122,0.9805538446176906
GDELT,Canada,2016-09-01,Chinese Premier Li Keqiang's official visit to Canada,Chinese outbound visit,6,0.8250558057301122,0.8055522784444383
GDELT,Canada,2016-09-01,Chinese Premier Li Keqiang's official visit to Canada,Chinese outbound visit,12,0.8250558057301122,0.6370264803438422
GDELT,Canada,2016-09-01,Prime Minister Justin Trudeau attends G20 Summit in Hangzhou and visits China,Partner inbound visit,0,0.8250558057301122,1.0737467808772458
GDELT,Canada,2016-09-01,Prime Minister Justin Trudeau attends G20 Summit in Hangzhou and visits China,Partner inbound visit,1,0.8250558057301122,0.4761881628291308
GDELT,Canada,2016-09-01,Prime Minister Justin Trudeau attends G20 Summit in Hangzhou and visits China,Partner inbound visit,2,0.8250558057301122,0.6669818954779588
GDELT,Canada,2016-09-01,Prime Minister Justin Trudeau attends G20 Summit in Hangzhou and visits China,Partner inbound visit,3,0.8250558057301122,0.9805538446176906
GDELT,Canada,2016-09-01,Prime Minister Justin Trudeau attends G20 Summit in Hangzhou and visits China,Partner inbound visit,6,0.8250558057301122,0.8055522784444383
GDELT,Canada,2016-09-01,Prime Minister Justin Trudeau attends G20 Summit in Hangzhou and visits China,Partner inbound visit,12,0.8250558057301122,0.6370264803438422
GDELT,Canada,2016-09-01,Official visit to China and attendance at G20 Hangzhou Summit,Partner inbound visit,0,0.8250558057301122,1.0737467808772458
GDELT,Canada,2016-09-01,Official visit to China and attendance at G20 Hangzhou Summit,Partner inbound visit,1,0.8250558057301122,0.4761881628291308
GDELT,Canada,2016-09-01,Official visit to China and attendance at G20 Hangzhou Summit,Partner inbound visit,2,0.8250558057301122,0.6669818954779588
GDELT,Canada,2016-09-01,Official visit to China and attendance at G20 Hangzhou Summit,Partner inbound visit,3,0.8250558057301122,0.9805538446176906
GDELT,Canada,2016-09-01,Official visit to China and attendance at G20 Hangzhou Summit,Partner inbound visit,6,0.8250558057301122,0.8055522784444383
GDELT,Canada,2016-09-01,Official visit to China and attendance at G20 Hangzhou Summit,Partner inbound visit,12,0.8250558057301122,0.6370264803438422
GDELT,Canada,2017-07-01,Bilateral meeting between President Xi Jinping and Prime Minister Justin Trudeau on the sidelines of the G20 Hamburg Summit,Third-party meeting,0,1.1887462823320412,-0.5996114307207054
GDELT,Canada,2017-07-01,Bilateral meeting between President Xi Jinping and Prime Minister Justin Trudeau on the sidelines of the G20 Hamburg Summit,Third-party meeting,1,1.1887462823320412,0.09112136119101533
GDELT,Canada,2017-07-01,Bilateral meeting between President Xi Jinping and Prime Minister Justin Trudeau on the sidelines of the G20 Hamburg Summit,Third-party meeting,2,1.1887462823320412,0.27333600374191325
GDELT,Canada,2017-07-01,Bilateral meeting between President Xi Jinping and Prime Minister Justin Trudeau on the sidelines of the G20 Hamburg Summit,Third-party meeting,3,1.1887462823320412,0.13167997556003574
GDELT,Canada,2017-07-01,Bilateral meeting between President Xi Jinping and Prime Minister Justin Trudeau on the sidelines of the G20 Hamburg Summit,Third-party meeting,6,1.1887462823320412,-0.8103891504357346
GDELT,Canada,2017-07-01,Bilateral meeting between President Xi Jinping and Prime Minister Justin Trudeau on the sidelines of the G20 Hamburg Summit,Third-party meeting,12,1.1887462823320412,0.5578001756200479
GDELT,Canada,2019-06-01,Bilateral meeting on sidelines of G20 Summit,Third-party meeting,0,-1.0310047671555467,-0.3590577802441277
GDELT,Canada,2019-06-01,Bilateral meeting on sidelines of G20 Summit,Third-party meeting,1,-1.0310047671555467,-0.16590474735909377
GDELT,Canada,2019-06-01,Bilateral meeting on sidelines of G20 Summit,Third-party meeting,2,-1.0310047671555467,0.5737838174480221
GDELT,Canada,2019-06-01,Bilateral meeting on sidelines of G20 Summit,Third-party meeting,3,-1.0310047671555467,0.3408559935979689
GDELT,Canada,2019-06-01,Bilateral meeting on sidelines of G20 Summit,Third-party meeting,6,-1.0310047671555467,-0.472948751537255
GDELT,Canada,2019-06-01,Bilateral meeting on sidelines of G20 Summit,Third-party meeting,12,-1.0310047671555467,-0.871392203065606
GDELT,Canada,2022-11-01,Bilateral meeting on sidelines of G20 Summit,Third-party meeting,0,0.6336634988635499,-1.135973277101078
GDELT,Canada,2022-11-01,Bilateral meeting on sidelines of G20 Summit,Third-party meeting,1,0.6336634988635499,-0.3598078124366797
GDELT,Canada,2022-11-01,Bilateral meeting on sidelines of G20 Summit,Third-party meeting,2,0.6336634988635499,0.38072827115498953
GDELT,Canada,2022-11-01,Bilateral meeting on sidelines of G20 Summit,Third-party meeting,3,0.6336634988635499,-0.9638292826806776
GDELT,Canada,2022-11-01,Bilateral meeting on sidelines of G20 Summit,Third-party meeting,6,0.6336634988635499,-1.481922036313163
GDELT,Canada,2022-11-01,Bilateral meeting on sidelines of G20 Summit,Third-party meeting,12,0.6336634988635499,-1.7799895526661142
GDELT,Canada,2025-06-01,Li Qiang phone call with PM Mark Carney,Remote talk,0,0.3623000331335214,0.13574583110050814
GDELT,Canada,2025-06-01,Li Qiang phone call with PM Mark Carney,Remote talk,1,0.3623000331335214,-0.5516979966575548
GDELT,Canada,2025-06-01,Li Qiang phone call with PM Mark Carney,Remote talk,2,0.3623000331335214,-0.13108095206277542
GDELT,Canada,2025-06-01,Li Qiang phone call with PM Mark Carney,Remote talk,3,0.3623000331335214,1.3979500670664295
GDELT,Canada,2025-06-01,Li Qiang phone call with PM Mark Carney,Remote talk,6,0.3623000331335214,1.0315011734095652
GDELT,Canada,2025-10-01,Xi meets Canadian PM Mark Carney at APEC Gyeongju,Third-party meeting,0,0.6006904059155544,1.1418096248339005e-4
GDELT,Canada,2025-10-01,Xi meets Canadian PM Mark Carney at APEC Gyeongju,Third-party meeting,1,0.6006904059155544,-0.20171385940628705
GDELT,Canada,2025-10-01,Xi meets Canadian PM Mark Carney at APEC Gyeongju,Third-party meeting,2,0.6006904059155544,0.793110800627532
GDELT,France,2004-10-01,State visit to China,Partner inbound visit,0,-0.2627710553838452,1.9553214691281808
GDELT,France,2004-10-01,State visit to China,Partner inbound visit,1,-0.2627710553838452,2.119888242245183
GDELT,France,2004-10-01,State visit to China,Partner inbound visit,2,-0.2627710553838452,1.4669979045814359
GDELT,France,2004-10-01,State visit to China,Partner inbound visit,3,-0.2627710553838452,1.2596830124817882
GDELT,France,2004-10-01,State visit to China,Partner inbound visit,6,-0.2627710553838452,0.9874635353269021
GDELT,France,2004-10-01,State visit to China,Partner inbound visit,12,-0.2627710553838452,2.252178824713592
GDELT,France,2007-11-01,State visit to China,Partner inbound visit,0,1.3615660169876922,0.3333731133113591
GDELT,France,2007-11-01,State visit to China,Partner inbound visit,1,1.3615660169876922,0.037773997823761896
GDELT,France,2007-11-01,State visit to China,Partner inbound visit,2,1.3615660169876922,0.8756309375861633
GDELT,France,2007-11-01,State visit to China,Partner inbound visit,3,1.3615660169876922,-0.3066464987398938
GDELT,France,2007-11-01,State visit to China,Partner inbound visit,6,1.3615660169876922,1.1791338697739764
GDELT,France,2007-11-01,State visit to China,Partner inbound visit,12,1.3615660169876922,-1.7577325825082497
GDELT,France,2014-03-01,State visit to France,Chinese outbound visit,0,2.6524523223168535,0.20387795289793775
GDELT,France,2014-03-01,State visit to France,Chinese outbound visit,1,2.6524523223168535,0.14828774910463682
GDELT,France,2014-03-01,State visit to France,Chinese outbound visit,2,2.6524523223168535,-0.254992423934703
GDELT,France,2014-03-01,State visit to France,Chinese outbound visit,3,2.6524523223168535,-0.5020779856254753
GDELT,France,2014-03-01,State visit to France,Chinese outbound visit,6,2.6524523223168535,-0.11678309892568262
GDELT,France,2014-03-01,State visit to France,Chinese outbound visit,12,2.6524523223168535,-0.1409990430610195
GDELT,France,2015-11-01,State visit to China,Partner inbound visit,0,2.5661358331511015,-1.4463708620007736
GDELT,France,2015-11-01,State visit to China,Partner inbound visit,1,2.5661358331511015,-1.5583018525320402
GDELT,France,2015-11-01,State visit to China,Partner inbound visit,2,2.5661358331511015,-0.6955129319633111
GDELT,France,2015-11-01,State visit to China,Partner inbound visit,3,2.5661358331511015,-1.7343003133566932
GDELT,France,2015-11-01,State visit to China,Partner inbound visit,6,2.5661358331511015,-2.379102954401262
GDELT,France,2015-11-01,State visit to China,Partner inbound visit,12,2.5661358331511015,-0.8117966846412181
GDELT,France,2018-01-01,State visit to China,Partner inbound visit,0,2.2946309758489836,-0.18895182039470448
GDELT,France,2018-01-01,State visit to China,Partner inbound visit,1,2.2946309758489836,0.030025198891802773
GDELT,France,2018-01-01,State visit to China,Partner inbound visit,2,2.2946309758489836,-0.10675008576217238
GDELT,France,2018-01-01,State visit to China,Partner inbound visit,3,2.2946309758489836,0.24926537061151777
GDELT,France,2018-01-01,State visit to China,Partner inbound visit,6,2.2946309758489836,-0.20536698320819546
GDELT,France,2018-01-01,State visit to China,Partner inbound visit,12,2.2946309758489836,-0.8206539546342722
GDELT,France,2019-03-01,State visit to France,Chinese outbound visit,0,1.530163812087033,0.08517611595072627
GDELT,France,2019-03-01,State visit to France,Chinese outbound visit,1,1.530163812087033,-0.341067441020384
GDELT,France,2019-03-01,State visit to France,Chinese outbound visit,2,1.530163812087033,-0.06649544605897506
GDELT,France,2019-03-01,State visit to France,Chinese outbound visit,3,1.530163812087033,0.8335891173913084
GDELT,France,2019-03-01,State visit to France,Chinese outbound visit,6,1.530163812087033,0.694969336048062
GDELT,France,2019-03-01,State visit to France,Chinese outbound visit,12,1.530163812087033,0.5384161389689439
GDELT,France,2019-11-01,State visit to China,Partner inbound visit,0,2.2129702787140233,-0.31323925826028765
GDELT,France,2019-11-01,State visit to China,Partner inbound visit,1,2.2129702787140233,-0.6742722219678119
GDELT,France,2019-11-01,State visit to China,Partner inbound visit,2,2.2129702787140233,-0.18160871339674367
GDELT,France,2019-11-01,State visit to China,Partner inbound visit,3,2.2129702787140233,-1.8537567418461838
GDELT,France,2019-11-01,State visit to China,Partner inbound visit,6,2.2129702787140233,-1.272151977048575
GDELT,France,2019-11-01,State visit to China,Partner inbound visit,12,2.2129702787140233,0.13657322896953117
GDELT,France,2023-04-01,State visit to China,Partner inbound visit,0,1.6967699547894537,-0.3948853573097302
GDELT,France,2023-04-01,State visit to China,Partner inbound visit,1,1.6967699547894537,0.10192297303850917
GDELT,France,2023-04-01,State visit to China,Partner inbound visit,2,1.6967699547894537,-0.16764652769042176
GDELT,France,2023-04-01,State visit to China,Partner inbound visit,3,1.6967699547894537,-0.7536161981959435
GDELT,France,2023-04-01,State visit to China,Partner inbound visit,6,1.6967699547894537,-1.458925546788419
GDELT,France,2023-04-01,State visit to China,Partner inbound visit,12,1.6967699547894537,-0.26780446071660546
GDELT,France,2024-05-01,State visit to France,Chinese outbound visit,0,1.3725259559732592,0.10690662743940926
GDELT,France,2024-05-01,State visit to France,Chinese outbound visit,1,1.3725259559732592,-0.6160038340766043
GDELT,France,2024-05-01,State visit to France,Chinese outbound visit,2,1.3725259559732592,-0.8232757297136093
GDELT,France,2024-05-01,State visit to France,Chinese outbound visit,3,1.3725259559732592,-1.4134011584473498
GDELT,France,2024-05-01,State visit to France,Chinese outbound visit,6,1.3725259559732592,-0.3328571352995233
GDELT,France,2024-05-01,State visit to France,Chinese outbound visit,12,1.3725259559732592,-0.5571966766640735
GDELT,France,2025-12-01,State visit to China,Partner inbound visit,0,0.31184378584478034,1.4486913414395937
GDELT,Germany,2004-12-01,Official visit to China,Partner inbound visit,0,2.1623512053105465,-1.3089892221127268
GDELT,Germany,2004-12-01,Official visit to China,Partner inbound visit,1,2.1623512053105465,0.07230538921947449
GDELT,Germany,2004-12-01,Official visit to China,Partner inbound visit,2,2.1623512053105465,-3.34790768772959
GDELT,Germany,2004-12-01,Official visit to China,Partner inbound visit,3,2.1623512053105465,-3.409542614130256
GDELT,Germany,2004-12-01,Official visit to China,Partner inbound visit,6,2.1623512053105465,-1.9216732288345462
GDELT,Germany,2004-12-01,Official visit to China,Partner inbound visit,12,2.1623512053105465,-0.14287849628067129
GDELT,Germany,2006-05-01,First official visit to China,Partner inbound visit,0,2.596976557865896,-0.7673748483580849
GDELT,Germany,2006-05-01,First official visit to China,Partner inbound visit,1,2.596976557865896,-0.8554859211031869
GDELT,Germany,2006-05-01,First official visit to China,Partner inbound visit,2,2.596976557865896,-1.137762324140971
GDELT,Germany,2006-05-01,First official visit to China,Partner inbound visit,3,2.596976557865896,0.15333231211397935
GDELT,Germany,2006-05-01,First official visit to China,Partner inbound visit,6,2.596976557865896,-0.3424592585778048
GDELT,Germany,2006-05-01,First official visit to China,Partner inbound visit,12,2.596976557865896,-0.8700655382269535
GDELT,Germany,2010-07-01,Official visit to China,Partner inbound visit,0,1.883496293146815,-0.4450059026500355
GDELT,Germany,2010-07-01,Official visit to China,Partner inbound visit,1,1.883496293146815,-0.45715432237563713
GDELT,Germany,2010-07-01,Official visit to China,Partner inbound visit,2,1.883496293146815,-0.23600784663081664
GDELT,Germany,2010-07-01,Official visit to China,Partner inbound visit,3,1.883496293146815,0.42685726553697134
GDELT,Germany,2010-07-01,Official visit to China,Partner inbound visit,6,1.883496293146815,-1.3017713792390324
GDELT,Germany,2010-07-01,Official visit to China,Partner inbound visit,12,1.883496293146815,-0.43417368992681094
GDELT,Germany,2014-03-01,State visit to Germany,Chinese outbound visit,0,2.3101929125063307,-0.22571460568508606
GDELT,Germany,2014-03-01,State visit to Germany,Chinese outbound visit,1,2.3101929125063307,0.531712128467948
GDELT,Germany,2014-03-01,State visit to Germany,Chinese outbound visit,2,2.3101929125063307,0.3115311794294229
GDELT,Germany,2014-03-01,State visit to Germany,Chinese outbound visit,3,2.3101929125063307,-0.26527800618964115
GDELT,Germany,2014-03-01,State visit to Germany,Chinese outbound visit,6,2.3101929125063307,-0.7073511167531805
GDELT,Germany,2014-03-01,State visit to Germany,Chinese outbound visit,12,2.3101929125063307,0.952190909205509
GDELT,Germany,2019-09-01,Official visit to China,Partner inbound visit,0,2.5738281780633834,-0.6130332065262343
GDELT,Germany,2019-09-01,Official visit to China,Partner inbound visit,1,2.5738281780633834,-0.9668585888648984
GDELT,Germany,2019-09-01,Official visit to China,Partner inbound visit,2,2.5738281780633834,-1.4074270531029285
GDELT,Germany,2019-09-01,Official visit to China,Partner inbound visit,3,2.5738281780633834,-1.8937109666334333
GDELT,Germany,2019-09-01,Official visit to China,Partner inbound visit,6,2.5738281780633834,-0.8075826511930124
GDELT,Germany,2019-09-01,Official visit to China,Partner inbound visit,12,2.5738281780633834,-1.2513362340343672
GDELT,Germany,2022-11-01,Official visit to China,Partner inbound visit,0,1.529054485773725,-0.6151738345335069
GDELT,Germany,2022-11-01,Official visit to China,Partner inbound visit,1,1.529054485773725,-0.08926954112969487
GDELT,Germany,2022-11-01,Official visit to China,Partner inbound visit,2,1.529054485773725,-0.6554020042101343
GDELT,Germany,2022-11-01,Official visit to China,Partner inbound visit,3,1.529054485773725,-0.22896249021437964
GDELT,Germany,2022-11-01,Official visit to China,Partner inbound visit,6,1.529054485773725,-0.010578483915014703
GDELT,Germany,2022-11-01,Official visit to China,Partner inbound visit,12,1.529054485773725,0.4796361833295595
GDELT,Germany,2024-04-01,Official visit to China,Partner inbound visit,0,1.401594232077167,-0.4232283025318284
GDELT,Germany,2024-04-01,Official visit to China,Partner inbound visit,1,1.401594232077167,-0.5047582631642835
GDELT,Germany,2024-04-01,Official visit to China,Partner inbound visit,2,1.401594232077167,-1.042286497929728
GDELT,Germany,2024-04-01,Official visit to China,Partner inbound visit,3,1.401594232077167,-2.1854808847149445
GDELT,Germany,2024-04-01,Official visit to China,Partner inbound visit,6,1.401594232077167,-0.4713631656780063
GDELT,Germany,2024-04-01,Official visit to China,Partner inbound visit,12,1.401594232077167,0.022853469716148656
GDELT,India,2003-06-01,Vajpayee Visits China,Partner inbound visit,0,-0.17262321868888483,1.9754275847582339
GDELT,India,2003-06-01,Vajpayee Visits China,Partner inbound visit,1,-0.17262321868888483,0.8137607251799815
GDELT,India,2003-06-01,Vajpayee Visits China,Partner inbound visit,2,-0.17262321868888483,2.577813444584899
GDELT,India,2003-06-01,Vajpayee Visits China,Partner inbound visit,3,-0.17262321868888483,0.799835670937893
GDELT,India,2003-06-01,Vajpayee Visits China,Partner inbound visit,6,-0.17262321868888483,1.3088869169740776
GDELT,India,2003-06-01,Vajpayee Visits China,Partner inbound visit,12,-0.17262321868888483,0.35792348434788346
GDELT,India,2005-04-01,Official visit to India,Chinese outbound visit,0,1.7892482731680468,1.054090273210502
GDELT,India,2005-04-01,Official visit to India,Chinese outbound visit,1,1.7892482731680468,2.0725776440321795
GDELT,India,2005-04-01,Official visit to India,Chinese outbound visit,2,1.7892482731680468,0.8792344417844069
GDELT,India,2005-04-01,Official visit to India,Chinese outbound visit,3,1.7892482731680468,-0.6751104149139626
GDELT,India,2005-04-01,Official visit to India,Chinese outbound visit,6,1.7892482731680468,0.0962679278845493
GDELT,India,2005-04-01,Official visit to India,Chinese outbound visit,12,1.7892482731680468,0.8226333099583061
GDELT,India,2006-11-01,State visit to India,Chinese outbound visit,0,2.013375851853433,-0.526224329539887
GDELT,India,2006-11-01,State visit to India,Chinese outbound visit,1,2.013375851853433,0.7509962940386528
GDELT,India,2006-11-01,State visit to India,Chinese outbound visit,2,2.013375851853433,-2.2332827348200057
GDELT,India,2006-11-01,State visit to India,Chinese outbound visit,3,2.013375851853433,-1.479963818360699
GDELT,India,2006-11-01,State visit to India,Chinese outbound visit,6,2.013375851853433,-1.735013397594547
GDELT,India,2006-11-01,State visit to India,Chinese outbound visit,12,2.013375851853433,-0.5541929577332132
GDELT,India,2006-11-01,Hu Jintao visits India,Chinese outbound visit,0,2.013375851853433,-0.526224329539887
GDELT,India,2006-11-01,Hu Jintao visits India,Chinese outbound visit,1,2.013375851853433,0.7509962940386528
GDELT,India,2006-11-01,Hu Jintao visits India,Chinese outbound visit,2,2.013375851853433,-2.2332827348200057
GDELT,India,2006-11-01,Hu Jintao visits India,Chinese outbound visit,3,2.013375851853433,-1.479963818360699
GDELT,India,2006-11-01,Hu Jintao visits India,Chinese outbound visit,6,2.013375851853433,-1.735013397594547
GDELT,India,2006-11-01,Hu Jintao visits India,Chinese outbound visit,12,2.013375851853433,-0.5541929577332132
GDELT,India,2008-01-01,Official visit to China,Partner inbound visit,0,1.0908644168430761,1.0263431894093629
GDELT,India,2008-01-01,Official visit to China,Partner inbound visit,1,1.0908644168430761,-0.019339696157703257
GDELT,India,2008-01-01,Official visit to China,Partner inbound visit,2,1.0908644168430761,-1.8581084687069829
GDELT,India,2008-01-01,Official visit to China,Partner inbound visit,3,1.0908644168430761,-1.6238256915195126
GDELT,India,2008-01-01,Official visit to China,Partner inbound visit,6,1.0908644168430761,0.46254495117632755
GDELT,India,2008-01-01,Official visit to China,Partner inbound visit,12,1.0908644168430761,-0.31625035649648825
GDELT,India,2010-12-01,Wen Jiabao's official visit to India,Chinese outbound visit,0,0.4624606270366923,1.346820490896319
GDELT,India,2010-12-01,Wen Jiabao's official visit to India,Chinese outbound visit,1,0.4624606270366923,-0.35784227594603496
GDELT,India,2010-12-01,Wen Jiabao's official visit to India,Chinese outbound visit,2,0.4624606270366923,0.5437341974341947
GDELT,India,2010-12-01,Wen Jiabao's official visit to India,Chinese outbound visit,3,0.4624606270366923,0.5969663324195202
GDELT,India,2010-12-01,Wen Jiabao's official visit to India,Chinese outbound visit,6,0.4624606270366923,0.36743094197264864
GDELT,India,2010-12-01,Wen Jiabao's official visit to India,Chinese outbound visit,12,0.4624606270366923,-0.22527631566465917
GDELT,India,2013-05-01,Li Keqiang Visits India,Chinese outbound visit,0,1.0217350458291712,-0.182228673449913
GDELT,India,2013-05-01,Li Keqiang Visits India,Chinese outbound visit,1,1.0217350458291712,0.4426389620682052
GDELT,India,2013-05-01,Li Keqiang Visits India,Chinese outbound visit,2,1.0217350458291712,-1.1997064939079731
GDELT,India,2013-05-01,Li Keqiang Visits India,Chinese outbound visit,3,1.0217350458291712,-1.870335892855607
GDELT,India,2013-05-01,Li Keqiang Visits India,Chinese outbound visit,6,1.0217350458291712,-0.16773605995356533
GDELT,India,2013-05-01,Li Keqiang Visits India,Chinese outbound visit,12,1.0217350458291712,0.5547448132796919
GDELT,India,2014-09-01,State visit to India,Chinese outbound visit,0,0.4427239014134064,1.392397843236817
GDELT,India,2014-09-01,State visit to India,Chinese outbound visit,1,0.4427239014134064,-0.32218516767227295
GDELT,India,2014-09-01,State visit to India,Chinese outbound visit,2,0.4427239014134064,5.071961983797446e-4
GDELT,India,2014-09-01,State visit to India,Chinese outbound visit,3,0.4427239014134064,0.5049883449121431
GDELT,India,2014-09-01,State visit to India,Chinese outbound visit,6,0.4427239014134064,-0.1091284547711216
GDELT,India,2014-09-01,State visit to India,Chinese outbound visit,12,0.4427239014134064,-0.13430495929885683
GDELT,India,2015-05-01,Official visit to China,Partner inbound visit,0,0.6608417810673746,0.7157994723007282
GDELT,India,2015-05-01,Official visit to China,Partner inbound visit,1,0.6608417810673746,0.156135022987834
GDELT,India,2015-05-01,Official visit to China,Partner inbound visit,2,0.6608417810673746,0.6796372850299399
GDELT,India,2015-05-01,Official visit to China,Partner inbound visit,3,0.6608417810673746,0.563846499080481
GDELT,India,2015-05-01,Official visit to China,Partner inbound visit,6,0.6608417810673746,0.6227825465735262
GDELT,India,2015-05-01,Official visit to China,Partner inbound visit,12,0.6608417810673746,-0.004669681922673474
GDELT,India,2016-09-01,Bilateral meeting on sidelines of G20 Summit,Third-party meeting,0,-0.24822658095761638,0.5969415004100144
GDELT,India,2016-09-01,Bilateral meeting on sidelines of G20 Summit,Third-party meeting,1,-0.24822658095761638,-0.2927922939643862
GDELT,India,2016-09-01,Bilateral meeting on sidelines of G20 Summit,Third-party meeting,2,-0.24822658095761638,0.5731077433338546
GDELT,India,2016-09-01,Bilateral meeting on sidelines of G20 Summit,Third-party meeting,3,-0.24822658095761638,0.948302443267813
GDELT,India,2016-09-01,Bilateral meeting on sidelines of G20 Summit,Third-party meeting,6,-0.24822658095761638,0.2576244057432178
GDELT,India,2016-09-01,Bilateral meeting on sidelines of G20 Summit,Third-party meeting,12,-0.24822658095761638,-0.06275524460132922
GDELT,India,2017-06-01,Bilateral meeting on sidelines of Shanghai Cooperation Organisation Summit,Third-party meeting,0,-0.11677074153913658,-0.5392237474856092
GDELT,India,2017-06-01,Bilateral meeting on sidelines of Shanghai Cooperation Organisation Summit,Third-party meeting,1,-0.11677074153913658,-1.061278728087979
GDELT,India,2017-06-01,Bilateral meeting on sidelines of Shanghai Cooperation Organisation Summit,Third-party meeting,2,-0.11677074153913658,-0.8243848174585224
GDELT,India,2017-06-01,Bilateral meeting on sidelines of Shanghai Cooperation Organisation Summit,Third-party meeting,3,-0.11677074153913658,-0.19421108401980902
GDELT,India,2017-06-01,Bilateral meeting on sidelines of Shanghai Cooperation Organisation Summit,Third-party meeting,6,-0.11677074153913658,0.6490327397852145
GDELT,India,2017-06-01,Bilateral meeting on sidelines of Shanghai Cooperation Organisation Summit,Third-party meeting,12,-0.11677074153913658,0.6885312577598839
GDELT,India,2018-04-01,Wuhan Informal Summit,Third-party meeting,0,0.07135077407958927,0.3041666296237893
GDELT,India,2018-04-01,Wuhan Informal Summit,Third-party meeting,1,0.07135077407958927,1.406847899379865
GDELT,India,2018-04-01,Wuhan Informal Summit,Third-party meeting,2,0.07135077407958927,0.5004097421411581
GDELT,India,2018-04-01,Wuhan Informal Summit,Third-party meeting,3,0.07135077407958927,-0.10843545034801909
GDELT,India,2018-04-01,Wuhan Informal Summit,Third-party meeting,6,0.07135077407958927,0.34892851574566325
GDELT,India,2018-04-01,Wuhan Informal Summit,Third-party meeting,12,0.07135077407958927,-0.33779631938867166
GDELT,India,2019-10-01,Chennai Summit,Third-party meeting,0,-0.2607142845957077,0.9023467345936271
GDELT,India,2019-10-01,Chennai Summit,Third-party meeting,1,-0.2607142845957077,0.7963625329623223
GDELT,India,2019-10-01,Chennai Summit,Third-party meeting,2,-0.2607142845957077,0.06225374080675175
GDELT,India,2019-10-01,Chennai Summit,Third-party meeting,3,-0.2607142845957077,0.022733372522891926
GDELT,India,2019-10-01,Chennai Summit,Third-party meeting,6,-0.2607142845957077,0.31151818569431516
GDELT,India,2019-10-01,Chennai Summit,Third-party meeting,12,-0.2607142845957077,-0.8694424806498386
GDELT,India,2020-11-01,Bilateral meeting on sidelines of Shanghai Cooperation Organisation Summit (virtual),Third-party meeting,0,-1.7247067661682205,0.9258713079351988
GDELT,India,2020-11-01,Bilateral meeting on sidelines of Shanghai Cooperation Organisation Summit (virtual),Third-party meeting,1,-1.7247067661682205,0.1909377394320504
GDELT,India,2020-11-01,Bilateral meeting on sidelines of Shanghai Cooperation Organisation Summit (virtual),Third-party meeting,2,-1.7247067661682205,-1.0114184941855815
GDELT,India,2020-11-01,Bilateral meeting on sidelines of Shanghai Cooperation Organisation Summit (virtual),Third-party meeting,3,-1.7247067661682205,1.1915424424797407
GDELT,India,2020-11-01,Bilateral meeting on sidelines of Shanghai Cooperation Organisation Summit (virtual),Third-party meeting,6,-1.7247067661682205,2.2618739289906467
GDELT,India,2020-11-01,Bilateral meeting on sidelines of Shanghai Cooperation Organisation Summit (virtual),Third-party meeting,12,-1.7247067661682205,-0.4666433360219575
GDELT,India,2024-10-01,Bilateral meeting on sidelines of BRICS Summit,Third-party meeting,0,-0.6012613299507242,0.4761320731597808
GDELT,India,2024-10-01,Bilateral meeting on sidelines of BRICS Summit,Third-party meeting,1,-0.6012613299507242,0.7464614237534436
GDELT,India,2024-10-01,Bilateral meeting on sidelines of BRICS Summit,Third-party meeting,2,-0.6012613299507242,0.6872399262639176
GDELT,India,2024-10-01,Bilateral meeting on sidelines of BRICS Summit,Third-party meeting,3,-0.6012613299507242,1.6367647178926803
GDELT,India,2024-10-01,Bilateral meeting on sidelines of BRICS Summit,Third-party meeting,6,-0.6012613299507242,0.5893881632661154
GDELT,India,2024-10-01,Bilateral meeting on sidelines of BRICS Summit,Third-party meeting,12,-0.6012613299507242,1.6632297129910332
GDELT,India,2025-04-01,75th anniversary of diplomatic relations congratulatory messages,Third-party meeting,0,0.4501251538222502,-0.461998320506859
GDELT,India,2025-04-01,75th anniversary of diplomatic relations congratulatory messages,Third-party meeting,1,0.4501251538222502,-2.1869089308577414
GDELT,India,2025-04-01,75th anniversary of diplomatic relations congratulatory messages,Third-party meeting,2,0.4501251538222502,-0.3634375530122605
GDELT,India,2025-04-01,75th anniversary of diplomatic relations congratulatory messages,Third-party meeting,3,0.4501251538222502,-0.49551683894749604
GDELT,India,2025-04-01,75th anniversary of diplomatic relations congratulatory messages,Third-party meeting,6,0.4501251538222502,0.6118432292180589
GDELT,India,2025-08-01,Xi-Modi bilateral meeting on sidelines of SCO Tianjin,Third-party meeting,0,-0.565162620450249,1.4462532495553355
GDELT,India,2025-08-01,Xi-Modi bilateral meeting on sidelines of SCO Tianjin,Third-party meeting,1,-0.565162620450249,0.25972873721566236
GDELT,India,2025-08-01,Xi-Modi bilateral meeting on sidelines of SCO Tianjin,Third-party meeting,2,-0.565162620450249,1.627131003490558
GDELT,India,2025-08-01,Xi-Modi bilateral meeting on sidelines of SCO Tianjin,Third-party meeting,3,-0.565162620450249,0.6600659608819802
GDELT,Indonesia,2002-03-01,State visit to China,Partner inbound visit,0,2.675139794255845,-2.596290110846775
GDELT,Indonesia,2002-03-01,State visit to China,Partner inbound visit,1,2.675139794255845,-0.7847184602616313
GDELT,Indonesia,2002-03-01,State visit to China,Partner inbound visit,2,2.675139794255845,-0.1967182597590198
GDELT,Indonesia,2002-03-01,State visit to China,Partner inbound visit,3,2.675139794255845,1.144971682519781
GDELT,Indonesia,2002-03-01,State visit to China,Partner inbound visit,6,2.675139794255845,0.15070458759196725
GDELT,Indonesia,2002-03-01,State visit to China,Partner inbound visit,12,2.675139794255845,0.8360787046281164
GDELT,Indonesia,2005-04-01,Hu Visits Indonesia,Chinese outbound visit,0,2.148401478692623,0.16425372114148118
GDELT,Indonesia,2005-04-01,Hu Visits Indonesia,Chinese outbound visit,1,2.148401478692623,0.9129854739637331
GDELT,Indonesia,2005-04-01,Hu Visits Indonesia,Chinese outbound visit,2,2.148401478692623,-2.3314376963288357
GDELT,Indonesia,2005-04-01,Hu Visits Indonesia,Chinese outbound visit,3,2.148401478692623,0.9564125186182544
GDELT,Indonesia,2005-04-01,Hu Visits Indonesia,Chinese outbound visit,6,2.148401478692623,0.3065857280959783
GDELT,Indonesia,2005-04-01,Hu Visits Indonesia,Chinese outbound visit,12,2.148401478692623,0.5382165647468131
GDELT,Indonesia,2005-07-01,State visit to China,Partner inbound visit,0,1.7303353116180826,1.3744786856927949
GDELT,Indonesia,2005-07-01,State visit to China,Partner inbound visit,1,1.7303353116180826,0.5563025595766007
GDELT,Indonesia,2005-07-01,State visit to China,Partner inbound visit,2,1.7303353116180826,-1.1612606497896358
GDELT,Indonesia,2005-07-01,State visit to China,Partner inbound visit,3,1.7303353116180826,0.7246518951705188
GDELT,Indonesia,2005-07-01,State visit to China,Partner inbound visit,6,1.7303353116180826,0.881098593685687
GDELT,Indonesia,2005-07-01,State visit to China,Partner inbound visit,12,1.7303353116180826,-0.30432970508565127
GDELT,Indonesia,2006-07-01,Yudhoyono Visits China,Partner inbound visit,0,2.4178385829681694,-0.9918329764357381
GDELT,Indonesia,2006-07-01,Yudhoyono Visits China,Partner inbound visit,1,2.4178385829681694,1.3967976916862366
GDELT,Indonesia,2006-07-01,Yudhoyono Visits China,Partner inbound visit,2,2.4178385829681694,0.5099597725319924
GDELT,Indonesia,2006-07-01,Yudhoyono Visits China,Partner inbound visit,3,2.4178385829681694,0.27360189589379935
GDELT,Indonesia,2006-07-01,Yudhoyono Visits China,Partner inbound visit,6,2.4178385829681694,0.9255785026587464
GDELT,Indonesia,2006-07-01,Yudhoyono Visits China,Partner inbound visit,12,2.4178385829681694,-1.233087250998153
GDELT,Indonesia,2006-11-01,Bilateral meeting on sidelines of APEC Summit,Third-party meeting,0,3.1446250363388457,-1.3979697756077605
GDELT,Indonesia,2006-11-01,Bilateral meeting on sidelines of APEC Summit,Third-party meeting,1,3.1446250363388457,-4.04678561784333
GDELT,Indonesia,2006-11-01,Bilateral meeting on sidelines of APEC Summit,Third-party meeting,2,3.1446250363388457,0.19879204928807015
GDELT,Indonesia,2006-11-01,Bilateral meeting on sidelines of APEC Summit,Third-party meeting,3,3.1446250363388457,-0.5590255677633365
GDELT,Indonesia,2006-11-01,Bilateral meeting on sidelines of APEC Summit,Third-party meeting,6,3.1446250363388457,-1.1157605771097727
GDELT,Indonesia,2006-11-01,Bilateral meeting on sidelines of APEC Summit,Third-party meeting,12,3.1446250363388457,-0.5688821083745252
GDELT,Indonesia,2007-09-01,Bilateral meeting on sidelines of APEC Summit,Third-party meeting,0,1.0879051315518176,1.2468591774450584
GDELT,Indonesia,2007-09-01,Bilateral meeting on sidelines of APEC Summit,Third-party meeting,1,1.0879051315518176,1.336663073441665
GDELT,Indonesia,2007-09-01,Bilateral meeting on sidelines of APEC Summit,Third-party meeting,2,1.0879051315518176,1.487837796412503
GDELT,Indonesia,2007-09-01,Bilateral meeting on sidelines of APEC Summit,Third-party meeting,3,1.0879051315518176,0.4275920401702855
GDELT,Indonesia,2007-09-01,Bilateral meeting on sidelines of APEC Summit,Third-party meeting,6,1.0879051315518176,0.7408662820656975
GDELT,Indonesia,2007-09-01,Bilateral meeting on sidelines of APEC Summit,Third-party meeting,12,1.0879051315518176,-1.3831393171578519
GDELT,Indonesia,2009-11-01,Bilateral meeting on sidelines of APEC Summit,Third-party meeting,0,1.5868874175196617,1.1205459914809353
GDELT,Indonesia,2009-11-01,Bilateral meeting on sidelines of APEC Summit,Third-party meeting,1,1.5868874175196617,0.037061248420582116
GDELT,Indonesia,2009-11-01,Bilateral meeting on sidelines of APEC Summit,Third-party meeting,2,1.5868874175196617,1.0175151658667978
GDELT,Indonesia,2009-11-01,Bilateral meeting on sidelines of APEC Summit,Third-party meeting,3,1.5868874175196617,-0.5064498987329344
GDELT,Indonesia,2009-11-01,Bilateral meeting on sidelines of APEC Summit,Third-party meeting,6,1.5868874175196617,-1.728440289224577
GDELT,Indonesia,2009-11-01,Bilateral meeting on sidelines of APEC Summit,Third-party meeting,12,1.5868874175196617,0.21043582392514426
GDELT,Indonesia,2011-04-01,Official visit to Indonesia,Chinese outbound visit,0,1.6668046238441085,1.6803831511572025
GDELT,Indonesia,2011-04-01,Official visit to Indonesia,Chinese outbound visit,1,1.6668046238441085,0.5693476272486049
GDELT,Indonesia,2011-04-01,Official visit to Indonesia,Chinese outbound visit,2,1.6668046238441085,-0.11351258857385527
GDELT,Indonesia,2011-04-01,Official visit to Indonesia,Chinese outbound visit,3,1.6668046238441085,0.4340342570233837
GDELT,Indonesia,2011-04-01,Official visit to Indonesia,Chinese outbound visit,6,1.6668046238441085,0.7035556790551685
GDELT,Indonesia,2011-04-01,Official visit to Indonesia,Chinese outbound visit,12,1.6668046238441085,-0.35799819623226514
GDELT,Indonesia,2012-03-01,State visit to China,Partner inbound visit,0,2.3555564359114154,-0.006507506155120524
GDELT,Indonesia,2012-03-01,State visit to China,Partner inbound visit,1,2.3555564359114154,-1.046750008299572
GDELT,Indonesia,2012-03-01,State visit to China,Partner inbound visit,2,2.3555564359114154,-1.6149292777286988
GDELT,Indonesia,2012-03-01,State visit to China,Partner inbound visit,3,2.3555564359114154,-1.4099811146416172
GDELT,Indonesia,2012-03-01,State visit to China,Partner inbound visit,6,2.3555564359114154,-1.1147331560223144
GDELT,Indonesia,2012-03-01,State visit to China,Partner inbound visit,12,2.3555564359114154,-2.454372427093878
GDELT,Indonesia,2012-03-01,Bilateral meeting on sidelines of Nuclear Security Summit,Third-party meeting,0,2.3555564359114154,-0.006507506155120524
GDELT,Indonesia,2012-03-01,Bilateral meeting on sidelines of Nuclear Security Summit,Third-party meeting,1,2.3555564359114154,-1.046750008299572
GDELT,Indonesia,2012-03-01,Bilateral meeting on sidelines of Nuclear Security Summit,Third-party meeting,2,2.3555564359114154,-1.6149292777286988
GDELT,Indonesia,2012-03-01,Bilateral meeting on sidelines of Nuclear Security Summit,Third-party meeting,3,2.3555564359114154,-1.4099811146416172
GDELT,Indonesia,2012-03-01,Bilateral meeting on sidelines of Nuclear Security Summit,Third-party meeting,6,2.3555564359114154,-1.1147331560223144
GDELT,Indonesia,2012-03-01,Bilateral meeting on sidelines of Nuclear Security Summit,Third-party meeting,12,2.3555564359114154,-2.454372427093878
GDELT,Indonesia,2012-09-01,Bilateral meeting on sidelines of APEC Summit,Third-party meeting,0,1.2837057734268449,-0.04288249353774387
GDELT,Indonesia,2012-09-01,Bilateral meeting on sidelines of APEC Summit,Third-party meeting,1,1.2837057734268449,-0.8329128264132966
GDELT,Indonesia,2012-09-01,Bilateral meeting on sidelines of APEC Summit,Third-party meeting,2,1.2837057734268449,0.08963081420601848
GDELT,Indonesia,2012-09-01,Bilateral meeting on sidelines of APEC Summit,Third-party meeting,3,1.2837057734268449,0.07916250880935105
GDELT,Indonesia,2012-09-01,Bilateral meeting on sidelines of APEC Summit,Third-party meeting,6,1.2837057734268449,-1.3825217646093073
GDELT,Indonesia,2012-09-01,Bilateral meeting on sidelines of APEC Summit,Third-party meeting,12,1.2837057734268449,-0.3446436623878555
GDELT,Indonesia,2013-10-01,State visit to Indonesia and proposal of Maritime Silk Road,Chinese outbound visit,0,1.289766374031218,0.6001832721480305
GDELT,Indonesia,2013-10-01,State visit to Indonesia and proposal of Maritime Silk Road,Chinese outbound visit,1,1.289766374031218,0.0012790958476702752
GDELT,Indonesia,2013-10-01,State visit to Indonesia and proposal of Maritime Silk Road,Chinese outbound visit,2,1.289766374031218,-1.5465863275460194
GDELT,Indonesia,2013-10-01,State visit to Indonesia and proposal of Maritime Silk Road,Chinese outbound visit,3,1.289766374031218,1.2377600218800466
GDELT,Indonesia,2013-10-01,State visit to Indonesia and proposal of Maritime Silk Road,Chinese outbound visit,6,1.289766374031218,-1.1644084752367168
GDELT,Indonesia,2013-10-01,State visit to Indonesia and proposal of Maritime Silk Road,Chinese outbound visit,12,1.289766374031218,-0.8307289659807495
GDELT,Indonesia,2014-11-01,State visit to China and attendance at APEC Summit,Partner inbound visit,0,0.8164701116093027,1.2393999235724948
GDELT,Indonesia,2014-11-01,State visit to China and attendance at APEC Summit,Partner inbound visit,1,0.8164701116093027,-0.2145929398180495
GDELT,Indonesia,2014-11-01,State visit to China and attendance at APEC Summit,Partner inbound visit,2,0.8164701116093027,-0.21382202107232362
GDELT,Indonesia,2014-11-01,State visit to China and attendance at APEC Summit,Partner inbound visit,3,0.8164701116093027,-0.6760928331274279
GDELT,Indonesia,2014-11-01,State visit to China and attendance at APEC Summit,Partner inbound visit,6,0.8164701116093027,-0.33563244477803594
GDELT,Indonesia,2014-11-01,State visit to China and attendance at APEC Summit,Partner inbound visit,12,0.8164701116093027,0.563142334055809
GDELT,Indonesia,2015-03-01,Bilateral meeting on sidelines of Boao Forum for Asia,Third-party meeting,0,0.4483008469367024,0.6412093925336777
GDELT,Indonesia,2015-03-01,Bilateral meeting on sidelines of Boao Forum for Asia,Third-party meeting,1,0.4483008469367024,1.3158871666538172
GDELT,Indonesia,2015-03-01,Bilateral meeting on sidelines of Boao Forum for Asia,Third-party meeting,2,0.4483008469367024,0.03253681989456436
GDELT,Indonesia,2015-03-01,Bilateral meeting on sidelines of Boao Forum for Asia,Third-party meeting,3,0.4483008469367024,0.6264084162851846
GDELT,Indonesia,2015-03-01,Bilateral meeting on sidelines of Boao Forum for Asia,Third-party meeting,6,0.4483008469367024,0.8056726102492366
GDELT,Indonesia,2015-03-01,Bilateral meeting on sidelines of Boao Forum for Asia,Third-party meeting,12,0.4483008469367024,-1.2133584748342823
GDELT,Indonesia,2015-04-01,Bilateral meeting on sidelines of Bandung Conference commemoration,Third-party meeting,0,0.6108452028297447,1.1533428107607748
GDELT,Indonesia,2015-04-01,Bilateral meeting on sidelines of Bandung Conference commemoration,Third-party meeting,1,0.6108452028297447,-0.13000753599847797
GDELT,Indonesia,2015-04-01,Bilateral meeting on sidelines of Bandung Conference commemoration,Third-party meeting,2,0.6108452028297447,0.46386406039214234
GDELT,Indonesia,2015-04-01,Bilateral meeting on sidelines of Bandung Conference commemoration,Third-party meeting,3,0.6108452028297447,1.0330296949414373
GDELT,Indonesia,2015-04-01,Bilateral meeting on sidelines of Bandung Conference commemoration,Third-party meeting,6,0.6108452028297447,0.19293637095044025
GDELT,Indonesia,2015-04-01,Bilateral meeting on sidelines of Bandung Conference commemoration,Third-party meeting,12,0.6108452028297447,-2.3804368856818487
GDELT,Indonesia,2015-04-01,Bilateral meeting on sidelines of Asian-African Summit,Third-party meeting,0,0.6108452028297447,1.1533428107607748
GDELT,Indonesia,2015-04-01,Bilateral meeting on sidelines of Asian-African Summit,Third-party meeting,1,0.6108452028297447,-0.13000753599847797
GDELT,Indonesia,2015-04-01,Bilateral meeting on sidelines of Asian-African Summit,Third-party meeting,2,0.6108452028297447,0.46386406039214234
GDELT,Indonesia,2015-04-01,Bilateral meeting on sidelines of Asian-African Summit,Third-party meeting,3,0.6108452028297447,1.0330296949414373
GDELT,Indonesia,2015-04-01,Bilateral meeting on sidelines of Asian-African Summit,Third-party meeting,6,0.6108452028297447,0.19293637095044025
GDELT,Indonesia,2015-04-01,Bilateral meeting on sidelines of Asian-African Summit,Third-party meeting,12,0.6108452028297447,-2.3804368856818487
GDELT,Indonesia,2015-11-01,Bilateral meeting on sidelines of APEC Summit,Third-party meeting,0,0.952700236881015,0.42691220878409675
GDELT,Indonesia,2015-11-01,Bilateral meeting on sidelines of APEC Summit,Third-party meeting,1,0.952700236881015,0.6150277421130811
GDELT,Indonesia,2015-11-01,Bilateral meeting on sidelines of APEC Summit,Third-party meeting,2,0.952700236881015,0.5373696394290371
GDELT,Indonesia,2015-11-01,Bilateral meeting on sidelines of APEC Summit,Third-party meeting,3,0.952700236881015,0.1758883461240467
GDELT,Indonesia,2015-11-01,Bilateral meeting on sidelines of APEC Summit,Third-party meeting,6,0.952700236881015,-2.744599782545461
GDELT,Indonesia,2015-11-01,Bilateral meeting on sidelines of APEC Summit,Third-party meeting,12,0.952700236881015,-1.7339555594433151
GDELT,Indonesia,2016-09-01,State visit to China and attendance at G20 Summit,Partner inbound visit,0,-1.8721998433350784,2.7968473176274546
GDELT,Indonesia,2016-09-01,State visit to China and attendance at G20 Summit,Partner inbound visit,1,-1.8721998433350784,0.14093577048170935
GDELT,Indonesia,2016-09-01,State visit to China and attendance at G20 Summit,Partner inbound visit,2,-1.8721998433350784,1.0909445207727781
GDELT,Indonesia,2016-09-01,State visit to China and attendance at G20 Summit,Partner inbound visit,3,-1.8721998433350784,1.9846782243224634
GDELT,Indonesia,2016-09-01,State visit to China and attendance at G20 Summit,Partner inbound visit,6,-1.8721998433350784,1.8259690751272295
GDELT,Indonesia,2016-09-01,State visit to China and attendance at G20 Summit,Partner inbound visit,12,-1.8721998433350784,3.1736556761181305
GDELT,Indonesia,2017-05-01,Attendance at Belt and Road Forum for International Cooperation,Partner inbound visit,0,0.18764441615061914,-0.1359167818920787
GDELT,Indonesia,2017-05-01,Attendance at Belt and Road Forum for International Cooperation,Partner inbound visit,1,0.18764441615061914,1.4983758088691623
GDELT,Indonesia,2017-05-01,Attendance at Belt and Road Forum for International Cooperation,Partner inbound visit,2,0.18764441615061914,-0.6663195903818858
GDELT,Indonesia,2017-05-01,Attendance at Belt and Road Forum for International Cooperation,Partner inbound visit,3,0.18764441615061914,1.1031573174949714
GDELT,Indonesia,2017-05-01,Attendance at Belt and Road Forum for International Cooperation,Partner inbound visit,6,0.18764441615061914,1.474940957237725
GDELT,Indonesia,2017-05-01,Attendance at Belt and Road Forum for International Cooperation,Partner inbound visit,12,0.18764441615061914,0.160718981222382
GDELT,Indonesia,2017-11-01,Bilateral meeting on sidelines of APEC Summit,Third-party meeting,0,1.0757966116441786,0.5867887617441656
GDELT,Indonesia,2017-11-01,Bilateral meeting on sidelines of APEC Summit,Third-party meeting,1,1.0757966116441786,-0.6818399237004702
GDELT,Indonesia,2017-11-01,Bilateral meeting on sidelines of APEC Summit,Third-party meeting,2,1.0757966116441786,0.1465543060500163
GDELT,Indonesia,2017-11-01,Bilateral meeting on sidelines of APEC Summit,Third-party meeting,3,1.0757966116441786,0.45599948505800003
GDELT,Indonesia,2017-11-01,Bilateral meeting on sidelines of APEC Summit,Third-party meeting,6,1.0757966116441786,-0.7274332142711775
GDELT,Indonesia,2017-11-01,Bilateral meeting on sidelines of APEC Summit,Third-party meeting,12,1.0757966116441786,0.22346199665640465
GDELT,Indonesia,2018-11-01,Bilateral meeting on sidelines of APEC Summit,Third-party meeting,0,1.2383732652390755,0.060885343061507724
GDELT,Indonesia,2018-11-01,Bilateral meeting on sidelines of APEC Summit,Third-party meeting,1,1.2383732652390755,-1.1072039308618866
GDELT,Indonesia,2018-11-01,Bilateral meeting on sidelines of APEC Summit,Third-party meeting,2,1.2383732652390755,-1.6706091978167958
GDELT,Indonesia,2018-11-01,Bilateral meeting on sidelines of APEC Summit,Third-party meeting,3,1.2383732652390755,-0.3297842266743055
GDELT,Indonesia,2018-11-01,Bilateral meeting on sidelines of APEC Summit,Third-party meeting,6,1.2383732652390755,0.035419027684919335
GDELT,Indonesia,2018-11-01,Bilateral meeting on sidelines of APEC Summit,Third-party meeting,12,1.2383732652390755,0.17930015967163238
GDELT,Indonesia,2019-06-01,Bilateral meeting on sidelines of G20 Summit,Third-party meeting,0,1.2594893804713905,-0.18832492599495576
GDELT,Indonesia,2019-06-01,Bilateral meeting on sidelines of G20 Summit,Third-party meeting,1,1.2594893804713905,0.45877821045012834
GDELT,Indonesia,2019-06-01,Bilateral meeting on sidelines of G20 Summit,Third-party meeting,2,1.2594893804713905,-0.35114691704829404
GDELT,Indonesia,2019-06-01,Bilateral meeting on sidelines of G20 Summit,Third-party meeting,3,1.2594893804713905,0.35770408678222876
GDELT,Indonesia,2019-06-01,Bilateral meeting on sidelines of G20 Summit,Third-party meeting,6,1.2594893804713905,-1.1224373916506927
GDELT,Indonesia,2019-06-01,Bilateral meeting on sidelines of G20 Summit,Third-party meeting,12,1.2594893804713905,-1.3511422194490101
GDELT,Indonesia,2020-11-01,Virtual bilateral meeting on sidelines of G20 Summit,Remote talk,0,0.8250312648548863,0.460590312839144
GDELT,Indonesia,2020-11-01,Virtual bilateral meeting on sidelines of G20 Summit,Remote talk,1,0.8250312648548863,0.6594958955632602
GDELT,Indonesia,2020-11-01,Virtual bilateral meeting on sidelines of G20 Summit,Remote talk,2,0.8250312648548863,-2.2293098824446735
GDELT,Indonesia,2020-11-01,Virtual bilateral meeting on sidelines of G20 Summit,Remote talk,3,0.8250312648548863,-1.0429370028746507
GDELT,Indonesia,2020-11-01,Virtual bilateral meeting on sidelines of G20 Summit,Remote talk,6,0.8250312648548863,0.7342469186423355
GDELT,Indonesia,2020-11-01,Virtual bilateral meeting on sidelines of G20 Summit,Remote talk,12,0.8250312648548863,1.217645230825162
GDELT,Indonesia,2021-10-01,Virtual bilateral meeting on sidelines of G20 Summit,Remote talk,0,0.124692478326135,1.0051201277333515
GDELT,Indonesia,2021-10-01,Virtual bilateral meeting on sidelines of G20 Summit,Remote talk,1,0.124692478326135,1.9179840173539133
GDELT,Indonesia,2021-10-01,Virtual bilateral meeting on sidelines of G20 Summit,Remote talk,2,0.124692478326135,1.0817532508780006
GDELT,Indonesia,2021-10-01,Virtual bilateral meeting on sidelines of G20 Summit,Remote talk,3,0.124692478326135,0.6087534334695259
GDELT,Indonesia,2021-10-01,Virtual bilateral meeting on sidelines of G20 Summit,Remote talk,6,0.124692478326135,1.4613734210412594
GDELT,Indonesia,2021-10-01,Virtual bilateral meeting on sidelines of G20 Summit,Remote talk,12,0.124692478326135,1.0491550044186997
GDELT,Indonesia,2022-07-01,Jokowi's State Visit to China (G20 discussion),Partner inbound visit,0,1.8233845816397949,0.4311321990016985
GDELT,Indonesia,2022-07-01,Jokowi's State Visit to China (G20 discussion),Partner inbound visit,1,1.8233845816397949,0.6947996970276602
GDELT,Indonesia,2022-07-01,Jokowi's State Visit to China (G20 discussion),Partner inbound visit,2,1.8233845816397949,-2.7584441312611396e-4
GDELT,Indonesia,2022-07-01,Jokowi's State Visit to China (G20 discussion),Partner inbound visit,3,1.8233845816397949,-0.6495370988949603
GDELT,Indonesia,2022-07-01,Jokowi's State Visit to China (G20 discussion),Partner inbound visit,6,1.8233845816397949,-0.549543180900141
GDELT,Indonesia,2022-07-01,Jokowi's State Visit to China (G20 discussion),Partner inbound visit,12,1.8233845816397949,0.6366517098822264
GDELT,Indonesia,2022-11-01,Bilateral meeting on sidelines of G20 Summit,Third-party meeting,0,1.8383801662129862,0.6248829131451814
GDELT,Indonesia,2022-11-01,Bilateral meeting on sidelines of G20 Summit,Third-party meeting,1,1.8383801662129862,0.31108891476527245
GDELT,Indonesia,2022-11-01,Bilateral meeting on sidelines of G20 Summit,Third-party meeting,2,1.8383801662129862,-0.5645387654733323
GDELT,Indonesia,2022-11-01,Bilateral meeting on sidelines of G20 Summit,Third-party meeting,3,1.8383801662129862,-1.2401719252268382
GDELT,Indonesia,2022-11-01,Bilateral meeting on sidelines of G20 Summit,Third-party meeting,6,1.8383801662129862,-0.22734217010802982
GDELT,Indonesia,2022-11-01,Bilateral meeting on sidelines of G20 Summit,Third-party meeting,12,1.8383801662129862,-0.5061324368186788
GDELT,Indonesia,2023-07-01,State visit to China and attendance at opening ceremony of 31st FISU World University Games,Partner inbound visit,0,1.6951958089783161,0.7648404825437052
GDELT,Indonesia,2023-07-01,State visit to China and attendance at opening ceremony of 31st FISU World University Games,Partner inbound visit,1,1.6951958089783161,-0.6999705848767029
GDELT,Indonesia,2023-07-01,State visit to China and attendance at opening ceremony of 31st FISU World University Games,Partner inbound visit,2,1.6951958089783161,-0.3994212176856802
GDELT,Indonesia,2023-07-01,State visit to China and attendance at opening ceremony of 31st FISU World University Games,Partner inbound visit,3,1.6951958089783161,0.21162744034109982
GDELT,Indonesia,2023-07-01,State visit to China and attendance at opening ceremony of 31st FISU World University Games,Partner inbound visit,6,1.6951958089783161,0.234781848053907
GDELT,Indonesia,2023-07-01,State visit to China and attendance at opening ceremony of 31st FISU World University Games,Partner inbound visit,12,1.6951958089783161,-0.12394185691609283
GDELT,Indonesia,2023-10-01,Attendance at Belt and Road Forum for International Cooperation,Partner inbound visit,0,1.5836787023054235,0.3231445470139924
GDELT,Indonesia,2023-10-01,Attendance at Belt and Road Forum for International Cooperation,Partner inbound visit,1,1.5836787023054235,-0.25143097291111616
GDELT,Indonesia,2023-10-01,Attendance at Belt and Road Forum for International Cooperation,Partner inbound visit,2,1.5836787023054235,-0.5006189387269444
GDELT,Indonesia,2023-10-01,Attendance at Belt and Road Forum for International Cooperation,Partner inbound visit,3,1.5836787023054235,0.3462989547267996
GDELT,Indonesia,2023-10-01,Attendance at Belt and Road Forum for International Cooperation,Partner inbound visit,6,1.5836787023054235,0.6049878495148655
GDELT,Indonesia,2023-10-01,Attendance at Belt and Road Forum for International Cooperation,Partner inbound visit,12,1.5836787023054235,-1.8811662721947915
GDELT,Indonesia,2024-04-01,Indonesian President-elect Prabowo visits China,Partner inbound visit,0,1.5899785418300567,0.5986880099902323
GDELT,Indonesia,2024-04-01,Indonesian President-elect Prabowo visits China,Partner inbound visit,1,1.5899785418300567,-0.809492663299098
GDELT,Indonesia,2024-04-01,Indonesian President-elect Prabowo visits China,Partner inbound visit,2,1.5899785418300567,-0.2142956300735792
GDELT,Indonesia,2024-04-01,Indonesian President-elect Prabowo visits China,Partner inbound visit,3,1.5899785418300567,-0.01872458976783342
GDELT,Indonesia,2024-04-01,Indonesian President-elect Prabowo visits China,Partner inbound visit,6,1.5899785418300567,-1.8874661117194247
GDELT,Indonesia,2024-04-01,Indonesian President-elect Prabowo visits China,Partner inbound visit,12,1.5899785418300567,0.7829780246000908
GDELT,Indonesia,2024-10-01,Vice President Han Zheng attends Prabowo inauguration and visits Indonesia,Chinese outbound visit,0,1.7276104613358416,-2.02509803122521
GDELT,Indonesia,2024-10-01,Vice President Han Zheng attends Prabowo inauguration and visits Indonesia,Chinese outbound visit,1,1.7276104613358416,-0.6057615059681085
GDELT,Indonesia,2024-10-01,Vice President Han Zheng attends Prabowo inauguration and visits Indonesia,Chinese outbound visit,2,1.7276104613358416,-0.653647019336973
GDELT,Indonesia,2024-10-01,Vice President Han Zheng attends Prabowo inauguration and visits Indonesia,Chinese outbound visit,3,1.7276104613358416,-0.845101030468199
GDELT,Indonesia,2024-10-01,Vice President Han Zheng attends Prabowo inauguration and visits Indonesia,Chinese outbound visit,6,1.7276104613358416,0.6453461050943059
GDELT,Indonesia,2024-10-01,Vice President Han Zheng attends Prabowo inauguration and visits Indonesia,Chinese outbound visit,12,1.7276104613358416,0.32131215826482173
GDELT,Indonesia,2024-11-01,State visit to China by Prabowo,Partner inbound visit,0,1.104696620685311,0.017152334682422055
GDELT,Indonesia,2024-11-01,State visit to China by Prabowo,Partner inbound visit,1,1.104696620685311,-0.03073317868644243
GDELT,Indonesia,2024-11-01,State visit to China by Prabowo,Partner inbound visit,2,1.104696620685311,-0.22218718981766838
GDELT,Indonesia,2024-11-01,State visit to China by Prabowo,Partner inbound visit,3,1.104696620685311,0.6111345929399608
GDELT,Indonesia,2024-11-01,State visit to China by Prabowo,Partner inbound visit,6,1.104696620685311,0.6886726942568238
GDELT,Indonesia,2024-11-01,State visit to China by Prabowo,Partner inbound visit,12,1.104696620685311,-0.3331116584706717
GDELT,Indonesia,2025-05-01,Li Qiang official visit to Indonesia,Chinese outbound visit,0,2.0989587307871638,-0.30558941584502897
GDELT,Indonesia,2025-05-01,Li Qiang official visit to Indonesia,Chinese outbound visit,1,2.0989587307871638,0.1912403743256892
GDELT,Indonesia,2025-05-01,Li Qiang official visit to Indonesia,Chinese outbound visit,2,2.0989587307871638,-0.04757588767719767
GDELT,Indonesia,2025-05-01,Li Qiang official visit to Indonesia,Chinese outbound visit,3,2.0989587307871638,-1.613221086538056
GDELT,Indonesia,2025-05-01,Li Qiang official visit to Indonesia,Chinese outbound visit,6,2.0989587307871638,-1.3273737685725244
GDELT,Indonesia,2025-09-01,President Prabowo visits China for WWII 80th anniversary commemoration,Partner inbound visit,0,1.6091065308239756,-0.8671242282157543
GDELT,Indonesia,2025-09-01,President Prabowo visits China for WWII 80th anniversary commemoration,Partner inbound visit,1,1.6091065308239756,0.43981608877668776
GDELT,Indonesia,2025-09-01,President Prabowo visits China for WWII 80th anniversary commemoration,Partner inbound visit,2,1.6091065308239756,-0.8375215686093362
GDELT,Indonesia,2025-09-01,President Prabowo visits China for WWII 80th anniversary commemoration,Partner inbound visit,3,1.6091065308239756,0.428874064186342
GDELT,Indonesia,2025-12-01,CPPCC Chairman Wang Huning official friendly visit to Indonesia,Chinese outbound visit,0,1.1874966281411747,0.8504839668691428
GDELT,Iran,2002-04-01,State visit to Iran,Chinese outbound visit,0,1.7425545302418204,1.0248776862221938
GDELT,Iran,2002-04-01,State visit to Iran,Chinese outbound visit,1,1.7425545302418204,-6.242554530241818
GDELT,Iran,2002-04-01,State visit to Iran,Chinese outbound visit,2,1.7425545302418204,-0.04255453024181932
GDELT,Iran,2002-04-01,State visit to Iran,Chinese outbound visit,3,1.7425545302418204,1.0416985352275692
GDELT,Iran,2002-04-01,State visit to Iran,Chinese outbound visit,6,1.7425545302418204,0.4612099930017557
GDELT,Iran,2002-04-01,State visit to Iran,Chinese outbound visit,12,1.7425545302418204,1.9465412807900244
GDELT,Iran,2006-06-01,Ahmadinejad attends SCO summit and meets Hu Jintao in Shanghai,Partner inbound visit,0,1.0430285410148095,0.4686569637440119
GDELT,Iran,2006-06-01,Ahmadinejad attends SCO summit and meets Hu Jintao in Shanghai,Partner inbound visit,1,1.0430285410148095,-0.34837919082380076
GDELT,Iran,2006-06-01,Ahmadinejad attends SCO summit and meets Hu Jintao in Shanghai,Partner inbound visit,2,1.0430285410148095,0.6627443215498587
GDELT,Iran,2006-06-01,Ahmadinejad attends SCO summit and meets Hu Jintao in Shanghai,Partner inbound visit,3,1.0430285410148095,-1.7122448962820158
GDELT,Iran,2006-06-01,Ahmadinejad attends SCO summit and meets Hu Jintao in Shanghai,Partner inbound visit,6,1.0430285410148095,1.0821862889482805
GDELT,Iran,2006-06-01,Ahmadinejad attends SCO summit and meets Hu Jintao in Shanghai,Partner inbound visit,12,1.0430285410148095,0.2158700729950649
GDELT,Iran,2014-05-01,State visit to China and attendance at CICA summit,Partner inbound visit,0,1.9111580374179227,0.7023298845698782
GDELT,Iran,2014-05-01,State visit to China and attendance at CICA summit,Partner inbound visit,1,1.9111580374179227,1.3664022390634514
GDELT,Iran,2014-05-01,State visit to China and attendance at CICA summit,Partner inbound visit,2,1.9111580374179227,0.4114349388834977
GDELT,Iran,2014-05-01,State visit to China and attendance at CICA summit,Partner inbound visit,3,1.9111580374179227,0.6321532368254281
GDELT,Iran,2014-05-01,State visit to China and attendance at CICA summit,Partner inbound visit,6,1.9111580374179227,-0.2033636320443586
GDELT,Iran,2014-05-01,State visit to China and attendance at CICA summit,Partner inbound visit,12,1.9111580374179227,0.8947108430572939
GDELT,Iran,2016-01-01,State visit to Iran and establishment of comprehensive strategic partnership,Chinese outbound visit,0,2.8235937514963734,-0.5113512975116841
GDELT,Iran,2016-01-01,State visit to Iran and establishment of comprehensive strategic partnership,Chinese outbound visit,1,2.8235937514963734,-0.7065824926885966
GDELT,Iran,2016-01-01,State visit to Iran and establishment of comprehensive strategic partnership,Chinese outbound visit,2,2.8235937514963734,-1.0118221308625799
GDELT,Iran,2016-01-01,State visit to Iran and establishment of comprehensive strategic partnership,Chinese outbound visit,3,2.8235937514963734,-1.1938886682541856
GDELT,Iran,2016-01-01,State visit to Iran and establishment of comprehensive strategic partnership,Chinese outbound visit,6,2.8235937514963734,-2.153980105005237
GDELT,Iran,2016-01-01,State visit to Iran and establishment of comprehensive strategic partnership,Chinese outbound visit,12,2.8235937514963734,-0.7650074293209403
GDELT,Iran,2023-02-01,State visit to China,Partner inbound visit,0,0.8702932787353822,1.0580401266737254
GDELT,Iran,2023-02-01,State visit to China,Partner inbound visit,1,0.8702932787353822,2.0983052072607076
GDELT,Iran,2023-02-01,State visit to China,Partner inbound visit,2,0.8702932787353822,1.9445807670414879
GDELT,Iran,2023-02-01,State visit to China,Partner inbound visit,3,0.8702932787353822,1.8005925528664082
GDELT,Iran,2023-02-01,State visit to China,Partner inbound visit,6,0.8702932787353822,1.8980012003483782
GDELT,Iran,2023-02-01,State visit to China,Partner inbound visit,12,0.8702932787353822,-0.8077725814417894
GDELT,Iran,2024-12-01,Official visit to Iran,Chinese outbound visit,0,1.4784147619744363,-0.38486300877396573
GDELT,Iran,2024-12-01,Official visit to Iran,Chinese outbound visit,1,1.4784147619744363,-0.2593732982529193
GDELT,Iran,2024-12-01,Official visit to Iran,Chinese outbound visit,2,1.4784147619744363,-0.9797765058657539
GDELT,Iran,2024-12-01,Official visit to Iran,Chinese outbound visit,3,1.4784147619744363,0.3914550412811
GDELT,Iran,2024-12-01,Official visit to Iran,Chinese outbound visit,6,1.4784147619744363,-1.0700088037029207
GDELT,Iran,2024-12-01,Official visit to Iran,Chinese outbound visit,12,1.4784147619744363,1.1262523298919085
GDELT,Iran,2025-09-01,State visit to China,Partner inbound visit,0,0.7722968500228274,1.2111894810583181
GDELT,Iran,2025-09-01,State visit to China,Partner inbound visit,1,0.7722968500228274,0.15441018591104572
GDELT,Iran,2025-09-01,State visit to China,Partner inbound visit,2,0.7722968500228274,0.5571297394944627
GDELT,Iran,2025-09-01,State visit to China,Partner inbound visit,3,0.7722968500228274,1.8323702418435173
GDELT,Italy,2004-05-01,Official visit to Italy,Chinese outbound visit,0,0.9518077061243843,0.6197036962505466
GDELT,Italy,2004-05-01,Official visit to Italy,Chinese outbound visit,1,0.9518077061243843,2.3570512882080408
GDELT,Italy,2004-05-01,Official visit to Italy,Chinese outbound visit,2,0.9518077061243843,-0.8463595612670359
GDELT,Italy,2004-05-01,Official visit to Italy,Chinese outbound visit,3,0.9518077061243843,0.8783671392463238
GDELT,Italy,2004-05-01,Official visit to Italy,Chinese outbound visit,6,0.9518077061243843,3.8864055851183217
GDELT,Italy,2004-05-01,Official visit to Italy,Chinese outbound visit,12,0.9518077061243843,-0.17665653819025973
GDELT,Italy,2008-08-01,Attends Beijing Olympics opening ceremony,Third-party meeting,0,0.589021296742402,0.7518745490927969
GDELT,Italy,2008-08-01,Attends Beijing Olympics opening ceremony,Third-party meeting,1,0.589021296742402,-0.10926986446489018
GDELT,Italy,2008-08-01,Attends Beijing Olympics opening ceremony,Third-party meeting,2,0.589021296742402,0.343331300080976
GDELT,Italy,2008-08-01,Attends Beijing Olympics opening ceremony,Third-party meeting,3,0.589021296742402,0.32698458219059034
GDELT,Italy,2008-08-01,Attends Beijing Olympics opening ceremony,Third-party meeting,6,0.589021296742402,-1.6048725103532655
GDELT,Italy,2008-08-01,Attends Beijing Olympics opening ceremony,Third-party meeting,12,0.589021296742402,-1.5063838616077287
GDELT,Italy,2014-06-01,Official visit to Italy,Chinese outbound visit,0,0.8011037619346617,2.7084196998280357
GDELT,Italy,2014-06-01,Official visit to Italy,Chinese outbound visit,1,0.8011037619346617,-0.5861886381598975
GDELT,Italy,2014-06-01,Official visit to Italy,Chinese outbound visit,2,0.8011037619346617,0.7500754343260292
GDELT,Italy,2014-06-01,Official visit to Italy,Chinese outbound visit,3,0.8011037619346617,-0.14173752043025556
GDELT,Italy,2014-06-01,Official visit to Italy,Chinese outbound visit,6,0.8011037619346617,-0.9810098012513191
GDELT,Italy,2014-06-01,Official visit to Italy,Chinese outbound visit,12,0.8011037619346617,0.23014309493107343
GDELT,Italy,2019-03-01,State visit to Italy,Chinese outbound visit,0,1.3374209693205692,1.5498643739692313
GDELT,Italy,2019-03-01,State visit to Italy,Chinese outbound visit,1,1.3374209693205692,1.3556370248151908
GDELT,Italy,2019-03-01,State visit to Italy,Chinese outbound visit,2,1.3374209693205692,0.6566161965671917
GDELT,Italy,2019-03-01,State visit to Italy,Chinese outbound visit,3,1.3374209693205692,-0.19227245608002153
GDELT,Italy,2019-03-01,State visit to Italy,Chinese outbound visit,6,1.3374209693205692,0.4716301010219397
GDELT,Italy,2019-03-01,State visit to Italy,Chinese outbound visit,12,1.3374209693205692,-0.4954658489440902
GDELT,Italy,2024-07-01,Official visit to China,Partner inbound visit,0,1.8880525189539472,-2.1221570698765015
GDELT,Italy,2024-07-01,Official visit to China,Partner inbound visit,1,1.8880525189539472,-0.025352033314244293
GDELT,Italy,2024-07-01,Official visit to China,Partner inbound visit,2,1.8880525189539472,0.26024502618297096
GDELT,Italy,2024-07-01,Official visit to China,Partner inbound visit,3,1.8880525189539472,-0.5846148997683425
GDELT,Italy,2024-07-01,Official visit to China,Partner inbound visit,6,1.8880525189539472,-0.4318713199513453
GDELT,Italy,2024-07-01,Official visit to China,Partner inbound visit,12,1.8880525189539472,-1.4394603016650265
GDELT,Japan,2003-06-01,Meeting on sidelines of G8 Summit in Evian,Third-party meeting,0,1.8607952829189955,0.30432165608352224
GDELT,Japan,2003-06-01,Meeting on sidelines of G8 Summit in Evian,Third-party meeting,1,1.8607952829189955,0.45046096490550824
GDELT,Japan,2003-06-01,Meeting on sidelines of G8 Summit in Evian,Third-party meeting,2,1.8607952829189955,0.41994374682960856
GDELT,Japan,2003-06-01,Meeting on sidelines of G8 Summit in Evian,Third-party meeting,3,1.8607952829189955,-0.37255917014448525
GDELT,Japan,2003-06-01,Meeting on sidelines of G8 Summit in Evian,Third-party meeting,6,1.8607952829189955,-1.1256088629688261
GDELT,Japan,2003-06-01,Meeting on sidelines of G8 Summit in Evian,Third-party meeting,12,1.8607952829189955,-0.26115000991321
GDELT,Japan,2003-10-01,Meeting on sidelines of APEC Summit in Bangkok,Third-party meeting,0,2.0267437967825392,-0.7310211818716263
GDELT,Japan,2003-10-01,Meeting on sidelines of APEC Summit in Bangkok,Third-party meeting,1,2.0267437967825392,-0.0733757278412408
GDELT,Japan,2003-10-01,Meeting on sidelines of APEC Summit in Bangkok,Third-party meeting,2,2.0267437967825392,-1.2915573768323698
GDELT,Japan,2003-10-01,Meeting on sidelines of APEC Summit in Bangkok,Third-party meeting,3,2.0267437967825392,-1.1829646156600573
GDELT,Japan,2003-10-01,Meeting on sidelines of APEC Summit in Bangkok,Third-party meeting,6,2.0267437967825392,-0.8230113675206912
GDELT,Japan,2003-10-01,Meeting on sidelines of APEC Summit in Bangkok,Third-party meeting,12,2.0267437967825392,0.41679937141049006
GDELT,Japan,2004-11-01,Meeting on sidelines of APEC Summit in Santiago,Third-party meeting,0,1.7501377723909033,-0.37060247067284413
GDELT,Japan,2004-11-01,Meeting on sidelines of APEC Summit in Santiago,Third-party meeting,1,1.7501377723909033,-1.5867070326083463
GDELT,Japan,2004-11-01,Meeting on sidelines of APEC Summit in Santiago,Third-party meeting,2,1.7501377723909033,-1.1394019872278434
GDELT,Japan,2004-11-01,Meeting on sidelines of APEC Summit in Santiago,Third-party meeting,3,1.7501377723909033,-0.5396033613133444
GDELT,Japan,2004-11-01,Meeting on sidelines of APEC Summit in Santiago,Third-party meeting,6,1.7501377723909033,-2.0514571429847392
GDELT,Japan,2004-11-01,Meeting on sidelines of APEC Summit in Santiago,Third-party meeting,12,1.7501377723909033,0.4569826900844913
GDELT,Japan,2005-04-01,Meeting on sidelines of Asia-Africa Summit in Jakarta,Third-party meeting,0,0.7049084756974261,-2.022100563000091
GDELT,Japan,2005-04-01,Meeting on sidelines of Asia-Africa Summit in Jakarta,Third-party meeting,1,0.7049084756974261,-1.006227846291262
GDELT,Japan,2005-04-01,Meeting on sidelines of Asia-Africa Summit in Jakarta,Third-party meeting,2,0.7049084756974261,-0.2714935907256032
GDELT,Japan,2005-04-01,Meeting on sidelines of Asia-Africa Summit in Jakarta,Third-party meeting,3,0.7049084756974261,0.44568652570158906
GDELT,Japan,2005-04-01,Meeting on sidelines of Asia-Africa Summit in Jakarta,Third-party meeting,6,0.7049084756974261,1.091529088529498
GDELT,Japan,2005-04-01,Meeting on sidelines of Asia-Africa Summit in Jakarta,Third-party meeting,12,0.7049084756974261,-0.8352063634059396
GDELT,Japan,2006-10-01,Abe First Visit,Partner inbound visit,0,1.0272312091568718,0.891162083284673
GDELT,Japan,2006-10-01,Abe First Visit,Partner inbound visit,1,1.0272312091568718,1.0606806500302142
GDELT,Japan,2006-10-01,Abe First Visit,Partner inbound visit,2,1.0272312091568718,0.7547402076588963
GDELT,Japan,2006-10-01,Abe First Visit,Partner inbound visit,3,1.0272312091568718,0.5329718559327592
GDELT,Japan,2006-10-01,Abe First Visit,Partner inbound visit,6,1.0272312091568718,0.20058943496094273
GDELT,Japan,2006-10-01,Abe First Visit,Partner inbound visit,12,1.0272312091568718,0.586480420597093
GDELT,Japan,2007-01-01,Meeting on sidelines of East Asia Summit in Cebu,Third-party meeting,0,1.9294255228147996,-0.3692224577251686
GDELT,Japan,2007-01-01,Meeting on sidelines of East Asia Summit in Cebu,Third-party meeting,1,1.9294255228147996,-0.07345933316809727
GDELT,Japan,2007-01-01,Meeting on sidelines of East Asia Summit in Cebu,Third-party meeting,2,1.9294255228147996,-1.1427890908709966
GDELT,Japan,2007-01-01,Meeting on sidelines of East Asia Summit in Cebu,Third-party meeting,3,1.9294255228147996,-0.7016048786969851
GDELT,Japan,2007-01-01,Meeting on sidelines of East Asia Summit in Cebu,Third-party meeting,6,1.9294255228147996,-0.7815106664268736
GDELT,Japan,2007-01-01,Meeting on sidelines of East Asia Summit in Cebu,Third-party meeting,12,1.9294255228147996,-0.5885745187545821
GDELT,Japan,2007-04-01,Official visit to Japan for bilateral talks,Chinese outbound visit,0,1.4009352288933787,-0.17311458477556418
GDELT,Japan,2007-04-01,Official visit to Japan for bilateral talks,Chinese outbound visit,1,1.4009352288933787,-0.39665737363125064
GDELT,Japan,2007-04-01,Official visit to Japan for bilateral talks,Chinese outbound visit,2,1.4009352288933787,-0.06401672421697602
GDELT,Japan,2007-04-01,Official visit to Japan for bilateral talks,Chinese outbound visit,3,1.4009352288933787,-0.25302037250545273
GDELT,Japan,2007-04-01,Official visit to Japan for bilateral talks,Chinese outbound visit,6,1.4009352288933787,0.21277640086058613
GDELT,Japan,2007-04-01,Official visit to Japan for bilateral talks,Chinese outbound visit,12,1.4009352288933787,-0.565104688374338
GDELT,Japan,2007-12-01,Official visit to China for bilateral summit,Partner inbound visit,0,1.630841334124441,-0.1449361148025392
GDELT,Japan,2007-12-01,Official visit to China for bilateral summit,Partner inbound visit,1,1.630841334124441,-0.2899903300642235
GDELT,Japan,2007-12-01,Official visit to China for bilateral summit,Partner inbound visit,2,1.630841334124441,0.005982829191050643
GDELT,Japan,2007-12-01,Official visit to China for bilateral summit,Partner inbound visit,3,1.630841334124441,-0.5006210647780189
GDELT,Japan,2007-12-01,Official visit to China for bilateral summit,Partner inbound visit,6,1.630841334124441,0.5122557867089921
GDELT,Japan,2007-12-01,Official visit to China for bilateral summit,Partner inbound visit,12,1.630841334124441,-0.2030316206499616
GDELT,Japan,2008-05-01,State visit to Japan for bilateral summit,Chinese outbound visit,0,1.2009583243936515,0.9375015081165028
GDELT,Japan,2008-05-01,State visit to Japan for bilateral summit,Chinese outbound visit,1,1.2009583243936515,0.9421387964397816
GDELT,Japan,2008-05-01,State visit to Japan for bilateral summit,Chinese outbound visit,2,1.2009583243936515,1.2649948697605122
GDELT,Japan,2008-05-01,State visit to Japan for bilateral summit,Chinese outbound visit,3,1.2009583243936515,-0.7101431362931887
GDELT,Japan,2008-05-01,State visit to Japan for bilateral summit,Chinese outbound visit,6,1.2009583243936515,1.1327926717199617
GDELT,Japan,2008-05-01,State visit to Japan for bilateral summit,Chinese outbound visit,12,1.2009583243936515,0.050750283578638644
GDELT,Japan,2008-05-01,Hu Visits Japan,Chinese outbound visit,0,1.2009583243936515,0.9375015081165028
GDELT,Japan,2008-05-01,Hu Visits Japan,Chinese outbound visit,1,1.2009583243936515,0.9421387964397816
GDELT,Japan,2008-05-01,Hu Visits Japan,Chinese outbound visit,2,1.2009583243936515,1.2649948697605122
GDELT,Japan,2008-05-01,Hu Visits Japan,Chinese outbound visit,3,1.2009583243936515,-0.7101431362931887
GDELT,Japan,2008-05-01,Hu Visits Japan,Chinese outbound visit,6,1.2009583243936515,1.1327926717199617
GDELT,Japan,2008-05-01,Hu Visits Japan,Chinese outbound visit,12,1.2009583243936515,0.050750283578638644
GDELT,Japan,2008-07-01,Meeting on sidelines of G8 Summit in Toyako,Third-party meeting,0,1.7057958312875428,0.760157362866621
GDELT,Japan,2008-07-01,Meeting on sidelines of G8 Summit in Toyako,Third-party meeting,1,1.7057958312875428,-1.21498064318708
GDELT,Japan,2008-07-01,Meeting on sidelines of G8 Summit in Toyako,Third-party meeting,2,1.7057958312875428,0.23467640550471036
GDELT,Japan,2008-07-01,Meeting on sidelines of G8 Summit in Toyako,Third-party meeting,3,1.7057958312875428,0.2222770735971844
GDELT,Japan,2008-07-01,Meeting on sidelines of G8 Summit in Toyako,Third-party meeting,6,1.7057958312875428,-0.6302112446175048
GDELT,Japan,2008-07-01,Meeting on sidelines of G8 Summit in Toyako,Third-party meeting,12,1.7057958312875428,-1.121265411705452
GDELT,Japan,2008-11-01,Meeting on sidelines of APEC Summit in Lima,Third-party meeting,0,1.4531201099258144,0.8806308861877987
GDELT,Japan,2008-11-01,Meeting on sidelines of APEC Summit in Lima,Third-party meeting,1,1.4531201099258144,-0.025310396451335038
GDELT,Japan,2008-11-01,Meeting on sidelines of APEC Summit in Lima,Third-party meeting,2,1.4531201099258144,-0.37753552325577644
GDELT,Japan,2008-11-01,Meeting on sidelines of APEC Summit in Lima,Third-party meeting,3,1.4531201099258144,0.35218822274075046
GDELT,Japan,2008-11-01,Meeting on sidelines of APEC Summit in Lima,Third-party meeting,6,1.4531201099258144,-0.2014115019535243
GDELT,Japan,2008-11-01,Meeting on sidelines of APEC Summit in Lima,Third-party meeting,12,1.4531201099258144,-0.03651711390298651
GDELT,Japan,2009-04-01,Official visit to China for bilateral talks,Partner inbound visit,0,1.4715784471375375,-0.11792591660363771
GDELT,Japan,2009-04-01,Official visit to China for bilateral talks,Partner inbound visit,1,1.4715784471375375,-0.21986983916524738
GDELT,Japan,2009-04-01,Official visit to China for bilateral talks,Partner inbound visit,2,1.4715784471375375,0.005552993564102993
GDELT,Japan,2009-04-01,Official visit to China for bilateral talks,Partner inbound visit,3,1.4715784471375375,-0.8870480275554466
GDELT,Japan,2009-04-01,Official visit to China for bilateral talks,Partner inbound visit,6,1.4715784471375375,-0.18082411990465141
GDELT,Japan,2009-04-01,Official visit to China for bilateral talks,Partner inbound visit,12,1.4715784471375375,-1.6925504299867142
GDELT,Japan,2009-09-01,Meeting on sidelines of UN General Assembly in New York,Third-party meeting,0,1.1503298802530242,0.6291621343850473
GDELT,Japan,2009-09-01,Meeting on sidelines of UN General Assembly in New York,Third-party meeting,1,1.1503298802530242,0.1404244469798619
GDELT,Japan,2009-09-01,Meeting on sidelines of UN General Assembly in New York,Third-party meeting,2,1.1503298802530242,0.2662731157698037
GDELT,Japan,2009-09-01,Meeting on sidelines of UN General Assembly in New York,Third-party meeting,3,1.1503298802530242,-0.0423682345840628
GDELT,Japan,2009-09-01,Meeting on sidelines of UN General Assembly in New York,Third-party meeting,6,1.1503298802530242,0.3662886981452662
GDELT,Japan,2009-09-01,Meeting on sidelines of UN General Assembly in New York,Third-party meeting,12,1.1503298802530242,-1.7412314492659966
GDELT,Japan,2009-11-01,Meeting on sidelines of APEC Summit in Singapore,Third-party meeting,0,1.4865247074487662,-0.06992171142593828
GDELT,Japan,2009-11-01,Meeting on sidelines of APEC Summit in Singapore,Third-party meeting,1,1.4865247074487662,-0.3785630617798048
GDELT,Japan,2009-11-01,Meeting on sidelines of APEC Summit in Singapore,Third-party meeting,2,1.4865247074487662,-0.5071554275804668
GDELT,Japan,2009-11-01,Meeting on sidelines of APEC Summit in Singapore,Third-party meeting,3,1.4865247074487662,-0.07104051005457168
GDELT,Japan,2009-11-01,Meeting on sidelines of APEC Summit in Singapore,Third-party meeting,6,1.4865247074487662,0.39051605329373484
GDELT,Japan,2009-11-01,Meeting on sidelines of APEC Summit in Singapore,Third-party meeting,12,1.4865247074487662,-0.8871854841654485
GDELT,Japan,2010-04-01,Meeting on sidelines of Nuclear Security Summit in Washington,Third-party meeting,0,1.3038240185535948,-1.5247960014027715
GDELT,Japan,2010-04-01,Meeting on sidelines of Nuclear Security Summit in Washington,Third-party meeting,1,1.3038240185535948,0.5732167421889063
GDELT,Japan,2010-04-01,Meeting on sidelines of Nuclear Security Summit in Washington,Third-party meeting,2,1.3038240185535948,-0.01812750518478068
GDELT,Japan,2010-04-01,Meeting on sidelines of Nuclear Security Summit in Washington,Third-party meeting,3,1.3038240185535948,-0.5705220562184188
GDELT,Japan,2010-04-01,Meeting on sidelines of Nuclear Security Summit in Washington,Third-party meeting,6,1.3038240185535948,-1.2657499022679293
GDELT,Japan,2010-04-01,Meeting on sidelines of Nuclear Security Summit in Washington,Third-party meeting,12,1.3038240185535948,-0.08699837873965244
GDELT,Japan,2010-05-01,Official visit to Japan for bilateral talks,Chinese outbound visit,0,0.903710264314436,0.973330496428065
GDELT,Japan,2010-05-01,Official visit to Japan for bilateral talks,Chinese outbound visit,1,0.903710264314436,0.38198624905437806
GDELT,Japan,2010-05-01,Official visit to Japan for bilateral talks,Chinese outbound visit,2,0.903710264314436,-0.17040830197926005
GDELT,Japan,2010-05-01,Official visit to Japan for bilateral talks,Chinese outbound visit,3,0.903710264314436,-0.4362646641749107
GDELT,Japan,2010-05-01,Official visit to Japan for bilateral talks,Chinese outbound visit,6,0.903710264314436,-0.30437104103111834
GDELT,Japan,2010-05-01,Official visit to Japan for bilateral talks,Chinese outbound visit,12,0.903710264314436,0.6173216454953635
GDELT,Japan,2010-06-01,Meeting on sidelines of G20 Summit in Toronto,Third-party meeting,0,1.057562452097205,0.22813406127160918
GDELT,Japan,2010-06-01,Meeting on sidelines of G20 Summit in Toronto,Third-party meeting,1,1.057562452097205,-0.3242604897620289
GDELT,Japan,2010-06-01,Meeting on sidelines of G20 Summit in Toronto,Third-party meeting,2,1.057562452097205,-0.5901168519576796
GDELT,Japan,2010-06-01,Meeting on sidelines of G20 Summit in Toronto,Third-party meeting,3,1.057562452097205,-1.6484640211101773
GDELT,Japan,2010-06-01,Meeting on sidelines of G20 Summit in Toronto,Third-party meeting,6,1.057562452097205,-1.0720425424394815
GDELT,Japan,2010-06-01,Meeting on sidelines of G20 Summit in Toronto,Third-party meeting,12,1.057562452097205,-1.1834511969633468
GDELT,Japan,2010-10-01,Meeting on sidelines of East Asia Summit in Hanoi,Third-party meeting,0,0.2032819978205763,-0.1652078815349108
GDELT,Japan,2010-10-01,Meeting on sidelines of East Asia Summit in Hanoi,Third-party meeting,1,0.2032819978205763,0.39605722546274136
GDELT,Japan,2010-10-01,Meeting on sidelines of East Asia Summit in Hanoi,Third-party meeting,2,0.2032819978205763,-0.2177620881628529
GDELT,Japan,2010-10-01,Meeting on sidelines of East Asia Summit in Hanoi,Third-party meeting,3,0.2032819978205763,1.735474057264352
GDELT,Japan,2010-10-01,Meeting on sidelines of East Asia Summit in Hanoi,Third-party meeting,6,0.2032819978205763,1.013543641993366
GDELT,Japan,2010-10-01,Meeting on sidelines of East Asia Summit in Hanoi,Third-party meeting,12,0.2032819978205763,1.1917816782878006
GDELT,Japan,2010-11-01,Meeting on sidelines of APEC Summit in Yokohama,Third-party meeting,0,-0.028460617529260546,0.6277998408125782
GDELT,Japan,2010-11-01,Meeting on sidelines of APEC Summit in Yokohama,Third-party meeting,1,-0.028460617529260546,0.013980527186983956
GDELT,Japan,2010-11-01,Meeting on sidelines of APEC Summit in Yokohama,Third-party meeting,2,-0.028460617529260546,1.9672166726141889
GDELT,Japan,2010-11-01,Meeting on sidelines of APEC Summit in Yokohama,Third-party meeting,3,-0.028460617529260546,1.0669671259171398
GDELT,Japan,2010-11-01,Meeting on sidelines of APEC Summit in Yokohama,Third-party meeting,6,-0.028460617529260546,1.54949252733906
GDELT,Japan,2010-11-01,Meeting on sidelines of APEC Summit in Yokohama,Third-party meeting,12,-0.028460617529260546,1.5523134299510684
GDELT,Japan,2011-05-01,Official visit to Japan for bilateral talks,Chinese outbound visit,0,1.0864662174288615,0.434565692380938
GDELT,Japan,2011-05-01,Official visit to Japan for bilateral talks,Chinese outbound visit,1,1.0864662174288615,-1.2123549622950034
GDELT,Japan,2011-05-01,Official visit to Japan for bilateral talks,Chinese outbound visit,2,1.0864662174288615,-0.36728986419152965
GDELT,Japan,2011-05-01,Official visit to Japan for bilateral talks,Chinese outbound visit,3,1.0864662174288615,-1.209420582179159
GDELT,Japan,2011-05-01,Official visit to Japan for bilateral talks,Chinese outbound visit,6,1.0864662174288615,0.4373865949929463
GDELT,Japan,2011-05-01,Official visit to Japan for bilateral talks,Chinese outbound visit,12,1.0864662174288615,0.05301884057636985
GDELT,Japan,2011-11-01,Meeting on sidelines of APEC Summit in Honolulu,Third-party meeting,0,0.4395511252036564,1.0843016872181515
GDELT,Japan,2011-11-01,Meeting on sidelines of APEC Summit in Honolulu,Third-party meeting,1,0.4395511252036564,0.4838897128923338
GDELT,Japan,2011-11-01,Meeting on sidelines of APEC Summit in Honolulu,Third-party meeting,2,0.4395511252036564,0.2846381578501382
GDELT,Japan,2011-11-01,Meeting on sidelines of APEC Summit in Honolulu,Third-party meeting,3,0.4395511252036564,-0.17017510147088305
GDELT,Japan,2011-11-01,Meeting on sidelines of APEC Summit in Honolulu,Third-party meeting,6,0.4395511252036564,0.699933932801575
GDELT,Japan,2011-11-01,Meeting on sidelines of APEC Summit in Honolulu,Third-party meeting,12,0.4395511252036564,-0.856823590814073
GDELT,Japan,2011-12-01,Official visit to China for bilateral talks,Partner inbound visit,0,0.9884868509276915,-0.0650460128317013
GDELT,Japan,2011-12-01,Official visit to China for bilateral talks,Partner inbound visit,1,0.9884868509276915,-0.2642975678738969
GDELT,Japan,2011-12-01,Official visit to China for bilateral talks,Partner inbound visit,2,0.9884868509276915,-0.7191108271949181
GDELT,Japan,2011-12-01,Official visit to China for bilateral talks,Partner inbound visit,3,0.9884868509276915,-0.564804825514616
GDELT,Japan,2011-12-01,Official visit to China for bilateral talks,Partner inbound visit,6,0.9884868509276915,0.19204583020428012
GDELT,Japan,2011-12-01,Official visit to China for bilateral talks,Partner inbound visit,12,0.9884868509276915,-1.6160685196176012
GDELT,Japan,2011-12-01,Official visit to China for bilateral summit,Partner inbound visit,0,0.9884868509276915,-0.0650460128317013
GDELT,Japan,2011-12-01,Official visit to China for bilateral summit,Partner inbound visit,1,0.9884868509276915,-0.2642975678738969
GDELT,Japan,2011-12-01,Official visit to China for bilateral summit,Partner inbound visit,2,0.9884868509276915,-0.7191108271949181
GDELT,Japan,2011-12-01,Official visit to China for bilateral summit,Partner inbound visit,3,0.9884868509276915,-0.564804825514616
GDELT,Japan,2011-12-01,Official visit to China for bilateral summit,Partner inbound visit,6,0.9884868509276915,0.19204583020428012
GDELT,Japan,2011-12-01,Official visit to China for bilateral summit,Partner inbound visit,12,0.9884868509276915,-1.6160685196176012
GDELT,Japan,2012-05-01,Meeting on sidelines of China-Japan-Korea summit in Beijing,Partner inbound visit,0,0.6213911731531644,0.518093884852067
GDELT,Japan,2012-05-01,Meeting on sidelines of China-Japan-Korea summit in Beijing,Partner inbound visit,1,0.6213911731531644,0.5591415079788072
GDELT,Japan,2012-05-01,Meeting on sidelines of China-Japan-Korea summit in Beijing,Partner inbound visit,2,0.6213911731531644,-1.092918485873302
GDELT,Japan,2012-05-01,Meeting on sidelines of China-Japan-Korea summit in Beijing,Partner inbound visit,3,0.6213911731531644,-1.737818932161327
GDELT,Japan,2012-05-01,Meeting on sidelines of China-Japan-Korea summit in Beijing,Partner inbound visit,6,0.6213911731531644,-1.038663638763581
GDELT,Japan,2012-05-01,Meeting on sidelines of China-Japan-Korea summit in Beijing,Partner inbound visit,12,0.6213911731531644,-0.3957042935038265
GDELT,Japan,2012-09-01,Meeting on sidelines of APEC Summit in Vladivostok,Third-party meeting,0,-0.13580746353210968,-1.4905459513698345
GDELT,Japan,2012-09-01,Meeting on sidelines of APEC Summit in Vladivostok,Third-party meeting,1,-0.13580746353210968,-0.7139632103297752
GDELT,Japan,2012-09-01,Meeting on sidelines of APEC Summit in Vladivostok,Third-party meeting,2,-0.13580746353210968,-0.28146500207830694
GDELT,Japan,2012-09-01,Meeting on sidelines of APEC Summit in Vladivostok,Third-party meeting,3,-0.13580746353210968,-0.4917742051578001
GDELT,Japan,2012-09-01,Meeting on sidelines of APEC Summit in Vladivostok,Third-party meeting,6,-0.13580746353210968,-0.11756859089559471
GDELT,Japan,2012-09-01,Meeting on sidelines of APEC Summit in Vladivostok,Third-party meeting,12,-0.13580746353210968,-0.17096546124859083
GDELT,Japan,2014-11-01,APEC Xi-Abe Meeting,Third-party meeting,0,0.19274473800948752,0.7982204756361481
GDELT,Japan,2014-11-01,APEC Xi-Abe Meeting,Third-party meeting,1,0.19274473800948752,-0.5171041613440206
GDELT,Japan,2014-11-01,APEC Xi-Abe Meeting,Third-party meeting,2,0.19274473800948752,0.1965619083961592
GDELT,Japan,2014-11-01,APEC Xi-Abe Meeting,Third-party meeting,3,0.19274473800948752,-0.2605928817329577
GDELT,Japan,2014-11-01,APEC Xi-Abe Meeting,Third-party meeting,6,0.19274473800948752,-0.3178798604265882
GDELT,Japan,2014-11-01,APEC Xi-Abe Meeting,Third-party meeting,12,0.19274473800948752,0.7746136659459176
GDELT,Japan,2014-11-01,Meeting on sidelines of APEC Summit in Beijing,Third-party meeting,0,0.19274473800948752,0.7982204756361481
GDELT,Japan,2014-11-01,Meeting on sidelines of APEC Summit in Beijing,Third-party meeting,1,0.19274473800948752,-0.5171041613440206
GDELT,Japan,2014-11-01,Meeting on sidelines of APEC Summit in Beijing,Third-party meeting,2,0.19274473800948752,0.1965619083961592
GDELT,Japan,2014-11-01,Meeting on sidelines of APEC Summit in Beijing,Third-party meeting,3,0.19274473800948752,-0.2605928817329577
GDELT,Japan,2014-11-01,Meeting on sidelines of APEC Summit in Beijing,Third-party meeting,6,0.19274473800948752,-0.3178798604265882
GDELT,Japan,2014-11-01,Meeting on sidelines of APEC Summit in Beijing,Third-party meeting,12,0.19274473800948752,0.7746136659459176
GDELT,Japan,2015-04-01,Meeting on sidelines of Asia-Africa Summit in Jakarta,Third-party meeting,0,0.31057652471456326,-0.48727551708083067
GDELT,Japan,2015-04-01,Meeting on sidelines of Asia-Africa Summit in Jakarta,Third-party meeting,1,0.31057652471456326,-0.43571164713166394
GDELT,Japan,2015-04-01,Meeting on sidelines of Asia-Africa Summit in Jakarta,Third-party meeting,2,0.31057652471456326,-0.022586170940175065
GDELT,Japan,2015-04-01,Meeting on sidelines of Asia-Africa Summit in Jakarta,Third-party meeting,3,0.31057652471456326,-0.370217416878275
GDELT,Japan,2015-04-01,Meeting on sidelines of Asia-Africa Summit in Jakarta,Third-party meeting,6,0.31057652471456326,-0.18770434102475758
GDELT,Japan,2015-04-01,Meeting on sidelines of Asia-Africa Summit in Jakarta,Third-party meeting,12,0.31057652471456326,0.2010922244448719
GDELT,Japan,2015-11-01,Meeting on sidelines of APEC Summit in Manila,Third-party meeting,0,-0.41090091884673957,1.3782593228021447
GDELT,Japan,2015-11-01,Meeting on sidelines of APEC Summit in Manila,Third-party meeting,1,-0.41090091884673957,-0.10516329144628084
GDELT,Japan,2015-11-01,Meeting on sidelines of APEC Summit in Manila,Third-party meeting,2,-0.41090091884673957,0.6418728172277752
GDELT,Japan,2015-11-01,Meeting on sidelines of APEC Summit in Manila,Third-party meeting,3,-0.41090091884673957,0.2531487431646304
GDELT,Japan,2015-11-01,Meeting on sidelines of APEC Summit in Manila,Third-party meeting,6,-0.41090091884673957,0.585350601728355
GDELT,Japan,2015-11-01,Meeting on sidelines of APEC Summit in Manila,Third-party meeting,12,-0.41090091884673957,0.5051379784013335
GDELT,Japan,2016-09-01,Meeting on sidelines of G20 Summit in Hangzhou,Third-party meeting,0,-0.3738274189074655,0.1585089316497008
GDELT,Japan,2016-09-01,Meeting on sidelines of G20 Summit in Hangzhou,Third-party meeting,1,-0.3738274189074655,0.8099664042267989
GDELT,Japan,2016-09-01,Meeting on sidelines of G20 Summit in Hangzhou,Third-party meeting,2,-0.3738274189074655,0.46806447846205934
GDELT,Japan,2016-09-01,Meeting on sidelines of G20 Summit in Hangzhou,Third-party meeting,3,-0.3738274189074655,-0.26140152701307606
GDELT,Japan,2016-09-01,Meeting on sidelines of G20 Summit in Hangzhou,Third-party meeting,6,-0.3738274189074655,0.37332391229843154
GDELT,Japan,2016-09-01,Meeting on sidelines of G20 Summit in Hangzhou,Third-party meeting,12,-0.3738274189074655,0.8756092273488427
GDELT,Japan,2016-11-01,Meeting on sidelines of APEC Summit in Lima,Third-party meeting,0,-0.08098856861535945,0.1752256281699533
GDELT,Japan,2016-11-01,Meeting on sidelines of APEC Summit in Lima,Third-party meeting,1,-0.08098856861535945,-0.5542403773051822
GDELT,Japan,2016-11-01,Meeting on sidelines of APEC Summit in Lima,Third-party meeting,2,-0.08098856861535945,-0.908287477691457
GDELT,Japan,2016-11-01,Meeting on sidelines of APEC Summit in Lima,Third-party meeting,3,-0.08098856861535945,0.27543351052268383
GDELT,Japan,2016-11-01,Meeting on sidelines of APEC Summit in Lima,Third-party meeting,6,-0.08098856861535945,0.6264247020418813
GDELT,Japan,2016-11-01,Meeting on sidelines of APEC Summit in Lima,Third-party meeting,12,-0.08098856861535945,0.8967923507381764
GDELT,Japan,2017-07-01,Meeting on sidelines of G20 Summit in Hamburg,Third-party meeting,0,0.40199179812881286,-0.38975841653654203
GDELT,Japan,2017-07-01,Meeting on sidelines of G20 Summit in Hamburg,Third-party meeting,1,0.40199179812881286,-0.7322875537260576
GDELT,Japan,2017-07-01,Meeting on sidelines of G20 Summit in Hamburg,Third-party meeting,2,0.40199179812881286,0.09979001031256435
GDELT,Japan,2017-07-01,Meeting on sidelines of G20 Summit in Hamburg,Third-party meeting,3,0.40199179812881286,0.3809177940676071
GDELT,Japan,2017-07-01,Meeting on sidelines of G20 Summit in Hamburg,Third-party meeting,6,0.40199179812881286,-0.028021765951595556
GDELT,Japan,2017-07-01,Meeting on sidelines of G20 Summit in Hamburg,Third-party meeting,12,0.40199179812881286,-0.16925232628268397
GDELT,Japan,2017-11-01,Meeting on sidelines of APEC Summit in Da Nang,Third-party meeting,0,0.31813188168018414,0.4976719004426329
GDELT,Japan,2017-11-01,Meeting on sidelines of APEC Summit in Da Nang,Third-party meeting,1,0.31813188168018414,-1.0663825937938523
GDELT,Japan,2017-11-01,Meeting on sidelines of APEC Summit in Da Nang,Third-party meeting,2,0.31813188168018414,0.05583815049703317
GDELT,Japan,2017-11-01,Meeting on sidelines of APEC Summit in Da Nang,Third-party meeting,3,0.31813188168018414,-0.0663283424691059
GDELT,Japan,2017-11-01,Meeting on sidelines of APEC Summit in Da Nang,Third-party meeting,6,0.31813188168018414,1.1428586574055988
GDELT,Japan,2017-11-01,Meeting on sidelines of APEC Summit in Da Nang,Third-party meeting,12,0.31813188168018414,0.5955305452262749
GDELT,Japan,2018-05-01,Official visit to Japan for bilateral talks,Chinese outbound visit,0,0.7651830957001623,0.6958074433856206
GDELT,Japan,2018-05-01,Official visit to Japan for bilateral talks,Chinese outbound visit,1,0.7651830957001623,-0.14362143003642502
GDELT,Japan,2018-05-01,Official visit to Japan for bilateral talks,Chinese outbound visit,2,0.7651830957001623,-0.5324436238540334
GDELT,Japan,2018-05-01,Official visit to Japan for bilateral talks,Chinese outbound visit,3,0.7651830957001623,-0.14861236916976617
GDELT,Japan,2018-05-01,Official visit to Japan for bilateral talks,Chinese outbound visit,6,0.7651830957001623,0.14847933120629675
GDELT,Japan,2018-05-01,Official visit to Japan for bilateral talks,Chinese outbound visit,12,0.7651830957001623,-0.12035306868742646
GDELT,Japan,2018-09-01,Meeting on sidelines of Eastern Economic Forum in Vladivostok,Third-party meeting,0,0.4902906213467541,0.41260800967785133
GDELT,Japan,2018-09-01,Meeting on sidelines of Eastern Economic Forum in Vladivostok,Third-party meeting,1,0.4902906213467541,0.8256012215685697
GDELT,Japan,2018-09-01,Meeting on sidelines of Eastern Economic Forum in Vladivostok,Third-party meeting,2,0.4902906213467541,0.42337180555970494
GDELT,Japan,2018-09-01,Meeting on sidelines of Eastern Economic Forum in Vladivostok,Third-party meeting,3,0.4902906213467541,-0.9096502083656357
GDELT,Japan,2018-09-01,Meeting on sidelines of Eastern Economic Forum in Vladivostok,Third-party meeting,6,0.4902906213467541,-0.2546648757137972
GDELT,Japan,2018-09-01,Meeting on sidelines of Eastern Economic Forum in Vladivostok,Third-party meeting,12,0.4902906213467541,-0.5904239429622292
GDELT,Japan,2018-10-01,Official visit to China for bilateral summit,Partner inbound visit,0,0.5840696098003768,0.7318222331149471
GDELT,Japan,2018-10-01,Official visit to China for bilateral summit,Partner inbound visit,1,0.5840696098003768,0.32959281710608224
GDELT,Japan,2018-10-01,Official visit to China for bilateral summit,Partner inbound visit,2,0.5840696098003768,-1.0034291968192584
GDELT,Japan,2018-10-01,Official visit to China for bilateral summit,Partner inbound visit,3,0.5840696098003768,-0.3165027385991692
GDELT,Japan,2018-10-01,Official visit to China for bilateral summit,Partner inbound visit,6,0.5840696098003768,0.380988014332038
GDELT,Japan,2018-10-01,Official visit to China for bilateral summit,Partner inbound visit,12,0.5840696098003768,0.07357544093851942
GDELT,Japan,2018-10-01,Abe Official Visit,Partner inbound visit,0,0.5840696098003768,0.7318222331149471
GDELT,Japan,2018-10-01,Abe Official Visit,Partner inbound visit,1,0.5840696098003768,0.32959281710608224
GDELT,Japan,2018-10-01,Abe Official Visit,Partner inbound visit,2,0.5840696098003768,-1.0034291968192584
GDELT,Japan,2018-10-01,Abe Official Visit,Partner inbound visit,3,0.5840696098003768,-0.3165027385991692
GDELT,Japan,2018-10-01,Abe Official Visit,Partner inbound visit,6,0.5840696098003768,0.380988014332038
GDELT,Japan,2018-10-01,Abe Official Visit,Partner inbound visit,12,0.5840696098003768,0.07357544093851942
GDELT,Japan,2018-11-01,Meeting on sidelines of APEC Summit in Port Moresby,Third-party meeting,0,0.9451204001567751,-0.031457973250316074
GDELT,Japan,2018-11-01,Meeting on sidelines of APEC Summit in Port Moresby,Third-party meeting,1,0.9451204001567751,-1.3644799871756566
GDELT,Japan,2018-11-01,Meeting on sidelines of APEC Summit in Port Moresby,Third-party meeting,2,0.9451204001567751,-0.6775535289555675
GDELT,Japan,2018-11-01,Meeting on sidelines of APEC Summit in Port Moresby,Third-party meeting,3,0.9451204001567751,-1.0243781332528958
GDELT,Japan,2018-11-01,Meeting on sidelines of APEC Summit in Port Moresby,Third-party meeting,6,0.9451204001567751,-0.3002903731440393
GDELT,Japan,2018-11-01,Meeting on sidelines of APEC Summit in Port Moresby,Third-party meeting,12,0.9451204001567751,-0.18529821459356433
GDELT,Japan,2019-06-01,Meeting on sidelines of G20 Summit in Osaka,Third-party meeting,0,0.6151711322593691,0.980986831890571
GDELT,Japan,2019-06-01,Meeting on sidelines of G20 Summit in Osaka,Third-party meeting,1,0.6151711322593691,0.4205623510716776
GDELT,Japan,2019-06-01,Meeting on sidelines of G20 Summit in Osaka,Third-party meeting,2,0.6151711322593691,0.41633123041011255
GDELT,Japan,2019-06-01,Meeting on sidelines of G20 Summit in Osaka,Third-party meeting,3,0.6151711322593691,-0.7153044538748443
GDELT,Japan,2019-06-01,Meeting on sidelines of G20 Summit in Osaka,Third-party meeting,6,0.6151711322593691,-0.16267371274185405
GDELT,Japan,2019-06-01,Meeting on sidelines of G20 Summit in Osaka,Third-party meeting,12,0.6151711322593691,-1.1060691838756338
GDELT,Japan,2019-11-01,Meeting on sidelines of East Asia Summit in Bangkok,Third-party meeting,0,0.5296713639309676,0.2301508216322432
GDELT,Japan,2019-11-01,Meeting on sidelines of East Asia Summit in Bangkok,Third-party meeting,1,0.5296713639309676,-0.07717394441345249
GDELT,Japan,2019-11-01,Meeting on sidelines of East Asia Summit in Bangkok,Third-party meeting,2,0.5296713639309676,0.07828932028363766
GDELT,Japan,2019-11-01,Meeting on sidelines of East Asia Summit in Bangkok,Third-party meeting,3,0.5296713639309676,-0.08759962191937731
GDELT,Japan,2019-11-01,Meeting on sidelines of East Asia Summit in Bangkok,Third-party meeting,6,0.5296713639309676,-0.5084710916377215
GDELT,Japan,2019-11-01,Meeting on sidelines of East Asia Summit in Bangkok,Third-party meeting,12,0.5296713639309676,1.3648501215149589
GDELT,Japan,2020-09-01,Telephone conversation (counted as virtual meeting due to COVID-19),Remote talk,0,-0.47814842432997473,0.6970939951391202
GDELT,Japan,2020-09-01,Telephone conversation (counted as virtual meeting due to COVID-19),Remote talk,1,-0.47814842432997473,0.42129329456565934
GDELT,Japan,2020-09-01,Telephone conversation (counted as virtual meeting due to COVID-19),Remote talk,2,-0.47814842432997473,2.372669909775901
GDELT,Japan,2020-09-01,Telephone conversation (counted as virtual meeting due to COVID-19),Remote talk,3,-0.47814842432997473,0.8958766675921623
GDELT,Japan,2020-09-01,Telephone conversation (counted as virtual meeting due to COVID-19),Remote talk,6,-0.47814842432997473,0.7222893972136823
GDELT,Japan,2020-09-01,Telephone conversation (counted as virtual meeting due to COVID-19),Remote talk,12,-0.47814842432997473,0.4028332659342233
GDELT,Japan,2021-10-01,Telephone conversation (counted as virtual meeting due to COVID-19),Remote talk,0,-0.46075181430545636,-0.188621862834563
GDELT,Japan,2021-10-01,Telephone conversation (counted as virtual meeting due to COVID-19),Remote talk,1,-0.46075181430545636,1.1404773100580574
GDELT,Japan,2021-10-01,Telephone conversation (counted as virtual meeting due to COVID-19),Remote talk,2,-0.46075181430545636,0.16399035227852404
GDELT,Japan,2021-10-01,Telephone conversation (counted as virtual meeting due to COVID-19),Remote talk,3,-0.46075181430545636,0.1760957336903311
GDELT,Japan,2021-10-01,Telephone conversation (counted as virtual meeting due to COVID-19),Remote talk,6,-0.46075181430545636,-0.8929188994105519
GDELT,Japan,2021-10-01,Telephone conversation (counted as virtual meeting due to COVID-19),Remote talk,12,-0.46075181430545636,0.31235454979157967
GDELT,Japan,2022-11-01,Meeting on sidelines of APEC Summit in Bangkok,Third-party meeting,0,-1.1580862420308982,1.3566515126714929
GDELT,Japan,2022-11-01,Meeting on sidelines of APEC Summit in Bangkok,Third-party meeting,1,-1.1580862420308982,-0.24313144902275963
GDELT,Japan,2022-11-01,Meeting on sidelines of APEC Summit in Bangkok,Third-party meeting,2,-1.1580862420308982,1.2149998826062756
GDELT,Japan,2022-11-01,Meeting on sidelines of APEC Summit in Bangkok,Third-party meeting,3,-1.1580862420308982,1.9410975780976372
GDELT,Japan,2022-11-01,Meeting on sidelines of APEC Summit in Bangkok,Third-party meeting,6,-1.1580862420308982,1.1683849824683346
GDELT,Japan,2022-11-01,Meeting on sidelines of APEC Summit in Bangkok,Third-party meeting,12,-1.1580862420308982,0.6039025006993046
GDELT,Japan,2023-09-01,Meeting on sidelines of G20 Summit in New Delhi,Third-party meeting,0,-0.12819342105130538,-0.014187189850334292
GDELT,Japan,2023-09-01,Meeting on sidelines of G20 Summit in New Delhi,Third-party meeting,1,-0.12819342105130538,-0.6017558661533648
GDELT,Japan,2023-09-01,Meeting on sidelines of G20 Summit in New Delhi,Third-party meeting,2,-0.12819342105130538,-0.42599032028028816
GDELT,Japan,2023-09-01,Meeting on sidelines of G20 Summit in New Delhi,Third-party meeting,3,-0.12819342105130538,0.33588523931106273
GDELT,Japan,2023-09-01,Meeting on sidelines of G20 Summit in New Delhi,Third-party meeting,6,-0.12819342105130538,-0.10888569564770559
GDELT,Japan,2023-09-01,Meeting on sidelines of G20 Summit in New Delhi,Third-party meeting,12,-0.12819342105130538,-0.47633030600844073
GDELT,Japan,2023-11-01,Meeting on sidelines of APEC Summit in San Francisco,Third-party meeting,0,-0.4726752994002137,-0.08150844193137985
GDELT,Japan,2023-11-01,Meeting on sidelines of APEC Summit in San Francisco,Third-party meeting,1,-0.4726752994002137,0.680367117659971
GDELT,Japan,2023-11-01,Meeting on sidelines of APEC Summit in San Francisco,Third-party meeting,2,-0.4726752994002137,0.26551675383620044
GDELT,Japan,2023-11-01,Meeting on sidelines of APEC Summit in San Francisco,Third-party meeting,3,-0.4726752994002137,0.3662416207086725
GDELT,Japan,2023-11-01,Meeting on sidelines of APEC Summit in San Francisco,Third-party meeting,6,-0.4726752994002137,0.7527329331199386
GDELT,Japan,2023-11-01,Meeting on sidelines of APEC Summit in San Francisco,Third-party meeting,12,-0.4726752994002137,0.8746686268894894
GDELT,Japan,2024-05-01,Li Qiang meets PM Kishida on sidelines of China-Japan-Korea leaders meeting in Seoul,Third-party meeting,0,-0.15598574460661457,0.4360433783263395
GDELT,Japan,2024-05-01,Li Qiang meets PM Kishida on sidelines of China-Japan-Korea leaders meeting in Seoul,Third-party meeting,1,-0.15598574460661457,-0.4520905876539872
GDELT,Japan,2024-05-01,Li Qiang meets PM Kishida on sidelines of China-Japan-Korea leaders meeting in Seoul,Third-party meeting,2,-0.15598574460661457,0.08106362512973203
GDELT,Japan,2024-05-01,Li Qiang meets PM Kishida on sidelines of China-Japan-Korea leaders meeting in Seoul,Third-party meeting,3,-0.15598574460661457,-0.6426923898792574
GDELT,Japan,2024-05-01,Li Qiang meets PM Kishida on sidelines of China-Japan-Korea leaders meeting in Seoul,Third-party meeting,6,-0.15598574460661457,0.5579790720958904
GDELT,Japan,2024-05-01,Li Qiang meets PM Kishida on sidelines of China-Japan-Korea leaders meeting in Seoul,Third-party meeting,12,-0.15598574460661457,-0.31678713145372345
GDELT,Japan,2024-10-01,Li Qiang meets PM Ishiba on sidelines of East Asia Summit,Third-party meeting,0,-0.4927079936741669,0.3707933395291671
GDELT,Japan,2024-10-01,Li Qiang meets PM Ishiba on sidelines of East Asia Summit,Third-party meeting,1,-0.4927079936741669,0.8947013211634427
GDELT,Japan,2024-10-01,Li Qiang meets PM Ishiba on sidelines of East Asia Summit,Third-party meeting,2,-0.4927079936741669,0.5134934645550887
GDELT,Japan,2024-10-01,Li Qiang meets PM Ishiba on sidelines of East Asia Summit,Third-party meeting,3,-0.4927079936741669,0.7902133139200529
GDELT,Japan,2024-10-01,Li Qiang meets PM Ishiba on sidelines of East Asia Summit,Third-party meeting,6,-0.4927079936741669,1.362969138406952
GDELT,Japan,2024-10-01,Li Qiang meets PM Ishiba on sidelines of East Asia Summit,Third-party meeting,12,-0.4927079936741669,1.3414932298192628
GDELT,Japan,2024-11-01,Meeting on sidelines of APEC Summit in Lima,Third-party meeting,0,-0.5083721718968727,0.9103654993861484
GDELT,Japan,2024-11-01,Meeting on sidelines of APEC Summit in Lima,Third-party meeting,1,-0.5083721718968727,0.5291576427777945
GDELT,Japan,2024-11-01,Meeting on sidelines of APEC Summit in Lima,Third-party meeting,2,-0.5083721718968727,0.8058774921427586
GDELT,Japan,2024-11-01,Meeting on sidelines of APEC Summit in Lima,Third-party meeting,3,-0.5083721718968727,1.0529530079028695
GDELT,Japan,2024-11-01,Meeting on sidelines of APEC Summit in Lima,Third-party meeting,6,-0.5083721718968727,0.03559929583653465
GDELT,Japan,2024-11-01,Meeting on sidelines of APEC Summit in Lima,Third-party meeting,12,-0.5083721718968727,0.11227782942209374
GDELT,Japan,2025-10-01,Xi meets PM Sanae Takaichi on sidelines of APEC Gyeongju,Third-party meeting,0,-0.46064007240348737,1.3094253085485832
GDELT,Japan,2025-10-01,Xi meets PM Sanae Takaichi on sidelines of APEC Gyeongju,Third-party meeting,1,-0.46064007240348737,0.06454572992870844
GDELT,Japan,2025-10-01,Xi meets PM Sanae Takaichi on sidelines of APEC Gyeongju,Third-party meeting,2,-0.46064007240348737,-0.7861039468149011
GDELT,Malaysia,2004-05-01,Official visit to China by Malaysian Prime Minister Abdullah Badawi,Partner inbound visit,0,1.3760379603377835,0.553043853723252
GDELT,Malaysia,2004-05-01,Official visit to China by Malaysian Prime Minister Abdullah Badawi,Partner inbound visit,1,1.3760379603377835,-2.268007078712727
GDELT,Malaysia,2004-05-01,Official visit to China by Malaysian Prime Minister Abdullah Badawi,Partner inbound visit,2,1.3760379603377835,0.642358172083074
GDELT,Malaysia,2004-05-01,Official visit to China by Malaysian Prime Minister Abdullah Badawi,Partner inbound visit,3,1.3760379603377835,-1.2048311729566563
GDELT,Malaysia,2004-05-01,Official visit to China by Malaysian Prime Minister Abdullah Badawi,Partner inbound visit,6,1.3760379603377835,-0.5460864341134151
GDELT,Malaysia,2004-05-01,Official visit to China by Malaysian Prime Minister Abdullah Badawi,Partner inbound visit,12,1.3760379603377835,-0.05590453369640502
GDELT,Malaysia,2005-12-01,Official visit to Malaysia by Chinese Premier Wen Jiabao,Chinese outbound visit,0,2.5079332906106777,-1.1814540015484165
GDELT,Malaysia,2005-12-01,Official visit to Malaysia by Chinese Premier Wen Jiabao,Chinese outbound visit,1,2.5079332906106777,-2.3835661970890345
GDELT,Malaysia,2005-12-01,Official visit to Malaysia by Chinese Premier Wen Jiabao,Chinese outbound visit,2,2.5079332906106777,-1.290131593765396
GDELT,Malaysia,2005-12-01,Official visit to Malaysia by Chinese Premier Wen Jiabao,Chinese outbound visit,3,2.5079332906106777,-0.8315437576184403
GDELT,Malaysia,2005-12-01,Official visit to Malaysia by Chinese Premier Wen Jiabao,Chinese outbound visit,6,2.5079332906106777,-0.5210067976246004
GDELT,Malaysia,2005-12-01,Official visit to Malaysia by Chinese Premier Wen Jiabao,Chinese outbound visit,12,2.5079332906106777,-1.9478382300292494
GDELT,Malaysia,2009-11-01,State visit to Malaysia by Chinese President Hu Jintao,Chinese outbound visit,0,1.1529228925842858,0.9072823141833606
GDELT,Malaysia,2009-11-01,State visit to Malaysia by Chinese President Hu Jintao,Chinese outbound visit,1,1.1529228925842858,0.19122383028806134
GDELT,Malaysia,2009-11-01,State visit to Malaysia by Chinese President Hu Jintao,Chinese outbound visit,2,1.1529228925842858,0.11674272151579856
GDELT,Malaysia,2009-11-01,State visit to Malaysia by Chinese President Hu Jintao,Chinese outbound visit,3,1.1529228925842858,-0.2256777331228772
GDELT,Malaysia,2009-11-01,State visit to Malaysia by Chinese President Hu Jintao,Chinese outbound visit,6,1.1529228925842858,-0.17142645595676942
GDELT,Malaysia,2009-11-01,State visit to Malaysia by Chinese President Hu Jintao,Chinese outbound visit,12,1.1529228925842858,0.30023201534451793
GDELT,Malaysia,2011-04-01,Official visit to Malaysia by Chinese Premier Wen Jiabao,Chinese outbound visit,0,0.786042645229798,0.4519913541998891
GDELT,Malaysia,2011-04-01,Official visit to Malaysia by Chinese Premier Wen Jiabao,Chinese outbound visit,1,0.786042645229798,1.234048908080052
GDELT,Malaysia,2011-04-01,Official visit to Malaysia by Chinese Premier Wen Jiabao,Chinese outbound visit,2,0.786042645229798,-0.4027746068373221
GDELT,Malaysia,2011-04-01,Official visit to Malaysia by Chinese Premier Wen Jiabao,Chinese outbound visit,3,0.786042645229798,1.1441066489317522
GDELT,Malaysia,2011-04-01,Official visit to Malaysia by Chinese Premier Wen Jiabao,Chinese outbound visit,6,0.786042645229798,-0.6194598475040086
GDELT,Malaysia,2011-04-01,Official visit to Malaysia by Chinese Premier Wen Jiabao,Chinese outbound visit,12,0.786042645229798,-1.0919110627339914
GDELT,Malaysia,2013-10-01,State visit to Malaysia by Chinese President Xi Jinping,Chinese outbound visit,0,0.43234484804621093,1.0913536146103666
GDELT,Malaysia,2013-10-01,State visit to Malaysia by Chinese President Xi Jinping,Chinese outbound visit,1,0.43234484804621093,-0.24746084342387437
GDELT,Malaysia,2013-10-01,State visit to Malaysia by Chinese President Xi Jinping,Chinese outbound visit,2,0.43234484804621093,0.45382649237132594
GDELT,Malaysia,2013-10-01,State visit to Malaysia by Chinese President Xi Jinping,Chinese outbound visit,3,0.43234484804621093,0.3702966124487161
GDELT,Malaysia,2013-10-01,State visit to Malaysia by Chinese President Xi Jinping,Chinese outbound visit,6,0.43234484804621093,-0.4332196917389866
GDELT,Malaysia,2013-10-01,State visit to Malaysia by Chinese President Xi Jinping,Chinese outbound visit,12,0.43234484804621093,0.31342056043894456
GDELT,Malaysia,2015-11-01,Official visit to Malaysia by Chinese Premier Li Keqiang,Chinese outbound visit,0,0.6451367408602161,0.7214632111831122
GDELT,Malaysia,2015-11-01,Official visit to Malaysia by Chinese Premier Li Keqiang,Chinese outbound visit,1,0.6451367408602161,0.3714749136628145
GDELT,Malaysia,2015-11-01,Official visit to Malaysia by Chinese Premier Li Keqiang,Chinese outbound visit,2,0.6451367408602161,0.7008003490091256
GDELT,Malaysia,2015-11-01,Official visit to Malaysia by Chinese Premier Li Keqiang,Chinese outbound visit,3,0.6451367408602161,0.29596733449063406
GDELT,Malaysia,2015-11-01,Official visit to Malaysia by Chinese Premier Li Keqiang,Chinese outbound visit,6,0.6451367408602161,0.31877930647203334
GDELT,Malaysia,2015-11-01,Official visit to Malaysia by Chinese Premier Li Keqiang,Chinese outbound visit,12,0.6451367408602161,1.3883378749416626
GDELT,Malaysia,2017-05-01,Malaysian PM Najib Razak attends Belt and Road Forum in Beijing,Partner inbound visit,0,0.5528762271412427,0.5308099242030172
GDELT,Malaysia,2017-05-01,Malaysian PM Najib Razak attends Belt and Road Forum in Beijing,Partner inbound visit,1,0.5528762271412427,-0.25311397898197774
GDELT,Malaysia,2017-05-01,Malaysian PM Najib Razak attends Belt and Road Forum in Beijing,Partner inbound visit,2,0.5528762271412427,0.053855778025517664
GDELT,Malaysia,2017-05-01,Malaysian PM Najib Razak attends Belt and Road Forum in Beijing,Partner inbound visit,3,0.5528762271412427,1.234053755979534
GDELT,Malaysia,2017-05-01,Malaysian PM Najib Razak attends Belt and Road Forum in Beijing,Partner inbound visit,6,0.5528762271412427,0.6962044915737303
GDELT,Malaysia,2017-05-01,Malaysian PM Najib Razak attends Belt and Road Forum in Beijing,Partner inbound visit,12,0.5528762271412427,0.6485163115652556
GDELT,Malaysia,2018-08-01,Official visit to China by Malaysian Prime Minister Mahathir Mohamad,Partner inbound visit,0,1.4737206863001535,0.20278961195811296
GDELT,Malaysia,2018-08-01,Official visit to China by Malaysian Prime Minister Mahathir Mohamad,Partner inbound visit,1,1.4737206863001535,0.020633847149276408
GDELT,Malaysia,2018-08-01,Official visit to China by Malaysian Prime Minister Mahathir Mohamad,Partner inbound visit,2,1.4737206863001535,-0.011721713615511886
GDELT,Malaysia,2018-08-01,Official visit to China by Malaysian Prime Minister Mahathir Mohamad,Partner inbound visit,3,1.4737206863001535,0.3123307855780013
GDELT,Malaysia,2018-08-01,Official visit to China by Malaysian Prime Minister Mahathir Mohamad,Partner inbound visit,6,1.4737206863001535,0.5301377091391111
GDELT,Malaysia,2018-08-01,Official visit to China by Malaysian Prime Minister Mahathir Mohamad,Partner inbound visit,12,1.4737206863001535,-0.39926898693651824
GDELT,Malaysia,2023-03-01,Official visit to China by Malaysian Prime Minister Anwar Ibrahim,Partner inbound visit,0,1.8067303907036454,-0.4526037219745369
GDELT,Malaysia,2023-03-01,Official visit to China by Malaysian Prime Minister Anwar Ibrahim,Partner inbound visit,1,1.8067303907036454,0.07385632904545147
GDELT,Malaysia,2023-03-01,Official visit to China by Malaysian Prime Minister Anwar Ibrahim,Partner inbound visit,2,1.8067303907036454,-0.6616020821601456
GDELT,Malaysia,2023-03-01,Official visit to China by Malaysian Prime Minister Anwar Ibrahim,Partner inbound visit,3,1.8067303907036454,-0.1815379363633678
GDELT,Malaysia,2023-03-01,Official visit to China by Malaysian Prime Minister Anwar Ibrahim,Partner inbound visit,6,1.8067303907036454,-0.9395712635124642
GDELT,Malaysia,2023-03-01,Official visit to China by Malaysian Prime Minister Anwar Ibrahim,Partner inbound visit,12,1.8067303907036454,-0.23775695798415342
GDELT,Malaysia,2024-06-01,Official visit to Malaysia by Chinese Premier Li Qiang,Chinese outbound visit,0,1.673368318287211,0.2709108086806882
GDELT,Malaysia,2024-06-01,Official visit to Malaysia by Chinese Premier Li Qiang,Chinese outbound visit,1,1.673368318287211,-0.0858628624365132
GDELT,Malaysia,2024-06-01,Official visit to Malaysia by Chinese Premier Li Qiang,Chinese outbound visit,2,1.673368318287211,0.5488018348340737
GDELT,Malaysia,2024-06-01,Official visit to Malaysia by Chinese Premier Li Qiang,Chinese outbound visit,3,1.673368318287211,-0.23459019316861363
GDELT,Malaysia,2024-06-01,Official visit to Malaysia by Chinese Premier Li Qiang,Chinese outbound visit,6,1.673368318287211,-0.1861217460754121
GDELT,Malaysia,2024-06-01,Official visit to Malaysia by Chinese Premier Li Qiang,Chinese outbound visit,12,1.673368318287211,-0.2946040203570235
GDELT,Malaysia,2024-09-01,State visit to China by King of Malaysia Sultan Ibrahim,Partner inbound visit,0,1.9179849119799606,-0.4792067868613632
GDELT,Malaysia,2024-09-01,State visit to China by King of Malaysia Sultan Ibrahim,Partner inbound visit,1,1.9179849119799606,-0.43374409926664015
GDELT,Malaysia,2024-09-01,State visit to China by King of Malaysia Sultan Ibrahim,Partner inbound visit,2,1.9179849119799606,-0.4458999246883515
GDELT,Malaysia,2024-09-01,State visit to China by King of Malaysia Sultan Ibrahim,Partner inbound visit,3,1.9179849119799606,-0.43073833976816167
GDELT,Malaysia,2024-09-01,State visit to China by King of Malaysia Sultan Ibrahim,Partner inbound visit,6,1.9179849119799606,-0.05690779213646735
GDELT,Malaysia,2024-09-01,State visit to China by King of Malaysia Sultan Ibrahim,Partner inbound visit,12,1.9179849119799606,0.1620581552678413
GDELT,Malaysia,2025-04-01,State visit to Malaysia by Chinese President Xi Jinping,Chinese outbound visit,0,1.5337014046965798,0.9342584148993176
GDELT,Malaysia,2025-04-01,State visit to Malaysia by Chinese President Xi Jinping,Chinese outbound visit,1,1.5337014046965798,0.6219685339554133
GDELT,Malaysia,2025-04-01,State visit to Malaysia by Chinese President Xi Jinping,Chinese outbound visit,2,1.5337014046965798,-0.15493710676639227
GDELT,Malaysia,2025-04-01,State visit to Malaysia by Chinese President Xi Jinping,Chinese outbound visit,3,1.5337014046965798,0.5443519493118647
GDELT,Malaysia,2025-04-01,State visit to Malaysia by Chinese President Xi Jinping,Chinese outbound visit,6,1.5337014046965798,0.8160830223947493
GDELT,Mexico,2003-12-01,Wen Jiabao visits Mexico and strategic partnership established,Chinese outbound visit,0,2.682841627479895,-0.8447058363307778
GDELT,Mexico,2003-12-01,Wen Jiabao visits Mexico and strategic partnership established,Chinese outbound visit,1,2.682841627479895,-0.9421520346906802
GDELT,Mexico,2003-12-01,Wen Jiabao visits Mexico and strategic partnership established,Chinese outbound visit,2,2.682841627479895,2.3171583725201033
GDELT,Mexico,2003-12-01,Wen Jiabao visits Mexico and strategic partnership established,Chinese outbound visit,3,2.682841627479895,0.11150346487455254
GDELT,Mexico,2003-12-01,Wen Jiabao visits Mexico and strategic partnership established,Chinese outbound visit,6,2.682841627479895,0.46410870188204223
GDELT,Mexico,2003-12-01,Wen Jiabao visits Mexico and strategic partnership established,Chinese outbound visit,12,2.682841627479895,-0.9894088130975471
GDELT,Mexico,2005-09-01,Hu Jintao pays state visit to Mexico,Chinese outbound visit,0,1.244106243678715,1.2481473360227007
GDELT,Mexico,2005-09-01,Hu Jintao pays state visit to Mexico,Chinese outbound visit,1,1.244106243678715,5.455893756321284
GDELT,Mexico,2005-09-01,Hu Jintao pays state visit to Mexico,Chinese outbound visit,2,1.244106243678715,0.4271005437024087
GDELT,Mexico,2005-09-01,Hu Jintao pays state visit to Mexico,Chinese outbound visit,3,1.244106243678715,1.2304726799701613
GDELT,Mexico,2005-09-01,Hu Jintao pays state visit to Mexico,Chinese outbound visit,6,1.244106243678715,1.8415800045649249
GDELT,Mexico,2005-09-01,Hu Jintao pays state visit to Mexico,Chinese outbound visit,12,1.244106243678715,-0.8962881930864448
GDELT,Mexico,2008-07-01,Calderon pays state visit to China,Partner inbound visit,0,0.7325475944215789,0.8982745637257885
GDELT,Mexico,2008-07-01,Calderon pays state visit to China,Partner inbound visit,1,0.7325475944215789,-0.33323816559128794
GDELT,Mexico,2008-07-01,Calderon pays state visit to China,Partner inbound visit,2,0.7325475944215789,1.6327696251693258
GDELT,Mexico,2008-07-01,Calderon pays state visit to China,Partner inbound visit,3,0.7325475944215789,3.4547024396192114
GDELT,Mexico,2008-07-01,Calderon pays state visit to China,Partner inbound visit,6,0.7325475944215789,0.3072187698244129
GDELT,Mexico,2008-07-01,Calderon pays state visit to China,Partner inbound visit,12,0.7325475944215789,0.6704744703697134
GDELT,Mexico,2009-02-01,Xi Jinping pays official visit to Mexico as Vice President,Chinese outbound visit,0,1.7083891153526103,1.2938422004417742
GDELT,Mexico,2009-02-01,Xi Jinping pays official visit to Mexico as Vice President,Chinese outbound visit,1,1.7083891153526103,-1.4634996234502473
GDELT,Mexico,2009-02-01,Xi Jinping pays official visit to Mexico as Vice President,Chinese outbound visit,2,1.7083891153526103,-0.16681072824154053
GDELT,Mexico,2009-02-01,Xi Jinping pays official visit to Mexico as Vice President,Chinese outbound visit,3,1.7083891153526103,-0.8327485698431356
GDELT,Mexico,2009-02-01,Xi Jinping pays official visit to Mexico as Vice President,Chinese outbound visit,6,1.7083891153526103,-2.0230153245502533
GDELT,Mexico,2009-02-01,Xi Jinping pays official visit to Mexico as Vice President,Chinese outbound visit,12,1.7083891153526103,0.24749202817013338
GDELT,Mexico,2013-04-01,Pena Nieto visits China and attends Boao Forum,Partner inbound visit,0,1.8233371769651368,0.3465337835378093
GDELT,Mexico,2013-04-01,Pena Nieto visits China and attends Boao Forum,Partner inbound visit,1,1.8233371769651368,-0.9245982542987119
GDELT,Mexico,2013-04-01,Pena Nieto visits China and attends Boao Forum,Partner inbound visit,2,1.8233371769651368,0.8703719002896171
GDELT,Mexico,2013-04-01,Pena Nieto visits China and attends Boao Forum,Partner inbound visit,3,1.8233371769651368,0.18898430994762405
GDELT,Mexico,2013-04-01,Pena Nieto visits China and attends Boao Forum,Partner inbound visit,6,1.8233371769651368,0.11009629262468534
GDELT,Mexico,2013-04-01,Pena Nieto visits China and attends Boao Forum,Partner inbound visit,12,1.8233371769651368,0.28871670460463106
GDELT,Mexico,2013-06-01,"Xi Jinping pays state visit to Mexico, ties upgraded to comprehensive strategic partnership",Chinese outbound visit,0,1.147462386542416,1.5462466907123378
GDELT,Mexico,2013-06-01,"Xi Jinping pays state visit to Mexico, ties upgraded to comprehensive strategic partnership",Chinese outbound visit,1,1.147462386542416,0.8648591003703447
GDELT,Mexico,2013-06-01,"Xi Jinping pays state visit to Mexico, ties upgraded to comprehensive strategic partnership",Chinese outbound visit,2,1.147462386542416,2.1904219726267504
GDELT,Mexico,2013-06-01,"Xi Jinping pays state visit to Mexico, ties upgraded to comprehensive strategic partnership",Chinese outbound visit,3,1.147462386542416,1.0354603676616747
GDELT,Mexico,2013-06-01,"Xi Jinping pays state visit to Mexico, ties upgraded to comprehensive strategic partnership",Chinese outbound visit,6,1.147462386542416,1.3207966379184934
GDELT,Mexico,2013-06-01,"Xi Jinping pays state visit to Mexico, ties upgraded to comprehensive strategic partnership",Chinese outbound visit,12,1.147462386542416,0.7847604837758295
GDELT,Mexico,2014-11-01,Pena Nieto pays state visit to China and attends APEC summit,Partner inbound visit,0,1.8202786187416529,0.13993844912322007
GDELT,Mexico,2014-11-01,Pena Nieto pays state visit to China and attends APEC summit,Partner inbound visit,1,1.8202786187416529,0.43213906098822963
GDELT,Mexico,2014-11-01,Pena Nieto pays state visit to China and attends APEC summit,Partner inbound visit,2,1.8202786187416529,-0.8302115652033665
GDELT,Mexico,2014-11-01,Pena Nieto pays state visit to China and attends APEC summit,Partner inbound visit,3,1.8202786187416529,0.8504265752235127
GDELT,Mexico,2014-11-01,Pena Nieto pays state visit to China and attends APEC summit,Partner inbound visit,6,1.8202786187416529,-0.16133301188589866
GDELT,Mexico,2014-11-01,Pena Nieto pays state visit to China and attends APEC summit,Partner inbound visit,12,1.8202786187416529,0.6966100597989644
GDELT,Mexico,2016-09-01,Pena Nieto attends G20 Hangzhou summit and holds bilateral meeting,Third-party meeting,0,0.9929534938140906,-0.22377000231992794
GDELT,Mexico,2016-09-01,Pena Nieto attends G20 Hangzhou summit and holds bilateral meeting,Third-party meeting,1,0.9929534938140906,-0.056193966233288206
GDELT,Mexico,2016-09-01,Pena Nieto attends G20 Hangzhou summit and holds bilateral meeting,Third-party meeting,2,0.9929534938140906,0.3510042968541883
GDELT,Mexico,2016-09-01,Pena Nieto attends G20 Hangzhou summit and holds bilateral meeting,Third-party meeting,3,0.9929534938140906,0.12330141165183706
GDELT,Mexico,2016-09-01,Pena Nieto attends G20 Hangzhou summit and holds bilateral meeting,Third-party meeting,6,0.9929534938140906,-0.45208805776371064
GDELT,Mexico,2016-09-01,Pena Nieto attends G20 Hangzhou summit and holds bilateral meeting,Third-party meeting,12,0.9929534938140906,1.388404007295374
GDELT,Mexico,2017-09-01,Xi Jinping meets Pena Nieto on sidelines of BRICS Plus dialogue in Xiamen,Third-party meeting,0,2.2743088278254153,0.10704867328404921
GDELT,Mexico,2017-09-01,Xi Jinping meets Pena Nieto on sidelines of BRICS Plus dialogue in Xiamen,Third-party meeting,1,2.2743088278254153,0.09435556112438404
GDELT,Mexico,2017-09-01,Xi Jinping meets Pena Nieto on sidelines of BRICS Plus dialogue in Xiamen,Third-party meeting,2,2.2743088278254153,0.1808841633216054
GDELT,Mexico,2017-09-01,Xi Jinping meets Pena Nieto on sidelines of BRICS Plus dialogue in Xiamen,Third-party meeting,3,2.2743088278254153,-0.01658982973180345
GDELT,Mexico,2017-09-01,Xi Jinping meets Pena Nieto on sidelines of BRICS Plus dialogue in Xiamen,Third-party meeting,6,2.2743088278254153,-0.7522753941841054
GDELT,Mexico,2017-09-01,Xi Jinping meets Pena Nieto on sidelines of BRICS Plus dialogue in Xiamen,Third-party meeting,12,2.2743088278254153,-0.019706362615855344
GDELT,Mexico,2023-11-01,Xi Jinping meets Lopez Obrador on sidelines of APEC summit,Third-party meeting,0,1.6876109548648928,0.3345261332175311
GDELT,Mexico,2023-11-01,Xi Jinping meets Lopez Obrador on sidelines of APEC summit,Third-party meeting,1,1.6876109548648928,-0.8409255841325227
GDELT,Mexico,2023-11-01,Xi Jinping meets Lopez Obrador on sidelines of APEC summit,Third-party meeting,2,1.6876109548648928,0.4369393632521663
GDELT,Mexico,2023-11-01,Xi Jinping meets Lopez Obrador on sidelines of APEC summit,Third-party meeting,3,1.6876109548648928,-2.890664908562444
GDELT,Mexico,2023-11-01,Xi Jinping meets Lopez Obrador on sidelines of APEC summit,Third-party meeting,6,1.6876109548648928,-1.4428683289196216
GDELT,Mexico,2023-11-01,Xi Jinping meets Lopez Obrador on sidelines of APEC summit,Third-party meeting,12,1.6876109548648928,-0.09410293199115616
GDELT,Mexico,2024-11-01,Xi Jinping meets Sheinbaum on sidelines of G20 summit in Rio,Third-party meeting,0,1.1516525243921805,0.44185549848155614
GDELT,Mexico,2024-11-01,Xi Jinping meets Sheinbaum on sidelines of G20 summit in Rio,Third-party meeting,1,1.1516525243921805,-0.8491486612267021
GDELT,Mexico,2024-11-01,Xi Jinping meets Sheinbaum on sidelines of G20 summit in Rio,Third-party meeting,2,1.1516525243921805,0.7445837021422304
GDELT,Mexico,2024-11-01,Xi Jinping meets Sheinbaum on sidelines of G20 summit in Rio,Third-party meeting,3,1.1516525243921805,1.7890579154200676
GDELT,Mexico,2024-11-01,Xi Jinping meets Sheinbaum on sidelines of G20 summit in Rio,Third-party meeting,6,1.1516525243921805,1.7555241383450675
GDELT,Mexico,2024-11-01,Xi Jinping meets Sheinbaum on sidelines of G20 summit in Rio,Third-party meeting,12,1.1516525243921805,0.7164281969220216
GDELT,Mexico,2025-05-01,Mexican Foreign Minister De la Fuente visits China for CELAC ministerial meeting,Partner inbound visit,0,2.9373550601832226,-0.030178397445974614
GDELT,Mexico,2025-05-01,Mexican Foreign Minister De la Fuente visits China for CELAC ministerial meeting,Partner inbound visit,1,2.9373550601832226,-1.3612300835574982
GDELT,Mexico,2025-05-01,Mexican Foreign Minister De la Fuente visits China for CELAC ministerial meeting,Partner inbound visit,2,2.9373550601832226,-2.3718400925574525
GDELT,Mexico,2025-05-01,Mexican Foreign Minister De la Fuente visits China for CELAC ministerial meeting,Partner inbound visit,3,2.9373550601832226,-1.0878222930979633
GDELT,Mexico,2025-05-01,Mexican Foreign Minister De la Fuente visits China for CELAC ministerial meeting,Partner inbound visit,6,2.9373550601832226,-1.0692743388690205
GDELT,Netherlands,2004-12-01,Official visit to the Netherlands,Chinese outbound visit,0,-0.7245602871128353,3.645454894159693
GDELT,Netherlands,2004-12-01,Official visit to the Netherlands,Chinese outbound visit,1,-0.7245602871128353,3.7485308367935044
GDELT,Netherlands,2004-12-01,Official visit to the Netherlands,Chinese outbound visit,2,-0.7245602871128353,-0.6042329255060411
GDELT,Netherlands,2004-12-01,Official visit to the Netherlands,Chinese outbound visit,3,-0.7245602871128353,-0.6977062026599955
GDELT,Netherlands,2004-12-01,Official visit to the Netherlands,Chinese outbound visit,6,-0.7245602871128353,2.8139887722194956
GDELT,Netherlands,2004-12-01,Official visit to the Netherlands,Chinese outbound visit,12,-0.7245602871128353,9.9306649092238235
GDELT,Netherlands,2013-11-01,Official visit to China,Partner inbound visit,0,1.5429947104535664,0.6018362455873518
GDELT,Netherlands,2013-11-01,Official visit to China,Partner inbound visit,1,1.5429947104535664,-0.6419062763835548
GDELT,Netherlands,2013-11-01,Official visit to China,Partner inbound visit,2,1.5429947104535664,-0.7052748742777659
GDELT,Netherlands,2013-11-01,Official visit to China,Partner inbound visit,3,1.5429947104535664,0.1441505964540184
GDELT,Netherlands,2013-11-01,Official visit to China,Partner inbound visit,6,1.5429947104535664,0.7657558243578393
GDELT,Netherlands,2013-11-01,Official visit to China,Partner inbound visit,12,1.5429947104535664,0.8901416139408003
GDELT,Netherlands,2014-03-01,State visit to the Netherlands,Chinese outbound visit,0,1.141984525717799,1.1451094867651932
GDELT,Netherlands,2014-03-01,State visit to the Netherlands,Chinese outbound visit,1,1.141984525717799,4.348565617884923
GDELT,Netherlands,2014-03-01,State visit to the Netherlands,Chinese outbound visit,2,1.141984525717799,1.1667660090936067
GDELT,Netherlands,2014-03-01,State visit to the Netherlands,Chinese outbound visit,3,1.141984525717799,0.9581566245244719
GDELT,Netherlands,2014-03-01,State visit to the Netherlands,Chinese outbound visit,6,1.141984525717799,0.5402557818557767
GDELT,Netherlands,2014-03-01,State visit to the Netherlands,Chinese outbound visit,12,1.141984525717799,1.04233555333135
GDELT,Netherlands,2015-10-01,State visit to China,Partner inbound visit,0,1.4251610090235804,0.34658041493510683
GDELT,Netherlands,2015-10-01,State visit to China,Partner inbound visit,1,1.4251610090235804,-1.9293759106028514
GDELT,Netherlands,2015-10-01,State visit to China,Partner inbound visit,2,1.4251610090235804,-0.5348496708966117
GDELT,Netherlands,2015-10-01,State visit to China,Partner inbound visit,3,1.4251610090235804,-0.9424636258416925
GDELT,Netherlands,2015-10-01,State visit to China,Partner inbound visit,6,1.4251610090235804,0.10134066135593267
GDELT,Netherlands,2015-10-01,State visit to China,Partner inbound visit,12,1.4251610090235804,-1.5193658792187474
GDELT,Netherlands,2018-02-01,Working visit to China,Partner inbound visit,0,1.5096721399649418,0.4427144454156262
GDELT,Netherlands,2018-02-01,Working visit to China,Partner inbound visit,1,1.5096721399649418,-0.26179309168314435
GDELT,Netherlands,2018-02-01,Working visit to China,Partner inbound visit,2,1.5096721399649418,-0.9225283689102379
GDELT,Netherlands,2018-02-01,Working visit to China,Partner inbound visit,3,1.5096721399649418,-0.26711851743038895
GDELT,Netherlands,2018-02-01,Working visit to China,Partner inbound visit,6,1.5096721399649418,-0.4714326654378531
GDELT,Netherlands,2018-02-01,Working visit to China,Partner inbound visit,12,1.5096721399649418,-0.5674226362826705
GDELT,Netherlands,2018-10-01,Official visit to the Netherlands,Chinese outbound visit,0,0.8049001119055598,0.5232902051122738
GDELT,Netherlands,2018-10-01,Official visit to the Netherlands,Chinese outbound visit,1,0.8049001119055598,0.8139298183037506
GDELT,Netherlands,2018-10-01,Official visit to the Netherlands,Chinese outbound visit,2,0.8049001119055598,0.28723926088036633
GDELT,Netherlands,2018-10-01,Official visit to the Netherlands,Chinese outbound visit,3,0.8049001119055598,-0.2343923234759474
GDELT,Netherlands,2018-10-01,Official visit to the Netherlands,Chinese outbound visit,6,0.8049001119055598,-0.5484333613691502
GDELT,Netherlands,2018-10-01,Official visit to the Netherlands,Chinese outbound visit,12,0.8049001119055598,-0.8190159413839998
GDELT,Netherlands,2022-11-01,Bilateral meeting on sidelines of G20 summit,Third-party meeting,0,0.8881335303512768,0.3199582243221789
GDELT,Netherlands,2022-11-01,Bilateral meeting on sidelines of G20 summit,Third-party meeting,1,0.8881335303512768,0.12223765377469731
GDELT,Netherlands,2022-11-01,Bilateral meeting on sidelines of G20 summit,Third-party meeting,2,0.8881335303512768,1.031994638828499
GDELT,Netherlands,2022-11-01,Bilateral meeting on sidelines of G20 summit,Third-party meeting,3,0.8881335303512768,-0.4176431493517606
GDELT,Netherlands,2022-11-01,Bilateral meeting on sidelines of G20 summit,Third-party meeting,6,0.8881335303512768,-0.255154328928762
GDELT,Netherlands,2022-11-01,Bilateral meeting on sidelines of G20 summit,Third-party meeting,12,0.8881335303512768,1.5029830399249247
GDELT,Netherlands,2024-03-01,Working visit to China,Partner inbound visit,0,0.7627713359911183,-0.28246219612721823
GDELT,Netherlands,2024-03-01,Working visit to China,Partner inbound visit,1,0.7627713359911183,0.17827599067392086
GDELT,Netherlands,2024-03-01,Working visit to China,Partner inbound visit,2,0.7627713359911183,0.15895737719500846
GDELT,Netherlands,2024-03-01,Working visit to China,Partner inbound visit,3,0.7627713359911183,-1.4624163737407603
GDELT,Netherlands,2024-03-01,Working visit to China,Partner inbound visit,6,0.7627713359911183,-1.2316151918032148
GDELT,Netherlands,2024-03-01,Working visit to China,Partner inbound visit,12,0.7627713359911183,-1.202640119246869
GDELT,Netherlands,2025-05-01,Official visit to China,Partner inbound visit,0,0.08600501178298596,1.14166781084393
GDELT,Netherlands,2025-05-01,Official visit to China,Partner inbound visit,1,0.08600501178298596,-0.43706732437105406
GDELT,Netherlands,2025-05-01,Official visit to China,Partner inbound visit,2,0.08600501178298596,1.1331460752008795
GDELT,Netherlands,2025-05-01,Official visit to China,Partner inbound visit,3,0.08600501178298596,-0.008552927628507831
GDELT,Netherlands,2025-05-01,Official visit to China,Partner inbound visit,6,0.08600501178298596,-1.4351981743455553
GDELT,Philippines,2004-09-01,State visit to China,Partner inbound visit,0,-1.711937203844365,2.903579696004207
GDELT,Philippines,2004-09-01,State visit to China,Partner inbound visit,1,-1.711937203844365,5.265141721172703
GDELT,Philippines,2004-09-01,State visit to China,Partner inbound visit,2,-1.711937203844365,4.50905485152058
GDELT,Philippines,2004-09-01,State visit to China,Partner inbound visit,3,-1.711937203844365,5.711937203844365
GDELT,Philippines,2004-09-01,State visit to China,Partner inbound visit,6,-1.711937203844365,5.237496153601625
GDELT,Philippines,2004-09-01,State visit to China,Partner inbound visit,12,-1.711937203844365,1.0069487167059357
GDELT,Philippines,2005-04-01,State visit to the Philippines,Chinese outbound visit,0,0.5395176508603955,0.19146390170991567
GDELT,Philippines,2005-04-01,State visit to the Philippines,Chinese outbound visit,1,0.5395176508603955,2.948256529530459
GDELT,Philippines,2005-04-01,State visit to the Philippines,Chinese outbound visit,2,0.5395176508603955,-0.6367033051484233
GDELT,Philippines,2005-04-01,State visit to the Philippines,Chinese outbound visit,3,0.5395176508603955,-0.17071213251772177
GDELT,Philippines,2005-04-01,State visit to the Philippines,Chinese outbound visit,6,0.5395176508603955,-0.27067925422705896
GDELT,Philippines,2005-04-01,State visit to the Philippines,Chinese outbound visit,12,0.5395176508603955,2.2679597271809047
GDELT,Philippines,2006-10-01,State visit to China and attendance at the ASEAN-China Commemorative Summit,Partner inbound visit,0,-0.9602869280319796,2.7243373994868185
GDELT,Philippines,2006-10-01,State visit to China and attendance at the ASEAN-China Commemorative Summit,Partner inbound visit,1,-0.9602869280319796,2.2540756100156183
GDELT,Philippines,2006-10-01,State visit to China and attendance at the ASEAN-China Commemorative Summit,Partner inbound visit,2,-0.9602869280319796,1.2085485645094152
GDELT,Philippines,2006-10-01,State visit to China and attendance at the ASEAN-China Commemorative Summit,Partner inbound visit,3,-0.9602869280319796,3.740672344401737
GDELT,Philippines,2006-10-01,State visit to China and attendance at the ASEAN-China Commemorative Summit,Partner inbound visit,6,-0.9602869280319796,3.6650294619548727
GDELT,Philippines,2006-10-01,State visit to China and attendance at the ASEAN-China Commemorative Summit,Partner inbound visit,12,-0.9602869280319796,2.094787906937554
GDELT,Philippines,2007-01-01,Official visit to the Philippines,Chinese outbound visit,0,1.1020335966386376,1.6783518197311196
GDELT,Philippines,2007-01-01,Official visit to the Philippines,Chinese outbound visit,1,1.1020335966386376,-0.393408199952729
GDELT,Philippines,2007-01-01,Official visit to the Philippines,Chinese outbound visit,2,1.1020335966386376,-1.2342019386127898
GDELT,Philippines,2007-01-01,Official visit to the Philippines,Chinese outbound visit,3,1.1020335966386376,1.6027089372842553
GDELT,Philippines,2007-01-01,Official visit to the Philippines,Chinese outbound visit,6,1.1020335966386376,-0.8817402868625326
GDELT,Philippines,2007-01-01,Official visit to the Philippines,Chinese outbound visit,12,1.1020335966386376,0.34568110790431916
GDELT,Philippines,2007-09-01,State visit to China and attendance at the 2007 Summer Davos,Partner inbound visit,0,1.5440108125077767,-0.5867672000268663
GDELT,Philippines,2007-09-01,State visit to China and attendance at the 2007 Summer Davos,Partner inbound visit,1,1.5440108125077767,-0.4095098336022023
GDELT,Philippines,2007-09-01,State visit to China and attendance at the 2007 Summer Davos,Partner inbound visit,2,1.5440108125077767,-2.550253738164475
GDELT,Philippines,2007-09-01,State visit to China and attendance at the 2007 Summer Davos,Partner inbound visit,3,1.5440108125077767,-3.3062420832777946
GDELT,Philippines,2007-09-01,State visit to China and attendance at the 2007 Summer Davos,Partner inbound visit,6,1.5440108125077767,-1.5367087294796722
GDELT,Philippines,2007-09-01,State visit to China and attendance at the 2007 Summer Davos,Partner inbound visit,12,1.5440108125077767,-1.413620986582643
GDELT,Philippines,2011-08-01,State visit to China,Partner inbound visit,0,-1.1848759214220137,1.3881109682545136
GDELT,Philippines,2011-08-01,State visit to China,Partner inbound visit,1,-1.1848759214220137,1.3927849113382176
GDELT,Philippines,2011-08-01,State visit to China,Partner inbound visit,2,-1.1848759214220137,-0.023907630140666658
GDELT,Philippines,2011-08-01,State visit to China,Partner inbound visit,3,-1.1848759214220137,0.7342333040717217
GDELT,Philippines,2011-08-01,State visit to China,Partner inbound visit,6,-1.1848759214220137,-0.17994401506339708
GDELT,Philippines,2011-08-01,State visit to China,Partner inbound visit,12,-1.1848759214220137,-1.6006118452304432
GDELT,Philippines,2014-11-01,Bilateral meeting on sidelines of APEC Economic Leaders' Meeting,Third-party meeting,0,-2.083558968474987,1.2608019593134894
GDELT,Philippines,2014-11-01,Bilateral meeting on sidelines of APEC Economic Leaders' Meeting,Third-party meeting,1,-2.083558968474987,0.6408220656935089
GDELT,Philippines,2014-11-01,Bilateral meeting on sidelines of APEC Economic Leaders' Meeting,Third-party meeting,2,-2.083558968474987,2.088877918714109
GDELT,Philippines,2014-11-01,Bilateral meeting on sidelines of APEC Economic Leaders' Meeting,Third-party meeting,3,-2.083558968474987,1.0273129089133355
GDELT,Philippines,2014-11-01,Bilateral meeting on sidelines of APEC Economic Leaders' Meeting,Third-party meeting,6,-2.083558968474987,1.1504158251012337
GDELT,Philippines,2014-11-01,Bilateral meeting on sidelines of APEC Economic Leaders' Meeting,Third-party meeting,12,-2.083558968474987,1.9797622070594758
GDELT,Philippines,2016-10-01,Duterte Visits China,Partner inbound visit,0,0.23211961621013089,0.7504067634743485
GDELT,Philippines,2016-10-01,Duterte Visits China,Partner inbound visit,1,0.23211961621013089,0.04097478362223583
GDELT,Philippines,2016-10-01,Duterte Visits China,Partner inbound visit,2,0.23211961621013089,-0.2204265471163609
GDELT,Philippines,2016-10-01,Duterte Visits China,Partner inbound visit,3,0.23211961621013089,0.9851454492538192
GDELT,Philippines,2016-10-01,Duterte Visits China,Partner inbound visit,6,0.23211961621013089,-0.18402118665038358
GDELT,Philippines,2016-10-01,Duterte Visits China,Partner inbound visit,12,0.23211961621013089,0.8717846566038272
GDELT,Philippines,2017-05-01,Attendance at the Belt and Road Forum for International Cooperation and bilateral meeting,Partner inbound visit,0,0.6266553990998295,0.3896184189313866
GDELT,Philippines,2017-05-01,Attendance at the Belt and Road Forum for International Cooperation and bilateral meeting,Partner inbound visit,1,0.6266553990998295,-0.3165884907790074
GDELT,Philippines,2017-05-01,Attendance at the Belt and Road Forum for International Cooperation and bilateral meeting,Partner inbound visit,2,0.6266553990998295,0.3975797794941217
GDELT,Philippines,2017-05-01,Attendance at the Belt and Road Forum for International Cooperation and bilateral meeting,Partner inbound visit,3,0.6266553990998295,-0.136728540916628
GDELT,Philippines,2017-05-01,Attendance at the Belt and Road Forum for International Cooperation and bilateral meeting,Partner inbound visit,6,0.6266553990998295,0.5806259367831595
GDELT,Philippines,2017-05-01,Attendance at the Belt and Road Forum for International Cooperation and bilateral meeting,Partner inbound visit,12,0.6266553990998295,-1.038956891006261
GDELT,Philippines,2017-11-01,Official visit to the Philippines and attendance at the 2017 ASEAN Summit,Chinese outbound visit,0,0.6895135276853857,0.5177678081976034
GDELT,Philippines,2017-11-01,Official visit to the Philippines and attendance at the 2017 ASEAN Summit,Chinese outbound visit,1,0.6895135276853857,0.2676001302129275
GDELT,Philippines,2017-11-01,Official visit to the Philippines and attendance at the 2017 ASEAN Summit,Chinese outbound visit,2,0.6895135276853857,-0.5629778993216721
GDELT,Philippines,2017-11-01,Official visit to the Philippines and attendance at the 2017 ASEAN Summit,Chinese outbound visit,3,0.6895135276853857,-0.21378020350029447
GDELT,Philippines,2017-11-01,Official visit to the Philippines and attendance at the 2017 ASEAN Summit,Chinese outbound visit,6,0.6895135276853857,-1.101815019591817
GDELT,Philippines,2017-11-01,Official visit to the Philippines and attendance at the 2017 ASEAN Summit,Chinese outbound visit,12,0.6895135276853857,1.0130379106638145
GDELT,Philippines,2018-04-01,Attendance at the Boao Forum for Asia Annual Conference and bilateral meeting,Partner inbound visit,0,0.5759393163874383,0.6358176636063572
GDELT,Philippines,2018-04-01,Attendance at the Boao Forum for Asia Annual Conference and bilateral meeting,Partner inbound visit,1,0.5759393163874383,-0.9882408082938697
GDELT,Philippines,2018-04-01,Attendance at the Boao Forum for Asia Annual Conference and bilateral meeting,Partner inbound visit,2,0.5759393163874383,-0.7717637521810511
GDELT,Philippines,2018-04-01,Attendance at the Boao Forum for Asia Annual Conference and bilateral meeting,Partner inbound visit,3,0.5759393163874383,0.01803020471637018
GDELT,Philippines,2018-04-01,Attendance at the Boao Forum for Asia Annual Conference and bilateral meeting,Partner inbound visit,6,0.5759393163874383,0.3456636706323041
GDELT,Philippines,2018-04-01,Attendance at the Boao Forum for Asia Annual Conference and bilateral meeting,Partner inbound visit,12,0.5759393163874383,-1.0041338827196156
GDELT,Philippines,2018-11-01,Xi Visits Philippines,Chinese outbound visit,0,0.7915511839782466,0.9110002543709536
GDELT,Philippines,2018-11-01,Xi Visits Philippines,Chinese outbound visit,1,0.7915511839782466,0.6818836507366791
GDELT,Philippines,2018-11-01,Xi Visits Philippines,Chinese outbound visit,2,0.7915511839782466,-0.15005538404453722
GDELT,Philippines,2018-11-01,Xi Visits Philippines,Chinese outbound visit,3,0.7915511839782466,-1.5684762176197435
GDELT,Philippines,2018-11-01,Xi Visits Philippines,Chinese outbound visit,6,0.7915511839782466,-0.41667073760274026
GDELT,Philippines,2018-11-01,Xi Visits Philippines,Chinese outbound visit,12,0.7915511839782466,-1.0234349519742654
GDELT,Philippines,2019-04-01,Attendance at the Second Belt and Road Forum for International Cooperation and bilateral meeting,Partner inbound visit,0,-0.20249939542986203,-0.22569517090231508
GDELT,Philippines,2019-04-01,Attendance at the Second Belt and Road Forum for International Cooperation and bilateral meeting,Partner inbound visit,1,-0.20249939542986203,0.5773798418053684
GDELT,Philippines,2019-04-01,Attendance at the Second Belt and Road Forum for International Cooperation and bilateral meeting,Partner inbound visit,2,-0.20249939542986203,-0.3614831413148357
GDELT,Philippines,2019-04-01,Attendance at the Second Belt and Road Forum for International Cooperation and bilateral meeting,Partner inbound visit,3,-0.20249939542986203,-0.21114128813853897
GDELT,Philippines,2019-04-01,Attendance at the Second Belt and Road Forum for International Cooperation and bilateral meeting,Partner inbound visit,6,-0.20249939542986203,-0.32347392812140596
GDELT,Philippines,2019-04-01,Attendance at the Second Belt and Road Forum for International Cooperation and bilateral meeting,Partner inbound visit,12,-0.20249939542986203,-0.9091437214570389
GDELT,Philippines,2019-04-01,Bilateral meeting on sidelines of the Second Belt and Road Forum for International Cooperation,Partner inbound visit,0,-0.20249939542986203,-0.22569517090231508
GDELT,Philippines,2019-04-01,Bilateral meeting on sidelines of the Second Belt and Road Forum for International Cooperation,Partner inbound visit,1,-0.20249939542986203,0.5773798418053684
GDELT,Philippines,2019-04-01,Bilateral meeting on sidelines of the Second Belt and Road Forum for International Cooperation,Partner inbound visit,2,-0.20249939542986203,-0.3614831413148357
GDELT,Philippines,2019-04-01,Bilateral meeting on sidelines of the Second Belt and Road Forum for International Cooperation,Partner inbound visit,3,-0.20249939542986203,-0.21114128813853897
GDELT,Philippines,2019-04-01,Bilateral meeting on sidelines of the Second Belt and Road Forum for International Cooperation,Partner inbound visit,6,-0.20249939542986203,-0.32347392812140596
GDELT,Philippines,2019-04-01,Bilateral meeting on sidelines of the Second Belt and Road Forum for International Cooperation,Partner inbound visit,12,-0.20249939542986203,-0.9091437214570389
GDELT,Philippines,2023-01-01,State visit to China,Partner inbound visit,0,-0.08391953351795738,1.6457989404926152
GDELT,Philippines,2023-01-01,State visit to China,Partner inbound visit,1,-0.08391953351795738,-0.7609566780023241
GDELT,Philippines,2023-01-01,State visit to China,Partner inbound visit,2,-0.08391953351795738,-0.8852771932090291
GDELT,Philippines,2023-01-01,State visit to China,Partner inbound visit,3,-0.08391953351795738,-0.3330862038227143
GDELT,Philippines,2023-01-01,State visit to China,Partner inbound visit,6,-0.08391953351795738,-0.15531965800125508
GDELT,Philippines,2023-01-01,State visit to China,Partner inbound visit,12,-0.08391953351795738,-0.630897851516964
GDELT,Philippines,2023-11-01,Bilateral meeting on sidelines of the APEC Economic Leaders' Meeting,Third-party meeting,0,-1.8528208673677802,-0.32684924037121066
GDELT,Philippines,2023-11-01,Bilateral meeting on sidelines of the APEC Economic Leaders' Meeting,Third-party meeting,1,-1.8528208673677802,-0.03547484536767742
GDELT,Philippines,2023-11-01,Bilateral meeting on sidelines of the APEC Economic Leaders' Meeting,Third-party meeting,2,-1.8528208673677802,1.1380034823328589
GDELT,Philippines,2023-11-01,Bilateral meeting on sidelines of the APEC Economic Leaders' Meeting,Third-party meeting,3,-1.8528208673677802,0.22884274281933825
GDELT,Philippines,2023-11-01,Bilateral meeting on sidelines of the APEC Economic Leaders' Meeting,Third-party meeting,6,-1.8528208673677802,-0.5907865705341941
GDELT,Philippines,2023-11-01,Bilateral meeting on sidelines of the APEC Economic Leaders' Meeting,Third-party meeting,12,-1.8528208673677802,-0.6759676006106443
GDELT,Russia,2006-03-01,State visit to China,Partner inbound visit,0,1.4852046335596634,0.6056959469372045
GDELT,Russia,2006-03-01,State visit to China,Partner inbound visit,1,1.4852046335596634,-0.7079753982455625
GDELT,Russia,2006-03-01,State visit to China,Partner inbound visit,2,1.4852046335596634,0.32641667840722866
GDELT,Russia,2006-03-01,State visit to China,Partner inbound visit,3,1.4852046335596634,1.3319356665499344
GDELT,Russia,2006-03-01,State visit to China,Partner inbound visit,6,1.4852046335596634,0.24188638507889726
GDELT,Russia,2006-03-01,State visit to China,Partner inbound visit,12,1.4852046335596634,0.6308343612140397
GDELT,Russia,2007-03-01,State visit to Russia,Chinese outbound visit,0,1.615432735079451,0.500606259694252
GDELT,Russia,2007-03-01,State visit to Russia,Chinese outbound visit,1,1.615432735079451,-1.4025022503012885
GDELT,Russia,2007-03-01,State visit to Russia,Chinese outbound visit,2,1.615432735079451,-0.7078628749877355
GDELT,Russia,2007-03-01,State visit to Russia,Chinese outbound visit,3,1.615432735079451,-0.1579815917881675
GDELT,Russia,2007-03-01,State visit to Russia,Chinese outbound visit,6,1.615432735079451,0.37354543840477983
GDELT,Russia,2007-03-01,State visit to Russia,Chinese outbound visit,12,1.615432735079451,-0.8334309722381879
GDELT,Russia,2008-05-01,State visit to China,Partner inbound visit,0,0.6841655380762214,1.1866213505265155
GDELT,Russia,2008-05-01,State visit to China,Partner inbound visit,1,0.6841655380762214,1.5399589160013325
GDELT,Russia,2008-05-01,State visit to China,Partner inbound visit,2,0.6841655380762214,1.2762068448111212
GDELT,Russia,2008-05-01,State visit to China,Partner inbound visit,3,0.6841655380762214,-0.7315157909337605
GDELT,Russia,2008-05-01,State visit to China,Partner inbound visit,6,0.6841655380762214,1.5468493665516836
GDELT,Russia,2008-05-01,State visit to China,Partner inbound visit,12,0.6841655380762214,1.179320388617342
GDELT,Russia,2009-06-01,State visit to Russia,Chinese outbound visit,0,1.8117055830802002,-0.06223518505823944
GDELT,Russia,2009-06-01,State visit to Russia,Chinese outbound visit,1,1.8117055830802002,-0.9171294487025439
GDELT,Russia,2009-06-01,State visit to Russia,Chinese outbound visit,2,1.8117055830802002,-0.24270959223617017
GDELT,Russia,2009-06-01,State visit to Russia,Chinese outbound visit,3,1.8117055830802002,0.36769740206946966
GDELT,Russia,2009-06-01,State visit to Russia,Chinese outbound visit,6,1.8117055830802002,0.12827520048697894
GDELT,Russia,2009-06-01,State visit to Russia,Chinese outbound visit,12,1.8117055830802002,-0.06354668795876717
GDELT,Russia,2012-06-01,State visit to China,Partner inbound visit,0,1.8995179637061927,0.31236175050590975
GDELT,Russia,2012-06-01,State visit to China,Partner inbound visit,1,1.8995179637061927,-1.9990770403239815
GDELT,Russia,2012-06-01,State visit to China,Partner inbound visit,2,1.8995179637061927,-0.8237035762544533
GDELT,Russia,2012-06-01,State visit to China,Partner inbound visit,3,1.8995179637061927,-0.7718675567835878
GDELT,Russia,2012-06-01,State visit to China,Partner inbound visit,6,1.8995179637061927,-0.6813354330919428
GDELT,Russia,2012-06-01,State visit to China,Partner inbound visit,12,1.8995179637061927,-0.06742790847496782
GDELT,Russia,2013-03-01,State visit to Russia,Chinese outbound visit,0,2.0371232257617535,0.4396856489257157
GDELT,Russia,2013-03-01,State visit to Russia,Chinese outbound visit,1,2.0371232257617535,-0.6899263455252242
GDELT,Russia,2013-03-01,State visit to Russia,Chinese outbound visit,2,2.0371232257617535,-0.6701413237451117
GDELT,Russia,2013-03-01,State visit to Russia,Chinese outbound visit,3,2.0371232257617535,-0.2050331705305286
GDELT,Russia,2013-03-01,State visit to Russia,Chinese outbound visit,6,2.0371232257617535,-0.6385466303482428
GDELT,Russia,2013-03-01,State visit to Russia,Chinese outbound visit,12,2.0371232257617535,-0.758670175319198
GDELT,Russia,2014-05-01,State visit to China,Partner inbound visit,0,1.7017069687494435,1.1839396709290795
GDELT,Russia,2014-05-01,State visit to China,Partner inbound visit,1,1.7017069687494435,1.1930561120703618
GDELT,Russia,2014-05-01,State visit to China,Partner inbound visit,2,1.7017069687494435,0.264859022057093
GDELT,Russia,2014-05-01,State visit to China,Partner inbound visit,3,1.7017069687494435,0.09456522130806766
GDELT,Russia,2014-05-01,State visit to China,Partner inbound visit,6,1.7017069687494435,-0.17836232327285773
GDELT,Russia,2014-05-01,State visit to China,Partner inbound visit,12,1.7017069687494435,0.18946573015241297
GDELT,Russia,2015-05-01,State visit to Russia,Chinese outbound visit,0,1.7936832824654658,0.09748941643639064
GDELT,Russia,2015-05-01,State visit to Russia,Chinese outbound visit,1,1.7936832824654658,-0.17667947802358874
GDELT,Russia,2015-05-01,State visit to Russia,Chinese outbound visit,2,1.7936832824654658,0.2841177298014923
GDELT,Russia,2015-05-01,State visit to Russia,Chinese outbound visit,3,1.7936832824654658,-0.23165819624043493
GDELT,Russia,2015-05-01,State visit to Russia,Chinese outbound visit,6,1.7936832824654658,-0.6506241788211558
GDELT,Russia,2015-05-01,State visit to Russia,Chinese outbound visit,12,1.7936832824654658,-0.14598077935810294
GDELT,Russia,2016-06-01,State visit to China,Partner inbound visit,0,1.5542599157268309,0.11740181186459653
GDELT,Russia,2016-06-01,State visit to China,Partner inbound visit,1,1.5542599157268309,-0.03332824703493342
GDELT,Russia,2016-06-01,State visit to China,Partner inbound visit,2,1.5542599157268309,-0.15958133654174267
GDELT,Russia,2016-06-01,State visit to China,Partner inbound visit,3,1.5542599157268309,-0.04204738158787391
GDELT,Russia,2016-06-01,State visit to China,Partner inbound visit,6,1.5542599157268309,-0.8213693515219567
GDELT,Russia,2016-06-01,State visit to China,Partner inbound visit,12,1.5542599157268309,-0.7504027124370398
GDELT,Russia,2017-07-01,State visit to Russia,Chinese outbound visit,0,0.9862922766198476,0.1921039395517763
GDELT,Russia,2017-07-01,State visit to Russia,Chinese outbound visit,1,0.9862922766198476,-0.12605459202749536
GDELT,Russia,2017-07-01,State visit to Russia,Chinese outbound visit,2,0.9862922766198476,-0.10361012273114234
GDELT,Russia,2017-07-01,State visit to Russia,Chinese outbound visit,3,0.9862922766198476,0.24545901289000938
GDELT,Russia,2017-07-01,State visit to Russia,Chinese outbound visit,6,0.9862922766198476,-1.193341691017043
GDELT,Russia,2017-07-01,State visit to Russia,Chinese outbound visit,12,0.9862922766198476,0.33973248043344406
GDELT,Russia,2018-06-01,State visit to China,Partner inbound visit,0,1.5556516975230128,-0.07895653425212856
GDELT,Russia,2018-06-01,State visit to China,Partner inbound visit,1,1.5556516975230128,-0.2296269404697211
GDELT,Russia,2018-06-01,State visit to China,Partner inbound visit,2,1.5556516975230128,-1.1682111999624833
GDELT,Russia,2018-06-01,State visit to China,Partner inbound visit,3,1.5556516975230128,-0.9436406798003478
GDELT,Russia,2018-06-01,State visit to China,Partner inbound visit,6,1.5556516975230128,-0.657215370069169
GDELT,Russia,2018-06-01,State visit to China,Partner inbound visit,12,1.5556516975230128,0.5157261462974159
GDELT,Russia,2019-06-01,State visit to Russia,Chinese outbound visit,0,0.6056053087410435,1.465772535079385
GDELT,Russia,2019-06-01,State visit to Russia,Chinese outbound visit,1,0.6056053087410435,1.0017776474882134
GDELT,Russia,2019-06-01,State visit to Russia,Chinese outbound visit,2,0.6056053087410435,0.13774219963224843
GDELT,Russia,2019-06-01,State visit to Russia,Chinese outbound visit,3,0.6056053087410435,0.6131476506734975
GDELT,Russia,2019-06-01,State visit to Russia,Chinese outbound visit,6,0.6056053087410435,0.12007759085403846
GDELT,Russia,2019-06-01,State visit to Russia,Chinese outbound visit,12,0.6056053087410435,-0.25184613221406005
GDELT,Russia,2021-06-01,Video meeting on treaty extension,Remote talk,0,0.7529548819517439,0.5922238230333262
GDELT,Russia,2021-06-01,Video meeting on treaty extension,Remote talk,1,0.7529548819517439,0.3607167440450715
GDELT,Russia,2021-06-01,Video meeting on treaty extension,Remote talk,2,0.7529548819517439,0.6893787713477398
GDELT,Russia,2021-06-01,Video meeting on treaty extension,Remote talk,3,0.7529548819517439,0.052830742233795136
GDELT,Russia,2021-06-01,Video meeting on treaty extension,Remote talk,6,0.7529548819517439,0.6243126689932098
GDELT,Russia,2021-06-01,Video meeting on treaty extension,Remote talk,12,0.7529548819517439,-0.9378196919075487
GDELT,Russia,2022-02-01,State visit to China,Partner inbound visit,0,1.0392203482412372,-0.295677690382979
GDELT,Russia,2022-02-01,State visit to China,Partner inbound visit,1,1.0392203482412372,-0.9486973415280817
GDELT,Russia,2022-02-01,State visit to China,Partner inbound visit,2,1.0392203482412372,-0.8132304927773844
GDELT,Russia,2022-02-01,State visit to China,Partner inbound visit,3,1.0392203482412372,-1.6155196622876213
GDELT,Russia,2022-02-01,State visit to China,Partner inbound visit,6,1.0392203482412372,-0.043396209696546006
GDELT,Russia,2022-02-01,State visit to China,Partner inbound visit,12,1.0392203482412372,-0.3280115385841571
GDELT,Russia,2022-09-01,Bilateral meeting on sidelines of SCO summit,Third-party meeting,0,0.45440221099022443,0.2884333966430734
GDELT,Russia,2022-09-01,Bilateral meeting on sidelines of SCO summit,Third-party meeting,1,0.45440221099022443,-0.5033482293864804
GDELT,Russia,2022-09-01,Bilateral meeting on sidelines of SCO summit,Third-party meeting,2,0.45440221099022443,-0.3184834086994038
GDELT,Russia,2022-09-01,Bilateral meeting on sidelines of SCO summit,Third-party meeting,3,0.45440221099022443,0.14164482838450881
GDELT,Russia,2022-09-01,Bilateral meeting on sidelines of SCO summit,Third-party meeting,6,0.45440221099022443,1.0533508522327821
GDELT,Russia,2022-09-01,Bilateral meeting on sidelines of SCO summit,Third-party meeting,12,0.45440221099022443,0.7312147041486805
GDELT,Russia,2023-03-01,State visit to Russia,Chinese outbound visit,0,0.7350465511896438,0.7727065120333627
GDELT,Russia,2023-03-01,State visit to Russia,Chinese outbound visit,1,0.7350465511896438,0.32894317588735156
GDELT,Russia,2023-03-01,State visit to Russia,Chinese outbound visit,2,0.7350465511896438,0.6629364614198554
GDELT,Russia,2023-03-01,State visit to Russia,Chinese outbound visit,3,0.7350465511896438,-0.028319560093356344
GDELT,Russia,2023-03-01,State visit to Russia,Chinese outbound visit,6,0.7350465511896438,0.4505703639492611
GDELT,Russia,2023-03-01,State visit to Russia,Chinese outbound visit,12,0.7350465511896438,-0.2555981496698365
GDELT,Russia,2024-05-01,State visit to China,Partner inbound visit,0,0.6118710698476774,-0.16631104203984098
GDELT,Russia,2024-05-01,State visit to China,Partner inbound visit,1,0.6118710698476774,0.04433172885867209
GDELT,Russia,2024-05-01,State visit to China,Partner inbound visit,2,0.6118710698476774,0.961980653524653
GDELT,Russia,2024-05-01,State visit to China,Partner inbound visit,3,0.6118710698476774,0.37785140124403627
GDELT,Russia,2024-05-01,State visit to China,Partner inbound visit,6,0.6118710698476774,-0.24689145886128883
GDELT,Russia,2024-05-01,State visit to China,Partner inbound visit,12,0.6118710698476774,-0.13020265644715912
GDELT,Russia,2024-10-01,Bilateral meeting on sidelines of BRICS summit,Third-party meeting,0,1.3165210086664996,-0.1110342868701466
GDELT,Russia,2024-10-01,Bilateral meeting on sidelines of BRICS summit,Third-party meeting,1,1.3165210086664996,-0.951541397680111
GDELT,Russia,2024-10-01,Bilateral meeting on sidelines of BRICS summit,Third-party meeting,2,1.3165210086664996,-0.5340858037122669
GDELT,Russia,2024-10-01,Bilateral meeting on sidelines of BRICS summit,Third-party meeting,3,1.3165210086664996,-0.49231184048940446
GDELT,Russia,2024-10-01,Bilateral meeting on sidelines of BRICS summit,Third-party meeting,6,1.3165210086664996,-0.5125048191779726
GDELT,Russia,2024-10-01,Bilateral meeting on sidelines of BRICS summit,Third-party meeting,12,1.3165210086664996,-0.9970349936776544
GDELT,Russia,2025-05-01,State visit to Russia,Chinese outbound visit,0,0.9689256526165859,-0.4872572392160677
GDELT,Russia,2025-05-01,State visit to Russia,Chinese outbound visit,1,0.9689256526165859,-0.02711906328242797
GDELT,Russia,2025-05-01,State visit to Russia,Chinese outbound visit,2,0.9689256526165859,-0.23678161630783623
GDELT,Russia,2025-05-01,State visit to Russia,Chinese outbound visit,3,0.9689256526165859,-0.16132213645492643
GDELT,Russia,2025-05-01,State visit to Russia,Chinese outbound visit,6,0.9689256526165859,0.04918010308530296
GDELT,Saudi Arabia,2006-01-01,State visit to China,Partner inbound visit,0,3.2036552272567693,-2.1431008680456483
GDELT,Saudi Arabia,2006-01-01,State visit to China,Partner inbound visit,1,3.2036552272567693,-2.1273067796744094
GDELT,Saudi Arabia,2006-01-01,State visit to China,Partner inbound visit,2,3.2036552272567693,-0.05123909565782192
GDELT,Saudi Arabia,2006-01-01,State visit to China,Partner inbound visit,3,3.2036552272567693,-0.2224251294164361
GDELT,Saudi Arabia,2006-01-01,State visit to China,Partner inbound visit,6,3.2036552272567693,1.7484655453662459
GDELT,Saudi Arabia,2006-01-01,State visit to China,Partner inbound visit,12,3.2036552272567693,-1.4300502531242767
GDELT,Saudi Arabia,2006-04-01,State visit to Saudi Arabia,Chinese outbound visit,0,1.7631063127974762,1.218123785042857
GDELT,Saudi Arabia,2006-04-01,State visit to Saudi Arabia,Chinese outbound visit,1,1.7631063127974762,1.695804874547288
GDELT,Saudi Arabia,2006-04-01,State visit to Saudi Arabia,Chinese outbound visit,2,1.7631063127974762,-0.6895103074222537
GDELT,Saudi Arabia,2006-04-01,State visit to Saudi Arabia,Chinese outbound visit,3,1.7631063127974762,3.1890144598255388
GDELT,Saudi Arabia,2006-04-01,State visit to Saudi Arabia,Chinese outbound visit,6,1.7631063127974762,0.45562607534394073
GDELT,Saudi Arabia,2006-04-01,State visit to Saudi Arabia,Chinese outbound visit,12,1.7631063127974762,0.45666135400256747
GDELT,Saudi Arabia,2008-06-01,Official visit to Saudi Arabia,Chinese outbound visit,0,3.1154969658336804,1.8607968987525711
GDELT,Saudi Arabia,2008-06-01,Official visit to Saudi Arabia,Chinese outbound visit,1,3.1154969658336804,-0.487100310039573
GDELT,Saudi Arabia,2008-06-01,Official visit to Saudi Arabia,Chinese outbound visit,2,3.1154969658336804,-0.6089290391562412
GDELT,Saudi Arabia,2008-06-01,Official visit to Saudi Arabia,Chinese outbound visit,3,3.1154969658336804,-1.2802418036646588
GDELT,Saudi Arabia,2008-06-01,Official visit to Saudi Arabia,Chinese outbound visit,6,3.1154969658336804,0.3626235896940133
GDELT,Saudi Arabia,2008-06-01,Official visit to Saudi Arabia,Chinese outbound visit,12,3.1154969658336804,-2.3529544752896716
GDELT,Saudi Arabia,2009-02-01,State visit to Saudi Arabia,Chinese outbound visit,0,2.2266663988337734,1.189493682888004
GDELT,Saudi Arabia,2009-02-01,State visit to Saudi Arabia,Chinese outbound visit,1,2.2266663988337734,-2.7389411636953356
GDELT,Saudi Arabia,2009-02-01,State visit to Saudi Arabia,Chinese outbound visit,2,2.2266663988337734,0.48718304022818293
GDELT,Saudi Arabia,2009-02-01,State visit to Saudi Arabia,Chinese outbound visit,3,2.2266663988337734,-0.657325833714268
GDELT,Saudi Arabia,2009-02-01,State visit to Saudi Arabia,Chinese outbound visit,6,2.2266663988337734,-3.278355491669505
GDELT,Saudi Arabia,2009-02-01,State visit to Saudi Arabia,Chinese outbound visit,12,2.2266663988337734,1.3220705643896387
GDELT,Saudi Arabia,2012-01-01,Official visit to Saudi Arabia,Chinese outbound visit,0,2.27928435291074,1.0097013381404358
GDELT,Saudi Arabia,2012-01-01,Official visit to Saudi Arabia,Chinese outbound visit,1,2.27928435291074,-0.5856198435680793
GDELT,Saudi Arabia,2012-01-01,Official visit to Saudi Arabia,Chinese outbound visit,2,2.27928435291074,-0.05435775207800342
GDELT,Saudi Arabia,2012-01-01,Official visit to Saudi Arabia,Chinese outbound visit,3,2.27928435291074,-0.6174826767633186
GDELT,Saudi Arabia,2012-01-01,Official visit to Saudi Arabia,Chinese outbound visit,6,2.27928435291074,-1.4872317569730193
GDELT,Saudi Arabia,2012-01-01,Official visit to Saudi Arabia,Chinese outbound visit,12,2.27928435291074,-0.02186884803816236
GDELT,Saudi Arabia,2016-01-01,State visit to Saudi Arabia,Chinese outbound visit,0,2.330430097927845,-0.6224427816719338
GDELT,Saudi Arabia,2016-01-01,State visit to Saudi Arabia,Chinese outbound visit,1,2.330430097927845,-0.07884602314667788
GDELT,Saudi Arabia,2016-01-01,State visit to Saudi Arabia,Chinese outbound visit,2,2.330430097927845,0.8742263316433441
GDELT,Saudi Arabia,2016-01-01,State visit to Saudi Arabia,Chinese outbound visit,3,2.330430097927845,0.6682756123732467
GDELT,Saudi Arabia,2016-01-01,State visit to Saudi Arabia,Chinese outbound visit,6,2.330430097927845,-0.5377650246245247
GDELT,Saudi Arabia,2016-01-01,State visit to Saudi Arabia,Chinese outbound visit,12,2.330430097927845,-0.8998096771242796
GDELT,Saudi Arabia,2016-08-01,Official visit to China,Partner inbound visit,0,2.399269511632635,-0.31424807231297036
GDELT,Saudi Arabia,2016-08-01,Official visit to China,Partner inbound visit,1,2.399269511632635,0.14299131852181102
GDELT,Saudi Arabia,2016-08-01,Official visit to China,Partner inbound visit,2,2.399269511632635,0.08413197532801009
GDELT,Saudi Arabia,2016-08-01,Official visit to China,Partner inbound visit,3,2.399269511632635,0.09320949350398999
GDELT,Saudi Arabia,2016-08-01,Official visit to China,Partner inbound visit,6,2.399269511632635,-2.008942161600879
GDELT,Saudi Arabia,2016-08-01,Official visit to China,Partner inbound visit,12,2.399269511632635,-0.13112971137964946
GDELT,Saudi Arabia,2017-03-01,State visit to China,Partner inbound visit,0,1.514617676375461,1.0739146088792928
GDELT,Saudi Arabia,2017-03-01,State visit to China,Partner inbound visit,1,1.514617676375461,-0.130222417428425
GDELT,Saudi Arabia,2017-03-01,State visit to China,Partner inbound visit,2,1.514617676375461,1.9323010223342123
GDELT,Saudi Arabia,2017-03-01,State visit to China,Partner inbound visit,3,1.514617676375461,0.24748485736258696
GDELT,Saudi Arabia,2017-03-01,State visit to China,Partner inbound visit,6,1.514617676375461,1.2019744491904933
GDELT,Saudi Arabia,2017-03-01,State visit to China,Partner inbound visit,12,1.514617676375461,0.4509220111414798
GDELT,Saudi Arabia,2019-02-01,State visit to China,Partner inbound visit,0,1.9701046725188291,0.5381311263760247
GDELT,Saudi Arabia,2019-02-01,State visit to China,Partner inbound visit,1,1.9701046725188291,-0.19660020526839617
GDELT,Saudi Arabia,2019-02-01,State visit to China,Partner inbound visit,2,1.9701046725188291,0.8540651232958822
GDELT,Saudi Arabia,2019-02-01,State visit to China,Partner inbound visit,3,1.9701046725188291,-0.1894470718165131
GDELT,Saudi Arabia,2019-02-01,State visit to China,Partner inbound visit,6,1.9701046725188291,0.45645715448140933
GDELT,Saudi Arabia,2019-02-01,State visit to China,Partner inbound visit,12,1.9701046725188291,-2.5191460643028183
GDELT,Saudi Arabia,2022-12-01,State visit to Saudi Arabia,Chinese outbound visit,0,2.6130927342282972,0.6071340164093937
GDELT,Saudi Arabia,2022-12-01,State visit to Saudi Arabia,Chinese outbound visit,1,2.6130927342282972,0.8794653080787271
GDELT,Saudi Arabia,2022-12-01,State visit to Saudi Arabia,Chinese outbound visit,2,2.6130927342282972,-0.3024094053803146
GDELT,Saudi Arabia,2022-12-01,State visit to Saudi Arabia,Chinese outbound visit,3,2.6130927342282972,0.625897448797224
GDELT,Saudi Arabia,2022-12-01,State visit to Saudi Arabia,Chinese outbound visit,6,2.6130927342282972,0.9319382004745056
GDELT,Saudi Arabia,2022-12-01,State visit to Saudi Arabia,Chinese outbound visit,12,2.6130927342282972,0.17248037740090405
GDELT,Saudi Arabia,2024-09-01,Official visit to Saudi Arabia,Chinese outbound visit,0,3.919133735645635,-0.7449437015187246
GDELT,Saudi Arabia,2024-09-01,Official visit to Saudi Arabia,Chinese outbound visit,1,3.919133735645635,-0.9059937528215509
GDELT,Saudi Arabia,2024-09-01,Official visit to Saudi Arabia,Chinese outbound visit,2,3.919133735645635,-0.5638211297513283
GDELT,Saudi Arabia,2024-09-01,Official visit to Saudi Arabia,Chinese outbound visit,3,3.919133735645635,-1.1138002688177617
GDELT,Saudi Arabia,2024-09-01,Official visit to Saudi Arabia,Chinese outbound visit,6,3.919133735645635,-1.665027392366596
GDELT,Saudi Arabia,2024-09-01,Official visit to Saudi Arabia,Chinese outbound visit,12,3.919133735645635,-1.0739704228965663
GDELT,Saudi Arabia,2025-10-01,Official visit to Saudi Arabia,Chinese outbound visit,0,3.2207586571896822,-0.5896464739024623
GDELT,Saudi Arabia,2025-10-01,Official visit to Saudi Arabia,Chinese outbound visit,1,3.2207586571896822,-1.1420283890736762
GDELT,Saudi Arabia,2025-10-01,Official visit to Saudi Arabia,Chinese outbound visit,2,3.2207586571896822,-0.6520059331225081
GDELT,Singapore,2003-11-01,Working visit to China,Partner inbound visit,0,1.616299934583454,1.1228863799815265
GDELT,Singapore,2003-11-01,Working visit to China,Partner inbound visit,1,1.616299934583454,-3.7177340356702153
GDELT,Singapore,2003-11-01,Working visit to China,Partner inbound visit,2,1.616299934583454,-1.087652351080889
GDELT,Singapore,2003-11-01,Working visit to China,Partner inbound visit,3,1.616299934583454,0.7884694799737826
GDELT,Singapore,2003-11-01,Working visit to China,Partner inbound visit,6,1.616299934583454,-0.14822713518874409
GDELT,Singapore,2003-11-01,Working visit to China,Partner inbound visit,12,1.616299934583454,0.9805117033084141
GDELT,Singapore,2005-10-01,First official visit to China,Partner inbound visit,0,-0.3623264206426781,0.6638265868922015
GDELT,Singapore,2005-10-01,First official visit to China,Partner inbound visit,1,-0.3623264206426781,-1.2686736373917917
GDELT,Singapore,2005-10-01,First official visit to China,Partner inbound visit,2,-0.3623264206426781,0.28112560989470364
GDELT,Singapore,2005-10-01,First official visit to China,Partner inbound visit,3,-0.3623264206426781,4.212326420642676
GDELT,Singapore,2005-10-01,First official visit to China,Partner inbound visit,6,-0.3623264206426781,2.731607968051455
GDELT,Singapore,2005-10-01,First official visit to China,Partner inbound visit,12,-0.3623264206426781,2.066441551104243
GDELT,Singapore,2015-11-01,State visit to Singapore,Chinese outbound visit,0,1.1762543148724127,0.8795544429787245
GDELT,Singapore,2015-11-01,State visit to Singapore,Chinese outbound visit,1,1.1762543148724127,0.08794046267596833
GDELT,Singapore,2015-11-01,State visit to Singapore,Chinese outbound visit,2,1.1762543148724127,0.3916719991608417
GDELT,Singapore,2015-11-01,State visit to Singapore,Chinese outbound visit,3,1.1762543148724127,1.0097867695071976
GDELT,Singapore,2015-11-01,State visit to Singapore,Chinese outbound visit,6,1.1762543148724127,-0.07238915188080242
GDELT,Singapore,2015-11-01,State visit to Singapore,Chinese outbound visit,12,1.1762543148724127,-0.8221176538483874
GDELT,Singapore,2023-04-01,Official visit to China,Partner inbound visit,0,1.978923626339774,0.313796432596807
GDELT,Singapore,2023-04-01,Official visit to China,Partner inbound visit,1,1.978923626339774,-0.10969541338028077
GDELT,Singapore,2023-04-01,Official visit to China,Partner inbound visit,2,1.978923626339774,-0.20234436503162923
GDELT,Singapore,2023-04-01,Official visit to China,Partner inbound visit,3,1.978923626339774,-0.595264332449051
GDELT,Singapore,2023-04-01,Official visit to China,Partner inbound visit,6,1.978923626339774,-0.48552163189961317
GDELT,Singapore,2023-04-01,Official visit to China,Partner inbound visit,12,1.978923626339774,-1.2063243141838325
GDELT,Singapore,2025-06-01,Official visit to China,Partner inbound visit,0,0.5778876532160074,-0.30527477224613564
GDELT,Singapore,2025-06-01,Official visit to China,Partner inbound visit,1,0.5778876532160074,0.12184381424149804
GDELT,Singapore,2025-06-01,Official visit to China,Partner inbound visit,2,0.5778876532160074,-0.22589001483138504
GDELT,Singapore,2025-06-01,Official visit to China,Partner inbound visit,3,0.5778876532160074,0.7014265365888445
GDELT,Singapore,2025-06-01,Official visit to China,Partner inbound visit,6,0.5778876532160074,1.0001411381181549
GDELT,South Korea,2003-07-01,Roh Visits China,Partner inbound visit,0,2.294178431905589,0.6840807589144475
GDELT,South Korea,2003-07-01,Roh Visits China,Partner inbound visit,1,2.294178431905589,0.5053502225305646
GDELT,South Korea,2003-07-01,Roh Visits China,Partner inbound visit,2,2.294178431905589,0.39264413191027714
GDELT,South Korea,2003-07-01,Roh Visits China,Partner inbound visit,3,2.294178431905589,1.2756821313794795
GDELT,South Korea,2003-07-01,Roh Visits China,Partner inbound visit,6,2.294178431905589,0.6383724989187343
GDELT,South Korea,2003-07-01,Roh Visits China,Partner inbound visit,12,2.294178431905589,-1.5663458343322052
GDELT,South Korea,2005-11-01,State visit to South Korea prior to APEC summit,Chinese outbound visit,0,2.3279366812424738,-0.1452311433275022
GDELT,South Korea,2005-11-01,State visit to South Korea prior to APEC summit,Chinese outbound visit,1,2.3279366812424738,0.0183299366741827
GDELT,South Korea,2005-11-01,State visit to South Korea prior to APEC summit,Chinese outbound visit,2,2.3279366812424738,-0.9703565432506527
GDELT,South Korea,2005-11-01,State visit to South Korea prior to APEC summit,Chinese outbound visit,3,2.3279366812424738,-0.2642454826531684
GDELT,South Korea,2005-11-01,State visit to South Korea prior to APEC summit,Chinese outbound visit,6,2.3279366812424738,0.48072425859230306
GDELT,South Korea,2005-11-01,State visit to South Korea prior to APEC summit,Chinese outbound visit,12,2.3279366812424738,0.7196497476709616
GDELT,South Korea,2006-10-01,State visit to China,Partner inbound visit,0,2.315750437475955,0.3895108777648102
GDELT,South Korea,2006-10-01,State visit to China,Partner inbound visit,1,2.315750437475955,0.7318359914374803
GDELT,South Korea,2006-10-01,State visit to China,Partner inbound visit,2,2.315750437475955,0.25069103185125785
GDELT,South Korea,2006-10-01,State visit to China,Partner inbound visit,3,2.315750437475955,0.3519074075360735
GDELT,South Korea,2006-10-01,State visit to China,Partner inbound visit,6,2.315750437475955,-0.262473448378985
GDELT,South Korea,2006-10-01,State visit to China,Partner inbound visit,12,2.315750437475955,-0.0761725027820499
GDELT,South Korea,2007-04-01,Official visit to South Korea,Chinese outbound visit,0,2.3427382642419237,-0.2894612751449537
GDELT,South Korea,2007-04-01,Official visit to South Korea,Chinese outbound visit,1,2.3427382642419237,0.16703226714763586
GDELT,South Korea,2007-04-01,Official visit to South Korea,Chinese outbound visit,2,2.3427382642419237,0.46093892805960435
GDELT,South Korea,2007-04-01,Official visit to South Korea,Chinese outbound visit,3,2.3427382642419237,0.5602879407565164
GDELT,South Korea,2007-04-01,Official visit to South Korea,Chinese outbound visit,6,2.3427382642419237,-0.10316032954801857
GDELT,South Korea,2007-04-01,Official visit to South Korea,Chinese outbound visit,12,2.3427382642419237,-0.5564481270055084
GDELT,South Korea,2008-05-01,Lee Visits China,Partner inbound visit,0,1.8397819202594128,0.5477673180027083
GDELT,South Korea,2008-05-01,Lee Visits China,Partner inbound visit,1,1.8397819202594128,0.8547528449714836
GDELT,South Korea,2008-05-01,Lee Visits China,Partner inbound visit,2,1.8397819202594128,1.6766788472869412
GDELT,South Korea,2008-05-01,Lee Visits China,Partner inbound visit,3,1.8397819202594128,-0.2720142817046163
GDELT,South Korea,2008-05-01,Lee Visits China,Partner inbound visit,6,1.8397819202594128,-0.33445464869339214
GDELT,South Korea,2008-05-01,Lee Visits China,Partner inbound visit,12,1.8397819202594128,-0.05410386222850927
GDELT,South Korea,2008-08-01,State visit to South Korea,Chinese outbound visit,0,2.866181590346457,-1.2984139517916606
GDELT,South Korea,2008-08-01,State visit to South Korea,Chinese outbound visit,1,2.866181590346457,-2.3166551594722637
GDELT,South Korea,2008-08-01,State visit to South Korea,Chinese outbound visit,2,2.866181590346457,-1.153091298904819
GDELT,South Korea,2008-08-01,State visit to South Korea,Chinese outbound visit,3,2.866181590346457,-1.3608543187804365
GDELT,South Korea,2008-08-01,State visit to South Korea,Chinese outbound visit,6,2.866181590346457,-0.0967618409243709
GDELT,South Korea,2008-08-01,State visit to South Korea,Chinese outbound visit,12,2.866181590346457,-1.7824202795671162
GDELT,South Korea,2008-08-01,Bilateral meeting on sidelines of Beijing Olympics,Partner inbound visit,0,2.866181590346457,-1.2984139517916606
GDELT,South Korea,2008-08-01,Bilateral meeting on sidelines of Beijing Olympics,Partner inbound visit,1,2.866181590346457,-2.3166551594722637
GDELT,South Korea,2008-08-01,Bilateral meeting on sidelines of Beijing Olympics,Partner inbound visit,2,2.866181590346457,-1.153091298904819
GDELT,South Korea,2008-08-01,Bilateral meeting on sidelines of Beijing Olympics,Partner inbound visit,3,2.866181590346457,-1.3608543187804365
GDELT,South Korea,2008-08-01,Bilateral meeting on sidelines of Beijing Olympics,Partner inbound visit,6,2.866181590346457,-0.0967618409243709
GDELT,South Korea,2008-08-01,Bilateral meeting on sidelines of Beijing Olympics,Partner inbound visit,12,2.866181590346457,-1.7824202795671162
GDELT,South Korea,2009-09-01,Bilateral meeting on sidelines of UN General Assembly,Third-party meeting,0,1.2022316749591706,1.181774207380883
GDELT,South Korea,2009-09-01,Bilateral meeting on sidelines of UN General Assembly,Third-party meeting,1,1.2022316749591706,0.5340902096746039
GDELT,South Korea,2009-09-01,Bilateral meeting on sidelines of UN General Assembly,Third-party meeting,2,1.2022316749591706,2.1122593323946646
GDELT,South Korea,2009-09-01,Bilateral meeting on sidelines of UN General Assembly,Third-party meeting,3,1.2022316749591706,1.0228891345545752
GDELT,South Korea,2009-09-01,Bilateral meeting on sidelines of UN General Assembly,Third-party meeting,6,1.2022316749591706,1.2280152292625655
GDELT,South Korea,2009-09-01,Bilateral meeting on sidelines of UN General Assembly,Third-party meeting,12,1.2022316749591706,-0.44570136160728424
GDELT,South Korea,2010-05-01,Official visit to South Korea,Chinese outbound visit,0,2.1566292343869566,-0.3442622236266022
GDELT,South Korea,2010-05-01,Official visit to South Korea,Chinese outbound visit,1,2.1566292343869566,-0.8464483828399507
GDELT,South Korea,2010-05-01,Official visit to South Korea,Chinese outbound visit,2,2.1566292343869566,-1.7928800642618405
GDELT,South Korea,2010-05-01,Official visit to South Korea,Chinese outbound visit,3,2.1566292343869566,-1.9350629544342404
GDELT,South Korea,2010-05-01,Official visit to South Korea,Chinese outbound visit,6,2.1566292343869566,-1.492695837009979
GDELT,South Korea,2010-05-01,Official visit to South Korea,Chinese outbound visit,12,2.1566292343869566,-0.4284287105886726
GDELT,South Korea,2010-11-01,Bilateral meeting on sidelines of G20 summit,Third-party meeting,0,1.0415648834311728,-0.37763148605419516
GDELT,South Korea,2010-11-01,Bilateral meeting on sidelines of G20 summit,Third-party meeting,1,1.0415648834311728,-1.5621834694785584
GDELT,South Korea,2010-11-01,Bilateral meeting on sidelines of G20 summit,Third-party meeting,2,1.0415648834311728,0.6188747342134828
GDELT,South Korea,2010-11-01,Bilateral meeting on sidelines of G20 summit,Third-party meeting,3,1.0415648834311728,1.225761145364499
GDELT,South Korea,2010-11-01,Bilateral meeting on sidelines of G20 summit,Third-party meeting,6,1.0415648834311728,0.6866356403671112
GDELT,South Korea,2010-11-01,Bilateral meeting on sidelines of G20 summit,Third-party meeting,12,1.0415648834311728,0.4488182776358547
GDELT,South Korea,2011-11-01,Bilateral meeting on sidelines of APEC summit,Third-party meeting,0,1.0903909002100172,0.39999226085701034
GDELT,South Korea,2011-11-01,Bilateral meeting on sidelines of APEC summit,Third-party meeting,1,1.0903909002100172,-0.9695177179895211
GDELT,South Korea,2011-11-01,Bilateral meeting on sidelines of APEC summit,Third-party meeting,2,1.0903909002100172,0.7960816697107045
GDELT,South Korea,2011-11-01,Bilateral meeting on sidelines of APEC summit,Third-party meeting,3,1.0903909002100172,-0.829777785606326
GDELT,South Korea,2011-11-01,Bilateral meeting on sidelines of APEC summit,Third-party meeting,6,1.0903909002100172,0.2803821855812427
GDELT,South Korea,2011-11-01,Bilateral meeting on sidelines of APEC summit,Third-party meeting,12,1.0903909002100172,-0.4889080319273369
GDELT,South Korea,2012-01-01,State visit to China,Partner inbound visit,0,1.0634598144260943,0.8230127554946274
GDELT,South Korea,2012-01-01,State visit to China,Partner inbound visit,1,1.0634598144260943,-0.8028466998224031
GDELT,South Korea,2012-01-01,State visit to China,Partner inbound visit,2,1.0634598144260943,0.4348156775145342
GDELT,South Korea,2012-01-01,State visit to China,Partner inbound visit,3,1.0634598144260943,0.06176638689625258
GDELT,South Korea,2012-01-01,State visit to China,Partner inbound visit,6,1.0634598144260943,-0.2911131162264231
GDELT,South Korea,2012-01-01,State visit to China,Partner inbound visit,12,1.0634598144260943,0.438628799189102
GDELT,South Korea,2012-05-01,Official visit to South Korea,Chinese outbound visit,0,0.9613716026222222,0.4094014831690377
GDELT,South Korea,2012-05-01,Official visit to South Korea,Chinese outbound visit,1,0.9613716026222222,-0.40255920616653296
GDELT,South Korea,2012-05-01,Official visit to South Korea,Chinese outbound visit,2,0.9613716026222222,-0.18902490442255104
GDELT,South Korea,2012-05-01,Official visit to South Korea,Chinese outbound visit,3,0.9613716026222222,-0.7370070541047512
GDELT,South Korea,2012-05-01,Official visit to South Korea,Chinese outbound visit,6,0.9613716026222222,-0.35988873433954194
GDELT,South Korea,2012-05-01,Official visit to South Korea,Chinese outbound visit,12,0.9613716026222222,-0.14465228845870304
GDELT,South Korea,2013-06-01,Park Visits China,Partner inbound visit,0,1.2092311726921654,1.0823378398815056
GDELT,South Korea,2013-06-01,Park Visits China,Partner inbound visit,1,1.2092311726921654,-0.6399914913555929
GDELT,South Korea,2013-06-01,Park Visits China,Partner inbound visit,2,1.2092311726921654,-0.717314225953583
GDELT,South Korea,2013-06-01,Park Visits China,Partner inbound visit,3,1.2092311726921654,-0.3626865819838301
GDELT,South Korea,2013-06-01,Park Visits China,Partner inbound visit,6,1.2092311726921654,-1.3241961084508276
GDELT,South Korea,2013-06-01,Park Visits China,Partner inbound visit,12,1.2092311726921654,0.37050486014326545
GDELT,South Korea,2014-07-01,Xi Visits ROK,Chinese outbound visit,0,1.230345953966354,-0.06940503496522443
GDELT,South Korea,2014-07-01,Xi Visits ROK,Chinese outbound visit,1,1.230345953966354,-1.0073668418147517
GDELT,South Korea,2014-07-01,Xi Visits ROK,Chinese outbound visit,2,1.230345953966354,0.09333011408278469
GDELT,South Korea,2014-07-01,Xi Visits ROK,Chinese outbound visit,3,1.230345953966354,-1.3030780295871918
GDELT,South Korea,2014-07-01,Xi Visits ROK,Chinese outbound visit,6,1.230345953966354,0.08781987586299134
GDELT,South Korea,2014-07-01,Xi Visits ROK,Chinese outbound visit,12,1.230345953966354,-0.9209574920495893
GDELT,South Korea,2014-11-01,Bilateral meeting on sidelines of APEC summit,Third-party meeting,0,0.4913077015266344,1.890188648946181
GDELT,South Korea,2014-11-01,Bilateral meeting on sidelines of APEC summit,Third-party meeting,1,0.4913077015266344,0.4843573596230548
GDELT,South Korea,2014-11-01,Bilateral meeting on sidelines of APEC summit,Third-party meeting,2,0.4913077015266344,0.8268581283027109
GDELT,South Korea,2014-11-01,Bilateral meeting on sidelines of APEC summit,Third-party meeting,3,0.4913077015266344,0.7960642054213637
GDELT,South Korea,2014-11-01,Bilateral meeting on sidelines of APEC summit,Third-party meeting,6,0.4913077015266344,1.1272597160431834
GDELT,South Korea,2014-11-01,Bilateral meeting on sidelines of APEC summit,Third-party meeting,12,0.4913077015266344,1.3959017244224516
GDELT,South Korea,2015-09-01,State visit to China and attendance at Victory Day parade,Partner inbound visit,0,1.116595546003051,0.2285080846638028
GDELT,South Korea,2015-09-01,State visit to China and attendance at Victory Day parade,Partner inbound visit,1,1.116595546003051,0.727117648042521
GDELT,South Korea,2015-09-01,State visit to China and attendance at Victory Day parade,Partner inbound visit,2,1.116595546003051,0.7706138799460349
GDELT,South Korea,2015-09-01,State visit to China and attendance at Victory Day parade,Partner inbound visit,3,1.116595546003051,-0.3918250318188967
GDELT,South Korea,2015-09-01,State visit to China and attendance at Victory Day parade,Partner inbound visit,6,1.116595546003051,0.08639463771672773
GDELT,South Korea,2015-09-01,State visit to China and attendance at Victory Day parade,Partner inbound visit,12,1.116595546003051,-1.2592992310737419
GDELT,South Korea,2015-11-01,Bilateral meeting on sidelines of APEC summit,Third-party meeting,0,1.630265681460672,0.25694374448841395
GDELT,South Korea,2015-11-01,Bilateral meeting on sidelines of APEC summit,Third-party meeting,1,1.630265681460672,-0.9054951672765177
GDELT,South Korea,2015-11-01,Bilateral meeting on sidelines of APEC summit,Third-party meeting,2,1.630265681460672,-0.12428688705340085
GDELT,South Korea,2015-11-01,Bilateral meeting on sidelines of APEC summit,Third-party meeting,3,1.630265681460672,-1.0891139109649965
GDELT,South Korea,2015-11-01,Bilateral meeting on sidelines of APEC summit,Third-party meeting,6,1.630265681460672,-1.2683317478225322
GDELT,South Korea,2015-11-01,Bilateral meeting on sidelines of APEC summit,Third-party meeting,12,1.630265681460672,-2.4349537903835645
GDELT,South Korea,2016-09-01,Bilateral meeting on sidelines of G20 summit,Partner inbound visit,0,0.20450738820149836,-0.34721107327218925
GDELT,South Korea,2016-09-01,Bilateral meeting on sidelines of G20 summit,Partner inbound visit,1,0.20450738820149836,-0.7447328793924347
GDELT,South Korea,2016-09-01,Bilateral meeting on sidelines of G20 summit,Partner inbound visit,2,0.20450738820149836,-1.0091954971243908
GDELT,South Korea,2016-09-01,Bilateral meeting on sidelines of G20 summit,Partner inbound visit,3,0.20450738820149836,-0.19356536395582977
GDELT,South Korea,2016-09-01,Bilateral meeting on sidelines of G20 summit,Partner inbound visit,6,0.20450738820149836,-1.0915506577506247
GDELT,South Korea,2016-09-01,Bilateral meeting on sidelines of G20 summit,Partner inbound visit,12,0.20450738820149836,-0.15093746434868946
GDELT,South Korea,2017-07-01,Bilateral meeting on sidelines of G20 summit,Third-party meeting,0,-0.528763642863637,-0.0433818705302903
GDELT,South Korea,2017-07-01,Bilateral meeting on sidelines of G20 summit,Third-party meeting,1,-0.528763642863637,0.4683726723445213
GDELT,South Korea,2017-07-01,Bilateral meeting on sidelines of G20 summit,Third-party meeting,2,-0.528763642863637,0.5823335667164459
GDELT,South Korea,2017-07-01,Bilateral meeting on sidelines of G20 summit,Third-party meeting,3,-0.528763642863637,0.9614618845114661
GDELT,South Korea,2017-07-01,Bilateral meeting on sidelines of G20 summit,Third-party meeting,6,-0.528763642863637,0.8969320744242418
GDELT,South Korea,2017-07-01,Bilateral meeting on sidelines of G20 summit,Third-party meeting,12,-0.528763642863637,0.6341875761489278
GDELT,South Korea,2017-11-01,Bilateral meeting on sidelines of APEC summit,Third-party meeting,0,0.14195906499384078,1.2039274386687362
GDELT,South Korea,2017-11-01,Bilateral meeting on sidelines of APEC summit,Third-party meeting,1,0.14195906499384078,-0.2026244934583706
GDELT,South Korea,2017-11-01,Bilateral meeting on sidelines of APEC summit,Third-party meeting,2,0.14195906499384078,0.22620936656676408
GDELT,South Korea,2017-11-01,Bilateral meeting on sidelines of APEC summit,Third-party meeting,3,0.14195906499384078,-0.012808037444581671
GDELT,South Korea,2017-11-01,Bilateral meeting on sidelines of APEC summit,Third-party meeting,6,0.14195906499384078,1.5813177929807256
GDELT,South Korea,2017-11-01,Bilateral meeting on sidelines of APEC summit,Third-party meeting,12,0.14195906499384078,0.507403891033985
GDELT,South Korea,2017-12-01,Moon Visits China,Partner inbound visit,0,0.6107182230544049,-0.6713836515189348
GDELT,South Korea,2017-12-01,Moon Visits China,Partner inbound visit,1,0.6107182230544049,-0.24254979149380007
GDELT,South Korea,2017-12-01,Moon Visits China,Partner inbound visit,2,0.6107182230544049,-0.4815671955051458
GDELT,South Korea,2017-12-01,Moon Visits China,Partner inbound visit,3,0.6107182230544049,0.9057315045395268
GDELT,South Korea,2017-12-01,Moon Visits China,Partner inbound visit,6,0.6107182230544049,1.0944456134289156
GDELT,South Korea,2017-12-01,Moon Visits China,Partner inbound visit,12,0.6107182230544049,-0.01795444585136552
GDELT,South Korea,2019-06-01,Bilateral meeting on sidelines of G20 summit,Third-party meeting,0,0.5961528420023411,-0.35477304517894603
GDELT,South Korea,2019-06-01,Bilateral meeting on sidelines of G20 summit,Third-party meeting,1,0.5961528420023411,-0.19759839106209875
GDELT,South Korea,2019-06-01,Bilateral meeting on sidelines of G20 summit,Third-party meeting,2,0.5961528420023411,-0.4518911937816815
GDELT,South Korea,2019-06-01,Bilateral meeting on sidelines of G20 summit,Third-party meeting,3,0.5961528420023411,0.18662425377876224
GDELT,South Korea,2019-06-01,Bilateral meeting on sidelines of G20 summit,Third-party meeting,6,0.5961528420023411,1.4128571334517361
GDELT,South Korea,2019-06-01,Bilateral meeting on sidelines of G20 summit,Third-party meeting,12,0.5961528420023411,-0.7661817651755486
GDELT,South Korea,2022-03-01,Virtual meeting (phone call) congratulating Yoon on election,Remote talk,0,0.14573440407440272,-0.009573616460492346
GDELT,South Korea,2022-03-01,Virtual meeting (phone call) congratulating Yoon on election,Remote talk,1,0.14573440407440272,1.9531940893483053
GDELT,South Korea,2022-03-01,Virtual meeting (phone call) congratulating Yoon on election,Remote talk,2,0.14573440407440272,0.20411162114273532
GDELT,South Korea,2022-03-01,Virtual meeting (phone call) congratulating Yoon on election,Remote talk,3,0.14573440407440272,0.45530152972992666
GDELT,South Korea,2022-03-01,Virtual meeting (phone call) congratulating Yoon on election,Remote talk,6,0.14573440407440272,1.2489291237278628
GDELT,South Korea,2022-03-01,Virtual meeting (phone call) congratulating Yoon on election,Remote talk,12,0.14573440407440272,0.8098763491456028
GDELT,South Korea,2022-11-01,Bilateral meeting on sidelines of G20 summit,Third-party meeting,0,0.8457299307145357,-0.33267091637005264
GDELT,South Korea,2022-11-01,Bilateral meeting on sidelines of G20 summit,Third-party meeting,1,0.8457299307145357,-0.004193077072673135
GDELT,South Korea,2022-11-01,Bilateral meeting on sidelines of G20 summit,Third-party meeting,2,0.8457299307145357,-0.5902718898459446
GDELT,South Korea,2022-11-01,Bilateral meeting on sidelines of G20 summit,Third-party meeting,3,0.8457299307145357,0.1575934091880592
GDELT,South Korea,2022-11-01,Bilateral meeting on sidelines of G20 summit,Third-party meeting,6,0.8457299307145357,-1.0641601582130087
GDELT,South Korea,2022-11-01,Bilateral meeting on sidelines of G20 summit,Third-party meeting,12,0.8457299307145357,0.16861858991327006
GDELT,South Korea,2024-05-01,Bilateral meeting on sidelines of Korea-Japan-China trilateral summit,Third-party meeting,0,0.9962587781057266,1.1823265798260199
GDELT,South Korea,2024-05-01,Bilateral meeting on sidelines of Korea-Japan-China trilateral summit,Third-party meeting,1,0.9962587781057266,-0.049102129018061436
GDELT,South Korea,2024-05-01,Bilateral meeting on sidelines of Korea-Japan-China trilateral summit,Third-party meeting,2,0.9962587781057266,0.049033918501510954
GDELT,South Korea,2024-05-01,Bilateral meeting on sidelines of Korea-Japan-China trilateral summit,Third-party meeting,3,0.9962587781057266,-0.11909916184540137
GDELT,South Korea,2024-05-01,Bilateral meeting on sidelines of Korea-Japan-China trilateral summit,Third-party meeting,6,0.9962587781057266,0.2745744017019298
GDELT,South Korea,2024-05-01,Bilateral meeting on sidelines of Korea-Japan-China trilateral summit,Third-party meeting,12,0.9962587781057266,-0.1907825424523022
GDELT,South Korea,2024-11-01,Xi-Yoon Meeting on sidelines of APEC Summit in Lima,Third-party meeting,0,0.9642963129534218,0.30653686685423465
GDELT,South Korea,2024-11-01,Xi-Yoon Meeting on sidelines of APEC Summit in Lima,Third-party meeting,1,0.9642963129534218,-1.0974368054925683
GDELT,South Korea,2024-11-01,Xi-Yoon Meeting on sidelines of APEC Summit in Lima,Third-party meeting,2,0.9642963129534218,-0.2412543768168275
GDELT,South Korea,2024-11-01,Xi-Yoon Meeting on sidelines of APEC Summit in Lima,Third-party meeting,3,0.9642963129534218,-0.5288013966123971
GDELT,South Korea,2024-11-01,Xi-Yoon Meeting on sidelines of APEC Summit in Lima,Third-party meeting,6,0.9642963129534218,-0.15882007729999736
GDELT,South Korea,2024-11-01,Xi-Yoon Meeting on sidelines of APEC Summit in Lima,Third-party meeting,12,0.9642963129534218,0.4232878450894285
GDELT,South Korea,2025-02-01,Xi meets Korean National Assembly Speaker Woo at Harbin Asian Winter Games opening,Third-party meeting,0,0.6202448744683681,-0.1847499581273434
GDELT,South Korea,2025-02-01,Xi meets Korean National Assembly Speaker Woo at Harbin Asian Winter Games opening,Third-party meeting,1,0.6202448744683681,1.0069475832484218
GDELT,South Korea,2025-02-01,Xi meets Korean National Assembly Speaker Woo at Harbin Asian Winter Games opening,Third-party meeting,2,0.6202448744683681,0.7341903940614921
GDELT,South Korea,2025-02-01,Xi meets Korean National Assembly Speaker Woo at Harbin Asian Winter Games opening,Third-party meeting,3,0.6202448744683681,0.18523136118505634
GDELT,South Korea,2025-02-01,Xi meets Korean National Assembly Speaker Woo at Harbin Asian Winter Games opening,Third-party meeting,6,0.6202448744683681,0.20376633486160622
GDELT,South Korea,2025-02-01,NPC Chairman Zhao Leji meets visiting Korean National Assembly Speaker Woo Won-shik,Partner inbound visit,0,0.6202448744683681,-0.1847499581273434
GDELT,South Korea,2025-02-01,NPC Chairman Zhao Leji meets visiting Korean National Assembly Speaker Woo Won-shik,Partner inbound visit,1,0.6202448744683681,1.0069475832484218
GDELT,South Korea,2025-02-01,NPC Chairman Zhao Leji meets visiting Korean National Assembly Speaker Woo Won-shik,Partner inbound visit,2,0.6202448744683681,0.7341903940614921
GDELT,South Korea,2025-02-01,NPC Chairman Zhao Leji meets visiting Korean National Assembly Speaker Woo Won-shik,Partner inbound visit,3,0.6202448744683681,0.18523136118505634
GDELT,South Korea,2025-02-01,NPC Chairman Zhao Leji meets visiting Korean National Assembly Speaker Woo Won-shik,Partner inbound visit,6,0.6202448744683681,0.20376633486160622
GDELT,South Korea,2025-06-01,Xi phone call with President Lee Jae-myung,Remote talk,0,1.2623679873000249,-1.2343400044384676
GDELT,South Korea,2025-06-01,Xi phone call with President Lee Jae-myung,Remote talk,1,1.2623679873000249,-0.13186826248013328
GDELT,South Korea,2025-06-01,Xi phone call with President Lee Jae-myung,Remote talk,2,1.2623679873000249,-0.43835677797005057
GDELT,South Korea,2025-06-01,Xi phone call with President Lee Jae-myung,Remote talk,3,1.2623679873000249,0.3278097708019516
GDELT,South Korea,2025-06-01,Xi phone call with President Lee Jae-myung,Remote talk,6,1.2623679873000249,-0.44330643474879916
GDELT,South Korea,2025-09-01,Korean National Assembly Speaker Woo visits China for WWII 80th anniversary,Partner inbound visit,0,0.6608463056704744,0.9293314524315021
GDELT,South Korea,2025-09-01,Korean National Assembly Speaker Woo visits China for WWII 80th anniversary,Partner inbound visit,1,0.6608463056704744,1.133163426357028
GDELT,South Korea,2025-09-01,Korean National Assembly Speaker Woo visits China for WWII 80th anniversary,Partner inbound visit,2,0.6608463056704744,0.7267378523723759
GDELT,South Korea,2025-09-01,Korean National Assembly Speaker Woo visits China for WWII 80th anniversary,Partner inbound visit,3,0.6608463056704744,0.15821524688075128
GDELT,South Korea,2025-10-01,Xi state visit to South Korea,Chinese outbound visit,0,1.1815628974172807,0.6124468346102219
GDELT,South Korea,2025-10-01,Xi state visit to South Korea,Chinese outbound visit,1,1.1815628974172807,0.20602126062556958
GDELT,South Korea,2025-10-01,Xi state visit to South Korea,Chinese outbound visit,2,1.1815628974172807,-0.362501344866055
GDELT,Spain,2005-07-01,Official visit to China,Partner inbound visit,0,1.4214341960062242,-0.5812948383457357
GDELT,Spain,2005-07-01,Official visit to China,Partner inbound visit,1,1.4214341960062242,0.045232470660439006
GDELT,Spain,2005-07-01,Official visit to China,Partner inbound visit,2,1.4214341960062242,0.7738011966743823
GDELT,Spain,2005-07-01,Official visit to China,Partner inbound visit,3,1.4214341960062242,-1.59172576498087
GDELT,Spain,2005-07-01,Official visit to China,Partner inbound visit,6,1.4214341960062242,-2.0378874603598636
GDELT,Spain,2005-07-01,Official visit to China,Partner inbound visit,12,1.4214341960062242,-1.2796696117467246
GDELT,Spain,2005-11-01,State visit to Spain,Chinese outbound visit,0,1.1638701634575412,0.15389184261855315
GDELT,Spain,2005-11-01,State visit to Spain,Chinese outbound visit,1,1.1638701634575412,0.5073366239235824
GDELT,Spain,2005-11-01,State visit to Spain,Chinese outbound visit,2,1.1638701634575412,-1.7803234278111806
GDELT,Spain,2005-11-01,State visit to Spain,Chinese outbound visit,3,1.1638701634575412,2.96946316987579
GDELT,Spain,2005-11-01,State visit to Spain,Chinese outbound visit,6,1.1638701634575412,0.25529270523867087
GDELT,Spain,2005-11-01,State visit to Spain,Chinese outbound visit,12,1.1638701634575412,-0.9493443634204397
GDELT,Spain,2007-06-01,State visit to China,Partner inbound visit,0,1.9007550689975439,-0.023819757250647555
GDELT,Spain,2007-06-01,State visit to China,Partner inbound visit,1,1.9007550689975439,-0.9390768627905003
GDELT,Spain,2007-06-01,State visit to China,Partner inbound visit,2,1.9007550689975439,-2.3816970804990802
GDELT,Spain,2007-06-01,State visit to China,Partner inbound visit,3,1.9007550689975439,0.3107452457109954
GDELT,Spain,2007-06-01,State visit to China,Partner inbound visit,6,1.9007550689975439,2.424395425893996
GDELT,Spain,2007-06-01,State visit to China,Partner inbound visit,12,1.9007550689975439,-1.3247572216907102
GDELT,Spain,2009-01-01,Official visit to Spain,Chinese outbound visit,0,1.3485190454178895,0.10040597507176052
GDELT,Spain,2009-01-01,Official visit to Spain,Chinese outbound visit,1,1.3485190454178895,1.6048048741147003
GDELT,Spain,2009-01-01,Official visit to Spain,Chinese outbound visit,2,1.3485190454178895,-0.22829515917159782
GDELT,Spain,2009-01-01,Official visit to Spain,Chinese outbound visit,3,1.3485190454178895,-0.15371303280527826
GDELT,Spain,2009-01-01,Official visit to Spain,Chinese outbound visit,6,1.3485190454178895,0.3827543734889325
GDELT,Spain,2009-01-01,Official visit to Spain,Chinese outbound visit,12,1.3485190454178895,0.06932892919667744
GDELT,Spain,2014-09-01,Official visit to China,Partner inbound visit,0,1.0829786292498487,1.9371258600790753
GDELT,Spain,2014-09-01,Official visit to China,Partner inbound visit,1,1.0829786292498487,-0.6784664688076856
GDELT,Spain,2014-09-01,Official visit to China,Partner inbound visit,2,1.0829786292498487,0.25530395663049243
GDELT,Spain,2014-09-01,Official visit to China,Partner inbound visit,3,1.0829786292498487,2.627286995514546
GDELT,Spain,2014-09-01,Official visit to China,Partner inbound visit,6,1.0829786292498487,0.18801811245651523
GDELT,Spain,2014-09-01,Official visit to China,Partner inbound visit,12,1.0829786292498487,-0.5470795734158778
GDELT,Spain,2018-11-01,State visit to Spain,Chinese outbound visit,0,1.7016559053700664,1.1065843717930115
GDELT,Spain,2018-11-01,State visit to Spain,Chinese outbound visit,1,1.7016559053700664,1.5375652285215289
GDELT,Spain,2018-11-01,State visit to Spain,Chinese outbound visit,2,1.7016559053700664,0.706958838534548
GDELT,Spain,2018-11-01,State visit to Spain,Chinese outbound visit,3,1.7016559053700664,-1.5767980729546849
GDELT,Spain,2018-11-01,State visit to Spain,Chinese outbound visit,6,1.7016559053700664,0.5885309667771275
GDELT,Spain,2018-11-01,State visit to Spain,Chinese outbound visit,12,1.7016559053700664,-1.169776319212782
GDELT,Spain,2022-11-01,Bilateral meeting on sidelines of G20 summit,Third-party meeting,0,2.277932389152664,-1.7195860546137607
GDELT,Spain,2022-11-01,Bilateral meeting on sidelines of G20 summit,Third-party meeting,1,2.277932389152664,-0.4478567099584798
GDELT,Spain,2022-11-01,Bilateral meeting on sidelines of G20 summit,Third-party meeting,2,2.277932389152664,0.33429172285932607
GDELT,Spain,2022-11-01,Bilateral meeting on sidelines of G20 summit,Third-party meeting,3,2.277932389152664,-0.34631393808424726
GDELT,Spain,2022-11-01,Bilateral meeting on sidelines of G20 summit,Third-party meeting,6,2.277932389152664,-0.36698000318290136
GDELT,Spain,2022-11-01,Bilateral meeting on sidelines of G20 summit,Third-party meeting,12,2.277932389152664,0.5185946780039568
GDELT,Spain,2023-03-01,Official visit to China,Partner inbound visit,0,2.1246394140915306,0.5985799421870994
GDELT,Spain,2023-03-01,Official visit to China,Partner inbound visit,1,2.1246394140915306,-0.41386975197731735
GDELT,Spain,2023-03-01,Official visit to China,Partner inbound visit,2,2.1246394140915306,-0.21368702812176776
GDELT,Spain,2023-03-01,Official visit to China,Partner inbound visit,3,2.1246394140915306,-0.8474939427595625
GDELT,Spain,2023-03-01,Official visit to China,Partner inbound visit,6,2.1246394140915306,-0.6976932372779578
GDELT,Spain,2023-03-01,Official visit to China,Partner inbound visit,12,2.1246394140915306,0.5884481054378647
GDELT,Spain,2024-09-01,Official visit to China,Partner inbound visit,0,1.94508007313486,0.616092141921311
GDELT,Spain,2024-09-01,Official visit to China,Partner inbound visit,1,1.94508007313486,-0.3663392239708714
GDELT,Spain,2024-09-01,Official visit to China,Partner inbound visit,2,1.94508007313486,0.16974549082745471
GDELT,Spain,2024-09-01,Official visit to China,Partner inbound visit,3,1.94508007313486,-0.5428227853541803
GDELT,Spain,2024-09-01,Official visit to China,Partner inbound visit,6,1.94508007313486,-0.18219836216661744
GDELT,Spain,2024-09-01,Official visit to China,Partner inbound visit,12,1.94508007313486,-0.5095347764414548
GDELT,Spain,2025-04-01,Official visit to China,Partner inbound visit,0,1.496744434430506,0.7530396595586304
GDELT,Spain,2025-04-01,Official visit to China,Partner inbound visit,1,1.496744434430506,0.2610822698538684
GDELT,Spain,2025-04-01,Official visit to China,Partner inbound visit,2,1.496744434430506,0.7588501722223093
GDELT,Spain,2025-04-01,Official visit to China,Partner inbound visit,3,1.496744434430506,0.7681313519314206
GDELT,Spain,2025-04-01,Official visit to China,Partner inbound visit,6,1.496744434430506,-0.5620054954697237
GDELT,Spain,2025-11-01,State visit to China,Partner inbound visit,0,1.4666784887238076,1.131894231688316
GDELT,Spain,2025-11-01,State visit to China,Partner inbound visit,1,1.4666784887238076,1.521766317319449
GDELT,Thailand,2003-04-01,Premier Wen Jiabao visits Thailand for China-ASEAN SARS special meeting,Third-party meeting,0,0.9724756566651328,-0.9820095776181686
GDELT,Thailand,2003-04-01,Premier Wen Jiabao visits Thailand for China-ASEAN SARS special meeting,Third-party meeting,1,0.9724756566651328,-0.14349518567452313
GDELT,Thailand,2003-04-01,Premier Wen Jiabao visits Thailand for China-ASEAN SARS special meeting,Third-party meeting,2,0.9724756566651328,2.4977074322652952
GDELT,Thailand,2003-04-01,Premier Wen Jiabao visits Thailand for China-ASEAN SARS special meeting,Third-party meeting,3,0.9724756566651328,0.6662158851019283
GDELT,Thailand,2003-04-01,Premier Wen Jiabao visits Thailand for China-ASEAN SARS special meeting,Third-party meeting,6,0.9724756566651328,1.1775682929866593
GDELT,Thailand,2003-04-01,Premier Wen Jiabao visits Thailand for China-ASEAN SARS special meeting,Third-party meeting,12,0.9724756566651328,2.1164479537357717
GDELT,Thailand,2005-07-01,Thai Prime Minister Thaksin Shinawatra official visit to China,Partner inbound visit,0,2.8901367708174344,0.5196179293738248
GDELT,Thailand,2005-07-01,Thai Prime Minister Thaksin Shinawatra official visit to China,Partner inbound visit,1,2.8901367708174344,-1.2097890040413861
GDELT,Thailand,2005-07-01,Thai Prime Minister Thaksin Shinawatra official visit to China,Partner inbound visit,2,2.8901367708174344,-3.4368110180027496
GDELT,Thailand,2005-07-01,Thai Prime Minister Thaksin Shinawatra official visit to China,Partner inbound visit,3,2.8901367708174344,-2.351401449661983
GDELT,Thailand,2005-07-01,Thai Prime Minister Thaksin Shinawatra official visit to China,Partner inbound visit,6,2.8901367708174344,3.474253619505071
GDELT,Thailand,2005-07-01,Thai Prime Minister Thaksin Shinawatra official visit to China,Partner inbound visit,12,2.8901367708174344,0.07675482856569582
GDELT,Thailand,2009-06-01,Thai Prime Minister Abhisit Vejjajiva official visit to China,Partner inbound visit,0,1.8777408388747816,-0.0764740033643545
GDELT,Thailand,2009-06-01,Thai Prime Minister Abhisit Vejjajiva official visit to China,Partner inbound visit,1,1.8777408388747816,0.829338193633842
GDELT,Thailand,2009-06-01,Thai Prime Minister Abhisit Vejjajiva official visit to China,Partner inbound visit,2,1.8777408388747816,0.6756187385966317
GDELT,Thailand,2009-06-01,Thai Prime Minister Abhisit Vejjajiva official visit to China,Partner inbound visit,3,1.8777408388747816,0.6231304538166416
GDELT,Thailand,2009-06-01,Thai Prime Minister Abhisit Vejjajiva official visit to China,Partner inbound visit,6,1.8777408388747816,-0.2358449228319115
GDELT,Thailand,2009-06-01,Thai Prime Minister Abhisit Vejjajiva official visit to China,Partner inbound visit,12,1.8777408388747816,-0.8071617149114847
GDELT,Thailand,2012-04-01,"Thai Prime Minister Yingluck Shinawatra visits China, comprehensive strategic partnership established",Partner inbound visit,0,-0.21362344660233987,2.5859755624659493
GDELT,Thailand,2012-04-01,"Thai Prime Minister Yingluck Shinawatra visits China, comprehensive strategic partnership established",Partner inbound visit,1,-0.21362344660233987,1.1774262325144427
GDELT,Thailand,2012-04-01,"Thai Prime Minister Yingluck Shinawatra visits China, comprehensive strategic partnership established",Partner inbound visit,2,-0.21362344660233987,2.121641346596969
GDELT,Thailand,2012-04-01,"Thai Prime Minister Yingluck Shinawatra visits China, comprehensive strategic partnership established",Partner inbound visit,3,-0.21362344660233987,1.5399357386644759
GDELT,Thailand,2012-04-01,"Thai Prime Minister Yingluck Shinawatra visits China, comprehensive strategic partnership established",Partner inbound visit,6,-0.21362344660233987,2.456354332254096
GDELT,Thailand,2012-04-01,"Thai Prime Minister Yingluck Shinawatra visits China, comprehensive strategic partnership established",Partner inbound visit,12,-0.21362344660233987,1.7549804460891731
GDELT,Thailand,2012-11-01,Chinese Premier Wen Jiabao official visit to Thailand,Chinese outbound visit,0,0.8104750566354676,0.8560817574216918
GDELT,Thailand,2012-11-01,Chinese Premier Wen Jiabao official visit to Thailand,Chinese outbound visit,1,0.8104750566354676,1.026525028365914
GDELT,Thailand,2012-11-01,Chinese Premier Wen Jiabao official visit to Thailand,Chinese outbound visit,2,0.8104750566354676,-0.717271060927437
GDELT,Thailand,2012-11-01,Chinese Premier Wen Jiabao official visit to Thailand,Chinese outbound visit,3,0.8104750566354676,0.2611337121359215
GDELT,Thailand,2012-11-01,Chinese Premier Wen Jiabao official visit to Thailand,Chinese outbound visit,6,0.8104750566354676,-0.5969713885737095
GDELT,Thailand,2012-11-01,Chinese Premier Wen Jiabao official visit to Thailand,Chinese outbound visit,12,0.8104750566354676,0.2791047658776019
GDELT,Thailand,2013-10-01,Chinese Premier Li Keqiang official visit to Thailand,Chinese outbound visit,0,0.4955327149407047,1.7975465555409347
GDELT,Thailand,2013-10-01,Chinese Premier Li Keqiang official visit to Thailand,Chinese outbound visit,1,0.4955327149407047,0.5940471075723648
GDELT,Thailand,2013-10-01,Chinese Premier Li Keqiang official visit to Thailand,Chinese outbound visit,2,0.4955327149407047,0.7270154435685399
GDELT,Thailand,2013-10-01,Chinese Premier Li Keqiang official visit to Thailand,Chinese outbound visit,3,0.4955327149407047,-0.0723080609067015
GDELT,Thailand,2013-10-01,Chinese Premier Li Keqiang official visit to Thailand,Chinese outbound visit,6,0.4955327149407047,-0.7875363567987765
GDELT,Thailand,2013-10-01,Chinese Premier Li Keqiang official visit to Thailand,Chinese outbound visit,12,0.4955327149407047,-0.45384121921681775
GDELT,Thailand,2017-09-01,"Thai Prime Minister Prayut Chan-o-cha visits China, BRI MoU signed",Partner inbound visit,0,1.2225045172646343,1.4802964652677175
GDELT,Thailand,2017-09-01,"Thai Prime Minister Prayut Chan-o-cha visits China, BRI MoU signed",Partner inbound visit,1,1.2225045172646343,-0.3277432998789507
GDELT,Thailand,2017-09-01,"Thai Prime Minister Prayut Chan-o-cha visits China, BRI MoU signed",Partner inbound visit,2,1.2225045172646343,0.7210049726141314
GDELT,Thailand,2017-09-01,"Thai Prime Minister Prayut Chan-o-cha visits China, BRI MoU signed",Partner inbound visit,3,1.2225045172646343,0.1253824435205957
GDELT,Thailand,2017-09-01,"Thai Prime Minister Prayut Chan-o-cha visits China, BRI MoU signed",Partner inbound visit,6,1.2225045172646343,-1.2834288464798724
GDELT,Thailand,2017-09-01,"Thai Prime Minister Prayut Chan-o-cha visits China, BRI MoU signed",Partner inbound visit,12,1.2225045172646343,0.05453041866999375
GDELT,Thailand,2019-11-01,Chinese President Xi Jinping state visit to Thailand,Chinese outbound visit,0,1.5576954638778926,-0.19376976449741723
GDELT,Thailand,2019-11-01,Chinese President Xi Jinping state visit to Thailand,Chinese outbound visit,1,1.5576954638778926,0.08574189430186219
GDELT,Thailand,2019-11-01,Chinese President Xi Jinping state visit to Thailand,Chinese outbound visit,2,1.5576954638778926,-0.42645991700404307
GDELT,Thailand,2019-11-01,Chinese President Xi Jinping state visit to Thailand,Chinese outbound visit,3,1.5576954638778926,-0.11556129585868069
GDELT,Thailand,2019-11-01,Chinese President Xi Jinping state visit to Thailand,Chinese outbound visit,6,1.5576954638778926,-0.8690449312975919
GDELT,Thailand,2019-11-01,Chinese President Xi Jinping state visit to Thailand,Chinese outbound visit,12,1.5576954638778926,-0.9810708716067442
GDELT,Thailand,2022-11-01,Chinese President Xi Jinping visits Thailand for APEC Economic Leaders' Meeting and state visit,Chinese outbound visit,0,2.0238088908802623,-0.62051643350901875
GDELT,Thailand,2022-11-01,Chinese President Xi Jinping visits Thailand for APEC Economic Leaders' Meeting and state visit,Chinese outbound visit,1,2.0238088908802623,-0.19278250197007862
GDELT,Thailand,2022-11-01,Chinese President Xi Jinping visits Thailand for APEC Economic Leaders' Meeting and state visit,Chinese outbound visit,2,2.0238088908802623,0.26787846792932557
GDELT,Thailand,2022-11-01,Chinese President Xi Jinping visits Thailand for APEC Economic Leaders' Meeting and state visit,Chinese outbound visit,3,2.0238088908802623,-0.11176622262423996
GDELT,Thailand,2022-11-01,Chinese President Xi Jinping visits Thailand for APEC Economic Leaders' Meeting and state visit,Chinese outbound visit,6,2.0238088908802623,-0.8022408475976319
GDELT,Thailand,2022-11-01,Chinese President Xi Jinping visits Thailand for APEC Economic Leaders' Meeting and state visit,Chinese outbound visit,12,2.0238088908802623,-1.583315783426332
GDELT,Thailand,2023-10-01,Thai Prime Minister Srettha Thavisin official visit to China and Belt and Road Forum,Partner inbound visit,0,1.7463015035145806,-1.6611356542183668
GDELT,Thailand,2023-10-01,Thai Prime Minister Srettha Thavisin official visit to China and Belt and Road Forum,Partner inbound visit,1,1.7463015035145806,-1.3058083960606504
GDELT,Thailand,2023-10-01,Thai Prime Minister Srettha Thavisin official visit to China and Belt and Road Forum,Partner inbound visit,2,1.7463015035145806,0.36645731564844786
GDELT,Thailand,2023-10-01,Thai Prime Minister Srettha Thavisin official visit to China and Belt and Road Forum,Partner inbound visit,3,1.7463015035145806,0.1384451877588717
GDELT,Thailand,2023-10-01,Thai Prime Minister Srettha Thavisin official visit to China and Belt and Road Forum,Partner inbound visit,6,1.7463015035145806,0.5037003438584722
GDELT,Thailand,2023-10-01,Thai Prime Minister Srettha Thavisin official visit to China and Belt and Road Forum,Partner inbound visit,12,1.7463015035145806,-1.0421108475993521
GDELT,United Arab Emirates,2009-08-01,State visit to China,Partner inbound visit,0,2.9846325625688497,0.16553014472343897
GDELT,United Arab Emirates,2009-08-01,State visit to China,Partner inbound visit,1,2.9846325625688497,-1.0719722380126129
GDELT,United Arab Emirates,2009-08-01,State visit to China,Partner inbound visit,2,2.9846325625688497,-0.9941655524834532
GDELT,United Arab Emirates,2009-08-01,State visit to China,Partner inbound visit,3,2.9846325625688497,-0.16384573202715735
GDELT,United Arab Emirates,2009-08-01,State visit to China,Partner inbound visit,6,2.9846325625688497,-0.8575847710441948
GDELT,United Arab Emirates,2009-08-01,State visit to China,Partner inbound visit,12,2.9846325625688497,-0.8334190332867326
GDELT,United Arab Emirates,2012-03-01,State visit to China,Partner inbound visit,0,2.3485333334197533,0.9281254907632683
GDELT,United Arab Emirates,2012-03-01,State visit to China,Partner inbound visit,1,2.3485333334197533,0.14040262949265925
GDELT,United Arab Emirates,2012-03-01,State visit to China,Partner inbound visit,2,2.3485333334197533,1.0070107984919923
GDELT,United Arab Emirates,2012-03-01,State visit to China,Partner inbound visit,3,2.3485333334197533,-1.108144121899947
GDELT,United Arab Emirates,2012-03-01,State visit to China,Partner inbound visit,6,2.3485333334197533,-1.906773997942563
GDELT,United Arab Emirates,2012-03-01,State visit to China,Partner inbound visit,12,2.3485333334197533,-0.029078089993281875
GDELT,United Arab Emirates,2015-12-01,State visit to China,Partner inbound visit,0,2.3813626839056514,0.149289296174274
GDELT,United Arab Emirates,2015-12-01,State visit to China,Partner inbound visit,1,2.3813626839056514,-0.19604318087458594
GDELT,United Arab Emirates,2015-12-01,State visit to China,Partner inbound visit,2,2.3813626839056514,1.2434622617501319
GDELT,United Arab Emirates,2015-12-01,State visit to China,Partner inbound visit,3,2.3813626839056514,-1.119120413438413
GDELT,United Arab Emirates,2015-12-01,State visit to China,Partner inbound visit,6,2.3813626839056514,-0.8992806309995824
GDELT,United Arab Emirates,2015-12-01,State visit to China,Partner inbound visit,12,2.3813626839056514,0.38375289761904163
GDELT,United Arab Emirates,2018-07-01,State visit to UAE,Chinese outbound visit,0,1.9646457401001782,1.369117075749059
GDELT,United Arab Emirates,2018-07-01,State visit to UAE,Chinese outbound visit,1,1.9646457401001782,0.06687515118446652
GDELT,United Arab Emirates,2018-07-01,State visit to UAE,Chinese outbound visit,2,1.9646457401001782,0.3387615408499436
GDELT,United Arab Emirates,2018-07-01,State visit to UAE,Chinese outbound visit,3,1.9646457401001782,0.5168052325233614
GDELT,United Arab Emirates,2018-07-01,State visit to UAE,Chinese outbound visit,6,1.9646457401001782,0.7046193412558595
GDELT,United Arab Emirates,2018-07-01,State visit to UAE,Chinese outbound visit,12,1.9646457401001782,0.7504319567981323
GDELT,United Arab Emirates,2019-07-01,State visit to China,Partner inbound visit,0,3.2620149961360974,-0.5469372992377868
GDELT,United Arab Emirates,2019-07-01,State visit to China,Partner inbound visit,1,3.2620149961360974,-0.41747908026210334
GDELT,United Arab Emirates,2019-07-01,State visit to China,Partner inbound visit,2,3.2620149961360974,-0.43059829834559205
GDELT,United Arab Emirates,2019-07-01,State visit to China,Partner inbound visit,3,3.2620149961360974,0.9790880955814134
GDELT,United Arab Emirates,2019-07-01,State visit to China,Partner inbound visit,6,3.2620149961360974,-0.9397786541727808
GDELT,United Arab Emirates,2019-07-01,State visit to China,Partner inbound visit,12,3.2620149961360974,-1.0127029067219415
GDELT,United Arab Emirates,2022-02-01,Visit to China for Beijing Winter Olympics opening ceremony,Partner inbound visit,0,1.6683368594740813,1.018400911804168
GDELT,United Arab Emirates,2022-02-01,Visit to China for Beijing Winter Olympics opening ceremony,Partner inbound visit,1,1.6683368594740813,1.17630018522458
GDELT,United Arab Emirates,2022-02-01,Visit to China for Beijing Winter Olympics opening ceremony,Partner inbound visit,2,1.6683368594740813,-0.038413846872556334
GDELT,United Arab Emirates,2022-02-01,Visit to China for Beijing Winter Olympics opening ceremony,Partner inbound visit,3,1.6683368594740813,2.1176434026519093
GDELT,United Arab Emirates,2022-02-01,Visit to China for Beijing Winter Olympics opening ceremony,Partner inbound visit,6,1.6683368594740813,0.22320618061950426
GDELT,United Arab Emirates,2022-02-01,Visit to China for Beijing Winter Olympics opening ceremony,Partner inbound visit,12,1.6683368594740813,2.03687338269377
GDELT,United Arab Emirates,2024-05-01,State visit to China,Partner inbound visit,0,2.591249882874102,-0.3352682761196508
GDELT,United Arab Emirates,2024-05-01,State visit to China,Partner inbound visit,1,2.591249882874102,-0.23407240346570113
GDELT,United Arab Emirates,2024-05-01,State visit to China,Partner inbound visit,2,2.591249882874102,0.512324327798817
GDELT,United Arab Emirates,2024-05-01,State visit to China,Partner inbound visit,3,2.591249882874102,1.0411077265629167
GDELT,United Arab Emirates,2024-05-01,State visit to China,Partner inbound visit,6,2.591249882874102,-0.8680981541720882
GDELT,United Arab Emirates,2024-05-01,State visit to China,Partner inbound visit,12,2.591249882874102,0.05437489012333252
GDELT,United Arab Emirates,2024-09-01,Official visit to UAE,Chinese outbound visit,0,3.0310364331727797,-0.5270720004371672
GDELT,United Arab Emirates,2024-09-01,Official visit to UAE,Chinese outbound visit,1,3.0310364331727797,-2.0007652550957253
GDELT,United Arab Emirates,2024-09-01,Official visit to UAE,Chinese outbound visit,2,3.0310364331727797,-1.3078847044707658
GDELT,United Arab Emirates,2024-09-01,Official visit to UAE,Chinese outbound visit,3,3.0310364331727797,-0.4737764008333447
GDELT,United Arab Emirates,2024-09-01,Official visit to UAE,Chinese outbound visit,6,3.0310364331727797,-0.208529558684301
GDELT,United Arab Emirates,2024-09-01,Official visit to UAE,Chinese outbound visit,12,3.0310364331727797,-0.7037682236829372
GDELT,United Kingdom,2003-07-01,Blair Visits China,Partner inbound visit,0,1.1747751962727022,1.1479949145697728
GDELT,United Kingdom,2003-07-01,Blair Visits China,Partner inbound visit,1,1.1747751962727022,-1.505535710463003
GDELT,United Kingdom,2003-07-01,Blair Visits China,Partner inbound visit,2,1.1747751962727022,1.386270959471694
GDELT,United Kingdom,2003-07-01,Blair Visits China,Partner inbound visit,3,1.1747751962727022,-0.4308313119314906
GDELT,United Kingdom,2003-07-01,Blair Visits China,Partner inbound visit,6,1.1747751962727022,1.8170233315972049
GDELT,United Kingdom,2003-07-01,Blair Visits China,Partner inbound visit,12,1.1747751962727022,-1.6204352255889851
GDELT,United Kingdom,2004-05-01,Official visit to the United Kingdom,Chinese outbound visit,0,0.8692850747632797,0.5231765243509727
GDELT,United Kingdom,2004-05-01,Official visit to the United Kingdom,Chinese outbound visit,1,0.8692850747632797,1.7186959705516784
GDELT,United Kingdom,2004-05-01,Official visit to the United Kingdom,Chinese outbound visit,2,0.8692850747632797,-1.3149451040795626
GDELT,United Kingdom,2004-05-01,Official visit to the United Kingdom,Chinese outbound visit,3,0.8692850747632797,-1.5795392435394007
GDELT,United Kingdom,2004-05-01,Official visit to the United Kingdom,Chinese outbound visit,6,0.8692850747632797,0.7864846896586288
GDELT,United Kingdom,2004-05-01,Official visit to the United Kingdom,Chinese outbound visit,12,0.8692850747632797,-0.9195234268780119
GDELT,United Kingdom,2005-11-01,State visit to the United Kingdom,Chinese outbound visit,0,1.4081077834842173,1.3375775396385965
GDELT,United Kingdom,2005-11-01,State visit to the United Kingdom,Chinese outbound visit,1,1.4081077834842173,2.603013071976312
GDELT,United Kingdom,2005-11-01,State visit to the United Kingdom,Chinese outbound visit,2,1.4081077834842173,0.5007914623258678
GDELT,United Kingdom,2005-11-01,State visit to the United Kingdom,Chinese outbound visit,3,1.4081077834842173,0.56043237748605
GDELT,United Kingdom,2005-11-01,State visit to the United Kingdom,Chinese outbound visit,6,1.4081077834842173,0.3230128795283367
GDELT,United Kingdom,2005-11-01,State visit to the United Kingdom,Chinese outbound visit,12,1.4081077834842173,0.14402283337479282
GDELT,United Kingdom,2006-09-01,Official visit to the United Kingdom by Chinese Premier Wen Jiabao,Chinese outbound visit,0,1.42735529205144,-1.4199729399255758
GDELT,United Kingdom,2006-09-01,Official visit to the United Kingdom by Chinese Premier Wen Jiabao,Chinese outbound visit,1,1.42735529205144,-0.2286735014579928
GDELT,United Kingdom,2006-09-01,Official visit to the United Kingdom by Chinese Premier Wen Jiabao,Chinese outbound visit,2,1.42735529205144,0.12477532480757003
GDELT,United Kingdom,2006-09-01,Official visit to the United Kingdom by Chinese Premier Wen Jiabao,Chinese outbound visit,3,1.42735529205144,0.19923879863651917
GDELT,United Kingdom,2006-09-01,Official visit to the United Kingdom by Chinese Premier Wen Jiabao,Chinese outbound visit,6,1.42735529205144,0.1477430088684628
GDELT,United Kingdom,2006-09-01,Official visit to the United Kingdom by Chinese Premier Wen Jiabao,Chinese outbound visit,12,1.42735529205144,-1.0823153273904758
GDELT,United Kingdom,2008-01-01,Brown Visits China,Partner inbound visit,0,1.1440391675388846,0.32405624881494655
GDELT,United Kingdom,2008-01-01,Brown Visits China,Partner inbound visit,1,1.1440391675388846,0.25637298539813935
GDELT,United Kingdom,2008-01-01,Brown Visits China,Partner inbound visit,2,1.1440391675388846,-1.5523395371460762
GDELT,United Kingdom,2008-01-01,Brown Visits China,Partner inbound visit,3,1.1440391675388846,-2.364398112735592
GDELT,United Kingdom,2008-01-01,Brown Visits China,Partner inbound visit,6,1.1440391675388846,-0.6489176060312254
GDELT,United Kingdom,2008-01-01,Brown Visits China,Partner inbound visit,12,1.1440391675388846,-0.5680056321578324
GDELT,United Kingdom,2009-04-01,Meeting on sidelines of G20 summit in London,Third-party meeting,0,0.7801871394406851,0.8791877568582768
GDELT,United Kingdom,2009-04-01,Meeting on sidelines of G20 summit in London,Third-party meeting,1,0.7801871394406851,1.0123652900625344
GDELT,United Kingdom,2009-04-01,Meeting on sidelines of G20 summit in London,Third-party meeting,2,0.7801871394406851,0.24411192445653407
GDELT,United Kingdom,2009-04-01,Meeting on sidelines of G20 summit in London,Third-party meeting,3,0.7801871394406851,-1.7577897109118463
GDELT,United Kingdom,2009-04-01,Meeting on sidelines of G20 summit in London,Third-party meeting,6,0.7801871394406851,0.4445491268956848
GDELT,United Kingdom,2009-04-01,Meeting on sidelines of G20 summit in London,Third-party meeting,12,0.7801871394406851,-0.5819571169960694
GDELT,United Kingdom,2010-11-01,Cameron First Visit,Partner inbound visit,0,1.5696736119951886,0.2787880589572378
GDELT,United Kingdom,2010-11-01,Cameron First Visit,Partner inbound visit,1,1.5696736119951886,1.137091886465969
GDELT,United Kingdom,2010-11-01,Cameron First Visit,Partner inbound visit,2,1.5696736119951886,0.4179521632740373
GDELT,United Kingdom,2010-11-01,Cameron First Visit,Partner inbound visit,3,1.5696736119951886,-1.0175313775139365
GDELT,United Kingdom,2010-11-01,Cameron First Visit,Partner inbound visit,6,1.5696736119951886,-0.8803423890050706
GDELT,United Kingdom,2010-11-01,Cameron First Visit,Partner inbound visit,12,1.5696736119951886,-0.04596991195575151
GDELT,United Kingdom,2011-06-01,Official visit to the United Kingdom,Chinese outbound visit,0,0.42815923627926605,0.5148714402158625
GDELT,United Kingdom,2011-06-01,Official visit to the United Kingdom,Chinese outbound visit,1,0.42815923627926605,0.09156310337127255
GDELT,United Kingdom,2011-06-01,Official visit to the United Kingdom,Chinese outbound visit,2,0.42815923627926605,-0.4818126071369028
GDELT,United Kingdom,2011-06-01,Official visit to the United Kingdom,Chinese outbound visit,3,0.42815923627926605,0.8369446161412306
GDELT,United Kingdom,2011-06-01,Official visit to the United Kingdom,Chinese outbound visit,6,0.42815923627926605,0.7503773789997255
GDELT,United Kingdom,2011-06-01,Official visit to the United Kingdom,Chinese outbound visit,12,0.42815923627926605,1.3508028265498055
GDELT,United Kingdom,2013-12-01,Official visit to China,Partner inbound visit,0,1.8546570641770685,-0.8396384702855408
GDELT,United Kingdom,2013-12-01,Official visit to China,Partner inbound visit,1,1.8546570641770685,0.11606970529575755
GDELT,United Kingdom,2013-12-01,Official visit to China,Partner inbound visit,2,1.8546570641770685,-0.04468506231899383
GDELT,United Kingdom,2013-12-01,Official visit to China,Partner inbound visit,3,1.8546570641770685,0.5871951142566871
GDELT,United Kingdom,2013-12-01,Official visit to China,Partner inbound visit,6,1.8546570641770685,-0.07290061987683494
GDELT,United Kingdom,2013-12-01,Official visit to China,Partner inbound visit,12,1.8546570641770685,-1.0928300885810103
GDELT,United Kingdom,2014-06-01,Official visit to the United Kingdom,Chinese outbound visit,0,1.8131626188378878,-0.03140617453765415
GDELT,United Kingdom,2014-06-01,Official visit to the United Kingdom,Chinese outbound visit,1,1.8131626188378878,-0.43579135944321656
GDELT,United Kingdom,2014-06-01,Official visit to the United Kingdom,Chinese outbound visit,2,1.8131626188378878,-1.4501290399195135
GDELT,United Kingdom,2014-06-01,Official visit to the United Kingdom,Chinese outbound visit,3,1.8131626188378878,-1.1820655606435757
GDELT,United Kingdom,2014-06-01,Official visit to the United Kingdom,Chinese outbound visit,6,1.8131626188378878,-1.0513356432418295
GDELT,United Kingdom,2014-06-01,Official visit to the United Kingdom,Chinese outbound visit,12,1.8131626188378878,0.07157991460696067
GDELT,United Kingdom,2015-10-01,Xi State Visit to UK,Chinese outbound visit,0,2.1324777621657365,0.028787485459272233
GDELT,United Kingdom,2015-10-01,Xi State Visit to UK,Chinese outbound visit,1,2.1324777621657365,-0.2566343374644955
GDELT,United Kingdom,2015-10-01,Xi State Visit to UK,Chinese outbound visit,2,2.1324777621657365,-0.6955166702226254
GDELT,United Kingdom,2015-10-01,Xi State Visit to UK,Chinese outbound visit,3,2.1324777621657365,-0.8612227822845444
GDELT,United Kingdom,2015-10-01,Xi State Visit to UK,Chinese outbound visit,6,2.1324777621657365,-1.6969464207086489
GDELT,United Kingdom,2015-10-01,Xi State Visit to UK,Chinese outbound visit,12,2.1324777621657365,-0.6990059770602566
GDELT,United Kingdom,2016-09-01,Meeting on sidelines of G20 summit in Hangzhou,Third-party meeting,0,1.3146611181666745,-0.1543448423681173
GDELT,United Kingdom,2016-09-01,Meeting on sidelines of G20 summit in Hangzhou,Third-party meeting,1,1.3146611181666745,0.11881066693880538
GDELT,United Kingdom,2016-09-01,Meeting on sidelines of G20 summit in Hangzhou,Third-party meeting,2,1.3146611181666745,0.33221022802742195
GDELT,United Kingdom,2016-09-01,Meeting on sidelines of G20 summit in Hangzhou,Third-party meeting,3,1.3146611181666745,0.23669453059535717
GDELT,United Kingdom,2016-09-01,Meeting on sidelines of G20 summit in Hangzhou,Third-party meeting,6,1.3146611181666745,-0.2083501443428737
GDELT,United Kingdom,2016-09-01,Meeting on sidelines of G20 summit in Hangzhou,Third-party meeting,12,1.3146611181666745,-0.16093391492581421
GDELT,United Kingdom,2018-01-01,Official visit to China,Partner inbound visit,0,1.323940411088854,0.29404707453805834
GDELT,United Kingdom,2018-01-01,Official visit to China,Partner inbound visit,1,1.323940411088854,0.8651442858339227
GDELT,United Kingdom,2018-01-01,Official visit to China,Partner inbound visit,2,1.323940411088854,0.30910573772436556
GDELT,United Kingdom,2018-01-01,Official visit to China,Partner inbound visit,3,1.323940411088854,0.6718516009051305
GDELT,United Kingdom,2018-01-01,Official visit to China,Partner inbound visit,6,1.323940411088854,0.584312036520215
GDELT,United Kingdom,2018-01-01,Official visit to China,Partner inbound visit,12,1.323940411088854,-0.6356989977272214
GDELT,United Kingdom,2019-06-01,Meeting on sidelines of G20 summit in Osaka,Third-party meeting,0,0.5977476802785121,0.5565736557380868
GDELT,United Kingdom,2019-06-01,Meeting on sidelines of G20 summit in Osaka,Third-party meeting,1,0.5977476802785121,0.25803822300213197
GDELT,United Kingdom,2019-06-01,Meeting on sidelines of G20 summit in Osaka,Third-party meeting,2,0.5977476802785121,0.7161210996687174
GDELT,United Kingdom,2019-06-01,Meeting on sidelines of G20 summit in Osaka,Third-party meeting,3,0.5977476802785121,0.2976571080682314
GDELT,United Kingdom,2019-06-01,Meeting on sidelines of G20 summit in Osaka,Third-party meeting,6,0.5977476802785121,0.1167580759756982
GDELT,United Kingdom,2019-06-01,Meeting on sidelines of G20 summit in Osaka,Third-party meeting,12,0.5977476802785121,-0.1538880858055242
GDELT,United Kingdom,2021-10-01,Phone call between Chinese President Xi Jinping and UK Prime Minister Boris Johnson,Remote talk,0,0.31605567951537594,0.12442772122561863
GDELT,United Kingdom,2021-10-01,Phone call between Chinese President Xi Jinping and UK Prime Minister Boris Johnson,Remote talk,1,0.31605567951537594,0.9266546278515018
GDELT,United Kingdom,2021-10-01,Phone call between Chinese President Xi Jinping and UK Prime Minister Boris Johnson,Remote talk,2,0.31605567951537594,0.15979707812352828
GDELT,United Kingdom,2021-10-01,Phone call between Chinese President Xi Jinping and UK Prime Minister Boris Johnson,Remote talk,3,0.31605567951537594,-0.5683996447406088
GDELT,United Kingdom,2021-10-01,Phone call between Chinese President Xi Jinping and UK Prime Minister Boris Johnson,Remote talk,6,0.31605567951537594,0.5260971986292393
GDELT,United Kingdom,2021-10-01,Phone call between Chinese President Xi Jinping and UK Prime Minister Boris Johnson,Remote talk,12,0.31605567951537594,-0.5875630866448365
GDELT,United Kingdom,2022-11-01,Meeting on sidelines of G20 summit in Bali,Third-party meeting,0,0.5087948489661482,-0.7157905726409421
GDELT,United Kingdom,2022-11-01,Meeting on sidelines of G20 summit in Bali,Third-party meeting,1,0.5087948489661482,-0.4725934179144933
GDELT,United Kingdom,2022-11-01,Meeting on sidelines of G20 summit in Bali,Third-party meeting,2,0.5087948489661482,0.1346706363958734
GDELT,United Kingdom,2022-11-01,Meeting on sidelines of G20 summit in Bali,Third-party meeting,3,0.5087948489661482,-0.7245430362710377
GDELT,United Kingdom,2022-11-01,Meeting on sidelines of G20 summit in Bali,Third-party meeting,6,0.5087948489661482,0.13527079959219246
GDELT,United Kingdom,2022-11-01,Meeting on sidelines of G20 summit in Bali,Third-party meeting,12,0.5087948489661482,0.685450339434216
GDELT,United Kingdom,2024-08-01,Xi-Starmer phone call,Remote talk,0,-0.326268803510749,1.0706278781462764
GDELT,United Kingdom,2024-08-01,Xi-Starmer phone call,Remote talk,1,-0.326268803510749,0.7293531342832338
GDELT,United Kingdom,2024-08-01,Xi-Starmer phone call,Remote talk,2,-0.326268803510749,1.432516905336448
GDELT,United Kingdom,2024-08-01,Xi-Starmer phone call,Remote talk,3,-0.326268803510749,0.8593931291626287
GDELT,United Kingdom,2024-08-01,Xi-Starmer phone call,Remote talk,6,-0.326268803510749,0.3955199711189194
GDELT,United Kingdom,2024-08-01,Xi-Starmer phone call,Remote talk,12,-0.326268803510749,0.25853129329458885
GDELT,United Kingdom,2024-11-01,Meeting on sidelines of G20 summit in Rio de Janeiro,Third-party meeting,0,0.751230502411237,-0.2181061767593574
GDELT,United Kingdom,2024-11-01,Meeting on sidelines of G20 summit in Rio de Janeiro,Third-party meeting,1,0.751230502411237,-0.8205458079895459
GDELT,United Kingdom,2024-11-01,Meeting on sidelines of G20 summit in Rio de Janeiro,Third-party meeting,2,0.751230502411237,0.11454114329138376
GDELT,United Kingdom,2024-11-01,Meeting on sidelines of G20 summit in Rio de Janeiro,Third-party meeting,3,0.751230502411237,-0.6819793348030666
GDELT,United Kingdom,2024-11-01,Meeting on sidelines of G20 summit in Rio de Janeiro,Third-party meeting,6,0.751230502411237,0.013819513209993972
GDELT,United Kingdom,2024-11-01,Meeting on sidelines of G20 summit in Rio de Janeiro,Third-party meeting,12,0.751230502411237,-0.8471354017407092
GDELT,United States,2002-02-01,Working visit to China,Partner inbound visit,0,0.2015086624956837,0.97355970608675
GDELT,United States,2002-02-01,Working visit to China,Partner inbound visit,1,0.2015086624956837,-0.39660736581547873
GDELT,United States,2002-02-01,Working visit to China,Partner inbound visit,2,0.2015086624956837,0.9517846777149384
GDELT,United States,2002-02-01,Working visit to China,Partner inbound visit,3,0.2015086624956837,0.5022534082771735
GDELT,United States,2002-02-01,Working visit to China,Partner inbound visit,6,0.2015086624956837,0.7034362799045581
GDELT,United States,2002-02-01,Working visit to China,Partner inbound visit,12,0.2015086624956837,0.4679271338832418
GDELT,United States,2002-10-01,Working visit to the United States,Chinese outbound visit,0,0.5109196139400952,0.5984247088084848
GDELT,United States,2002-10-01,Working visit to the United States,Chinese outbound visit,1,0.5109196139400952,0.1727163348176658
GDELT,United States,2002-10-01,Working visit to the United States,Chinese outbound visit,2,0.5109196139400952,0.5281667737460664
GDELT,United States,2002-10-01,Working visit to the United States,Chinese outbound visit,3,0.5109196139400952,0.3701059549958353
GDELT,United States,2002-10-01,Working visit to the United States,Chinese outbound visit,6,0.5109196139400952,1.115472338264261
GDELT,United States,2002-10-01,Working visit to the United States,Chinese outbound visit,12,0.5109196139400952,1.0239351860568227
GDELT,United States,2003-06-01,Bilateral meeting on sidelines of G8 Summit,Third-party meeting,0,1.001937087566222,0.6393308865463989
GDELT,United States,2003-06-01,Bilateral meeting on sidelines of G8 Summit,Third-party meeting,1,1.001937087566222,1.240807874233792
GDELT,United States,2003-06-01,Bilateral meeting on sidelines of G8 Summit,Third-party meeting,2,1.001937087566222,0.4200394715700113
GDELT,United States,2003-06-01,Bilateral meeting on sidelines of G8 Summit,Third-party meeting,3,1.001937087566222,0.28695165034906434
GDELT,United States,2003-06-01,Bilateral meeting on sidelines of G8 Summit,Third-party meeting,6,1.001937087566222,0.0146207309028632
GDELT,United States,2003-06-01,Bilateral meeting on sidelines of G8 Summit,Third-party meeting,12,1.001937087566222,-0.5101204584922912
GDELT,United States,2003-10-01,Bilateral meeting on sidelines of APEC Summit,Third-party meeting,0,1.6512034196171779,-0.11634861962026011
GDELT,United States,2003-10-01,Bilateral meeting on sidelines of APEC Summit,Third-party meeting,1,1.6512034196171779,0.4042144444004887
GDELT,United States,2003-10-01,Bilateral meeting on sidelines of APEC Summit,Third-party meeting,2,1.6512034196171779,-0.6346456011480928
GDELT,United States,2003-10-01,Bilateral meeting on sidelines of APEC Summit,Third-party meeting,3,1.6512034196171779,-0.37296391176200205
GDELT,United States,2003-10-01,Bilateral meeting on sidelines of APEC Summit,Third-party meeting,6,1.6512034196171779,-0.6590187506757227
GDELT,United States,2003-10-01,Bilateral meeting on sidelines of APEC Summit,Third-party meeting,12,1.6512034196171779,0.48256974325065305
GDELT,United States,2004-11-01,Bilateral meeting on sidelines of APEC Summit,Third-party meeting,0,1.1169569079905919,0.28782635458728234
GDELT,United States,2004-11-01,Bilateral meeting on sidelines of APEC Summit,Third-party meeting,1,1.1169569079905919,-1.3826838928933654
GDELT,United States,2004-11-01,Bilateral meeting on sidelines of APEC Summit,Third-party meeting,2,1.1169569079905919,0.37040255441843617
GDELT,United States,2004-11-01,Bilateral meeting on sidelines of APEC Summit,Third-party meeting,3,1.1169569079905919,-0.1833873632253631
GDELT,United States,2004-11-01,Bilateral meeting on sidelines of APEC Summit,Third-party meeting,6,1.1169569079905919,-0.6191660901244915
GDELT,United States,2004-11-01,Bilateral meeting on sidelines of APEC Summit,Third-party meeting,12,1.1169569079905919,0.698553750623357
GDELT,United States,2005-09-01,Bilateral meeting on sidelines of UN Summit,Third-party meeting,0,1.2256475903733837,0.10031246216968692
GDELT,United States,2005-09-01,Bilateral meeting on sidelines of UN Summit,Third-party meeting,1,1.2256475903733837,0.4562471571107263
GDELT,United States,2005-09-01,Bilateral meeting on sidelines of UN Summit,Third-party meeting,2,1.2256475903733837,0.5898630682405652
GDELT,United States,2005-09-01,Bilateral meeting on sidelines of UN Summit,Third-party meeting,3,1.2256475903733837,-0.03589130900007409
GDELT,United States,2005-09-01,Bilateral meeting on sidelines of UN Summit,Third-party meeting,6,1.2256475903733837,-0.05680293612004417
GDELT,United States,2005-09-01,Bilateral meeting on sidelines of UN Summit,Third-party meeting,12,1.2256475903733837,-0.3884320145747264
GDELT,United States,2005-11-01,Official visit to China,Partner inbound visit,0,1.7112432745103476,0.10426738410360126
GDELT,United States,2005-11-01,Official visit to China,Partner inbound visit,1,1.7112432745103476,-0.5214869931370381
GDELT,United States,2005-11-01,Official visit to China,Partner inbound visit,2,1.7112432745103476,-0.32438579749346563
GDELT,United States,2005-11-01,Official visit to China,Partner inbound visit,3,1.7112432745103476,-0.5122640145807289
GDELT,United States,2005-11-01,Official visit to China,Partner inbound visit,6,1.7112432745103476,-0.12705501635222238
GDELT,United States,2005-11-01,Official visit to China,Partner inbound visit,12,1.7112432745103476,-0.08306438930078475
GDELT,United States,2006-04-01,State visit to the United States,Chinese outbound visit,0,1.25156046373328,0.05420603045374217
GDELT,United States,2006-04-01,State visit to the United States,Chinese outbound visit,1,1.25156046373328,0.33262779442484525
GDELT,United States,2006-04-01,State visit to the United States,Chinese outbound visit,2,1.25156046373328,-0.35541136281390284
GDELT,United States,2006-04-01,State visit to the United States,Chinese outbound visit,3,1.25156046373328,0.5240982994845396
GDELT,United States,2006-04-01,State visit to the United States,Chinese outbound visit,6,1.25156046373328,0.21355272492332555
GDELT,United States,2006-04-01,State visit to the United States,Chinese outbound visit,12,1.25156046373328,-0.6453572340442044
GDELT,United States,2006-11-01,Bilateral meeting on sidelines of APEC Summit,Third-party meeting,0,1.1455347792531168,0.48264410595644613
GDELT,United States,2006-11-01,Bilateral meeting on sidelines of APEC Summit,Third-party meeting,1,1.1455347792531168,0.6231522097205566
GDELT,United States,2006-11-01,Bilateral meeting on sidelines of APEC Summit,Third-party meeting,2,1.1455347792531168,-0.6077113455740459
GDELT,United States,2006-11-01,Bilateral meeting on sidelines of APEC Summit,Third-party meeting,3,1.1455347792531168,-0.004359868131000644
GDELT,United States,2006-11-01,Bilateral meeting on sidelines of APEC Summit,Third-party meeting,6,1.1455347792531168,-0.2145637169058734
GDELT,United States,2006-11-01,Bilateral meeting on sidelines of APEC Summit,Third-party meeting,12,1.1455347792531168,-0.45103894854387505
GDELT,United States,2007-09-01,Bilateral meeting on sidelines of APEC Summit,Third-party meeting,0,0.5466936844264693,0.4857019391829892
GDELT,United States,2007-09-01,Bilateral meeting on sidelines of APEC Summit,Third-party meeting,1,0.5466936844264693,-0.11276232714013601
GDELT,United States,2007-09-01,Bilateral meeting on sidelines of APEC Summit,Third-party meeting,2,0.5466936844264693,0.14780214628277244
GDELT,United States,2007-09-01,Bilateral meeting on sidelines of APEC Summit,Third-party meeting,3,0.5466936844264693,0.375418971369219
GDELT,United States,2007-09-01,Bilateral meeting on sidelines of APEC Summit,Third-party meeting,6,0.5466936844264693,0.145303673098096
GDELT,United States,2007-09-01,Bilateral meeting on sidelines of APEC Summit,Third-party meeting,12,0.5466936844264693,1.0989009987104494
GDELT,United States,2008-07-01,Bilateral meeting on sidelines of G8 Summit,Third-party meeting,0,0.9116907034291319,-0.3911734767041555
GDELT,United States,2008-07-01,Bilateral meeting on sidelines of G8 Summit,Third-party meeting,1,0.9116907034291319,-1.151563831298187
GDELT,United States,2008-07-01,Bilateral meeting on sidelines of G8 Summit,Third-party meeting,2,0.9116907034291319,0.7339039797077866
GDELT,United States,2008-07-01,Bilateral meeting on sidelines of G8 Summit,Third-party meeting,3,0.9116907034291319,-0.6714000445003592
GDELT,United States,2008-07-01,Bilateral meeting on sidelines of G8 Summit,Third-party meeting,6,0.9116907034291319,-0.09372825833384724
GDELT,United States,2008-07-01,Bilateral meeting on sidelines of G8 Summit,Third-party meeting,12,0.9116907034291319,-0.050039907971974884
GDELT,United States,2008-11-01,Bilateral meeting on sidelines of APEC Summit,Third-party meeting,0,0.5486707380655454,0.9619700035055653
GDELT,United States,2008-11-01,Bilateral meeting on sidelines of APEC Summit,Third-party meeting,1,0.5486707380655454,0.5838247522051058
GDELT,United States,2008-11-01,Bilateral meeting on sidelines of APEC Summit,Third-party meeting,2,0.5486707380655454,0.26929170702973926
GDELT,United States,2008-11-01,Bilateral meeting on sidelines of APEC Summit,Third-party meeting,3,0.5486707380655454,0.7813249889971209
GDELT,United States,2008-11-01,Bilateral meeting on sidelines of APEC Summit,Third-party meeting,6,0.5486707380655454,0.9342599288986749
GDELT,United States,2008-11-01,Bilateral meeting on sidelines of APEC Summit,Third-party meeting,12,0.5486707380655454,0.691297494503957
GDELT,United States,2009-04-01,Bilateral meeting on sidelines of G20 Summit,Third-party meeting,0,0.9546524523699672,-0.2546529025716092
GDELT,United States,2009-04-01,Bilateral meeting on sidelines of G20 Summit,Third-party meeting,1,0.9546524523699672,0.5282782145942532
GDELT,United States,2009-04-01,Bilateral meeting on sidelines of G20 Summit,Third-party meeting,2,0.9546524523699672,-0.3385640067545653
GDELT,United States,2009-04-01,Bilateral meeting on sidelines of G20 Summit,Third-party meeting,3,0.9546524523699672,-0.09300165691281015
GDELT,United States,2009-04-01,Bilateral meeting on sidelines of G20 Summit,Third-party meeting,6,0.9546524523699672,0.4400037071729018
GDELT,United States,2009-04-01,Bilateral meeting on sidelines of G20 Summit,Third-party meeting,12,0.9546524523699672,0.47073305248352015
GDELT,United States,2009-09-01,Bilateral meeting on sidelines of G20 Summit,Third-party meeting,0,0.7607118165812524,0.5733849188843833
GDELT,United States,2009-09-01,Bilateral meeting on sidelines of G20 Summit,Third-party meeting,1,0.7607118165812524,0.6339443429616166
GDELT,United States,2009-09-01,Bilateral meeting on sidelines of G20 Summit,Third-party meeting,2,0.7607118165812524,0.4792564159882501
GDELT,United States,2009-09-01,Bilateral meeting on sidelines of G20 Summit,Third-party meeting,3,0.7607118165812524,0.3322783400868806
GDELT,United States,2009-09-01,Bilateral meeting on sidelines of G20 Summit,Third-party meeting,6,0.7607118165812524,-0.7673047150367521
GDELT,United States,2009-09-01,Bilateral meeting on sidelines of G20 Summit,Third-party meeting,12,0.7607118165812524,0.32215170266084725
GDELT,United States,2009-11-01,State visit to China,Partner inbound visit,0,1.1777163678932343,0.0622518646762682
GDELT,United States,2009-11-01,State visit to China,Partner inbound visit,1,1.1777163678932343,-0.08472621122510127
GDELT,United States,2009-11-01,State visit to China,Partner inbound visit,2,1.1777163678932343,-1.3685184073115675
GDELT,United States,2009-11-01,State visit to China,Partner inbound visit,3,1.1777163678932343,-1.1392241858700203
GDELT,United States,2009-11-01,State visit to China,Partner inbound visit,6,1.1777163678932343,0.07920895695983887
GDELT,United States,2009-11-01,State visit to China,Partner inbound visit,12,1.1777163678932343,-0.5959145564253596
GDELT,United States,2010-06-01,Bilateral meeting on sidelines of G20 Summit,Third-party meeting,0,0.8919059770836869,-0.24528088333507247
GDELT,United States,2010-06-01,Bilateral meeting on sidelines of G20 Summit,Third-party meeting,1,0.8919059770836869,-0.5759573389512435
GDELT,United States,2010-06-01,Bilateral meeting on sidelines of G20 Summit,Third-party meeting,2,0.8919059770836869,-0.6476594843578584
GDELT,United States,2010-06-01,Bilateral meeting on sidelines of G20 Summit,Third-party meeting,3,0.8919059770836869,0.19095754215841276
GDELT,United States,2010-06-01,Bilateral meeting on sidelines of G20 Summit,Third-party meeting,6,0.8919059770836869,0.08240800315315266
GDELT,United States,2010-06-01,Bilateral meeting on sidelines of G20 Summit,Third-party meeting,12,0.8919059770836869,-0.7713043531365097
GDELT,United States,2010-11-01,Bilateral meeting on sidelines of G20 Summit,Third-party meeting,0,0.5536642714451391,0.028137540022735608
GDELT,United States,2010-11-01,Bilateral meeting on sidelines of G20 Summit,Third-party meeting,1,0.5536642714451391,0.4206497087917005
GDELT,United States,2010-11-01,Bilateral meeting on sidelines of G20 Summit,Third-party meeting,2,0.5536642714451391,0.7511512045516152
GDELT,United States,2010-11-01,Bilateral meeting on sidelines of G20 Summit,Third-party meeting,3,0.5536642714451391,0.06072700502103123
GDELT,United States,2010-11-01,Bilateral meeting on sidelines of G20 Summit,Third-party meeting,6,0.5536642714451391,0.2830245839799398
GDELT,United States,2010-11-01,Bilateral meeting on sidelines of G20 Summit,Third-party meeting,12,0.5536642714451391,0.22065975655914072
GDELT,United States,2011-01-01,State visit to the United States,Chinese outbound visit,0,0.629999531357401,0.6748159446393532
GDELT,United States,2011-01-01,State visit to the United States,Chinese outbound visit,1,0.629999531357401,-0.015608254891230744
GDELT,United States,2011-01-01,State visit to the United States,Chinese outbound visit,2,0.629999531357401,-0.12436199426464667
GDELT,United States,2011-01-01,State visit to the United States,Chinese outbound visit,3,0.629999531357401,-0.2605599693216393
GDELT,United States,2011-01-01,State visit to the United States,Chinese outbound visit,6,0.629999531357401,-0.2980877413382915
GDELT,United States,2011-01-01,State visit to the United States,Chinese outbound visit,12,0.629999531357401,-0.5712708548160427
GDELT,United States,2011-11-01,Bilateral meeting on sidelines of APEC Summit,Third-party meeting,0,0.33630654230824675,0.43801748569603305
GDELT,United States,2011-11-01,Bilateral meeting on sidelines of APEC Summit,Third-party meeting,1,0.33630654230824675,-0.013417089946551997
GDELT,United States,2011-11-01,Bilateral meeting on sidelines of APEC Summit,Third-party meeting,2,0.33630654230824675,-0.27757786576688837
GDELT,United States,2011-11-01,Bilateral meeting on sidelines of APEC Summit,Third-party meeting,3,0.33630654230824675,0.3004286563741463
GDELT,United States,2011-11-01,Bilateral meeting on sidelines of APEC Summit,Third-party meeting,6,0.33630654230824675,0.3892338672202076
GDELT,United States,2011-11-01,Bilateral meeting on sidelines of APEC Summit,Third-party meeting,12,0.33630654230824675,0.25389785269179654
GDELT,United States,2012-03-01,Bilateral meeting on sidelines of Nuclear Security Summit,Third-party meeting,0,0.3394511091951487,0.25643009810025735
GDELT,United States,2012-03-01,Bilateral meeting on sidelines of Nuclear Security Summit,Third-party meeting,1,0.3394511091951487,0.41002976102341887
GDELT,United States,2012-03-01,Bilateral meeting on sidelines of Nuclear Security Summit,Third-party meeting,2,0.3394511091951487,0.38608930033330563
GDELT,United States,2012-03-01,Bilateral meeting on sidelines of Nuclear Security Summit,Third-party meeting,3,0.3394511091951487,0.52008464090943
GDELT,United States,2012-03-01,Bilateral meeting on sidelines of Nuclear Security Summit,Third-party meeting,6,0.3394511091951487,0.2403808759268375
GDELT,United States,2012-03-01,Bilateral meeting on sidelines of Nuclear Security Summit,Third-party meeting,12,0.3394511091951487,0.002252174066658952
GDELT,United States,2012-06-01,Bilateral meeting on sidelines of G20 Summit,Third-party meeting,0,0.6903008290141427,0.16923492109043592
GDELT,United States,2012-06-01,Bilateral meeting on sidelines of G20 Summit,Third-party meeting,1,0.6903008290141427,-0.44985089113496046
GDELT,United States,2012-06-01,Bilateral meeting on sidelines of G20 Summit,Third-party meeting,2,0.6903008290141427,-0.6145319079588324
GDELT,United States,2012-06-01,Bilateral meeting on sidelines of G20 Summit,Third-party meeting,3,0.6903008290141427,-0.1104688438921565
GDELT,United States,2012-06-01,Bilateral meeting on sidelines of G20 Summit,Third-party meeting,6,0.6903008290141427,-0.7820823159643518
GDELT,United States,2012-06-01,Bilateral meeting on sidelines of G20 Summit,Third-party meeting,12,0.6903008290141427,-0.11208404306277353
GDELT,United States,2013-06-01,Sunnylands Summit,Third-party meeting,0,0.7323843415870529,-0.15416755563568374
GDELT,United States,2013-06-01,Sunnylands Summit,Third-party meeting,1,0.7323843415870529,-0.02435504396776922
GDELT,United States,2013-06-01,Sunnylands Summit,Third-party meeting,2,0.7323843415870529,-0.2906359862941693
GDELT,United States,2013-06-01,Sunnylands Summit,Third-party meeting,3,0.7323843415870529,0.14246515980828944
GDELT,United States,2013-06-01,Sunnylands Summit,Third-party meeting,6,0.7323843415870529,-0.3001193664217391
GDELT,United States,2013-06-01,Sunnylands Summit,Third-party meeting,12,0.7323843415870529,-0.7436434230295864
GDELT,United States,2013-09-01,Bilateral meeting on sidelines of G20 Summit,Third-party meeting,0,0.5759981462878455,0.29885135510749683
GDELT,United States,2013-09-01,Bilateral meeting on sidelines of G20 Summit,Third-party meeting,1,0.5759981462878455,-0.10938111657803101
GDELT,United States,2013-09-01,Bilateral meeting on sidelines of G20 Summit,Third-party meeting,2,0.5759981462878455,0.1997811448449328
GDELT,United States,2013-09-01,Bilateral meeting on sidelines of G20 Summit,Third-party meeting,3,0.5759981462878455,-0.1437331711225317
GDELT,United States,2013-09-01,Bilateral meeting on sidelines of G20 Summit,Third-party meeting,6,0.5759981462878455,0.031869358789278324
GDELT,United States,2013-09-01,Bilateral meeting on sidelines of G20 Summit,Third-party meeting,12,0.5759981462878455,-0.1223737412311342
GDELT,United States,2014-11-01,State visit to China,Partner inbound visit,0,0.1467211452367838,0.772443155127691
GDELT,United States,2014-11-01,State visit to China,Partner inbound visit,1,0.1467211452367838,0.0036983490133550845
GDELT,United States,2014-11-01,State visit to China,Partner inbound visit,2,0.1467211452367838,0.2808381537761307
GDELT,United States,2014-11-01,State visit to China,Partner inbound visit,3,0.1467211452367838,0.12724152035669967
GDELT,United States,2014-11-01,State visit to China,Partner inbound visit,6,0.1467211452367838,-0.02247248049318705
GDELT,United States,2014-11-01,State visit to China,Partner inbound visit,12,0.1467211452367838,0.36986619539274024
GDELT,United States,2015-09-01,State visit to the United States,Chinese outbound visit,0,0.3586371857401958,0.24677518370259816
GDELT,United States,2015-09-01,State visit to the United States,Chinese outbound visit,1,0.3586371857401958,-0.04352575151673693
GDELT,United States,2015-09-01,State visit to the United States,Chinese outbound visit,2,0.3586371857401958,0.15795015488932823
GDELT,United States,2015-09-01,State visit to the United States,Chinese outbound visit,3,0.3586371857401958,0.042321497792694174
GDELT,United States,2015-09-01,State visit to the United States,Chinese outbound visit,6,0.3586371857401958,-0.3270766293800283
GDELT,United States,2015-09-01,State visit to the United States,Chinese outbound visit,12,0.3586371857401958,0.10205370494787641
GDELT,United States,2016-09-01,Bilateral meeting on sidelines of G20 Summit,Third-party meeting,0,-0.2384123399090511,0.6991032305971233
GDELT,United States,2016-09-01,Bilateral meeting on sidelines of G20 Summit,Third-party meeting,1,-0.2384123399090511,0.525178192829666
GDELT,United States,2016-09-01,Bilateral meeting on sidelines of G20 Summit,Third-party meeting,2,-0.2384123399090511,0.7931631349576774
GDELT,United States,2016-09-01,Bilateral meeting on sidelines of G20 Summit,Third-party meeting,3,-0.2384123399090511,0.20479683801185602
GDELT,United States,2016-09-01,Bilateral meeting on sidelines of G20 Summit,Third-party meeting,6,-0.2384123399090511,0.4451687362980762
GDELT,United States,2016-09-01,Bilateral meeting on sidelines of G20 Summit,Third-party meeting,12,-0.2384123399090511,0.6207775881574046
GDELT,United States,2017-04-01,Working visit to the United States (Mar-a-Lago Summit),Chinese outbound visit,0,0.09342802083155455,0.2735482784362375
GDELT,United States,2017-04-01,Working visit to the United States (Mar-a-Lago Summit),Chinese outbound visit,1,0.09342802083155455,0.4176044822277216
GDELT,United States,2017-04-01,Working visit to the United States (Mar-a-Lago Summit),Chinese outbound visit,2,0.09342802083155455,0.7176659583175091
GDELT,United States,2017-04-01,Working visit to the United States (Mar-a-Lago Summit),Chinese outbound visit,3,0.09342802083155455,-0.12420290209796292
GDELT,United States,2017-04-01,Working visit to the United States (Mar-a-Lago Summit),Chinese outbound visit,6,0.09342802083155455,0.32294358534951856
GDELT,United States,2017-04-01,Working visit to the United States (Mar-a-Lago Summit),Chinese outbound visit,12,0.09342802083155455,0.07314770583611718
GDELT,United States,2017-07-01,Bilateral meeting on sidelines of G20 Summit,Third-party meeting,0,0.563034260492044,-0.5938091417584523
GDELT,United States,2017-07-01,Bilateral meeting on sidelines of G20 Summit,Third-party meeting,1,0.563034260492044,-1.0881083589807297
GDELT,United States,2017-07-01,Bilateral meeting on sidelines of G20 Summit,Third-party meeting,2,0.563034260492044,-0.18066901224369047
GDELT,United States,2017-07-01,Bilateral meeting on sidelines of G20 Summit,Third-party meeting,3,0.563034260492044,-0.14666265431097086
GDELT,United States,2017-07-01,Bilateral meeting on sidelines of G20 Summit,Third-party meeting,6,0.563034260492044,-0.6235877860210284
GDELT,United States,2017-07-01,Bilateral meeting on sidelines of G20 Summit,Third-party meeting,12,0.563034260492044,-0.9320657808524473
GDELT,United States,2017-11-01,State visit to China,Partner inbound visit,0,0.09122091864691363,0.6249061180133028
GDELT,United States,2017-11-01,State visit to China,Partner inbound visit,1,0.09122091864691363,0.11323405440314126
GDELT,United States,2017-11-01,State visit to China,Partner inbound visit,2,0.09122091864691363,-0.15177444417589803
GDELT,United States,2017-11-01,State visit to China,Partner inbound visit,3,0.09122091864691363,-0.10868506688192049
GDELT,United States,2017-11-01,State visit to China,Partner inbound visit,6,0.09122091864691363,0.6420363685049496
GDELT,United States,2017-11-01,State visit to China,Partner inbound visit,12,0.09122091864691363,-0.12242406149117947
GDELT,United States,2018-12-01,Bilateral meeting on sidelines of G20 Summit,Third-party meeting,0,-0.34624294992540783,-0.29588330342446056
GDELT,United States,2018-12-01,Bilateral meeting on sidelines of G20 Summit,Third-party meeting,1,-0.34624294992540783,0.24092556861774028
GDELT,United States,2018-12-01,Bilateral meeting on sidelines of G20 Summit,Third-party meeting,2,-0.34624294992540783,0.3930304276310679
GDELT,United States,2018-12-01,Bilateral meeting on sidelines of G20 Summit,Third-party meeting,3,-0.34624294992540783,0.031051332579501434
GDELT,United States,2018-12-01,Bilateral meeting on sidelines of G20 Summit,Third-party meeting,6,-0.34624294992540783,-0.20878655428885118
GDELT,United States,2018-12-01,Bilateral meeting on sidelines of G20 Summit,Third-party meeting,12,-0.34624294992540783,0.30568899936130656
GDELT,United States,2019-06-01,Bilateral meeting on sidelines of G20 Summit,Third-party meeting,0,-0.3041945818337239,-0.2508349223805351
GDELT,United States,2019-06-01,Bilateral meeting on sidelines of G20 Summit,Third-party meeting,1,-0.3041945818337239,0.18761983979833968
GDELT,United States,2019-06-01,Bilateral meeting on sidelines of G20 Summit,Third-party meeting,2,-0.3041945818337239,-0.2929782204171983
GDELT,United States,2019-06-01,Bilateral meeting on sidelines of G20 Summit,Third-party meeting,3,-0.3041945818337239,0.17499901301389603
GDELT,United States,2019-06-01,Bilateral meeting on sidelines of G20 Summit,Third-party meeting,6,-0.3041945818337239,0.2636406312696226
GDELT,United States,2019-06-01,Bilateral meeting on sidelines of G20 Summit,Third-party meeting,12,-0.3041945818337239,-0.7621665711758692
GDELT,United States,2021-11-01,Virtual bilateral meeting (video summit),Remote talk,0,-0.43442213084494696,0.24805975743539221
GDELT,United States,2021-11-01,Virtual bilateral meeting (video summit),Remote talk,1,-0.43442213084494696,-0.27067081051777464
GDELT,United States,2021-11-01,Virtual bilateral meeting (video summit),Remote talk,2,-0.43442213084494696,-0.22941179058545025
GDELT,United States,2021-11-01,Virtual bilateral meeting (video summit),Remote talk,3,-0.43442213084494696,-0.3535375659293365
GDELT,United States,2021-11-01,Virtual bilateral meeting (video summit),Remote talk,6,-0.43442213084494696,-0.5258317269575237
GDELT,United States,2021-11-01,Virtual bilateral meeting (video summit),Remote talk,12,-0.43442213084494696,0.4488572438339702
GDELT,United States,2022-11-01,Bilateral meeting on sidelines of G20 Summit,Third-party meeting,0,-0.37274564149351025,0.3871807544825335
GDELT,United States,2022-11-01,Bilateral meeting on sidelines of G20 Summit,Third-party meeting,1,-0.37274564149351025,-0.29726765020194773
GDELT,United States,2022-11-01,Bilateral meeting on sidelines of G20 Summit,Third-party meeting,2,-0.37274564149351025,-0.39072353335558024
GDELT,United States,2022-11-01,Bilateral meeting on sidelines of G20 Summit,Third-party meeting,3,-0.37274564149351025,-0.7889093082703507
GDELT,United States,2022-11-01,Bilateral meeting on sidelines of G20 Summit,Third-party meeting,6,-0.37274564149351025,-0.2390571249596422
GDELT,United States,2022-11-01,Bilateral meeting on sidelines of G20 Summit,Third-party meeting,12,-0.37274564149351025,1.141685120283584
GDELT,United States,2023-11-01,Working visit to the United States (San Francisco Summit),Chinese outbound visit,0,0.04894498008391679,0.7199944987061571
GDELT,United States,2023-11-01,Working visit to the United States (San Francisco Summit),Chinese outbound visit,1,0.04894498008391679,-0.12251302589113244
GDELT,United States,2023-11-01,Working visit to the United States (San Francisco Summit),Chinese outbound visit,2,0.04894498008391679,-0.06226976159777919
GDELT,United States,2023-11-01,Working visit to the United States (San Francisco Summit),Chinese outbound visit,3,0.04894498008391679,-0.21012833608976145
GDELT,United States,2023-11-01,Working visit to the United States (San Francisco Summit),Chinese outbound visit,6,0.04894498008391679,-0.23926327922412938
GDELT,United States,2023-11-01,Working visit to the United States (San Francisco Summit),Chinese outbound visit,12,0.04894498008391679,-0.06940015084885687
GDELT,United States,2024-11-01,Xi-Biden Meeting on sidelines of APEC Summit in Lima,Third-party meeting,0,-0.3983005307423972,0.3778453599774571
GDELT,United States,2024-11-01,Xi-Biden Meeting on sidelines of APEC Summit in Lima,Third-party meeting,1,-0.3983005307423972,-0.26863585419485975
GDELT,United States,2024-11-01,Xi-Biden Meeting on sidelines of APEC Summit in Lima,Third-party meeting,2,-0.3983005307423972,-0.33616838697795554
GDELT,United States,2024-11-01,Xi-Biden Meeting on sidelines of APEC Summit in Lima,Third-party meeting,3,-0.3983005307423972,0.2432082111810671
GDELT,United States,2024-11-01,Xi-Biden Meeting on sidelines of APEC Summit in Lima,Third-party meeting,6,-0.3983005307423972,0.785157634436106
GDELT,United States,2024-11-01,Xi-Biden Meeting on sidelines of APEC Summit in Lima,Third-party meeting,12,-0.3983005307423972,0.4456417458829864
GDELT,United States,2025-01-01,Xi-Trump phone call,Remote talk,0,-0.4114778507941785,-0.32299106692617424
GDELT,United States,2025-01-01,Xi-Trump phone call,Remote talk,1,-0.4114778507941785,0.2563855312328484
GDELT,United States,2025-01-01,Xi-Trump phone call,Remote talk,2,-0.4114778507941785,0.004754531836545339
GDELT,United States,2025-01-01,Xi-Trump phone call,Remote talk,3,-0.4114778507941785,0.04565583488023667
GDELT,United States,2025-01-01,Xi-Trump phone call,Remote talk,6,-0.4114778507941785,0.7494804121387098
GDELT,United States,2025-01-01,Vice President Han Zheng attends Trump inauguration in Washington,Chinese outbound visit,0,-0.4114778507941785,-0.32299106692617424
GDELT,United States,2025-01-01,Vice President Han Zheng attends Trump inauguration in Washington,Chinese outbound visit,1,-0.4114778507941785,0.2563855312328484
GDELT,United States,2025-01-01,Vice President Han Zheng attends Trump inauguration in Washington,Chinese outbound visit,2,-0.4114778507941785,0.004754531836545339
GDELT,United States,2025-01-01,Vice President Han Zheng attends Trump inauguration in Washington,Chinese outbound visit,3,-0.4114778507941785,0.04565583488023667
GDELT,United States,2025-01-01,Vice President Han Zheng attends Trump inauguration in Washington,Chinese outbound visit,6,-0.4114778507941785,0.7494804121387098
GDELT,United States,2025-06-01,Xi-Trump phone call,Remote talk,0,-0.12856274372595541,0.9074382887265541
GDELT,United States,2025-06-01,Xi-Trump phone call,Remote talk,1,-0.12856274372595541,0.46656530507048666
GDELT,United States,2025-06-01,Xi-Trump phone call,Remote talk,2,-0.12856274372595541,-0.008261939090756926
GDELT,United States,2025-06-01,Xi-Trump phone call,Remote talk,3,-0.12856274372595541,-0.05278747407874698
GDELT,United States,2025-06-01,Xi-Trump phone call,Remote talk,6,-0.12856274372595541,-0.029793162534206857
GDELT,United States,2025-09-01,Xi-Trump phone call,Remote talk,0,0.3266844745094725,-0.508034692314175
GDELT,United States,2025-09-01,Xi-Trump phone call,Remote talk,1,0.3266844745094725,-0.16396476727735337
GDELT,United States,2025-09-01,Xi-Trump phone call,Remote talk,2,0.3266844745094725,-0.2793432593688833
GDELT,United States,2025-09-01,Xi-Trump phone call,Remote talk,3,0.3266844745094725,-0.4850403807696348
GDELT,United States,2025-10-01,Xi-Trump Meeting in Busan (ahead of APEC Gyeongju),Third-party meeting,0,0.006609220241038827,0.15611048699108032
GDELT,United States,2025-10-01,Xi-Trump Meeting in Busan (ahead of APEC Gyeongju),Third-party meeting,1,0.006609220241038827,0.04073199489955037
GDELT,United States,2025-10-01,Xi-Trump Meeting in Busan (ahead of APEC Gyeongju),Third-party meeting,2,0.006609220241038827,-0.1649651265012011
GDELT,United States,2025-11-01,Xi-Trump phone call,Remote talk,0,-0.05181839779643186,0.09915961293702105
GDELT,United States,2025-11-01,Xi-Trump phone call,Remote talk,1,-0.05181839779643186,-0.10653750846373042
GDELT,Vietnam,2002-02-01,State visit to Vietnam,Chinese outbound visit,0,0.47832890415089935,0.6399190289860002
GDELT,Vietnam,2002-02-01,State visit to Vietnam,Chinese outbound visit,1,0.47832890415089935,1.3742944794330079
GDELT,Vietnam,2002-02-01,State visit to Vietnam,Chinese outbound visit,2,0.47832890415089935,2.5751563422307715
GDELT,Vietnam,2002-02-01,State visit to Vietnam,Chinese outbound visit,3,0.47832890415089935,0.8222659823484477
GDELT,Vietnam,2002-02-01,State visit to Vietnam,Chinese outbound visit,6,0.47832890415089935,-0.9963728715873383
GDELT,Vietnam,2002-02-01,State visit to Vietnam,Chinese outbound visit,12,0.47832890415089935,-0.41223313794174565
GDELT,Vietnam,2004-10-01,Official visit to Vietnam,Chinese outbound visit,0,1.1022086615026054,0.3726797817305869
GDELT,Vietnam,2004-10-01,Official visit to Vietnam,Chinese outbound visit,1,1.1022086615026054,-1.372228086381999
GDELT,Vietnam,2004-10-01,Official visit to Vietnam,Chinese outbound visit,2,1.1022086615026054,0.7376562930755735
GDELT,Vietnam,2004-10-01,Official visit to Vietnam,Chinese outbound visit,3,1.1022086615026054,-1.3599801419516833
GDELT,Vietnam,2004-10-01,Official visit to Vietnam,Chinese outbound visit,6,1.1022086615026054,0.5638294649854594
GDELT,Vietnam,2004-10-01,Official visit to Vietnam,Chinese outbound visit,12,1.1022086615026054,0.551390928524309
GDELT,Vietnam,2005-07-01,State visit to China,Partner inbound visit,0,2.5246871670956192,0.760528427049401
GDELT,Vietnam,2005-07-01,State visit to China,Partner inbound visit,1,2.5246871670956192,-2.3036463876517637
GDELT,Vietnam,2005-07-01,State visit to China,Partner inbound visit,2,2.5246871670956192,-1.5516549178411125
GDELT,Vietnam,2005-07-01,State visit to China,Partner inbound visit,3,2.5246871670956192,-0.8710875770687048
GDELT,Vietnam,2005-07-01,State visit to China,Partner inbound visit,6,2.5246871670956192,-2.252249213216068
GDELT,Vietnam,2005-07-01,State visit to China,Partner inbound visit,12,2.5246871670956192,0.07372462706554828
GDELT,Vietnam,2006-11-01,State visit to Vietnam and attendance at APEC summit,Chinese outbound visit,0,1.9101109037626163,-0.13206064045193955
GDELT,Vietnam,2006-11-01,State visit to Vietnam and attendance at APEC summit,Chinese outbound visit,1,1.9101109037626163,-1.1118427412763694
GDELT,Vietnam,2006-11-01,State visit to Vietnam and attendance at APEC summit,Chinese outbound visit,2,1.9101109037626163,-0.2633128533587801
GDELT,Vietnam,2006-11-01,State visit to Vietnam and attendance at APEC summit,Chinese outbound visit,3,1.9101109037626163,-0.3625691308031094
GDELT,Vietnam,2006-11-01,State visit to Vietnam and attendance at APEC summit,Chinese outbound visit,6,1.9101109037626163,1.2127921627440514
GDELT,Vietnam,2006-11-01,State visit to Vietnam and attendance at APEC summit,Chinese outbound visit,12,1.9101109037626163,-1.0238284580223596
GDELT,Vietnam,2006-11-01,State visit to Vietnam,Chinese outbound visit,0,1.9101109037626163,-0.13206064045193955
GDELT,Vietnam,2006-11-01,State visit to Vietnam,Chinese outbound visit,1,1.9101109037626163,-1.1118427412763694
GDELT,Vietnam,2006-11-01,State visit to Vietnam,Chinese outbound visit,2,1.9101109037626163,-0.2633128533587801
GDELT,Vietnam,2006-11-01,State visit to Vietnam,Chinese outbound visit,3,1.9101109037626163,-0.3625691308031094
GDELT,Vietnam,2006-11-01,State visit to Vietnam,Chinese outbound visit,6,1.9101109037626163,1.2127921627440514
GDELT,Vietnam,2006-11-01,State visit to Vietnam,Chinese outbound visit,12,1.9101109037626163,-1.0238284580223596
GDELT,Vietnam,2007-05-01,Official visit to China,Partner inbound visit,0,1.569254398917068,1.5536486675895997
GDELT,Vietnam,2007-05-01,Official visit to China,Partner inbound visit,1,1.569254398917068,-0.20147122108003646
GDELT,Vietnam,2007-05-01,Official visit to China,Partner inbound visit,2,1.569254398917068,-1.4208753746242209
GDELT,Vietnam,2007-05-01,Official visit to China,Partner inbound visit,3,1.569254398917068,1.5303476017745432
GDELT,Vietnam,2007-05-01,Official visit to China,Partner inbound visit,6,1.569254398917068,-0.6829719531768113
GDELT,Vietnam,2007-05-01,Official visit to China,Partner inbound visit,12,1.569254398917068,-1.7753009924301935
GDELT,Vietnam,2009-04-01,Official visit to China and attendance at Boao Forum,Partner inbound visit,0,0.7830469756757463,0.13283637989972408
GDELT,Vietnam,2009-04-01,Official visit to China and attendance at Boao Forum,Partner inbound visit,1,0.7830469756757463,-0.4312324386189197
GDELT,Vietnam,2009-04-01,Official visit to China and attendance at Boao Forum,Partner inbound visit,2,0.7830469756757463,0.2337043351045771
GDELT,Vietnam,2009-04-01,Official visit to China and attendance at Boao Forum,Partner inbound visit,3,0.7830469756757463,0.5615391862320436
GDELT,Vietnam,2009-04-01,Official visit to China and attendance at Boao Forum,Partner inbound visit,6,0.7830469756757463,0.6724370123500794
GDELT,Vietnam,2009-04-01,Official visit to China and attendance at Boao Forum,Partner inbound visit,12,0.7830469756757463,0.7487107800466226
GDELT,Vietnam,2010-10-01,Official visit to Vietnam and attendance at ASEAN summit,Chinese outbound visit,0,0.6851999774676104,-0.09713090652301715
GDELT,Vietnam,2010-10-01,Official visit to Vietnam and attendance at ASEAN summit,Chinese outbound visit,1,0.6851999774676104,-0.5200803936417652
GDELT,Vietnam,2010-10-01,Official visit to Vietnam and attendance at ASEAN summit,Chinese outbound visit,2,0.6851999774676104,1.676295019906696
GDELT,Vietnam,2010-10-01,Official visit to Vietnam and attendance at ASEAN summit,Chinese outbound visit,3,0.6851999774676104,-0.1964414488991656
GDELT,Vietnam,2010-10-01,Official visit to Vietnam and attendance at ASEAN summit,Chinese outbound visit,6,0.6851999774676104,-0.5991761716120833
GDELT,Vietnam,2010-10-01,Official visit to Vietnam and attendance at ASEAN summit,Chinese outbound visit,12,0.6851999774676104,-0.2563975309333669
GDELT,Vietnam,2011-10-01,State visit to China,Partner inbound visit,0,-1.4640434307696981,1.8928458773039416
GDELT,Vietnam,2011-10-01,State visit to China,Partner inbound visit,1,-1.4640434307696981,1.2377673686329629
GDELT,Vietnam,2011-10-01,State visit to China,Partner inbound visit,2,-1.4640434307696981,2.120853637953055
GDELT,Vietnam,2011-10-01,State visit to China,Partner inbound visit,3,-1.4640434307696981,2.2269344241704863
GDELT,Vietnam,2011-10-01,State visit to China,Partner inbound visit,6,-1.4640434307696981,-0.2468625540194591
GDELT,Vietnam,2011-10-01,State visit to China,Partner inbound visit,12,-1.4640434307696981,2.017605803613132
GDELT,Vietnam,2012-11-01,Bilateral meeting on sidelines of ASEAN summit,Third-party meeting,0,-0.45758382883503285,-0.5997816277424066
GDELT,Vietnam,2012-11-01,Bilateral meeting on sidelines of ASEAN summit,Third-party meeting,1,-0.45758382883503285,-0.3096260689605768
GDELT,Vietnam,2012-11-01,Bilateral meeting on sidelines of ASEAN summit,Third-party meeting,2,-0.45758382883503285,0.053297866242238257
GDELT,Vietnam,2012-11-01,Bilateral meeting on sidelines of ASEAN summit,Third-party meeting,3,-0.45758382883503285,1.6223723539407657
GDELT,Vietnam,2012-11-01,Bilateral meeting on sidelines of ASEAN summit,Third-party meeting,6,-0.45758382883503285,-0.6819837296968825
GDELT,Vietnam,2012-11-01,Bilateral meeting on sidelines of ASEAN summit,Third-party meeting,12,-0.45758382883503285,0.8713992718326444
GDELT,Vietnam,2013-06-01,State visit to China,Partner inbound visit,0,-1.7509319348574792,2.6744449132562798
GDELT,Vietnam,2013-06-01,State visit to China,Partner inbound visit,1,-1.7509319348574792,0.4267657058780785
GDELT,Vietnam,2013-06-01,State visit to China,Partner inbound visit,2,-1.7509319348574792,2.255058019176638
GDELT,Vietnam,2013-06-01,State visit to China,Partner inbound visit,3,-1.7509319348574792,3.049102672437832
GDELT,Vietnam,2013-06-01,State visit to China,Partner inbound visit,6,-1.7509319348574792,2.3395588849675635
GDELT,Vietnam,2013-06-01,State visit to China,Partner inbound visit,12,-1.7509319348574792,-1.056468200370415
GDELT,Vietnam,2014-11-01,Bilateral meeting on sidelines of APEC summit,Third-party meeting,0,-1.85212793305907,0.577961670883723
GDELT,Vietnam,2014-11-01,Bilateral meeting on sidelines of APEC summit,Third-party meeting,1,-1.85212793305907,0.8168765669745273
GDELT,Vietnam,2014-11-01,Bilateral meeting on sidelines of APEC summit,Third-party meeting,2,-1.85212793305907,0.5363040128896202
GDELT,Vietnam,2014-11-01,Bilateral meeting on sidelines of APEC summit,Third-party meeting,3,-1.85212793305907,0.7112416261171297
GDELT,Vietnam,2014-11-01,Bilateral meeting on sidelines of APEC summit,Third-party meeting,6,-1.85212793305907,0.3777137867609077
GDELT,Vietnam,2014-11-01,Bilateral meeting on sidelines of APEC summit,Third-party meeting,12,-1.85212793305907,2.000449235226225
GDELT,Vietnam,2015-11-01,Xi Visits Vietnam,Chinese outbound visit,0,-0.26076715204095063,0.4090884542081052
GDELT,Vietnam,2015-11-01,Xi Visits Vietnam,Chinese outbound visit,1,-0.26076715204095063,-0.43698037113711347
GDELT,Vietnam,2015-11-01,Xi Visits Vietnam,Chinese outbound visit,2,-0.26076715204095063,-1.5094288372974254
GDELT,Vietnam,2015-11-01,Xi Visits Vietnam,Chinese outbound visit,3,-0.26076715204095063,-1.6712537997416392
GDELT,Vietnam,2015-11-01,Xi Visits Vietnam,Chinese outbound visit,6,-0.26076715204095063,-0.7831105613837395
GDELT,Vietnam,2015-11-01,Xi Visits Vietnam,Chinese outbound visit,12,-0.26076715204095063,0.8540432364601134
GDELT,Vietnam,2016-09-01,Official visit to China,Partner inbound visit,0,-1.2452440652470098,1.7104967849744088
GDELT,Vietnam,2016-09-01,Official visit to China,Partner inbound visit,1,-1.2452440652470098,1.0302196998484898
GDELT,Vietnam,2016-09-01,Official visit to China,Partner inbound visit,2,-1.2452440652470098,1.8385201496661725
GDELT,Vietnam,2016-09-01,Official visit to China,Partner inbound visit,3,-1.2452440652470098,1.2050729722752116
GDELT,Vietnam,2016-09-01,Official visit to China,Partner inbound visit,6,-1.2452440652470098,0.9778713531377956
GDELT,Vietnam,2016-09-01,Official visit to China,Partner inbound visit,12,-1.2452440652470098,1.1491319093198153
GDELT,Vietnam,2017-05-01,State visit to China,Partner inbound visit,0,-0.6647133598994591,1.034820507250933
GDELT,Vietnam,2017-05-01,State visit to China,Partner inbound visit,1,-0.6647133598994591,0.7221256703187257
GDELT,Vietnam,2017-05-01,State visit to China,Partner inbound visit,2,-0.6647133598994591,-0.33176592843415653
GDELT,Vietnam,2017-05-01,State visit to China,Partner inbound visit,3,-0.6647133598994591,-1.0537666774164136
GDELT,Vietnam,2017-05-01,State visit to China,Partner inbound visit,6,-0.6647133598994591,1.9920876743882254
GDELT,Vietnam,2017-05-01,State visit to China,Partner inbound visit,12,-0.6647133598994591,0.4875792372318758
GDELT,Vietnam,2017-05-01,Bilateral meeting on sidelines of Belt and Road Forum,Partner inbound visit,0,-0.6647133598994591,1.034820507250933
GDELT,Vietnam,2017-05-01,Bilateral meeting on sidelines of Belt and Road Forum,Partner inbound visit,1,-0.6647133598994591,0.7221256703187257
GDELT,Vietnam,2017-05-01,Bilateral meeting on sidelines of Belt and Road Forum,Partner inbound visit,2,-0.6647133598994591,-0.33176592843415653
GDELT,Vietnam,2017-05-01,Bilateral meeting on sidelines of Belt and Road Forum,Partner inbound visit,3,-0.6647133598994591,-1.0537666774164136
GDELT,Vietnam,2017-05-01,Bilateral meeting on sidelines of Belt and Road Forum,Partner inbound visit,6,-0.6647133598994591,1.9920876743882254
GDELT,Vietnam,2017-05-01,Bilateral meeting on sidelines of Belt and Road Forum,Partner inbound visit,12,-0.6647133598994591,0.4875792372318758
GDELT,Vietnam,2017-11-01,APEC Vietnam Meeting,Third-party meeting,0,-0.24131370609677325,1.5686880205855396
GDELT,Vietnam,2017-11-01,APEC Vietnam Meeting,Third-party meeting,1,-0.24131370609677325,1.3100121588196416
GDELT,Vietnam,2017-11-01,APEC Vietnam Meeting,Third-party meeting,2,-0.24131370609677325,0.05659167084810454
GDELT,Vietnam,2017-11-01,APEC Vietnam Meeting,Third-party meeting,3,-0.24131370609677325,0.5160723768879135
GDELT,Vietnam,2017-11-01,APEC Vietnam Meeting,Third-party meeting,6,-0.24131370609677325,0.06417958342918992
GDELT,Vietnam,2017-11-01,APEC Vietnam Meeting,Third-party meeting,12,-0.24131370609677325,1.6014775504717627
GDELT,Vietnam,2019-04-01,Bilateral meeting on sidelines of Belt and Road Forum,Third-party meeting,0,0.35108132230536643,-1.0812914759963743
GDELT,Vietnam,2019-04-01,Bilateral meeting on sidelines of Belt and Road Forum,Third-party meeting,1,0.35108132230536643,-0.4324197692385117
GDELT,Vietnam,2019-04-01,Bilateral meeting on sidelines of Belt and Road Forum,Third-party meeting,2,0.35108132230536643,0.5972813909642116
GDELT,Vietnam,2019-04-01,Bilateral meeting on sidelines of Belt and Road Forum,Third-party meeting,3,0.35108132230536643,-0.2439704635453837
GDELT,Vietnam,2019-04-01,Bilateral meeting on sidelines of Belt and Road Forum,Third-party meeting,6,0.35108132230536643,-1.2952300173206848
GDELT,Vietnam,2019-04-01,Bilateral meeting on sidelines of Belt and Road Forum,Third-party meeting,12,0.35108132230536643,-1.3153894344305193
GDELT,Vietnam,2021-05-01,Virtual bilateral meeting (due to COVID-19),Remote talk,0,-1.1185212239414735,1.4453880457656492
GDELT,Vietnam,2021-05-01,Virtual bilateral meeting (due to COVID-19),Remote talk,1,-1.1185212239414735,0.3775712376055622
GDELT,Vietnam,2021-05-01,Virtual bilateral meeting (due to COVID-19),Remote talk,2,-1.1185212239414735,0.2738383277551797
GDELT,Vietnam,2021-05-01,Virtual bilateral meeting (due to COVID-19),Remote talk,3,-1.1185212239414735,1.2423246596272157
GDELT,Vietnam,2021-05-01,Virtual bilateral meeting (due to COVID-19),Remote talk,6,-1.1185212239414735,-0.6301764958410001
GDELT,Vietnam,2021-05-01,Virtual bilateral meeting (due to COVID-19),Remote talk,12,-1.1185212239414735,1.9758850552543403
GDELT,Vietnam,2023-09-01,Bilateral meeting on sidelines of ASEAN summit,Third-party meeting,0,0.6726848176507337,-0.22721184764124358
GDELT,Vietnam,2023-09-01,Bilateral meeting on sidelines of ASEAN summit,Third-party meeting,1,0.6726848176507337,0.39452370461078823
GDELT,Vietnam,2023-09-01,Bilateral meeting on sidelines of ASEAN summit,Third-party meeting,2,0.6726848176507337,0.6088229455147273
GDELT,Vietnam,2023-09-01,Bilateral meeting on sidelines of ASEAN summit,Third-party meeting,3,0.6726848176507337,1.0957499440502825
GDELT,Vietnam,2023-09-01,Bilateral meeting on sidelines of ASEAN summit,Third-party meeting,6,0.6726848176507337,0.7838546334659403
GDELT,Vietnam,2023-09-01,Bilateral meeting on sidelines of ASEAN summit,Third-party meeting,12,0.6726848176507337,0.790025480129651
GDELT,Vietnam,2023-12-01,Xi Post-COVID Visit,Chinese outbound visit,0,0.9313964184788244,0.8370383432221917
GDELT,Vietnam,2023-12-01,Xi Post-COVID Visit,Chinese outbound visit,1,0.9313964184788244,0.8725040672445203
GDELT,Vietnam,2023-12-01,Xi Post-COVID Visit,Chinese outbound visit,2,0.9313964184788244,1.0451069576019185
GDELT,Vietnam,2023-12-01,Xi Post-COVID Visit,Chinese outbound visit,3,0.9313964184788244,0.5251430326378497
GDELT,Vietnam,2023-12-01,Xi Post-COVID Visit,Chinese outbound visit,6,0.9313964184788244,-0.6812026102568804
GDELT,Vietnam,2023-12-01,Xi Post-COVID Visit,Chinese outbound visit,12,0.9313964184788244,0.003669725696445636
GDELT,Vietnam,2023-12-01,State visit to Vietnam,Chinese outbound visit,0,0.9313964184788244,0.8370383432221917
GDELT,Vietnam,2023-12-01,State visit to Vietnam,Chinese outbound visit,1,0.9313964184788244,0.8725040672445203
GDELT,Vietnam,2023-12-01,State visit to Vietnam,Chinese outbound visit,2,0.9313964184788244,1.0451069576019185
GDELT,Vietnam,2023-12-01,State visit to Vietnam,Chinese outbound visit,3,0.9313964184788244,0.5251430326378497
GDELT,Vietnam,2023-12-01,State visit to Vietnam,Chinese outbound visit,6,0.9313964184788244,-0.6812026102568804
GDELT,Vietnam,2023-12-01,State visit to Vietnam,Chinese outbound visit,12,0.9313964184788244,0.003669725696445636
GDELT,Vietnam,2024-06-01,Official visit to China,Partner inbound visit,0,1.6482291612124211,-1.3980353529904772
GDELT,Vietnam,2024-06-01,Official visit to China,Partner inbound visit,1,1.6482291612124211,-1.2053945775926593
GDELT,Vietnam,2024-06-01,Official visit to China,Partner inbound visit,2,1.6482291612124211,-0.15852878499404643
GDELT,Vietnam,2024-06-01,Official visit to China,Partner inbound visit,3,1.6482291612124211,-0.18551886343203638
GDELT,Vietnam,2024-06-01,Official visit to China,Partner inbound visit,6,1.6482291612124211,-0.7131630170371511
GDELT,Vietnam,2024-06-01,Official visit to China,Partner inbound visit,12,1.6482291612124211,0.35887387247175684
GDELT,Vietnam,2024-08-01,General Secretary and President To Lam state visit to China,Partner inbound visit,0,0.7079600467108804,0.7817403295074943
GDELT,Vietnam,2024-08-01,General Secretary and President To Lam state visit to China,Partner inbound visit,1,0.7079600467108804,0.7547502510695043
GDELT,Vietnam,2024-08-01,General Secretary and President To Lam state visit to China,Partner inbound visit,2,0.7079600467108804,-0.9410570749907574
GDELT,Vietnam,2024-08-01,General Secretary and President To Lam state visit to China,Partner inbound visit,3,0.7079600467108804,0.5946639787547934
GDELT,Vietnam,2024-08-01,General Secretary and President To Lam state visit to China,Partner inbound visit,6,0.7079600467108804,0.6423156710715574
GDELT,Vietnam,2024-08-01,General Secretary and President To Lam state visit to China,Partner inbound visit,12,0.7079600467108804,0.4609412255947376
GDELT,Vietnam,2024-10-01,Li Qiang official visit to Vietnam,Chinese outbound visit,0,1.1317484192061738,-1.3648454474860507
GDELT,Vietnam,2024-10-01,Li Qiang official visit to Vietnam,Chinese outbound visit,1,1.1317484192061738,0.17087560625950005
GDELT,Vietnam,2024-10-01,Li Qiang official visit to Vietnam,Chinese outbound visit,2,1.1317484192061738,-0.19668227503090374
GDELT,Vietnam,2024-10-01,Li Qiang official visit to Vietnam,Chinese outbound visit,3,1.1317484192061738,-0.2748197770355407
GDELT,Vietnam,2024-10-01,Li Qiang official visit to Vietnam,Chinese outbound visit,6,1.1317484192061738,0.5213373548185221
GDELT,Vietnam,2024-10-01,Li Qiang official visit to Vietnam,Chinese outbound visit,12,1.1317484192061738,0.6451663244555164
GDELT,Vietnam,2025-01-01,Xi-To Lam phone call,Remote talk,0,0.6681977137870223,0.18873092838361072
GDELT,Vietnam,2025-01-01,Xi-To Lam phone call,Remote talk,1,0.6681977137870223,0.6820780039954155
GDELT,Vietnam,2025-01-01,Xi-To Lam phone call,Remote talk,2,0.6681977137870223,0.22766030861136533
GDELT,Vietnam,2025-01-01,Xi-To Lam phone call,Remote talk,3,0.6681977137870223,0.9848880602376735
GDELT,Vietnam,2025-01-01,Xi-To Lam phone call,Remote talk,6,0.6681977137870223,1.0416485582360138
GDELT,Vietnam,2025-04-01,Xi state visit to Vietnam,Chinese outbound visit,0,1.0343541274504862,0.6187316465742096
GDELT,Vietnam,2025-04-01,Xi state visit to Vietnam,Chinese outbound visit,1,1.0343541274504862,0.03905782404078173
GDELT,Vietnam,2025-04-01,Xi state visit to Vietnam,Chinese outbound visit,2,1.0343541274504862,0.9727489062336918
GDELT,Vietnam,2025-04-01,Xi state visit to Vietnam,Chinese outbound visit,3,1.0343541274504862,0.6754921445725499
GDELT,Vietnam,2025-04-01,Xi state visit to Vietnam,Chinese outbound visit,6,1.0343541274504862,0.742560616211204
GDELT,Vietnam,2025-05-01,Li Qiang meets PM Pham Minh Chinh on sidelines of ASEAN-China-GCC summit,Third-party meeting,0,1.299739838068507,-0.22632788657723912
GDELT,Vietnam,2025-05-01,Li Qiang meets PM Pham Minh Chinh on sidelines of ASEAN-China-GCC summit,Third-party meeting,1,1.299739838068507,0.707363195615671
GDELT,Vietnam,2025-05-01,Li Qiang meets PM Pham Minh Chinh on sidelines of ASEAN-China-GCC summit,Third-party meeting,2,1.299739838068507,0.41010643395452906
GDELT,Vietnam,2025-05-01,Li Qiang meets PM Pham Minh Chinh on sidelines of ASEAN-China-GCC summit,Third-party meeting,3,1.299739838068507,-0.130838565762889
GDELT,Vietnam,2025-05-01,Li Qiang meets PM Pham Minh Chinh on sidelines of ASEAN-China-GCC summit,Third-party meeting,6,1.299739838068507,0.6505501975864589
GDELT,Vietnam,2025-06-01,PM Pham Minh Chinh visits China for WEF Annual Meeting of New Champions,Partner inbound visit,0,1.2074519159714505,0.7996511177127275
GDELT,Vietnam,2025-06-01,PM Pham Minh Chinh visits China for WEF Annual Meeting of New Champions,Partner inbound visit,1,1.2074519159714505,0.5023943560515856
GDELT,Vietnam,2025-06-01,PM Pham Minh Chinh visits China for WEF Annual Meeting of New Champions,Partner inbound visit,2,1.2074519159714505,-0.038550643665832496
GDELT,Vietnam,2025-06-01,PM Pham Minh Chinh visits China for WEF Annual Meeting of New Champions,Partner inbound visit,3,1.2074519159714505,-0.2059007932689314
GDELT,Vietnam,2025-06-01,PM Pham Minh Chinh visits China for WEF Annual Meeting of New Champions,Partner inbound visit,6,1.2074519159714505,-0.38865222434913704
GDELT,Vietnam,2025-08-01,Zhao Leji leads delegation to Vietnam for 80th National Day celebrations,Chinese outbound visit,0,1.5967870857328272,-0.4278858134272092
GDELT,Vietnam,2025-08-01,Zhao Leji leads delegation to Vietnam for 80th National Day celebrations,Chinese outbound visit,1,1.5967870857328272,-0.5952359630303081
GDELT,Vietnam,2025-08-01,Zhao Leji leads delegation to Vietnam for 80th National Day celebrations,Chinese outbound visit,2,1.5967870857328272,0.18012765792886287
GDELT,Vietnam,2025-08-01,Zhao Leji leads delegation to Vietnam for 80th National Day celebrations,Chinese outbound visit,3,1.5967870857328272,0.3535029499221387
GDELT,Vietnam,2025-08-01,PM Pham Minh Chinh visits China for SCO summit,Partner inbound visit,0,1.5967870857328272,-0.4278858134272092
GDELT,Vietnam,2025-08-01,PM Pham Minh Chinh visits China for SCO summit,Partner inbound visit,1,1.5967870857328272,-0.5952359630303081
GDELT,Vietnam,2025-08-01,PM Pham Minh Chinh visits China for SCO summit,Partner inbound visit,2,1.5967870857328272,0.18012765792886287
GDELT,Vietnam,2025-08-01,PM Pham Minh Chinh visits China for SCO summit,Partner inbound visit,3,1.5967870857328272,0.3535029499221387
GDELT,Vietnam,2025-09-01,President Luong Cuong visits China for WWII 80th anniversary,Partner inbound visit,0,1.6286168593376107,-0.6270657366350916
GDELT,Vietnam,2025-09-01,President Luong Cuong visits China for WWII 80th anniversary,Partner inbound visit,1,1.6286168593376107,0.14829788432407942
GDELT,Vietnam,2025-09-01,President Luong Cuong visits China for WWII 80th anniversary,Partner inbound visit,2,1.6286168593376107,0.32167317631735526
GDELT,Vietnam,2025-09-01,President Luong Cuong visits China for WWII 80th anniversary,Partner inbound visit,3,1.6286168593376107,-0.8098171677152972
ICEWS,Australia,2003-10-01,State visit to Australia,Chinese outbound visit,0,1.660167479650752,0.9541478228314006
ICEWS,Australia,2003-10-01,State visit to Australia,Chinese outbound visit,1,1.660167479650752,0.42046678196322507
ICEWS,Australia,2003-10-01,State visit to Australia,Chinese outbound visit,2,1.660167479650752,1.011039307730368
ICEWS,Australia,2003-10-01,State visit to Australia,Chinese outbound visit,3,1.660167479650752,1.183587562622391
ICEWS,Australia,2003-10-01,State visit to Australia,Chinese outbound visit,6,1.660167479650752,0.3475597283377181
ICEWS,Australia,2003-10-01,State visit to Australia,Chinese outbound visit,12,1.660167479650752,0.6995795291036857
ICEWS,Australia,2005-04-01,Official visit to China,Partner inbound visit,0,1.8470398742959535,0.5411482936308123
ICEWS,Australia,2005-04-01,Official visit to China,Partner inbound visit,1,1.8470398742959535,0.689407114822048
ICEWS,Australia,2005-04-01,Official visit to China,Partner inbound visit,2,1.8470398742959535,-1.8748213868864951
ICEWS,Australia,2005-04-01,Official visit to China,Partner inbound visit,3,1.8470398742959535,-1.5975099280626637
ICEWS,Australia,2005-04-01,Official visit to China,Partner inbound visit,6,1.8470398742959535,-0.27945146161413703
ICEWS,Australia,2005-04-01,Official visit to China,Partner inbound visit,12,1.8470398742959535,1.1096058827959485
ICEWS,Australia,2006-04-01,Official visit to Australia,Chinese outbound visit,0,2.079297385772936,0.8773483713189658
ICEWS,Australia,2006-04-01,Official visit to Australia,Chinese outbound visit,1,2.079297385772936,-0.6380622582666668
ICEWS,Australia,2006-04-01,Official visit to Australia,Chinese outbound visit,2,2.079297385772936,-0.03701296737145521
ICEWS,Australia,2006-04-01,Official visit to Australia,Chinese outbound visit,3,2.079297385772936,-0.1573395625977434
ICEWS,Australia,2006-04-01,Official visit to Australia,Chinese outbound visit,6,2.079297385772936,0.5148766412927954
ICEWS,Australia,2006-04-01,Official visit to Australia,Chinese outbound visit,12,2.079297385772936,-0.32594589896523773
ICEWS,Australia,2007-09-01,Bilateral meeting on sidelines of APEC summit,Third-party meeting,0,1.9215847943640796,0.5218971386018687
ICEWS,Australia,2007-09-01,Bilateral meeting on sidelines of APEC summit,Third-party meeting,1,1.9215847943640796,-0.24533699210162396
ICEWS,Australia,2007-09-01,Bilateral meeting on sidelines of APEC summit,Third-party meeting,2,1.9215847943640796,0.15736462294427334
ICEWS,Australia,2007-09-01,Bilateral meeting on sidelines of APEC summit,Third-party meeting,3,1.9215847943640796,-0.6856768998874188
ICEWS,Australia,2007-09-01,Bilateral meeting on sidelines of APEC summit,Third-party meeting,6,1.9215847943640796,-2.247640236280702
ICEWS,Australia,2007-09-01,Bilateral meeting on sidelines of APEC summit,Third-party meeting,12,1.9215847943640796,-0.06776886307181762
ICEWS,Australia,2008-04-01,Rudd at PKU,Third-party meeting,0,1.301386009527743,0.4695867543854124
ICEWS,Australia,2008-04-01,Rudd at PKU,Third-party meeting,1,1.301386009527743,-0.28905328039317446
ICEWS,Australia,2008-04-01,Rudd at PKU,Third-party meeting,2,1.301386009527743,-0.6025095654247217
ICEWS,Australia,2008-04-01,Rudd at PKU,Third-party meeting,3,1.301386009527743,-1.0702944052739856
ICEWS,Australia,2008-04-01,Rudd at PKU,Third-party meeting,6,1.301386009527743,0.008920506263576655
ICEWS,Australia,2008-04-01,Rudd at PKU,Third-party meeting,12,1.301386009527743,-0.47499069501364133
ICEWS,Australia,2009-11-01,Bilateral meeting on sidelines of APEC summit,Third-party meeting,0,1.2998358702007422,-0.087026429909838
ICEWS,Australia,2009-11-01,Bilateral meeting on sidelines of APEC summit,Third-party meeting,1,1.2998358702007422,-1.1029037352478184
ICEWS,Australia,2009-11-01,Bilateral meeting on sidelines of APEC summit,Third-party meeting,2,1.2998358702007422,1.3826768602587365
ICEWS,Australia,2009-11-01,Bilateral meeting on sidelines of APEC summit,Third-party meeting,3,1.2998358702007422,0.8135429473219944
ICEWS,Australia,2009-11-01,Bilateral meeting on sidelines of APEC summit,Third-party meeting,6,1.2998358702007422,0.6086369104102627
ICEWS,Australia,2009-11-01,Bilateral meeting on sidelines of APEC summit,Third-party meeting,12,1.2998358702007422,-0.4548495476899148
ICEWS,Australia,2011-04-01,Official visit to China,Partner inbound visit,0,0.8204268032221993,1.6653210853135523
ICEWS,Australia,2011-04-01,Official visit to China,Partner inbound visit,1,0.8204268032221993,0.7842669996192344
ICEWS,Australia,2011-04-01,Official visit to China,Partner inbound visit,2,0.8204268032221993,1.1701431256798802
ICEWS,Australia,2011-04-01,Official visit to China,Partner inbound visit,3,0.8204268032221993,0.5997504901607036
ICEWS,Australia,2011-04-01,Official visit to China,Partner inbound visit,6,0.8204268032221993,2.179573196777797
ICEWS,Australia,2011-04-01,Official visit to China,Partner inbound visit,12,0.8204268032221993,0.0064604546910533855
ICEWS,Australia,2012-09-01,Bilateral meeting on sidelines of APEC summit,Third-party meeting,0,2.1495406087756455,-0.7651823080199776
ICEWS,Australia,2012-09-01,Bilateral meeting on sidelines of APEC summit,Third-party meeting,1,2.1495406087756455,-1.700039000040889
ICEWS,Australia,2012-09-01,Bilateral meeting on sidelines of APEC summit,Third-party meeting,2,2.1495406087756455,-0.44505558451888194
ICEWS,Australia,2012-09-01,Bilateral meeting on sidelines of APEC summit,Third-party meeting,3,2.1495406087756455,-0.9600303950379012
ICEWS,Australia,2012-09-01,Bilateral meeting on sidelines of APEC summit,Third-party meeting,6,2.1495406087756455,-1.1188116647367434
ICEWS,Australia,2012-09-01,Bilateral meeting on sidelines of APEC summit,Third-party meeting,12,2.1495406087756455,0.16766292533459426
ICEWS,Australia,2013-04-01,Official visit to China,Partner inbound visit,0,0.9533730033037612,1.382787766179002
ICEWS,Australia,2013-04-01,Official visit to China,Partner inbound visit,1,0.9533730033037612,-2.1479238929537963
ICEWS,Australia,2013-04-01,Official visit to China,Partner inbound visit,2,0.9533730033037612,-0.4826730248595398
ICEWS,Australia,2013-04-01,Official visit to China,Partner inbound visit,3,0.9533730033037612,0.2505842621744677
ICEWS,Australia,2013-04-01,Official visit to China,Partner inbound visit,6,0.9533730033037612,1.6986075365345603
ICEWS,Australia,2013-04-01,Official visit to China,Partner inbound visit,12,0.9533730033037612,1.0767160102046778
ICEWS,Australia,2013-10-01,Bilateral meeting on sidelines of APEC summit,Third-party meeting,0,2.009323660220052,0.6426568796182694
ICEWS,Australia,2013-10-01,Bilateral meeting on sidelines of APEC summit,Third-party meeting,1,2.009323660220052,-2.818863161576428
ICEWS,Australia,2013-10-01,Bilateral meeting on sidelines of APEC summit,Third-party meeting,2,2.009323660220052,-1.7242404507766986
ICEWS,Australia,2013-10-01,Bilateral meeting on sidelines of APEC summit,Third-party meeting,3,2.009323660220052,2.490676339779946
ICEWS,Australia,2013-10-01,Bilateral meeting on sidelines of APEC summit,Third-party meeting,6,2.009323660220052,0.020765353288386912
ICEWS,Australia,2013-10-01,Bilateral meeting on sidelines of APEC summit,Third-party meeting,12,2.009323660220052,0.7932676383296497
ICEWS,Australia,2014-11-01,State visit to Australia,Chinese outbound visit,0,1.3234942875771736,1.2052736761148612
ICEWS,Australia,2014-11-01,State visit to Australia,Chinese outbound visit,1,1.3234942875771736,1.0482730238394915
ICEWS,Australia,2014-11-01,State visit to Australia,Chinese outbound visit,2,1.3234942875771736,2.965198440504733
ICEWS,Australia,2014-11-01,State visit to Australia,Chinese outbound visit,3,1.3234942875771736,-1.5134816409887122
ICEWS,Australia,2014-11-01,State visit to Australia,Chinese outbound visit,6,1.3234942875771736,-0.04838170917167228
ICEWS,Australia,2014-11-01,State visit to Australia,Chinese outbound visit,12,1.3234942875771736,0.22181564526310193
ICEWS,Australia,2016-04-01,Official visit to China,Partner inbound visit,0,-1.0727201996937783,3.8675917082197557
ICEWS,Australia,2016-04-01,Official visit to China,Partner inbound visit,1,-1.0727201996937783,1.7495168701078008
ICEWS,Australia,2016-04-01,Official visit to China,Partner inbound visit,2,-1.0727201996937783,0.33134333759472767
ICEWS,Australia,2016-04-01,Official visit to China,Partner inbound visit,3,-1.0727201996937783,3.8279099800044634
ICEWS,Australia,2016-04-01,Official visit to China,Partner inbound visit,6,-1.0727201996937783,1.835389097343338
ICEWS,Australia,2016-04-01,Official visit to China,Partner inbound visit,12,-1.0727201996937783,2.7789754339431614
ICEWS,Australia,2017-03-01,Official visit to Australia,Chinese outbound visit,0,3.0847725931947996,-1.5383371013282745
ICEWS,Australia,2017-03-01,Official visit to Australia,Chinese outbound visit,1,3.0847725931947996,-1.3785173589454165
ICEWS,Australia,2017-03-01,Official visit to Australia,Chinese outbound visit,2,3.0847725931947996,-1.0443431340474008
ICEWS,Australia,2017-03-01,Official visit to Australia,Chinese outbound visit,3,3.0847725931947996,-2.7744838786598867
ICEWS,Australia,2017-03-01,Official visit to Australia,Chinese outbound visit,6,3.0847725931947996,-1.1070920368858563
ICEWS,Australia,2017-03-01,Official visit to Australia,Chinese outbound visit,12,3.0847725931947996,-4.026573870203033
ICEWS,Australia,2018-11-01,Bilateral meeting on sidelines of APEC summit,Third-party meeting,0,0.814002513616464,0.2655056815564828
ICEWS,Australia,2018-11-01,Bilateral meeting on sidelines of APEC summit,Third-party meeting,1,0.814002513616464,-0.18860852741357503
ICEWS,Australia,2018-11-01,Bilateral meeting on sidelines of APEC summit,Third-party meeting,2,0.814002513616464,-2.563116211163495
ICEWS,Australia,2018-11-01,Bilateral meeting on sidelines of APEC summit,Third-party meeting,3,0.814002513616464,-1.621854528853906
ICEWS,Australia,2018-11-01,Bilateral meeting on sidelines of APEC summit,Third-party meeting,6,0.814002513616464,-0.6111009598414375
ICEWS,Australia,2018-11-01,Bilateral meeting on sidelines of APEC summit,Third-party meeting,12,0.814002513616464,-1.0573970711037242
ICEWS,Australia,2022-11-01,Bilateral meeting on sidelines of G20 summit,Third-party meeting,0,0.21783582221341172,0.1529638176321034
ICEWS,Australia,2022-11-01,Bilateral meeting on sidelines of G20 summit,Third-party meeting,1,0.21783582221341172,2.899075516403538
ICEWS,Australia,2022-11-01,Bilateral meeting on sidelines of G20 summit,Third-party meeting,2,0.21783582221341172,1.3640272068389665
ICEWS,Australia,2022-11-01,Bilateral meeting on sidelines of G20 summit,Third-party meeting,3,0.21783582221341172,1.9055617871238877
ICEWS,Belgium,2004-11-01,Crown Prince Philippe visits China,Partner inbound visit,0,-0.07245664073416809,3.9364231326523433
ICEWS,Belgium,2004-11-01,Crown Prince Philippe visits China,Partner inbound visit,1,-0.07245664073416809,2.3731312220243654
ICEWS,Belgium,2004-11-01,Crown Prince Philippe visits China,Partner inbound visit,2,-0.07245664073416809,0.9742558282906936
ICEWS,Belgium,2004-11-01,Crown Prince Philippe visits China,Partner inbound visit,3,-0.07245664073416809,-0.2774952707138804
ICEWS,Belgium,2004-11-01,Crown Prince Philippe visits China,Partner inbound visit,6,-0.07245664073416809,0.7831510648060943
ICEWS,Belgium,2004-11-01,Crown Prince Philippe visits China,Partner inbound visit,12,-0.07245664073416809,1.072456640734168
ICEWS,Belgium,2007-06-01,Crown Prince Philippe visits China,Partner inbound visit,0,-0.5707754265983862,4.345243918503661
ICEWS,Belgium,2007-06-01,Crown Prince Philippe visits China,Partner inbound visit,1,-0.5707754265983862,2.913189001360637
ICEWS,Belgium,2007-06-01,Crown Prince Philippe visits China,Partner inbound visit,2,-0.5707754265983862,0.528956031646846
ICEWS,Belgium,2007-06-01,Crown Prince Philippe visits China,Partner inbound visit,3,-0.5707754265983862,-1.4292245734016122
ICEWS,Belgium,2007-06-01,Crown Prince Philippe visits China,Partner inbound visit,6,-0.5707754265983862,4.570775426598386
ICEWS,Belgium,2007-06-01,Crown Prince Philippe visits China,Partner inbound visit,12,-0.5707754265983862,4.032685956775724
ICEWS,Belgium,2008-08-01,PM Leterme attends Beijing Olympics closing ceremony,Third-party meeting,0,3.4639898228056816,-0.5904691624104754
ICEWS,Belgium,2008-08-01,PM Leterme attends Beijing Olympics closing ceremony,Third-party meeting,1,3.4639898228056816,-0.329680589253059
ICEWS,Belgium,2008-08-01,PM Leterme attends Beijing Olympics closing ceremony,Third-party meeting,2,3.4639898228056816,-0.063989822805683
ICEWS,Belgium,2008-08-01,PM Leterme attends Beijing Olympics closing ceremony,Third-party meeting,3,3.4639898228056816,-4.495507107853232
ICEWS,Belgium,2008-08-01,PM Leterme attends Beijing Olympics closing ceremony,Third-party meeting,6,3.4639898228056816,0.764285893702485
ICEWS,Belgium,2008-08-01,PM Leterme attends Beijing Olympics closing ceremony,Third-party meeting,12,3.4639898228056816,0.025302447441565956
ICEWS,Belgium,2008-10-01,PM Leterme attends 7th ASEM Summit,Third-party meeting,0,3.057496885629634,0.3425031143703645
ICEWS,Belgium,2008-10-01,PM Leterme attends 7th ASEM Summit,Third-party meeting,1,3.057496885629634,-4.089014170677185
ICEWS,Belgium,2008-10-01,PM Leterme attends 7th ASEM Summit,Third-party meeting,2,3.057496885629634,-1.568109370053131
ICEWS,Belgium,2008-10-01,PM Leterme attends 7th ASEM Summit,Third-party meeting,3,3.057496885629634,0.5236931458253569
ICEWS,Belgium,2008-10-01,PM Leterme attends 7th ASEM Summit,Third-party meeting,6,3.057496885629634,0.11370990175149309
ICEWS,Belgium,2008-10-01,PM Leterme attends 7th ASEM Summit,Third-party meeting,12,3.057496885629634,-0.5380476156563958
ICEWS,Belgium,2010-05-01,PM Leterme visits Shanghai World Expo,Partner inbound visit,0,3.3014880601864327,-3.301488060186431
ICEWS,Belgium,2010-05-01,PM Leterme visits Shanghai World Expo,Partner inbound visit,1,3.3014880601864327,-0.9590744854241819
ICEWS,Belgium,2010-05-01,PM Leterme visits Shanghai World Expo,Partner inbound visit,2,3.3014880601864327,-2.384806115110063
ICEWS,Belgium,2010-05-01,PM Leterme visits Shanghai World Expo,Partner inbound visit,3,3.3014880601864327,-0.9958690595254822
ICEWS,Belgium,2010-05-01,PM Leterme visits Shanghai World Expo,Partner inbound visit,6,3.3014880601864327,-0.30148806018643626
ICEWS,Belgium,2010-05-01,PM Leterme visits Shanghai World Expo,Partner inbound visit,12,3.3014880601864327,-1.0399374575157267
ICEWS,Belgium,2010-06-01,Crown Prince Philippe visits China,Partner inbound visit,0,2.0348213935197674,0.30759218124248333
ICEWS,Belgium,2010-06-01,Crown Prince Philippe visits China,Partner inbound visit,1,2.0348213935197674,-1.1181394484433977
ICEWS,Belgium,2010-06-01,Crown Prince Philippe visits China,Partner inbound visit,2,2.0348213935197674,0.27079760714118306
ICEWS,Belgium,2010-06-01,Crown Prince Philippe visits China,Partner inbound visit,3,2.0348213935197674,1.8216208449086415
ICEWS,Belgium,2010-06-01,Crown Prince Philippe visits China,Partner inbound visit,6,2.0348213935197674,0.965178606480229
ICEWS,Belgium,2010-06-01,Crown Prince Philippe visits China,Partner inbound visit,12,2.0348213935197674,-0.359647557176626
ICEWS,Belgium,2011-10-01,Crown Prince Philippe visits China,Partner inbound visit,0,1.819865385394974,0.735421077889135
ICEWS,Belgium,2011-10-01,Crown Prince Philippe visits China,Partner inbound visit,1,1.819865385394974,-0.819865385394974
ICEWS,Belgium,2011-10-01,Crown Prince Philippe visits China,Partner inbound visit,2,1.819865385394974,-1.7086405322466327
ICEWS,Belgium,2011-10-01,Crown Prince Philippe visits China,Partner inbound visit,3,1.819865385394974,-2.5315889072931936
ICEWS,Belgium,2011-10-01,Crown Prince Philippe visits China,Partner inbound visit,6,1.819865385394974,2.0552428328820005
ICEWS,Belgium,2011-10-01,Crown Prince Philippe visits China,Partner inbound visit,12,1.819865385394974,0.8574006951969799
ICEWS,Belgium,2013-09-01,PM Di Rupo attends Summer Davos in Dalian,Partner inbound visit,0,1.6887760564041827,-1.7194017739177234
ICEWS,Belgium,2013-09-01,PM Di Rupo attends Summer Davos in Dalian,Partner inbound visit,1,1.6887760564041827,-0.6031726627136209
ICEWS,Belgium,2013-09-01,PM Di Rupo attends Summer Davos in Dalian,Partner inbound visit,2,1.6887760564041827,1.3230884411118662
ICEWS,Belgium,2013-09-01,PM Di Rupo attends Summer Davos in Dalian,Partner inbound visit,3,1.6887760564041827,6.311223943595814
ICEWS,Belgium,2013-09-01,PM Di Rupo attends Summer Davos in Dalian,Partner inbound visit,6,1.6887760564041827,1.5754359412818892
ICEWS,Belgium,2013-09-01,PM Di Rupo attends Summer Davos in Dalian,Partner inbound visit,12,1.6887760564041827,4.8215057894679
ICEWS,Belgium,2014-03-01,President Xi Jinping pays state visit to Belgium,Chinese outbound visit,0,5.708902840717752,-2.4446908430316796
ICEWS,Belgium,2014-03-01,President Xi Jinping pays state visit to Belgium,Chinese outbound visit,1,5.708902840717752,-3.4074163623786475
ICEWS,Belgium,2014-03-01,President Xi Jinping pays state visit to Belgium,Chinese outbound visit,2,5.708902840717752,-2.655588221611019
ICEWS,Belgium,2014-03-01,President Xi Jinping pays state visit to Belgium,Chinese outbound visit,3,5.708902840717752,-1.8612651646420701
ICEWS,Belgium,2014-03-01,President Xi Jinping pays state visit to Belgium,Chinese outbound visit,6,5.708902840717752,0.801379005154331
ICEWS,Belgium,2014-03-01,President Xi Jinping pays state visit to Belgium,Chinese outbound visit,12,5.708902840717752,-3.772568401342925
ICEWS,Belgium,2015-06-01,King Philippe pays state visit to China,Partner inbound visit,0,4.644884745315442,-1.4256493945725746
ICEWS,Belgium,2015-06-01,King Philippe pays state visit to China,Partner inbound visit,1,4.644884745315442,-3.2457186215016884
ICEWS,Belgium,2015-06-01,King Philippe pays state visit to China,Partner inbound visit,2,4.644884745315442,-2.260692749774365
ICEWS,Belgium,2015-06-01,King Philippe pays state visit to China,Partner inbound visit,3,4.644884745315442,-1.1974135537280235
ICEWS,Belgium,2015-06-01,King Philippe pays state visit to China,Partner inbound visit,6,4.644884745315442,-4.64488474531544
ICEWS,Belgium,2015-06-01,King Philippe pays state visit to China,Partner inbound visit,12,4.644884745315442,-1.5865177967661355
ICEWS,Belgium,2016-10-01,PM Michel visits China,Partner inbound visit,0,5.64538380605188,-1.751692216077565
ICEWS,Belgium,2016-10-01,PM Michel visits China,Partner inbound visit,1,5.64538380605188,-2.41771583205448
ICEWS,Belgium,2016-10-01,PM Michel visits China,Partner inbound visit,2,5.64538380605188,-3.05395586789216
ICEWS,Belgium,2016-10-01,PM Michel visits China,Partner inbound visit,3,5.64538380605188,-3.661744200756278
ICEWS,Belgium,2016-10-01,PM Michel visits China,Partner inbound visit,6,5.64538380605188,-2.6453838060518837
ICEWS,Belgium,2016-10-01,PM Michel visits China,Partner inbound visit,12,5.64538380605188,-3.9919667617453527
ICEWS,Belgium,2017-06-01,Premier Li Keqiang visits Belgium,Chinese outbound visit,0,2.17016406375919,0.748203328522679
ICEWS,Belgium,2017-06-01,Premier Li Keqiang visits Belgium,Chinese outbound visit,1,2.17016406375919,0.06466374449874968
ICEWS,Belgium,2017-06-01,Premier Li Keqiang visits Belgium,Chinese outbound visit,2,2.17016406375919,0.17224951100306063
ICEWS,Belgium,2017-06-01,Premier Li Keqiang visits Belgium,Chinese outbound visit,3,2.17016406375919,-0.17681486737862295
ICEWS,Belgium,2017-06-01,Premier Li Keqiang visits Belgium,Chinese outbound visit,6,2.17016406375919,-1.2695140738371706
ICEWS,Belgium,2017-06-01,Premier Li Keqiang visits Belgium,Chinese outbound visit,12,2.17016406375919,-4.9201640637591915
ICEWS,Belgium,2018-10-01,Premier Li Keqiang pays working visit to Belgium,Chinese outbound visit,0,2.9171943660945026,0.22898342838769103
ICEWS,Belgium,2018-10-01,Premier Li Keqiang pays working visit to Belgium,Chinese outbound visit,1,2.9171943660945026,-4.917194366094501
ICEWS,Belgium,2018-10-01,Premier Li Keqiang pays working visit to Belgium,Chinese outbound visit,2,2.9171943660945026,-2.517194366094502
ICEWS,Belgium,2018-10-01,Premier Li Keqiang pays working visit to Belgium,Chinese outbound visit,3,2.9171943660945026,-1.5412589509408914
ICEWS,Belgium,2018-10-01,Premier Li Keqiang pays working visit to Belgium,Chinese outbound visit,6,2.9171943660945026,-0.9721456140166538
ICEWS,Belgium,2018-10-01,Premier Li Keqiang pays working visit to Belgium,Chinese outbound visit,12,2.9171943660945026,-2.2921943660945026
ICEWS,Belgium,2019-11-01,Princess Astrid leads economic mission to China,Partner inbound visit,0,1.1269622309761431,-1.1162788221148354
ICEWS,Belgium,2019-11-01,Princess Astrid leads economic mission to China,Partner inbound visit,1,1.1269622309761431,0.40009496933139
ICEWS,Belgium,2019-11-01,Princess Astrid leads economic mission to China,Partner inbound visit,2,1.1269622309761431,0.4768922668131086
ICEWS,Belgium,2019-11-01,Princess Astrid leads economic mission to China,Partner inbound visit,3,1.1269622309761431,2.373037769023857
ICEWS,Belgium,2019-11-01,Princess Astrid leads economic mission to China,Partner inbound visit,6,1.1269622309761431,0.18184234615627193
ICEWS,Belgium,2019-11-01,Princess Astrid leads economic mission to China,Partner inbound visit,12,1.1269622309761431,-3.1269622309761416
ICEWS,Belgium,2021-12-01,Li Keqiang holds video meeting with PM De Croo,Remote talk,0,0.505879653380623,3.994120346619375
ICEWS,Belgium,2021-12-01,Li Keqiang holds video meeting with PM De Croo,Remote talk,1,0.505879653380623,-2.5058796533806214
ICEWS,Belgium,2021-12-01,Li Keqiang holds video meeting with PM De Croo,Remote talk,2,0.505879653380623,-0.5058796533806212
ICEWS,Belgium,2021-12-01,Li Keqiang holds video meeting with PM De Croo,Remote talk,3,0.505879653380623,3.494120346619377
ICEWS,Belgium,2021-12-01,Li Keqiang holds video meeting with PM De Croo,Remote talk,6,0.505879653380623,2.4941203466193733
ICEWS,Belgium,2021-12-01,Li Keqiang holds video meeting with PM De Croo,Remote talk,12,0.505879653380623,1.7565201089711766
ICEWS,Belgium,2023-02-01,PM De Croo meets Wang Yi at Munich Security Conference,Third-party meeting,0,2.0874665874506007,-0.4882546652263797
ICEWS,Belgium,2023-02-01,PM De Croo meets Wang Yi at Munich Security Conference,Third-party meeting,1,2.0874665874506007,-2.192524204275768
ICEWS,Belgium,2023-02-01,PM De Croo meets Wang Yi at Munich Security Conference,Third-party meeting,2,2.0874665874506007,-0.3874665874505996
ICEWS,Brazil,2004-05-01,State visit to China,Partner inbound visit,0,3.673962184313052,-0.8689676196087057
ICEWS,Brazil,2004-05-01,State visit to China,Partner inbound visit,1,3.673962184313052,-2.6318715821583702
ICEWS,Brazil,2004-05-01,State visit to China,Partner inbound visit,2,3.673962184313052,-2.0027553969319283
ICEWS,Brazil,2004-05-01,State visit to China,Partner inbound visit,3,3.673962184313052,-0.5369865692467362
ICEWS,Brazil,2004-05-01,State visit to China,Partner inbound visit,6,3.673962184313052,-0.5503688817335193
ICEWS,Brazil,2004-05-01,State visit to China,Partner inbound visit,12,3.673962184313052,-1.1739621843130519
ICEWS,Brazil,2004-11-01,State visit to Brazil,Chinese outbound visit,0,3.4694948231518854,-0.3459015205723528
ICEWS,Brazil,2004-11-01,State visit to Brazil,Chinese outbound visit,1,3.4694948231518854,-0.2612721093498376
ICEWS,Brazil,2004-11-01,State visit to Brazil,Chinese outbound visit,2,3.4694948231518854,-1.1270812483896346
ICEWS,Brazil,2004-11-01,State visit to Brazil,Chinese outbound visit,3,3.4694948231518854,-0.3781199412851901
ICEWS,Brazil,2004-11-01,State visit to Brazil,Chinese outbound visit,6,3.4694948231518854,-0.9694948231518854
ICEWS,Brazil,2004-11-01,State visit to Brazil,Chinese outbound visit,12,3.4694948231518854,-1.0532831754640384
ICEWS,Brazil,2009-05-01,State visit to China,Partner inbound visit,0,2.6490608773300597,-0.41132326457476864
ICEWS,Brazil,2009-05-01,State visit to China,Partner inbound visit,1,2.6490608773300597,-0.3424191943335888
ICEWS,Brazil,2009-05-01,State visit to China,Partner inbound visit,2,2.6490608773300597,-0.531776030265986
ICEWS,Brazil,2009-05-01,State visit to China,Partner inbound visit,3,2.6490608773300597,0.38860383522475317
ICEWS,Brazil,2009-05-01,State visit to China,Partner inbound visit,6,2.6490608773300597,-1.0162485166601556
ICEWS,Brazil,2009-05-01,State visit to China,Partner inbound visit,12,2.6490608773300597,-0.8490608773300607
ICEWS,Brazil,2010-04-01,State visit to Brazil,Chinese outbound visit,0,2.05640445513256,1.3793956552206281
ICEWS,Brazil,2010-04-01,State visit to Brazil,Chinese outbound visit,1,2.05640445513256,-0.25640445513256127
ICEWS,Brazil,2010-04-01,State visit to Brazil,Chinese outbound visit,2,2.05640445513256,-0.9564044551325606
ICEWS,Brazil,2010-04-01,State visit to Brazil,Chinese outbound visit,3,2.05640445513256,-4.55640445513256
ICEWS,Brazil,2010-04-01,State visit to Brazil,Chinese outbound visit,6,2.05640445513256,-0.5564044551325584
ICEWS,Brazil,2010-04-01,State visit to Brazil,Chinese outbound visit,12,2.05640445513256,0.4650102067184618
ICEWS,Brazil,2012-06-01,Official visit to Brazil,Chinese outbound visit,0,2.4287382819035535,0.8188536764390126
ICEWS,Brazil,2012-06-01,Official visit to Brazil,Chinese outbound visit,1,2.4287382819035535,-5.095404948570222
ICEWS,Brazil,2012-06-01,Official visit to Brazil,Chinese outbound visit,2,2.4287382819035535,-2.248398394404608
ICEWS,Brazil,2012-06-01,Official visit to Brazil,Chinese outbound visit,3,2.4287382819035535,1.5712617180964465
ICEWS,Brazil,2012-06-01,Official visit to Brazil,Chinese outbound visit,6,2.4287382819035535,-0.27072424735664447
ICEWS,Brazil,2012-06-01,Official visit to Brazil,Chinese outbound visit,12,2.4287382819035535,-0.7434166538652918
ICEWS,Brazil,2014-07-01,State visit to Brazil,Chinese outbound visit,0,2.4233965441762,0.5557233479902428
ICEWS,Brazil,2014-07-01,State visit to Brazil,Chinese outbound visit,1,2.4233965441762,0.7478102432049272
ICEWS,Brazil,2014-07-01,State visit to Brazil,Chinese outbound visit,2,2.4233965441762,-1.6425920192554497
ICEWS,Brazil,2014-07-01,State visit to Brazil,Chinese outbound visit,3,2.4233965441762,-0.976792727100515
ICEWS,Brazil,2014-07-01,State visit to Brazil,Chinese outbound visit,6,2.4233965441762,-0.4233965441762
ICEWS,Brazil,2014-07-01,State visit to Brazil,Chinese outbound visit,12,2.4233965441762,0.051104860629516136
ICEWS,Brazil,2015-05-01,Official visit to Brazil,Chinese outbound visit,0,1.5967616898936179,2.6381076971661015
ICEWS,Brazil,2015-05-01,Official visit to Brazil,Chinese outbound visit,1,1.5967616898936179,-0.09721380790093836
ICEWS,Brazil,2015-05-01,Official visit to Brazil,Chinese outbound visit,2,1.5967616898936179,0.8777397149120982
ICEWS,Brazil,2015-05-01,Official visit to Brazil,Chinese outbound visit,3,1.5967616898936179,-1.2634283565602857
ICEWS,Brazil,2015-05-01,Official visit to Brazil,Chinese outbound visit,6,1.5967616898936179,0.032053313514489146
ICEWS,Brazil,2015-05-01,Official visit to Brazil,Chinese outbound visit,12,1.5967616898936179,0.4840428350271313
ICEWS,Brazil,2019-10-01,State visit to China,Partner inbound visit,0,1.764835267339695,0.41106454661252023
ICEWS,Brazil,2019-10-01,State visit to China,Partner inbound visit,1,1.764835267339695,0.4656171287988169
ICEWS,Brazil,2019-10-01,State visit to China,Partner inbound visit,2,1.764835267339695,0.9944565570232555
ICEWS,Brazil,2019-10-01,State visit to China,Partner inbound visit,3,1.764835267339695,0.37076812635086576
ICEWS,Brazil,2019-10-01,State visit to China,Partner inbound visit,6,1.764835267339695,-0.6889872808281015
ICEWS,Brazil,2019-10-01,State visit to China,Partner inbound visit,12,1.764835267339695,0.44709892919891736
ICEWS,Brazil,2023-04-01,State visit to China,Partner inbound visit,0,2.3304593127630575,-0.5643668960541266
ICEWS,Canada,2003-12-01,Official visit to Canada,Chinese outbound visit,0,2.4792020625261437,-0.07702561850397283
ICEWS,Canada,2003-12-01,Official visit to Canada,Chinese outbound visit,1,2.4792020625261437,0.9207979374738549
ICEWS,Canada,2003-12-01,Official visit to Canada,Chinese outbound visit,2,2.4792020625261437,-0.47866828944364714
ICEWS,Canada,2003-12-01,Official visit to Canada,Chinese outbound visit,3,2.4792020625261437,-2.9792020625261437
ICEWS,Canada,2003-12-01,Official visit to Canada,Chinese outbound visit,6,2.4792020625261437,-1.410719347573695
ICEWS,Canada,2003-12-01,Official visit to Canada,Chinese outbound visit,12,2.4792020625261437,-2.277227842043184
ICEWS,Canada,2005-01-01,Canadian Prime Minister Paul Martin visits China,Partner inbound visit,0,2.3287322373141888,0.2892826706357208
ICEWS,Canada,2005-01-01,Canadian Prime Minister Paul Martin visits China,Partner inbound visit,1,2.3287322373141888,1.6068711563763727
ICEWS,Canada,2005-01-01,Canadian Prime Minister Paul Martin visits China,Partner inbound visit,2,2.3287322373141888,-2.7966642552134293
ICEWS,Canada,2005-01-01,Canadian Prime Minister Paul Martin visits China,Partner inbound visit,3,2.3287322373141888,-2.328732237314187
ICEWS,Canada,2005-01-01,Canadian Prime Minister Paul Martin visits China,Partner inbound visit,6,2.3287322373141888,0.28119657807237486
ICEWS,Canada,2005-01-01,Canadian Prime Minister Paul Martin visits China,Partner inbound visit,12,2.3287322373141888,0.15499953932785315
ICEWS,Canada,2005-09-01,State visit to Canada,Chinese outbound visit,0,2.2076657279336467,-0.13380781521311969
ICEWS,Canada,2005-09-01,State visit to Canada,Chinese outbound visit,1,2.2076657279336467,-0.38462283117311147
ICEWS,Canada,2005-09-01,State visit to Canada,Chinese outbound visit,2,2.2076657279336467,0.7144033915917971
ICEWS,Canada,2005-09-01,State visit to Canada,Chinese outbound visit,3,2.2076657279336467,-2.607665727933647
ICEWS,Canada,2005-09-01,State visit to Canada,Chinese outbound visit,6,2.2076657279336467,-3.9275046212829303
ICEWS,Canada,2005-09-01,State visit to Canada,Chinese outbound visit,12,2.2076657279336467,-0.7380048400807699
ICEWS,Canada,2009-12-01,Official visit to China,Partner inbound visit,0,2.69489617540949,-1.35872074143431
ICEWS,Canada,2009-12-01,Official visit to China,Partner inbound visit,1,2.69489617540949,-1.8499609913175719
ICEWS,Canada,2009-12-01,Official visit to China,Partner inbound visit,2,2.69489617540949,-1.8179994911214803
ICEWS,Canada,2009-12-01,Official visit to China,Partner inbound visit,3,2.69489617540949,-2.026413460457038
ICEWS,Canada,2009-12-01,Official visit to China,Partner inbound visit,6,2.69489617540949,-0.3975542812506565
ICEWS,Canada,2009-12-01,Official visit to China,Partner inbound visit,12,2.69489617540949,-1.3304351889642132
ICEWS,Canada,2010-06-01,State visit to Canada and attendance at G20 Summit,Chinese outbound visit,0,-0.4181125541449265,2.71545444830376
ICEWS,Canada,2010-06-01,State visit to Canada and attendance at G20 Summit,Chinese outbound visit,1,-0.4181125541449265,1.6899265869762135
ICEWS,Canada,2010-06-01,State visit to Canada and attendance at G20 Summit,Chinese outbound visit,2,-0.4181125541449265,4.368112554144927
ICEWS,Canada,2010-06-01,State visit to Canada and attendance at G20 Summit,Chinese outbound visit,3,-0.4181125541449265,2.5390418402224317
ICEWS,Canada,2010-06-01,State visit to Canada and attendance at G20 Summit,Chinese outbound visit,6,-0.4181125541449265,1.7825735405902032
ICEWS,Canada,2010-06-01,State visit to Canada and attendance at G20 Summit,Chinese outbound visit,12,-0.4181125541449265,1.6681125541449282
ICEWS,Canada,2012-02-01,Canadian Prime Minister Stephen Harper's second visit to China,Partner inbound visit,0,1.0819484468513316,1.4937817171527108
ICEWS,Canada,2012-02-01,Canadian Prime Minister Stephen Harper's second visit to China,Partner inbound visit,1,1.0819484468513316,1.8392583405297955
ICEWS,Canada,2012-02-01,Canadian Prime Minister Stephen Harper's second visit to China,Partner inbound visit,2,1.0819484468513316,1.8910635144254382
ICEWS,Canada,2012-02-01,Canadian Prime Minister Stephen Harper's second visit to China,Partner inbound visit,3,1.0819484468513316,-0.1670808413012388
ICEWS,Canada,2012-02-01,Canadian Prime Minister Stephen Harper's second visit to China,Partner inbound visit,6,1.0819484468513316,0.3655227447360847
ICEWS,Canada,2012-02-01,Canadian Prime Minister Stephen Harper's second visit to China,Partner inbound visit,12,1.0819484468513316,0.9846989889892286
ICEWS,Canada,2014-11-01,Bilateral meeting between President Xi Jinping and Prime Minister Stephen Harper on the sidelines of the G20 Brisbane Summit,Third-party meeting,0,-1.3676088781225186,3.0217452085973795
ICEWS,Canada,2014-11-01,Bilateral meeting between President Xi Jinping and Prime Minister Stephen Harper on the sidelines of the G20 Brisbane Summit,Third-party meeting,1,-1.3676088781225186,-2.2990577885441494
ICEWS,Canada,2014-11-01,Bilateral meeting between President Xi Jinping and Prime Minister Stephen Harper on the sidelines of the G20 Brisbane Summit,Third-party meeting,2,-1.3676088781225186,5.867608878122517
ICEWS,Canada,2014-11-01,Bilateral meeting between President Xi Jinping and Prime Minister Stephen Harper on the sidelines of the G20 Brisbane Summit,Third-party meeting,3,-1.3676088781225186,1.9979646280659555
ICEWS,Canada,2014-11-01,Bilateral meeting between President Xi Jinping and Prime Minister Stephen Harper on the sidelines of the G20 Brisbane Summit,Third-party meeting,6,-1.3676088781225186,3.5342755447891863
ICEWS,Canada,2014-11-01,Bilateral meeting between President Xi Jinping and Prime Minister Stephen Harper on the sidelines of the G20 Brisbane Summit,Third-party meeting,12,-1.3676088781225186,2.125447142322172
ICEWS,Canada,2015-11-01,Bilateral meeting on sidelines of G20 Summit,Third-party meeting,0,0.8774636995189908,-0.11962543531933711
ICEWS,Canada,2015-11-01,Bilateral meeting on sidelines of G20 Summit,Third-party meeting,1,0.8774636995189908,3.622536300481002
ICEWS,Canada,2015-11-01,Bilateral meeting on sidelines of G20 Summit,Third-party meeting,2,0.8774636995189908,-0.41437130648412074
ICEWS,Canada,2015-11-01,Bilateral meeting on sidelines of G20 Summit,Third-party meeting,3,0.8774636995189908,1.6216102951582396
ICEWS,Canada,2015-11-01,Bilateral meeting on sidelines of G20 Summit,Third-party meeting,6,0.8774636995189908,3.15441349825673
ICEWS,Canada,2015-11-01,Bilateral meeting on sidelines of G20 Summit,Third-party meeting,12,0.8774636995189908,3.122536300481009
ICEWS,Canada,2016-09-01,Chinese Premier Li Keqiang's official visit to Canada,Chinese outbound visit,0,1.783472984899868,0.3327906833099519
ICEWS,Canada,2016-09-01,Chinese Premier Li Keqiang's official visit to Canada,Chinese outbound visit,1,1.783472984899868,1.3715023221750613
ICEWS,Canada,2016-09-01,Chinese Premier Li Keqiang's official visit to Canada,Chinese outbound visit,2,1.783472984899868,2.216527015100132
ICEWS,Canada,2016-09-01,Chinese Premier Li Keqiang's official visit to Canada,Chinese outbound visit,3,1.783472984899868,1.4497214729754795
ICEWS,Canada,2016-09-01,Chinese Premier Li Keqiang's official visit to Canada,Chinese outbound visit,6,1.783472984899868,-0.054903955536167004
ICEWS,Canada,2016-09-01,Chinese Premier Li Keqiang's official visit to Canada,Chinese outbound visit,12,1.783472984899868,1.0877338024812584
ICEWS,Canada,2016-09-01,Prime Minister Justin Trudeau attends G20 Summit in Hangzhou and visits China,Partner inbound visit,0,1.783472984899868,0.3327906833099519
ICEWS,Canada,2016-09-01,Prime Minister Justin Trudeau attends G20 Summit in Hangzhou and visits China,Partner inbound visit,1,1.783472984899868,1.3715023221750613
ICEWS,Canada,2016-09-01,Prime Minister Justin Trudeau attends G20 Summit in Hangzhou and visits China,Partner inbound visit,2,1.783472984899868,2.216527015100132
ICEWS,Canada,2016-09-01,Prime Minister Justin Trudeau attends G20 Summit in Hangzhou and visits China,Partner inbound visit,3,1.783472984899868,1.4497214729754795
ICEWS,Canada,2016-09-01,Prime Minister Justin Trudeau attends G20 Summit in Hangzhou and visits China,Partner inbound visit,6,1.783472984899868,-0.054903955536167004
ICEWS,Canada,2016-09-01,Prime Minister Justin Trudeau attends G20 Summit in Hangzhou and visits China,Partner inbound visit,12,1.783472984899868,1.0877338024812584
ICEWS,Canada,2016-09-01,Official visit to China and attendance at G20 Hangzhou Summit,Partner inbound visit,0,1.783472984899868,0.3327906833099519
ICEWS,Canada,2016-09-01,Official visit to China and attendance at G20 Hangzhou Summit,Partner inbound visit,1,1.783472984899868,1.3715023221750613
ICEWS,Canada,2016-09-01,Official visit to China and attendance at G20 Hangzhou Summit,Partner inbound visit,2,1.783472984899868,2.216527015100132
ICEWS,Canada,2016-09-01,Official visit to China and attendance at G20 Hangzhou Summit,Partner inbound visit,3,1.783472984899868,1.4497214729754795
ICEWS,Canada,2016-09-01,Official visit to China and attendance at G20 Hangzhou Summit,Partner inbound visit,6,1.783472984899868,-0.054903955536167004
ICEWS,Canada,2016-09-01,Official visit to China and attendance at G20 Hangzhou Summit,Partner inbound visit,12,1.783472984899868,1.0877338024812584
ICEWS,Canada,2017-07-01,Bilateral meeting between President Xi Jinping and Prime Minister Justin Trudeau on the sidelines of the G20 Hamburg Summit,Third-party meeting,0,3.3485275900009674,-1.970387826704687
ICEWS,Canada,2017-07-01,Bilateral meeting between President Xi Jinping and Prime Minister Justin Trudeau on the sidelines of the G20 Hamburg Summit,Third-party meeting,1,3.3485275900009674,-1.2776552715817586
ICEWS,Canada,2017-07-01,Bilateral meeting between President Xi Jinping and Prime Minister Justin Trudeau on the sidelines of the G20 Hamburg Summit,Third-party meeting,2,3.3485275900009674,-0.477320802619841
ICEWS,Canada,2017-07-01,Bilateral meeting between President Xi Jinping and Prime Minister Justin Trudeau on the sidelines of the G20 Hamburg Summit,Third-party meeting,3,3.3485275900009674,1.1514724099990308
ICEWS,Canada,2017-07-01,Bilateral meeting between President Xi Jinping and Prime Minister Justin Trudeau on the sidelines of the G20 Hamburg Summit,Third-party meeting,6,3.3485275900009674,-2.9737382980424925
ICEWS,Canada,2017-07-01,Bilateral meeting between President Xi Jinping and Prime Minister Justin Trudeau on the sidelines of the G20 Hamburg Summit,Third-party meeting,12,3.3485275900009674,-3.64852759000097
ICEWS,Canada,2019-06-01,Bilateral meeting on sidelines of G20 Summit,Third-party meeting,0,-3.1545650696087884,1.282373527835134
ICEWS,Canada,2019-06-01,Bilateral meeting on sidelines of G20 Summit,Third-party meeting,1,-3.1545650696087884,-0.16481545966037858
ICEWS,Canada,2019-06-01,Bilateral meeting on sidelines of G20 Summit,Third-party meeting,2,-3.1545650696087884,0.7348565170484673
ICEWS,Canada,2019-06-01,Bilateral meeting on sidelines of G20 Summit,Third-party meeting,3,-3.1545650696087884,-0.5615579458996334
ICEWS,Canada,2019-06-01,Bilateral meeting on sidelines of G20 Summit,Third-party meeting,6,-3.1545650696087884,-1.033750520363537
ICEWS,Canada,2019-06-01,Bilateral meeting on sidelines of G20 Summit,Third-party meeting,12,-3.1545650696087884,0.8378541204548893
ICEWS,Canada,2022-11-01,Bilateral meeting on sidelines of G20 Summit,Third-party meeting,0,0.11828979630671903,-0.7807104802575501
ICEWS,Canada,2022-11-01,Bilateral meeting on sidelines of G20 Summit,Third-party meeting,1,0.11828979630671903,-0.6390673245630242
ICEWS,Canada,2022-11-01,Bilateral meeting on sidelines of G20 Summit,Third-party meeting,2,0.11828979630671903,-2.2158816052628705
ICEWS,Canada,2022-11-01,Bilateral meeting on sidelines of G20 Summit,Third-party meeting,3,0.11828979630671903,0.44750778171420796
ICEWS,France,2004-10-01,State visit to China,Partner inbound visit,0,1.752928408511515,1.3470293964148023
ICEWS,France,2004-10-01,State visit to China,Partner inbound visit,1,1.752928408511515,0.7077534426650658
ICEWS,France,2004-10-01,State visit to China,Partner inbound visit,2,1.752928408511515,0.29513700491559014
ICEWS,France,2004-10-01,State visit to China,Partner inbound visit,3,1.752928408511515,-1.1529284085115137
ICEWS,France,2004-10-01,State visit to China,Partner inbound visit,6,1.752928408511515,0.1843505946532229
ICEWS,France,2004-10-01,State visit to China,Partner inbound visit,12,1.752928408511515,-0.765433170009789
ICEWS,France,2007-11-01,State visit to China,Partner inbound visit,0,1.3836013541106482,1.3398263054436714
ICEWS,France,2007-11-01,State visit to China,Partner inbound visit,1,1.3836013541106482,0.8347985650405618
ICEWS,France,2007-11-01,State visit to China,Partner inbound visit,2,1.3836013541106482,0.2128402336374653
ICEWS,France,2007-11-01,State visit to China,Partner inbound visit,3,1.3836013541106482,0.9431354360810171
ICEWS,France,2007-11-01,State visit to China,Partner inbound visit,6,1.3836013541106482,-1.3349790550532632
ICEWS,France,2007-11-01,State visit to China,Partner inbound visit,12,1.3836013541106482,-0.3624757346100893
ICEWS,France,2014-03-01,State visit to France,Chinese outbound visit,0,2.5597969636565314,-0.6381490089368644
ICEWS,France,2014-03-01,State visit to France,Chinese outbound visit,1,2.5597969636565314,0.3927297815833035
ICEWS,France,2014-03-01,State visit to France,Chinese outbound visit,2,2.5597969636565314,0.8004068013495433
ICEWS,France,2014-03-01,State visit to France,Chinese outbound visit,3,2.5597969636565314,-0.11363651764451754
ICEWS,France,2014-03-01,State visit to France,Chinese outbound visit,6,2.5597969636565314,-0.7734642356945334
ICEWS,France,2014-03-01,State visit to France,Chinese outbound visit,12,2.5597969636565314,0.27503644329614607
ICEWS,France,2015-11-01,State visit to China,Partner inbound visit,0,3.957039149859753,-2.974754279271963
ICEWS,France,2015-11-01,State visit to China,Partner inbound visit,1,3.957039149859753,-3.2748775269549526
ICEWS,France,2015-11-01,State visit to China,Partner inbound visit,2,3.957039149859753,-0.7216099861380609
ICEWS,France,2015-11-01,State visit to China,Partner inbound visit,3,3.957039149859753,-2.8925521806516254
ICEWS,France,2015-11-01,State visit to China,Partner inbound visit,6,3.957039149859753,-2.4565714115713924
ICEWS,France,2015-11-01,State visit to China,Partner inbound visit,12,3.957039149859753,-1.3394491291592363
ICEWS,France,2018-01-01,State visit to China,Partner inbound visit,0,3.1307941995729944,-1.4127247393330735
ICEWS,France,2018-01-01,State visit to China,Partner inbound visit,1,3.1307941995729944,-1.6450799138587087
ICEWS,France,2018-01-01,State visit to China,Partner inbound visit,2,3.1307941995729944,0.007975903512004834
ICEWS,France,2018-01-01,State visit to China,Partner inbound visit,3,3.1307941995729944,-1.3116855875161304
ICEWS,France,2018-01-01,State visit to China,Partner inbound visit,6,3.1307941995729944,-0.6196317932048405
ICEWS,France,2018-01-01,State visit to China,Partner inbound visit,12,3.1307941995729944,-2.817777052260352
ICEWS,France,2019-03-01,State visit to France,Chinese outbound visit,0,0.8532990702188084,1.7433732547172678
ICEWS,France,2019-03-01,State visit to France,Chinese outbound visit,1,0.8532990702188084,1.0285598164162817
ICEWS,France,2019-03-01,State visit to France,Chinese outbound visit,2,0.8532990702188084,-0.6640651704228393
ICEWS,France,2019-03-01,State visit to France,Chinese outbound visit,3,0.8532990702188084,1.3855617253677863
ICEWS,France,2019-03-01,State visit to France,Chinese outbound visit,6,0.8532990702188084,1.5070497493249846
ICEWS,France,2019-03-01,State visit to France,Chinese outbound visit,12,0.8532990702188084,3.721695811078
ICEWS,France,2019-11-01,State visit to China,Partner inbound visit,0,2.210792715405221,1.2928407815127922
ICEWS,France,2019-11-01,State visit to China,Partner inbound visit,1,2.210792715405221,-1.9107927154052202
ICEWS,France,2019-11-01,State visit to China,Partner inbound visit,2,2.210792715405221,-0.665399655404423
ICEWS,France,2019-11-01,State visit to China,Partner inbound visit,3,2.210792715405221,-0.07801572531238854
ICEWS,France,2019-11-01,State visit to China,Partner inbound visit,6,2.210792715405221,-1.4246527574096888
ICEWS,France,2019-11-01,State visit to China,Partner inbound visit,12,2.210792715405221,0.3892072845947805
ICEWS,France,2023-04-01,State visit to China,Partner inbound visit,0,2.04481812048323,0.02703913794378998
ICEWS,Germany,2004-12-01,Official visit to China,Partner inbound visit,0,3.245127304396919,-0.928099373426996
ICEWS,Germany,2004-12-01,Official visit to China,Partner inbound visit,1,3.245127304396919,-0.805629002564205
ICEWS,Germany,2004-12-01,Official visit to China,Partner inbound visit,2,3.245127304396919,-0.7274358507729404
ICEWS,Germany,2004-12-01,Official visit to China,Partner inbound visit,3,3.245127304396919,-0.9459479123787711
ICEWS,Germany,2004-12-01,Official visit to China,Partner inbound visit,6,3.245127304396919,-1.75324854962965
ICEWS,Germany,2004-12-01,Official visit to China,Partner inbound visit,12,3.245127304396919,-1.5679205307770914
ICEWS,Germany,2006-05-01,First official visit to China,Partner inbound visit,0,2.2214394589857833,0.006579582081396307
ICEWS,Germany,2006-05-01,First official visit to China,Partner inbound visit,1,2.2214394589857833,-0.6392575255814694
ICEWS,Germany,2006-05-01,First official visit to China,Partner inbound visit,2,2.2214394589857833,1.0382307172407894
ICEWS,Germany,2006-05-01,First official visit to China,Partner inbound visit,3,2.2214394589857833,0.20599005840624818
ICEWS,Germany,2006-05-01,First official visit to China,Partner inbound visit,6,2.2214394589857833,-0.6061067744538815
ICEWS,Germany,2006-05-01,First official visit to China,Partner inbound visit,12,2.2214394589857833,-1.7790811736704613
ICEWS,Germany,2010-07-01,Official visit to China,Partner inbound visit,0,2.8774116940587935,-0.5746305701004641
ICEWS,Germany,2010-07-01,Official visit to China,Partner inbound visit,1,2.8774116940587935,0.5225883059412051
ICEWS,Germany,2010-07-01,Official visit to China,Partner inbound visit,2,2.8774116940587935,-1.8774116940587935
ICEWS,Germany,2010-07-01,Official visit to China,Partner inbound visit,3,2.8774116940587935,-0.66030053174662
ICEWS,Germany,2010-07-01,Official visit to China,Partner inbound visit,6,2.8774116940587935,-0.1406201222233432
ICEWS,Germany,2010-07-01,Official visit to China,Partner inbound visit,12,2.8774116940587935,-4.206204906677669
ICEWS,Germany,2014-03-01,State visit to Germany,Chinese outbound visit,0,3.333676804349402,-1.3888273013370347
ICEWS,Germany,2014-03-01,State visit to Germany,Chinese outbound visit,1,3.333676804349402,-1.107396207682763
ICEWS,Germany,2014-03-01,State visit to Germany,Chinese outbound visit,2,3.333676804349402,0.6780035188095859
ICEWS,Germany,2014-03-01,State visit to Germany,Chinese outbound visit,3,3.333676804349402,2.166323195650598
ICEWS,Germany,2014-03-01,State visit to Germany,Chinese outbound visit,6,3.333676804349402,-2.1849593301138555
ICEWS,Germany,2014-03-01,State visit to Germany,Chinese outbound visit,12,3.333676804349402,-0.9275811373211678
ICEWS,Germany,2019-09-01,Official visit to China,Partner inbound visit,0,1.0269122602630911,0.8298335982511038
ICEWS,Germany,2019-09-01,Official visit to China,Partner inbound visit,1,1.0269122602630911,2.7230877397369104
ICEWS,Germany,2019-09-01,Official visit to China,Partner inbound visit,2,1.0269122602630911,1.718549786961655
ICEWS,Germany,2019-09-01,Official visit to China,Partner inbound visit,3,1.0269122602630911,0.6731621514450812
ICEWS,Germany,2019-09-01,Official visit to China,Partner inbound visit,6,1.0269122602630911,0.6776705091809607
ICEWS,Germany,2019-09-01,Official visit to China,Partner inbound visit,12,1.0269122602630911,-0.24960888674131065
ICEWS,Germany,2022-11-01,Official visit to China,Partner inbound visit,0,2.712002992387246,-0.37017741090691914
ICEWS,Germany,2022-11-01,Official visit to China,Partner inbound visit,1,2.712002992387246,0.6420601859098749
ICEWS,Germany,2022-11-01,Official visit to China,Partner inbound visit,2,2.712002992387246,-4.3013995986966815
ICEWS,Germany,2022-11-01,Official visit to China,Partner inbound visit,3,2.712002992387246,-1.8175554011588808
ICEWS,India,2003-06-01,Vajpayee Visits China,Partner inbound visit,0,2.316463009994836,0.24997412448526113
ICEWS,India,2003-06-01,Vajpayee Visits China,Partner inbound visit,1,2.316463009994836,-0.25485482455130004
ICEWS,India,2003-06-01,Vajpayee Visits China,Partner inbound visit,2,2.316463009994836,-1.4743854301712123
ICEWS,India,2003-06-01,Vajpayee Visits China,Partner inbound visit,3,2.316463009994836,-1.0254223616959734
ICEWS,India,2003-06-01,Vajpayee Visits China,Partner inbound visit,6,2.316463009994836,1.4641248528295137
ICEWS,India,2003-06-01,Vajpayee Visits China,Partner inbound visit,12,2.316463009994836,-0.06561053937369365
ICEWS,India,2005-04-01,Official visit to India,Chinese outbound visit,0,3.22120014142705,-0.5990609254697938
ICEWS,India,2005-04-01,Official visit to India,Chinese outbound visit,1,3.22120014142705,-0.7028576077505706
ICEWS,India,2005-04-01,Official visit to India,Chinese outbound visit,2,3.22120014142705,-0.7402955543147582
ICEWS,India,2005-04-01,Official visit to India,Chinese outbound visit,3,3.22120014142705,-2.0891175774026634
ICEWS,India,2005-04-01,Official visit to India,Chinese outbound visit,6,3.22120014142705,-0.87494976526611
ICEWS,India,2005-04-01,Official visit to India,Chinese outbound visit,12,3.22120014142705,-0.5443561532591579
ICEWS,India,2006-11-01,State visit to India,Chinese outbound visit,0,1.6198497451334668,0.6101789535208897
ICEWS,India,2006-11-01,State visit to India,Chinese outbound visit,1,1.6198497451334668,0.003379571335363263
ICEWS,India,2006-11-01,State visit to India,Chinese outbound visit,2,1.6198497451334668,1.0190845465257001
ICEWS,India,2006-11-01,State visit to India,Chinese outbound visit,3,1.6198497451334668,0.4626553944669509
ICEWS,India,2006-11-01,State visit to India,Chinese outbound visit,6,1.6198497451334668,-0.4475902062140953
ICEWS,India,2006-11-01,State visit to India,Chinese outbound visit,12,1.6198497451334668,-0.18258444752029002
ICEWS,India,2006-11-01,Hu Jintao visits India,Chinese outbound visit,0,1.6198497451334668,0.6101789535208897
ICEWS,India,2006-11-01,Hu Jintao visits India,Chinese outbound visit,1,1.6198497451334668,0.003379571335363263
ICEWS,India,2006-11-01,Hu Jintao visits India,Chinese outbound visit,2,1.6198497451334668,1.0190845465257001
ICEWS,India,2006-11-01,Hu Jintao visits India,Chinese outbound visit,3,1.6198497451334668,0.4626553944669509
ICEWS,India,2006-11-01,Hu Jintao visits India,Chinese outbound visit,6,1.6198497451334668,-0.4475902062140953
ICEWS,India,2006-11-01,Hu Jintao visits India,Chinese outbound visit,12,1.6198497451334668,-0.18258444752029002
ICEWS,India,2008-01-01,Official visit to China,Partner inbound visit,0,1.4358850575814486,1.0127513397467809
ICEWS,India,2008-01-01,Official visit to China,Partner inbound visit,1,1.4358850575814486,-0.6915159754812421
ICEWS,India,2008-01-01,Official visit to China,Partner inbound visit,2,1.4358850575814486,-1.279949594482315
ICEWS,India,2008-01-01,Official visit to China,Partner inbound visit,3,1.4358850575814486,-1.0280547313426787
ICEWS,India,2008-01-01,Official visit to China,Partner inbound visit,6,1.4358850575814486,0.14371168782175792
ICEWS,India,2008-01-01,Official visit to China,Partner inbound visit,12,1.4358850575814486,-0.9005395975755686
ICEWS,India,2010-12-01,Wen Jiabao's official visit to India,Chinese outbound visit,0,1.2557612339319686,0.09857227861899531
ICEWS,India,2010-12-01,Wen Jiabao's official visit to India,Chinese outbound visit,1,1.2557612339319686,-3.3420594790009
ICEWS,India,2010-12-01,Wen Jiabao's official visit to India,Chinese outbound visit,2,1.2557612339319686,-1.64550603576747
ICEWS,India,2010-12-01,Wen Jiabao's official visit to India,Chinese outbound visit,3,1.2557612339319686,-1.5874709730945753
ICEWS,India,2010-12-01,Wen Jiabao's official visit to India,Chinese outbound visit,6,1.2557612339319686,0.3208012995823033
ICEWS,India,2010-12-01,Wen Jiabao's official visit to India,Chinese outbound visit,12,1.2557612339319686,1.3427848409740584
ICEWS,India,2013-05-01,Li Keqiang Visits India,Chinese outbound visit,0,0.778515461920001,1.095185228799862
ICEWS,India,2013-05-01,Li Keqiang Visits India,Chinese outbound visit,1,0.778515461920001,0.48930854866567985
ICEWS,India,2013-05-01,Li Keqiang Visits India,Chinese outbound visit,2,0.778515461920001,1.2527366946918037
ICEWS,India,2013-05-01,Li Keqiang Visits India,Chinese outbound visit,3,0.778515461920001,1.4181981197952518
ICEWS,India,2013-05-01,Li Keqiang Visits India,Chinese outbound visit,6,0.778515461920001,0.03342934654752705
ICEWS,India,2013-05-01,Li Keqiang Visits India,Chinese outbound visit,12,0.778515461920001,0.5978942520381045
ICEWS,India,2014-09-01,State visit to India,Chinese outbound visit,0,2.0732709528506086,-0.016455789483729166
ICEWS,India,2014-09-01,State visit to India,Chinese outbound visit,1,2.0732709528506086,-1.521989107799778
ICEWS,India,2014-09-01,State visit to India,Chinese outbound visit,2,2.0732709528506086,-0.8245213894052221
ICEWS,India,2014-09-01,State visit to India,Chinese outbound visit,3,2.0732709528506086,-1.2183740144843598
ICEWS,India,2014-09-01,State visit to India,Chinese outbound visit,6,2.0732709528506086,-0.40691669610685866
ICEWS,India,2014-09-01,State visit to India,Chinese outbound visit,12,2.0732709528506086,0.6580549497033643
ICEWS,India,2015-05-01,Official visit to China,Partner inbound visit,0,1.6816759568473743,0.3638216634575595
ICEWS,India,2015-05-01,Official visit to China,Partner inbound visit,1,1.6816759568473743,-0.32421689287796474
ICEWS,India,2015-05-01,Official visit to China,Partner inbound visit,2,1.6816759568473743,-1.0088698326999392
ICEWS,India,2015-05-01,Official visit to China,Partner inbound visit,3,1.6816759568473743,-0.44435563155858415
ICEWS,India,2015-05-01,Official visit to China,Partner inbound visit,6,1.6816759568473743,0.49945490551847516
ICEWS,India,2015-05-01,Official visit to China,Partner inbound visit,12,1.6816759568473743,-0.638467340466844
ICEWS,India,2016-09-01,Bilateral meeting on sidelines of G20 Summit,Third-party meeting,0,0.26309171132330533,0.8629849874208322
ICEWS,India,2016-09-01,Bilateral meeting on sidelines of G20 Summit,Third-party meeting,1,0.26309171132330533,2.0087990278079584
ICEWS,India,2016-09-01,Bilateral meeting on sidelines of G20 Summit,Third-party meeting,2,0.26309171132330533,-0.35994001441773804
ICEWS,India,2016-09-01,Bilateral meeting on sidelines of G20 Summit,Third-party meeting,3,0.26309171132330533,0.2712280352195915
ICEWS,India,2016-09-01,Bilateral meeting on sidelines of G20 Summit,Third-party meeting,6,0.26309171132330533,1.313615770222004
ICEWS,India,2016-09-01,Bilateral meeting on sidelines of G20 Summit,Third-party meeting,12,0.26309171132330533,0.9562278039949206
ICEWS,India,2017-06-01,Bilateral meeting on sidelines of Shanghai Cooperation Organisation Summit,Third-party meeting,0,1.265597404222861,-1.2103336738998571
ICEWS,India,2017-06-01,Bilateral meeting on sidelines of Shanghai Cooperation Organisation Summit,Third-party meeting,1,1.265597404222861,-2.208893209165005
ICEWS,India,2017-06-01,Bilateral meeting on sidelines of Shanghai Cooperation Organisation Summit,Third-party meeting,2,1.265597404222861,-3.6185962735581025
ICEWS,India,2017-06-01,Bilateral meeting on sidelines of Shanghai Cooperation Organisation Summit,Third-party meeting,3,1.265597404222861,-0.046277888904635134
ICEWS,India,2017-06-01,Bilateral meeting on sidelines of Shanghai Cooperation Organisation Summit,Third-party meeting,6,1.265597404222861,-1.1368809516215865
ICEWS,India,2017-06-01,Bilateral meeting on sidelines of Shanghai Cooperation Organisation Summit,Third-party meeting,12,1.265597404222861,0.1648965263717077
ICEWS,India,2018-04-01,Wuhan Informal Summit,Third-party meeting,0,1.2512343892322708,0.6655428197240676
ICEWS,India,2018-04-01,Wuhan Informal Summit,Third-party meeting,1,1.2512343892322708,1.7633680381154118
ICEWS,India,2018-04-01,Wuhan Informal Summit,Third-party meeting,2,1.2512343892322708,0.17925954136229794
ICEWS,India,2018-04-01,Wuhan Informal Summit,Third-party meeting,3,1.2512343892322708,1.0926067889926816
ICEWS,India,2018-04-01,Wuhan Informal Summit,Third-party meeting,6,1.2512343892322708,-0.32481733968492077
ICEWS,India,2018-04-01,Wuhan Informal Summit,Third-party meeting,12,1.2512343892322708,-3.778599451157265
ICEWS,India,2019-10-01,Chennai Summit,Third-party meeting,0,0.68113871383345,1.0310754068387378
ICEWS,India,2019-10-01,Chennai Summit,Third-party meeting,1,0.68113871383345,-0.09367604680840114
ICEWS,India,2019-10-01,Chennai Summit,Third-party meeting,2,0.68113871383345,-0.3225775222034316
ICEWS,India,2019-10-01,Chennai Summit,Third-party meeting,3,0.68113871383345,0.6313286871306562
ICEWS,India,2019-10-01,Chennai Summit,Third-party meeting,6,0.68113871383345,0.30193920480449055
ICEWS,India,2019-10-01,Chennai Summit,Third-party meeting,12,0.68113871383345,-1.3073019085127981
ICEWS,India,2020-11-01,Bilateral meeting on sidelines of Shanghai Cooperation Organisation Summit (virtual),Third-party meeting,0,-0.43808292694249157,1.6906071314147717
ICEWS,India,2020-11-01,Bilateral meeting on sidelines of Shanghai Cooperation Organisation Summit (virtual),Third-party meeting,1,-0.43808292694249157,0.03521636131191502
ICEWS,India,2020-11-01,Bilateral meeting on sidelines of Shanghai Cooperation Organisation Summit (virtual),Third-party meeting,2,-0.43808292694249157,-0.5080437004721812
ICEWS,India,2020-11-01,Bilateral meeting on sidelines of Shanghai Cooperation Organisation Summit (virtual),Third-party meeting,3,-0.43808292694249157,2.247164757246725
ICEWS,India,2020-11-01,Bilateral meeting on sidelines of Shanghai Cooperation Organisation Summit (virtual),Third-party meeting,6,-0.43808292694249157,0.6746211120819947
ICEWS,India,2020-11-01,Bilateral meeting on sidelines of Shanghai Cooperation Organisation Summit (virtual),Third-party meeting,12,-0.43808292694249157,-0.5186957606999119
ICEWS,Indonesia,2002-03-01,State visit to China,Partner inbound visit,0,2.796690082549402,0.3050060027638626
ICEWS,Indonesia,2002-03-01,State visit to China,Partner inbound visit,1,2.796690082549402,-0.30283401093348594
ICEWS,Indonesia,2002-03-01,State visit to China,Partner inbound visit,2,2.796690082549402,0.3149794794345411
ICEWS,Indonesia,2002-03-01,State visit to China,Partner inbound visit,3,2.796690082549402,-0.7127224724856234
ICEWS,Indonesia,2002-03-01,State visit to China,Partner inbound visit,6,2.796690082549402,-0.729433535057769
ICEWS,Indonesia,2002-03-01,State visit to China,Partner inbound visit,12,2.796690082549402,1.5033099174505917
ICEWS,Indonesia,2005-04-01,Hu Visits Indonesia,Chinese outbound visit,0,2.468050019128238,0.5447838420707645
ICEWS,Indonesia,2005-04-01,Hu Visits Indonesia,Chinese outbound visit,1,2.468050019128238,-0.5668075316022985
ICEWS,Indonesia,2005-04-01,Hu Visits Indonesia,Chinese outbound visit,2,2.468050019128238,0.2712388993624093
ICEWS,Indonesia,2005-04-01,Hu Visits Indonesia,Chinese outbound visit,3,2.468050019128238,-0.2852359997185743
ICEWS,Indonesia,2005-04-01,Hu Visits Indonesia,Chinese outbound visit,6,2.468050019128238,1.4180934795556852
ICEWS,Indonesia,2005-04-01,Hu Visits Indonesia,Chinese outbound visit,12,2.468050019128238,-0.3705202385517743
ICEWS,Indonesia,2005-07-01,State visit to China,Partner inbound visit,0,2.5511217557385297,-0.36830773632886604
ICEWS,Indonesia,2005-07-01,State visit to China,Partner inbound visit,1,2.5511217557385297,0.26567769351678727
ICEWS,Indonesia,2005-07-01,State visit to China,Partner inbound visit,2,2.5511217557385297,-3.288734853509281
ICEWS,Indonesia,2005-07-01,State visit to China,Partner inbound visit,3,2.5511217557385297,1.3350217429453934
ICEWS,Indonesia,2005-07-01,State visit to China,Partner inbound visit,6,2.5511217557385297,-1.7387275547061058
ICEWS,Indonesia,2005-07-01,State visit to China,Partner inbound visit,12,2.5511217557385297,-1.1775621079511682
ICEWS,Indonesia,2006-07-01,Yudhoyono Visits China,Partner inbound visit,0,2.079424516747609,-0.7058648689602476
ICEWS,Indonesia,2006-07-01,Yudhoyono Visits China,Partner inbound visit,1,2.079424516747609,0.9318767842277915
ICEWS,Indonesia,2006-07-01,Yudhoyono Visits China,Partner inbound visit,2,2.079424516747609,1.720575483252388
ICEWS,Indonesia,2006-07-01,Yudhoyono Visits China,Partner inbound visit,3,2.079424516747609,1.327989754647183
ICEWS,Indonesia,2006-07-01,Yudhoyono Visits China,Partner inbound visit,6,2.079424516747609,-0.6176506465017826
ICEWS,Indonesia,2006-07-01,Yudhoyono Visits China,Partner inbound visit,12,2.079424516747609,0.29375924758457517
ICEWS,Indonesia,2006-11-01,Bilateral meeting on sidelines of APEC Summit,Third-party meeting,0,3.406238524123397,-0.2933115395618038
ICEWS,Indonesia,2006-11-01,Bilateral meeting on sidelines of APEC Summit,Third-party meeting,1,3.406238524123397,-0.2712820946938246
ICEWS,Indonesia,2006-11-01,Bilateral meeting on sidelines of APEC Summit,Third-party meeting,2,3.406238524123397,-1.9444646538775703
ICEWS,Indonesia,2006-11-01,Bilateral meeting on sidelines of APEC Summit,Third-party meeting,3,3.406238524123397,0.21523392427312205
ICEWS,Indonesia,2006-11-01,Bilateral meeting on sidelines of APEC Summit,Third-party meeting,6,3.406238524123397,0.01038342278858062
ICEWS,Indonesia,2006-11-01,Bilateral meeting on sidelines of APEC Summit,Third-party meeting,12,3.406238524123397,0.21340649168280068
ICEWS,Indonesia,2007-09-01,Bilateral meeting on sidelines of APEC Summit,Third-party meeting,0,2.6467591452775445,-1.5388114787280753
ICEWS,Indonesia,2007-09-01,Bilateral meeting on sidelines of APEC Summit,Third-party meeting,1,2.6467591452775445,1.6721955805435846
ICEWS,Indonesia,2007-09-01,Bilateral meeting on sidelines of APEC Summit,Third-party meeting,2,2.6467591452775445,0.9728858705286529
ICEWS,Indonesia,2007-09-01,Bilateral meeting on sidelines of APEC Summit,Third-party meeting,3,2.6467591452775445,-2.1467591452775463
ICEWS,Indonesia,2007-09-01,Bilateral meeting on sidelines of APEC Summit,Third-party meeting,6,2.6467591452775445,-1.4467591452775452
ICEWS,Indonesia,2007-09-01,Bilateral meeting on sidelines of APEC Summit,Third-party meeting,12,2.6467591452775445,-1.2804870380634363
ICEWS,Indonesia,2009-11-01,Bilateral meeting on sidelines of APEC Summit,Third-party meeting,0,3.239536476522954,-1.3842308242132533
ICEWS,Indonesia,2009-11-01,Bilateral meeting on sidelines of APEC Summit,Third-party meeting,1,3.239536476522954,-1.1072984639963441
ICEWS,Indonesia,2009-11-01,Bilateral meeting on sidelines of APEC Summit,Third-party meeting,2,3.239536476522954,-1.2915191216715918
ICEWS,Indonesia,2009-11-01,Bilateral meeting on sidelines of APEC Summit,Third-party meeting,3,3.239536476522954,-3.6395364765229545
ICEWS,Indonesia,2009-11-01,Bilateral meeting on sidelines of APEC Summit,Third-party meeting,6,3.239536476522954,-1.732835593119484
ICEWS,Indonesia,2009-11-01,Bilateral meeting on sidelines of APEC Summit,Third-party meeting,12,3.239536476522954,-0.4626597134840922
ICEWS,Indonesia,2011-04-01,Official visit to Indonesia,Chinese outbound visit,0,2.079736819973945,0.19739857582016462
ICEWS,Indonesia,2011-04-01,Official visit to Indonesia,Chinese outbound visit,1,2.079736819973945,-0.16194529895741283
ICEWS,Indonesia,2011-04-01,Official visit to Indonesia,Chinese outbound visit,2,2.079736819973945,-3.3700300298309944
ICEWS,Indonesia,2011-04-01,Official visit to Indonesia,Chinese outbound visit,3,2.079736819973945,-2.0614663641964874
ICEWS,Indonesia,2011-04-01,Official visit to Indonesia,Chinese outbound visit,6,2.079736819973945,-0.8714531633321485
ICEWS,Indonesia,2011-04-01,Official visit to Indonesia,Chinese outbound visit,12,2.079736819973945,-1.0050256061798564
ICEWS,Indonesia,2012-03-01,State visit to China,Partner inbound visit,0,1.6587199340157206,1.370549723257631
ICEWS,Indonesia,2012-03-01,State visit to China,Partner inbound visit,1,1.6587199340157206,-0.5840087202216317
ICEWS,Indonesia,2012-03-01,State visit to China,Partner inbound visit,2,1.6587199340157206,-2.0587199340157207
ICEWS,Indonesia,2012-03-01,State visit to China,Partner inbound visit,3,1.6587199340157206,0.2005211971839873
ICEWS,Indonesia,2012-03-01,State visit to China,Partner inbound visit,6,1.6587199340157206,-0.44498590318068953
ICEWS,Indonesia,2012-03-01,State visit to China,Partner inbound visit,12,1.6587199340157206,-3.658719934015719
ICEWS,Indonesia,2012-03-01,Bilateral meeting on sidelines of Nuclear Security Summit,Third-party meeting,0,1.6587199340157206,1.370549723257631
ICEWS,Indonesia,2012-03-01,Bilateral meeting on sidelines of Nuclear Security Summit,Third-party meeting,1,1.6587199340157206,-0.5840087202216317
ICEWS,Indonesia,2012-03-01,Bilateral meeting on sidelines of Nuclear Security Summit,Third-party meeting,2,1.6587199340157206,-2.0587199340157207
ICEWS,Indonesia,2012-03-01,Bilateral meeting on sidelines of Nuclear Security Summit,Third-party meeting,3,1.6587199340157206,0.2005211971839873
ICEWS,Indonesia,2012-03-01,Bilateral meeting on sidelines of Nuclear Security Summit,Third-party meeting,6,1.6587199340157206,-0.44498590318068953
ICEWS,Indonesia,2012-03-01,Bilateral meeting on sidelines of Nuclear Security Summit,Third-party meeting,12,1.6587199340157206,-3.658719934015719
ICEWS,Indonesia,2012-09-01,Bilateral meeting on sidelines of APEC Summit,Third-party meeting,0,2.592247098991687,-1.3785130681566558
ICEWS,Indonesia,2012-09-01,Bilateral meeting on sidelines of APEC Summit,Third-party meeting,1,2.592247098991687,-3.092247098991687
ICEWS,Indonesia,2012-09-01,Bilateral meeting on sidelines of APEC Summit,Third-party meeting,2,2.592247098991687,-0.9785130681566554
ICEWS,Indonesia,2012-09-01,Bilateral meeting on sidelines of APEC Summit,Third-party meeting,3,2.592247098991687,-1.5922470989916868
ICEWS,Indonesia,2012-09-01,Bilateral meeting on sidelines of APEC Summit,Third-party meeting,6,2.592247098991687,-4.5922470989916855
ICEWS,Indonesia,2012-09-01,Bilateral meeting on sidelines of APEC Summit,Third-party meeting,12,2.592247098991687,-0.10021152741047645
ICEWS,Indonesia,2013-10-01,State visit to Indonesia and proposal of Maritime Silk Road,Chinese outbound visit,0,2.1469396068882394,0.009825107884144924
ICEWS,Indonesia,2013-10-01,State visit to Indonesia and proposal of Maritime Silk Road,Chinese outbound visit,1,2.1469396068882394,-1.2743625514860217
ICEWS,Indonesia,2013-10-01,State visit to Indonesia and proposal of Maritime Silk Road,Chinese outbound visit,2,2.1469396068882394,-1.7058600165928497
ICEWS,Indonesia,2013-10-01,State visit to Indonesia and proposal of Maritime Silk Road,Chinese outbound visit,3,2.1469396068882394,-1.0497877746904973
ICEWS,Indonesia,2013-10-01,State visit to Indonesia and proposal of Maritime Silk Road,Chinese outbound visit,6,2.1469396068882394,-0.8302729402215729
ICEWS,Indonesia,2013-10-01,State visit to Indonesia and proposal of Maritime Silk Road,Chinese outbound visit,12,2.1469396068882394,-1.7778101124802856
ICEWS,Indonesia,2014-11-01,State visit to China and attendance at APEC Summit,Partner inbound visit,0,0.638314977000336,1.0469391531381014
ICEWS,Indonesia,2014-11-01,State visit to China and attendance at APEC Summit,Partner inbound visit,1,0.638314977000336,2.2929858384576853
ICEWS,Indonesia,2014-11-01,State visit to China and attendance at APEC Summit,Partner inbound visit,2,0.638314977000336,0.25317349148038737
ICEWS,Indonesia,2014-11-01,State visit to China and attendance at APEC Summit,Partner inbound visit,3,0.638314977000336,0.2160834528137343
ICEWS,Indonesia,2014-11-01,State visit to China and attendance at APEC Summit,Partner inbound visit,6,0.638314977000336,-0.2431129913116496
ICEWS,Indonesia,2014-11-01,State visit to China and attendance at APEC Summit,Partner inbound visit,12,0.638314977000336,-2.3133927790199085
ICEWS,Indonesia,2015-03-01,Bilateral meeting on sidelines of Boao Forum for Asia,Third-party meeting,0,1.5590625712509383,-0.7338139688215908
ICEWS,Indonesia,2015-03-01,Bilateral meeting on sidelines of Boao Forum for Asia,Third-party meeting,1,1.5590625712509383,1.0443366077167073
ICEWS,Indonesia,2015-03-01,Bilateral meeting on sidelines of Boao Forum for Asia,Third-party meeting,2,1.5590625712509383,-1.163860585562252
ICEWS,Indonesia,2015-03-01,Bilateral meeting on sidelines of Boao Forum for Asia,Third-party meeting,3,1.5590625712509383,2.4159374287490616
ICEWS,Indonesia,2015-03-01,Bilateral meeting on sidelines of Boao Forum for Asia,Third-party meeting,6,1.5590625712509383,1.2161776858125168
ICEWS,Indonesia,2015-03-01,Bilateral meeting on sidelines of Boao Forum for Asia,Third-party meeting,12,1.5590625712509383,-2.2290456238945273
ICEWS,Indonesia,2015-04-01,Bilateral meeting on sidelines of Bandung Conference commemoration,Third-party meeting,0,0.8570451669080471,1.7463540120595984
ICEWS,Indonesia,2015-04-01,Bilateral meeting on sidelines of Bandung Conference commemoration,Third-party meeting,1,0.8570451669080471,-0.4618431812193607
ICEWS,Indonesia,2015-04-01,Bilateral meeting on sidelines of Bandung Conference commemoration,Third-party meeting,2,0.8570451669080471,3.117954833091953
ICEWS,Indonesia,2015-04-01,Bilateral meeting on sidelines of Bandung Conference commemoration,Third-party meeting,3,0.8570451669080471,0.4118134389788738
ICEWS,Indonesia,2015-04-01,Bilateral meeting on sidelines of Bandung Conference commemoration,Third-party meeting,6,0.8570451669080471,-0.19681499071369346
ICEWS,Indonesia,2015-04-01,Bilateral meeting on sidelines of Bandung Conference commemoration,Third-party meeting,12,0.8570451669080471,-2.6869632370363763
ICEWS,Indonesia,2015-04-01,Bilateral meeting on sidelines of Asian-African Summit,Third-party meeting,0,0.8570451669080471,1.7463540120595984
ICEWS,Indonesia,2015-04-01,Bilateral meeting on sidelines of Asian-African Summit,Third-party meeting,1,0.8570451669080471,-0.4618431812193607
ICEWS,Indonesia,2015-04-01,Bilateral meeting on sidelines of Asian-African Summit,Third-party meeting,2,0.8570451669080471,3.117954833091953
ICEWS,Indonesia,2015-04-01,Bilateral meeting on sidelines of Asian-African Summit,Third-party meeting,3,0.8570451669080471,0.4118134389788738
ICEWS,Indonesia,2015-04-01,Bilateral meeting on sidelines of Asian-African Summit,Third-party meeting,6,0.8570451669080471,-0.19681499071369346
ICEWS,Indonesia,2015-04-01,Bilateral meeting on sidelines of Asian-African Summit,Third-party meeting,12,0.8570451669080471,-2.6869632370363763
ICEWS,Indonesia,2015-11-01,Bilateral meeting on sidelines of APEC Summit,Third-party meeting,0,1.1784901444192695,-2.853567946438842
ICEWS,Indonesia,2015-11-01,Bilateral meeting on sidelines of APEC Summit,Third-party meeting,1,1.1784901444192695,-4.6846714708814305
ICEWS,Indonesia,2015-11-01,Bilateral meeting on sidelines of APEC Summit,Third-party meeting,2,1.1784901444192695,1.3815098555807293
ICEWS,Indonesia,2015-11-01,Bilateral meeting on sidelines of APEC Summit,Third-party meeting,3,1.1784901444192695,-0.8784901444192688
ICEWS,Indonesia,2015-11-01,Bilateral meeting on sidelines of APEC Summit,Third-party meeting,6,1.1784901444192695,-3.434236893578108
ICEWS,Indonesia,2015-11-01,Bilateral meeting on sidelines of APEC Summit,Third-party meeting,12,1.1784901444192695,-3.345156811085939
ICEWS,Indonesia,2016-09-01,State visit to China and attendance at G20 Summit,Partner inbound visit,0,0.16507523705493968,1.7695661668222522
ICEWS,Indonesia,2016-09-01,State visit to China and attendance at G20 Summit,Partner inbound visit,1,0.16507523705493968,-0.47601545297748926
ICEWS,Indonesia,2016-09-01,State visit to China and attendance at G20 Summit,Partner inbound visit,2,0.16507523705493968,-2.331741903721609
ICEWS,Indonesia,2016-09-01,State visit to China and attendance at G20 Summit,Partner inbound visit,3,0.16507523705493968,0.9991383746657064
ICEWS,Indonesia,2016-09-01,State visit to China and attendance at G20 Summit,Partner inbound visit,6,0.16507523705493968,1.1823138973195555
ICEWS,Indonesia,2016-09-01,State visit to China and attendance at G20 Summit,Partner inbound visit,12,0.16507523705493968,-1.469635195136054
ICEWS,Indonesia,2017-05-01,Attendance at Belt and Road Forum for International Cooperation,Partner inbound visit,0,0.3485185509791684,1.4855593719878026
ICEWS,Indonesia,2017-05-01,Attendance at Belt and Road Forum for International Cooperation,Partner inbound visit,1,0.3485185509791684,4.15148144902083
ICEWS,Indonesia,2017-05-01,Attendance at Belt and Road Forum for International Cooperation,Partner inbound visit,2,0.3485185509791684,-1.925865879466592
ICEWS,Indonesia,2017-05-01,Attendance at Belt and Road Forum for International Cooperation,Partner inbound visit,3,0.3485185509791684,2.243055291379825
ICEWS,Indonesia,2017-05-01,Attendance at Belt and Road Forum for International Cooperation,Partner inbound visit,6,0.3485185509791684,2.1181481156874966
ICEWS,Indonesia,2017-05-01,Attendance at Belt and Road Forum for International Cooperation,Partner inbound visit,12,0.3485185509791684,2.409555058719981
ICEWS,Indonesia,2017-11-01,Bilateral meeting on sidelines of APEC Summit,Third-party meeting,0,0.0956712947592937,2.3709953719073713
ICEWS,Indonesia,2017-11-01,Bilateral meeting on sidelines of APEC Summit,Third-party meeting,1,0.0956712947592937,4.7755354926218345
ICEWS,Indonesia,2017-11-01,Bilateral meeting on sidelines of APEC Summit,Third-party meeting,2,0.0956712947592937,2.337662038574038
ICEWS,Indonesia,2017-11-01,Bilateral meeting on sidelines of APEC Summit,Third-party meeting,3,0.0956712947592937,0.4032598681635999
ICEWS,Indonesia,2017-11-01,Bilateral meeting on sidelines of APEC Summit,Third-party meeting,6,0.0956712947592937,2.6624023149398557
ICEWS,Indonesia,2017-11-01,Bilateral meeting on sidelines of APEC Summit,Third-party meeting,12,0.0956712947592937,1.4532449302067434
ICEWS,Indonesia,2018-11-01,Bilateral meeting on sidelines of APEC Summit,Third-party meeting,0,0.6536154750539603,0.8953007499120768
ICEWS,Indonesia,2018-11-01,Bilateral meeting on sidelines of APEC Summit,Third-party meeting,1,0.6536154750539603,0.8761389009677
ICEWS,Indonesia,2018-11-01,Bilateral meeting on sidelines of APEC Summit,Third-party meeting,2,0.6536154750539603,4.017591312327162
ICEWS,Indonesia,2018-11-01,Bilateral meeting on sidelines of APEC Summit,Third-party meeting,3,0.6536154750539603,2.1752554636098247
ICEWS,Indonesia,2018-11-01,Bilateral meeting on sidelines of APEC Summit,Third-party meeting,6,0.6536154750539603,-3.265639571536665
ICEWS,Indonesia,2018-11-01,Bilateral meeting on sidelines of APEC Summit,Third-party meeting,12,0.6536154750539603,-0.9869488083872925
ICEWS,Indonesia,2019-06-01,Bilateral meeting on sidelines of G20 Summit,Third-party meeting,0,-0.3926515743287732,1.3926515743287733
ICEWS,Indonesia,2019-06-01,Bilateral meeting on sidelines of G20 Summit,Third-party meeting,1,-0.3926515743287732,3.08484162643254
ICEWS,Indonesia,2019-06-01,Bilateral meeting on sidelines of G20 Summit,Third-party meeting,2,-0.3926515743287732,1.1372142208668001
ICEWS,Indonesia,2019-06-01,Bilateral meeting on sidelines of G20 Summit,Third-party meeting,3,-0.3926515743287732,0.39265157432877495
ICEWS,Indonesia,2019-06-01,Bilateral meeting on sidelines of G20 Summit,Third-party meeting,6,-0.3926515743287732,0.47328107792034346
ICEWS,Indonesia,2019-06-01,Bilateral meeting on sidelines of G20 Summit,Third-party meeting,12,-0.3926515743287732,0.12698700626285253
ICEWS,Indonesia,2020-11-01,Virtual bilateral meeting on sidelines of G20 Summit,Remote talk,0,1.636433163947401,1.3701906989706714
ICEWS,Indonesia,2020-11-01,Virtual bilateral meeting on sidelines of G20 Summit,Remote talk,1,1.636433163947401,2.944371360973352
ICEWS,Indonesia,2020-11-01,Virtual bilateral meeting on sidelines of G20 Summit,Remote talk,2,1.636433163947401,0.0704626828223085
ICEWS,Indonesia,2020-11-01,Virtual bilateral meeting on sidelines of G20 Summit,Remote talk,3,1.636433163947401,1.5088655365238164
ICEWS,Indonesia,2020-11-01,Virtual bilateral meeting on sidelines of G20 Summit,Remote talk,6,1.636433163947401,0.40435260599163203
ICEWS,Indonesia,2020-11-01,Virtual bilateral meeting on sidelines of G20 Summit,Remote talk,12,1.636433163947401,3.3248644344452822
ICEWS,Indonesia,2021-10-01,Virtual bilateral meeting on sidelines of G20 Summit,Remote talk,0,0.27269460605449386,0.20329657890078084
ICEWS,Indonesia,2021-10-01,Virtual bilateral meeting on sidelines of G20 Summit,Remote talk,1,0.27269460605449386,4.688602992338189
ICEWS,Indonesia,2021-10-01,Virtual bilateral meeting on sidelines of G20 Summit,Remote talk,2,0.27269460605449386,3.1206542760389158
ICEWS,Indonesia,2021-10-01,Virtual bilateral meeting on sidelines of G20 Summit,Remote talk,3,0.27269460605449386,0.8097719862730905
ICEWS,Indonesia,2021-10-01,Virtual bilateral meeting on sidelines of G20 Summit,Remote talk,6,0.27269460605449386,1.928417304529401
ICEWS,Indonesia,2021-10-01,Virtual bilateral meeting on sidelines of G20 Summit,Remote talk,12,0.27269460605449386,2.405687001048347
ICEWS,Indonesia,2022-07-01,Jokowi's State Visit to China (G20 discussion),Partner inbound visit,0,3.051730058057972,-0.35331955558822337
ICEWS,Indonesia,2022-07-01,Jokowi's State Visit to China (G20 discussion),Partner inbound visit,1,3.051730058057972,-1.8647750588198093
ICEWS,Indonesia,2022-07-01,Jokowi's State Visit to China (G20 discussion),Partner inbound visit,2,3.051730058057972,-1.8149259272802496
ICEWS,Indonesia,2022-07-01,Jokowi's State Visit to China (G20 discussion),Partner inbound visit,3,3.051730058057972,-0.37334845095513103
ICEWS,Indonesia,2022-07-01,Jokowi's State Visit to China (G20 discussion),Partner inbound visit,6,3.051730058057972,-2.085123876330176
ICEWS,Indonesia,2022-11-01,Bilateral meeting on sidelines of G20 Summit,Third-party meeting,0,1.700713579039575,0.8910097567994846
ICEWS,Indonesia,2022-11-01,Bilateral meeting on sidelines of G20 Summit,Third-party meeting,1,1.700713579039575,-0.23786761451311822
ICEWS,Indonesia,2022-11-01,Bilateral meeting on sidelines of G20 Summit,Third-party meeting,2,1.700713579039575,-0.7341073973117791
ICEWS,Indonesia,2022-11-01,Bilateral meeting on sidelines of G20 Summit,Third-party meeting,3,1.700713579039575,0.1603972774185436
ICEWS,Iran,2002-04-01,State visit to Iran,Chinese outbound visit,0,-2.1670438481400724,5.108308269921163
ICEWS,Iran,2002-04-01,State visit to Iran,Chinese outbound visit,1,-2.1670438481400724,6.1670438481400724
ICEWS,Iran,2002-04-01,State visit to Iran,Chinese outbound visit,2,-2.1670438481400724,6.190259454860402
ICEWS,Iran,2002-04-01,State visit to Iran,Chinese outbound visit,3,-2.1670438481400724,4.589890914102917
ICEWS,Iran,2002-04-01,State visit to Iran,Chinese outbound visit,6,-2.1670438481400724,6.30400927804497
ICEWS,Iran,2002-04-01,State visit to Iran,Chinese outbound visit,12,-2.1670438481400724,2.940881163687716
ICEWS,Iran,2006-06-01,Ahmadinejad attends SCO summit and meets Hu Jintao in Shanghai,Partner inbound visit,0,1.563542857471118,0.45889944965481533
ICEWS,Iran,2006-06-01,Ahmadinejad attends SCO summit and meets Hu Jintao in Shanghai,Partner inbound visit,1,1.563542857471118,-0.450094796466576
ICEWS,Iran,2006-06-01,Ahmadinejad attends SCO summit and meets Hu Jintao in Shanghai,Partner inbound visit,2,1.563542857471118,0.3230068735144742
ICEWS,Iran,2006-06-01,Ahmadinejad attends SCO summit and meets Hu Jintao in Shanghai,Partner inbound visit,3,1.563542857471118,-0.5682823461748024
ICEWS,Iran,2006-06-01,Ahmadinejad attends SCO summit and meets Hu Jintao in Shanghai,Partner inbound visit,6,1.563542857471118,-0.10895809571048609
ICEWS,Iran,2006-06-01,Ahmadinejad attends SCO summit and meets Hu Jintao in Shanghai,Partner inbound visit,12,1.563542857471118,-2.7595592986817525
ICEWS,Iran,2014-05-01,State visit to China and attendance at CICA summit,Partner inbound visit,0,2.639724057968235,-0.41503303535928193
ICEWS,Iran,2014-05-01,State visit to China and attendance at CICA summit,Partner inbound visit,1,2.639724057968235,0.11297112960625899
ICEWS,Iran,2014-05-01,State visit to China and attendance at CICA summit,Partner inbound visit,2,2.639724057968235,-0.46018702224039476
ICEWS,Iran,2014-05-01,State visit to China and attendance at CICA summit,Partner inbound visit,3,2.639724057968235,0.4412318125602921
ICEWS,Iran,2014-05-01,State visit to China and attendance at CICA summit,Partner inbound visit,6,2.639724057968235,0.07214294795184006
ICEWS,Iran,2014-05-01,State visit to China and attendance at CICA summit,Partner inbound visit,12,2.639724057968235,0.33672562459129995
ICEWS,Iran,2016-01-01,State visit to Iran and establishment of comprehensive strategic partnership,Chinese outbound visit,0,2.797465008867336,-0.07997462970625335
ICEWS,Iran,2016-01-01,State visit to Iran and establishment of comprehensive strategic partnership,Chinese outbound visit,1,2.797465008867336,1.622240791208938
ICEWS,Iran,2016-01-01,State visit to Iran and establishment of comprehensive strategic partnership,Chinese outbound visit,2,2.797465008867336,-0.5150908026130576
ICEWS,Iran,2016-01-01,State visit to Iran and establishment of comprehensive strategic partnership,Chinese outbound visit,3,2.797465008867336,1.190587777950297
ICEWS,Iran,2016-01-01,State visit to Iran and establishment of comprehensive strategic partnership,Chinese outbound visit,6,2.797465008867336,0.3737417785137911
ICEWS,Iran,2016-01-01,State visit to Iran and establishment of comprehensive strategic partnership,Chinese outbound visit,12,2.797465008867336,0.7105407810083246
ICEWS,Iran,2023-02-01,State visit to China,Partner inbound visit,0,3.736604698928867,-0.9316792046013167
ICEWS,Iran,2023-02-01,State visit to China,Partner inbound visit,1,3.736604698928867,0.5499198132950869
ICEWS,Iran,2023-02-01,State visit to China,Partner inbound visit,2,3.736604698928867,-1.8997336178540027
ICEWS,Italy,2004-05-01,Official visit to Italy,Chinese outbound visit,0,2.5151279865873346,-0.2023480533396218
ICEWS,Italy,2004-05-01,Official visit to Italy,Chinese outbound visit,1,2.5151279865873346,-2.482397095688056
ICEWS,Italy,2004-05-01,Official visit to Italy,Chinese outbound visit,2,2.5151279865873346,-1.1391765714916695
ICEWS,Italy,2004-05-01,Official visit to Italy,Chinese outbound visit,3,2.5151279865873346,-1.5151279865873346
ICEWS,Italy,2004-05-01,Official visit to Italy,Chinese outbound visit,6,2.5151279865873346,2.7348720134126654
ICEWS,Italy,2004-05-01,Official visit to Italy,Chinese outbound visit,12,2.5151279865873346,-0.6201856034124986
ICEWS,Italy,2008-08-01,Attends Beijing Olympics opening ceremony,Third-party meeting,0,2.0824903971958046,-1.993322065032705
ICEWS,Italy,2008-08-01,Attends Beijing Olympics opening ceremony,Third-party meeting,1,2.0824903971958046,-2.8350192056083876
ICEWS,Italy,2008-08-01,Attends Beijing Olympics opening ceremony,Third-party meeting,2,2.0824903971958046,-1.8856165835501328
ICEWS,Italy,2008-08-01,Attends Beijing Olympics opening ceremony,Third-party meeting,3,2.0824903971958046,1.1406562535269047
ICEWS,Italy,2008-08-01,Attends Beijing Olympics opening ceremony,Third-party meeting,6,2.0824903971958046,-1.0921471716402453
ICEWS,Italy,2008-08-01,Attends Beijing Olympics opening ceremony,Third-party meeting,12,2.0824903971958046,-0.9112836098146757
ICEWS,Italy,2014-06-01,Official visit to Italy,Chinese outbound visit,0,1.45955460610261,1.7059630636833691
ICEWS,Italy,2014-06-01,Official visit to Italy,Chinese outbound visit,1,1.45955460610261,2.6890884437065976
ICEWS,Italy,2014-06-01,Official visit to Italy,Chinese outbound visit,2,1.45955460610261,3.740445393897386
ICEWS,Italy,2014-06-01,Official visit to Italy,Chinese outbound visit,3,1.45955460610261,-0.1363384895338582
ICEWS,Italy,2014-06-01,Official visit to Italy,Chinese outbound visit,6,1.45955460610261,-4.388511173366889
ICEWS,Italy,2014-06-01,Official visit to Italy,Chinese outbound visit,12,1.45955460610261,0.29044539389738655
ICEWS,Italy,2019-03-01,State visit to Italy,Chinese outbound visit,0,3.3022838035802775,0.2960845348629695
ICEWS,Italy,2019-03-01,State visit to Italy,Chinese outbound visit,1,3.3022838035802775,-0.14883945601731918
ICEWS,Italy,2019-03-01,State visit to Italy,Chinese outbound visit,2,3.3022838035802775,-3.3022838035802757
ICEWS,Italy,2019-03-01,State visit to Italy,Chinese outbound visit,3,3.3022838035802775,-1.4286032606822858
ICEWS,Italy,2019-03-01,State visit to Italy,Chinese outbound visit,6,3.3022838035802775,-0.42394661572529246
ICEWS,Italy,2019-03-01,State visit to Italy,Chinese outbound visit,12,3.3022838035802775,0.18485807268094367
ICEWS,Japan,2003-06-01,Meeting on sidelines of G8 Summit in Evian,Third-party meeting,0,2.1970857597713294,-1.100243415687627
ICEWS,Japan,2003-06-01,Meeting on sidelines of G8 Summit in Evian,Third-party meeting,1,2.1970857597713294,-0.3460451495212289
ICEWS,Japan,2003-06-01,Meeting on sidelines of G8 Summit in Evian,Third-party meeting,2,2.1970857597713294,-0.31887409350595575
ICEWS,Japan,2003-06-01,Meeting on sidelines of G8 Summit in Evian,Third-party meeting,3,2.1970857597713294,-0.6086406103583957
ICEWS,Japan,2003-06-01,Meeting on sidelines of G8 Summit in Evian,Third-party meeting,6,2.1970857597713294,-1.228728529539635
ICEWS,Japan,2003-06-01,Meeting on sidelines of G8 Summit in Evian,Third-party meeting,12,2.1970857597713294,-0.778248932969539
ICEWS,Japan,2003-10-01,Meeting on sidelines of APEC Summit in Bangkok,Third-party meeting,0,1.7725658086428027,0.32782630302427407
ICEWS,Japan,2003-10-01,Meeting on sidelines of APEC Summit in Bangkok,Third-party meeting,1,1.7725658086428027,0.09789476480323245
ICEWS,Japan,2003-10-01,Meeting on sidelines of APEC Summit in Bangkok,Third-party meeting,2,1.7725658086428027,-0.8042085784111083
ICEWS,Japan,2003-10-01,Meeting on sidelines of APEC Summit in Bangkok,Third-party meeting,3,1.7725658086428027,-2.0006671323025973
ICEWS,Japan,2003-10-01,Meeting on sidelines of APEC Summit in Bangkok,Third-party meeting,6,1.7725658086428027,0.3394317696399831
ICEWS,Japan,2003-10-01,Meeting on sidelines of APEC Summit in Bangkok,Third-party meeting,12,1.7725658086428027,-0.6367103727952053
ICEWS,Japan,2004-11-01,Meeting on sidelines of APEC Summit in Santiago,Third-party meeting,0,1.1508971559254533,-0.022234730044698336
ICEWS,Japan,2004-11-01,Meeting on sidelines of APEC Summit in Santiago,Third-party meeting,1,1.1508971559254533,-0.9806662273765088
ICEWS,Japan,2004-11-01,Meeting on sidelines of APEC Summit in Santiago,Third-party meeting,2,1.1508971559254533,-0.1782028728744941
ICEWS,Japan,2004-11-01,Meeting on sidelines of APEC Summit in Santiago,Third-party meeting,3,1.1508971559254533,-0.6183009258259264
ICEWS,Japan,2004-11-01,Meeting on sidelines of APEC Summit in Santiago,Third-party meeting,6,1.1508971559254533,-0.7595700150832954
ICEWS,Japan,2004-11-01,Meeting on sidelines of APEC Summit in Santiago,Third-party meeting,12,1.1508971559254533,-0.42724496840646853
ICEWS,Japan,2005-04-01,Meeting on sidelines of Asia-Africa Summit in Jakarta,Third-party meeting,0,0.4746047853460281,-1.0024117100943752
ICEWS,Japan,2005-04-01,Meeting on sidelines of Asia-Africa Summit in Jakarta,Third-party meeting,1,0.4746047853460281,-0.08327764450387021
ICEWS,Japan,2005-04-01,Meeting on sidelines of Asia-Africa Summit in Jakarta,Third-party meeting,2,0.4746047853460281,-0.10787202602167112
ICEWS,Japan,2005-04-01,Meeting on sidelines of Asia-Africa Summit in Jakarta,Third-party meeting,3,0.4746047853460281,-0.08718917874190579
ICEWS,Japan,2005-04-01,Meeting on sidelines of Asia-Africa Summit in Jakarta,Third-party meeting,6,0.4746047853460281,0.9980689023293076
ICEWS,Japan,2005-04-01,Meeting on sidelines of Asia-Africa Summit in Jakarta,Third-party meeting,12,0.4746047853460281,0.4247033089087692
ICEWS,Japan,2006-10-01,Abe First Visit,Partner inbound visit,0,0.7793268110514221,1.3791148249149239
ICEWS,Japan,2006-10-01,Abe First Visit,Partner inbound visit,1,0.7793268110514221,1.3244253027519037
ICEWS,Japan,2006-10-01,Abe First Visit,Partner inbound visit,2,0.7793268110514221,1.0079638932606412
ICEWS,Japan,2006-10-01,Abe First Visit,Partner inbound visit,3,0.7793268110514221,1.0890808331417317
ICEWS,Japan,2006-10-01,Abe First Visit,Partner inbound visit,6,0.7793268110514221,1.3264600349241893
ICEWS,Japan,2006-10-01,Abe First Visit,Partner inbound visit,12,0.7793268110514221,0.6191916879713061
ICEWS,Japan,2007-01-01,Meeting on sidelines of East Asia Summit in Cebu,Third-party meeting,0,2.0164948180272453,-0.14808717383409165
ICEWS,Japan,2007-01-01,Meeting on sidelines of East Asia Summit in Cebu,Third-party meeting,1,2.0164948180272453,0.2616790300083278
ICEWS,Japan,2007-01-01,Meeting on sidelines of East Asia Summit in Cebu,Third-party meeting,2,2.0164948180272453,0.41243597586123615
ICEWS,Japan,2007-01-01,Meeting on sidelines of East Asia Summit in Cebu,Third-party meeting,3,2.0164948180272453,0.08929202794836621
ICEWS,Japan,2007-01-01,Meeting on sidelines of East Asia Summit in Cebu,Third-party meeting,6,2.0164948180272453,-0.4840399705092644
ICEWS,Japan,2007-01-01,Meeting on sidelines of East Asia Summit in Cebu,Third-party meeting,12,2.0164948180272453,0.13839816915590442
ICEWS,Japan,2007-04-01,Official visit to Japan for bilateral talks,Chinese outbound visit,0,2.1918374287057363,-0.08605058273012478
ICEWS,Japan,2007-04-01,Official visit to Japan for bilateral talks,Chinese outbound visit,1,2.1918374287057363,-0.5550950091278208
ICEWS,Japan,2007-04-01,Official visit to Japan for bilateral talks,Chinese outbound visit,2,2.1918374287057363,-1.0767975061307213
ICEWS,Japan,2007-04-01,Official visit to Japan for bilateral talks,Chinese outbound visit,3,2.1918374287057363,-0.6593825811877554
ICEWS,Japan,2007-04-01,Official visit to Japan for bilateral talks,Chinese outbound visit,6,2.1918374287057363,-0.7933189296830081
ICEWS,Japan,2007-04-01,Official visit to Japan for bilateral talks,Chinese outbound visit,12,2.1918374287057363,-0.40634696674167525
ICEWS,Japan,2007-12-01,Official visit to China for bilateral summit,Partner inbound visit,0,2.30659548788727,-0.2093859792252335
ICEWS,Japan,2007-12-01,Official visit to China for bilateral summit,Partner inbound visit,1,2.30659548788727,-0.15170250070412017
ICEWS,Japan,2007-12-01,Official visit to China for bilateral summit,Partner inbound visit,2,2.30659548788727,0.201972240698991
ICEWS,Japan,2007-12-01,Official visit to China for bilateral summit,Partner inbound visit,3,2.30659548788727,-0.6594905600260095
ICEWS,Japan,2007-12-01,Official visit to China for bilateral summit,Partner inbound visit,6,2.30659548788727,0.6553392172954684
ICEWS,Japan,2007-12-01,Official visit to China for bilateral summit,Partner inbound visit,12,2.30659548788727,0.1075587318551392
ICEWS,Japan,2008-05-01,State visit to Japan for bilateral summit,Chinese outbound visit,0,1.9803877061371942,0.8432372037657772
ICEWS,Japan,2008-05-01,State visit to Japan for bilateral summit,Chinese outbound visit,1,1.9803877061371942,0.9815469990455441
ICEWS,Japan,2008-05-01,State visit to Japan for bilateral summit,Chinese outbound visit,2,1.9803877061371942,0.7505841493187984
ICEWS,Japan,2008-05-01,State visit to Japan for bilateral summit,Chinese outbound visit,3,1.9803877061371942,0.2728886992044164
ICEWS,Japan,2008-05-01,State visit to Japan for bilateral summit,Chinese outbound visit,6,1.9803877061371942,0.0809809523676066
ICEWS,Japan,2008-05-01,State visit to Japan for bilateral summit,Chinese outbound visit,12,1.9803877061371942,0.19760190500831532
ICEWS,Japan,2008-05-01,Hu Visits Japan,Chinese outbound visit,0,1.9803877061371942,0.8432372037657772
ICEWS,Japan,2008-05-01,Hu Visits Japan,Chinese outbound visit,1,1.9803877061371942,0.9815469990455441
ICEWS,Japan,2008-05-01,Hu Visits Japan,Chinese outbound visit,2,1.9803877061371942,0.7505841493187984
ICEWS,Japan,2008-05-01,Hu Visits Japan,Chinese outbound visit,3,1.9803877061371942,0.2728886992044164
ICEWS,Japan,2008-05-01,Hu Visits Japan,Chinese outbound visit,6,1.9803877061371942,0.0809809523676066
ICEWS,Japan,2008-05-01,Hu Visits Japan,Chinese outbound visit,12,1.9803877061371942,0.19760190500831532
ICEWS,Japan,2008-07-01,Meeting on sidelines of G8 Summit in Toyako,Third-party meeting,0,2.5236833590165904,0.20728849643940217
ICEWS,Japan,2008-07-01,Meeting on sidelines of G8 Summit in Toyako,Third-party meeting,1,2.5236833590165904,-0.2704069536749798
ICEWS,Japan,2008-07-01,Meeting on sidelines of G8 Summit in Toyako,Third-party meeting,2,2.5236833590165904,-0.23757287148812223
ICEWS,Japan,2008-07-01,Meeting on sidelines of G8 Summit in Toyako,Third-party meeting,3,2.5236833590165904,-0.17011521924349537
ICEWS,Japan,2008-07-01,Meeting on sidelines of G8 Summit in Toyako,Third-party meeting,6,2.5236833590165904,-0.7634413272138292
ICEWS,Japan,2008-07-01,Meeting on sidelines of G8 Summit in Toyako,Third-party meeting,12,2.5236833590165904,-1.0179880802948804
ICEWS,Japan,2008-11-01,Meeting on sidelines of APEC Summit in Lima,Third-party meeting,0,2.2976516775477247,-0.23628301904292393
ICEWS,Japan,2008-11-01,Meeting on sidelines of APEC Summit in Lima,Third-party meeting,1,2.2976516775477247,0.11650254219468437
ICEWS,Japan,2008-11-01,Meeting on sidelines of APEC Summit in Lima,Third-party meeting,2,2.2976516775477247,-0.5374096457449635
ICEWS,Japan,2008-11-01,Meeting on sidelines of APEC Summit in Lima,Third-party meeting,3,2.2976516775477247,0.3631806567760343
ICEWS,Japan,2008-11-01,Meeting on sidelines of APEC Summit in Lima,Third-party meeting,6,2.2976516775477247,-0.11966206640221522
ICEWS,Japan,2008-11-01,Meeting on sidelines of APEC Summit in Lima,Third-party meeting,12,2.2976516775477247,0.2997662114975306
ICEWS,Japan,2009-04-01,Official visit to China for bilateral talks,Partner inbound visit,0,2.034704452456806,-0.09369772517721664
ICEWS,Japan,2009-04-01,Official visit to China for bilateral talks,Partner inbound visit,1,2.034704452456806,0.14328515868870362
ICEWS,Japan,2009-04-01,Official visit to China for bilateral talks,Partner inbound visit,2,2.034704452456806,0.04174162469801779
ICEWS,Japan,2009-04-01,Official visit to China for bilateral talks,Partner inbound visit,3,2.034704452456806,-0.5290091737350959
ICEWS,Japan,2009-04-01,Official visit to China for bilateral talks,Partner inbound visit,6,2.034704452456806,0.2723165444626545
ICEWS,Japan,2009-04-01,Official visit to China for bilateral talks,Partner inbound visit,12,2.034704452456806,-2.450509306240283
ICEWS,Japan,2009-09-01,Meeting on sidelines of UN General Assembly in New York,Third-party meeting,0,1.2577754139074024,1.066024687174498
ICEWS,Japan,2009-09-01,Meeting on sidelines of UN General Assembly in New York,Third-party meeting,1,1.2577754139074024,1.049245583012058
ICEWS,Japan,2009-09-01,Meeting on sidelines of UN General Assembly in New York,Third-party meeting,2,1.2577754139074024,1.3396424751378528
ICEWS,Japan,2009-09-01,Meeting on sidelines of UN General Assembly in New York,Third-party meeting,3,1.2577754139074024,0.3468071080127195
ICEWS,Japan,2009-09-01,Meeting on sidelines of UN General Assembly in New York,Third-party meeting,6,1.2577754139074024,1.0563568189677504
ICEWS,Japan,2009-09-01,Meeting on sidelines of UN General Assembly in New York,Third-party meeting,12,1.2577754139074024,-1.816469750466257
ICEWS,Japan,2009-11-01,Meeting on sidelines of APEC Summit in Singapore,Third-party meeting,0,1.6073353279490117,0.9900825610962436
ICEWS,Japan,2009-11-01,Meeting on sidelines of APEC Summit in Singapore,Third-party meeting,1,1.6073353279490117,-0.0027528060288897205
ICEWS,Japan,2009-11-01,Meeting on sidelines of APEC Summit in Singapore,Third-party meeting,2,1.6073353279490117,-1.0390079017722182
ICEWS,Japan,2009-11-01,Meeting on sidelines of APEC Summit in Singapore,Third-party meeting,3,1.6073353279490117,-0.032537973491987726
ICEWS,Japan,2009-11-01,Meeting on sidelines of APEC Summit in Singapore,Third-party meeting,6,1.6073353279490117,0.21176408170179872
ICEWS,Japan,2009-11-01,Meeting on sidelines of APEC Summit in Singapore,Third-party meeting,12,1.6073353279490117,-0.9860532116835123
ICEWS,Japan,2010-04-01,Meeting on sidelines of Nuclear Security Summit in Washington,Third-party meeting,0,1.4857523378363233,-1.9015571916198006
ICEWS,Japan,2010-04-01,Meeting on sidelines of Nuclear Security Summit in Washington,Third-party meeting,1,1.4857523378363233,0.3333470718144871
ICEWS,Japan,2010-04-01,Meeting on sidelines of Nuclear Security Summit in Washington,Third-party meeting,2,1.4857523378363233,0.6322398580304174
ICEWS,Japan,2010-04-01,Meeting on sidelines of Nuclear Security Summit in Washington,Third-party meeting,3,1.4857523378363233,-0.12884760572342135
ICEWS,Japan,2010-04-01,Meeting on sidelines of Nuclear Security Summit in Washington,Third-party meeting,6,1.4857523378363233,-1.6407204626673793
ICEWS,Japan,2010-04-01,Meeting on sidelines of Nuclear Security Summit in Washington,Third-party meeting,12,1.4857523378363233,0.10539713974845166
ICEWS,Japan,2010-05-01,Official visit to Japan for bilateral talks,Chinese outbound visit,0,1.1577082445162332,0.6613911651345772
ICEWS,Japan,2010-05-01,Official visit to Japan for bilateral talks,Chinese outbound visit,1,1.1577082445162332,0.9602839513505075
ICEWS,Japan,2010-05-01,Official visit to Japan for bilateral talks,Chinese outbound visit,2,1.1577082445162332,0.19919648759666875
ICEWS,Japan,2010-05-01,Official visit to Japan for bilateral talks,Chinese outbound visit,3,1.1577082445162332,1.661383002278668
ICEWS,Japan,2010-05-01,Official visit to Japan for bilateral talks,Chinese outbound visit,6,1.1577082445162332,-0.5364261282507339
ICEWS,Japan,2010-05-01,Official visit to Japan for bilateral talks,Chinese outbound visit,12,1.1577082445162332,0.552223725929186
ICEWS,Japan,2010-06-01,Meeting on sidelines of G20 Summit in Toronto,Third-party meeting,0,1.239142262914162,0.8788499329525787
ICEWS,Japan,2010-06-01,Meeting on sidelines of G20 Summit in Toronto,Third-party meeting,1,1.239142262914162,0.11776246919874
ICEWS,Japan,2010-06-01,Meeting on sidelines of G20 Summit in Toronto,Third-party meeting,2,1.239142262914162,1.5799489838807392
ICEWS,Japan,2010-06-01,Meeting on sidelines of G20 Summit in Toronto,Third-party meeting,3,1.239142262914162,-1.7978365994730166
ICEWS,Japan,2010-06-01,Meeting on sidelines of G20 Summit in Toronto,Third-party meeting,6,1.239142262914162,-0.6267243307946704
ICEWS,Japan,2010-06-01,Meeting on sidelines of G20 Summit in Toronto,Third-party meeting,12,1.239142262914162,1.0084529196042638
ICEWS,Japan,2010-10-01,Meeting on sidelines of East Asia Summit in Hanoi,Third-party meeting,0,1.2057672141163163,-1.3607353389473722
ICEWS,Japan,2010-10-01,Meeting on sidelines of East Asia Summit in Hanoi,Third-party meeting,1,1.2057672141163163,-0.5844850978508169
ICEWS,Japan,2010-10-01,Meeting on sidelines of East Asia Summit in Hanoi,Third-party meeting,2,1.2057672141163163,-0.5933492819968247
ICEWS,Japan,2010-10-01,Meeting on sidelines of East Asia Summit in Hanoi,Third-party meeting,3,1.2057672141163163,0.47903237751334604
ICEWS,Japan,2010-10-01,Meeting on sidelines of East Asia Summit in Hanoi,Third-party meeting,6,1.2057672141163163,0.3853822634684587
ICEWS,Japan,2010-10-01,Meeting on sidelines of East Asia Summit in Hanoi,Third-party meeting,12,1.2057672141163163,0.7732023279916078
ICEWS,Japan,2010-11-01,Meeting on sidelines of APEC Summit in Yokohama,Third-party meeting,0,0.7018095951349969,-0.08052747886949752
ICEWS,Japan,2010-11-01,Meeting on sidelines of APEC Summit in Yokohama,Third-party meeting,1,0.7018095951349969,-0.08939166301550527
ICEWS,Japan,2010-11-01,Meeting on sidelines of APEC Summit in Yokohama,Third-party meeting,2,0.7018095951349969,0.9829899964946655
ICEWS,Japan,2010-11-01,Meeting on sidelines of APEC Summit in Yokohama,Third-party meeting,3,0.7018095951349969,-0.17998083963882172
ICEWS,Japan,2010-11-01,Meeting on sidelines of APEC Summit in Yokohama,Third-party meeting,6,0.7018095951349969,1.0081223753104225
ICEWS,Japan,2010-11-01,Meeting on sidelines of APEC Summit in Yokohama,Third-party meeting,12,0.7018095951349969,1.5245303495633205
ICEWS,Japan,2011-05-01,Official visit to Japan for bilateral talks,Chinese outbound visit,0,1.4440271008549768,0.26590486959044246
ICEWS,Japan,2011-05-01,Official visit to Japan for bilateral talks,Chinese outbound visit,1,1.4440271008549768,0.803568081663449
ICEWS,Japan,2011-05-01,Official visit to Japan for bilateral talks,Chinese outbound visit,2,1.4440271008549768,0.12691213762370812
ICEWS,Japan,2011-05-01,Official visit to Japan for bilateral talks,Chinese outbound visit,3,1.4440271008549768,-0.36065219059280085
ICEWS,Japan,2011-05-01,Official visit to Japan for bilateral talks,Chinese outbound visit,6,1.4440271008549768,0.7823128438433404
ICEWS,Japan,2011-05-01,Official visit to Japan for bilateral talks,Chinese outbound visit,12,1.4440271008549768,0.16135707426022106
ICEWS,Japan,2011-11-01,Meeting on sidelines of APEC Summit in Honolulu,Third-party meeting,0,1.3708403033895304,0.8554996413087868
ICEWS,Japan,2011-11-01,Meeting on sidelines of APEC Summit in Honolulu,Third-party meeting,1,1.3708403033895304,1.2889183317392405
ICEWS,Japan,2011-11-01,Meeting on sidelines of APEC Summit in Honolulu,Third-party meeting,2,1.3708403033895304,-2.2546579154790143
ICEWS,Japan,2011-11-01,Meeting on sidelines of APEC Summit in Honolulu,Third-party meeting,3,1.3708403033895304,-0.5949777378396568
ICEWS,Japan,2011-11-01,Meeting on sidelines of APEC Summit in Honolulu,Third-party meeting,6,1.3708403033895304,0.23454387172566737
ICEWS,Japan,2011-11-01,Meeting on sidelines of APEC Summit in Honolulu,Third-party meeting,12,1.3708403033895304,-1.133176641019438
ICEWS,Japan,2011-12-01,Official visit to China for bilateral talks,Partner inbound visit,0,1.7518286482015775,0.9079299869271935
ICEWS,Japan,2011-12-01,Official visit to China for bilateral talks,Partner inbound visit,1,1.7518286482015775,-2.635646260291061
ICEWS,Japan,2011-12-01,Official visit to China for bilateral talks,Partner inbound visit,2,1.7518286482015775,-0.9759660826517038
ICEWS,Japan,2011-12-01,Official visit to China for bilateral talks,Partner inbound visit,3,1.7518286482015775,-0.6220709002735936
ICEWS,Japan,2011-12-01,Official visit to China for bilateral talks,Partner inbound visit,6,1.7518286482015775,-0.9345424942401177
ICEWS,Japan,2011-12-01,Official visit to China for bilateral talks,Partner inbound visit,12,1.7518286482015775,-0.8052864035431373
ICEWS,Japan,2011-12-01,Official visit to China for bilateral summit,Partner inbound visit,0,1.7518286482015775,0.9079299869271935
ICEWS,Japan,2011-12-01,Official visit to China for bilateral summit,Partner inbound visit,1,1.7518286482015775,-2.635646260291061
ICEWS,Japan,2011-12-01,Official visit to China for bilateral summit,Partner inbound visit,2,1.7518286482015775,-0.9759660826517038
ICEWS,Japan,2011-12-01,Official visit to China for bilateral summit,Partner inbound visit,3,1.7518286482015775,-0.6220709002735936
ICEWS,Japan,2011-12-01,Official visit to China for bilateral summit,Partner inbound visit,6,1.7518286482015775,-0.9345424942401177
ICEWS,Japan,2011-12-01,Official visit to China for bilateral summit,Partner inbound visit,12,1.7518286482015775,-0.8052864035431373
ICEWS,Japan,2012-05-01,Meeting on sidelines of China-Japan-Korea summit in Beijing,Partner inbound visit,0,1.2786133555761574,0.3267708195390404
ICEWS,Japan,2012-05-01,Meeting on sidelines of China-Japan-Korea summit in Beijing,Partner inbound visit,1,1.2786133555761574,-0.46132720161469765
ICEWS,Japan,2012-05-01,Meeting on sidelines of China-Japan-Korea summit in Beijing,Partner inbound visit,2,1.2786133555761574,-1.6372099045576918
ICEWS,Japan,2012-05-01,Meeting on sidelines of China-Japan-Korea summit in Beijing,Partner inbound visit,3,1.2786133555761574,-1.6325143572909444
ICEWS,Japan,2012-05-01,Meeting on sidelines of China-Japan-Korea summit in Beijing,Partner inbound visit,6,1.2786133555761574,-1.040949693206065
ICEWS,Japan,2012-05-01,Meeting on sidelines of China-Japan-Korea summit in Beijing,Partner inbound visit,12,1.2786133555761574,-1.2279844472588697
ICEWS,Japan,2012-09-01,Meeting on sidelines of APEC Summit in Vladivostok,Third-party meeting,0,0.034929534421712795,-0.8519604487173483
ICEWS,Japan,2012-09-01,Meeting on sidelines of APEC Summit in Vladivostok,Third-party meeting,1,0.034929534421712795,-0.08812835372102748
ICEWS,Japan,2012-09-01,Meeting on sidelines of APEC Summit in Vladivostok,Third-party meeting,2,0.034929534421712795,0.20273412794837972
ICEWS,Japan,2012-09-01,Meeting on sidelines of APEC Summit in Vladivostok,Third-party meeting,3,0.034929534421712795,0.9116127102367274
ICEWS,Japan,2012-09-01,Meeting on sidelines of APEC Summit in Vladivostok,Third-party meeting,6,0.034929534421712795,1.0466128610256071
ICEWS,Japan,2012-09-01,Meeting on sidelines of APEC Summit in Vladivostok,Third-party meeting,12,0.034929534421712795,0.903188244361336
ICEWS,Japan,2014-11-01,APEC Xi-Abe Meeting,Third-party meeting,0,1.2084717870937631,1.2346331755345055
ICEWS,Japan,2014-11-01,APEC Xi-Abe Meeting,Third-party meeting,1,1.2084717870937631,0.22929571629835332
ICEWS,Japan,2014-11-01,APEC Xi-Abe Meeting,Third-party meeting,2,1.2084717870937631,0.11132962858821815
ICEWS,Japan,2014-11-01,APEC Xi-Abe Meeting,Third-party meeting,3,1.2084717870937631,0.9664887312055022
ICEWS,Japan,2014-11-01,APEC Xi-Abe Meeting,Third-party meeting,6,1.2084717870937631,0.6523597064431206
ICEWS,Japan,2014-11-01,APEC Xi-Abe Meeting,Third-party meeting,12,1.2084717870937631,-0.42383858337562264
ICEWS,Japan,2014-11-01,Meeting on sidelines of APEC Summit in Beijing,Third-party meeting,0,1.2084717870937631,1.2346331755345055
ICEWS,Japan,2014-11-01,Meeting on sidelines of APEC Summit in Beijing,Third-party meeting,1,1.2084717870937631,0.22929571629835332
ICEWS,Japan,2014-11-01,Meeting on sidelines of APEC Summit in Beijing,Third-party meeting,2,1.2084717870937631,0.11132962858821815
ICEWS,Japan,2014-11-01,Meeting on sidelines of APEC Summit in Beijing,Third-party meeting,3,1.2084717870937631,0.9664887312055022
ICEWS,Japan,2014-11-01,Meeting on sidelines of APEC Summit in Beijing,Third-party meeting,6,1.2084717870937631,0.6523597064431206
ICEWS,Japan,2014-11-01,Meeting on sidelines of APEC Summit in Beijing,Third-party meeting,12,1.2084717870937631,-0.42383858337562264
ICEWS,Japan,2015-04-01,Meeting on sidelines of Asia-Africa Summit in Jakarta,Third-party meeting,0,1.7447100672589038,0.17662015631672467
ICEWS,Japan,2015-04-01,Meeting on sidelines of Asia-Africa Summit in Jakarta,Third-party meeting,1,1.7447100672589038,0.11612142627797994
ICEWS,Japan,2015-04-01,Meeting on sidelines of Asia-Africa Summit in Jakarta,Third-party meeting,2,1.7447100672589038,-0.21972495655310986
ICEWS,Japan,2015-04-01,Meeting on sidelines of Asia-Africa Summit in Jakarta,Third-party meeting,3,1.7447100672589038,-1.8821537834410798
ICEWS,Japan,2015-04-01,Meeting on sidelines of Asia-Africa Summit in Jakarta,Third-party meeting,6,1.7447100672589038,-0.44061517265251915
ICEWS,Japan,2015-04-01,Meeting on sidelines of Asia-Africa Summit in Jakarta,Third-party meeting,12,1.7447100672589038,0.35533767172068664
ICEWS,Japan,2015-11-01,Meeting on sidelines of APEC Summit in Manila,Third-party meeting,0,0.06437008391544492,0.7202631198026955
ICEWS,Japan,2015-11-01,Meeting on sidelines of APEC Summit in Manila,Third-party meeting,1,0.06437008391544492,1.0743598986179055
ICEWS,Japan,2015-11-01,Meeting on sidelines of APEC Summit in Manila,Third-party meeting,2,0.06437008391544492,2.466447697916854
ICEWS,Japan,2015-11-01,Meeting on sidelines of APEC Summit in Manila,Third-party meeting,3,0.06437008391544492,1.5395280898444514
ICEWS,Japan,2015-11-01,Meeting on sidelines of APEC Summit in Manila,Third-party meeting,6,0.06437008391544492,0.8693977970790658
ICEWS,Japan,2015-11-01,Meeting on sidelines of APEC Summit in Manila,Third-party meeting,12,0.06437008391544492,1.0515481992553297
ICEWS,Japan,2016-09-01,Meeting on sidelines of G20 Summit in Hangzhou,Third-party meeting,0,0.3660157404151138,1.0130863236033634
ICEWS,Japan,2016-09-01,Meeting on sidelines of G20 Summit in Hangzhou,Third-party meeting,1,0.3660157404151138,0.22911453238314056
ICEWS,Japan,2016-09-01,Meeting on sidelines of G20 Summit in Hangzhou,Third-party meeting,2,0.3660157404151138,0.7499025427556607
ICEWS,Japan,2016-09-01,Meeting on sidelines of G20 Summit in Hangzhou,Third-party meeting,3,0.3660157404151138,-1.1796993594225078
ICEWS,Japan,2016-09-01,Meeting on sidelines of G20 Summit in Hangzhou,Third-party meeting,6,0.3660157404151138,0.03529711168303368
ICEWS,Japan,2016-09-01,Meeting on sidelines of G20 Summit in Hangzhou,Third-party meeting,12,0.3660157404151138,0.177990525718909
ICEWS,Japan,2016-11-01,Meeting on sidelines of APEC Summit in Lima,Third-party meeting,0,0.7283202248962132,0.3875980582745614
ICEWS,Japan,2016-11-01,Meeting on sidelines of APEC Summit in Lima,Third-party meeting,1,0.7283202248962132,-1.5420038439036072
ICEWS,Japan,2016-11-01,Meeting on sidelines of APEC Summit in Lima,Third-party meeting,2,0.7283202248962132,-0.025004071381210635
ICEWS,Japan,2016-11-01,Meeting on sidelines of APEC Summit in Lima,Third-party meeting,3,0.7283202248962132,0.33227255595094063
ICEWS,Japan,2016-11-01,Meeting on sidelines of APEC Summit in Lima,Third-party meeting,6,0.7283202248962132,1.3671628943399488
ICEWS,Japan,2016-11-01,Meeting on sidelines of APEC Summit in Lima,Third-party meeting,12,0.7283202248962132,1.7185742777290387
ICEWS,Japan,2017-07-01,Meeting on sidelines of G20 Summit in Hamburg,Third-party meeting,0,1.6798122793917472,-1.0714634732742905
ICEWS,Japan,2017-07-01,Meeting on sidelines of G20 Summit in Hamburg,Third-party meeting,1,1.6798122793917472,-0.46703944463677516
ICEWS,Japan,2017-07-01,Meeting on sidelines of G20 Summit in Hamburg,Third-party meeting,2,1.6798122793917472,-1.1358060132577243
ICEWS,Japan,2017-07-01,Meeting on sidelines of G20 Summit in Hamburg,Third-party meeting,3,1.6798122793917472,-1.4329299939070008
ICEWS,Japan,2017-07-01,Meeting on sidelines of G20 Summit in Hamburg,Third-party meeting,6,1.6798122793917472,0.20416119751419615
ICEWS,Japan,2017-07-01,Meeting on sidelines of G20 Summit in Hamburg,Third-party meeting,12,1.6798122793917472,-1.9035856250689562
ICEWS,Japan,2017-11-01,Meeting on sidelines of APEC Summit in Da Nang,Third-party meeting,0,0.667887128791247,1.779007373834005
ICEWS,Japan,2017-11-01,Meeting on sidelines of APEC Summit in Da Nang,Third-party meeting,1,0.667887128791247,-0.4505574327951193
ICEWS,Japan,2017-11-01,Meeting on sidelines of APEC Summit in Da Nang,Third-party meeting,2,0.667887128791247,1.2160863481146964
ICEWS,Japan,2017-11-01,Meeting on sidelines of APEC Summit in Da Nang,Third-party meeting,3,0.667887128791247,0.3938038265696603
ICEWS,Japan,2017-11-01,Meeting on sidelines of APEC Summit in Da Nang,Third-party meeting,6,0.667887128791247,2.479485127820492
ICEWS,Japan,2017-11-01,Meeting on sidelines of APEC Summit in Da Nang,Third-party meeting,12,0.667887128791247,-0.12561352656087144
ICEWS,Japan,2018-05-01,Official visit to Japan for bilateral talks,Chinese outbound visit,0,1.222122424991536,1.925249831620203
ICEWS,Japan,2018-05-01,Official visit to Japan for bilateral talks,Chinese outbound visit,1,1.222122424991536,-2.0494051691026858
ICEWS,Japan,2018-05-01,Official visit to Japan for bilateral talks,Chinese outbound visit,2,1.222122424991536,-1.445895770668745
ICEWS,Japan,2018-05-01,Official visit to Japan for bilateral talks,Chinese outbound visit,3,1.222122424991536,0.30509445925767587
ICEWS,Japan,2018-05-01,Official visit to Japan for bilateral talks,Chinese outbound visit,6,1.222122424991536,-0.6798488227611603
ICEWS,Japan,2018-05-01,Official visit to Japan for bilateral talks,Chinese outbound visit,12,1.222122424991536,0.042125166159051375
ICEWS,Japan,2018-09-01,Meeting on sidelines of Eastern Economic Forum in Vladivostok,Third-party meeting,0,0.15872026482028426,1.4832062818085927
ICEWS,Japan,2018-09-01,Meeting on sidelines of Eastern Economic Forum in Vladivostok,Third-party meeting,1,0.15872026482028426,2.1302047795604184
ICEWS,Japan,2018-09-01,Meeting on sidelines of Eastern Economic Forum in Vladivostok,Third-party meeting,2,0.15872026482028426,0.38355333741009134
ICEWS,Japan,2018-09-01,Meeting on sidelines of Eastern Economic Forum in Vladivostok,Third-party meeting,3,0.15872026482028426,-1.427053907579977
ICEWS,Japan,2018-09-01,Meeting on sidelines of Eastern Economic Forum in Vladivostok,Third-party meeting,6,0.15872026482028426,0.20758489386504073
ICEWS,Japan,2018-09-01,Meeting on sidelines of Eastern Economic Forum in Vladivostok,Third-party meeting,12,0.15872026482028426,1.1218489857853815
ICEWS,Japan,2018-10-01,Official visit to China for bilateral summit,Partner inbound visit,0,0.9817900284002933,1.3071350159804092
ICEWS,Japan,2018-10-01,Official visit to China for bilateral summit,Partner inbound visit,1,0.9817900284002933,-0.4395164261699177
ICEWS,Japan,2018-10-01,Official visit to China for bilateral summit,Partner inbound visit,2,0.9817900284002933,-2.250123671159986
ICEWS,Japan,2018-10-01,Official visit to China for bilateral summit,Partner inbound visit,3,0.9817900284002933,0.12232562832157312
ICEWS,Japan,2018-10-01,Official visit to China for bilateral summit,Partner inbound visit,6,0.9817900284002933,0.37855127064643923
ICEWS,Japan,2018-10-01,Official visit to China for bilateral summit,Partner inbound visit,12,0.9817900284002933,-0.03914442744372104
ICEWS,Japan,2018-10-01,Abe Official Visit,Partner inbound visit,0,0.9817900284002933,1.3071350159804092
ICEWS,Japan,2018-10-01,Abe Official Visit,Partner inbound visit,1,0.9817900284002933,-0.4395164261699177
ICEWS,Japan,2018-10-01,Abe Official Visit,Partner inbound visit,2,0.9817900284002933,-2.250123671159986
ICEWS,Japan,2018-10-01,Abe Official Visit,Partner inbound visit,3,0.9817900284002933,0.12232562832157312
ICEWS,Japan,2018-10-01,Abe Official Visit,Partner inbound visit,6,0.9817900284002933,0.37855127064643923
ICEWS,Japan,2018-10-01,Abe Official Visit,Partner inbound visit,12,0.9817900284002933,-0.03914442744372104
ICEWS,Japan,2018-11-01,Meeting on sidelines of APEC Summit in Port Moresby,Third-party meeting,0,1.8193561584195972,-1.2770825561892216
ICEWS,Japan,2018-11-01,Meeting on sidelines of APEC Summit in Port Moresby,Third-party meeting,1,1.8193561584195972,-3.08768980117929
ICEWS,Japan,2018-11-01,Meeting on sidelines of APEC Summit in Port Moresby,Third-party meeting,2,1.8193561584195972,-0.7152405016977308
ICEWS,Japan,2018-11-01,Meeting on sidelines of APEC Summit in Port Moresby,Third-party meeting,3,1.8193561584195972,-1.7200674788068049
ICEWS,Japan,2018-11-01,Meeting on sidelines of APEC Summit in Port Moresby,Third-party meeting,6,1.8193561584195972,-0.5551085672690099
ICEWS,Japan,2018-11-01,Meeting on sidelines of APEC Summit in Port Moresby,Third-party meeting,12,1.8193561584195972,-0.5717986893497204
ICEWS,Japan,2019-06-01,Meeting on sidelines of G20 Summit in Osaka,Third-party meeting,0,0.9969646829608816,0.8130156085105655
ICEWS,Japan,2019-06-01,Meeting on sidelines of G20 Summit in Osaka,Third-party meeting,1,0.9969646829608816,0.004802461997408303
ICEWS,Japan,2019-06-01,Meeting on sidelines of G20 Summit in Osaka,Third-party meeting,2,0.9969646829608816,2.5402106291868964
ICEWS,Japan,2019-06-01,Meeting on sidelines of G20 Summit in Osaka,Third-party meeting,3,0.9969646829608816,0.28360456764478426
ICEWS,Japan,2019-06-01,Meeting on sidelines of G20 Summit in Osaka,Third-party meeting,6,0.9969646829608816,1.393801616883523
ICEWS,Japan,2019-06-01,Meeting on sidelines of G20 Summit in Osaka,Third-party meeting,12,0.9969646829608816,-0.11034562421697625
ICEWS,Japan,2019-11-01,Meeting on sidelines of East Asia Summit in Bangkok,Third-party meeting,0,1.9201300545700053,-0.6725725855001286
ICEWS,Japan,2019-11-01,Meeting on sidelines of East Asia Summit in Bangkok,Third-party meeting,1,1.9201300545700053,0.4706362452743993
ICEWS,Japan,2019-11-01,Meeting on sidelines of East Asia Summit in Bangkok,Third-party meeting,2,1.9201300545700053,-0.8789356624779352
ICEWS,Japan,2019-11-01,Meeting on sidelines of East Asia Summit in Bangkok,Third-party meeting,3,1.9201300545700053,0.0520824497793384
ICEWS,Japan,2019-11-01,Meeting on sidelines of East Asia Summit in Bangkok,Third-party meeting,6,1.9201300545700053,-0.37763508445455285
ICEWS,Japan,2019-11-01,Meeting on sidelines of East Asia Summit in Bangkok,Third-party meeting,12,1.9201300545700053,1.1054549081027596
ICEWS,Japan,2020-09-01,Telephone conversation (counted as virtual meeting due to COVID-19),Remote talk,0,0.08738492092212861,2.077090036503621
ICEWS,Japan,2020-09-01,Telephone conversation (counted as virtual meeting due to COVID-19),Remote talk,1,0.08738492092212861,0.5478071693936369
ICEWS,Japan,2020-09-01,Telephone conversation (counted as virtual meeting due to COVID-19),Remote talk,2,0.08738492092212861,2.9382000417506364
ICEWS,Japan,2020-09-01,Telephone conversation (counted as virtual meeting due to COVID-19),Remote talk,3,0.08738492092212861,-0.1852095162552511
ICEWS,Japan,2020-09-01,Telephone conversation (counted as virtual meeting due to COVID-19),Remote talk,6,0.08738492092212861,0.04141978953372612
ICEWS,Japan,2020-09-01,Telephone conversation (counted as virtual meeting due to COVID-19),Remote talk,12,0.08738492092212861,-0.5512106274400607
ICEWS,Japan,2021-10-01,Telephone conversation (counted as virtual meeting due to COVID-19),Remote talk,0,0.10382187277404024,0.9608133006121088
ICEWS,Japan,2021-10-01,Telephone conversation (counted as virtual meeting due to COVID-19),Remote talk,1,0.10382187277404024,0.6636251293050422
ICEWS,Japan,2021-10-01,Telephone conversation (counted as virtual meeting due to COVID-19),Remote talk,2,0.10382187277404024,-0.9205564916015311
ICEWS,Japan,2021-10-01,Telephone conversation (counted as virtual meeting due to COVID-19),Remote talk,3,0.10382187277404024,0.7725174890719936
ICEWS,Japan,2021-10-01,Telephone conversation (counted as virtual meeting due to COVID-19),Remote talk,6,0.10382187277404024,1.061893008101561
ICEWS,Japan,2021-10-01,Telephone conversation (counted as virtual meeting due to COVID-19),Remote talk,12,0.10382187277404024,-0.743385437396802
ICEWS,Japan,2022-11-01,Meeting on sidelines of APEC Summit in Bangkok,Third-party meeting,0,-0.00841759964378023,1.192595105993569
ICEWS,Japan,2022-11-01,Meeting on sidelines of APEC Summit in Bangkok,Third-party meeting,1,-0.00841759964378023,1.0796463651523467
ICEWS,Japan,2022-11-01,Meeting on sidelines of APEC Summit in Bangkok,Third-party meeting,2,-0.00841759964378023,0.858438183493878
ICEWS,Japan,2022-11-01,Meeting on sidelines of APEC Summit in Bangkok,Third-party meeting,3,-0.00841759964378023,1.2701396821503799
ICEWS,Malaysia,2004-05-01,Official visit to China by Malaysian Prime Minister Abdullah Badawi,Partner inbound visit,0,0.7338428129903266,1.061020042595914
ICEWS,Malaysia,2004-05-01,Official visit to China by Malaysian Prime Minister Abdullah Badawi,Partner inbound visit,1,0.7338428129903266,-0.852093894931606
ICEWS,Malaysia,2004-05-01,Official visit to China by Malaysian Prime Minister Abdullah Badawi,Partner inbound visit,2,0.7338428129903266,1.1866924371558945
ICEWS,Malaysia,2004-05-01,Official visit to China by Malaysian Prime Minister Abdullah Badawi,Partner inbound visit,3,0.7338428129903266,0.9501841958439742
ICEWS,Malaysia,2004-05-01,Official visit to China by Malaysian Prime Minister Abdullah Badawi,Partner inbound visit,6,0.7338428129903266,1.7136283785970914
ICEWS,Malaysia,2004-05-01,Official visit to China by Malaysian Prime Minister Abdullah Badawi,Partner inbound visit,12,0.7338428129903266,1.9140592920712898
ICEWS,Malaysia,2005-12-01,Official visit to Malaysia by Chinese Premier Wen Jiabao,Chinese outbound visit,0,1.6875486626452023,0.775783017726031
ICEWS,Malaysia,2005-12-01,Official visit to Malaysia by Chinese Premier Wen Jiabao,Chinese outbound visit,1,1.6875486626452023,-1.6004313555578218
ICEWS,Malaysia,2005-12-01,Official visit to Malaysia by Chinese Premier Wen Jiabao,Chinese outbound visit,2,1.6875486626452023,-1.9827118396497738
ICEWS,Malaysia,2005-12-01,Official visit to Malaysia by Chinese Premier Wen Jiabao,Chinese outbound visit,3,1.6875486626452023,-0.6086896134616386
ICEWS,Malaysia,2005-12-01,Official visit to Malaysia by Chinese Premier Wen Jiabao,Chinese outbound visit,6,1.6875486626452023,-0.10674413772445135
ICEWS,Malaysia,2005-12-01,Official visit to Malaysia by Chinese Premier Wen Jiabao,Chinese outbound visit,12,1.6875486626452023,-3.394695573624295
ICEWS,Malaysia,2009-11-01,State visit to Malaysia by Chinese President Hu Jintao,Chinese outbound visit,0,1.7139510786380547,0.4523132889664059
ICEWS,Malaysia,2009-11-01,State visit to Malaysia by Chinese President Hu Jintao,Chinese outbound visit,1,1.7139510786380547,-0.44268530544200213
ICEWS,Malaysia,2009-11-01,State visit to Malaysia by Chinese President Hu Jintao,Chinese outbound visit,2,1.7139510786380547,-2.599813220383969
ICEWS,Malaysia,2009-11-01,State visit to Malaysia by Chinese President Hu Jintao,Chinese outbound visit,3,1.7139510786380547,-2.513951078638052
ICEWS,Malaysia,2009-11-01,State visit to Malaysia by Chinese President Hu Jintao,Chinese outbound visit,6,1.7139510786380547,-0.5472844119713904
ICEWS,Malaysia,2009-11-01,State visit to Malaysia by Chinese President Hu Jintao,Chinese outbound visit,12,1.7139510786380547,1.4053712053296181
ICEWS,Malaysia,2011-04-01,Official visit to Malaysia by Chinese Premier Wen Jiabao,Chinese outbound visit,0,1.6199760443087896,0.49474614151681284
ICEWS,Malaysia,2011-04-01,Official visit to Malaysia by Chinese Premier Wen Jiabao,Chinese outbound visit,1,1.6199760443087896,-1.6725048527213715
ICEWS,Malaysia,2011-04-01,Official visit to Malaysia by Chinese Premier Wen Jiabao,Chinese outbound visit,2,1.6199760443087896,-2.269976044308792
ICEWS,Malaysia,2011-04-01,Official visit to Malaysia by Chinese Premier Wen Jiabao,Chinese outbound visit,3,1.6199760443087896,1.3800239556912068
ICEWS,Malaysia,2011-04-01,Official visit to Malaysia by Chinese Premier Wen Jiabao,Chinese outbound visit,6,1.6199760443087896,0.7224375304534612
ICEWS,Malaysia,2011-04-01,Official visit to Malaysia by Chinese Premier Wen Jiabao,Chinese outbound visit,12,1.6199760443087896,-0.6199760443087896
ICEWS,Malaysia,2013-10-01,State visit to Malaysia by Chinese President Xi Jinping,Chinese outbound visit,0,2.900865267779597,0.0335399067714075
ICEWS,Malaysia,2013-10-01,State visit to Malaysia by Chinese President Xi Jinping,Chinese outbound visit,1,2.900865267779597,-2.1822645768659203
ICEWS,Malaysia,2013-10-01,State visit to Malaysia by Chinese President Xi Jinping,Chinese outbound visit,2,2.900865267779597,-2.6508652677796007
ICEWS,Malaysia,2013-10-01,State visit to Malaysia by Chinese President Xi Jinping,Chinese outbound visit,3,2.900865267779597,-2.9008652677795954
ICEWS,Malaysia,2013-10-01,State visit to Malaysia by Chinese President Xi Jinping,Chinese outbound visit,6,2.900865267779597,-2.9016456691789685
ICEWS,Malaysia,2013-10-01,State visit to Malaysia by Chinese President Xi Jinping,Chinese outbound visit,12,2.900865267779597,2.2234728271500295
ICEWS,Malaysia,2015-11-01,Official visit to Malaysia by Chinese Premier Li Keqiang,Chinese outbound visit,0,1.4222084397822172,0.4767263218423492
ICEWS,Malaysia,2015-11-01,Official visit to Malaysia by Chinese Premier Li Keqiang,Chinese outbound visit,1,1.4222084397822172,-1.4222084397822155
ICEWS,Malaysia,2015-11-01,Official visit to Malaysia by Chinese Premier Li Keqiang,Chinese outbound visit,2,1.4222084397822172,2.8060672767259494
ICEWS,Malaysia,2015-11-01,Official visit to Malaysia by Chinese Premier Li Keqiang,Chinese outbound visit,3,1.4222084397822172,0.2337332181079983
ICEWS,Malaysia,2015-11-01,Official visit to Malaysia by Chinese Premier Li Keqiang,Chinese outbound visit,6,1.4222084397822172,-1.590372210504249
ICEWS,Malaysia,2015-11-01,Official visit to Malaysia by Chinese Premier Li Keqiang,Chinese outbound visit,12,1.4222084397822172,0.48586928974618004
ICEWS,Malaysia,2017-05-01,Malaysian PM Najib Razak attends Belt and Road Forum in Beijing,Partner inbound visit,0,3.3627998021438077,-1.5861048163329212
ICEWS,Malaysia,2017-05-01,Malaysian PM Najib Razak attends Belt and Road Forum in Beijing,Partner inbound visit,1,3.3627998021438077,-2.7474294529398757
ICEWS,Malaysia,2017-05-01,Malaysian PM Najib Razak attends Belt and Road Forum in Beijing,Partner inbound visit,2,3.3627998021438077,-1.3627998021438077
ICEWS,Malaysia,2017-05-01,Malaysian PM Najib Razak attends Belt and Road Forum in Beijing,Partner inbound visit,3,3.3627998021438077,-1.8820917561552633
ICEWS,Malaysia,2017-05-01,Malaysian PM Najib Razak attends Belt and Road Forum in Beijing,Partner inbound visit,6,3.3627998021438077,-3.6127998021438095
ICEWS,Malaysia,2017-05-01,Malaysian PM Najib Razak attends Belt and Road Forum in Beijing,Partner inbound visit,12,3.3627998021438077,-0.7929000658461809
ICEWS,Malaysia,2018-08-01,Official visit to China by Malaysian Prime Minister Mahathir Mohamad,Partner inbound visit,0,2.6710536213227662,0.11880828954501688
ICEWS,Malaysia,2018-08-01,Official visit to China by Malaysian Prime Minister Mahathir Mohamad,Partner inbound visit,1,2.6710536213227662,-2.670645692508268
ICEWS,Malaysia,2018-08-01,Official visit to China by Malaysian Prime Minister Mahathir Mohamad,Partner inbound visit,2,2.6710536213227662,-2.8158341781007863
ICEWS,Malaysia,2018-08-01,Official visit to China by Malaysian Prime Minister Mahathir Mohamad,Partner inbound visit,3,2.6710536213227662,0.07757826688964542
ICEWS,Malaysia,2018-08-01,Official visit to China by Malaysian Prime Minister Mahathir Mohamad,Partner inbound visit,6,2.6710536213227662,0.7789463786772313
ICEWS,Malaysia,2018-08-01,Official visit to China by Malaysian Prime Minister Mahathir Mohamad,Partner inbound visit,12,2.6710536213227662,-1.4340881914178654
ICEWS,Malaysia,2023-03-01,Official visit to China by Malaysian Prime Minister Anwar Ibrahim,Partner inbound visit,0,2.3318242635548274,0.24322788250210392
ICEWS,Malaysia,2023-03-01,Official visit to China by Malaysian Prime Minister Anwar Ibrahim,Partner inbound visit,1,2.3318242635548274,0.46122394406435907
ICEWS,Mexico,2003-12-01,Wen Jiabao visits Mexico and strategic partnership established,Chinese outbound visit,0,3.595680437166211,-1.622910505944708
ICEWS,Mexico,2003-12-01,Wen Jiabao visits Mexico and strategic partnership established,Chinese outbound visit,1,3.595680437166211,-2.3872497788852916
ICEWS,Mexico,2003-12-01,Wen Jiabao visits Mexico and strategic partnership established,Chinese outbound visit,2,3.595680437166211,-3.1065551440901555
ICEWS,Mexico,2003-12-01,Wen Jiabao visits Mexico and strategic partnership established,Chinese outbound visit,3,3.595680437166211,-2.3845218104788626
ICEWS,Mexico,2003-12-01,Wen Jiabao visits Mexico and strategic partnership established,Chinese outbound visit,6,3.595680437166211,-2.330063469330432
ICEWS,Mexico,2003-12-01,Wen Jiabao visits Mexico and strategic partnership established,Chinese outbound visit,12,3.595680437166211,3.9043195628337855
ICEWS,Mexico,2005-09-01,Hu Jintao pays state visit to Mexico,Chinese outbound visit,0,2.545394952673023,0.17875636903088932
ICEWS,Mexico,2005-09-01,Hu Jintao pays state visit to Mexico,Chinese outbound visit,1,2.545394952673023,1.8703882666877831
ICEWS,Mexico,2005-09-01,Hu Jintao pays state visit to Mexico,Chinese outbound visit,2,2.545394952673023,0.6485587450853298
ICEWS,Mexico,2005-09-01,Hu Jintao pays state visit to Mexico,Chinese outbound visit,3,2.545394952673023,-4.316975684642873
ICEWS,Mexico,2005-09-01,Hu Jintao pays state visit to Mexico,Chinese outbound visit,6,2.545394952673023,0.9546050473269769
ICEWS,Mexico,2005-09-01,Hu Jintao pays state visit to Mexico,Chinese outbound visit,12,2.545394952673023,-6.795394952673022
ICEWS,Mexico,2008-07-01,Calderon pays state visit to China,Partner inbound visit,0,5.2578623023862505,-2.671219914450477
ICEWS,Mexico,2008-07-01,Calderon pays state visit to China,Partner inbound visit,1,5.2578623023862505,-4.4770577774655
ICEWS,Mexico,2008-07-01,Calderon pays state visit to China,Partner inbound visit,2,5.2578623023862505,-6.257862302386249
ICEWS,Mexico,2008-07-01,Calderon pays state visit to China,Partner inbound visit,3,5.2578623023862505,-4.2578623023862505
ICEWS,Mexico,2008-07-01,Calderon pays state visit to China,Partner inbound visit,6,5.2578623023862505,-10.25786230238625
ICEWS,Mexico,2008-07-01,Calderon pays state visit to China,Partner inbound visit,12,5.2578623023862505,-3.683444935504701
ICEWS,Mexico,2009-02-01,Xi Jinping pays official visit to Mexico as Vice President,Chinese outbound visit,0,-1.0525288084125828,3.8377028183827315
ICEWS,Mexico,2009-02-01,Xi Jinping pays official visit to Mexico as Vice President,Chinese outbound visit,1,-1.0525288084125828,1.0525288084125846
ICEWS,Mexico,2009-02-01,Xi Jinping pays official visit to Mexico as Vice President,Chinese outbound visit,2,-1.0525288084125828,2.6279128773473124
ICEWS,Mexico,2009-02-01,Xi Jinping pays official visit to Mexico as Vice President,Chinese outbound visit,3,-1.0525288084125828,1.9610294737640457
ICEWS,Mexico,2009-02-01,Xi Jinping pays official visit to Mexico as Vice President,Chinese outbound visit,6,-1.0525288084125828,3.552528808412583
ICEWS,Mexico,2009-02-01,Xi Jinping pays official visit to Mexico as Vice President,Chinese outbound visit,12,-1.0525288084125828,0.2525288084125856
ICEWS,Mexico,2013-04-01,Pena Nieto visits China and attends Boao Forum,Partner inbound visit,0,1.9963932718164503,1.4024346056502097
ICEWS,Mexico,2013-04-01,Pena Nieto visits China and attends Boao Forum,Partner inbound visit,1,1.9963932718164503,1.3823053303199277
ICEWS,Mexico,2013-04-01,Pena Nieto visits China and attends Boao Forum,Partner inbound visit,2,1.9963932718164503,0.39704327995843625
ICEWS,Mexico,2013-04-01,Pena Nieto visits China and attends Boao Forum,Partner inbound visit,3,1.9963932718164503,0.44538657501327994
ICEWS,Mexico,2013-04-01,Pena Nieto visits China and attends Boao Forum,Partner inbound visit,6,1.9963932718164503,-0.4387763894960848
ICEWS,Mexico,2013-04-01,Pena Nieto visits China and attends Boao Forum,Partner inbound visit,12,1.9963932718164503,1.329304241496929
ICEWS,Mexico,2013-06-01,"Xi Jinping pays state visit to Mexico, ties upgraded to comprehensive strategic partnership",Chinese outbound visit,0,3.039980018121763,-0.6465434663468765
ICEWS,Mexico,2013-06-01,"Xi Jinping pays state visit to Mexico, ties upgraded to comprehensive strategic partnership",Chinese outbound visit,1,3.039980018121763,-0.5982001712920328
ICEWS,Mexico,2013-06-01,"Xi Jinping pays state visit to Mexico, ties upgraded to comprehensive strategic partnership",Chinese outbound visit,2,3.039980018121763,-0.5496823822477093
ICEWS,Mexico,2013-06-01,"Xi Jinping pays state visit to Mexico, ties upgraded to comprehensive strategic partnership",Chinese outbound visit,3,3.039980018121763,-2.039980018121763
ICEWS,Mexico,2013-06-01,"Xi Jinping pays state visit to Mexico, ties upgraded to comprehensive strategic partnership",Chinese outbound visit,6,3.039980018121763,0.9600199818782369
ICEWS,Mexico,2013-06-01,"Xi Jinping pays state visit to Mexico, ties upgraded to comprehensive strategic partnership",Chinese outbound visit,12,3.039980018121763,-0.03998001812176666
ICEWS,Mexico,2014-11-01,Pena Nieto pays state visit to China and attends APEC summit,Partner inbound visit,0,0.6074871328016892,2.035971250162166
ICEWS,Mexico,2014-11-01,Pena Nieto pays state visit to China and attends APEC summit,Partner inbound visit,1,0.6074871328016892,2.1537979595287076
ICEWS,Mexico,2014-11-01,Pena Nieto pays state visit to China and attends APEC summit,Partner inbound visit,2,0.6074871328016892,2.2726422359263103
ICEWS,Mexico,2014-11-01,Pena Nieto pays state visit to China and attends APEC summit,Partner inbound visit,3,0.6074871328016892,2.3925128671983074
ICEWS,Mexico,2014-11-01,Pena Nieto pays state visit to China and attends APEC summit,Partner inbound visit,6,0.6074871328016892,0.5637196545794397
ICEWS,Mexico,2014-11-01,Pena Nieto pays state visit to China and attends APEC summit,Partner inbound visit,12,0.6074871328016892,2.2297575391702753
ICEWS,Mexico,2016-09-01,Pena Nieto attends G20 Hangzhou summit and holds bilateral meeting,Third-party meeting,0,0.9528907591385998,0.8689891969834431
ICEWS,Mexico,2016-09-01,Pena Nieto attends G20 Hangzhou summit and holds bilateral meeting,Third-party meeting,1,0.9528907591385998,1.6274852054526907
ICEWS,Mexico,2016-09-01,Pena Nieto attends G20 Hangzhou summit and holds bilateral meeting,Third-party meeting,2,0.9528907591385998,0.7971092408613967
ICEWS,Mexico,2016-09-01,Pena Nieto attends G20 Hangzhou summit and holds bilateral meeting,Third-party meeting,3,0.9528907591385998,0.7005262851679279
ICEWS,Mexico,2016-09-01,Pena Nieto attends G20 Hangzhou summit and holds bilateral meeting,Third-party meeting,6,0.9528907591385998,0.22728062352690626
ICEWS,Mexico,2016-09-01,Pena Nieto attends G20 Hangzhou summit and holds bilateral meeting,Third-party meeting,12,0.9528907591385998,1.8786601971594241
ICEWS,Mexico,2017-09-01,Xi Jinping meets Pena Nieto on sidelines of BRICS Plus dialogue in Xiamen,Third-party meeting,0,2.524589064563548,0.30696189173447586
ICEWS,Mexico,2017-09-01,Xi Jinping meets Pena Nieto on sidelines of BRICS Plus dialogue in Xiamen,Third-party meeting,1,2.524589064563548,0.3966177228175791
ICEWS,Mexico,2017-09-01,Xi Jinping meets Pena Nieto on sidelines of BRICS Plus dialogue in Xiamen,Third-party meeting,2,2.524589064563548,0.1519402321782195
ICEWS,Mexico,2017-09-01,Xi Jinping meets Pena Nieto on sidelines of BRICS Plus dialogue in Xiamen,Third-party meeting,3,2.524589064563548,-0.08843683570757754
ICEWS,Mexico,2017-09-01,Xi Jinping meets Pena Nieto on sidelines of BRICS Plus dialogue in Xiamen,Third-party meeting,6,2.524589064563548,-1.524589064563548
ICEWS,Mexico,2017-09-01,Xi Jinping meets Pena Nieto on sidelines of BRICS Plus dialogue in Xiamen,Third-party meeting,12,2.524589064563548,-2.5245890645635463
ICEWS,Netherlands,2004-12-01,Official visit to the Netherlands,Chinese outbound visit,0,-0.06938011974332585,3.266875882403545
ICEWS,Netherlands,2004-12-01,Official visit to the Netherlands,Chinese outbound visit,1,-0.06938011974332585,0.46938011974332616
ICEWS,Netherlands,2004-12-01,Official visit to the Netherlands,Chinese outbound visit,2,-0.06938011974332585,7.069380119743323
ICEWS,Netherlands,2004-12-01,Official visit to the Netherlands,Chinese outbound visit,3,-0.06938011974332585,4.069380119743326
ICEWS,Netherlands,2004-12-01,Official visit to the Netherlands,Chinese outbound visit,6,-0.06938011974332585,1.069380119743326
ICEWS,Netherlands,2004-12-01,Official visit to the Netherlands,Chinese outbound visit,12,-0.06938011974332585,1.130411780794163
ICEWS,Netherlands,2013-11-01,Official visit to China,Partner inbound visit,0,2.11393905351699,-0.020612880679353296
ICEWS,Netherlands,2013-11-01,Official visit to China,Partner inbound visit,1,2.11393905351699,0.19007373964421959
ICEWS,Netherlands,2013-11-01,Official visit to China,Partner inbound visit,2,2.11393905351699,0.40415054909142967
ICEWS,Netherlands,2013-11-01,Official visit to China,Partner inbound visit,3,2.11393905351699,0.6216720996897145
ICEWS,Netherlands,2013-11-01,Official visit to China,Partner inbound visit,6,2.11393905351699,0.8860609464830063
ICEWS,Netherlands,2013-11-01,Official visit to China,Partner inbound visit,12,2.11393905351699,2.386060946483008
ICEWS,Netherlands,2014-03-01,State visit to the Netherlands,Chinese outbound visit,0,2.519237849658778,0.4373950251293688
ICEWS,Netherlands,2014-03-01,State visit to the Netherlands,Chinese outbound visit,1,2.519237849658778,0.005172385322857576
ICEWS,Netherlands,2014-03-01,State visit to the Netherlands,Chinese outbound visit,2,2.519237849658778,0.4807621503412185
ICEWS,Netherlands,2014-03-01,State visit to the Netherlands,Chinese outbound visit,3,2.519237849658778,0.6793536297803011
ICEWS,Netherlands,2014-03-01,State visit to the Netherlands,Chinese outbound visit,6,2.519237849658778,0.4807621503412185
ICEWS,Netherlands,2014-03-01,State visit to the Netherlands,Chinese outbound visit,12,2.519237849658778,0.9570916320802332
ICEWS,Netherlands,2015-10-01,State visit to China,Partner inbound visit,0,-0.18368989072135436,0.4160986674663777
ICEWS,Netherlands,2015-10-01,State visit to China,Partner inbound visit,1,-0.18368989072135436,3.3548966781024814
ICEWS,Netherlands,2015-10-01,State visit to China,Partner inbound visit,2,-0.18368989072135436,3.518350626749481
ICEWS,Netherlands,2015-10-01,State visit to China,Partner inbound visit,3,-0.18368989072135436,3.683689890721354
ICEWS,Netherlands,2015-10-01,State visit to China,Partner inbound visit,6,-0.18368989072135436,3.3070422881762753
ICEWS,Netherlands,2015-10-01,State visit to China,Partner inbound visit,12,-0.18368989072135436,-3.482976775945312
ICEWS,Netherlands,2018-02-01,Working visit to China,Partner inbound visit,0,3.749293734584209,-0.7128296835010564
ICEWS,Netherlands,2018-02-01,Working visit to China,Partner inbound visit,1,3.749293734584209,-1.5654495594537292
ICEWS,Netherlands,2018-02-01,Working visit to China,Partner inbound visit,2,3.749293734584209,-2.366278567690432
ICEWS,Netherlands,2018-02-01,Working visit to China,Partner inbound visit,3,3.749293734584209,-1.7629708243174889
ICEWS,Netherlands,2018-02-01,Working visit to China,Partner inbound visit,6,3.749293734584209,-0.8840765770926589
ICEWS,Netherlands,2018-02-01,Working visit to China,Partner inbound visit,12,3.749293734584209,1.0862615091534464
ICEWS,Netherlands,2018-10-01,Official visit to the Netherlands,Chinese outbound visit,0,2.867419502358969,-0.34459456493338836
ICEWS,Netherlands,2018-10-01,Official visit to the Netherlands,Chinese outbound visit,1,2.867419502358969,-1.6710645423030182
ICEWS,Netherlands,2018-10-01,Official visit to the Netherlands,Chinese outbound visit,2,2.867419502358969,-2.8674195023589673
ICEWS,Netherlands,2018-10-01,Official visit to the Netherlands,Chinese outbound visit,3,2.867419502358969,-0.6692716140712283
ICEWS,Netherlands,2018-10-01,Official visit to the Netherlands,Chinese outbound visit,6,2.867419502358969,-2.8674195023589673
ICEWS,Netherlands,2018-10-01,Official visit to the Netherlands,Chinese outbound visit,12,2.867419502358969,4.132580497641028
ICEWS,Netherlands,2022-11-01,Bilateral meeting on sidelines of G20 summit,Third-party meeting,0,0.376597877932405,0.6134661271063042
ICEWS,Netherlands,2022-11-01,Bilateral meeting on sidelines of G20 summit,Third-party meeting,1,0.376597877932405,-2.543264544599069
ICEWS,Netherlands,2022-11-01,Bilateral meeting on sidelines of G20 summit,Third-party meeting,2,0.376597877932405,1.082585342386378
ICEWS,Netherlands,2022-11-01,Bilateral meeting on sidelines of G20 summit,Third-party meeting,3,0.376597877932405,0.5474404255102843
ICEWS,Philippines,2004-09-01,State visit to China,Partner inbound visit,0,0.3990433756514366,1.4598918017133464
ICEWS,Philippines,2004-09-01,State visit to China,Partner inbound visit,1,0.3990433756514366,2.309330777946346
ICEWS,Philippines,2004-09-01,State visit to China,Partner inbound visit,2,0.3990433756514366,1.8127935095178629
ICEWS,Philippines,2004-09-01,State visit to China,Partner inbound visit,3,0.3990433756514366,-0.39904337565143483
ICEWS,Philippines,2004-09-01,State visit to China,Partner inbound visit,6,0.3990433756514366,2.624763378634492
ICEWS,Philippines,2004-09-01,State visit to China,Partner inbound visit,12,0.3990433756514366,0.5558941582785011
ICEWS,Philippines,2005-04-01,State visit to the Philippines,Chinese outbound visit,0,1.157617756672985,2.3672037599343208
ICEWS,Philippines,2005-04-01,State visit to the Philippines,Chinese outbound visit,1,1.157617756672985,0.28569290647669976
ICEWS,Philippines,2005-04-01,State visit to the Philippines,Chinese outbound visit,2,1.157617756672985,-0.3768132317522348
ICEWS,Philippines,2005-04-01,State visit to the Philippines,Chinese outbound visit,3,1.157617756672985,1.1464868977132958
ICEWS,Philippines,2005-04-01,State visit to the Philippines,Chinese outbound visit,6,1.157617756672985,0.17571557666034887
ICEWS,Philippines,2005-04-01,State visit to the Philippines,Chinese outbound visit,12,1.157617756672985,0.4401826505816977
ICEWS,Philippines,2006-10-01,State visit to China and attendance at the ASEAN-China Commemorative Summit,Partner inbound visit,0,-0.2829111537118412,2.0920505769951556
ICEWS,Philippines,2006-10-01,State visit to China and attendance at the ASEAN-China Commemorative Summit,Partner inbound visit,1,-0.2829111537118412,2.8440925580238985
ICEWS,Philippines,2006-10-01,State visit to China and attendance at the ASEAN-China Commemorative Summit,Partner inbound visit,2,-0.2829111537118412,1.0020634238471076
ICEWS,Philippines,2006-10-01,State visit to China and attendance at the ASEAN-China Commemorative Summit,Partner inbound visit,3,-0.2829111537118412,1.4262590568548419
ICEWS,Philippines,2006-10-01,State visit to China and attendance at the ASEAN-China Commemorative Summit,Partner inbound visit,6,-0.2829111537118412,2.9900468578529096
ICEWS,Philippines,2006-10-01,State visit to China and attendance at the ASEAN-China Commemorative Summit,Partner inbound visit,12,-0.2829111537118412,1.8723260718620953
ICEWS,Philippines,2007-01-01,Official visit to the Philippines,Chinese outbound visit,0,1.6964910325768794,-0.5531431294338787
ICEWS,Philippines,2007-01-01,Official visit to the Philippines,Chinese outbound visit,1,1.6964910325768794,2.5476203548633873
ICEWS,Philippines,2007-01-01,Official visit to the Philippines,Chinese outbound visit,2,1.6964910325768794,0.6459225421853714
ICEWS,Philippines,2007-01-01,Official visit to the Philippines,Chinese outbound visit,3,1.6964910325768794,1.0106446715641888
ICEWS,Philippines,2007-01-01,Official visit to the Philippines,Chinese outbound visit,6,1.6964910325768794,1.166338450040842
ICEWS,Philippines,2007-01-01,Official visit to the Philippines,Chinese outbound visit,12,1.6964910325768794,0.5226854006398107
ICEWS,Philippines,2007-09-01,State visit to China and attendance at the 2007 Summer Davos,Partner inbound visit,0,2.8771279236925107,-1.8760067028528251
ICEWS,Philippines,2007-09-01,State visit to China and attendance at the 2007 Summer Davos,Partner inbound visit,1,2.8771279236925107,-1.2877130055422565
ICEWS,Philippines,2007-09-01,State visit to China and attendance at the 2007 Summer Davos,Partner inbound visit,2,2.8771279236925107,-1.9912501005530618
ICEWS,Philippines,2007-09-01,State visit to China and attendance at the 2007 Summer Davos,Partner inbound visit,3,2.8771279236925107,1.3228720763074868
ICEWS,Philippines,2007-09-01,State visit to China and attendance at the 2007 Summer Davos,Partner inbound visit,6,2.8771279236925107,-1.2585783640963637
ICEWS,Philippines,2007-09-01,State visit to China and attendance at the 2007 Summer Davos,Partner inbound visit,12,2.8771279236925107,-1.8771279236925107
ICEWS,Philippines,2011-08-01,State visit to China,Partner inbound visit,0,0.35010400858875335,1.7580851333959635
ICEWS,Philippines,2011-08-01,State visit to China,Partner inbound visit,1,0.35010400858875335,1.4848547535177596
ICEWS,Philippines,2011-08-01,State visit to China,Partner inbound visit,2,0.35010400858875335,0.4800345780190577
ICEWS,Philippines,2011-08-01,State visit to China,Partner inbound visit,3,0.35010400858875335,-0.2706756126847788
ICEWS,Philippines,2011-08-01,State visit to China,Partner inbound visit,6,0.35010400858875335,-3.867895721278443
ICEWS,Philippines,2011-08-01,State visit to China,Partner inbound visit,12,0.35010400858875335,-2.1234222170170445
ICEWS,Philippines,2014-11-01,Bilateral meeting on sidelines of APEC Economic Leaders' Meeting,Third-party meeting,0,-1.0391129178205294,1.2512862395852473
ICEWS,Philippines,2014-11-01,Bilateral meeting on sidelines of APEC Economic Leaders' Meeting,Third-party meeting,1,-1.0391129178205294,0.3978849584735322
ICEWS,Philippines,2014-11-01,Bilateral meeting on sidelines of APEC Economic Leaders' Meeting,Third-party meeting,2,-1.0391129178205294,-0.2622646511001274
ICEWS,Philippines,2014-11-01,Bilateral meeting on sidelines of APEC Economic Leaders' Meeting,Third-party meeting,3,-1.0391129178205294,0.9568201411410044
ICEWS,Philippines,2014-11-01,Bilateral meeting on sidelines of APEC Economic Leaders' Meeting,Third-party meeting,6,-1.0391129178205294,-0.19926009178773962
ICEWS,Philippines,2014-11-01,Bilateral meeting on sidelines of APEC Economic Leaders' Meeting,Third-party meeting,12,-1.0391129178205294,1.4599667125444313
ICEWS,Philippines,2016-10-01,Duterte Visits China,Partner inbound visit,0,0.8943717203495681,1.0015797101176886
ICEWS,Philippines,2016-10-01,Duterte Visits China,Partner inbound visit,1,0.8943717203495681,0.6464618339415827
ICEWS,Philippines,2016-10-01,Duterte Visits China,Partner inbound visit,2,0.8943717203495681,-0.7906602434833535
ICEWS,Philippines,2016-10-01,Duterte Visits China,Partner inbound visit,3,0.8943717203495681,0.9260552030339807
ICEWS,Philippines,2016-10-01,Duterte Visits China,Partner inbound visit,6,0.8943717203495681,-0.011230278428202678
ICEWS,Philippines,2016-10-01,Duterte Visits China,Partner inbound visit,12,0.8943717203495681,2.443867152648963
ICEWS,Philippines,2017-05-01,Attendance at the Belt and Road Forum for International Cooperation and bilateral meeting,Partner inbound visit,0,1.5761714956398667,0.4756068972466039
ICEWS,Philippines,2017-05-01,Attendance at the Belt and Road Forum for International Cooperation and bilateral meeting,Partner inbound visit,1,1.5761714956398667,0.8951489206326684
ICEWS,Philippines,2017-05-01,Attendance at the Belt and Road Forum for International Cooperation and bilateral meeting,Partner inbound visit,2,1.5761714956398667,-0.9001526448115797
ICEWS,Philippines,2017-05-01,Attendance at the Belt and Road Forum for International Cooperation and bilateral meeting,Partner inbound visit,3,1.5761714956398667,-0.016584803679889903
ICEWS,Philippines,2017-05-01,Attendance at the Belt and Road Forum for International Cooperation and bilateral meeting,Partner inbound visit,6,1.5761714956398667,0.14624753176084648
ICEWS,Philippines,2017-05-01,Attendance at the Belt and Road Forum for International Cooperation and bilateral meeting,Partner inbound visit,12,1.5761714956398667,-0.6998118989287587
ICEWS,Philippines,2017-11-01,Official visit to the Philippines and attendance at the 2017 ASEAN Summit,Chinese outbound visit,0,2.122568856245611,-0.4001498288448979
ICEWS,Philippines,2017-11-01,Official visit to the Philippines and attendance at the 2017 ASEAN Summit,Chinese outbound visit,1,2.122568856245611,0.30017084993447574
ICEWS,Philippines,2017-11-01,Official visit to the Philippines and attendance at the 2017 ASEAN Summit,Chinese outbound visit,2,2.122568856245611,-1.079124231168818
ICEWS,Philippines,2017-11-01,Official visit to the Philippines and attendance at the 2017 ASEAN Summit,Chinese outbound visit,3,2.122568856245611,-0.8208859470914391
ICEWS,Philippines,2017-11-01,Official visit to the Philippines and attendance at the 2017 ASEAN Summit,Chinese outbound visit,6,2.122568856245611,-1.2462092595345031
ICEWS,Philippines,2017-11-01,Official visit to the Philippines and attendance at the 2017 ASEAN Summit,Chinese outbound visit,12,2.122568856245611,0.41453367715646783
ICEWS,Philippines,2018-04-01,Attendance at the Boao Forum for Asia Annual Conference and bilateral meeting,Partner inbound visit,0,1.4367467953124042,1.119312178917283
ICEWS,Philippines,2018-04-01,Attendance at the Boao Forum for Asia Annual Conference and bilateral meeting,Partner inbound visit,1,1.4367467953124042,-0.5603871986012963
ICEWS,Philippines,2018-04-01,Attendance at the Boao Forum for Asia Annual Conference and bilateral meeting,Partner inbound visit,2,1.4367467953124042,-1.4213094191308167
ICEWS,Philippines,2018-04-01,Attendance at the Boao Forum for Asia Annual Conference and bilateral meeting,Partner inbound visit,3,1.4367467953124042,-0.3055474189879299
ICEWS,Philippines,2018-04-01,Attendance at the Boao Forum for Asia Annual Conference and bilateral meeting,Partner inbound visit,6,1.4367467953124042,0.42421621652256425
ICEWS,Philippines,2018-04-01,Attendance at the Boao Forum for Asia Annual Conference and bilateral meeting,Partner inbound visit,12,1.4367467953124042,-1.2455197143288612
ICEWS,Philippines,2018-11-01,Xi Visits Philippines,Chinese outbound visit,0,1.5858520410530257,0.9512504923490532
ICEWS,Philippines,2018-11-01,Xi Visits Philippines,Chinese outbound visit,1,1.5858520410530257,-0.8050475161322754
ICEWS,Philippines,2018-11-01,Xi Visits Philippines,Chinese outbound visit,2,1.5858520410530257,1.1653069224618158
ICEWS,Philippines,2018-11-01,Xi Visits Philippines,Chinese outbound visit,3,1.5858520410530257,-0.5584437678498915
ICEWS,Philippines,2018-11-01,Xi Visits Philippines,Chinese outbound visit,6,1.5858520410530257,0.25291103364518475
ICEWS,Philippines,2018-11-01,Xi Visits Philippines,Chinese outbound visit,12,1.5858520410530257,-0.03025787515712497
ICEWS,Philippines,2019-04-01,Attendance at the Second Belt and Road Forum for International Cooperation and bilateral meeting,Partner inbound visit,0,1.7164418147715097,-1.5252147337879667
ICEWS,Philippines,2019-04-01,Attendance at the Second Belt and Road Forum for International Cooperation and bilateral meeting,Partner inbound visit,1,1.7164418147715097,0.12232125992670073
ICEWS,Philippines,2019-04-01,Attendance at the Second Belt and Road Forum for International Cooperation and bilateral meeting,Partner inbound visit,2,1.7164418147715097,-2.6823128942570653
ICEWS,Philippines,2019-04-01,Attendance at the Second Belt and Road Forum for International Cooperation and bilateral meeting,Partner inbound visit,3,1.7164418147715097,-1.216066188098748
ICEWS,Philippines,2019-04-01,Attendance at the Second Belt and Road Forum for International Cooperation and bilateral meeting,Partner inbound visit,6,1.7164418147715097,-0.041840861912853855
ICEWS,Philippines,2019-04-01,Attendance at the Second Belt and Road Forum for International Cooperation and bilateral meeting,Partner inbound visit,12,1.7164418147715097,-2.5972219416466027
ICEWS,Philippines,2019-04-01,Bilateral meeting on sidelines of the Second Belt and Road Forum for International Cooperation,Partner inbound visit,0,1.7164418147715097,-1.5252147337879667
ICEWS,Philippines,2019-04-01,Bilateral meeting on sidelines of the Second Belt and Road Forum for International Cooperation,Partner inbound visit,1,1.7164418147715097,0.12232125992670073
ICEWS,Philippines,2019-04-01,Bilateral meeting on sidelines of the Second Belt and Road Forum for International Cooperation,Partner inbound visit,2,1.7164418147715097,-2.6823128942570653
ICEWS,Philippines,2019-04-01,Bilateral meeting on sidelines of the Second Belt and Road Forum for International Cooperation,Partner inbound visit,3,1.7164418147715097,-1.216066188098748
ICEWS,Philippines,2019-04-01,Bilateral meeting on sidelines of the Second Belt and Road Forum for International Cooperation,Partner inbound visit,6,1.7164418147715097,-0.041840861912853855
ICEWS,Philippines,2019-04-01,Bilateral meeting on sidelines of the Second Belt and Road Forum for International Cooperation,Partner inbound visit,12,1.7164418147715097,-2.5972219416466027
ICEWS,Philippines,2023-01-01,State visit to China,Partner inbound visit,0,1.4808368348467547,0.8964559754295329
ICEWS,Philippines,2023-01-01,State visit to China,Partner inbound visit,1,1.4808368348467547,-1.7848141659767773
ICEWS,Philippines,2023-01-01,State visit to China,Partner inbound visit,2,1.4808368348467547,-0.36752419074496556
ICEWS,Philippines,2023-01-01,State visit to China,Partner inbound visit,3,1.4808368348467547,0.8966953114331513
ICEWS,Russia,2006-03-01,State visit to China,Partner inbound visit,0,2.517464752229986,0.3102195929233367
ICEWS,Russia,2006-03-01,State visit to China,Partner inbound visit,1,2.517464752229986,0.44727590208024415
ICEWS,Russia,2006-03-01,State visit to China,Partner inbound visit,2,2.517464752229986,-0.06977273751265622
ICEWS,Russia,2006-03-01,State visit to China,Partner inbound visit,3,2.517464752229986,-0.2408236970379627
ICEWS,Russia,2006-03-01,State visit to China,Partner inbound visit,6,2.517464752229986,-0.8802807856555721
ICEWS,Russia,2006-03-01,State visit to China,Partner inbound visit,12,2.517464752229986,0.38711690966326406
ICEWS,Russia,2007-03-01,State visit to Russia,Chinese outbound visit,0,2.332124137492191,0.572457524401059
ICEWS,Russia,2007-03-01,State visit to Russia,Chinese outbound visit,1,2.332124137492191,0.8634254640787282
ICEWS,Russia,2007-03-01,State visit to Russia,Chinese outbound visit,2,2.332124137492191,0.7088453627884621
ICEWS,Russia,2007-03-01,State visit to Russia,Chinese outbound visit,3,2.332124137492191,-0.280099344963189
ICEWS,Russia,2007-03-01,State visit to Russia,Chinese outbound visit,6,2.332124137492191,1.1439523393502422
ICEWS,Russia,2007-03-01,State visit to Russia,Chinese outbound visit,12,2.332124137492191,0.003377244443103944
ICEWS,Russia,2008-05-01,State visit to China,Partner inbound visit,0,2.246278504707469,0.4580881575408178
ICEWS,Russia,2008-05-01,State visit to China,Partner inbound visit,1,2.246278504707469,1.1086799988801062
ICEWS,Russia,2008-05-01,State visit to China,Partner inbound visit,2,2.246278504707469,0.49593987514938087
ICEWS,Russia,2008-05-01,State visit to China,Partner inbound visit,3,2.246278504707469,0.19421569721219
ICEWS,Russia,2008-05-01,State visit to China,Partner inbound visit,6,2.246278504707469,0.1617315379987172
ICEWS,Russia,2008-05-01,State visit to China,Partner inbound visit,12,2.246278504707469,0.04920623943874958
ICEWS,Russia,2009-06-01,State visit to Russia,Chinese outbound visit,0,2.6563823642243585,-0.6129935554790671
ICEWS,Russia,2009-06-01,State visit to Russia,Chinese outbound visit,1,2.6563823642243585,-0.4069664282119274
ICEWS,Russia,2009-06-01,State visit to Russia,Chinese outbound visit,2,2.6563823642243585,-0.04264362251046494
ICEWS,Russia,2009-06-01,State visit to Russia,Chinese outbound visit,3,2.6563823642243585,-0.302310995585096
ICEWS,Russia,2009-06-01,State visit to Russia,Chinese outbound visit,6,2.6563823642243585,-0.8397297975637472
ICEWS,Russia,2009-06-01,State visit to Russia,Chinese outbound visit,12,2.6563823642243585,-0.5268382556535554
ICEWS,Russia,2012-06-01,State visit to China,Partner inbound visit,0,2.094578506870242,0.11665908870289954
ICEWS,Russia,2012-06-01,State visit to China,Partner inbound visit,1,2.094578506870242,0.5432871539497288
ICEWS,Russia,2012-06-01,State visit to China,Partner inbound visit,2,2.094578506870242,0.08278121447320075
ICEWS,Russia,2012-06-01,State visit to China,Partner inbound visit,3,2.094578506870242,-0.537340546919463
ICEWS,Russia,2012-06-01,State visit to China,Partner inbound visit,6,2.094578506870242,-0.06359552430655491
ICEWS,Russia,2012-06-01,State visit to China,Partner inbound visit,12,2.094578506870242,-0.8182756840771557
ICEWS,Russia,2013-03-01,State visit to Russia,Chinese outbound visit,0,2.3207429513418405,0.4104001983597363
ICEWS,Russia,2013-03-01,State visit to Russia,Chinese outbound visit,1,2.3207429513418405,0.08262398657574499
ICEWS,Russia,2013-03-01,State visit to Russia,Chinese outbound visit,2,2.3207429513418405,0.3705197501376367
ICEWS,Russia,2013-03-01,State visit to Russia,Chinese outbound visit,3,2.3207429513418405,-1.0444401285487541
ICEWS,Russia,2013-03-01,State visit to Russia,Chinese outbound visit,6,2.3207429513418405,0.2431602377986577
ICEWS,Russia,2013-03-01,State visit to Russia,Chinese outbound visit,12,2.3207429513418405,-1.265176361686289
ICEWS,Russia,2014-05-01,State visit to China,Partner inbound visit,0,2.2585495770107427,1.5867132687001062
ICEWS,Russia,2014-05-01,State visit to China,Partner inbound visit,1,2.2585495770107427,1.0505850994831603
ICEWS,Russia,2014-05-01,State visit to China,Partner inbound visit,2,2.2585495770107427,0.11532850014581353
ICEWS,Russia,2014-05-01,State visit to China,Partner inbound visit,3,2.2585495770107427,1.20360807553
ICEWS,Russia,2014-05-01,State visit to China,Partner inbound visit,6,2.2585495770107427,0.5840221035407778
ICEWS,Russia,2014-05-01,State visit to China,Partner inbound visit,12,2.2585495770107427,1.2501548158205678
ICEWS,Russia,2015-05-01,State visit to Russia,Chinese outbound visit,0,3.0196867242092424,0.48901766862206797
ICEWS,Russia,2015-05-01,State visit to Russia,Chinese outbound visit,1,3.0196867242092424,-0.2176198814318604
ICEWS,Russia,2015-05-01,State visit to Russia,Chinese outbound visit,2,3.0196867242092424,1.3427793222225826
ICEWS,Russia,2015-05-01,State visit to Russia,Chinese outbound visit,3,3.0196867242092424,0.5440226876085101
ICEWS,Russia,2015-05-01,State visit to Russia,Chinese outbound visit,6,3.0196867242092424,-1.0156489189931048
ICEWS,Russia,2015-05-01,State visit to Russia,Chinese outbound visit,12,3.0196867242092424,-0.3295793187886322
ICEWS,Russia,2016-06-01,State visit to China,Partner inbound visit,0,2.5657171833945216,0.20980295440230678
ICEWS,Russia,2016-06-01,State visit to China,Partner inbound visit,1,2.5657171833945216,0.1358079318195422
ICEWS,Russia,2016-06-01,State visit to China,Partner inbound visit,2,2.5657171833945216,-0.029264329947336076
ICEWS,Russia,2016-06-01,State visit to China,Partner inbound visit,3,2.5657171833945216,-0.28215879916384656
ICEWS,Russia,2016-06-01,State visit to China,Partner inbound visit,6,2.5657171833945216,-0.033703284668440414
ICEWS,Russia,2016-06-01,State visit to China,Partner inbound visit,12,2.5657171833945216,0.42087431254581675
ICEWS,Russia,2017-07-01,State visit to Russia,Chinese outbound visit,0,2.800113509625357,-0.04614769156265419
ICEWS,Russia,2017-07-01,State visit to Russia,Chinese outbound visit,1,2.800113509625357,0.31764489614572033
ICEWS,Russia,2017-07-01,State visit to Russia,Chinese outbound visit,2,2.800113509625357,0.16050229525403692
ICEWS,Russia,2017-07-01,State visit to Russia,Chinese outbound visit,3,2.800113509625357,0.36646186317297724
ICEWS,Russia,2017-07-01,State visit to Russia,Chinese outbound visit,6,2.800113509625357,0.1365558279500685
ICEWS,Russia,2017-07-01,State visit to Russia,Chinese outbound visit,12,2.800113509625357,-0.23141264979491405
ICEWS,Russia,2018-06-01,State visit to China,Partner inbound visit,0,2.954124661796356,-0.6613774388009404
ICEWS,Russia,2018-06-01,State visit to China,Partner inbound visit,1,2.954124661796356,-0.3854238019659131
ICEWS,Russia,2018-06-01,State visit to China,Partner inbound visit,2,2.954124661796356,0.1370953337447518
ICEWS,Russia,2018-06-01,State visit to China,Partner inbound visit,3,2.954124661796356,-0.1524921209837813
ICEWS,Russia,2018-06-01,State visit to China,Partner inbound visit,6,2.954124661796356,-0.7011296436732923
ICEWS,Russia,2018-06-01,State visit to China,Partner inbound visit,12,2.954124661796356,-0.294593264798539
ICEWS,Russia,2019-06-01,State visit to Russia,Chinese outbound visit,0,2.5912515619865104,0.06827983501130674
ICEWS,Russia,2019-06-01,State visit to Russia,Chinese outbound visit,1,2.5912515619865104,-0.3936173127139444
ICEWS,Russia,2019-06-01,State visit to Russia,Chinese outbound visit,2,2.5912515619865104,-0.6742290102300288
ICEWS,Russia,2019-06-01,State visit to Russia,Chinese outbound visit,3,2.5912515619865104,0.19167518047713905
ICEWS,Russia,2019-06-01,State visit to Russia,Chinese outbound visit,6,2.5912515619865104,-0.49659408069759436
ICEWS,Russia,2019-06-01,State visit to Russia,Chinese outbound visit,12,2.5912515619865104,-0.47086371531652205
ICEWS,Russia,2021-06-01,Video meeting on treaty extension,Remote talk,0,2.6761344826828903,-0.4912122327382722
ICEWS,Russia,2021-06-01,Video meeting on treaty extension,Remote talk,1,2.6761344826828903,-0.3134114791578426
ICEWS,Russia,2021-06-01,Video meeting on treaty extension,Remote talk,2,2.6761344826828903,0.056200496674332356
ICEWS,Russia,2021-06-01,Video meeting on treaty extension,Remote talk,3,2.6761344826828903,0.44399420114456234
ICEWS,Russia,2021-06-01,Video meeting on treaty extension,Remote talk,6,2.6761344826828903,-0.12539095494488706
ICEWS,Russia,2021-06-01,Video meeting on treaty extension,Remote talk,12,2.6761344826828903,-1.3896216194580937
ICEWS,Russia,2022-02-01,State visit to China,Partner inbound visit,0,2.644968268697795,-0.09305192963092779
ICEWS,Russia,2022-02-01,State visit to China,Partner inbound visit,1,2.644968268697795,-0.5562500240815478
ICEWS,Russia,2022-02-01,State visit to China,Partner inbound visit,2,2.644968268697795,-1.0445348047973868
ICEWS,Russia,2022-02-01,State visit to China,Partner inbound visit,3,2.644968268697795,-1.38546211703866
ICEWS,Russia,2022-02-01,State visit to China,Partner inbound visit,6,2.644968268697795,-0.16561148456649377
ICEWS,Russia,2022-02-01,State visit to China,Partner inbound visit,12,2.644968268697795,-0.26786845378918756
ICEWS,Russia,2022-09-01,Bilateral meeting on sidelines of SCO summit,Third-party meeting,0,2.0350046696913164,0.6262171891025403
ICEWS,Russia,2022-09-01,Bilateral meeting on sidelines of SCO summit,Third-party meeting,1,2.0350046696913164,0.5955190446740968
ICEWS,Russia,2022-09-01,Bilateral meeting on sidelines of SCO summit,Third-party meeting,2,2.0350046696913164,-0.6390293585168134
ICEWS,Russia,2022-09-01,Bilateral meeting on sidelines of SCO summit,Third-party meeting,3,2.0350046696913164,0.37470408690880674
ICEWS,Russia,2022-09-01,Bilateral meeting on sidelines of SCO summit,Third-party meeting,6,2.0350046696913164,0.4246889931019293
ICEWS,Russia,2023-03-01,State visit to Russia,Chinese outbound visit,0,2.678808406908216,-0.21911474411497034
ICEWS,Russia,2023-03-01,State visit to Russia,Chinese outbound visit,1,2.678808406908216,-1.1270440235703172
ICEWS,Saudi Arabia,2006-01-01,State visit to China,Partner inbound visit,0,1.6801764110315052,1.89096439592843
ICEWS,Saudi Arabia,2006-01-01,State visit to China,Partner inbound visit,1,1.6801764110315052,1.7198235889684934
ICEWS,Saudi Arabia,2006-01-01,State visit to China,Partner inbound visit,2,1.6801764110315052,1.3510521480693694
ICEWS,Saudi Arabia,2006-01-01,State visit to China,Partner inbound visit,3,1.6801764110315052,1.0942103973948818
ICEWS,Saudi Arabia,2006-01-01,State visit to China,Partner inbound visit,6,1.6801764110315052,-0.6801764110315001
ICEWS,Saudi Arabia,2006-01-01,State visit to China,Partner inbound visit,12,1.6801764110315052,1.1652765681049555
ICEWS,Saudi Arabia,2006-04-01,State visit to Saudi Arabia,Chinese outbound visit,0,3.3341231220202694,-0.5597363135938824
ICEWS,Saudi Arabia,2006-04-01,State visit to Saudi Arabia,Chinese outbound visit,1,3.3341231220202694,-0.9058085243345957
ICEWS,Saudi Arabia,2006-04-01,State visit to Saudi Arabia,Chinese outbound visit,2,3.3341231220202694,-1.492322458395373
ICEWS,Saudi Arabia,2006-04-01,State visit to Saudi Arabia,Chinese outbound visit,3,3.3341231220202694,-2.334123122020264
ICEWS,Saudi Arabia,2006-04-01,State visit to Saudi Arabia,Chinese outbound visit,6,3.3341231220202694,-9.83412312202027
ICEWS,Saudi Arabia,2006-04-01,State visit to Saudi Arabia,Chinese outbound visit,12,3.3341231220202694,-1.0098332638603598
ICEWS,Saudi Arabia,2008-06-01,Official visit to Saudi Arabia,Chinese outbound visit,0,3.35598481881019,-0.3913475534302324
ICEWS,Saudi Arabia,2008-06-01,Official visit to Saudi Arabia,Chinese outbound visit,1,3.35598481881019,2.744015181189804
ICEWS,Saudi Arabia,2008-06-01,Official visit to Saudi Arabia,Chinese outbound visit,2,3.35598481881019,-0.1619391624568407
ICEWS,Saudi Arabia,2008-06-01,Official visit to Saudi Arabia,Chinese outbound visit,3,3.35598481881019,-1.0135712440479394
ICEWS,Saudi Arabia,2008-06-01,Official visit to Saudi Arabia,Chinese outbound visit,6,3.35598481881019,-1.6265160631745839
ICEWS,Saudi Arabia,2008-06-01,Official visit to Saudi Arabia,Chinese outbound visit,12,3.35598481881019,-1.0135712440479394
ICEWS,Saudi Arabia,2009-02-01,State visit to Saudi Arabia,Chinese outbound visit,0,1.7442499963425082,1.5798830502427463
ICEWS,Saudi Arabia,2009-02-01,State visit to Saudi Arabia,Chinese outbound visit,1,1.7442499963425082,1.0803117401994402
ICEWS,Saudi Arabia,2009-02-01,State visit to Saudi Arabia,Chinese outbound visit,2,1.7442499963425082,0.5981635784197425
ICEWS,Saudi Arabia,2009-02-01,State visit to Saudi Arabia,Chinese outbound visit,3,1.7442499963425082,0.5981635784197425
ICEWS,Saudi Arabia,2009-02-01,State visit to Saudi Arabia,Chinese outbound visit,6,1.7442499963425082,0.5981635784197425
ICEWS,Saudi Arabia,2009-02-01,State visit to Saudi Arabia,Chinese outbound visit,12,1.7442499963425082,-0.04424999634250715
ICEWS,Saudi Arabia,2012-01-01,Official visit to Saudi Arabia,Chinese outbound visit,0,4.2268734100389,-1.078955480970345
ICEWS,Saudi Arabia,2012-01-01,Official visit to Saudi Arabia,Chinese outbound visit,1,4.2268734100389,-1.3912700163483382
ICEWS,Saudi Arabia,2012-01-01,Official visit to Saudi Arabia,Chinese outbound visit,2,4.2268734100389,-2.1251275142192423
ICEWS,Saudi Arabia,2012-01-01,Official visit to Saudi Arabia,Chinese outbound visit,3,4.2268734100389,-2.3585711401904472
ICEWS,Saudi Arabia,2012-01-01,Official visit to Saudi Arabia,Chinese outbound visit,6,4.2268734100389,-1.355528918401347
ICEWS,Saudi Arabia,2012-01-01,Official visit to Saudi Arabia,Chinese outbound visit,12,4.2268734100389,-2.8811288746884216
ICEWS,Saudi Arabia,2016-01-01,State visit to Saudi Arabia,Chinese outbound visit,0,2.0433183387513028,0.07340145086878369
ICEWS,Saudi Arabia,2016-01-01,State visit to Saudi Arabia,Chinese outbound visit,1,2.0433183387513028,-0.3147493093876017
ICEWS,Saudi Arabia,2016-01-01,State visit to Saudi Arabia,Chinese outbound visit,2,2.0433183387513028,0.23495090187955103
ICEWS,Saudi Arabia,2016-01-01,State visit to Saudi Arabia,Chinese outbound visit,3,2.0433183387513028,0.8083906491126145
ICEWS,Saudi Arabia,2016-01-01,State visit to Saudi Arabia,Chinese outbound visit,6,2.0433183387513028,1.1249726645002918
ICEWS,Saudi Arabia,2016-01-01,State visit to Saudi Arabia,Chinese outbound visit,12,2.0433183387513028,1.382450614962326
ICEWS,Saudi Arabia,2016-08-01,Official visit to China,Partner inbound visit,0,2.8956248839925,1.4648109969825804
ICEWS,Saudi Arabia,2016-08-01,Official visit to China,Partner inbound visit,1,2.8956248839925,-0.38165990213144685
ICEWS,Saudi Arabia,2016-08-01,Official visit to China,Partner inbound visit,2,2.8956248839925,-0.46770956467190983
ICEWS,Saudi Arabia,2016-08-01,Official visit to China,Partner inbound visit,3,2.8956248839925,-0.5532113092302491
ICEWS,Saudi Arabia,2016-08-01,Official visit to China,Partner inbound visit,6,2.8956248839925,1.1043751160075002
ICEWS,Saudi Arabia,2016-08-01,Official visit to China,Partner inbound visit,12,2.8956248839925,0.06839779932921397
ICEWS,Saudi Arabia,2017-03-01,State visit to China,Partner inbound visit,0,3.433096538036278,-0.7570267318041588
ICEWS,Saudi Arabia,2017-03-01,State visit to China,Partner inbound visit,1,3.433096538036278,0.938110249344843
ICEWS,Saudi Arabia,2017-03-01,State visit to China,Partner inbound visit,2,3.433096538036278,-1.733096538036277
ICEWS,Saudi Arabia,2017-03-01,State visit to China,Partner inbound visit,3,3.433096538036278,1.06690346196372
ICEWS,Saudi Arabia,2017-03-01,State visit to China,Partner inbound visit,6,3.433096538036278,-0.8246495876954758
ICEWS,Saudi Arabia,2017-03-01,State visit to China,Partner inbound visit,12,3.433096538036278,-1.2973161576839147
ICEWS,Saudi Arabia,2019-02-01,State visit to China,Partner inbound visit,0,1.961151708922798,1.0372306219135197
ICEWS,Saudi Arabia,2019-02-01,State visit to China,Partner inbound visit,1,1.961151708922798,1.862323455758166
ICEWS,Saudi Arabia,2019-02-01,State visit to China,Partner inbound visit,2,1.961151708922798,-1.9611517089227963
ICEWS,Saudi Arabia,2019-02-01,State visit to China,Partner inbound visit,3,1.961151708922798,-0.01892904140508489
ICEWS,Saudi Arabia,2019-02-01,State visit to China,Partner inbound visit,6,1.961151708922798,-3.9611517089227966
ICEWS,Saudi Arabia,2019-02-01,State visit to China,Partner inbound visit,12,1.961151708922798,2.8211847492180206
ICEWS,Saudi Arabia,2022-12-01,State visit to Saudi Arabia,Chinese outbound visit,0,2.7322511788101136,-0.12995376960693727
ICEWS,Saudi Arabia,2022-12-01,State visit to Saudi Arabia,Chinese outbound visit,1,2.7322511788101136,-0.21489344257656962
ICEWS,Saudi Arabia,2022-12-01,State visit to Saudi Arabia,Chinese outbound visit,2,2.7322511788101136,-0.38983760404786283
ICEWS,Saudi Arabia,2022-12-01,State visit to Saudi Arabia,Chinese outbound visit,3,2.7322511788101136,1.6081575649836117
ICEWS,Singapore,2003-11-01,Working visit to China,Partner inbound visit,0,1.7767667340290623,1.163479873092585
ICEWS,Singapore,2003-11-01,Working visit to China,Partner inbound visit,1,1.7767667340290623,-1.7767667340290605
ICEWS,Singapore,2003-11-01,Working visit to China,Partner inbound visit,2,1.7767667340290623,1.1181756491457686
ICEWS,Singapore,2003-11-01,Working visit to China,Partner inbound visit,3,1.7767667340290623,0.2919723177955684
ICEWS,Singapore,2003-11-01,Working visit to China,Partner inbound visit,6,1.7767667340290623,1.5182862432982556
ICEWS,Singapore,2003-11-01,Working visit to China,Partner inbound visit,12,1.7767667340290623,0.1315538511432588
ICEWS,Singapore,2005-10-01,First official visit to China,Partner inbound visit,0,0.1304022630972188,1.214416107301025
ICEWS,Singapore,2005-10-01,First official visit to China,Partner inbound visit,1,0.1304022630972188,2.500289254255637
ICEWS,Singapore,2005-10-01,First official visit to China,Partner inbound visit,2,0.1304022630972188,1.0909491594291616
ICEWS,Singapore,2005-10-01,First official visit to China,Partner inbound visit,3,0.1304022630972188,0.9267405940456381
ICEWS,Singapore,2005-10-01,First official visit to China,Partner inbound visit,6,0.1304022630972188,1.4050936129643006
ICEWS,Singapore,2005-10-01,First official visit to China,Partner inbound visit,12,0.1304022630972188,2.996031849046597
ICEWS,Singapore,2015-11-01,State visit to Singapore,Chinese outbound visit,0,2.3044962402676874,-0.052583528749574615
ICEWS,Singapore,2015-11-01,State visit to Singapore,Chinese outbound visit,1,2.3044962402676874,-0.00741009127535408
ICEWS,Singapore,2015-11-01,State visit to Singapore,Chinese outbound visit,2,2.3044962402676874,0.03791733449456336
ICEWS,Singapore,2015-11-01,State visit to Singapore,Chinese outbound visit,3,2.3044962402676874,1.4146400889758097
ICEWS,Singapore,2015-11-01,State visit to Singapore,Chinese outbound visit,6,2.3044962402676874,0.8667105471134398
ICEWS,Singapore,2015-11-01,State visit to Singapore,Chinese outbound visit,12,2.3044962402676874,-3.7625926520558175
ICEWS,Singapore,2023-04-01,Official visit to China,Partner inbound visit,0,1.8670204957671932,0.5055030127176301
ICEWS,South Korea,2003-07-01,Roh Visits China,Partner inbound visit,0,1.5292366453018686,0.5237090103048356
ICEWS,South Korea,2003-07-01,Roh Visits China,Partner inbound visit,1,1.5292366453018686,1.0376739017640333
ICEWS,South Korea,2003-07-01,Roh Visits China,Partner inbound visit,2,1.5292366453018686,0.6403620284578395
ICEWS,South Korea,2003-07-01,Roh Visits China,Partner inbound visit,3,1.5292366453018686,0.9046282700056232
ICEWS,South Korea,2003-07-01,Roh Visits China,Partner inbound visit,6,1.5292366453018686,0.5412785201618313
ICEWS,South Korea,2003-07-01,Roh Visits China,Partner inbound visit,12,1.5292366453018686,1.273418107760482
ICEWS,South Korea,2005-11-01,State visit to South Korea prior to APEC summit,Chinese outbound visit,0,2.643269241197134,0.10077756560867313
ICEWS,South Korea,2005-11-01,State visit to South Korea prior to APEC summit,Chinese outbound visit,1,2.643269241197134,-0.8860372071887235
ICEWS,South Korea,2005-11-01,State visit to South Korea prior to APEC summit,Chinese outbound visit,2,2.643269241197134,-0.5310742076123582
ICEWS,South Korea,2005-11-01,State visit to South Korea prior to APEC summit,Chinese outbound visit,3,2.643269241197134,-2.4578974658684385
ICEWS,South Korea,2005-11-01,State visit to South Korea prior to APEC summit,Chinese outbound visit,6,2.643269241197134,-0.49982577691121977
ICEWS,South Korea,2005-11-01,State visit to South Korea prior to APEC summit,Chinese outbound visit,12,2.643269241197134,0.257375742560233
ICEWS,South Korea,2006-10-01,State visit to China,Partner inbound visit,0,2.374590313150676,-0.4125182513911192
ICEWS,South Korea,2006-10-01,State visit to China,Partner inbound visit,1,2.374590313150676,0.5260546706066909
ICEWS,South Korea,2006-10-01,State visit to China,Partner inbound visit,2,2.374590313150676,-0.5304829954094961
ICEWS,South Korea,2006-10-01,State visit to China,Partner inbound visit,3,2.374590313150676,-0.6004265366562251
ICEWS,South Korea,2006-10-01,State visit to China,Partner inbound visit,6,2.374590313150676,0.3680366602180247
ICEWS,South Korea,2006-10-01,State visit to China,Partner inbound visit,12,2.374590313150676,1.0338603282063663
ICEWS,South Korea,2007-04-01,Official visit to South Korea,Chinese outbound visit,0,2.4512852275057706,0.29134174586293016
ICEWS,South Korea,2007-04-01,Official visit to South Korea,Chinese outbound visit,1,2.4512852275057706,-0.2000489277640063
ICEWS,South Korea,2007-04-01,Official visit to South Korea,Chinese outbound visit,2,2.4512852275057706,0.36766728671033855
ICEWS,South Korea,2007-04-01,Official visit to South Korea,Chinese outbound visit,3,2.4512852275057706,-0.053009918422909585
ICEWS,South Korea,2007-04-01,Official visit to South Korea,Chinese outbound visit,6,2.4512852275057706,0.9571654138512717
ICEWS,South Korea,2007-04-01,Official visit to South Korea,Chinese outbound visit,12,2.4512852275057706,-0.6275654685465777
ICEWS,South Korea,2008-05-01,Lee Visits China,Partner inbound visit,0,2.1641870652955038,0.2135241174353486
ICEWS,South Korea,2008-05-01,Lee Visits China,Partner inbound visit,1,2.1641870652955038,0.7165852276139888
ICEWS,South Korea,2008-05-01,Lee Visits China,Partner inbound visit,2,2.1641870652955038,1.032151279413958
ICEWS,South Korea,2008-05-01,Lee Visits China,Partner inbound visit,3,2.1641870652955038,0.8226065144752432
ICEWS,South Korea,2008-05-01,Lee Visits China,Partner inbound visit,6,2.1641870652955038,1.4954064838661538
ICEWS,South Korea,2008-05-01,Lee Visits China,Partner inbound visit,12,2.1641870652955038,0.8804832787681254
ICEWS,South Korea,2008-08-01,State visit to South Korea,Chinese outbound visit,0,2.8182739401166024,0.16851963965414463
ICEWS,South Korea,2008-08-01,State visit to South Korea,Chinese outbound visit,1,2.8182739401166024,-1.3735734034357345
ICEWS,South Korea,2008-08-01,State visit to South Korea,Chinese outbound visit,2,2.8182739401166024,-0.7790411949844951
ICEWS,South Korea,2008-08-01,State visit to South Korea,Chinese outbound visit,3,2.8182739401166024,0.8413196090450552
ICEWS,South Korea,2008-08-01,State visit to South Korea,Chinese outbound visit,6,2.8182739401166024,0.2623671286381559
ICEWS,South Korea,2008-08-01,State visit to South Korea,Chinese outbound visit,12,2.8182739401166024,-0.22231418957944227
ICEWS,South Korea,2008-08-01,Bilateral meeting on sidelines of Beijing Olympics,Partner inbound visit,0,2.8182739401166024,0.16851963965414463
ICEWS,South Korea,2008-08-01,Bilateral meeting on sidelines of Beijing Olympics,Partner inbound visit,1,2.8182739401166024,-1.3735734034357345
ICEWS,South Korea,2008-08-01,Bilateral meeting on sidelines of Beijing Olympics,Partner inbound visit,2,2.8182739401166024,-0.7790411949844951
ICEWS,South Korea,2008-08-01,Bilateral meeting on sidelines of Beijing Olympics,Partner inbound visit,3,2.8182739401166024,0.8413196090450552
ICEWS,South Korea,2008-08-01,Bilateral meeting on sidelines of Beijing Olympics,Partner inbound visit,6,2.8182739401166024,0.2623671286381559
ICEWS,South Korea,2008-08-01,Bilateral meeting on sidelines of Beijing Olympics,Partner inbound visit,12,2.8182739401166024,-0.22231418957944227
ICEWS,South Korea,2009-09-01,Bilateral meeting on sidelines of UN General Assembly,Third-party meeting,0,2.4276588031619126,0.9310132949355236
ICEWS,South Korea,2009-09-01,Bilateral meeting on sidelines of UN General Assembly,Third-party meeting,1,2.4276588031619126,-0.4460119814512242
ICEWS,South Korea,2009-09-01,Bilateral meeting on sidelines of UN General Assembly,Third-party meeting,2,2.4276588031619126,-1.7654162038136891
ICEWS,South Korea,2009-09-01,Bilateral meeting on sidelines of UN General Assembly,Third-party meeting,3,2.4276588031619126,0.7771968492503913
ICEWS,South Korea,2009-09-01,Bilateral meeting on sidelines of UN General Assembly,Third-party meeting,6,2.4276588031619126,-0.036740700537140736
ICEWS,South Korea,2009-09-01,Bilateral meeting on sidelines of UN General Assembly,Third-party meeting,12,2.4276588031619126,-0.5445937886893755
ICEWS,South Korea,2010-05-01,Official visit to South Korea,Chinese outbound visit,0,2.330924602714336,0.40175018111161487
ICEWS,South Korea,2010-05-01,Official visit to South Korea,Chinese outbound visit,1,2.330924602714336,-1.0913411508774984
ICEWS,South Korea,2010-05-01,Official visit to South Korea,Chinese outbound visit,2,2.330924602714336,-2.3034078815204366
ICEWS,South Korea,2010-05-01,Official visit to South Korea,Chinese outbound visit,3,2.330924602714336,-1.0049906378374565
ICEWS,South Korea,2010-05-01,Official visit to South Korea,Chinese outbound visit,6,2.330924602714336,-0.9671631010990891
ICEWS,South Korea,2010-05-01,Official visit to South Korea,Chinese outbound visit,12,2.330924602714336,-0.14027623777702614
ICEWS,South Korea,2010-11-01,Bilateral meeting on sidelines of G20 summit,Third-party meeting,0,1.6860217247733615,-0.3222602231581144
ICEWS,South Korea,2010-11-01,Bilateral meeting on sidelines of G20 summit,Third-party meeting,1,1.6860217247733615,-1.256001145664193
ICEWS,South Korea,2010-11-01,Bilateral meeting on sidelines of G20 summit,Third-party meeting,2,1.6860217247733615,1.0104088797351363
ICEWS,South Korea,2010-11-01,Bilateral meeting on sidelines of G20 summit,Third-party meeting,3,1.6860217247733615,1.3732130116001944
ICEWS,South Korea,2010-11-01,Bilateral meeting on sidelines of G20 summit,Third-party meeting,6,1.6860217247733615,0.5046266401639485
ICEWS,South Korea,2010-11-01,Bilateral meeting on sidelines of G20 summit,Third-party meeting,12,1.6860217247733615,-0.23055006132773848
ICEWS,South Korea,2011-11-01,Bilateral meeting on sidelines of APEC summit,Third-party meeting,0,1.798156654528448,-0.3426849910828249
ICEWS,South Korea,2011-11-01,Bilateral meeting on sidelines of APEC summit,Third-party meeting,1,1.798156654528448,0.2960712726278132
ICEWS,South Korea,2011-11-01,Bilateral meeting on sidelines of APEC summit,Third-party meeting,2,1.798156654528448,-0.9171728715989502
ICEWS,South Korea,2011-11-01,Bilateral meeting on sidelines of APEC summit,Third-party meeting,3,1.798156654528448,-0.6611695339524104
ICEWS,South Korea,2011-11-01,Bilateral meeting on sidelines of APEC summit,Third-party meeting,6,1.798156654528448,0.6509338656593151
ICEWS,South Korea,2011-11-01,Bilateral meeting on sidelines of APEC summit,Third-party meeting,12,1.798156654528448,-0.18175342683689522
ICEWS,South Korea,2012-01-01,State visit to China,Partner inbound visit,0,1.6331151017094807,-0.752131318779983
ICEWS,South Korea,2012-01-01,State visit to China,Partner inbound visit,1,1.6331151017094807,-0.49612798113344314
ICEWS,South Korea,2012-01-01,State visit to China,Partner inbound visit,2,1.6331151017094807,0.01981537660295385
ICEWS,South Korea,2012-01-01,State visit to China,Partner inbound visit,3,1.6331151017094807,-1.0582315916453247
ICEWS,South Korea,2012-01-01,State visit to China,Partner inbound visit,6,1.6331151017094807,-0.2103596515910311
ICEWS,South Korea,2012-01-01,State visit to China,Partner inbound visit,12,1.6331151017094807,0.644957315630186
ICEWS,South Korea,2012-05-01,Official visit to South Korea,Chinese outbound visit,0,1.121600369650876,1.327490150536887
ICEWS,South Korea,2012-05-01,Official visit to South Korea,Chinese outbound visit,1,1.121600369650876,-0.5029916849471139
ICEWS,South Korea,2012-05-01,Official visit to South Korea,Chinese outbound visit,2,1.121600369650876,0.30115508046757355
ICEWS,South Korea,2012-05-01,Official visit to South Korea,Chinese outbound visit,3,1.121600369650876,-0.11260684869036908
ICEWS,South Korea,2012-05-01,Official visit to South Korea,Chinese outbound visit,6,1.121600369650876,0.4948028580406767
ICEWS,South Korea,2012-05-01,Official visit to South Korea,Chinese outbound visit,12,1.121600369650876,0.6107511447250875
ICEWS,South Korea,2013-06-01,Park Visits China,Partner inbound visit,0,1.8494158863707018,1.2093798542439664
ICEWS,South Korea,2013-06-01,Park Visits China,Partner inbound visit,1,1.8494158863707018,0.5550591948877752
ICEWS,South Korea,2013-06-01,Park Visits China,Partner inbound visit,2,1.8494158863707018,0.8315970701159081
ICEWS,South Korea,2013-06-01,Park Visits China,Partner inbound visit,3,1.8494158863707018,0.9157963385073273
ICEWS,South Korea,2013-06-01,Park Visits China,Partner inbound visit,6,1.8494158863707018,0.9515487886281431
ICEWS,South Korea,2013-06-01,Park Visits China,Partner inbound visit,12,1.8494158863707018,1.0250232161905135
ICEWS,South Korea,2014-07-01,Xi Visits ROK,Chinese outbound visit,0,2.6112476032104808,0.4697534247277493
ICEWS,South Korea,2014-07-01,Xi Visits ROK,Chinese outbound visit,1,2.6112476032104808,-1.056321189930745
ICEWS,South Korea,2014-07-01,Xi Visits ROK,Chinese outbound visit,2,2.6112476032104808,0.724664707096704
ICEWS,South Korea,2014-07-01,Xi Visits ROK,Chinese outbound visit,3,2.6112476032104808,-1.1015835185803868
ICEWS,South Korea,2014-07-01,Xi Visits ROK,Chinese outbound visit,6,2.6112476032104808,-0.5279409835219364
ICEWS,South Korea,2014-07-01,Xi Visits ROK,Chinese outbound visit,12,2.6112476032104808,-0.9332512770935393
ICEWS,South Korea,2014-11-01,Bilateral meeting on sidelines of APEC summit,Third-party meeting,0,2.133500936072338,0.6186929039554689
ICEWS,South Korea,2014-11-01,Bilateral meeting on sidelines of APEC summit,Third-party meeting,1,2.133500936072338,-0.49742818021977664
ICEWS,South Korea,2014-11-01,Bilateral meeting on sidelines of APEC summit,Third-party meeting,2,2.133500936072338,-0.05019431638379368
ICEWS,South Korea,2014-11-01,Bilateral meeting on sidelines of APEC summit,Third-party meeting,3,2.133500936072338,0.3344667485378827
ICEWS,South Korea,2014-11-01,Bilateral meeting on sidelines of APEC summit,Third-party meeting,6,2.133500936072338,0.9792788889515829
ICEWS,South Korea,2014-11-01,Bilateral meeting on sidelines of APEC summit,Third-party meeting,12,2.133500936072338,0.6802290323482985
ICEWS,South Korea,2015-09-01,State visit to China and attendance at Victory Day parade,Partner inbound visit,0,2.538862294107613,0.7328439921179939
ICEWS,South Korea,2015-09-01,State visit to China and attendance at Victory Day parade,Partner inbound visit,1,2.538862294107613,0.48136934963548406
ICEWS,South Korea,2015-09-01,State visit to China and attendance at Victory Day parade,Partner inbound visit,2,2.538862294107613,0.2748676743130236
ICEWS,South Korea,2015-09-01,State visit to China and attendance at Victory Day parade,Partner inbound visit,3,2.538862294107613,-1.287084704436392
ICEWS,South Korea,2015-09-01,State visit to China and attendance at Victory Day parade,Partner inbound visit,6,2.538862294107613,-1.1450238225521758
ICEWS,South Korea,2015-09-01,State visit to China and attendance at Victory Day parade,Partner inbound visit,12,2.538862294107613,-2.5916325745030093
ICEWS,South Korea,2015-11-01,Bilateral meeting on sidelines of APEC summit,Third-party meeting,0,3.194511828283843,-0.3807818598632067
ICEWS,South Korea,2015-11-01,Bilateral meeting on sidelines of APEC summit,Third-party meeting,1,3.194511828283843,-1.9427342386126223
ICEWS,South Korea,2015-11-01,Bilateral meeting on sidelines of APEC summit,Third-party meeting,2,3.194511828283843,-0.7428229217370279
ICEWS,South Korea,2015-11-01,Bilateral meeting on sidelines of APEC summit,Third-party meeting,3,3.194511828283843,-1.7307473372646132
ICEWS,South Korea,2015-11-01,Bilateral meeting on sidelines of APEC summit,Third-party meeting,6,3.194511828283843,-1.366508193582939
ICEWS,South Korea,2015-11-01,Bilateral meeting on sidelines of APEC summit,Third-party meeting,12,3.194511828283843,-2.0193775325158714
ICEWS,South Korea,2016-09-01,Bilateral meeting on sidelines of G20 summit,Partner inbound visit,0,0.8569678702534193,-0.9097381506488157
ICEWS,South Korea,2016-09-01,Bilateral meeting on sidelines of G20 summit,Partner inbound visit,1,0.8569678702534193,-1.2241202948598713
ICEWS,South Korea,2016-09-01,Bilateral meeting on sidelines of G20 summit,Partner inbound visit,2,0.8569678702534193,0.31816642551455254
ICEWS,South Korea,2016-09-01,Bilateral meeting on sidelines of G20 summit,Partner inbound visit,3,0.8569678702534193,0.9998304160962727
ICEWS,South Korea,2016-09-01,Bilateral meeting on sidelines of G20 summit,Partner inbound visit,6,0.8569678702534193,-1.6347170578408172
ICEWS,South Korea,2016-09-01,Bilateral meeting on sidelines of G20 summit,Partner inbound visit,12,0.8569678702534193,-0.5719901387629603
ICEWS,South Korea,2017-07-01,Bilateral meeting on sidelines of G20 summit,Third-party meeting,0,0.025561820121810797,0.6488996982400643
ICEWS,South Korea,2017-07-01,Bilateral meeting on sidelines of G20 summit,Third-party meeting,1,0.025561820121810797,1.5565309624820796
ICEWS,South Korea,2017-07-01,Bilateral meeting on sidelines of G20 summit,Third-party meeting,2,0.025561820121810797,0.2594159113686481
ICEWS,South Korea,2017-07-01,Bilateral meeting on sidelines of G20 summit,Third-party meeting,3,0.025561820121810797,1.2604666968537963
ICEWS,South Korea,2017-07-01,Bilateral meeting on sidelines of G20 summit,Third-party meeting,6,0.025561820121810797,2.3210032570516
ICEWS,South Korea,2017-07-01,Bilateral meeting on sidelines of G20 summit,Third-party meeting,12,0.025561820121810797,1.4319811191949896
ICEWS,South Korea,2017-11-01,Bilateral meeting on sidelines of APEC summit,Third-party meeting,0,1.051033010356652,1.0361211254580762
ICEWS,South Korea,2017-11-01,Bilateral meeting on sidelines of APEC summit,Third-party meeting,1,1.051033010356652,0.4548944310253151
ICEWS,South Korea,2017-11-01,Bilateral meeting on sidelines of APEC summit,Third-party meeting,2,1.051033010356652,1.2955320668167587
ICEWS,South Korea,2017-11-01,Bilateral meeting on sidelines of APEC summit,Third-party meeting,3,1.051033010356652,1.4096041296216135
ICEWS,South Korea,2017-11-01,Bilateral meeting on sidelines of APEC summit,Third-party meeting,6,1.051033010356652,1.6700789595982648
ICEWS,South Korea,2017-11-01,Bilateral meeting on sidelines of APEC summit,Third-party meeting,12,1.051033010356652,1.4346464797927936
ICEWS,South Korea,2017-12-01,Moon Visits China,Partner inbound visit,0,1.2193867947602648,0.2865406466217024
ICEWS,South Korea,2017-12-01,Moon Visits China,Partner inbound visit,1,1.2193867947602648,1.127178282413146
ICEWS,South Korea,2017-12-01,Moon Visits China,Partner inbound visit,2,1.2193867947602648,1.2412503452180008
ICEWS,South Korea,2017-12-01,Moon Visits China,Partner inbound visit,3,1.2193867947602648,0.9575060916859588
ICEWS,South Korea,2017-12-01,Moon Visits China,Partner inbound visit,6,1.2193867947602648,1.796304754775353
ICEWS,South Korea,2017-12-01,Moon Visits China,Partner inbound visit,12,1.2193867947602648,0.6246884006510529
ICEWS,South Korea,2019-06-01,Bilateral meeting on sidelines of G20 summit,Third-party meeting,0,1.691419122800216,0.4627248013106673
ICEWS,South Korea,2019-06-01,Bilateral meeting on sidelines of G20 summit,Third-party meeting,1,1.691419122800216,0.1249771840381051
ICEWS,South Korea,2019-06-01,Bilateral meeting on sidelines of G20 summit,Third-party meeting,2,1.691419122800216,0.44003053016158233
ICEWS,South Korea,2019-06-01,Bilateral meeting on sidelines of G20 summit,Third-party meeting,3,1.691419122800216,1.487475417844081
ICEWS,South Korea,2019-06-01,Bilateral meeting on sidelines of G20 summit,Third-party meeting,6,1.691419122800216,1.437465992239801
ICEWS,South Korea,2019-06-01,Bilateral meeting on sidelines of G20 summit,Third-party meeting,12,1.691419122800216,2.7615438148534643
ICEWS,South Korea,2022-03-01,Virtual meeting (phone call) congratulating Yoon on election,Remote talk,0,1.854530065761513,-0.413900545096765
ICEWS,South Korea,2022-03-01,Virtual meeting (phone call) congratulating Yoon on election,Remote talk,1,1.854530065761513,0.1608556517707489
ICEWS,South Korea,2022-03-01,Virtual meeting (phone call) congratulating Yoon on election,Remote talk,2,1.854530065761513,-0.6353632273440393
ICEWS,South Korea,2022-03-01,Virtual meeting (phone call) congratulating Yoon on election,Remote talk,3,1.854530065761513,0.39000738136183277
ICEWS,South Korea,2022-03-01,Virtual meeting (phone call) congratulating Yoon on election,Remote talk,6,1.854530065761513,0.9119469508862548
ICEWS,South Korea,2022-03-01,Virtual meeting (phone call) congratulating Yoon on election,Remote talk,12,1.854530065761513,-1.2059373296720615
ICEWS,South Korea,2022-11-01,Bilateral meeting on sidelines of G20 summit,Third-party meeting,0,2.2667378103444413,-0.022341226948709547
ICEWS,South Korea,2022-11-01,Bilateral meeting on sidelines of G20 summit,Third-party meeting,1,2.2667378103444413,-0.38203447615664743
ICEWS,South Korea,2022-11-01,Bilateral meeting on sidelines of G20 summit,Third-party meeting,2,2.2667378103444413,-2.3857381349835833
ICEWS,South Korea,2022-11-01,Bilateral meeting on sidelines of G20 summit,Third-party meeting,3,2.2667378103444413,-0.31392467781380695
ICEWS,Spain,2005-07-01,Official visit to China,Partner inbound visit,0,1.5324547128109132,0.3624175520937889
ICEWS,Spain,2005-07-01,Official visit to China,Partner inbound visit,1,1.5324547128109132,4.170838375679151
ICEWS,Spain,2005-07-01,Official visit to China,Partner inbound visit,2,1.5324547128109132,-0.4075938891157176
ICEWS,Spain,2005-07-01,Official visit to China,Partner inbound visit,3,1.5324547128109132,0.5654180680139234
ICEWS,Spain,2005-07-01,Official visit to China,Partner inbound visit,6,1.5324547128109132,-0.30302922011032085
ICEWS,Spain,2005-07-01,Official visit to China,Partner inbound visit,12,1.5324547128109132,-0.2670099566481323
ICEWS,Spain,2005-11-01,State visit to Spain,Chinese outbound visit,0,2.9753422310033653,0.23213326668455103
ICEWS,Spain,2005-11-01,State visit to Spain,Chinese outbound visit,1,2.9753422310033653,2.024657768996633
ICEWS,Spain,2005-11-01,State visit to Spain,Chinese outbound visit,2,2.9753422310033653,-1.745916738302773
ICEWS,Spain,2005-11-01,State visit to Spain,Chinese outbound visit,3,2.9753422310033653,-2.638376801098463
ICEWS,Spain,2005-11-01,State visit to Spain,Chinese outbound visit,6,2.9753422310033653,2.1579911023299676
ICEWS,Spain,2005-11-01,State visit to Spain,Chinese outbound visit,12,2.9753422310033653,-0.22830716428341447
ICEWS,Spain,2007-06-01,State visit to China,Partner inbound visit,0,4.152415666920235,-0.6530261798601176
ICEWS,Spain,2007-06-01,State visit to China,Partner inbound visit,1,4.152415666920235,-2.981208879539106
ICEWS,Spain,2007-06-01,State visit to China,Partner inbound visit,2,4.152415666920235,-0.152415666920235
ICEWS,Spain,2007-06-01,State visit to China,Partner inbound visit,3,4.152415666920235,-1.8492913629764187
ICEWS,Spain,2007-06-01,State visit to China,Partner inbound visit,6,4.152415666920235,-3.996766514128704
ICEWS,Spain,2007-06-01,State visit to China,Partner inbound visit,12,4.152415666920235,-1.706497946530166
ICEWS,Spain,2009-01-01,Official visit to Spain,Chinese outbound visit,0,2.5601044852224883,0.2814027764345419
ICEWS,Spain,2009-01-01,Official visit to Spain,Chinese outbound visit,1,2.5601044852224883,1.3447851857535302
ICEWS,Spain,2009-01-01,Official visit to Spain,Chinese outbound visit,2,2.5601044852224883,-0.3640983553646442
ICEWS,Spain,2009-01-01,Official visit to Spain,Chinese outbound visit,3,2.5601044852224883,-1.8770540485369724
ICEWS,Spain,2009-01-01,Official visit to Spain,Chinese outbound visit,6,2.5601044852224883,-3.56010448522249
ICEWS,Spain,2009-01-01,Official visit to Spain,Chinese outbound visit,12,2.5601044852224883,-2.1129620596891736
ICEWS,Spain,2014-09-01,Official visit to China,Partner inbound visit,0,-2.339274264441033,5.686211407354814
ICEWS,Spain,2014-09-01,Official visit to China,Partner inbound visit,1,-2.339274264441033,3.339274264441033
ICEWS,Spain,2014-09-01,Official visit to China,Partner inbound visit,2,-2.339274264441033,2.339274264441035
ICEWS,Spain,2014-09-01,Official visit to China,Partner inbound visit,3,-2.339274264441033,5.347492362925013
ICEWS,Spain,2014-09-01,Official visit to China,Partner inbound visit,6,-2.339274264441033,6.739274264441028
ICEWS,Spain,2014-09-01,Official visit to China,Partner inbound visit,12,-2.339274264441033,5.33927426444103
ICEWS,Spain,2018-11-01,State visit to Spain,Chinese outbound visit,0,-1.3331973238209869,4.8243783372111375
ICEWS,Spain,2018-11-01,State visit to Spain,Chinese outbound visit,1,-1.3331973238209869,3.675610898583238
ICEWS,Spain,2018-11-01,State visit to Spain,Chinese outbound visit,2,-1.3331973238209869,2.886362464378565
ICEWS,Spain,2018-11-01,State visit to Spain,Chinese outbound visit,3,-1.3331973238209869,2.1438007175115485
ICEWS,Spain,2018-11-01,State visit to Spain,Chinese outbound visit,6,-1.3331973238209869,1.1731441047911086
ICEWS,Spain,2018-11-01,State visit to Spain,Chinese outbound visit,12,-1.3331973238209869,6.78319732382099
ICEWS,Spain,2022-11-01,Bilateral meeting on sidelines of G20 summit,Third-party meeting,0,0.9952433888351766,1.2547566111648234
ICEWS,Spain,2022-11-01,Bilateral meeting on sidelines of G20 summit,Third-party meeting,1,0.9952433888351766,0.004756611164823399
ICEWS,Spain,2022-11-01,Bilateral meeting on sidelines of G20 summit,Third-party meeting,2,0.9952433888351766,-0.6037168356485896
ICEWS,Spain,2022-11-01,Bilateral meeting on sidelines of G20 summit,Third-party meeting,3,0.9952433888351766,-1.181336954505581
ICEWS,Spain,2023-03-01,Official visit to China,Partner inbound visit,0,0.40181099583872754,2.1150637594443276
ICEWS,Spain,2023-03-01,Official visit to China,Partner inbound visit,1,0.40181099583872754,1.9007197315924518
ICEWS,Thailand,2003-04-01,Premier Wen Jiabao visits Thailand for China-ASEAN SARS special meeting,Third-party meeting,0,2.309859423393577,-1.0629701954005113
ICEWS,Thailand,2003-04-01,Premier Wen Jiabao visits Thailand for China-ASEAN SARS special meeting,Third-party meeting,1,2.309859423393577,-0.3832226882052683
ICEWS,Thailand,2003-04-01,Premier Wen Jiabao visits Thailand for China-ASEAN SARS special meeting,Third-party meeting,2,2.309859423393577,0.832734632511205
ICEWS,Thailand,2003-04-01,Premier Wen Jiabao visits Thailand for China-ASEAN SARS special meeting,Third-party meeting,3,2.309859423393577,-0.25757399561029315
ICEWS,Thailand,2003-04-01,Premier Wen Jiabao visits Thailand for China-ASEAN SARS special meeting,Third-party meeting,6,2.309859423393577,0.14781353901160132
ICEWS,Thailand,2003-04-01,Premier Wen Jiabao visits Thailand for China-ASEAN SARS special meeting,Third-party meeting,12,2.309859423393577,-0.11405144709340886
ICEWS,Thailand,2005-07-01,Thai Prime Minister Thaksin Shinawatra official visit to China,Partner inbound visit,0,2.9752569293974775,-0.8753434370494175
ICEWS,Thailand,2005-07-01,Thai Prime Minister Thaksin Shinawatra official visit to China,Partner inbound visit,1,2.9752569293974775,-0.43081241570212425
ICEWS,Thailand,2005-07-01,Thai Prime Minister Thaksin Shinawatra official visit to China,Partner inbound visit,2,2.9752569293974775,0.26628983892591984
ICEWS,Thailand,2005-07-01,Thai Prime Minister Thaksin Shinawatra official visit to China,Partner inbound visit,3,2.9752569293974775,0.21524893752566188
ICEWS,Thailand,2005-07-01,Thai Prime Minister Thaksin Shinawatra official visit to China,Partner inbound visit,6,2.9752569293974775,-0.7199640898344497
ICEWS,Thailand,2005-07-01,Thai Prime Minister Thaksin Shinawatra official visit to China,Partner inbound visit,12,2.9752569293974775,-0.09525692939748032
ICEWS,Thailand,2009-06-01,Thai Prime Minister Abhisit Vejjajiva official visit to China,Partner inbound visit,0,2.5588381385915184,0.6633562889080693
ICEWS,Thailand,2009-06-01,Thai Prime Minister Abhisit Vejjajiva official visit to China,Partner inbound visit,1,2.5588381385915184,-1.1561482296979797
ICEWS,Thailand,2009-06-01,Thai Prime Minister Abhisit Vejjajiva official visit to China,Partner inbound visit,2,2.5588381385915184,-1.886680936002854
ICEWS,Thailand,2009-06-01,Thai Prime Minister Abhisit Vejjajiva official visit to China,Partner inbound visit,3,2.5588381385915184,-1.096593891028805
ICEWS,Thailand,2009-06-01,Thai Prime Minister Abhisit Vejjajiva official visit to China,Partner inbound visit,6,2.5588381385915184,-0.9791666758898891
ICEWS,Thailand,2009-06-01,Thai Prime Minister Abhisit Vejjajiva official visit to China,Partner inbound visit,12,2.5588381385915184,3.84116186140848
ICEWS,Thailand,2012-04-01,"Thai Prime Minister Yingluck Shinawatra visits China, comprehensive strategic partnership established",Partner inbound visit,0,1.8875926251063682,0.5652556797657642
ICEWS,Thailand,2012-04-01,"Thai Prime Minister Yingluck Shinawatra visits China, comprehensive strategic partnership established",Partner inbound visit,1,1.8875926251063682,-2.1525233987112813
ICEWS,Thailand,2012-04-01,"Thai Prime Minister Yingluck Shinawatra visits China, comprehensive strategic partnership established",Partner inbound visit,2,1.8875926251063682,1.09311143419486
ICEWS,Thailand,2012-04-01,"Thai Prime Minister Yingluck Shinawatra visits China, comprehensive strategic partnership established",Partner inbound visit,3,1.8875926251063682,0.008783836632939801
ICEWS,Thailand,2012-04-01,"Thai Prime Minister Yingluck Shinawatra visits China, comprehensive strategic partnership established",Partner inbound visit,6,1.8875926251063682,-0.8315034773822738
ICEWS,Thailand,2012-04-01,"Thai Prime Minister Yingluck Shinawatra visits China, comprehensive strategic partnership established",Partner inbound visit,12,1.8875926251063682,1.863666895530788
ICEWS,Thailand,2012-11-01,Chinese Premier Wen Jiabao official visit to Thailand,Chinese outbound visit,0,1.1513698388169005,1.0394870180843465
ICEWS,Thailand,2012-11-01,Chinese Premier Wen Jiabao official visit to Thailand,Chinese outbound visit,1,1.1513698388169005,0.184468771621918
ICEWS,Thailand,2012-11-01,Chinese Premier Wen Jiabao official visit to Thailand,Chinese outbound visit,2,1.1513698388169005,-3.351369838816903
ICEWS,Thailand,2012-11-01,Chinese Premier Wen Jiabao official visit to Thailand,Chinese outbound visit,3,1.1513698388169005,1.749165283135192
ICEWS,Thailand,2012-11-01,Chinese Premier Wen Jiabao official visit to Thailand,Chinese outbound visit,6,1.1513698388169005,0.8347118205748731
ICEWS,Thailand,2012-11-01,Chinese Premier Wen Jiabao official visit to Thailand,Chinese outbound visit,12,1.1513698388169005,0.1911798477010389
ICEWS,Thailand,2013-10-01,Chinese Premier Li Keqiang official visit to Thailand,Chinese outbound visit,0,3.2288323714248137,-0.8191418723088248
ICEWS,Thailand,2013-10-01,Chinese Premier Li Keqiang official visit to Thailand,Chinese outbound visit,1,3.2288323714248137,-1.8862826849068743
ICEWS,Thailand,2013-10-01,Chinese Premier Li Keqiang official visit to Thailand,Chinese outbound visit,2,3.2288323714248137,-1.8274434810089812
ICEWS,Thailand,2013-10-01,Chinese Premier Li Keqiang official visit to Thailand,Chinese outbound visit,3,3.2288323714248137,-1.7513447178873478
ICEWS,Thailand,2013-10-01,Chinese Premier Li Keqiang official visit to Thailand,Chinese outbound visit,6,3.2288323714248137,-5.781361179837395
ICEWS,Thailand,2013-10-01,Chinese Premier Li Keqiang official visit to Thailand,Chinese outbound visit,12,3.2288323714248137,-0.3970614459971018
ICEWS,Thailand,2017-09-01,"Thai Prime Minister Prayut Chan-o-cha visits China, BRI MoU signed",Partner inbound visit,0,1.4730051916825715,3.3521749861971033
ICEWS,Thailand,2017-09-01,"Thai Prime Minister Prayut Chan-o-cha visits China, BRI MoU signed",Partner inbound visit,1,1.4730051916825715,-0.6535271365912763
ICEWS,Thailand,2017-09-01,"Thai Prime Minister Prayut Chan-o-cha visits China, BRI MoU signed",Partner inbound visit,2,1.4730051916825715,1.588141311107074
ICEWS,Thailand,2017-09-01,"Thai Prime Minister Prayut Chan-o-cha visits China, BRI MoU signed",Partner inbound visit,3,1.4730051916825715,0.42699480831742886
ICEWS,Thailand,2017-09-01,"Thai Prime Minister Prayut Chan-o-cha visits China, BRI MoU signed",Partner inbound visit,6,1.4730051916825715,0.4967664511852352
ICEWS,Thailand,2017-09-01,"Thai Prime Minister Prayut Chan-o-cha visits China, BRI MoU signed",Partner inbound visit,12,1.4730051916825715,-0.4730051916825715
ICEWS,Thailand,2019-11-01,Chinese President Xi Jinping state visit to Thailand,Chinese outbound visit,0,-0.13133568279283264,1.9390913613111431
ICEWS,Thailand,2019-11-01,Chinese President Xi Jinping state visit to Thailand,Chinese outbound visit,1,-0.13133568279283264,1.5029105107812186
ICEWS,Thailand,2019-11-01,Chinese President Xi Jinping state visit to Thailand,Chinese outbound visit,2,-0.13133568279283264,1.8330089489367978
ICEWS,Thailand,2019-11-01,Chinese President Xi Jinping state visit to Thailand,Chinese outbound visit,3,-0.13133568279283264,3.0996633568354217
ICEWS,Thailand,2019-11-01,Chinese President Xi Jinping state visit to Thailand,Chinese outbound visit,6,-0.13133568279283264,4.131335682792833
ICEWS,Thailand,2019-11-01,Chinese President Xi Jinping state visit to Thailand,Chinese outbound visit,12,-0.13133568279283264,6.011335682792832
ICEWS,Thailand,2022-11-01,Chinese President Xi Jinping visits Thailand for APEC Economic Leaders' Meeting and state visit,Chinese outbound visit,0,0.7229230485878896,1.5371655624973388
ICEWS,Thailand,2022-11-01,Chinese President Xi Jinping visits Thailand for APEC Economic Leaders' Meeting and state visit,Chinese outbound visit,1,0.7229230485878896,1.0032990450532053
ICEWS,Thailand,2022-11-01,Chinese President Xi Jinping visits Thailand for APEC Economic Leaders' Meeting and state visit,Chinese outbound visit,2,0.7229230485878896,0.6540467304449228
ICEWS,Thailand,2022-11-01,Chinese President Xi Jinping visits Thailand for APEC Economic Leaders' Meeting and state visit,Chinese outbound visit,3,0.7229230485878896,-0.0735544937151934
ICEWS,United Arab Emirates,2009-08-01,State visit to China,Partner inbound visit,0,4.5485724953591244,-1.4647114625979523
ICEWS,United Arab Emirates,2009-08-01,State visit to China,Partner inbound visit,1,4.5485724953591244,-0.5485724953591244
ICEWS,United Arab Emirates,2009-08-01,State visit to China,Partner inbound visit,2,4.5485724953591244,1.3333705207750093
ICEWS,United Arab Emirates,2009-08-01,State visit to China,Partner inbound visit,3,4.5485724953591244,3.451427504640872
ICEWS,United Arab Emirates,2009-08-01,State visit to China,Partner inbound visit,6,4.5485724953591244,-0.97338336340664
ICEWS,United Arab Emirates,2009-08-01,State visit to China,Partner inbound visit,12,4.5485724953591244,-3.3773657079779955
ICEWS,United Arab Emirates,2012-03-01,State visit to China,Partner inbound visit,0,2.6349709251553994,-1.9191282297792194
ICEWS,United Arab Emirates,2012-03-01,State visit to China,Partner inbound visit,1,2.6349709251553994,-1.610507513432652
ICEWS,United Arab Emirates,2012-03-01,State visit to China,Partner inbound visit,2,2.6349709251553994,-1.2937570578061388
ICEWS,United Arab Emirates,2012-03-01,State visit to China,Partner inbound visit,3,2.6349709251553994,-0.9686627079280303
ICEWS,United Arab Emirates,2012-03-01,State visit to China,Partner inbound visit,6,2.6349709251553994,-0.3129958329942939
ICEWS,United Arab Emirates,2012-03-01,State visit to China,Partner inbound visit,12,2.6349709251553994,-0.43497092515540015
ICEWS,United Arab Emirates,2015-12-01,State visit to China,Partner inbound visit,0,2.788027184164091,0.7855268831027851
ICEWS,United Arab Emirates,2015-12-01,State visit to China,Partner inbound visit,1,2.788027184164091,1.082923767085072
ICEWS,United Arab Emirates,2015-12-01,State visit to China,Partner inbound visit,2,2.788027184164091,1.3863895143106046
ICEWS,United Arab Emirates,2015-12-01,State visit to China,Partner inbound visit,3,2.788027184164091,1.6960479697254898
ICEWS,United Arab Emirates,2015-12-01,State visit to China,Partner inbound visit,6,2.788027184164091,2.663456253895062
ICEWS,United Arab Emirates,2015-12-01,State visit to China,Partner inbound visit,12,2.788027184164091,0.36117774049510176
ICEWS,United Arab Emirates,2018-07-01,State visit to UAE,Chinese outbound visit,0,2.632723338499611,0.26805211623472225
ICEWS,United Arab Emirates,2018-07-01,State visit to UAE,Chinese outbound visit,1,2.632723338499611,0.8672766615003891
ICEWS,United Arab Emirates,2018-07-01,State visit to UAE,Chinese outbound visit,2,2.632723338499611,-0.29030976373736017
ICEWS,United Arab Emirates,2018-07-01,State visit to UAE,Chinese outbound visit,3,2.632723338499611,-0.8846751367837413
ICEWS,United Arab Emirates,2018-07-01,State visit to UAE,Chinese outbound visit,6,2.632723338499611,-0.8030149074742605
ICEWS,United Arab Emirates,2018-07-01,State visit to UAE,Chinese outbound visit,12,2.632723338499611,0.1015905126930452
ICEWS,United Arab Emirates,2019-07-01,State visit to China,Partner inbound visit,0,0.026840240007001956,2.7074736111856543
ICEWS,United Arab Emirates,2019-07-01,State visit to China,Partner inbound visit,1,0.026840240007001956,-2.0268402400070005
ICEWS,United Arab Emirates,2019-07-01,State visit to China,Partner inbound visit,2,0.026840240007001956,6.187504756213666
ICEWS,United Arab Emirates,2019-07-01,State visit to China,Partner inbound visit,3,0.026840240007001956,2.315573334755249
ICEWS,United Arab Emirates,2019-07-01,State visit to China,Partner inbound visit,6,0.026840240007001956,1.2955379611227762
ICEWS,United Arab Emirates,2019-07-01,State visit to China,Partner inbound visit,12,0.026840240007001956,6.973159759992995
ICEWS,United Arab Emirates,2022-02-01,Visit to China for Beijing Winter Olympics opening ceremony,Partner inbound visit,0,2.9405618786212577,-1.1072285452879258
ICEWS,United Arab Emirates,2022-02-01,Visit to China for Beijing Winter Olympics opening ceremony,Partner inbound visit,1,2.9405618786212577,-1.0850677672591826
ICEWS,United Arab Emirates,2022-02-01,Visit to China for Beijing Winter Olympics opening ceremony,Partner inbound visit,2,2.9405618786212577,-0.5109496563206775
ICEWS,United Arab Emirates,2022-02-01,Visit to China for Beijing Winter Olympics opening ceremony,Partner inbound visit,3,2.9405618786212577,0.08880820074133888
ICEWS,United Arab Emirates,2022-02-01,Visit to China for Beijing Winter Olympics opening ceremony,Partner inbound visit,6,2.9405618786212577,0.45943812137874085
ICEWS,United Arab Emirates,2022-02-01,Visit to China for Beijing Winter Olympics opening ceremony,Partner inbound visit,12,2.9405618786212577,-0.598148303859007
ICEWS,United Kingdom,2003-07-01,Blair Visits China,Partner inbound visit,0,0.9914000101033988,1.2747673271716955
ICEWS,United Kingdom,2003-07-01,Blair Visits China,Partner inbound visit,1,0.9914000101033988,0.5085999898966029
ICEWS,United Kingdom,2003-07-01,Blair Visits China,Partner inbound visit,2,0.9914000101033988,0.3943798952714548
ICEWS,United Kingdom,2003-07-01,Blair Visits China,Partner inbound visit,3,0.9914000101033988,-0.6414000101033992
ICEWS,United Kingdom,2003-07-01,Blair Visits China,Partner inbound visit,6,0.9914000101033988,-0.49559089413712454
ICEWS,United Kingdom,2003-07-01,Blair Visits China,Partner inbound visit,12,0.9914000101033988,-2.5749225817099815
ICEWS,United Kingdom,2004-05-01,Official visit to the United Kingdom,Chinese outbound visit,0,0.6875766240281257,0.8954361177992688
ICEWS,United Kingdom,2004-05-01,Official visit to the United Kingdom,Chinese outbound visit,1,0.6875766240281257,0.3090223094359523
ICEWS,United Kingdom,2004-05-01,Official visit to the United Kingdom,Chinese outbound visit,2,0.6875766240281257,-2.2710991956347084
ICEWS,United Kingdom,2004-05-01,Official visit to the United Kingdom,Chinese outbound visit,3,0.6875766240281257,2.912423375971876
ICEWS,United Kingdom,2004-05-01,Official visit to the United Kingdom,Chinese outbound visit,6,0.6875766240281257,0.23872803064698833
ICEWS,United Kingdom,2004-05-01,Official visit to the United Kingdom,Chinese outbound visit,12,0.6875766240281257,1.6736738220684244
ICEWS,United Kingdom,2005-11-01,State visit to the United Kingdom,Chinese outbound visit,0,2.5619783093052506,-0.25723871623013306
ICEWS,United Kingdom,2005-11-01,State visit to the United Kingdom,Chinese outbound visit,1,2.5619783093052506,-1.0631866100745766
ICEWS,United Kingdom,2005-11-01,State visit to the United Kingdom,Chinese outbound visit,2,2.5619783093052506,-0.09893236412953588
ICEWS,United Kingdom,2005-11-01,State visit to the United Kingdom,Chinese outbound visit,3,2.5619783093052506,0.4859474415901408
ICEWS,United Kingdom,2005-11-01,State visit to the United Kingdom,Chinese outbound visit,6,2.5619783093052506,-0.47617110069093993
ICEWS,United Kingdom,2005-11-01,State visit to the United Kingdom,Chinese outbound visit,12,2.5619783093052506,0.28509380942721574
ICEWS,United Kingdom,2006-09-01,Official visit to the United Kingdom by Chinese Premier Wen Jiabao,Chinese outbound visit,0,0.972743893423211,1.418494539445868
ICEWS,United Kingdom,2006-09-01,Official visit to the United Kingdom by Chinese Premier Wen Jiabao,Chinese outbound visit,1,0.972743893423211,1.6275868060770562
ICEWS,United Kingdom,2006-09-01,Official visit to the United Kingdom by Chinese Premier Wen Jiabao,Chinese outbound visit,2,0.972743893423211,1.8743282253092555
ICEWS,United Kingdom,2006-09-01,Official visit to the United Kingdom by Chinese Premier Wen Jiabao,Chinese outbound visit,3,0.972743893423211,1.9755585197277727
ICEWS,United Kingdom,2006-09-01,Official visit to the United Kingdom by Chinese Premier Wen Jiabao,Chinese outbound visit,6,0.972743893423211,2.0081133796802457
ICEWS,United Kingdom,2006-09-01,Official visit to the United Kingdom by Chinese Premier Wen Jiabao,Chinese outbound visit,12,0.972743893423211,-0.8290849919291118
ICEWS,United Kingdom,2008-01-01,Brown Visits China,Partner inbound visit,0,0.5504510121984391,2.4930474816209194
ICEWS,United Kingdom,2008-01-01,Brown Visits China,Partner inbound visit,1,0.5504510121984391,1.106342760418506
ICEWS,United Kingdom,2008-01-01,Brown Visits China,Partner inbound visit,2,0.5504510121984391,1.0874515659432684
ICEWS,United Kingdom,2008-01-01,Brown Visits China,Partner inbound visit,3,0.5504510121984391,0.2903870012229083
ICEWS,United Kingdom,2008-01-01,Brown Visits China,Partner inbound visit,6,0.5504510121984391,-0.633233621911185
ICEWS,United Kingdom,2008-01-01,Brown Visits China,Partner inbound visit,12,0.5504510121984391,0.646873518348373
ICEWS,United Kingdom,2009-04-01,Meeting on sidelines of G20 summit in London,Third-party meeting,0,1.488099950400257,0.10930828217485011
ICEWS,United Kingdom,2009-04-01,Meeting on sidelines of G20 summit in London,Third-party meeting,1,1.488099950400257,0.28367514856394505
ICEWS,United Kingdom,2009-04-01,Meeting on sidelines of G20 summit in London,Third-party meeting,2,1.488099950400257,-0.14269408615572376
ICEWS,United Kingdom,2009-04-01,Meeting on sidelines of G20 summit in London,Third-party meeting,3,1.488099950400257,-1.35166066084865
ICEWS,United Kingdom,2009-04-01,Meeting on sidelines of G20 summit in London,Third-party meeting,6,1.488099950400257,-0.14166320516670505
ICEWS,United Kingdom,2009-04-01,Meeting on sidelines of G20 summit in London,Third-party meeting,12,1.488099950400257,1.3872163057905251
ICEWS,United Kingdom,2010-11-01,Cameron First Visit,Partner inbound visit,0,2.4840266912545097,-0.494318780938368
ICEWS,United Kingdom,2010-11-01,Cameron First Visit,Partner inbound visit,1,2.4840266912545097,0.4565664253038477
ICEWS,United Kingdom,2010-11-01,Cameron First Visit,Partner inbound visit,2,2.4840266912545097,0.5690215941422991
ICEWS,United Kingdom,2010-11-01,Cameron First Visit,Partner inbound visit,3,2.4840266912545097,-2.1124518632661218
ICEWS,United Kingdom,2010-11-01,Cameron First Visit,Partner inbound visit,6,2.4840266912545097,-1.142881136111317
ICEWS,United Kingdom,2010-11-01,Cameron First Visit,Partner inbound visit,12,2.4840266912545097,-1.9441892025884187
ICEWS,United Kingdom,2011-06-01,Official visit to the United Kingdom,Chinese outbound visit,0,0.372396615721982,1.0234440478000109
ICEWS,United Kingdom,2011-06-01,Official visit to the United Kingdom,Chinese outbound visit,1,0.372396615721982,-3.4060808051242297
ICEWS,United Kingdom,2011-06-01,Official visit to the United Kingdom,Chinese outbound visit,2,0.372396615721982,0.154007262781521
ICEWS,United Kingdom,2011-06-01,Official visit to the United Kingdom,Chinese outbound visit,3,0.372396615721982,1.9026181862732692
ICEWS,United Kingdom,2011-06-01,Official visit to the United Kingdom,Chinese outbound visit,6,0.372396615721982,2.1943268461870424
ICEWS,United Kingdom,2011-06-01,Official visit to the United Kingdom,Chinese outbound visit,12,0.372396615721982,1.8764430826279401
ICEWS,United Kingdom,2013-12-01,Official visit to China,Partner inbound visit,0,2.318772097789382,0.7398084138583672
ICEWS,United Kingdom,2013-12-01,Official visit to China,Partner inbound visit,1,2.318772097789382,0.8807737500213824
ICEWS,United Kingdom,2013-12-01,Official visit to China,Partner inbound visit,2,2.318772097789382,-0.8585289008855588
ICEWS,United Kingdom,2013-12-01,Official visit to China,Partner inbound visit,3,2.318772097789382,-0.33354546716872835
ICEWS,United Kingdom,2013-12-01,Official visit to China,Partner inbound visit,6,2.318772097789382,0.35306107129261033
ICEWS,United Kingdom,2013-12-01,Official visit to China,Partner inbound visit,12,2.318772097789382,-2.3669612820182993
ICEWS,United Kingdom,2014-06-01,Official visit to the United Kingdom,Chinese outbound visit,0,2.223872168200094,0.4479610008818984
ICEWS,United Kingdom,2014-06-01,Official visit to the United Kingdom,Chinese outbound visit,1,2.223872168200094,-0.7367072838310236
ICEWS,United Kingdom,2014-06-01,Official visit to the United Kingdom,Chinese outbound visit,2,2.223872168200094,-0.9738721682000975
ICEWS,United Kingdom,2014-06-01,Official visit to the United Kingdom,Chinese outbound visit,3,2.223872168200094,-0.5967558464409013
ICEWS,United Kingdom,2014-06-01,Official visit to the United Kingdom,Chinese outbound visit,6,2.223872168200094,-2.272061352429011
ICEWS,United Kingdom,2014-06-01,Official visit to the United Kingdom,Chinese outbound visit,12,2.223872168200094,0.014568322454733718
ICEWS,United Kingdom,2015-10-01,Xi State Visit to UK,Chinese outbound visit,0,3.5701884926978846,-1.0624694290731278
ICEWS,United Kingdom,2015-10-01,Xi State Visit to UK,Chinese outbound visit,1,3.5701884926978846,-0.3177938530709068
ICEWS,United Kingdom,2015-10-01,Xi State Visit to UK,Chinese outbound visit,2,3.5701884926978846,-2.1932324130816583
ICEWS,United Kingdom,2015-10-01,Xi State Visit to UK,Chinese outbound visit,3,3.5701884926978846,-0.5099566240726454
ICEWS,United Kingdom,2015-10-01,Xi State Visit to UK,Chinese outbound visit,6,3.5701884926978846,-1.6701863382043354
ICEWS,United Kingdom,2015-10-01,Xi State Visit to UK,Chinese outbound visit,12,3.5701884926978846,-0.6098974078039388
ICEWS,United Kingdom,2016-09-01,Meeting on sidelines of G20 summit in Hangzhou,Third-party meeting,0,1.8179095416254327,0.18789619808383629
ICEWS,United Kingdom,2016-09-01,Meeting on sidelines of G20 summit in Hangzhou,Third-party meeting,1,1.8179095416254327,1.1423815432685132
ICEWS,United Kingdom,2016-09-01,Meeting on sidelines of G20 summit in Hangzhou,Third-party meeting,2,1.8179095416254327,0.06956934826588479
ICEWS,United Kingdom,2016-09-01,Meeting on sidelines of G20 summit in Hangzhou,Third-party meeting,3,1.8179095416254327,1.2774913011075277
ICEWS,United Kingdom,2016-09-01,Meeting on sidelines of G20 summit in Hangzhou,Third-party meeting,6,1.8179095416254327,-0.11734967684221864
ICEWS,United Kingdom,2016-09-01,Meeting on sidelines of G20 summit in Hangzhou,Third-party meeting,12,1.8179095416254327,0.4338808564184866
ICEWS,United Kingdom,2018-01-01,Official visit to China,Partner inbound visit,0,2.6183103868989615,0.7309416577435894
ICEWS,United Kingdom,2018-01-01,Official visit to China,Partner inbound visit,1,2.6183103868989615,-0.7060598379256178
ICEWS,United Kingdom,2018-01-01,Official visit to China,Partner inbound visit,2,2.6183103868989615,1.1221683012239354
ICEWS,United Kingdom,2018-01-01,Official visit to China,Partner inbound visit,3,2.6183103868989615,-0.753161179589179
ICEWS,United Kingdom,2018-01-01,Official visit to China,Partner inbound visit,6,2.6183103868989615,-1.5271214169737752
ICEWS,United Kingdom,2018-01-01,Official visit to China,Partner inbound visit,12,2.6183103868989615,-3.730760005696195
ICEWS,United Kingdom,2019-06-01,Meeting on sidelines of G20 summit in Osaka,Third-party meeting,0,1.0164416981933726,1.9262678908323754
ICEWS,United Kingdom,2019-06-01,Meeting on sidelines of G20 summit in Osaka,Third-party meeting,1,1.0164416981933726,-1.423383752160844
ICEWS,United Kingdom,2019-06-01,Meeting on sidelines of G20 summit in Osaka,Third-party meeting,2,1.0164416981933726,-2.091336174067318
ICEWS,United Kingdom,2019-06-01,Meeting on sidelines of G20 summit in Osaka,Third-party meeting,3,1.0164416981933726,1.0842438900341407
ICEWS,United Kingdom,2019-06-01,Meeting on sidelines of G20 summit in Osaka,Third-party meeting,6,1.0164416981933726,-0.3164416981933733
ICEWS,United Kingdom,2019-06-01,Meeting on sidelines of G20 summit in Osaka,Third-party meeting,12,1.0164416981933726,-0.9556425333202021
ICEWS,United Kingdom,2021-10-01,Phone call between Chinese President Xi Jinping and UK Prime Minister Boris Johnson,Remote talk,0,0.41129842384515136,-0.8684186122421682
ICEWS,United Kingdom,2021-10-01,Phone call between Chinese President Xi Jinping and UK Prime Minister Boris Johnson,Remote talk,1,0.41129842384515136,0.36687192103187805
ICEWS,United Kingdom,2021-10-01,Phone call between Chinese President Xi Jinping and UK Prime Minister Boris Johnson,Remote talk,2,0.41129842384515136,0.17738688667609281
ICEWS,United Kingdom,2021-10-01,Phone call between Chinese President Xi Jinping and UK Prime Minister Boris Johnson,Remote talk,3,0.41129842384515136,-0.5502998245332922
ICEWS,United Kingdom,2021-10-01,Phone call between Chinese President Xi Jinping and UK Prime Minister Boris Johnson,Remote talk,6,0.41129842384515136,-1.556757373108713
ICEWS,United Kingdom,2021-10-01,Phone call between Chinese President Xi Jinping and UK Prime Minister Boris Johnson,Remote talk,12,0.41129842384515136,-3.514628765901949
ICEWS,United Kingdom,2022-11-01,Meeting on sidelines of G20 summit in Bali,Third-party meeting,0,-0.21305516607684036,0.37002999485734767
ICEWS,United Kingdom,2022-11-01,Meeting on sidelines of G20 summit in Bali,Third-party meeting,1,-0.21305516607684036,-1.946500442739019
ICEWS,United Kingdom,2022-11-01,Meeting on sidelines of G20 summit in Bali,Third-party meeting,2,-0.21305516607684036,0.691681831102079
ICEWS,United Kingdom,2022-11-01,Meeting on sidelines of G20 summit in Bali,Third-party meeting,3,-0.21305516607684036,-0.3455267440486459
ICEWS,United States,2002-02-01,Working visit to China,Partner inbound visit,0,1.8250639664956696,-0.17635365718521911
ICEWS,United States,2002-02-01,Working visit to China,Partner inbound visit,1,1.8250639664956696,-1.3601615470925739
ICEWS,United States,2002-02-01,Working visit to China,Partner inbound visit,2,1.8250639664956696,-0.28337247893815154
ICEWS,United States,2002-02-01,Working visit to China,Partner inbound visit,3,1.8250639664956696,-1.2436285168991257
ICEWS,United States,2002-02-01,Working visit to China,Partner inbound visit,6,1.8250639664956696,0.3019060292766136
ICEWS,United States,2002-02-01,Working visit to China,Partner inbound visit,12,1.8250639664956696,-0.644071272828864
ICEWS,United States,2002-10-01,Working visit to the United States,Chinese outbound visit,0,1.3531998149483946,0.2952034695646675
ICEWS,United States,2002-10-01,Working visit to the United States,Chinese outbound visit,1,1.3531998149483946,-0.2604936467249135
ICEWS,United States,2002-10-01,Working visit to the United States,Chinese outbound visit,2,1.3531998149483946,0.34351069162596426
ICEWS,United States,2002-10-01,Working visit to the United States,Chinese outbound visit,3,1.3531998149483946,0.4092549208155123
ICEWS,United States,2002-10-01,Working visit to the United States,Chinese outbound visit,6,1.3531998149483946,-0.41070277738250516
ICEWS,United States,2002-10-01,Working visit to the United States,Chinese outbound visit,12,1.3531998149483946,-0.008663314404692368
ICEWS,United States,2003-06-01,Bilateral meeting on sidelines of G8 Summit,Third-party meeting,0,0.6589626964346245,0.6389195475661307
ICEWS,United States,2003-06-01,Bilateral meeting on sidelines of G8 Summit,Third-party meeting,1,0.6589626964346245,1.2340164106975244
ICEWS,United States,2003-06-01,Bilateral meeting on sidelines of G8 Summit,Third-party meeting,2,0.6589626964346245,1.0735950782354955
ICEWS,United States,2003-06-01,Bilateral meeting on sidelines of G8 Summit,Third-party meeting,3,0.6589626964346245,0.5946906504303069
ICEWS,United States,2003-06-01,Bilateral meeting on sidelines of G8 Summit,Third-party meeting,6,0.6589626964346245,1.1986882087325412
ICEWS,United States,2003-06-01,Bilateral meeting on sidelines of G8 Summit,Third-party meeting,12,0.6589626964346245,0.3753437332048808
ICEWS,United States,2003-10-01,Bilateral meeting on sidelines of APEC Summit,Third-party meeting,0,1.6263967428890667,-0.28186024234536444
ICEWS,United States,2003-10-01,Bilateral meeting on sidelines of APEC Summit,Third-party meeting,1,1.6263967428890667,-0.004001491986902694
ICEWS,United States,2003-10-01,Bilateral meeting on sidelines of APEC Summit,Third-party meeting,2,1.6263967428890667,0.23125416227809903
ICEWS,United States,2003-10-01,Bilateral meeting on sidelines of APEC Summit,Third-party meeting,3,1.6263967428890667,-0.07548593336365816
ICEWS,United States,2003-10-01,Bilateral meeting on sidelines of APEC Summit,Third-party meeting,6,1.6263967428890667,-0.059555517616261655
ICEWS,United States,2003-10-01,Bilateral meeting on sidelines of APEC Summit,Third-party meeting,12,1.6263967428890667,-0.34410157975653033
ICEWS,United States,2004-11-01,Bilateral meeting on sidelines of APEC Summit,Third-party meeting,0,1.1238999749953955,0.6709228809998984
ICEWS,United States,2004-11-01,Bilateral meeting on sidelines of APEC Summit,Third-party meeting,1,1.1238999749953955,-1.0410386655543384
ICEWS,United States,2004-11-01,Bilateral meeting on sidelines of APEC Summit,Third-party meeting,2,1.1238999749953955,-0.6091293507858666
ICEWS,United States,2004-11-01,Bilateral meeting on sidelines of APEC Summit,Third-party meeting,3,1.1238999749953955,0.06725090014962087
ICEWS,United States,2004-11-01,Bilateral meeting on sidelines of APEC Summit,Third-party meeting,6,1.1238999749953955,-0.3986469329965694
ICEWS,United States,2004-11-01,Bilateral meeting on sidelines of APEC Summit,Third-party meeting,12,1.1238999749953955,1.1115434783347247
ICEWS,United States,2005-09-01,Bilateral meeting on sidelines of UN Summit,Third-party meeting,0,1.0328627970496527,0.756004584532926
ICEWS,United States,2005-09-01,Bilateral meeting on sidelines of UN Summit,Third-party meeting,1,1.0328627970496527,0.705673070823835
ICEWS,United States,2005-09-01,Bilateral meeting on sidelines of UN Summit,Third-party meeting,2,1.0328627970496527,1.2025806562804675
ICEWS,United States,2005-09-01,Bilateral meeting on sidelines of UN Summit,Third-party meeting,3,1.0328627970496527,-0.06805983278615624
ICEWS,United States,2005-09-01,Bilateral meeting on sidelines of UN Summit,Third-party meeting,6,1.0328627970496527,-0.26572531022694434
ICEWS,United States,2005-09-01,Bilateral meeting on sidelines of UN Summit,Third-party meeting,12,1.0328627970496527,0.7443756698325323
ICEWS,United States,2005-11-01,Official visit to China,Partner inbound visit,0,1.9115227856185726,0.3239206677115476
ICEWS,United States,2005-11-01,Official visit to China,Partner inbound visit,1,1.9115227856185726,-0.9467198213550762
ICEWS,United States,2005-11-01,Official visit to China,Partner inbound visit,2,1.9115227856185726,0.11087325870281894
ICEWS,United States,2005-11-01,Official visit to China,Partner inbound visit,3,1.9115227856185726,-0.8962230299275014
ICEWS,United States,2005-11-01,Official visit to China,Partner inbound visit,6,1.9115227856185726,-0.7698740192457354
ICEWS,United States,2005-11-01,Official visit to China,Partner inbound visit,12,1.9115227856185726,0.3871159017243446
ICEWS,United States,2006-04-01,State visit to the United States,Chinese outbound visit,0,1.2682777622783903,0.8400609769618945
ICEWS,United States,2006-04-01,State visit to the United States,Chinese outbound visit,1,1.2682777622783903,-0.1266289959055531
ICEWS,United States,2006-04-01,State visit to the United States,Chinese outbound visit,2,1.2682777622783903,-0.1875504916324886
ICEWS,United States,2006-04-01,State visit to the United States,Chinese outbound visit,3,1.2682777622783903,0.2650725274012522
ICEWS,United States,2006-04-01,State visit to the United States,Chinese outbound visit,6,1.2682777622783903,0.7176396961175289
ICEWS,United States,2006-04-01,State visit to the United States,Chinese outbound visit,12,1.2682777622783903,-0.44177160246390845
ICEWS,United States,2006-11-01,Bilateral meeting on sidelines of APEC Summit,Third-party meeting,0,1.666373003314802,0.6322656840281151
ICEWS,United States,2006-11-01,Bilateral meeting on sidelines of APEC Summit,Third-party meeting,1,1.666373003314802,-0.2992782652248469
ICEWS,United States,2006-11-01,Bilateral meeting on sidelines of APEC Summit,Third-party meeting,2,1.666373003314802,-0.7072197928722599
ICEWS,United States,2006-11-01,Bilateral meeting on sidelines of APEC Summit,Third-party meeting,3,1.666373003314802,-0.029986244156316788
ICEWS,United States,2006-11-01,Bilateral meeting on sidelines of APEC Summit,Third-party meeting,6,1.666373003314802,-0.6347695384151575
ICEWS,United States,2006-11-01,Bilateral meeting on sidelines of APEC Summit,Third-party meeting,12,1.666373003314802,-1.1128780813501227
ICEWS,United States,2007-09-01,Bilateral meeting on sidelines of APEC Summit,Third-party meeting,0,1.1931297130039276,-0.513826586323568
ICEWS,United States,2007-09-01,Bilateral meeting on sidelines of APEC Summit,Third-party meeting,1,1.1931297130039276,0.5099547736634495
ICEWS,United States,2007-09-01,Bilateral meeting on sidelines of APEC Summit,Third-party meeting,2,1.1931297130039276,-0.6396347910392481
ICEWS,United States,2007-09-01,Bilateral meeting on sidelines of APEC Summit,Third-party meeting,3,1.1931297130039276,0.30411296545113875
ICEWS,United States,2007-09-01,Bilateral meeting on sidelines of APEC Summit,Third-party meeting,6,1.1931297130039276,-0.3876510319675226
ICEWS,United States,2007-09-01,Bilateral meeting on sidelines of APEC Summit,Third-party meeting,12,1.1931297130039276,1.2358915417095624
ICEWS,United States,2008-07-01,Bilateral meeting on sidelines of G8 Summit,Third-party meeting,0,1.3199543006166983,-0.3341393712943552
ICEWS,United States,2008-07-01,Bilateral meeting on sidelines of G8 Summit,Third-party meeting,1,1.3199543006166983,-0.9179896980443796
ICEWS,United States,2008-07-01,Bilateral meeting on sidelines of G8 Summit,Third-party meeting,2,1.3199543006166983,1.1090669540967917
ICEWS,United States,2008-07-01,Bilateral meeting on sidelines of G8 Summit,Third-party meeting,3,1.3199543006166983,-0.5441786718114616
ICEWS,United States,2008-07-01,Bilateral meeting on sidelines of G8 Summit,Third-party meeting,6,1.3199543006166983,-0.7336937180130447
ICEWS,United States,2008-07-01,Bilateral meeting on sidelines of G8 Summit,Third-party meeting,12,1.3199543006166983,0.2073266201491717
ICEWS,United States,2008-11-01,Bilateral meeting on sidelines of APEC Summit,Third-party meeting,0,1.202253828697015,0.8130076830015358
ICEWS,United States,2008-11-01,Bilateral meeting on sidelines of APEC Summit,Third-party meeting,1,1.202253828697015,0.9196557021703053
ICEWS,United States,2008-11-01,Bilateral meeting on sidelines of APEC Summit,Third-party meeting,2,1.202253828697015,-0.6159932460933615
ICEWS,United States,2008-11-01,Bilateral meeting on sidelines of APEC Summit,Third-party meeting,3,1.202253828697015,0.8653877478329501
ICEWS,United States,2008-11-01,Bilateral meeting on sidelines of APEC Summit,Third-party meeting,6,1.202253828697015,0.314354320608081
ICEWS,United States,2008-11-01,Bilateral meeting on sidelines of APEC Summit,Third-party meeting,12,1.202253828697015,0.8295393940531077
ICEWS,United States,2009-04-01,Bilateral meeting on sidelines of G20 Summit,Third-party meeting,0,1.3099574409620967,-0.463968979413935
ICEWS,United States,2009-04-01,Bilateral meeting on sidelines of G20 Summit,Third-party meeting,1,1.3099574409620967,0.20665070834299937
ICEWS,United States,2009-04-01,Bilateral meeting on sidelines of G20 Summit,Third-party meeting,2,1.3099574409620967,0.34969262468333473
ICEWS,United States,2009-04-01,Bilateral meeting on sidelines of G20 Summit,Third-party meeting,3,1.3099574409620967,0.2173234798037733
ICEWS,United States,2009-04-01,Bilateral meeting on sidelines of G20 Summit,Third-party meeting,6,1.3099574409620967,0.19530666261662444
ICEWS,United States,2009-04-01,Bilateral meeting on sidelines of G20 Summit,Third-party meeting,12,1.3099574409620967,-0.0595665713416913
ICEWS,United States,2009-09-01,Bilateral meeting on sidelines of G20 Summit,Third-party meeting,0,1.7501724824840423,0.074172683801552175
ICEWS,United States,2009-09-01,Bilateral meeting on sidelines of G20 Summit,Third-party meeting,1,1.7501724824840423,-0.24490837890532124
ICEWS,United States,2009-09-01,Bilateral meeting on sidelines of G20 Summit,Third-party meeting,2,1.7501724824840423,0.2816207402660804
ICEWS,United States,2009-09-01,Bilateral meeting on sidelines of G20 Summit,Third-party meeting,3,1.7501724824840423,-0.39834239850799724
ICEWS,United States,2009-09-01,Bilateral meeting on sidelines of G20 Summit,Third-party meeting,6,1.7501724824840423,-1.1616517877694303
ICEWS,United States,2009-09-01,Bilateral meeting on sidelines of G20 Summit,Third-party meeting,12,1.7501724824840423,-0.4787176320664319
ICEWS,United States,2009-11-01,State visit to China,Partner inbound visit,0,1.7977319103017138,0.234061312448409
ICEWS,United States,2009-11-01,State visit to China,Partner inbound visit,1,1.7977319103017138,-0.44590182632566866
ICEWS,United States,2009-11-01,State visit to China,Partner inbound visit,2,1.7977319103017138,-1.4974366141031865
ICEWS,United States,2009-11-01,State visit to China,Partner inbound visit,3,1.7977319103017138,-1.3711778682786466
ICEWS,United States,2009-11-01,State visit to China,Partner inbound visit,6,1.7977319103017138,-0.7199855056287667
ICEWS,United States,2009-11-01,State visit to China,Partner inbound visit,12,1.7977319103017138,-1.6611228087766303
ICEWS,United States,2010-06-01,Bilateral meeting on sidelines of G20 Summit,Third-party meeting,0,0.9722193230026548,-0.3990210218980881
ICEWS,United States,2010-06-01,Bilateral meeting on sidelines of G20 Summit,Third-party meeting,1,0.9722193230026548,-1.2358157296148793
ICEWS,United States,2010-06-01,Bilateral meeting on sidelines of G20 Summit,Third-party meeting,2,0.9722193230026548,-0.44616515605170903
ICEWS,United States,2010-06-01,Bilateral meeting on sidelines of G20 Summit,Third-party meeting,3,0.9722193230026548,0.2992355274149556
ICEWS,United States,2010-06-01,Bilateral meeting on sidelines of G20 Summit,Third-party meeting,6,0.9722193230026548,0.15630506781424103
ICEWS,United States,2010-06-01,Bilateral meeting on sidelines of G20 Summit,Third-party meeting,12,0.9722193230026548,-0.2575708942414341
ICEWS,United States,2010-11-01,Bilateral meeting on sidelines of G20 Summit,Third-party meeting,0,1.0335032262285153,-0.8968941247034319
ICEWS,United States,2010-11-01,Bilateral meeting on sidelines of G20 Summit,Third-party meeting,1,1.0335032262285153,0.0950211645883805
ICEWS,United States,2010-11-01,Bilateral meeting on sidelines of G20 Summit,Third-party meeting,2,1.0335032262285153,1.1427501158665632
ICEWS,United States,2010-11-01,Bilateral meeting on sidelines of G20 Summit,Third-party meeting,3,1.0335032262285153,-0.8967911385438281
ICEWS,United States,2010-11-01,Bilateral meeting on sidelines of G20 Summit,Third-party meeting,6,1.0335032262285153,-0.10589163708633609
ICEWS,United States,2010-11-01,Bilateral meeting on sidelines of G20 Summit,Third-party meeting,12,1.0335032262285153,-0.6449593764116421
ICEWS,United States,2011-01-01,State visit to the United States,Chinese outbound visit,0,0.856044717886323,1.3202086242087554
ICEWS,United States,2011-01-01,State visit to the United States,Chinese outbound visit,1,0.856044717886323,-0.7193326302016357
ICEWS,United States,2011-01-01,State visit to the United States,Chinese outbound visit,2,0.856044717886323,-0.6319524642865643
ICEWS,United States,2011-01-01,State visit to the United States,Chinese outbound visit,3,0.856044717886323,0.3687544967992574
ICEWS,United States,2011-01-01,State visit to the United States,Chinese outbound visit,6,0.856044717886323,0.9976542857038634
ICEWS,United States,2011-01-01,State visit to the United States,Chinese outbound visit,12,0.856044717886323,0.22556861234968173
ICEWS,United States,2011-11-01,Bilateral meeting on sidelines of APEC Summit,Third-party meeting,0,0.7936003460364299,-0.40505649621955675
ICEWS,United States,2011-11-01,Bilateral meeting on sidelines of APEC Summit,Third-party meeting,1,0.7936003460364299,0.1988919882949881
ICEWS,United States,2011-11-01,Bilateral meeting on sidelines of APEC Summit,Third-party meeting,2,0.7936003460364299,0.2880129841995748
ICEWS,United States,2011-11-01,Bilateral meeting on sidelines of APEC Summit,Third-party meeting,3,0.7936003460364299,-0.06222987312535422
ICEWS,United States,2011-11-01,Bilateral meeting on sidelines of APEC Summit,Third-party meeting,6,0.7936003460364299,0.5054581183916366
ICEWS,United States,2011-11-01,Bilateral meeting on sidelines of APEC Summit,Third-party meeting,12,0.7936003460364299,0.07953544019418446
ICEWS,United States,2012-03-01,Bilateral meeting on sidelines of Nuclear Security Summit,Third-party meeting,0,0.9351587124928328,0.07220330762628124
ICEWS,United States,2012-03-01,Bilateral meeting on sidelines of Nuclear Security Summit,Third-party meeting,1,0.9351587124928328,-0.30173822069362777
ICEWS,United States,2012-03-01,Bilateral meeting on sidelines of Nuclear Security Summit,Third-party meeting,2,0.9351587124928328,0.3638997519352337
ICEWS,United States,2012-03-01,Bilateral meeting on sidelines of Nuclear Security Summit,Third-party meeting,3,0.9351587124928328,0.408221783913436
ICEWS,United States,2012-03-01,Bilateral meeting on sidelines of Nuclear Security Summit,Third-party meeting,6,0.9351587124928328,-0.1639394373175881
ICEWS,United States,2012-03-01,Bilateral meeting on sidelines of Nuclear Security Summit,Third-party meeting,12,0.9351587124928328,0.539083394722858
ICEWS,United States,2012-06-01,Bilateral meeting on sidelines of G20 Summit,Third-party meeting,0,0.9799469921154619,0.3634335042908069
ICEWS,United States,2012-06-01,Bilateral meeting on sidelines of G20 Summit,Third-party meeting,1,0.9799469921154619,-1.0952616438347231
ICEWS,United States,2012-06-01,Bilateral meeting on sidelines of G20 Summit,Third-party meeting,2,0.9799469921154619,-0.4356030671747676
ICEWS,United States,2012-06-01,Bilateral meeting on sidelines of G20 Summit,Third-party meeting,3,0.9799469921154619,-0.2087277169402172
ICEWS,United States,2012-06-01,Bilateral meeting on sidelines of G20 Summit,Third-party meeting,6,0.9799469921154619,-0.04305342194331985
ICEWS,United States,2012-06-01,Bilateral meeting on sidelines of G20 Summit,Third-party meeting,12,0.9799469921154619,-0.8658211107738777
ICEWS,United States,2013-06-01,Sunnylands Summit,Third-party meeting,0,1.2579753488935619,-1.1438494675519777
ICEWS,United States,2013-06-01,Sunnylands Summit,Third-party meeting,1,1.2579753488935619,-0.31744426338047194
ICEWS,United States,2013-06-01,Sunnylands Summit,Third-party meeting,2,1.2579753488935619,-1.0658756910521887
ICEWS,United States,2013-06-01,Sunnylands Summit,Third-party meeting,3,1.2579753488935619,0.9749691875025943
ICEWS,United States,2013-06-01,Sunnylands Summit,Third-party meeting,6,1.2579753488935619,-0.31070027044683424
ICEWS,United States,2013-06-01,Sunnylands Summit,Third-party meeting,12,1.2579753488935619,-0.9790808674997471
ICEWS,United States,2013-09-01,Bilateral meeting on sidelines of G20 Summit,Third-party meeting,0,0.4155855415653491,1.817358994830807
ICEWS,United States,2013-09-01,Bilateral meeting on sidelines of G20 Summit,Third-party meeting,1,0.4155855415653491,-0.25750370923126376
ICEWS,United States,2013-09-01,Bilateral meeting on sidelines of G20 Summit,Third-party meeting,2,0.4155855415653491,1.2171081768524683
ICEWS,United States,2013-09-01,Bilateral meeting on sidelines of G20 Summit,Third-party meeting,3,0.4155855415653491,0.5316895368813785
ICEWS,United States,2013-09-01,Bilateral meeting on sidelines of G20 Summit,Third-party meeting,6,0.4155855415653491,1.3454831360423134
ICEWS,United States,2013-09-01,Bilateral meeting on sidelines of G20 Summit,Third-party meeting,12,0.4155855415653491,0.5684953924259145
ICEWS,United States,2014-11-01,State visit to China,Partner inbound visit,0,0.7807879888506845,1.559858789897762
ICEWS,United States,2014-11-01,State visit to China,Partner inbound visit,1,0.7807879888506845,1.2936092982605119
ICEWS,United States,2014-11-01,State visit to China,Partner inbound visit,2,0.7807879888506845,0.6664579323835552
ICEWS,United States,2014-11-01,State visit to China,Partner inbound visit,3,0.7807879888506845,0.9723521648532133
ICEWS,United States,2014-11-01,State visit to China,Partner inbound visit,6,0.7807879888506845,-0.25314152173359383
ICEWS,United States,2014-11-01,State visit to China,Partner inbound visit,12,0.7807879888506845,-0.009205963242890802
ICEWS,United States,2015-09-01,State visit to the United States,Chinese outbound visit,0,1.3514895819707704,0.5797119866610181
ICEWS,United States,2015-09-01,State visit to the United States,Chinese outbound visit,1,1.3514895819707704,-0.020993455507713366
ICEWS,United States,2015-09-01,State visit to the United States,Chinese outbound visit,2,1.3514895819707704,-0.5799075563629768
ICEWS,United States,2015-09-01,State visit to the United States,Chinese outbound visit,3,1.3514895819707704,-0.5725442129559994
ICEWS,United States,2015-09-01,State visit to the United States,Chinese outbound visit,6,1.3514895819707704,-0.26908814548074145
ICEWS,United States,2015-09-01,State visit to the United States,Chinese outbound visit,12,1.3514895819707704,-0.02208920402525405
ICEWS,United States,2016-09-01,Bilateral meeting on sidelines of G20 Summit,Third-party meeting,0,0.819174966691311,0.5102254112542054
ICEWS,United States,2016-09-01,Bilateral meeting on sidelines of G20 Summit,Third-party meeting,1,0.819174966691311,-0.7547065544324868
ICEWS,United States,2016-09-01,Bilateral meeting on sidelines of G20 Summit,Third-party meeting,2,0.819174966691311,0.7788912534133411
ICEWS,United States,2016-09-01,Bilateral meeting on sidelines of G20 Summit,Third-party meeting,3,0.819174966691311,-0.9653226583424465
ICEWS,United States,2016-09-01,Bilateral meeting on sidelines of G20 Summit,Third-party meeting,6,0.819174966691311,0.051143730107790275
ICEWS,United States,2016-09-01,Bilateral meeting on sidelines of G20 Summit,Third-party meeting,12,0.819174966691311,0.5296099972319593
ICEWS,United States,2017-04-01,Working visit to the United States (Mar-a-Lago Summit),Chinese outbound visit,0,0.4502234850894027,1.14292187786865
ICEWS,United States,2017-04-01,Working visit to the United States (Mar-a-Lago Summit),Chinese outbound visit,1,0.4502234850894027,0.19625130649245648
ICEWS,United States,2017-04-01,Working visit to the United States (Mar-a-Lago Summit),Chinese outbound visit,2,0.4502234850894027,0.48574819372854894
ICEWS,United States,2017-04-01,Working visit to the United States (Mar-a-Lago Summit),Chinese outbound visit,3,0.4502234850894027,0.015403993366392754
ICEWS,United States,2017-04-01,Working visit to the United States (Mar-a-Lago Summit),Chinese outbound visit,6,0.4502234850894027,1.3292839564285772
ICEWS,United States,2017-04-01,Working visit to the United States (Mar-a-Lago Summit),Chinese outbound visit,12,0.4502234850894027,-0.203044071747577
ICEWS,United States,2017-07-01,Bilateral meeting on sidelines of G20 Summit,Third-party meeting,0,1.0585306111192878,-0.5929031326634924
ICEWS,United States,2017-07-01,Bilateral meeting on sidelines of G20 Summit,Third-party meeting,1,1.0585306111192878,-0.6319626965278395
ICEWS,United States,2017-07-01,Bilateral meeting on sidelines of G20 Summit,Third-party meeting,2,1.0585306111192878,0.2902543528039825
ICEWS,United States,2017-07-01,Bilateral meeting on sidelines of G20 Summit,Third-party meeting,3,1.0585306111192878,0.7209768303986921
ICEWS,United States,2017-07-01,Bilateral meeting on sidelines of G20 Summit,Third-party meeting,6,1.0585306111192878,-0.6442056968022261
ICEWS,United States,2017-07-01,Bilateral meeting on sidelines of G20 Summit,Third-party meeting,12,1.0585306111192878,-2.068852175636046
ICEWS,United States,2017-11-01,State visit to China,Partner inbound visit,0,1.1849534400108994,0.03713161630249173
ICEWS,United States,2017-11-01,State visit to China,Partner inbound visit,1,1.1849534400108994,-0.5145834677254162
ICEWS,United States,2017-11-01,State visit to China,Partner inbound visit,2,1.1849534400108994,-0.7706285256938377
ICEWS,United States,2017-11-01,State visit to China,Partner inbound visit,3,1.1849534400108994,-0.732464705397375
ICEWS,United States,2017-11-01,State visit to China,Partner inbound visit,6,1.1849534400108994,-0.46073936899824774
ICEWS,United States,2017-11-01,State visit to China,Partner inbound visit,12,1.1849534400108994,-0.2410612530890418
ICEWS,United States,2018-12-01,Bilateral meeting on sidelines of G20 Summit,Third-party meeting,0,0.06399799436970122,1.2605018659534903
ICEWS,United States,2018-12-01,Bilateral meeting on sidelines of G20 Summit,Third-party meeting,1,0.06399799436970122,1.1384355638106354
ICEWS,United States,2018-12-01,Bilateral meeting on sidelines of G20 Summit,Third-party meeting,2,0.06399799436970122,1.393885243608589
ICEWS,United States,2018-12-01,Bilateral meeting on sidelines of G20 Summit,Third-party meeting,3,0.06399799436970122,0.7201179354272883
ICEWS,United States,2018-12-01,Bilateral meeting on sidelines of G20 Summit,Third-party meeting,6,0.06399799436970122,0.6691688015533247
ICEWS,United States,2018-12-01,Bilateral meeting on sidelines of G20 Summit,Third-party meeting,12,0.06399799436970122,0.604978501300249
ICEWS,United States,2019-06-01,Bilateral meeting on sidelines of G20 Summit,Third-party meeting,0,0.4285379287137996,0.30462886720922633
ICEWS,United States,2019-06-01,Bilateral meeting on sidelines of G20 Summit,Third-party meeting,1,0.4285379287137996,0.19423322206034932
ICEWS,United States,2019-06-01,Bilateral meeting on sidelines of G20 Summit,Third-party meeting,2,0.4285379287137996,-0.6143920198628692
ICEWS,United States,2019-06-01,Bilateral meeting on sidelines of G20 Summit,Third-party meeting,3,0.4285379287137996,0.1582339482936348
ICEWS,United States,2019-06-01,Bilateral meeting on sidelines of G20 Summit,Third-party meeting,6,0.4285379287137996,0.24043856695615062
ICEWS,United States,2019-06-01,Bilateral meeting on sidelines of G20 Summit,Third-party meeting,12,0.4285379287137996,-1.429085519295354
ICEWS,United States,2021-11-01,Virtual bilateral meeting (video summit),Remote talk,0,-0.08542111559551735,0.6451226035524176
ICEWS,United States,2021-11-01,Virtual bilateral meeting (video summit),Remote talk,1,-0.08542111559551735,-1.1314858310910694
ICEWS,United States,2021-11-01,Virtual bilateral meeting (video summit),Remote talk,2,-0.08542111559551735,0.31563972034886234
ICEWS,United States,2021-11-01,Virtual bilateral meeting (video summit),Remote talk,3,-0.08542111559551735,0.4314273087985967
ICEWS,United States,2021-11-01,Virtual bilateral meeting (video summit),Remote talk,6,-0.08542111559551735,-0.8203504512813778
ICEWS,United States,2021-11-01,Virtual bilateral meeting (video summit),Remote talk,12,-0.08542111559551735,0.8387370486006063
ICEWS,United States,2022-11-01,Bilateral meeting on sidelines of G20 Summit,Third-party meeting,0,-0.3461169324729205,1.0994328654780094
ICEWS,United States,2022-11-01,Bilateral meeting on sidelines of G20 Summit,Third-party meeting,1,-0.3461169324729205,0.5973181800813219
ICEWS,United States,2022-11-01,Bilateral meeting on sidelines of G20 Summit,Third-party meeting,2,-0.3461169324729205,0.5068436752870813
ICEWS,United States,2022-11-01,Bilateral meeting on sidelines of G20 Summit,Third-party meeting,3,-0.3461169324729205,-0.9823316232057806
ICEWS,Vietnam,2002-02-01,State visit to Vietnam,Chinese outbound visit,0,3.5335641796567305,-0.22256000371245932
ICEWS,Vietnam,2002-02-01,State visit to Vietnam,Chinese outbound visit,1,3.5335641796567305,-1.0293221233228387
ICEWS,Vietnam,2002-02-01,State visit to Vietnam,Chinese outbound visit,2,3.5335641796567305,-0.7929223953659559
ICEWS,Vietnam,2002-02-01,State visit to Vietnam,Chinese outbound visit,3,3.5335641796567305,0.44048942100167165
ICEWS,Vietnam,2002-02-01,State visit to Vietnam,Chinese outbound visit,6,3.5335641796567305,0.8949108145375178
ICEWS,Vietnam,2002-02-01,State visit to Vietnam,Chinese outbound visit,12,3.5335641796567305,-1.1911506048944798
ICEWS,Vietnam,2004-10-01,Official visit to Vietnam,Chinese outbound visit,0,2.229267044091717,-1.244454161882782
ICEWS,Vietnam,2004-10-01,Official visit to Vietnam,Chinese outbound visit,1,2.229267044091717,-1.6413310964268906
ICEWS,Vietnam,2004-10-01,Official visit to Vietnam,Chinese outbound visit,2,2.229267044091717,0.6714780875282393
ICEWS,Vietnam,2004-10-01,Official visit to Vietnam,Chinese outbound visit,3,2.229267044091717,-2.610477224272392
ICEWS,Vietnam,2004-10-01,Official visit to Vietnam,Chinese outbound visit,6,2.229267044091717,1.8324694087190796
ICEWS,Vietnam,2004-10-01,Official visit to Vietnam,Chinese outbound visit,12,2.229267044091717,0.7860837568559234
ICEWS,Vietnam,2005-07-01,State visit to China,Partner inbound visit,0,3.5173296760129364,-0.4749583532463699
ICEWS,Vietnam,2005-07-01,State visit to China,Partner inbound visit,1,3.5173296760129364,-2.8457151219884587
ICEWS,Vietnam,2005-07-01,State visit to China,Partner inbound visit,2,3.5173296760129364,-0.5138826764750757
ICEWS,Vietnam,2005-07-01,State visit to China,Partner inbound visit,3,3.5173296760129364,-0.501978875065296
ICEWS,Vietnam,2005-07-01,State visit to China,Partner inbound visit,6,3.5173296760129364,1.2710446507081574
ICEWS,Vietnam,2005-07-01,State visit to China,Partner inbound visit,12,3.5173296760129364,-3.0129927958419387
ICEWS,Vietnam,2006-11-01,State visit to Vietnam and attendance at APEC summit,Chinese outbound visit,0,2.6367378789891522,0.0725088616061842
ICEWS,Vietnam,2006-11-01,State visit to Vietnam and attendance at APEC summit,Chinese outbound visit,1,2.6367378789891522,-0.07007121232248581
ICEWS,Vietnam,2006-11-01,State visit to Vietnam and attendance at APEC summit,Chinese outbound visit,2,2.6367378789891522,-3.033057698536107
ICEWS,Vietnam,2006-11-01,State visit to Vietnam and attendance at APEC summit,Chinese outbound visit,3,2.6367378789891522,-1.2904784831627727
ICEWS,Vietnam,2006-11-01,State visit to Vietnam and attendance at APEC summit,Chinese outbound visit,6,2.6367378789891522,-0.054585377199732665
ICEWS,Vietnam,2006-11-01,State visit to Vietnam and attendance at APEC summit,Chinese outbound visit,12,2.6367378789891522,-1.6933471060358483
ICEWS,Vietnam,2006-11-01,State visit to Vietnam,Chinese outbound visit,0,2.6367378789891522,0.0725088616061842
ICEWS,Vietnam,2006-11-01,State visit to Vietnam,Chinese outbound visit,1,2.6367378789891522,-0.07007121232248581
ICEWS,Vietnam,2006-11-01,State visit to Vietnam,Chinese outbound visit,2,2.6367378789891522,-3.033057698536107
ICEWS,Vietnam,2006-11-01,State visit to Vietnam,Chinese outbound visit,3,2.6367378789891522,-1.2904784831627727
ICEWS,Vietnam,2006-11-01,State visit to Vietnam,Chinese outbound visit,6,2.6367378789891522,-0.054585377199732665
ICEWS,Vietnam,2006-11-01,State visit to Vietnam,Chinese outbound visit,12,2.6367378789891522,-1.6933471060358483
ICEWS,Vietnam,2007-05-01,Official visit to China,Partner inbound visit,0,2.413533749503063,0.1686187522863567
ICEWS,Vietnam,2007-05-01,Official visit to China,Partner inbound visit,1,2.413533749503063,0.7249732649150844
ICEWS,Vietnam,2007-05-01,Official visit to China,Partner inbound visit,2,2.413533749503063,-1.0311011090665398
ICEWS,Vietnam,2007-05-01,Official visit to China,Partner inbound visit,3,2.413533749503063,1.2120910750356324
ICEWS,Vietnam,2007-05-01,Official visit to China,Partner inbound visit,6,2.413533749503063,-1.470142976549759
ICEWS,Vietnam,2007-05-01,Official visit to China,Partner inbound visit,12,2.413533749503063,-0.6571593489291894
ICEWS,Vietnam,2009-04-01,Official visit to China and attendance at Boao Forum,Partner inbound visit,0,2.0385756306894756,-0.29423917880215633
ICEWS,Vietnam,2009-04-01,Official visit to China and attendance at Boao Forum,Partner inbound visit,1,2.0385756306894756,-0.4815211827359498
ICEWS,Vietnam,2009-04-01,Official visit to China and attendance at Boao Forum,Partner inbound visit,2,2.0385756306894756,-1.244177048629334
ICEWS,Vietnam,2009-04-01,Official visit to China and attendance at Boao Forum,Partner inbound visit,3,2.0385756306894756,0.9462037644781809
ICEWS,Vietnam,2009-04-01,Official visit to China and attendance at Boao Forum,Partner inbound visit,6,2.0385756306894756,0.6327079455876525
ICEWS,Vietnam,2009-04-01,Official visit to China and attendance at Boao Forum,Partner inbound visit,12,2.0385756306894756,-0.09921921958914326
ICEWS,Vietnam,2010-10-01,Official visit to Vietnam and attendance at ASEAN summit,Chinese outbound visit,0,2.113864986803406,-0.08430118500985939
ICEWS,Vietnam,2010-10-01,Official visit to Vietnam and attendance at ASEAN summit,Chinese outbound visit,1,2.113864986803406,0.32444481777411527
ICEWS,Vietnam,2010-10-01,Official visit to Vietnam and attendance at ASEAN summit,Chinese outbound visit,2,2.113864986803406,0.4146034737979556
ICEWS,Vietnam,2010-10-01,Official visit to Vietnam and attendance at ASEAN summit,Chinese outbound visit,3,2.113864986803406,0.8085273378738784
ICEWS,Vietnam,2010-10-01,Official visit to Vietnam and attendance at ASEAN summit,Chinese outbound visit,6,2.113864986803406,1.1329189968353828
ICEWS,Vietnam,2010-10-01,Official visit to Vietnam and attendance at ASEAN summit,Chinese outbound visit,12,2.113864986803406,1.148198690180744
ICEWS,Vietnam,2011-10-01,State visit to China,Partner inbound visit,0,0.11419610251688479,3.147867574467265
ICEWS,Vietnam,2011-10-01,State visit to China,Partner inbound visit,1,0.11419610251688479,0.3420513994112687
ICEWS,Vietnam,2011-10-01,State visit to China,Partner inbound visit,2,0.11419610251688479,1.69318381046292
ICEWS,Vietnam,2011-10-01,State visit to China,Partner inbound visit,3,0.11419610251688479,3.578525665555146
ICEWS,Vietnam,2011-10-01,State visit to China,Partner inbound visit,6,0.11419610251688479,0.6744097815022011
ICEWS,Vietnam,2011-10-01,State visit to China,Partner inbound visit,12,0.11419610251688479,2.9293810802865505
ICEWS,Vietnam,2012-11-01,Bilateral meeting on sidelines of ASEAN summit,Third-party meeting,0,1.115677994864626,-1.088972987482487
ICEWS,Vietnam,2012-11-01,Bilateral meeting on sidelines of ASEAN summit,Third-party meeting,1,1.115677994864626,-0.8055615709093775
ICEWS,Vietnam,2012-11-01,Bilateral meeting on sidelines of ASEAN summit,Third-party meeting,2,1.115677994864626,-2.3656779948646243
ICEWS,Vietnam,2012-11-01,Bilateral meeting on sidelines of ASEAN summit,Third-party meeting,3,1.115677994864626,4.08432200513537
ICEWS,Vietnam,2012-11-01,Bilateral meeting on sidelines of ASEAN summit,Third-party meeting,6,1.115677994864626,-0.6647459338862163
ICEWS,Vietnam,2012-11-01,Bilateral meeting on sidelines of ASEAN summit,Third-party meeting,12,1.115677994864626,0.3556580377333063
ICEWS,Vietnam,2013-06-01,State visit to China,Partner inbound visit,0,-0.4599466110083412,2.674027944397263
ICEWS,Vietnam,2013-06-01,State visit to China,Partner inbound visit,1,-0.4599466110083412,0.8404948359568678
ICEWS,Vietnam,2013-06-01,State visit to China,Partner inbound visit,2,-0.4599466110083412,3.0769491308487336
ICEWS,Vietnam,2013-06-01,State visit to China,Partner inbound visit,3,-0.4599466110083412,2.12091834933959
ICEWS,Vietnam,2013-06-01,State visit to China,Partner inbound visit,6,-0.4599466110083412,0.5586011182081556
ICEWS,Vietnam,2013-06-01,State visit to China,Partner inbound visit,12,-0.4599466110083412,0.35599567969114077
ICEWS,Vietnam,2014-11-01,Bilateral meeting on sidelines of APEC summit,Third-party meeting,0,1.3627517948858436,-1.1940774231750115
ICEWS,Vietnam,2014-11-01,Bilateral meeting on sidelines of APEC summit,Third-party meeting,1,1.3627517948858436,-2.3768456726642047
ICEWS,Vietnam,2014-11-01,Bilateral meeting on sidelines of APEC summit,Third-party meeting,2,1.3627517948858436,-1.0346023395187114
ICEWS,Vietnam,2014-11-01,Bilateral meeting on sidelines of APEC summit,Third-party meeting,3,1.3627517948858436,-1.2937304541387
ICEWS,Vietnam,2014-11-01,Bilateral meeting on sidelines of APEC summit,Third-party meeting,6,1.3627517948858436,-0.6655648679082233
ICEWS,Vietnam,2014-11-01,Bilateral meeting on sidelines of APEC summit,Third-party meeting,12,1.3627517948858436,1.3681750156488661
ICEWS,Vietnam,2015-11-01,Xi Visits Vietnam,Chinese outbound visit,0,1.144238366333984,1.5866884442007259
ICEWS,Vietnam,2015-11-01,Xi Visits Vietnam,Chinese outbound visit,1,1.144238366333984,1.464776723937445
ICEWS,Vietnam,2015-11-01,Xi Visits Vietnam,Chinese outbound visit,2,1.144238366333984,-2.5548505878275813
ICEWS,Vietnam,2015-11-01,Xi Visits Vietnam,Chinese outbound visit,3,1.144238366333984,-2.8819022275863846
ICEWS,Vietnam,2015-11-01,Xi Visits Vietnam,Chinese outbound visit,6,1.144238366333984,-0.7188329418179051
ICEWS,Vietnam,2015-11-01,Xi Visits Vietnam,Chinese outbound visit,12,1.144238366333984,0.051017547934457896
ICEWS,Vietnam,2016-09-01,Official visit to China,Partner inbound visit,0,-1.0636859956607072,2.3761632695473267
ICEWS,Vietnam,2016-09-01,Official visit to China,Partner inbound visit,1,-1.0636859956607072,1.6931741222363463
ICEWS,Vietnam,2016-09-01,Official visit to China,Partner inbound visit,2,-1.0636859956607072,2.258941909929149
ICEWS,Vietnam,2016-09-01,Official visit to China,Partner inbound visit,3,-1.0636859956607072,1.0367287235923541
ICEWS,Vietnam,2016-09-01,Official visit to China,Partner inbound visit,6,-1.0636859956607072,1.4655619803053028
ICEWS,Vietnam,2016-09-01,Official visit to China,Partner inbound visit,12,-1.0636859956607072,3.306380676126384
ICEWS,Vietnam,2017-05-01,State visit to China,Partner inbound visit,0,-0.10889671486058816,2.068861143583316
ICEWS,Vietnam,2017-05-01,State visit to China,Partner inbound visit,1,-0.10889671486058816,0.8436546014336663
ICEWS,Vietnam,2017-05-01,State visit to China,Partner inbound visit,2,-0.10889671486058816,-0.5075556239635564
ICEWS,Vietnam,2017-05-01,State visit to China,Partner inbound visit,3,-0.10889671486058816,-3.2291385088237066
ICEWS,Vietnam,2017-05-01,State visit to China,Partner inbound visit,6,-0.10889671486058816,2.857834665017835
ICEWS,Vietnam,2017-05-01,State visit to China,Partner inbound visit,12,-0.10889671486058816,0.7234807094254379
ICEWS,Vietnam,2017-05-01,Bilateral meeting on sidelines of Belt and Road Forum,Partner inbound visit,0,-0.10889671486058816,2.068861143583316
ICEWS,Vietnam,2017-05-01,Bilateral meeting on sidelines of Belt and Road Forum,Partner inbound visit,1,-0.10889671486058816,0.8436546014336663
ICEWS,Vietnam,2017-05-01,Bilateral meeting on sidelines of Belt and Road Forum,Partner inbound visit,2,-0.10889671486058816,-0.5075556239635564
ICEWS,Vietnam,2017-05-01,Bilateral meeting on sidelines of Belt and Road Forum,Partner inbound visit,3,-0.10889671486058816,-3.2291385088237066
ICEWS,Vietnam,2017-05-01,Bilateral meeting on sidelines of Belt and Road Forum,Partner inbound visit,6,-0.10889671486058816,2.857834665017835
ICEWS,Vietnam,2017-05-01,Bilateral meeting on sidelines of Belt and Road Forum,Partner inbound visit,12,-0.10889671486058816,0.7234807094254379
ICEWS,Vietnam,2017-11-01,APEC Vietnam Meeting,Third-party meeting,0,0.1639540476253923,2.5849839025318544
ICEWS,Vietnam,2017-11-01,APEC Vietnam Meeting,Third-party meeting,1,0.1639540476253923,1.209253179360864
ICEWS,Vietnam,2017-11-01,APEC Vietnam Meeting,Third-party meeting,2,0.1639540476253923,-1.5468389931221884
ICEWS,Vietnam,2017-11-01,APEC Vietnam Meeting,Third-party meeting,3,0.1639540476253923,1.0645538503539205
ICEWS,Vietnam,2017-11-01,APEC Vietnam Meeting,Third-party meeting,6,0.1639540476253923,0.45062994693945735
ICEWS,Vietnam,2017-11-01,APEC Vietnam Meeting,Third-party meeting,12,0.1639540476253923,1.8129462153431157
ICEWS,Vietnam,2019-04-01,Bilateral meeting on sidelines of Belt and Road Forum,Third-party meeting,0,0.3442243651005228,1.9462933479997968
ICEWS,Vietnam,2019-04-01,Bilateral meeting on sidelines of Belt and Road Forum,Third-party meeting,1,0.3442243651005228,1.0288738665728727
ICEWS,Vietnam,2019-04-01,Bilateral meeting on sidelines of Belt and Road Forum,Third-party meeting,2,0.3442243651005228,1.0569848406483349
ICEWS,Vietnam,2019-04-01,Bilateral meeting on sidelines of Belt and Road Forum,Third-party meeting,3,0.3442243651005228,-0.12864799210199251
ICEWS,Vietnam,2019-04-01,Bilateral meeting on sidelines of Belt and Road Forum,Third-party meeting,6,0.3442243651005228,-1.7919989671002376
ICEWS,Vietnam,2019-04-01,Bilateral meeting on sidelines of Belt and Road Forum,Third-party meeting,12,0.3442243651005228,-0.8215938909722755
ICEWS,Vietnam,2021-05-01,Virtual bilateral meeting (due to COVID-19),Remote talk,0,1.5561984136149736,0.05999055044108026
ICEWS,Vietnam,2021-05-01,Virtual bilateral meeting (due to COVID-19),Remote talk,1,1.5561984136149736,0.09006679956253372
ICEWS,Vietnam,2021-05-01,Virtual bilateral meeting (due to COVID-19),Remote talk,2,1.5561984136149736,-2.3574883566607276
ICEWS,Vietnam,2021-05-01,Virtual bilateral meeting (due to COVID-19),Remote talk,3,1.5561984136149736,-1.105345454129118
ICEWS,Vietnam,2021-05-01,Virtual bilateral meeting (due to COVID-19),Remote talk,6,1.5561984136149736,-2.470595019924408
ICEWS,Vietnam,2021-05-01,Virtual bilateral meeting (due to COVID-19),Remote talk,12,1.5561984136149736,-8.756198413614975
