window_id,db,trade,pol_var,avg_response_lag,immediate_share,peak_lag,sig_lags_count,method,sum_abs_coef,n,n_country,window_midpoint
1,GDELT,Trade_Total,Pol_Agg,2.62534618770406,0.246397390294848,0,2,Raw,,,,
1,GDELT,Trade_Total,Pol_CHN_Partner,2.24791767412635,0.332105265388665,0,1,Raw,,,,
1,GDELT,Trade_Total,Pol_Partner_CHN,2.77252593029705,0.242365771375114,0,1,Raw,,,,
1,GDELT,Trade_Exports,Pol_Agg,2.46180840051713,0.122787360954458,2,0,Raw,,,,
1,GDELT,Trade_Exports,Pol_CHN_Partner,2.04169911580569,0.322096452713089,0,0,Raw,,,,
1,GDELT,Trade_Exports,Pol_Partner_CHN,2.79843081997185,0.0475526663907408,3,0,Raw,,,,
1,GDELT,Trade_Imports,Pol_Agg,2.3833470928694,0.305225737583473,0,3,Raw,,,,
1,GDELT,Trade_Imports,Pol_CHN_Partner,3.53669838675327,0.197497311310714,6,2,Raw,,,,
1,GDELT,Trade_Imports,Pol_Partner_CHN,2.40405346045754,0.263499305115248,0,3,Raw,,,,
1,ICEWS,Trade_Total,Pol_Agg,3.04376314626182,0.177720263437618,6,1,Raw,,,,
1,ICEWS,Trade_Total,Pol_CHN_Partner,3.65463216388542,0.134974880005417,6,0,Raw,,,,
1,ICEWS,Trade_Total,Pol_Partner_CHN,3.08309088978132,0.111782305438619,2,2,Raw,,,,
1,ICEWS,Trade_Exports,Pol_Agg,3.01764464994116,0.134181044191662,2,0,Raw,,,,
1,ICEWS,Trade_Exports,Pol_CHN_Partner,3.93782355630008,0.0757801014011613,6,0,Raw,,,,
1,ICEWS,Trade_Exports,Pol_Partner_CHN,3.1266332288364,0.0270644697237584,4,0,Raw,,,,
1,ICEWS,Trade_Imports,Pol_Agg,2.98013301199765,0.18240357227973,5,2,Raw,,,,
1,ICEWS,Trade_Imports,Pol_CHN_Partner,3.39071441272974,0.13798990468256,5,1,Raw,,,,
1,ICEWS,Trade_Imports,Pol_Partner_CHN,3.0346588449392,0.131853800558548,2,3,Raw,,,,
1,Phoenix,Trade_Total,Pol_Agg,3.19112013833726,0.177871363106453,6,3,Raw,,,,
1,Phoenix,Trade_Total,Pol_CHN_Partner,3.61850174696063,0.206108686071875,6,2,Raw,,,,
1,Phoenix,Trade_Total,Pol_Partner_CHN,2.91997866961277,0.245556544640144,0,0,Raw,,,,
1,Phoenix,Trade_Exports,Pol_Agg,2.94842892020458,0.163256219453392,4,0,Raw,,,,
1,Phoenix,Trade_Exports,Pol_CHN_Partner,3.64478521223242,0.149029728314918,6,0,Raw,,,,
1,Phoenix,Trade_Exports,Pol_Partner_CHN,3.5704989967437,0.0773190342792584,4,1,Raw,,,,
1,Phoenix,Trade_Imports,Pol_Agg,3.11122381106015,0.191456600483532,5,2,Raw,,,,
1,Phoenix,Trade_Imports,Pol_CHN_Partner,3.26443856115187,0.227234196152854,6,1,Raw,,,,
1,Phoenix,Trade_Imports,Pol_Partner_CHN,2.65945535486045,0.171944374279325,5,2,Raw,,,,
1,Tsinghua,Trade_Total,Pol_Agg,3.22201889022616,0.175616208153837,5,1,Raw,,,,
1,Tsinghua,Trade_Exports,Pol_Agg,2.62464648396126,0.242410164234856,1,0,Raw,,,,
1,Tsinghua,Trade_Imports,Pol_Agg,3.57281983124694,0.209259100175033,4,3,Raw,,,,
2,GDELT,Trade_Total,Pol_Agg,3.03459100428808,0.136470015376466,3,0,Raw,,,,
2,GDELT,Trade_Total,Pol_CHN_Partner,2.98336386184532,0.0996877646964961,3,0,Raw,,,,
2,GDELT,Trade_Total,Pol_Partner_CHN,3.07024745136627,0.0634187306769112,5,0,Raw,,,,
2,GDELT,Trade_Exports,Pol_Agg,3.86966458020247,0.114984907716988,5,0,Raw,,,,
2,GDELT,Trade_Exports,Pol_CHN_Partner,3.69101287930922,0.140869579102583,5,0,Raw,,,,
2,GDELT,Trade_Exports,Pol_Partner_CHN,2.94188574361987,0.183671168741501,3,0,Raw,,,,
2,GDELT,Trade_Imports,Pol_Agg,3.28762126985154,0.113578721393499,4,0,Raw,,,,
2,GDELT,Trade_Imports,Pol_CHN_Partner,3.88614240984806,0.0611515608284925,6,0,Raw,,,,
2,GDELT,Trade_Imports,Pol_Partner_CHN,3.07082910329039,0.122604287863575,5,1,Raw,,,,
2,ICEWS,Trade_Total,Pol_Agg,2.84860439812017,0.180133371388705,3,1,Raw,,,,
2,ICEWS,Trade_Total,Pol_CHN_Partner,3.22054941384843,0.15290852036895,6,0,Raw,,,,
2,ICEWS,Trade_Total,Pol_Partner_CHN,2.63840950120389,0.233802279789651,4,3,Raw,,,,
2,ICEWS,Trade_Exports,Pol_Agg,2.27946997850493,0.239173322826588,0,1,Raw,,,,
2,ICEWS,Trade_Exports,Pol_CHN_Partner,2.39311188781838,0.237940418625646,0,3,Raw,,,,
2,ICEWS,Trade_Exports,Pol_Partner_CHN,2.48727190646931,0.270884354623338,0,1,Raw,,,,
2,ICEWS,Trade_Imports,Pol_Agg,3.384125759641,0.0964414554269418,2,2,Raw,,,,
2,ICEWS,Trade_Imports,Pol_CHN_Partner,3.92429106036027,0.0971135767162961,6,1,Raw,,,,
2,ICEWS,Trade_Imports,Pol_Partner_CHN,3.27130694276966,0.0563112223637574,2,1,Raw,,,,
2,Phoenix,Trade_Total,Pol_Agg,3.95070276415153,0.0369068436410289,4,1,Raw,,,,
2,Phoenix,Trade_Total,Pol_CHN_Partner,3.10774240620236,0.225079992603727,4,0,Raw,,,,
2,Phoenix,Trade_Total,Pol_Partner_CHN,3.28292897551274,0.160282698750204,4,1,Raw,,,,
2,Phoenix,Trade_Exports,Pol_Agg,2.46040244863871,0.267735404465422,4,0,Raw,,,,
2,Phoenix,Trade_Exports,Pol_CHN_Partner,3.0680105286476,0.0238531818860342,3,1,Raw,,,,
2,Phoenix,Trade_Exports,Pol_Partner_CHN,3.05997374503508,0.170289718393188,4,1,Raw,,,,
2,Phoenix,Trade_Imports,Pol_Agg,2.44562937606634,0.297163713531409,0,1,Raw,,,,
2,Phoenix,Trade_Imports,Pol_CHN_Partner,1.86460269797798,0.398976146537263,0,1,Raw,,,,
2,Phoenix,Trade_Imports,Pol_Partner_CHN,2.85458619420813,0.191907103395687,5,0,Raw,,,,
2,Tsinghua,Trade_Total,Pol_Agg,4.16041151873814,0.0247941890453635,5,2,Raw,,,,
2,Tsinghua,Trade_Exports,Pol_Agg,3.31437457097196,0.120398033730006,5,1,Raw,,,,
2,Tsinghua,Trade_Imports,Pol_Agg,3.94430904756786,0.0948957169774081,5,1,Raw,,,,
3,GDELT,Trade_Total,Pol_Agg,2.74434340850758,0.167812267211776,1,0,Raw,,,,
3,GDELT,Trade_Total,Pol_CHN_Partner,3.70169553764738,0.0544181749038506,5,0,Raw,,,,
3,GDELT,Trade_Total,Pol_Partner_CHN,2.08197347658471,0.220826336632954,1,0,Raw,,,,
3,GDELT,Trade_Exports,Pol_Agg,2.56278777676384,0.185286383852069,3,1,Raw,,,,
3,GDELT,Trade_Exports,Pol_CHN_Partner,3.8288450365117,0.0407397995265746,5,0,Raw,,,,
3,GDELT,Trade_Exports,Pol_Partner_CHN,2.07915870493073,0.190983458019079,3,0,Raw,,,,
3,GDELT,Trade_Imports,Pol_Agg,3.06873083982193,0.197072578367654,6,0,Raw,,,,
3,GDELT,Trade_Imports,Pol_CHN_Partner,3.38335760925054,0.131032603999902,6,0,Raw,,,,
3,GDELT,Trade_Imports,Pol_Partner_CHN,2.8880182300379,0.224866556996923,6,0,Raw,,,,
3,ICEWS,Trade_Total,Pol_Agg,2.69247526817774,0.181499508398097,4,4,Raw,,,,
3,ICEWS,Trade_Total,Pol_CHN_Partner,2.35484712388465,0.171023581180081,4,2,Raw,,,,
3,ICEWS,Trade_Total,Pol_Partner_CHN,2.50769339882475,0.236264032015501,0,4,Raw,,,,
3,ICEWS,Trade_Exports,Pol_Agg,2.53244058928039,0.211673203347271,4,3,Raw,,,,
3,ICEWS,Trade_Exports,Pol_CHN_Partner,2.22256908002122,0.230604680805933,4,4,Raw,,,,
3,ICEWS,Trade_Exports,Pol_Partner_CHN,2.56748668211558,0.243276180116886,0,5,Raw,,,,
3,ICEWS,Trade_Imports,Pol_Agg,3.01999826531689,0.172341159643777,4,0,Raw,,,,
3,ICEWS,Trade_Imports,Pol_CHN_Partner,3.3146168297769,0.0463268166981153,4,1,Raw,,,,
3,ICEWS,Trade_Imports,Pol_Partner_CHN,2.17025751018033,0.269469910453621,0,0,Raw,,,,
3,Phoenix,Trade_Total,Pol_Agg,3.68664987819006,0.172292081364598,5,1,Raw,,,,
3,Phoenix,Trade_Total,Pol_CHN_Partner,3.25932056690683,0.115535884655694,1,1,Raw,,,,
3,Phoenix,Trade_Total,Pol_Partner_CHN,2.88537869610549,0.19529452630731,4,0,Raw,,,,
3,Phoenix,Trade_Exports,Pol_Agg,2.8723823097246,0.161292117108228,3,0,Raw,,,,
3,Phoenix,Trade_Exports,Pol_CHN_Partner,2.92612482103255,0.116780977319347,3,1,Raw,,,,
3,Phoenix,Trade_Exports,Pol_Partner_CHN,2.75458982523322,0.146412842905937,3,0,Raw,,,,
3,Phoenix,Trade_Imports,Pol_Agg,3.6990448884232,0.0746540172151958,5,0,Raw,,,,
3,Phoenix,Trade_Imports,Pol_CHN_Partner,3.21210317898629,0.205919103400485,5,1,Raw,,,,
3,Phoenix,Trade_Imports,Pol_Partner_CHN,3.02257518067214,0.0373988408482314,1,0,Raw,,,,
3,Tsinghua,Trade_Total,Pol_Agg,3.25662738885207,0.0241002638753411,3,2,Raw,,,,
3,Tsinghua,Trade_Exports,Pol_Agg,3.41833926092064,0.0485296257619016,3,1,Raw,,,,
3,Tsinghua,Trade_Imports,Pol_Agg,3.32573862321981,0.163513472936859,5,1,Raw,,,,
4,GDELT,Trade_Total,Pol_Agg,3.34189914863362,0.134537381423361,6,0,Raw,,,,
4,GDELT,Trade_Total,Pol_CHN_Partner,4.08540672198457,0.0811274691031622,6,0,Raw,,,,
4,GDELT,Trade_Total,Pol_Partner_CHN,2.74857755282018,0.171977152033443,6,0,Raw,,,,
4,GDELT,Trade_Exports,Pol_Agg,2.90146329590651,0.149569395348085,3,1,Raw,,,,
4,GDELT,Trade_Exports,Pol_CHN_Partner,3.96773157216957,0.0137956903468969,5,0,Raw,,,,
4,GDELT,Trade_Exports,Pol_Partner_CHN,2.53492657881835,0.146211806503485,3,1,Raw,,,,
4,GDELT,Trade_Imports,Pol_Agg,4.34134497078217,0.0892183835242498,6,0,Raw,,,,
4,GDELT,Trade_Imports,Pol_CHN_Partner,4.70761401463772,0.0645381379790179,6,0,Raw,,,,
4,GDELT,Trade_Imports,Pol_Partner_CHN,3.46182422768729,0.18522860277713,6,0,Raw,,,,
4,ICEWS,Trade_Total,Pol_Agg,2.96140566992236,0.154388615995762,3,3,Raw,,,,
4,ICEWS,Trade_Total,Pol_CHN_Partner,2.79438461769903,0.126547440067181,4,0,Raw,,,,
4,ICEWS,Trade_Total,Pol_Partner_CHN,2.55068701150635,0.251673894331086,0,3,Raw,,,,
4,ICEWS,Trade_Exports,Pol_Agg,2.95631922908399,0.120799316987409,4,4,Raw,,,,
4,ICEWS,Trade_Exports,Pol_CHN_Partner,2.67927539975641,0.131310098198245,4,2,Raw,,,,
4,ICEWS,Trade_Exports,Pol_Partner_CHN,2.81236083019067,0.193783409643251,3,3,Raw,,,,
4,ICEWS,Trade_Imports,Pol_Agg,2.82299884874917,0.288094289816618,0,0,Raw,,,,
4,ICEWS,Trade_Imports,Pol_CHN_Partner,2.8498585680303,0.201599333246347,4,0,Raw,,,,
4,ICEWS,Trade_Imports,Pol_Partner_CHN,2.02773729977421,0.417599596777188,0,0,Raw,,,,
4,Phoenix,Trade_Total,Pol_Agg,3.58908002286077,0.194380843265464,6,0,Raw,,,,
4,Phoenix,Trade_Total,Pol_CHN_Partner,3.78399034649268,0.113651006035407,6,1,Raw,,,,
4,Phoenix,Trade_Total,Pol_Partner_CHN,2.21251522308423,0.405157749379427,0,0,Raw,,,,
4,Phoenix,Trade_Exports,Pol_Agg,2.57645702286459,0.287282082074649,0,0,Raw,,,,
4,Phoenix,Trade_Exports,Pol_CHN_Partner,3.34184699940824,0.214124282342621,6,0,Raw,,,,
4,Phoenix,Trade_Exports,Pol_Partner_CHN,2.25386597008318,0.298249567412936,0,1,Raw,,,,
4,Phoenix,Trade_Imports,Pol_Agg,3.64074282517626,0.0845196589698773,5,1,Raw,,,,
4,Phoenix,Trade_Imports,Pol_CHN_Partner,2.90907876301446,0.200490499303889,5,0,Raw,,,,
4,Phoenix,Trade_Imports,Pol_Partner_CHN,2.73915101936046,0.172832355718121,2,1,Raw,,,,
4,Tsinghua,Trade_Total,Pol_Agg,3.43432402035817,0.0298389293321652,2,3,Raw,,,,
4,Tsinghua,Trade_Exports,Pol_Agg,2.36556541149334,0.195217158486703,1,0,Raw,,,,
4,Tsinghua,Trade_Imports,Pol_Agg,3.75099217348606,0.17421451022929,6,2,Raw,,,,
5,GDELT,Trade_Total,Pol_Agg,4.46815000086508,0.0797238556762596,6,1,Raw,,,,
5,GDELT,Trade_Total,Pol_CHN_Partner,2.92260270040906,0.266554210000438,0,0,Raw,,,,
5,GDELT,Trade_Total,Pol_Partner_CHN,3.62332078190359,0.120618324731718,6,1,Raw,,,,
5,GDELT,Trade_Exports,Pol_Agg,4.13302387912284,0.0338316328600186,5,3,Raw,,,,
5,GDELT,Trade_Exports,Pol_CHN_Partner,3.30780026675443,0.217200651450897,6,0,Raw,,,,
5,GDELT,Trade_Exports,Pol_Partner_CHN,3.06622811168402,0.121277131497592,3,0,Raw,,,,
5,GDELT,Trade_Imports,Pol_Agg,3.56314056410476,0.193300365857978,6,1,Raw,,,,
5,GDELT,Trade_Imports,Pol_CHN_Partner,2.77250073231409,0.304033223885762,0,1,Raw,,,,
5,GDELT,Trade_Imports,Pol_Partner_CHN,4.45567093438649,0.0412048063110786,6,1,Raw,,,,
5,ICEWS,Trade_Total,Pol_Agg,3.73503841837498,0.0852410244917953,6,0,Raw,,,,
5,ICEWS,Trade_Total,Pol_CHN_Partner,2.9666384462129,0.250363371787167,5,0,Raw,,,,
5,ICEWS,Trade_Total,Pol_Partner_CHN,2.98393993454953,0.231156693233709,3,0,Raw,,,,
5,ICEWS,Trade_Exports,Pol_Agg,3.3003173947408,0.113223465455865,4,0,Raw,,,,
5,ICEWS,Trade_Exports,Pol_CHN_Partner,3.08437374047867,0.206009484143153,4,0,Raw,,,,
5,ICEWS,Trade_Exports,Pol_Partner_CHN,3.21800286008326,0.165382360642797,3,0,Raw,,,,
5,ICEWS,Trade_Imports,Pol_Agg,3.42256101604852,0.0516629874467128,5,0,Raw,,,,
5,ICEWS,Trade_Imports,Pol_CHN_Partner,3.327140997072,0.0866250742025941,5,0,Raw,,,,
5,ICEWS,Trade_Imports,Pol_Partner_CHN,3.78375690559616,0.0964885036036599,5,0,Raw,,,,
5,Phoenix,Trade_Total,Pol_Agg,3.78311067579869,0.132160220016835,6,0,Raw,,,,
5,Phoenix,Trade_Total,Pol_CHN_Partner,3.88925968202303,0.0707757715677526,6,0,Raw,,,,
5,Phoenix,Trade_Total,Pol_Partner_CHN,2.01507462494038,0.410592987835871,0,0,Raw,,,,
5,Phoenix,Trade_Exports,Pol_Agg,2.79752592479034,0.287870663315279,0,0,Raw,,,,
5,Phoenix,Trade_Exports,Pol_CHN_Partner,2.93326597301741,0.298172861042538,0,0,Raw,,,,
5,Phoenix,Trade_Exports,Pol_Partner_CHN,2.53394404900482,0.175509477406791,3,0,Raw,,,,
5,Phoenix,Trade_Imports,Pol_Agg,3.86313139106246,0.0133004091539116,2,1,Raw,,,,
5,Phoenix,Trade_Imports,Pol_CHN_Partner,3.78544368002308,0.062419856283868,5,1,Raw,,,,
5,Phoenix,Trade_Imports,Pol_Partner_CHN,2.77129757671383,0.223263349439956,2,0,Raw,,,,
5,Tsinghua,Trade_Total,Pol_Agg,3.42306313113104,0.209300164220796,6,0,Raw,,,,
5,Tsinghua,Trade_Exports,Pol_Agg,1.81339110036347,0.408105505149425,0,1,Raw,,,,
5,Tsinghua,Trade_Imports,Pol_Agg,4.53477038297206,0.0654552389489411,6,1,Raw,,,,
6,GDELT,Trade_Total,Pol_Agg,2.12992135818925,0.222399636033064,1,2,Raw,,,,
6,GDELT,Trade_Total,Pol_CHN_Partner,1.91479616584638,0.285115062226463,0,2,Raw,,,,
6,GDELT,Trade_Total,Pol_Partner_CHN,2.55468119224615,0.174181392930255,1,1,Raw,,,,
6,GDELT,Trade_Exports,Pol_Agg,3.44836215145977,0.117576518509093,5,1,Raw,,,,
6,GDELT,Trade_Exports,Pol_CHN_Partner,2.92199621020266,0.214579069242544,0,1,Raw,,,,
6,GDELT,Trade_Exports,Pol_Partner_CHN,3.29671757067583,0.102189081079526,5,0,Raw,,,,
6,GDELT,Trade_Imports,Pol_Agg,2.39570829154402,0.185939662606256,3,3,Raw,,,,
6,GDELT,Trade_Imports,Pol_CHN_Partner,2.1045469949893,0.236752103442151,3,3,Raw,,,,
6,GDELT,Trade_Imports,Pol_Partner_CHN,2.7605196725883,0.146943795550998,3,4,Raw,,,,
6,ICEWS,Trade_Total,Pol_Agg,2.35383743552571,0.199778472811817,2,0,Raw,,,,
6,ICEWS,Trade_Total,Pol_CHN_Partner,2.48325293978101,0.286181833177999,0,0,Raw,,,,
6,ICEWS,Trade_Total,Pol_Partner_CHN,2.89909409171076,0.0806577388278848,2,0,Raw,,,,
6,ICEWS,Trade_Exports,Pol_Agg,2.65523237486161,0.282720475803467,2,0,Raw,,,,
6,ICEWS,Trade_Exports,Pol_CHN_Partner,2.91448942405814,0.282910245462291,0,0,Raw,,,,
6,ICEWS,Trade_Exports,Pol_Partner_CHN,3.1490500522891,0.148324614772232,2,1,Raw,,,,
6,ICEWS,Trade_Imports,Pol_Agg,3.4506411900334,0.0435533497970114,5,1,Raw,,,,
6,ICEWS,Trade_Imports,Pol_CHN_Partner,2.99682650217747,0.159366275557599,3,1,Raw,,,,
6,ICEWS,Trade_Imports,Pol_Partner_CHN,3.6133167095664,0.0846714847002143,4,1,Raw,,,,
6,Phoenix,Trade_Total,Pol_Agg,2.87637459304467,0.311923229946402,0,0,Raw,,,,
6,Phoenix,Trade_Total,Pol_CHN_Partner,3.79100963609326,0.0531942813729523,6,1,Raw,,,,
6,Phoenix,Trade_Total,Pol_Partner_CHN,1.69495792206631,0.181893373830624,1,0,Raw,,,,
6,Phoenix,Trade_Exports,Pol_Agg,1.68367071667538,0.402464066465793,0,0,Raw,,,,
6,Phoenix,Trade_Exports,Pol_CHN_Partner,3.66389899444726,0.0203290206378449,2,0,Raw,,,,
6,Phoenix,Trade_Exports,Pol_Partner_CHN,2.77955389765338,0.0624933203594238,2,0,Raw,,,,
6,Phoenix,Trade_Imports,Pol_Agg,3.21387213158776,0.0699807799117435,2,0,Raw,,,,
6,Phoenix,Trade_Imports,Pol_CHN_Partner,3.63336374220036,0.103607320350106,2,0,Raw,,,,
6,Phoenix,Trade_Imports,Pol_Partner_CHN,2.48040110528236,0.0769180559945597,1,0,Raw,,,,
6,Tsinghua,Trade_Total,Pol_Agg,3.69716288640363,0.195083776587588,5,0,Raw,,,,
6,Tsinghua,Trade_Exports,Pol_Agg,2.55076663271497,0.221452904179767,0,2,Raw,,,,
6,Tsinghua,Trade_Imports,Pol_Agg,4.22032944123536,0.0087489337697183,6,3,Raw,,,,
7,GDELT,Trade_Total,Pol_Agg,2.46470184965469,0.179119965361111,1,1,Raw,,,,
7,GDELT,Trade_Total,Pol_CHN_Partner,2.07503956866183,0.282982539176089,1,2,Raw,,,,
7,GDELT,Trade_Total,Pol_Partner_CHN,2.67808535028941,0.136703845764341,1,0,Raw,,,,
7,GDELT,Trade_Exports,Pol_Agg,2.81332231423425,0.114728785450683,1,0,Raw,,,,
7,GDELT,Trade_Exports,Pol_CHN_Partner,2.81810914455584,0.177454934724316,6,1,Raw,,,,
7,GDELT,Trade_Exports,Pol_Partner_CHN,2.69763296317992,0.182998568105495,1,0,Raw,,,,
7,GDELT,Trade_Imports,Pol_Agg,2.51529905221097,0.200852285267586,0,3,Raw,,,,
7,GDELT,Trade_Imports,Pol_CHN_Partner,2.06769064582722,0.306073604046472,0,3,Raw,,,,
7,GDELT,Trade_Imports,Pol_Partner_CHN,2.83379782672244,0.119323935015543,5,1,Raw,,,,
7,ICEWS,Trade_Total,Pol_Agg,2.77528654773991,0.16047342692973,4,2,Raw,,,,
7,ICEWS,Trade_Total,Pol_CHN_Partner,2.46799593794125,0.270552788962315,0,2,Raw,,,,
7,ICEWS,Trade_Total,Pol_Partner_CHN,3.38548131069057,0.0485819689748262,2,0,Raw,,,,
7,ICEWS,Trade_Exports,Pol_Agg,2.25139829275549,0.30079818140541,0,0,Raw,,,,
7,ICEWS,Trade_Exports,Pol_CHN_Partner,1.84680653054505,0.352620308024835,0,1,Raw,,,,
7,ICEWS,Trade_Exports,Pol_Partner_CHN,3.31588791178161,0.166696719745763,2,0,Raw,,,,
7,ICEWS,Trade_Imports,Pol_Agg,3.406850875639,0.0196387992352813,4,2,Raw,,,,
7,ICEWS,Trade_Imports,Pol_CHN_Partner,3.08087160049299,0.168824578464989,3,2,Raw,,,,
7,ICEWS,Trade_Imports,Pol_Partner_CHN,3.0341411274769,0.18064742621486,4,2,Raw,,,,
7,Phoenix,Trade_Total,Pol_Agg,2.3230733654398,0.205564000340422,1,0,Raw,,,,
7,Phoenix,Trade_Total,Pol_CHN_Partner,3.37262838060098,0.0441693952124363,4,1,Raw,,,,
7,Phoenix,Trade_Total,Pol_Partner_CHN,3.62304104326128,0.0769150404284674,6,0,Raw,,,,
7,Phoenix,Trade_Exports,Pol_Agg,2.64729331506142,0.079867317993915,2,1,Raw,,,,
7,Phoenix,Trade_Exports,Pol_CHN_Partner,3.01138087398214,0.123775688269256,2,1,Raw,,,,
7,Phoenix,Trade_Exports,Pol_Partner_CHN,3.22188495378061,0.201154919914062,6,0,Raw,,,,
7,Phoenix,Trade_Imports,Pol_Agg,2.33399030663854,0.154520241662203,2,0,Raw,,,,
7,Phoenix,Trade_Imports,Pol_CHN_Partner,2.93009042187087,0.0599778887780846,1,0,Raw,,,,
7,Phoenix,Trade_Imports,Pol_Partner_CHN,2.46907501921416,0.0395035022952569,2,0,Raw,,,,
7,Tsinghua,Trade_Total,Pol_Agg,4.01331063605568,0.14289728436345,5,1,Raw,,,,
7,Tsinghua,Trade_Exports,Pol_Agg,3.4481735425517,0.0674301217611242,3,2,Raw,,,,
7,Tsinghua,Trade_Imports,Pol_Agg,3.74268255912957,0.0815672782304439,5,3,Raw,,,,
8,GDELT,Trade_Total,Pol_Agg,3.25082363781627,0.108687386060037,6,2,Raw,,,,
8,GDELT,Trade_Total,Pol_CHN_Partner,3.09564700396802,0.183705922147572,6,2,Raw,,,,
8,GDELT,Trade_Total,Pol_Partner_CHN,3.00050443956315,0.122508383738166,6,2,Raw,,,,
8,GDELT,Trade_Exports,Pol_Agg,4.11520443553343,0.124448109664577,6,3,Raw,,,,
8,GDELT,Trade_Exports,Pol_CHN_Partner,3.79537514454983,0.130915813414186,6,3,Raw,,,,
8,GDELT,Trade_Exports,Pol_Partner_CHN,4.20130395793155,0.0153557636152787,6,2,Raw,,,,
8,GDELT,Trade_Imports,Pol_Agg,2.50377144610039,0.214058734077393,0,2,Raw,,,,
8,GDELT,Trade_Imports,Pol_CHN_Partner,2.21686730153088,0.274127227942045,0,2,Raw,,,,
8,GDELT,Trade_Imports,Pol_Partner_CHN,2.72470008261957,0.15959019540815,5,2,Raw,,,,
8,ICEWS,Trade_Total,Pol_Agg,3.41641360645178,0.0604602822955117,4,1,Raw,,,,
8,ICEWS,Trade_Total,Pol_CHN_Partner,2.182926746466,0.329585818017285,0,1,Raw,,,,
8,ICEWS,Trade_Total,Pol_Partner_CHN,3.48661406636712,0.0354846229454797,4,1,Raw,,,,
8,ICEWS,Trade_Exports,Pol_Agg,3.38253171202335,0.137283800931382,6,1,Raw,,,,
8,ICEWS,Trade_Exports,Pol_CHN_Partner,3.3170075947431,0.103805726560485,5,0,Raw,,,,
8,ICEWS,Trade_Exports,Pol_Partner_CHN,3.92277719276422,0.0584347664083955,6,0,Raw,,,,
8,ICEWS,Trade_Imports,Pol_Agg,3.92194191610171,0.0103521289298736,4,3,Raw,,,,
8,ICEWS,Trade_Imports,Pol_CHN_Partner,3.03522447782637,0.156358149555765,5,0,Raw,,,,
8,ICEWS,Trade_Imports,Pol_Partner_CHN,3.24811923091169,0.0941402583138115,4,2,Raw,,,,
8,Phoenix,Trade_Total,Pol_Agg,4.13850757853867,0.0461438282299264,6,0,Raw,,,,
8,Phoenix,Trade_Total,Pol_CHN_Partner,3.29522252181216,0.22857845947882,5,0,Raw,,,,
8,Phoenix,Trade_Total,Pol_Partner_CHN,3.8288349590289,0.029073744963929,6,0,Raw,,,,
8,Phoenix,Trade_Exports,Pol_Agg,2.9443723324778,0.170053897343094,6,0,Raw,,,,
8,Phoenix,Trade_Exports,Pol_CHN_Partner,2.78437859252359,0.0517602549863331,2,0,Raw,,,,
8,Phoenix,Trade_Exports,Pol_Partner_CHN,3.8949791018398,0.0522827146732731,6,1,Raw,,,,
8,Phoenix,Trade_Imports,Pol_Agg,2.50267853360016,0.307387464004561,0,0,Raw,,,,
8,Phoenix,Trade_Imports,Pol_CHN_Partner,2.40516169739869,0.284163035028424,0,0,Raw,,,,
8,Phoenix,Trade_Imports,Pol_Partner_CHN,3.08729041489181,0.076729518831791,5,0,Raw,,,,
8,Tsinghua,Trade_Total,Pol_Agg,4.16336678288319,0.0861610513127962,5,3,Raw,,,,
8,Tsinghua,Trade_Exports,Pol_Agg,3.68046319024733,0.0213408339278451,3,4,Raw,,,,
8,Tsinghua,Trade_Imports,Pol_Agg,3.71593241837403,0.0794910775545167,5,4,Raw,,,,
9,GDELT,Trade_Total,Pol_Agg,3.87607749387781,0.154944011847023,6,0,Raw,,,,
9,GDELT,Trade_Total,Pol_CHN_Partner,4.02753132187124,0.12808030838379,6,0,Raw,,,,
9,GDELT,Trade_Total,Pol_Partner_CHN,3.3596808289104,0.0243505548900997,6,0,Raw,,,,
9,GDELT,Trade_Exports,Pol_Agg,3.47798724341403,0.150874367621758,6,4,Raw,,,,
9,GDELT,Trade_Exports,Pol_CHN_Partner,3.31434933434814,0.157433523829909,6,6,Raw,,,,
9,GDELT,Trade_Exports,Pol_Partner_CHN,3.78716580623007,0.0832546125848895,6,2,Raw,,,,
9,GDELT,Trade_Imports,Pol_Agg,2.87365371513093,0.175731645656346,5,2,Raw,,,,
9,GDELT,Trade_Imports,Pol_CHN_Partner,2.39681135996105,0.244315990496279,0,1,Raw,,,,
9,GDELT,Trade_Imports,Pol_Partner_CHN,3.0440327368391,0.125783042685149,5,3,Raw,,,,
9,ICEWS,Trade_Total,Pol_Agg,2.4949410802429,0.210709661348428,3,0,Raw,,,,
9,ICEWS,Trade_Total,Pol_CHN_Partner,2.80815568348639,0.129714349986634,2,0,Raw,,,,
9,ICEWS,Trade_Total,Pol_Partner_CHN,3.10062325389981,0.0432843254572105,2,0,Raw,,,,
9,ICEWS,Trade_Exports,Pol_Agg,2.87039943621032,0.25574618155474,0,1,Raw,,,,
9,ICEWS,Trade_Exports,Pol_CHN_Partner,3.08601253968498,0.183452960558782,5,1,Raw,,,,
9,ICEWS,Trade_Exports,Pol_Partner_CHN,2.84845049390291,0.204815017792988,6,0,Raw,,,,
9,ICEWS,Trade_Imports,Pol_Agg,3.58296234068899,0.0687551539875424,3,1,Raw,,,,
9,ICEWS,Trade_Imports,Pol_CHN_Partner,3.37077273841546,0.171520586167132,5,0,Raw,,,,
9,ICEWS,Trade_Imports,Pol_Partner_CHN,3.04169971159875,0.095743431960306,4,2,Raw,,,,
9,Phoenix,Trade_Total,Pol_Agg,3.86088506407707,0.147687517273604,6,0,Raw,,,,
9,Phoenix,Trade_Total,Pol_CHN_Partner,3.79240567246287,0.0592854670520133,6,0,Raw,,,,
9,Phoenix,Trade_Total,Pol_Partner_CHN,3.94064832432516,0.0784050335366678,6,0,Raw,,,,
9,Phoenix,Trade_Exports,Pol_Agg,2.77748494025564,0.310238003261424,0,0,Raw,,,,
9,Phoenix,Trade_Exports,Pol_CHN_Partner,2.92284140582547,0.247718048926149,0,2,Raw,,,,
9,Phoenix,Trade_Exports,Pol_Partner_CHN,3.56556280387419,0.132664261334494,6,0,Raw,,,,
9,Phoenix,Trade_Imports,Pol_Agg,3.39943934417215,0.263228249553071,6,0,Raw,,,,
9,Phoenix,Trade_Imports,Pol_CHN_Partner,2.4004260202653,0.338479613705413,0,0,Raw,,,,
9,Phoenix,Trade_Imports,Pol_Partner_CHN,3.42420106755754,0.112971009763235,5,0,Raw,,,,
9,Tsinghua,Trade_Total,Pol_Agg,4.69199843544709,0.00491595229340174,5,2,Raw,,,,
9,Tsinghua,Trade_Exports,Pol_Agg,3.93033819038541,0.0699142804314539,6,4,Raw,,,,
9,Tsinghua,Trade_Imports,Pol_Agg,3.7971591892114,0.0435811740732477,5,3,Raw,,,,
10,GDELT,Trade_Total,Pol_Agg,4.5416788783375,0.022464314886203,6,0,Raw,,,,
10,GDELT,Trade_Total,Pol_CHN_Partner,4.25399094210875,0.069138799218697,6,0,Raw,,,,
10,GDELT,Trade_Total,Pol_Partner_CHN,3.14374106836311,0.159037941939918,2,0,Raw,,,,
10,GDELT,Trade_Exports,Pol_Agg,3.37609910001069,0.136178847632957,6,3,Raw,,,,
10,GDELT,Trade_Exports,Pol_CHN_Partner,3.19930107424963,0.145489130933274,4,3,Raw,,,,
10,GDELT,Trade_Exports,Pol_Partner_CHN,3.6368357597231,0.0697040132956971,6,0,Raw,,,,
10,GDELT,Trade_Imports,Pol_Agg,2.75067333973129,0.201668655950468,0,3,Raw,,,,
10,GDELT,Trade_Imports,Pol_CHN_Partner,2.32210932261741,0.241678647375359,0,1,Raw,,,,
10,GDELT,Trade_Imports,Pol_Partner_CHN,2.93399796004322,0.177803716046872,5,3,Raw,,,,
10,ICEWS,Trade_Total,Pol_Agg,2.96183115853984,0.128042921210134,1,0,Raw,,,,
10,ICEWS,Trade_Total,Pol_CHN_Partner,2.83118581834242,0.192544736839682,5,0,Raw,,,,
10,ICEWS,Trade_Total,Pol_Partner_CHN,3.16594657554821,0.0384891053264147,2,0,Raw,,,,
10,ICEWS,Trade_Exports,Pol_Agg,2.68005803583099,0.239374988105055,1,0,Raw,,,,
10,ICEWS,Trade_Exports,Pol_CHN_Partner,2.92056847726861,0.219550856593869,5,1,Raw,,,,
10,ICEWS,Trade_Exports,Pol_Partner_CHN,3.40383566825546,0.0735925918426004,6,0,Raw,,,,
10,ICEWS,Trade_Imports,Pol_Agg,2.64732847373738,0.177989401548396,3,1,Raw,,,,
10,ICEWS,Trade_Imports,Pol_CHN_Partner,3.06655708887122,0.216928665315377,6,0,Raw,,,,
10,ICEWS,Trade_Imports,Pol_Partner_CHN,2.33929736804672,0.139730669427738,3,1,Raw,,,,
10,Phoenix,Trade_Total,Pol_Agg,4.08833065393741,0.0947887584379113,6,1,Raw,,,,
10,Phoenix,Trade_Total,Pol_CHN_Partner,4.23002093954629,0.0581452421531876,6,0,Raw,,,,
10,Phoenix,Trade_Total,Pol_Partner_CHN,4.19469299241403,0.0584440642897445,6,0,Raw,,,,
10,Phoenix,Trade_Exports,Pol_Agg,2.10283318283052,0.309115548141276,0,2,Raw,,,,
10,Phoenix,Trade_Exports,Pol_CHN_Partner,1.83314763170119,0.317436932179949,0,2,Raw,,,,
10,Phoenix,Trade_Exports,Pol_Partner_CHN,3.14785229331882,0.185538773515225,6,0,Raw,,,,
10,Phoenix,Trade_Imports,Pol_Agg,3.41060977176683,0.230244257141554,6,1,Raw,,,,
10,Phoenix,Trade_Imports,Pol_CHN_Partner,2.62089656210928,0.287231917481151,0,1,Raw,,,,
10,Phoenix,Trade_Imports,Pol_Partner_CHN,3.7381078803605,0.129924342903045,6,0,Raw,,,,
10,Tsinghua,Trade_Total,Pol_Agg,3.96315328979714,0.00323790293731919,5,2,Raw,,,,
10,Tsinghua,Trade_Exports,Pol_Agg,3.8115214714467,0.0761743633961871,6,2,Raw,,,,
10,Tsinghua,Trade_Imports,Pol_Agg,3.52365454679365,0.0234826698367606,2,2,Raw,,,,
11,GDELT,Trade_Total,Pol_Agg,3.41393949450214,0.164637776541151,5,0,Raw,,,,
11,GDELT,Trade_Total,Pol_CHN_Partner,3.91251585097879,0.143021084612886,6,0,Raw,,,,
11,GDELT,Trade_Total,Pol_Partner_CHN,2.99606115102463,0.235336366060345,4,0,Raw,,,,
11,GDELT,Trade_Exports,Pol_Agg,2.65532119623467,0.309636389606984,0,0,Raw,,,,
11,GDELT,Trade_Exports,Pol_CHN_Partner,3.60620850272236,0.0144982698133691,4,0,Raw,,,,
11,GDELT,Trade_Exports,Pol_Partner_CHN,1.48956550502737,0.526367547468724,0,0,Raw,,,,
11,GDELT,Trade_Imports,Pol_Agg,3.34901939207321,0.120497961608471,5,0,Raw,,,,
11,GDELT,Trade_Imports,Pol_CHN_Partner,3.08955610367404,0.150589868841658,5,0,Raw,,,,
11,GDELT,Trade_Imports,Pol_Partner_CHN,3.72384071126976,0.0845289198564851,5,0,Raw,,,,
11,ICEWS,Trade_Total,Pol_Agg,2.32964113390687,0.260339860605257,1,0,Raw,,,,
11,ICEWS,Trade_Total,Pol_CHN_Partner,2.57570621473989,0.16665014893886,3,0,Raw,,,,
11,ICEWS,Trade_Total,Pol_Partner_CHN,2.58374896405778,0.162227628056826,2,0,Raw,,,,
11,ICEWS,Trade_Exports,Pol_Agg,2.71631274424133,0.127745557515651,1,1,Raw,,,,
11,ICEWS,Trade_Exports,Pol_CHN_Partner,3.01055977501198,0.104806730408872,5,0,Raw,,,,
11,ICEWS,Trade_Exports,Pol_Partner_CHN,2.74998921780082,0.0456207050595176,3,0,Raw,,,,
11,ICEWS,Trade_Imports,Pol_Agg,2.98011861132833,0.0696430909033956,3,1,Raw,,,,
11,ICEWS,Trade_Imports,Pol_CHN_Partner,3.38337127566321,0.00163529256869619,2,0,Raw,,,,
11,ICEWS,Trade_Imports,Pol_Partner_CHN,3.01480060036157,0.0428844865240106,2,1,Raw,,,,
11,Phoenix,Trade_Total,Pol_Agg,4.11201914777308,0.0490894755523797,6,1,Raw,,,,
11,Phoenix,Trade_Total,Pol_CHN_Partner,1.51151477829388,0.562421197069963,0,0,Raw,,,,
11,Phoenix,Trade_Total,Pol_Partner_CHN,4.44958979004379,0.000351815448023485,6,1,Raw,,,,
11,Phoenix,Trade_Exports,Pol_Agg,2.41178085140325,0.204243870931033,1,1,Raw,,,,
11,Phoenix,Trade_Exports,Pol_CHN_Partner,2.13345539638797,0.115402736433332,1,0,Raw,,,,
11,Phoenix,Trade_Exports,Pol_Partner_CHN,3.36520218188756,0.0836446116011414,6,0,Raw,,,,
11,Phoenix,Trade_Imports,Pol_Agg,3.42761286515709,0.204824824592476,6,1,Raw,,,,
11,Phoenix,Trade_Imports,Pol_CHN_Partner,1.91021975872607,0.402057992998743,0,2,Raw,,,,
11,Phoenix,Trade_Imports,Pol_Partner_CHN,4.10049690838798,0.104337527066889,6,0,Raw,,,,
11,Tsinghua,Trade_Total,Pol_Agg,3.6260300567813,0.0291966156281869,5,2,Raw,,,,
11,Tsinghua,Trade_Exports,Pol_Agg,4.00766926090599,0.0538896827622919,6,2,Raw,,,,
11,Tsinghua,Trade_Imports,Pol_Agg,2.8793432867581,0.142489185550313,2,2,Raw,,,,
12,GDELT,Trade_Total,Pol_Agg,3.01772773240527,0.325707079300702,0,0,Raw,,,,
12,GDELT,Trade_Total,Pol_CHN_Partner,2.88198093475494,0.251075563042672,0,0,Raw,,,,
12,GDELT,Trade_Total,Pol_Partner_CHN,2.94286840546598,0.351448235579964,0,0,Raw,,,,
12,GDELT,Trade_Exports,Pol_Agg,2.93411637163126,0.233326227525289,0,0,Raw,,,,
12,GDELT,Trade_Exports,Pol_CHN_Partner,3.40845223719833,0.128216000804072,4,0,Raw,,,,
12,GDELT,Trade_Exports,Pol_Partner_CHN,2.59512712707497,0.319172066077612,0,0,Raw,,,,
12,GDELT,Trade_Imports,Pol_Agg,2.40480423816228,0.350561967971652,0,1,Raw,,,,
12,GDELT,Trade_Imports,Pol_CHN_Partner,1.8377142416192,0.278266718097029,0,1,Raw,,,,
12,GDELT,Trade_Imports,Pol_Partner_CHN,2.64310170532773,0.332326391606273,0,0,Raw,,,,
12,ICEWS,Trade_Total,Pol_Agg,3.51813615135059,0.034910402497569,4,1,Raw,,,,
12,ICEWS,Trade_Total,Pol_CHN_Partner,2.97517011756722,0.114966104379687,3,1,Raw,,,,
12,ICEWS,Trade_Total,Pol_Partner_CHN,3.23330024775553,0.0760565855463919,4,1,Raw,,,,
12,ICEWS,Trade_Exports,Pol_Agg,2.76538836417279,0.0444994473163712,4,1,Raw,,,,
12,ICEWS,Trade_Exports,Pol_CHN_Partner,3.6876512399634,0.0106528877055797,5,0,Raw,,,,
12,ICEWS,Trade_Exports,Pol_Partner_CHN,2.83058637217026,0.0942408538818955,4,1,Raw,,,,
12,ICEWS,Trade_Imports,Pol_Agg,2.49823032945844,0.15777190319478,1,0,Raw,,,,
12,ICEWS,Trade_Imports,Pol_CHN_Partner,2.7917618557078,0.0527280775523859,1,0,Raw,,,,
12,ICEWS,Trade_Imports,Pol_Partner_CHN,2.47163633282912,0.231005542201171,1,0,Raw,,,,
12,Phoenix,Trade_Total,Pol_Agg,2.98018134648596,0.118037437110485,6,0,Raw,,,,
12,Phoenix,Trade_Total,Pol_CHN_Partner,2.38485141185196,0.205470106518856,1,0,Raw,,,,
12,Phoenix,Trade_Total,Pol_Partner_CHN,4.00166175695744,0.067662252962724,6,0,Raw,,,,
12,Phoenix,Trade_Exports,Pol_Agg,2.0065212128082,0.331890768823408,0,3,Raw,,,,
12,Phoenix,Trade_Exports,Pol_CHN_Partner,2.21680291781531,0.249229645246939,1,1,Raw,,,,
12,Phoenix,Trade_Exports,Pol_Partner_CHN,3.40299086889165,0.088440083199274,6,0,Raw,,,,
12,Phoenix,Trade_Imports,Pol_Agg,2.83852934417415,0.245601882190541,0,0,Raw,,,,
12,Phoenix,Trade_Imports,Pol_CHN_Partner,1.96454293380822,0.386188035192835,0,3,Raw,,,,
12,Phoenix,Trade_Imports,Pol_Partner_CHN,3.60367913715149,0.0570404203183413,3,0,Raw,,,,
12,Tsinghua,Trade_Total,Pol_Agg,2.66704004613975,0.153514213853655,2,3,Raw,,,,
12,Tsinghua,Trade_Exports,Pol_Agg,2.90433819125922,0.0923032508850405,1,3,Raw,,,,
12,Tsinghua,Trade_Imports,Pol_Agg,3.2501698181883,1.27292803599251e-05,1,3,Raw,,,,
13,GDELT,Trade_Total,Pol_Agg,1.92323382401819,0.413215104192844,0,0,Raw,,,,
13,GDELT,Trade_Total,Pol_CHN_Partner,1.57582542176742,0.412926622280449,0,0,Raw,,,,
13,GDELT,Trade_Total,Pol_Partner_CHN,2.04642248207462,0.436516393239115,0,0,Raw,,,,
13,GDELT,Trade_Exports,Pol_Agg,2.75792709788213,0.218868096556349,2,0,Raw,,,,
13,GDELT,Trade_Exports,Pol_CHN_Partner,3.13242618264056,0.177509135578929,2,0,Raw,,,,
13,GDELT,Trade_Exports,Pol_Partner_CHN,2.44672609184039,0.25299532809165,0,0,Raw,,,,
13,GDELT,Trade_Imports,Pol_Agg,1.69907170876937,0.358258886550623,0,0,Raw,,,,
13,GDELT,Trade_Imports,Pol_CHN_Partner,1.67845078226994,0.298765951415234,0,0,Raw,,,,
13,GDELT,Trade_Imports,Pol_Partner_CHN,1.78172255735689,0.382562835118328,0,0,Raw,,,,
13,ICEWS,Trade_Total,Pol_Agg,3.13895273361609,0.142556833959999,4,0,Raw,,,,
13,ICEWS,Trade_Total,Pol_CHN_Partner,3.06516233524581,0.0348816143836748,5,0,Raw,,,,
13,ICEWS,Trade_Total,Pol_Partner_CHN,2.10750032112988,0.334913215453808,0,0,Raw,,,,
13,ICEWS,Trade_Exports,Pol_Agg,2.808295197018,0.0590288731856886,4,0,Raw,,,,
13,ICEWS,Trade_Exports,Pol_CHN_Partner,3.71051481051277,0.111737696629334,5,0,Raw,,,,
13,ICEWS,Trade_Exports,Pol_Partner_CHN,2.10856556151114,0.25697845636659,0,0,Raw,,,,
13,ICEWS,Trade_Imports,Pol_Agg,2.40200078885617,0.238690693374542,0,0,Raw,,,,
13,ICEWS,Trade_Imports,Pol_CHN_Partner,2.15836043698201,0.180766548276049,2,0,Raw,,,,
13,ICEWS,Trade_Imports,Pol_Partner_CHN,1.62844325794239,0.268211724625167,1,0,Raw,,,,
13,Phoenix,Trade_Total,Pol_Agg,2.64592507032938,0.103999775533303,1,1,Raw,,,,
13,Phoenix,Trade_Total,Pol_CHN_Partner,2.61081111534285,0.10753711110653,1,1,Raw,,,,
13,Phoenix,Trade_Total,Pol_Partner_CHN,3.35927512135065,0.136336078246744,3,0,Raw,,,,
13,Phoenix,Trade_Exports,Pol_Agg,2.07969843034104,0.221582755338826,1,1,Raw,,,,
13,Phoenix,Trade_Exports,Pol_CHN_Partner,2.57589095048388,0.11418561065113,1,1,Raw,,,,
13,Phoenix,Trade_Exports,Pol_Partner_CHN,2.95674375387216,0.0750310527027688,1,1,Raw,,,,
13,Phoenix,Trade_Imports,Pol_Agg,3.08897471949873,0.120437385444427,4,1,Raw,,,,
13,Phoenix,Trade_Imports,Pol_CHN_Partner,2.64179696710118,0.296059923998791,0,0,Raw,,,,
13,Phoenix,Trade_Imports,Pol_Partner_CHN,3.13140204698711,0.0668885756808374,4,1,Raw,,,,
13,Tsinghua,Trade_Total,Pol_Agg,2.71275979986865,0.186678517304198,0,5,Raw,,,,
13,Tsinghua,Trade_Exports,Pol_Agg,3.02417895465125,0.0900894190342333,1,5,Raw,,,,
13,Tsinghua,Trade_Imports,Pol_Agg,3.26184144398821,0.00341934168590296,1,1,Raw,,,,
14,GDELT,Trade_Total,Pol_Agg,4.88162286755134,0.0399650321807694,6,0,Raw,,,,
14,GDELT,Trade_Total,Pol_CHN_Partner,4.53639606387395,0.0679301139258261,6,0,Raw,,,,
14,GDELT,Trade_Total,Pol_Partner_CHN,4.85851356427734,0.014513709275884,6,0,Raw,,,,
14,GDELT,Trade_Exports,Pol_Agg,3.90947317639931,0.081308865306447,6,0,Raw,,,,
14,GDELT,Trade_Exports,Pol_CHN_Partner,4.00752924805592,0.0562979172015052,6,0,Raw,,,,
14,GDELT,Trade_Exports,Pol_Partner_CHN,3.88325588719984,0.109078044450466,6,0,Raw,,,,
14,GDELT,Trade_Imports,Pol_Agg,3.96356384258925,0.0341658626312163,6,0,Raw,,,,
14,GDELT,Trade_Imports,Pol_CHN_Partner,3.95334114304325,0.0264274868558348,6,0,Raw,,,,
14,GDELT,Trade_Imports,Pol_Partner_CHN,3.82062634818177,0.0851650136561933,6,0,Raw,,,,
14,ICEWS,Trade_Total,Pol_Agg,2.95302654587259,0.253588117281126,0,0,Raw,,,,
14,ICEWS,Trade_Total,Pol_CHN_Partner,2.79297476400848,0.302182117172061,0,0,Raw,,,,
14,ICEWS,Trade_Total,Pol_Partner_CHN,2.59003235219341,0.262481530270758,0,1,Raw,,,,
14,ICEWS,Trade_Exports,Pol_Agg,3.37975488403281,0.0903309975377116,4,0,Raw,,,,
14,ICEWS,Trade_Exports,Pol_CHN_Partner,3.23351994306312,0.181599880131211,4,0,Raw,,,,
14,ICEWS,Trade_Exports,Pol_Partner_CHN,3.77931311375295,0.0415285219793086,6,0,Raw,,,,
14,ICEWS,Trade_Imports,Pol_Agg,2.88547128968718,0.330354901538318,0,0,Raw,,,,
14,ICEWS,Trade_Imports,Pol_CHN_Partner,2.40097709479781,0.370897170964352,0,0,Raw,,,,
14,ICEWS,Trade_Imports,Pol_Partner_CHN,1.68776366277708,0.418371627287814,0,1,Raw,,,,
14,Phoenix,Trade_Total,Pol_Agg,2.24956653485456,0.226282398128567,1,1,Raw,,,,
14,Phoenix,Trade_Total,Pol_CHN_Partner,2.33316678355466,0.019687273066108,1,1,Raw,,,,
14,Phoenix,Trade_Total,Pol_Partner_CHN,3.07823984050937,0.158625204095137,4,0,Raw,,,,
14,Phoenix,Trade_Exports,Pol_Agg,2.12084278685536,0.144946215988873,1,2,Raw,,,,
14,Phoenix,Trade_Exports,Pol_CHN_Partner,1.9083556535217,0.114591463563102,1,1,Raw,,,,
14,Phoenix,Trade_Exports,Pol_Partner_CHN,2.4819568655673,0.367204995033518,0,2,Raw,,,,
14,Phoenix,Trade_Imports,Pol_Agg,2.18469827779238,0.307080405173676,4,0,Raw,,,,
14,Phoenix,Trade_Imports,Pol_CHN_Partner,2.68820523253162,0.109818272715638,1,1,Raw,,,,
14,Phoenix,Trade_Imports,Pol_Partner_CHN,3.30217112377277,0.0871576952042411,4,1,Raw,,,,
14,Tsinghua,Trade_Total,Pol_Agg,3.34592503750469,0.126316587430211,6,3,Raw,,,,
14,Tsinghua,Trade_Exports,Pol_Agg,3.18611978967804,0.0860572972908818,1,3,Raw,,,,
14,Tsinghua,Trade_Imports,Pol_Agg,2.64836338102559,0.0565701370348989,1,1,Raw,,,,
15,GDELT,Trade_Total,Pol_Agg,3.82298813331148,0.0767195968675822,6,0,Raw,,,,
15,GDELT,Trade_Total,Pol_CHN_Partner,3.34913794153078,0.136593024394905,6,0,Raw,,,,
15,GDELT,Trade_Total,Pol_Partner_CHN,4.27289654873002,0.0350565944357243,6,0,Raw,,,,
15,GDELT,Trade_Exports,Pol_Agg,3.98955599933925,0.0178575329676416,6,0,Raw,,,,
15,GDELT,Trade_Exports,Pol_CHN_Partner,3.79995491579631,0.0353792321696502,6,0,Raw,,,,
15,GDELT,Trade_Exports,Pol_Partner_CHN,4.31089832238523,0.0690433330758061,6,0,Raw,,,,
15,GDELT,Trade_Imports,Pol_Agg,3.41400729291299,0.0388414511543144,6,0,Raw,,,,
15,GDELT,Trade_Imports,Pol_CHN_Partner,3.34561438615188,0.145509085874539,6,0,Raw,,,,
15,GDELT,Trade_Imports,Pol_Partner_CHN,3.05862074875283,0.08858360899418,2,0,Raw,,,,
15,ICEWS,Trade_Total,Pol_Agg,2.95616068248614,0.119409469919438,5,4,Raw,,,,
15,ICEWS,Trade_Total,Pol_CHN_Partner,3.41633231883823,0.111028496513359,4,3,Raw,,,,
15,ICEWS,Trade_Total,Pol_Partner_CHN,2.40073843299454,0.147455306879706,2,2,Raw,,,,
15,ICEWS,Trade_Exports,Pol_Agg,3.06521274177424,0.0179779231241209,4,2,Raw,,,,
15,ICEWS,Trade_Exports,Pol_CHN_Partner,3.26944746319104,0.0874394296738271,4,2,Raw,,,,
15,ICEWS,Trade_Exports,Pol_Partner_CHN,3.09770212960244,0.0339062968576847,3,1,Raw,,,,
15,ICEWS,Trade_Imports,Pol_Agg,2.88663684444854,0.180982446435424,5,1,Raw,,,,
15,ICEWS,Trade_Imports,Pol_CHN_Partner,2.94096004710584,0.289281392121042,0,1,Raw,,,,
15,ICEWS,Trade_Imports,Pol_Partner_CHN,2.52442456308352,0.199519928925573,2,1,Raw,,,,
15,Phoenix,Trade_Total,Pol_Agg,2.03454811857585,0.303300365701396,0,1,Raw,,,,
15,Phoenix,Trade_Total,Pol_CHN_Partner,2.13222841122297,0.059109101539033,1,1,Raw,,,,
15,Phoenix,Trade_Total,Pol_Partner_CHN,3.23227472377017,0.0643642534055727,3,1,Raw,,,,
15,Phoenix,Trade_Exports,Pol_Agg,2.17411831186037,0.257623278384727,1,0,Raw,,,,
15,Phoenix,Trade_Exports,Pol_CHN_Partner,1.55786909104698,0.220958417739099,1,1,Raw,,,,
15,Phoenix,Trade_Exports,Pol_Partner_CHN,2.36362110111305,0.343198746432174,0,2,Raw,,,,
15,Phoenix,Trade_Imports,Pol_Agg,2.40948486553147,0.276195689599883,0,0,Raw,,,,
15,Phoenix,Trade_Imports,Pol_CHN_Partner,2.74504389446073,0.084778833763779,1,1,Raw,,,,
15,Phoenix,Trade_Imports,Pol_Partner_CHN,3.04968467188344,0.160876877964829,4,0,Raw,,,,
15,Tsinghua,Trade_Total,Pol_Agg,3.53915102570708,0.0639907342361006,6,0,Raw,,,,
15,Tsinghua,Trade_Exports,Pol_Agg,3.3761154721902,0.000372824904282948,1,2,Raw,,,,
15,Tsinghua,Trade_Imports,Pol_Agg,2.0287460863633,0.182541362218358,1,2,Raw,,,,
16,GDELT,Trade_Total,Pol_Agg,3.38525434608437,0.0215581106261669,5,0,Raw,,,,
16,GDELT,Trade_Total,Pol_CHN_Partner,3.29666676731655,0.15848837269353,6,0,Raw,,,,
16,GDELT,Trade_Total,Pol_Partner_CHN,3.02275818315093,0.0575993949273452,4,0,Raw,,,,
16,GDELT,Trade_Exports,Pol_Agg,3.40287559797401,0.082352145500814,6,0,Raw,,,,
16,GDELT,Trade_Exports,Pol_CHN_Partner,3.60000120010162,0.104340337754004,6,0,Raw,,,,
16,GDELT,Trade_Exports,Pol_Partner_CHN,3.70184178594627,0.0747564971203546,6,0,Raw,,,,
16,GDELT,Trade_Imports,Pol_Agg,3.91816959919009,0.124467959003683,5,0,Raw,,,,
16,GDELT,Trade_Imports,Pol_CHN_Partner,3.78455447757699,0.114855572501173,5,0,Raw,,,,
16,GDELT,Trade_Imports,Pol_Partner_CHN,3.98508450895615,0.0767423730906906,4,0,Raw,,,,
16,ICEWS,Trade_Total,Pol_Agg,3.38115926099848,0.0173698202780147,4,3,Raw,,,,
16,ICEWS,Trade_Total,Pol_CHN_Partner,3.7479908647988,0.0696166430006773,4,2,Raw,,,,
16,ICEWS,Trade_Total,Pol_Partner_CHN,2.88377727642782,0.0240454934940301,3,1,Raw,,,,
16,ICEWS,Trade_Exports,Pol_Agg,3.36432764105046,0.144512117922614,4,2,Raw,,,,
16,ICEWS,Trade_Exports,Pol_CHN_Partner,3.36954823282996,0.204777702618319,4,2,Raw,,,,
16,ICEWS,Trade_Exports,Pol_Partner_CHN,3.03989073635408,0.212478734534503,3,2,Raw,,,,
16,ICEWS,Trade_Imports,Pol_Agg,3.49645295645255,0.00359386434978194,4,3,Raw,,,,
16,ICEWS,Trade_Imports,Pol_CHN_Partner,3.79404991563712,0.0357591098370652,4,0,Raw,,,,
16,ICEWS,Trade_Imports,Pol_Partner_CHN,2.6470729483102,0.0314924991083987,2,1,Raw,,,,
16,Phoenix,Trade_Total,Pol_Agg,1.46015458642973,0.48616107655898,0,0,Raw,,,,
16,Phoenix,Trade_Total,Pol_CHN_Partner,2.29319516459161,0.196486342775475,1,1,Raw,,,,
16,Phoenix,Trade_Total,Pol_Partner_CHN,3.31915212503768,0.0391863800932809,1,0,Raw,,,,
16,Phoenix,Trade_Exports,Pol_Agg,2.36758120885205,0.338690408483473,0,0,Raw,,,,
16,Phoenix,Trade_Exports,Pol_CHN_Partner,2.4239622605395,0.208568349551471,1,1,Raw,,,,
16,Phoenix,Trade_Exports,Pol_Partner_CHN,2.48243694519809,0.271282391097712,0,2,Raw,,,,
16,Phoenix,Trade_Imports,Pol_Agg,2.76878006653204,0.280948589925867,0,0,Raw,,,,
16,Phoenix,Trade_Imports,Pol_CHN_Partner,2.47402237647273,0.117248647066403,1,1,Raw,,,,
16,Phoenix,Trade_Imports,Pol_Partner_CHN,3.18815222318371,0.149346580024636,6,1,Raw,,,,
16,Tsinghua,Trade_Total,Pol_Agg,2.9289961241321,0.171020203003733,5,0,Raw,,,,
16,Tsinghua,Trade_Exports,Pol_Agg,2.63995574496085,0.027011698627133,1,1,Raw,,,,
16,Tsinghua,Trade_Imports,Pol_Agg,1.74814302448632,0.266610803151586,1,1,Raw,,,,
17,GDELT,Trade_Total,Pol_Agg,2.83487567743464,0.179893084942001,5,0,Raw,,,,
17,GDELT,Trade_Total,Pol_CHN_Partner,3.6884873382483,0.00467945094019193,5,0,Raw,,,,
17,GDELT,Trade_Total,Pol_Partner_CHN,2.64622915986477,0.151374751718028,1,0,Raw,,,,
17,GDELT,Trade_Exports,Pol_Agg,2.89233385660376,0.164263170292948,1,0,Raw,,,,
17,GDELT,Trade_Exports,Pol_CHN_Partner,3.71391897200773,0.0939032669607508,6,0,Raw,,,,
17,GDELT,Trade_Exports,Pol_Partner_CHN,3.01364971738309,0.118720460884997,6,0,Raw,,,,
17,GDELT,Trade_Imports,Pol_Agg,2.65891576776339,0.343521041950724,0,0,Raw,,,,
17,GDELT,Trade_Imports,Pol_CHN_Partner,3.42349122959449,0.0762796260937575,5,0,Raw,,,,
17,GDELT,Trade_Imports,Pol_Partner_CHN,2.21037792854037,0.367288948010839,4,0,Raw,,,,
17,ICEWS,Trade_Total,Pol_Agg,3.08039433722785,0.0292182444367272,3,1,Raw,,,,
17,ICEWS,Trade_Total,Pol_CHN_Partner,3.48245736976253,0.0117749951183289,3,1,Raw,,,,
17,ICEWS,Trade_Total,Pol_Partner_CHN,2.25691707597791,0.016310175800678,1,1,Raw,,,,
17,ICEWS,Trade_Exports,Pol_Agg,3.60556179682119,0.0048050346603528,3,1,Raw,,,,
17,ICEWS,Trade_Exports,Pol_CHN_Partner,4.21375423052139,0.0243144180727062,6,2,Raw,,,,
17,ICEWS,Trade_Exports,Pol_Partner_CHN,2.80529385692721,0.182780102428926,3,1,Raw,,,,
17,ICEWS,Trade_Imports,Pol_Agg,2.96287162535177,0.0461696361742045,1,0,Raw,,,,
17,ICEWS,Trade_Imports,Pol_CHN_Partner,2.75001256102527,0.123222119964332,2,0,Raw,,,,
17,ICEWS,Trade_Imports,Pol_Partner_CHN,2.1429160489416,0.0316655420663077,1,0,Raw,,,,
17,Phoenix,Trade_Total,Pol_Agg,2.13415348287712,0.347076498813005,0,1,Raw,,,,
17,Phoenix,Trade_Total,Pol_CHN_Partner,2.71565857356024,0.112750776577202,1,1,Raw,,,,
17,Phoenix,Trade_Total,Pol_Partner_CHN,3.43673117196627,0.00998594397631021,3,1,Raw,,,,
17,Phoenix,Trade_Exports,Pol_Agg,2.55781822601006,0.259720263134382,0,1,Raw,,,,
17,Phoenix,Trade_Exports,Pol_CHN_Partner,2.5760657443301,0.163925138788924,1,1,Raw,,,,
17,Phoenix,Trade_Exports,Pol_Partner_CHN,2.7357576060984,0.248041145368311,0,1,Raw,,,,
17,Phoenix,Trade_Imports,Pol_Agg,2.11943739590796,0.359148057752786,0,0,Raw,,,,
17,Phoenix,Trade_Imports,Pol_CHN_Partner,2.78506693136417,0.0688180164629151,1,1,Raw,,,,
17,Phoenix,Trade_Imports,Pol_Partner_CHN,2.58895398693088,0.218325435979698,3,0,Raw,,,,
17,Tsinghua,Trade_Total,Pol_Agg,2.08077172843986,0.186728215971237,4,0,Raw,,,,
17,Tsinghua,Trade_Exports,Pol_Agg,2.52371518944808,0.0996406196387241,3,1,Raw,,,,
17,Tsinghua,Trade_Imports,Pol_Agg,2.45795238404854,0.163013369172168,3,0,Raw,,,,
18,GDELT,Trade_Total,Pol_Agg,2.28580352419808,0.333781362158055,0,0,Raw,,,,
18,GDELT,Trade_Total,Pol_CHN_Partner,3.1626836200874,0.106659483805871,4,0,Raw,,,,
18,GDELT,Trade_Total,Pol_Partner_CHN,2.60681673040958,0.399201157076522,0,0,Raw,,,,
18,GDELT,Trade_Exports,Pol_Agg,1.79641717103879,0.311011439240347,0,0,Raw,,,,
18,GDELT,Trade_Exports,Pol_CHN_Partner,2.805488166755,0.14081257834115,4,0,Raw,,,,
18,GDELT,Trade_Exports,Pol_Partner_CHN,1.96169085817094,0.381402645852664,0,0,Raw,,,,
18,GDELT,Trade_Imports,Pol_Agg,3.09115047098215,0.312350608591896,0,0,Raw,,,,
18,GDELT,Trade_Imports,Pol_CHN_Partner,4.20031130757711,0.117452308074079,6,0,Raw,,,,
18,GDELT,Trade_Imports,Pol_Partner_CHN,3.10143369926247,0.296517439822281,0,0,Raw,,,,
18,ICEWS,Trade_Total,Pol_Agg,2.69348589520195,0.0503288437293083,3,1,Raw,,,,
18,ICEWS,Trade_Total,Pol_CHN_Partner,2.90655416802295,0.0474401003250463,3,0,Raw,,,,
18,ICEWS,Trade_Total,Pol_Partner_CHN,1.92160014522682,0.105360784052368,1,2,Raw,,,,
18,ICEWS,Trade_Exports,Pol_Agg,3.21999027004644,0.0320670662259197,3,1,Raw,,,,
18,ICEWS,Trade_Exports,Pol_CHN_Partner,3.30366511016999,0.0629449104071666,3,0,Raw,,,,
18,ICEWS,Trade_Exports,Pol_Partner_CHN,2.34791108025606,0.0606524439287888,3,1,Raw,,,,
18,ICEWS,Trade_Imports,Pol_Agg,2.64478062121128,0.0243559603679001,4,0,Raw,,,,
18,ICEWS,Trade_Imports,Pol_CHN_Partner,2.93824614932285,0.0844610336935024,2,0,Raw,,,,
18,ICEWS,Trade_Imports,Pol_Partner_CHN,1.78733325943631,0.144996664592085,1,1,Raw,,,,
18,Phoenix,Trade_Total,Pol_Agg,2.61960970881217,0.282705510698936,0,0,Raw,,,,
18,Phoenix,Trade_Total,Pol_CHN_Partner,1.85926914933124,0.402703359780179,0,4,Raw,,,,
18,Phoenix,Trade_Total,Pol_Partner_CHN,2.65550210757831,0.116909108589103,2,0,Raw,,,,
18,Phoenix,Trade_Exports,Pol_Agg,2.91783743618529,0.284015573003346,6,1,Raw,,,,
18,Phoenix,Trade_Exports,Pol_CHN_Partner,2.22790668405622,0.335383981318892,0,2,Raw,,,,
18,Phoenix,Trade_Exports,Pol_Partner_CHN,2.96160704171337,0.179533825840487,2,1,Raw,,,,
18,Phoenix,Trade_Imports,Pol_Agg,1.58132592826998,0.384305371706906,0,1,Raw,,,,
18,Phoenix,Trade_Imports,Pol_CHN_Partner,1.53908711980188,0.487618077951815,0,3,Raw,,,,
18,Phoenix,Trade_Imports,Pol_Partner_CHN,1.69761240109926,0.273868641713248,1,0,Raw,,,,
18,Tsinghua,Trade_Total,Pol_Agg,3.24235655724645,0.0421713803376126,2,1,Raw,,,,
18,Tsinghua,Trade_Exports,Pol_Agg,2.88214682945936,0.0263109755685574,1,2,Raw,,,,
18,Tsinghua,Trade_Imports,Pol_Agg,3.66938626867528,0.0206084941094677,3,0,Raw,,,,
19,GDELT,Trade_Total,Pol_Agg,2.85422916387521,0.376456295137125,0,0,Raw,,,,
19,GDELT,Trade_Total,Pol_CHN_Partner,3.32427831550295,0.273764020048249,6,0,Raw,,,,
19,GDELT,Trade_Total,Pol_Partner_CHN,2.98632772421253,0.360399636757842,0,1,Raw,,,,
19,GDELT,Trade_Exports,Pol_Agg,2.26690089966544,0.39997971862467,0,0,Raw,,,,
19,GDELT,Trade_Exports,Pol_CHN_Partner,2.4918794865035,0.377005441088098,0,0,Raw,,,,
19,GDELT,Trade_Exports,Pol_Partner_CHN,2.63054536142421,0.365282295126371,0,0,Raw,,,,
19,GDELT,Trade_Imports,Pol_Agg,3.3379262579772,0.276498932250822,6,0,Raw,,,,
19,GDELT,Trade_Imports,Pol_CHN_Partner,4.70604478751494,0.0793628389588484,6,0,Raw,,,,
19,GDELT,Trade_Imports,Pol_Partner_CHN,2.99890711326573,0.275249697696926,0,0,Raw,,,,
19,ICEWS,Trade_Total,Pol_Agg,2.68997004360235,0.0320969386388068,3,1,Raw,,,,
19,ICEWS,Trade_Total,Pol_CHN_Partner,2.76005170728292,0.00826684047354682,3,1,Raw,,,,
19,ICEWS,Trade_Total,Pol_Partner_CHN,2.16072146943452,0.09644025003359,1,2,Raw,,,,
19,ICEWS,Trade_Exports,Pol_Agg,2.91882553454712,0.0707904309644554,3,1,Raw,,,,
19,ICEWS,Trade_Exports,Pol_CHN_Partner,3.23651964957998,0.0319510087587811,3,1,Raw,,,,
19,ICEWS,Trade_Exports,Pol_Partner_CHN,3.08521829302499,0.00322605458696059,3,1,Raw,,,,
19,ICEWS,Trade_Imports,Pol_Agg,2.52239680481889,0.0778631299286059,3,0,Raw,,,,
19,ICEWS,Trade_Imports,Pol_CHN_Partner,3.13582310835111,0.0108065299419636,2,0,Raw,,,,
19,ICEWS,Trade_Imports,Pol_Partner_CHN,1.956647184468,0.134521980468671,1,1,Raw,,,,
19,Tsinghua,Trade_Total,Pol_Agg,3.02275453741662,0.0794649349767731,5,1,Raw,,,,
19,Tsinghua,Trade_Exports,Pol_Agg,2.86488076444728,0.0834712544547252,1,2,Raw,,,,
19,Tsinghua,Trade_Imports,Pol_Agg,3.92781957542513,0.121068900589531,5,1,Raw,,,,
20,GDELT,Trade_Total,Pol_Agg,3.64432719385517,0.224248523599356,6,1,Raw,,,,
20,GDELT,Trade_Total,Pol_CHN_Partner,3.90379405936106,0.117148752013126,6,1,Raw,,,,
20,GDELT,Trade_Total,Pol_Partner_CHN,3.42044904470072,0.248393863992643,6,0,Raw,,,,
20,GDELT,Trade_Exports,Pol_Agg,2.98939102620725,0.288153330115822,0,0,Raw,,,,
20,GDELT,Trade_Exports,Pol_CHN_Partner,2.94272397042471,0.332584551827847,0,0,Raw,,,,
20,GDELT,Trade_Exports,Pol_Partner_CHN,2.9181223362856,0.192706930208755,6,0,Raw,,,,
20,GDELT,Trade_Imports,Pol_Agg,3.91606409061037,0.116239530413489,6,1,Raw,,,,
20,GDELT,Trade_Imports,Pol_CHN_Partner,4.35895229142615,0.0454871905706335,6,1,Raw,,,,
20,GDELT,Trade_Imports,Pol_Partner_CHN,3.4004627356832,0.16675418972155,6,1,Raw,,,,
20,ICEWS,Trade_Total,Pol_Agg,2.88050726225287,0.0449423048647781,3,1,Raw,,,,
20,ICEWS,Trade_Total,Pol_CHN_Partner,2.51319268713974,0.0320577797924064,3,0,Raw,,,,
20,ICEWS,Trade_Total,Pol_Partner_CHN,3.14576296911604,0.0137570651173341,1,2,Raw,,,,
20,ICEWS,Trade_Exports,Pol_Agg,3.47808164816805,0.0445122400052125,3,1,Raw,,,,
20,ICEWS,Trade_Exports,Pol_CHN_Partner,2.99987604689364,0.0304878605347401,3,0,Raw,,,,
20,ICEWS,Trade_Exports,Pol_Partner_CHN,3.95816179902954,0.0105584512991936,6,3,Raw,,,,
20,ICEWS,Trade_Imports,Pol_Agg,2.72007451988484,0.158605402022329,4,0,Raw,,,,
20,ICEWS,Trade_Imports,Pol_CHN_Partner,2.86373556647129,0.0962133238872568,2,0,Raw,,,,
20,ICEWS,Trade_Imports,Pol_Partner_CHN,3.24500633916791,0.0482468921885839,1,0,Raw,,,,
20,Tsinghua,Trade_Total,Pol_Agg,2.85354964503262,0.130778574563331,3,1,Raw,,,,
20,Tsinghua,Trade_Exports,Pol_Agg,3.19713533898887,0.0680348591390865,3,1,Raw,,,,
20,Tsinghua,Trade_Imports,Pol_Agg,2.88555232725466,0.207926993721305,0,0,Raw,,,,
1,GDELT,Trade_Total,Pol_Agg,2.75490060391467,0.214732623511167,0,2,ZScore,0.0196851069801044,1173,23,2004-07-01
1,GDELT,Trade_Total,Pol_Agg,2.51471493818859,0.200447216344323,2,0,AR1,0.0121853797990922,1173,23,2004-07-01
1,GDELT,Trade_Total,Pol_CHN_Partner,2.57171301455558,0.280918140090309,0,1,ZScore,0.0209191292535719,1173,23,2004-07-01
1,GDELT,Trade_Total,Pol_CHN_Partner,2.14109754570409,0.296297655655215,0,0,AR1,0.00946169330899692,1173,23,2004-07-01
1,GDELT,Trade_Total,Pol_Partner_CHN,2.93524272337709,0.211152564294112,5,2,ZScore,0.019698008514023,1173,23,2004-07-01
1,GDELT,Trade_Total,Pol_Partner_CHN,2.72792702116298,0.193574106293709,5,2,AR1,0.0184797425880458,1173,23,2004-07-01
1,GDELT,Trade_Exports,Pol_Agg,2.50930354500623,0.126512569307528,2,0,ZScore,0.012096297487094,1173,23,2004-07-01
1,GDELT,Trade_Exports,Pol_Agg,3.13496161291738,0.0322834831986,2,0,AR1,0.00605387352402084,1173,23,2004-07-01
1,GDELT,Trade_Exports,Pol_CHN_Partner,1.38779060872613,0.345661910107782,0,0,ZScore,0.0157852202626695,1173,23,2004-07-01
1,GDELT,Trade_Exports,Pol_CHN_Partner,2.09245877111902,0.265893513600971,1,0,AR1,0.0112820756886882,1173,23,2004-07-01
1,GDELT,Trade_Exports,Pol_Partner_CHN,3.86028595330593,0.0402820964429193,5,0,ZScore,0.00701857367623361,1173,23,2004-07-01
1,GDELT,Trade_Exports,Pol_Partner_CHN,2.62493192309274,0.100443773329427,3,0,AR1,0.00438511026112861,1173,23,2004-07-01
1,GDELT,Trade_Imports,Pol_Agg,2.48347427643329,0.280014478205969,0,3,ZScore,0.0221802884003249,1173,23,2004-07-01
1,GDELT,Trade_Imports,Pol_Agg,2.69444361553153,0.194970001310444,5,1,AR1,0.0218459404289132,1173,23,2004-07-01
1,GDELT,Trade_Imports,Pol_CHN_Partner,3.76796039426763,0.163080186517724,5,2,ZScore,0.0225249786840478,1173,23,2004-07-01
1,GDELT,Trade_Imports,Pol_CHN_Partner,4.21265789144628,0.0921214769854388,5,0,AR1,0.012765731922313,1173,23,2004-07-01
1,GDELT,Trade_Imports,Pol_Partner_CHN,2.59904425297531,0.233311622724834,0,4,ZScore,0.0345742662207573,1173,23,2004-07-01
1,GDELT,Trade_Imports,Pol_Partner_CHN,2.58314047181394,0.18212392054103,0,3,AR1,0.0407426685222908,1173,23,2004-07-01
1,ICEWS,Trade_Total,Pol_Agg,2.94944137911891,0.177546916657919,6,5,ZScore,0.0418556563611086,1171,23,2004-07-01
1,ICEWS,Trade_Total,Pol_Agg,2.71754587052266,0.144997291384996,2,4,AR1,0.0528470863904219,1171,23,2004-07-01
1,ICEWS,Trade_Total,Pol_CHN_Partner,3.37611796886324,0.158717430488775,6,2,ZScore,0.0368735977285269,1163,23,2004-07-01
1,ICEWS,Trade_Total,Pol_CHN_Partner,2.93363376246629,0.138219866345781,1,0,AR1,0.0474004854125801,1163,23,2004-07-01
1,ICEWS,Trade_Total,Pol_Partner_CHN,2.69711102552359,0.152744899025384,1,4,ZScore,0.0308646104851349,1169,23,2004-07-01
1,ICEWS,Trade_Total,Pol_Partner_CHN,2.67573026330855,0.118411842963965,2,4,AR1,0.0483766859795885,1169,23,2004-07-01
1,ICEWS,Trade_Exports,Pol_Agg,2.89030761703643,0.187095934634441,6,0,ZScore,0.0287173419772488,1171,23,2004-07-01
1,ICEWS,Trade_Exports,Pol_Agg,2.04987749390168,0.189121676889932,2,0,AR1,0.0292316368388119,1171,23,2004-07-01
1,ICEWS,Trade_Exports,Pol_CHN_Partner,3.61815749962861,0.15801489295099,6,0,ZScore,0.0308540389471864,1163,23,2004-07-01
1,ICEWS,Trade_Exports,Pol_CHN_Partner,2.59459395725761,0.158445165710879,2,0,AR1,0.0347790927699874,1163,23,2004-07-01
1,ICEWS,Trade_Exports,Pol_Partner_CHN,2.82290391084185,0.0608559721829585,4,0,ZScore,0.0216263330115889,1169,23,2004-07-01
1,ICEWS,Trade_Exports,Pol_Partner_CHN,2.28100788253856,0.101557152515811,2,0,AR1,0.023150222540227,1169,23,2004-07-01
1,ICEWS,Trade_Imports,Pol_Agg,3.08010201511962,0.135396716967598,5,2,ZScore,0.0552911261449947,1171,23,2004-07-01
1,ICEWS,Trade_Imports,Pol_Agg,2.96828858353562,0.122760319049741,5,2,AR1,0.0617388683989431,1171,23,2004-07-01
1,ICEWS,Trade_Imports,Pol_CHN_Partner,3.45077590510931,0.107926748643825,5,2,ZScore,0.0441569323226324,1163,23,2004-07-01
1,ICEWS,Trade_Imports,Pol_CHN_Partner,3.38853515141982,0.104574034869885,5,2,AR1,0.0464402381317659,1163,23,2004-07-01
1,ICEWS,Trade_Imports,Pol_Partner_CHN,2.81315266451485,0.130463500342832,2,3,ZScore,0.052224670657796,1169,23,2004-07-01
1,ICEWS,Trade_Imports,Pol_Partner_CHN,2.70593401181869,0.119273751402821,2,5,AR1,0.0641756402673465,1169,23,2004-07-01
1,Phoenix,Trade_Total,Pol_Agg,3.59964737738451,0.132334651633933,6,2,ZScore,0.031207955564055,1158,23,2004-07-01
1,Phoenix,Trade_Total,Pol_Agg,3.45836210740142,0.0876992425560601,6,0,AR1,0.0261727334337782,1158,23,2004-07-01
1,Phoenix,Trade_Total,Pol_CHN_Partner,3.83831860876778,0.165230963418844,6,2,ZScore,0.027068594861526,1156,23,2004-07-01
1,Phoenix,Trade_Total,Pol_CHN_Partner,3.26502103997265,0.141294872887894,6,1,AR1,0.0309803232725666,1156,23,2004-07-01
1,Phoenix,Trade_Total,Pol_Partner_CHN,2.47896699590965,0.280126932226026,0,0,ZScore,0.0186569104159956,1114,23,2004-07-01
1,Phoenix,Trade_Total,Pol_Partner_CHN,2.07751273346561,0.251093193384838,0,2,AR1,0.0259257739516065,1114,23,2004-07-01
1,Phoenix,Trade_Exports,Pol_Agg,3.1694952620052,0.121678255577314,3,1,ZScore,0.02944243630674,1158,23,2004-07-01
1,Phoenix,Trade_Exports,Pol_Agg,3.54172230342305,0.00669002069919477,4,2,AR1,0.0312047673716016,1158,23,2004-07-01
1,Phoenix,Trade_Exports,Pol_CHN_Partner,3.36343591498104,0.15216701987369,6,0,ZScore,0.0254686642886106,1156,23,2004-07-01
1,Phoenix,Trade_Exports,Pol_CHN_Partner,2.53747434642073,0.165393472028449,3,0,AR1,0.0184979838634348,1156,23,2004-07-01
1,Phoenix,Trade_Exports,Pol_Partner_CHN,3.27140283614564,0.10773484616827,4,2,ZScore,0.0373240088372176,1114,23,2004-07-01
1,Phoenix,Trade_Exports,Pol_Partner_CHN,3.62809355175611,0.191561234889317,6,1,AR1,0.0273724904111283,1114,23,2004-07-01
1,Phoenix,Trade_Imports,Pol_Agg,3.43308964797194,0.124675919786434,5,2,ZScore,0.0482892167240604,1158,23,2004-07-01
1,Phoenix,Trade_Imports,Pol_Agg,3.33412653091715,0.0877133315277445,5,3,AR1,0.0736371481815039,1158,23,2004-07-01
1,Phoenix,Trade_Imports,Pol_CHN_Partner,3.69569377108489,0.151806303846885,6,1,ZScore,0.0346384508026108,1156,23,2004-07-01
1,Phoenix,Trade_Imports,Pol_CHN_Partner,3.36896347790707,0.116286765934663,6,1,AR1,0.0534592514610702,1156,23,2004-07-01
1,Phoenix,Trade_Imports,Pol_Partner_CHN,2.63920351228146,0.166451903499479,5,3,ZScore,0.0546518198777152,1114,23,2004-07-01
1,Phoenix,Trade_Imports,Pol_Partner_CHN,2.42829178062816,0.153417848745312,2,5,AR1,0.0634824098953758,1114,23,2004-07-01
1,Tsinghua,Trade_Total,Pol_Agg,3.475444243647,0.0553643425479054,3,1,ZScore,0.0228161625763289,553,11,2004-07-01
1,Tsinghua,Trade_Total,Pol_Agg,3.475444243647,0.0553643425479054,3,1,AR1,0.0228161625763289,553,11,2004-07-01
1,Tsinghua,Trade_Exports,Pol_Agg,2.20977321990183,0.422307412328336,0,0,ZScore,0.0147154103231676,553,11,2004-07-01
1,Tsinghua,Trade_Exports,Pol_Agg,2.20977321990183,0.422307412328336,0,0,AR1,0.0147154103231676,553,11,2004-07-01
1,Tsinghua,Trade_Imports,Pol_Agg,2.98898598563021,0.169541173778393,3,3,ZScore,0.0560343699886838,553,11,2004-07-01
1,Tsinghua,Trade_Imports,Pol_Agg,2.98898598563021,0.169541173778393,3,3,AR1,0.0560343699886838,553,11,2004-07-01
2,GDELT,Trade_Total,Pol_Agg,2.35891431321731,0.192810153813639,4,0,ZScore,0.00488765084701919,1329,23,2005-07-01
2,GDELT,Trade_Total,Pol_Agg,2.42508394514538,0.174729907843842,3,0,AR1,0.010589642920549,1329,23,2005-07-01
2,GDELT,Trade_Total,Pol_CHN_Partner,3.86888117864054,0.00739231332025647,3,0,ZScore,0.00633771627619253,1329,23,2005-07-01
2,GDELT,Trade_Total,Pol_CHN_Partner,2.87360341052586,0.0908675721939784,3,0,AR1,0.0158028396396927,1329,23,2005-07-01
2,GDELT,Trade_Total,Pol_Partner_CHN,3.70583092541447,0.0335296180587542,5,0,ZScore,0.00979301711140458,1329,23,2005-07-01
2,GDELT,Trade_Total,Pol_Partner_CHN,3.92350700619857,0.00753041046717854,5,0,AR1,0.00786835005618831,1329,23,2005-07-01
2,GDELT,Trade_Exports,Pol_Agg,3.67957943730507,0.139370821553849,5,0,ZScore,0.00703037861722008,1329,23,2005-07-01
2,GDELT,Trade_Exports,Pol_Agg,3.48310615212461,0.108746719158987,5,0,AR1,0.0123590008404064,1329,23,2005-07-01
2,GDELT,Trade_Exports,Pol_CHN_Partner,3.26480343536469,0.19421647409728,5,0,ZScore,0.0106414738684598,1329,23,2005-07-01
2,GDELT,Trade_Exports,Pol_CHN_Partner,3.83062746980424,0.0708354239551286,5,1,AR1,0.0154530359591683,1329,23,2005-07-01
2,GDELT,Trade_Exports,Pol_Partner_CHN,2.06010436663152,0.302706452505534,0,0,ZScore,0.00604070863067152,1329,23,2005-07-01
2,GDELT,Trade_Exports,Pol_Partner_CHN,2.31954559655996,0.269358546830003,0,0,AR1,0.00667867881020796,1329,23,2005-07-01
2,GDELT,Trade_Imports,Pol_Agg,3.84185933994994,0.0238284240131343,4,0,ZScore,0.011683981872463,1329,23,2005-07-01
2,GDELT,Trade_Imports,Pol_Agg,3.38749186491314,0.17429631135789,5,0,AR1,0.0109088942290963,1329,23,2005-07-01
2,GDELT,Trade_Imports,Pol_CHN_Partner,3.59141773595373,0.13889318813625,6,0,ZScore,0.018302073953777,1329,23,2005-07-01
2,GDELT,Trade_Imports,Pol_CHN_Partner,2.40727466577327,0.206463784898419,1,0,AR1,0.0218295355490615,1329,23,2005-07-01
2,GDELT,Trade_Imports,Pol_Partner_CHN,3.27038974892946,0.105454876348995,4,2,ZScore,0.0273614991632396,1329,23,2005-07-01
2,GDELT,Trade_Imports,Pol_Partner_CHN,3.42538567369201,0.0745801074874407,5,1,AR1,0.0243071575189794,1329,23,2005-07-01
2,ICEWS,Trade_Total,Pol_Agg,3.40928747916414,0.153527036967604,3,1,ZScore,0.0208133466962269,1329,23,2005-07-01
2,ICEWS,Trade_Total,Pol_Agg,3.41160775446193,0.112270907608233,4,2,AR1,0.0211612668811819,1329,23,2005-07-01
2,ICEWS,Trade_Total,Pol_CHN_Partner,3.76077504709597,0.107415557351956,6,0,ZScore,0.0243254466975322,1329,23,2005-07-01
2,ICEWS,Trade_Total,Pol_CHN_Partner,4.04992701640714,0.0287308291645792,4,0,AR1,0.019026575759165,1329,23,2005-07-01
2,ICEWS,Trade_Total,Pol_Partner_CHN,2.58591893713595,0.250840052516545,3,3,ZScore,0.0249304971060077,1329,23,2005-07-01
2,ICEWS,Trade_Total,Pol_Partner_CHN,2.78215923069361,0.202185496453304,4,1,AR1,0.0275020692090118,1329,23,2005-07-01
2,ICEWS,Trade_Exports,Pol_Agg,2.8588995942189,0.16713320040171,4,1,ZScore,0.0302701420739086,1329,23,2005-07-01
2,ICEWS,Trade_Exports,Pol_Agg,3.164954133729,0.106856340860625,4,2,AR1,0.0439510549924444,1329,23,2005-07-01
2,ICEWS,Trade_Exports,Pol_CHN_Partner,3.00431803010135,0.169109375129225,4,2,ZScore,0.0319456561452082,1329,23,2005-07-01
2,ICEWS,Trade_Exports,Pol_CHN_Partner,3.22887855032701,0.0905844508558626,4,1,AR1,0.0365547675135416,1329,23,2005-07-01
2,ICEWS,Trade_Exports,Pol_Partner_CHN,2.83242925702749,0.225919882151894,0,3,ZScore,0.0454840901805726,1329,23,2005-07-01
2,ICEWS,Trade_Exports,Pol_Partner_CHN,3.04651877408129,0.157882651603579,4,4,AR1,0.0614759861953512,1329,23,2005-07-01
2,ICEWS,Trade_Imports,Pol_Agg,3.7479281877466,0.0058150615265724,5,1,ZScore,0.0322770296857361,1329,23,2005-07-01
2,ICEWS,Trade_Imports,Pol_Agg,3.52886491238392,0.0207808468487692,2,0,AR1,0.0331372560199793,1329,23,2005-07-01
2,ICEWS,Trade_Imports,Pol_CHN_Partner,4.26234601779177,0.0331967191519548,5,1,ZScore,0.0302970178941446,1329,23,2005-07-01
2,ICEWS,Trade_Imports,Pol_CHN_Partner,3.9301606094615,0.0612578052747798,5,1,AR1,0.0361840313506394,1329,23,2005-07-01
2,ICEWS,Trade_Imports,Pol_Partner_CHN,3.33854531920429,0.0175731077908374,2,1,ZScore,0.0317038015146748,1329,23,2005-07-01
2,ICEWS,Trade_Imports,Pol_Partner_CHN,3.09196819543955,0.0178030621881764,2,1,AR1,0.0309433066071096,1329,23,2005-07-01
2,Phoenix,Trade_Total,Pol_Agg,3.6269580726727,0.0870670698640577,5,0,ZScore,0.019956416959007,1329,23,2005-07-01
2,Phoenix,Trade_Total,Pol_Agg,3.1048752983754,0.117826421839907,4,1,AR1,0.0155497747023411,1329,23,2005-07-01
2,Phoenix,Trade_Total,Pol_CHN_Partner,2.93098804803298,0.215275795577182,5,0,ZScore,0.0162286204721754,1329,23,2005-07-01
2,Phoenix,Trade_Total,Pol_CHN_Partner,2.11472243394208,0.239070637571923,0,0,AR1,0.0167050616798942,1329,23,2005-07-01
2,Phoenix,Trade_Total,Pol_Partner_CHN,2.95417146499619,0.198631629214242,4,0,ZScore,0.01358509041712,1304,23,2005-07-01
2,Phoenix,Trade_Total,Pol_Partner_CHN,3.75627162734935,0.104432382892591,4,1,AR1,0.0210221233844475,1304,23,2005-07-01
2,Phoenix,Trade_Exports,Pol_Agg,2.96746986445102,0.222996316719373,3,1,ZScore,0.0218434086685464,1329,23,2005-07-01
2,Phoenix,Trade_Exports,Pol_Agg,3.32627376755427,0.175739173816169,4,0,AR1,0.0294114802336689,1329,23,2005-07-01
2,Phoenix,Trade_Exports,Pol_CHN_Partner,3.87784466683254,0.0119427604373907,3,1,ZScore,0.0127063462793334,1329,23,2005-07-01
2,Phoenix,Trade_Exports,Pol_CHN_Partner,4.10199248287108,0.0377756592421539,6,0,AR1,0.0152581422401473,1329,23,2005-07-01
2,Phoenix,Trade_Exports,Pol_Partner_CHN,2.99893396231539,0.178458129252467,4,0,ZScore,0.0253074098419059,1304,23,2005-07-01
2,Phoenix,Trade_Exports,Pol_Partner_CHN,3.96934878464745,0.109777094089313,4,0,AR1,0.0287391369906446,1304,23,2005-07-01
2,Phoenix,Trade_Imports,Pol_Agg,2.81852028789109,0.214915300664893,0,1,ZScore,0.0362480577379668,1329,23,2005-07-01
2,Phoenix,Trade_Imports,Pol_Agg,2.70931602041599,0.168047765099368,1,2,AR1,0.0473206244969517,1329,23,2005-07-01
2,Phoenix,Trade_Imports,Pol_CHN_Partner,1.97217839185346,0.343625881564513,0,1,ZScore,0.0326777348851646,1329,23,2005-07-01
2,Phoenix,Trade_Imports,Pol_CHN_Partner,2.08147646130942,0.24228652775416,0,3,AR1,0.0460133221247115,1329,23,2005-07-01
2,Phoenix,Trade_Imports,Pol_Partner_CHN,2.76750813346016,0.178959172168012,5,0,ZScore,0.0221628245176224,1304,23,2005-07-01
2,Phoenix,Trade_Imports,Pol_Partner_CHN,2.34293013775997,0.170321320273405,2,0,AR1,0.0225019930987225,1304,23,2005-07-01
2,Tsinghua,Trade_Total,Pol_Agg,3.35536435935232,0.05736470773554,4,1,ZScore,0.0240830291355205,638,11,2005-07-01
2,Tsinghua,Trade_Total,Pol_Agg,3.35536435935232,0.05736470773554,4,1,AR1,0.0240830291355205,638,11,2005-07-01
2,Tsinghua,Trade_Exports,Pol_Agg,3.31429861068856,0.0794409188480848,3,1,ZScore,0.0231487663822719,638,11,2005-07-01
2,Tsinghua,Trade_Exports,Pol_Agg,3.31429861068856,0.0794409188480848,3,1,AR1,0.0231487663822719,638,11,2005-07-01
2,Tsinghua,Trade_Imports,Pol_Agg,4.28934673692341,0.124097602526368,5,0,ZScore,0.0233691512037996,638,11,2005-07-01
2,Tsinghua,Trade_Imports,Pol_Agg,4.28934673692341,0.124097602526368,5,0,AR1,0.0233691512037996,638,11,2005-07-01
3,GDELT,Trade_Total,Pol_Agg,2.56140932484007,0.197949472807436,1,0,ZScore,0.0222233630926625,1353,23,2006-07-01
3,GDELT,Trade_Total,Pol_Agg,2.84351884931871,0.1227523320898,1,0,AR1,0.0399357108774748,1353,23,2006-07-01
3,GDELT,Trade_Total,Pol_CHN_Partner,3.61166611373363,0.0890742491389703,5,0,ZScore,0.0214518570356796,1353,23,2006-07-01
3,GDELT,Trade_Total,Pol_CHN_Partner,3.446331259445,0.0781482691851721,5,0,AR1,0.0371911711557855,1353,23,2006-07-01
3,GDELT,Trade_Total,Pol_Partner_CHN,1.91817317524733,0.238204545649134,1,0,ZScore,0.0156597110305956,1353,23,2006-07-01
3,GDELT,Trade_Total,Pol_Partner_CHN,2.43331842937655,0.141820599533707,1,0,AR1,0.0289180363131101,1353,23,2006-07-01
3,GDELT,Trade_Exports,Pol_Agg,1.97574428739565,0.245142929067626,0,0,ZScore,0.0190630773441187,1353,23,2006-07-01
3,GDELT,Trade_Exports,Pol_Agg,2.79210681407006,0.122955759705462,3,1,AR1,0.0392128843534065,1353,23,2006-07-01
3,GDELT,Trade_Exports,Pol_CHN_Partner,3.79812201339851,0.0646170638115051,5,0,ZScore,0.00877423817322235,1353,23,2006-07-01
3,GDELT,Trade_Exports,Pol_CHN_Partner,3.51652932801303,0.0564007472623088,5,0,AR1,0.0276651139791466,1353,23,2006-07-01
3,GDELT,Trade_Exports,Pol_Partner_CHN,2.15173002604767,0.19712961485862,3,0,ZScore,0.0183299450932785,1353,23,2006-07-01
3,GDELT,Trade_Exports,Pol_Partner_CHN,2.42575677806524,0.126106948885353,3,0,AR1,0.0306318754823361,1353,23,2006-07-01
3,GDELT,Trade_Imports,Pol_Agg,3.13896349620161,0.219285679911637,6,0,ZScore,0.0251601813328677,1353,23,2006-07-01
3,GDELT,Trade_Imports,Pol_Agg,2.67373431411713,0.177163366651904,1,0,AR1,0.03854777885712,1353,23,2006-07-01
3,GDELT,Trade_Imports,Pol_CHN_Partner,3.31144211034077,0.159382953272405,6,1,ZScore,0.0379004739583675,1353,23,2006-07-01
3,GDELT,Trade_Imports,Pol_CHN_Partner,3.13873722802797,0.133698286938517,6,0,AR1,0.0510904045853163,1353,23,2006-07-01
3,GDELT,Trade_Imports,Pol_Partner_CHN,3.14934157303821,0.201228252965951,6,0,ZScore,0.0238417471298887,1353,23,2006-07-01
3,GDELT,Trade_Imports,Pol_Partner_CHN,2.64978676814466,0.181883505598863,6,0,AR1,0.031359114537653,1353,23,2006-07-01
3,ICEWS,Trade_Total,Pol_Agg,2.7869720488733,0.188288276158959,4,2,ZScore,0.0364836858449766,1353,23,2006-07-01
3,ICEWS,Trade_Total,Pol_Agg,3.2288138914776,0.111759781926247,4,3,AR1,0.0525017166445977,1353,23,2006-07-01
3,ICEWS,Trade_Total,Pol_CHN_Partner,2.58755318135698,0.148315045922877,4,1,ZScore,0.0241350670531411,1353,23,2006-07-01
3,ICEWS,Trade_Total,Pol_CHN_Partner,3.25782834883822,0.0634743092599953,4,1,AR1,0.0326103490137866,1353,23,2006-07-01
3,ICEWS,Trade_Total,Pol_Partner_CHN,2.69969948359653,0.211279541876701,0,6,ZScore,0.0604627969294663,1353,23,2006-07-01
3,ICEWS,Trade_Total,Pol_Partner_CHN,2.93990870422207,0.145230201080183,4,7,AR1,0.0801809345653714,1353,23,2006-07-01
3,ICEWS,Trade_Exports,Pol_Agg,2.54735545824375,0.202837733953331,3,3,ZScore,0.047571542627014,1353,23,2006-07-01
3,ICEWS,Trade_Exports,Pol_Agg,3.08799513253069,0.119299240569105,4,4,AR1,0.0745602611152474,1353,23,2006-07-01
3,ICEWS,Trade_Exports,Pol_CHN_Partner,2.32853408301629,0.216633777467357,4,3,ZScore,0.0328817827562043,1353,23,2006-07-01
3,ICEWS,Trade_Exports,Pol_CHN_Partner,3.10477336248928,0.108573035554202,4,3,AR1,0.0514717994600032,1353,23,2006-07-01
3,ICEWS,Trade_Exports,Pol_Partner_CHN,2.71047210724767,0.209649233314404,0,6,ZScore,0.0787877393677622,1353,23,2006-07-01
3,ICEWS,Trade_Exports,Pol_Partner_CHN,2.9977560170044,0.141720646799601,4,7,AR1,0.105158812183864,1353,23,2006-07-01
3,ICEWS,Trade_Imports,Pol_Agg,2.89657294758828,0.262347277898189,4,1,ZScore,0.0236893853250795,1353,23,2006-07-01
3,ICEWS,Trade_Imports,Pol_Agg,3.18681141418596,0.208704419477853,4,0,AR1,0.0245559269713803,1353,23,2006-07-01
3,ICEWS,Trade_Imports,Pol_CHN_Partner,3.09525866673714,0.098867560627886,4,1,ZScore,0.0262150115856227,1353,23,2006-07-01
3,ICEWS,Trade_Imports,Pol_CHN_Partner,2.8294127924324,0.0666999025636024,4,0,AR1,0.0206332742090549,1353,23,2006-07-01
3,ICEWS,Trade_Imports,Pol_Partner_CHN,2.65839355012363,0.27698967902634,0,0,ZScore,0.0335524024978412,1353,23,2006-07-01
3,ICEWS,Trade_Imports,Pol_Partner_CHN,2.65986439045476,0.20011657318581,0,0,AR1,0.0430579890150429,1353,23,2006-07-01
3,Phoenix,Trade_Total,Pol_Agg,2.79260411776838,0.231251429720898,5,0,ZScore,0.019757990786033,1353,23,2006-07-01
3,Phoenix,Trade_Total,Pol_Agg,2.56896189148126,0.162754452597989,3,0,AR1,0.0197227180870347,1353,23,2006-07-01
3,Phoenix,Trade_Total,Pol_CHN_Partner,2.4981483837159,0.138587490790052,1,1,ZScore,0.0255777421413631,1353,23,2006-07-01
3,Phoenix,Trade_Total,Pol_CHN_Partner,2.70386552927794,0.0806087768992298,1,1,AR1,0.0427338121634721,1353,23,2006-07-01
3,Phoenix,Trade_Total,Pol_Partner_CHN,2.55006716998154,0.265435637665475,4,0,ZScore,0.0114167144366487,1348,23,2006-07-01
3,Phoenix,Trade_Total,Pol_Partner_CHN,3.93649417909424,0.136233366347024,4,0,AR1,0.0186935679511545,1348,23,2006-07-01
3,Phoenix,Trade_Exports,Pol_Agg,2.29332559015811,0.165592926885387,3,0,ZScore,0.0249212346915022,1353,23,2006-07-01
3,Phoenix,Trade_Exports,Pol_Agg,2.9000727340986,0.0830116747195392,3,0,AR1,0.0297454997994796,1353,23,2006-07-01
3,Phoenix,Trade_Exports,Pol_CHN_Partner,2.11461507637032,0.053426370233808,1,0,ZScore,0.0185813551446423,1353,23,2006-07-01
3,Phoenix,Trade_Exports,Pol_CHN_Partner,3.43362813213625,0.00831018254479574,3,0,AR1,0.0412405522006632,1353,23,2006-07-01
3,Phoenix,Trade_Exports,Pol_Partner_CHN,2.48440561731201,0.184626029091608,2,1,ZScore,0.0211405167825448,1348,23,2006-07-01
3,Phoenix,Trade_Exports,Pol_Partner_CHN,3.64263982148557,0.0538016900015467,4,0,AR1,0.0224292691346799,1348,23,2006-07-01
3,Phoenix,Trade_Imports,Pol_Agg,3.10029435676165,0.149557466839981,5,0,ZScore,0.0225469495604899,1353,23,2006-07-01
3,Phoenix,Trade_Imports,Pol_Agg,3.10208681878597,0.113239535498935,2,0,AR1,0.0205962513148571,1353,23,2006-07-01
3,Phoenix,Trade_Imports,Pol_CHN_Partner,2.7313105960554,0.223262983671447,5,0,ZScore,0.0252885967495658,1353,23,2006-07-01
3,Phoenix,Trade_Imports,Pol_CHN_Partner,2.3394901425752,0.150114804512339,1,0,AR1,0.0357459404196738,1353,23,2006-07-01
3,Phoenix,Trade_Imports,Pol_Partner_CHN,2.96704686879283,0.0576854235110922,1,0,ZScore,0.0248704237840785,1348,23,2006-07-01
3,Phoenix,Trade_Imports,Pol_Partner_CHN,2.97899061928536,0.129245712125534,2,0,AR1,0.0243302319182157,1348,23,2006-07-01
3,Tsinghua,Trade_Total,Pol_Agg,3.5543292487715,0.00616997394155496,4,0,ZScore,0.0178783974777247,650,11,2006-07-01
3,Tsinghua,Trade_Total,Pol_Agg,3.5543292487715,0.00616997394155496,4,0,AR1,0.0178783974777247,650,11,2006-07-01
3,Tsinghua,Trade_Exports,Pol_Agg,3.67337808420191,0.0269413242586297,3,0,ZScore,0.0266743987632028,650,11,2006-07-01
3,Tsinghua,Trade_Exports,Pol_Agg,3.67337808420191,0.0269413242586297,3,0,AR1,0.0266743987632028,650,11,2006-07-01
3,Tsinghua,Trade_Imports,Pol_Agg,2.65352725335146,0.155106439489054,1,0,ZScore,0.0169309621171678,650,11,2006-07-01
3,Tsinghua,Trade_Imports,Pol_Agg,2.65352725335146,0.155106439489054,1,0,AR1,0.0169309621171678,650,11,2006-07-01
4,GDELT,Trade_Total,Pol_Agg,3.16471820231221,0.156077668966842,6,0,ZScore,0.02054567165786,1374,23,2007-07-01
4,GDELT,Trade_Total,Pol_Agg,3.13932714178877,0.1133374869154,3,0,AR1,0.0319062526514843,1374,23,2007-07-01
4,GDELT,Trade_Total,Pol_CHN_Partner,4.37661241434877,0.00681892052767718,6,0,ZScore,0.0173795333094227,1374,23,2007-07-01
4,GDELT,Trade_Total,Pol_CHN_Partner,3.85196213391356,0.0551433498345944,5,0,AR1,0.027797103192052,1374,23,2007-07-01
4,GDELT,Trade_Total,Pol_Partner_CHN,2.57213882570473,0.18123149286855,1,0,ZScore,0.0242142886497043,1374,23,2007-07-01
4,GDELT,Trade_Total,Pol_Partner_CHN,2.85263549501992,0.123924271850073,3,2,AR1,0.0395760088549361,1374,23,2007-07-01
4,GDELT,Trade_Exports,Pol_Agg,2.52255046831123,0.16802632045489,3,0,ZScore,0.0236169687451976,1374,23,2007-07-01
4,GDELT,Trade_Exports,Pol_Agg,3.13667142045798,0.0926352090800405,3,1,AR1,0.0429498218089788,1374,23,2007-07-01
4,GDELT,Trade_Exports,Pol_CHN_Partner,3.68804017050612,0.00759273849087556,3,0,ZScore,0.013980503036722,1374,23,2007-07-01
4,GDELT,Trade_Exports,Pol_CHN_Partner,3.5358340373513,0.0452761343928822,4,1,AR1,0.0331077063292063,1374,23,2007-07-01
4,GDELT,Trade_Exports,Pol_Partner_CHN,2.42275400800568,0.140203582174701,3,1,ZScore,0.0258755749862495,1374,23,2007-07-01
4,GDELT,Trade_Exports,Pol_Partner_CHN,2.89451759047737,0.0939354152832183,3,2,AR1,0.0437273979691116,1374,23,2007-07-01
4,GDELT,Trade_Imports,Pol_Agg,4.10595589333957,0.144795090415277,6,1,ZScore,0.0195968582214083,1374,23,2007-07-01
4,GDELT,Trade_Imports,Pol_Agg,2.86877342565557,0.22141151172908,6,0,AR1,0.0198581367481241,1374,23,2007-07-01
4,GDELT,Trade_Imports,Pol_CHN_Partner,4.70809292530629,0.0507741900609232,6,1,ZScore,0.0257391411579686,1374,23,2007-07-01
4,GDELT,Trade_Imports,Pol_CHN_Partner,3.83250919662604,0.113661364272344,6,0,AR1,0.0305038011529384,1374,23,2007-07-01
4,GDELT,Trade_Imports,Pol_Partner_CHN,3.46398193734638,0.199781485896871,6,1,ZScore,0.0249781255526009,1374,23,2007-07-01
4,GDELT,Trade_Imports,Pol_Partner_CHN,2.84176166455394,0.178988173266857,6,0,AR1,0.0330176135186061,1374,23,2007-07-01
4,ICEWS,Trade_Total,Pol_Agg,3.18931917379776,0.15384984853693,3,2,ZScore,0.0365446708929997,1374,23,2007-07-01
4,ICEWS,Trade_Total,Pol_Agg,3.40787639072271,0.101041843570418,4,2,AR1,0.0494633044894613,1374,23,2007-07-01
4,ICEWS,Trade_Total,Pol_CHN_Partner,3.13808817229694,0.096950148206453,4,0,ZScore,0.0207239390433417,1374,23,2007-07-01
4,ICEWS,Trade_Total,Pol_CHN_Partner,3.91165017735704,0.0222413936105834,4,0,AR1,0.027732196120778,1374,23,2007-07-01
4,ICEWS,Trade_Total,Pol_Partner_CHN,2.77180077791784,0.221317795134544,0,4,ZScore,0.0498515895006718,1374,23,2007-07-01
4,ICEWS,Trade_Total,Pol_Partner_CHN,2.82771598736302,0.15911990654891,3,5,AR1,0.0653582227928087,1374,23,2007-07-01
4,ICEWS,Trade_Exports,Pol_Agg,3.2068226445094,0.0867588734783963,3,2,ZScore,0.0426715761141856,1374,23,2007-07-01
4,ICEWS,Trade_Exports,Pol_Agg,3.58799498025384,0.0532047794313244,4,4,AR1,0.0652464894357036,1374,23,2007-07-01
4,ICEWS,Trade_Exports,Pol_CHN_Partner,2.98577541812343,0.067907426833482,4,2,ZScore,0.0235218359344714,1374,23,2007-07-01
4,ICEWS,Trade_Exports,Pol_CHN_Partner,4.02773733734626,0.0061962525564859,4,2,AR1,0.037251820511268,1374,23,2007-07-01
4,ICEWS,Trade_Exports,Pol_Partner_CHN,3.01126643320967,0.162778000005408,3,5,ZScore,0.056391523209505,1374,23,2007-07-01
4,ICEWS,Trade_Exports,Pol_Partner_CHN,3.17888365394394,0.111815384071058,4,6,AR1,0.0768109343369994,1374,23,2007-07-01
4,ICEWS,Trade_Imports,Pol_Agg,2.92682189088481,0.292975409817694,0,0,ZScore,0.0329602924884334,1374,23,2007-07-01
4,ICEWS,Trade_Imports,Pol_Agg,2.60811985928671,0.260611149116205,0,0,AR1,0.0337309047120429,1374,23,2007-07-01
4,ICEWS,Trade_Imports,Pol_CHN_Partner,2.98739481595781,0.220143862878663,4,0,ZScore,0.0227775067222584,1374,23,2007-07-01
4,ICEWS,Trade_Imports,Pol_CHN_Partner,2.83932004171172,0.166621141258787,4,0,AR1,0.0238108337577428,1374,23,2007-07-01
4,ICEWS,Trade_Imports,Pol_Partner_CHN,2.44518014710529,0.319515081541247,0,1,ZScore,0.0438097116051901,1374,23,2007-07-01
4,ICEWS,Trade_Imports,Pol_Partner_CHN,2.18873253208092,0.246740765709129,0,1,AR1,0.0537883572947194,1374,23,2007-07-01
4,Phoenix,Trade_Total,Pol_Agg,2.97732244026922,0.298340187238284,0,0,ZScore,0.0169139303729843,1374,23,2007-07-01
4,Phoenix,Trade_Total,Pol_Agg,2.73161348664252,0.140263804632912,2,0,AR1,0.0151868632315102,1374,23,2007-07-01
4,Phoenix,Trade_Total,Pol_CHN_Partner,3.04242621003415,0.170468317351151,6,0,ZScore,0.0141429307870738,1374,23,2007-07-01
4,Phoenix,Trade_Total,Pol_CHN_Partner,2.96941302314934,0.118282002118023,5,0,AR1,0.0120570254412576,1374,23,2007-07-01
4,Phoenix,Trade_Total,Pol_Partner_CHN,1.95307767630221,0.481774928909005,0,0,ZScore,0.0121416802065217,1374,23,2007-07-01
4,Phoenix,Trade_Total,Pol_Partner_CHN,3.04013172062362,0.363879412807671,0,0,AR1,0.0130860418688498,1374,23,2007-07-01
4,Phoenix,Trade_Exports,Pol_Agg,1.74184541149384,0.334468188328018,0,0,ZScore,0.0104657441429377,1374,23,2007-07-01
4,Phoenix,Trade_Exports,Pol_Agg,4.08113083960121,0.0620139031284533,6,0,AR1,0.0164489116066961,1374,23,2007-07-01
4,Phoenix,Trade_Exports,Pol_CHN_Partner,2.60761139332412,0.228220436028861,0,0,ZScore,0.0127736476690897,1374,23,2007-07-01
4,Phoenix,Trade_Exports,Pol_CHN_Partner,3.78689977016177,0.198934733231167,5,0,AR1,0.0162520225595525,1374,23,2007-07-01
4,Phoenix,Trade_Exports,Pol_Partner_CHN,2.37829169883061,0.284138141702561,0,2,ZScore,0.0225410566168301,1374,23,2007-07-01
4,Phoenix,Trade_Exports,Pol_Partner_CHN,3.72886501493052,0.104354336007191,6,1,AR1,0.0370196256964047,1374,23,2007-07-01
4,Phoenix,Trade_Imports,Pol_Agg,3.11648287827745,0.160198902594984,2,0,ZScore,0.032452542314257,1374,23,2007-07-01
4,Phoenix,Trade_Imports,Pol_Agg,3.43535110801305,0.0482769244878324,2,0,AR1,0.0448881750509182,1374,23,2007-07-01
4,Phoenix,Trade_Imports,Pol_CHN_Partner,2.249304789067,0.295118816829012,0,0,ZScore,0.0203940989175367,1374,23,2007-07-01
4,Phoenix,Trade_Imports,Pol_CHN_Partner,2.42484378467983,0.255324235936126,1,0,AR1,0.0189540954887208,1374,23,2007-07-01
4,Phoenix,Trade_Imports,Pol_Partner_CHN,2.64957529617169,0.180722475785198,2,1,ZScore,0.0263468197538367,1374,23,2007-07-01
4,Phoenix,Trade_Imports,Pol_Partner_CHN,2.94542971862251,0.192266381496903,2,0,AR1,0.030530184310936,1374,23,2007-07-01
4,Tsinghua,Trade_Total,Pol_Agg,2.93536545959051,0.21453295215379,5,0,ZScore,0.0157336014047705,660,11,2007-07-01
4,Tsinghua,Trade_Total,Pol_Agg,2.93536545959051,0.21453295215379,5,0,AR1,0.0157336014047705,660,11,2007-07-01
4,Tsinghua,Trade_Exports,Pol_Agg,2.06917766496468,0.319274077321877,0,0,ZScore,0.0176148220735877,660,11,2007-07-01
4,Tsinghua,Trade_Exports,Pol_Agg,2.06917766496468,0.319274077321877,0,0,AR1,0.0176148220735877,660,11,2007-07-01
4,Tsinghua,Trade_Imports,Pol_Agg,3.10114686017727,0.0481057834905173,5,0,ZScore,0.0210332793645838,660,11,2007-07-01
4,Tsinghua,Trade_Imports,Pol_Agg,3.10114686017727,0.0481057834905173,5,0,AR1,0.0210332793645838,660,11,2007-07-01
5,GDELT,Trade_Total,Pol_Agg,4.46840423559721,0.0808245619949591,6,1,ZScore,0.0190720472207753,1380,23,2008-07-01
5,GDELT,Trade_Total,Pol_Agg,4.30470652559867,0.0209987910529985,6,1,AR1,0.0246197544413836,1380,23,2008-07-01
5,GDELT,Trade_Total,Pol_CHN_Partner,3.21200303769627,0.243600994748814,6,1,ZScore,0.0274312121756963,1380,23,2008-07-01
5,GDELT,Trade_Total,Pol_CHN_Partner,3.52960765092151,0.172154205599865,6,0,AR1,0.0249678896901759,1380,23,2008-07-01
5,GDELT,Trade_Total,Pol_Partner_CHN,3.81916444213667,0.10823969729799,6,1,ZScore,0.0217787741485743,1380,23,2008-07-01
5,GDELT,Trade_Total,Pol_Partner_CHN,3.17298220583167,0.115941508827063,6,1,AR1,0.0341909725404454,1380,23,2008-07-01
5,GDELT,Trade_Exports,Pol_Agg,4.19248948074154,0.0169107460822453,6,0,ZScore,0.0187649057808977,1380,23,2008-07-01
5,GDELT,Trade_Exports,Pol_Agg,3.57657556741455,0.0537904063265871,3,1,AR1,0.0412241974979509,1380,23,2008-07-01
5,GDELT,Trade_Exports,Pol_CHN_Partner,3.02680694733838,0.264678487480144,6,0,ZScore,0.0210570163894842,1380,23,2008-07-01
5,GDELT,Trade_Exports,Pol_CHN_Partner,3.68006266221148,0.0903277341761963,4,0,AR1,0.0284987647793111,1380,23,2008-07-01
5,GDELT,Trade_Exports,Pol_Partner_CHN,3.09029384353108,0.088948098718562,3,0,ZScore,0.01570157653246,1380,23,2008-07-01
5,GDELT,Trade_Exports,Pol_Partner_CHN,2.87766816563614,0.101107498850222,3,0,AR1,0.0351477925227759,1380,23,2008-07-01
5,GDELT,Trade_Imports,Pol_Agg,3.9164990140023,0.147534642523795,6,1,ZScore,0.0311436317691757,1380,23,2008-07-01
5,GDELT,Trade_Imports,Pol_Agg,3.8509449865285,0.114248684756476,6,1,AR1,0.0242804397626531,1380,23,2008-07-01
5,GDELT,Trade_Imports,Pol_CHN_Partner,3.30032602574808,0.241491225175676,6,1,ZScore,0.0404432656473583,1380,23,2008-07-01
5,GDELT,Trade_Imports,Pol_CHN_Partner,3.15331620318419,0.221127155376873,6,1,AR1,0.0352632884109983,1380,23,2008-07-01
5,GDELT,Trade_Imports,Pol_Partner_CHN,4.30164377697408,0.04943547449931,6,1,ZScore,0.0330780470410587,1380,23,2008-07-01
5,GDELT,Trade_Imports,Pol_Partner_CHN,3.85740425391888,0.0765334255372039,6,1,AR1,0.0297354695135945,1380,23,2008-07-01
5,ICEWS,Trade_Total,Pol_Agg,3.30634019976749,0.12616226585524,6,0,ZScore,0.0137326368314419,1380,23,2008-07-01
5,ICEWS,Trade_Total,Pol_Agg,2.45792108095141,0.143207325966168,2,0,AR1,0.011942495003307,1380,23,2008-07-01
5,ICEWS,Trade_Total,Pol_CHN_Partner,2.83046060944595,0.22338755831642,5,0,ZScore,0.0150111419713193,1380,23,2008-07-01
5,ICEWS,Trade_Total,Pol_CHN_Partner,2.31299015846273,0.206531013963331,2,0,AR1,0.0178892327737123,1380,23,2008-07-01
5,ICEWS,Trade_Total,Pol_Partner_CHN,3.78275772445018,0.136522959176911,6,0,ZScore,0.0133891550512698,1380,23,2008-07-01
5,ICEWS,Trade_Total,Pol_Partner_CHN,3.10399517547344,0.152672324185065,3,0,AR1,0.0110323233227792,1380,23,2008-07-01
5,ICEWS,Trade_Exports,Pol_Agg,3.0364889089557,0.256261519941093,0,0,ZScore,0.0136409971735736,1380,23,2008-07-01
5,ICEWS,Trade_Exports,Pol_Agg,3.02343504902084,0.17344241783336,4,0,AR1,0.0168910301559347,1380,23,2008-07-01
5,ICEWS,Trade_Exports,Pol_CHN_Partner,2.7253870495168,0.332110956456077,0,0,ZScore,0.0150347993557569,1380,23,2008-07-01
5,ICEWS,Trade_Exports,Pol_CHN_Partner,2.18578536567147,0.284262377822717,4,0,AR1,0.01550010263366,1380,23,2008-07-01
5,ICEWS,Trade_Exports,Pol_Partner_CHN,3.77126375116042,0.0786286438470614,6,0,ZScore,0.0187096850911122,1380,23,2008-07-01
5,ICEWS,Trade_Exports,Pol_Partner_CHN,3.66968575963244,0.0660973531464931,4,0,AR1,0.0179999363393293,1380,23,2008-07-01
5,ICEWS,Trade_Imports,Pol_Agg,3.76289164412683,0.0163370185603752,6,0,ZScore,0.025116984862986,1380,23,2008-07-01
5,ICEWS,Trade_Imports,Pol_Agg,3.06223321951252,0.0405324500506012,5,0,AR1,0.0293730173265531,1380,23,2008-07-01
5,ICEWS,Trade_Imports,Pol_CHN_Partner,3.68318272231887,0.0286511780583156,5,0,ZScore,0.0293865859905617,1380,23,2008-07-01
5,ICEWS,Trade_Imports,Pol_CHN_Partner,3.28967716435126,0.0627386042610926,5,0,AR1,0.0349385932324619,1380,23,2008-07-01
5,ICEWS,Trade_Imports,Pol_Partner_CHN,4.26571171117751,0.079275224729842,6,0,ZScore,0.0162857336012465,1380,23,2008-07-01
5,ICEWS,Trade_Imports,Pol_Partner_CHN,3.88613246827371,0.0584477910764817,5,0,AR1,0.0125227427603132,1380,23,2008-07-01
5,Phoenix,Trade_Total,Pol_Agg,3.55274472122329,0.017896746006787,3,0,ZScore,0.0219472476992546,1380,23,2008-07-01
5,Phoenix,Trade_Total,Pol_Agg,2.9474762477628,0.0656524019734858,3,0,AR1,0.0393782925543263,1380,23,2008-07-01
5,Phoenix,Trade_Total,Pol_CHN_Partner,3.6408862564102,0.0995140347773672,4,2,ZScore,0.020174744678726,1380,23,2008-07-01
5,Phoenix,Trade_Total,Pol_CHN_Partner,2.75657775675475,0.139384036174488,3,1,AR1,0.0277427597218789,1380,23,2008-07-01
5,Phoenix,Trade_Total,Pol_Partner_CHN,1.89579021520079,0.356791798651167,0,0,ZScore,0.00917538997559805,1380,23,2008-07-01
5,Phoenix,Trade_Total,Pol_Partner_CHN,2.71662935854676,0.0226450133492353,1,0,AR1,0.0126070978775946,1380,23,2008-07-01
5,Phoenix,Trade_Exports,Pol_Agg,3.05946210472761,0.00447498505045708,1,0,ZScore,0.00571833458863605,1380,23,2008-07-01
5,Phoenix,Trade_Exports,Pol_Agg,2.27428551516876,0.126900273233735,1,0,AR1,0.019972579958455,1380,23,2008-07-01
5,Phoenix,Trade_Exports,Pol_CHN_Partner,2.47215190514046,0.245876881249909,4,1,ZScore,0.0164005172952195,1380,23,2008-07-01
5,Phoenix,Trade_Exports,Pol_CHN_Partner,2.48386120934226,0.1707583278917,4,0,AR1,0.0315772034063581,1380,23,2008-07-01
5,Phoenix,Trade_Exports,Pol_Partner_CHN,2.88745631707531,0.120383780399532,3,0,ZScore,0.02084831670626,1380,23,2008-07-01
5,Phoenix,Trade_Exports,Pol_Partner_CHN,3.82124052861667,0.0449927902303223,4,0,AR1,0.0297109573861821,1380,23,2008-07-01
5,Phoenix,Trade_Imports,Pol_Agg,3.55117328073327,0.0316691047096357,2,0,ZScore,0.0346016865713098,1380,23,2008-07-01
5,Phoenix,Trade_Imports,Pol_Agg,3.00041398294158,0.0723167341324932,2,0,AR1,0.0523751717178109,1380,23,2008-07-01
5,Phoenix,Trade_Imports,Pol_CHN_Partner,3.46361020398503,0.138091670679095,5,0,ZScore,0.0253432845697825,1380,23,2008-07-01
5,Phoenix,Trade_Imports,Pol_CHN_Partner,2.66977434466209,0.184507205425944,3,0,AR1,0.0277736287923707,1380,23,2008-07-01
5,Phoenix,Trade_Imports,Pol_Partner_CHN,3.13293134396537,0.148815537145052,2,0,ZScore,0.0269985518034729,1380,23,2008-07-01
5,Phoenix,Trade_Imports,Pol_Partner_CHN,3.34100678370754,0.064159677217604,2,0,AR1,0.0429689695071706,1380,23,2008-07-01
5,Tsinghua,Trade_Total,Pol_Agg,2.22392065906779,0.229102500037952,0,2,ZScore,0.0412515275568277,660,11,2008-07-01
5,Tsinghua,Trade_Total,Pol_Agg,2.22392065906779,0.229102500037952,0,2,AR1,0.0412515275568277,660,11,2008-07-01
5,Tsinghua,Trade_Exports,Pol_Agg,1.78918071314452,0.311051340496604,0,1,ZScore,0.0503001584015752,660,11,2008-07-01
5,Tsinghua,Trade_Exports,Pol_Agg,1.78918071314452,0.311051340496604,0,1,AR1,0.0503001584015752,660,11,2008-07-01
5,Tsinghua,Trade_Imports,Pol_Agg,3.26197659536772,0.0902019823911306,5,1,ZScore,0.044224980122111,660,11,2008-07-01
5,Tsinghua,Trade_Imports,Pol_Agg,3.26197659536772,0.0902019823911306,5,1,AR1,0.044224980122111,660,11,2008-07-01
6,GDELT,Trade_Total,Pol_Agg,2.1983007027945,0.215864651683812,1,2,ZScore,0.0344938698163126,1380,23,2009-07-01
6,GDELT,Trade_Total,Pol_Agg,2.31222706879409,0.14414949637333,1,2,AR1,0.0444025744515759,1380,23,2009-07-01
6,GDELT,Trade_Total,Pol_CHN_Partner,2.07527494161654,0.264543788138681,0,2,ZScore,0.0369182423164103,1380,23,2009-07-01
6,GDELT,Trade_Total,Pol_CHN_Partner,2.2570122923504,0.179974048234527,1,2,AR1,0.0468112093159858,1380,23,2009-07-01
6,GDELT,Trade_Total,Pol_Partner_CHN,2.50498697469776,0.182446937438629,1,2,ZScore,0.0338891353420071,1380,23,2009-07-01
6,GDELT,Trade_Total,Pol_Partner_CHN,2.49302429926791,0.120495618192188,1,2,AR1,0.0416218192364883,1380,23,2009-07-01
6,GDELT,Trade_Exports,Pol_Agg,3.16902362589377,0.155973937936502,6,0,ZScore,0.0255245356952289,1380,23,2009-07-01
6,GDELT,Trade_Exports,Pol_Agg,3.25868265211786,0.0998462276316991,1,1,AR1,0.0318513475833605,1380,23,2009-07-01
6,GDELT,Trade_Exports,Pol_CHN_Partner,2.77733591197427,0.234809749190028,0,1,ZScore,0.0322641306721142,1380,23,2009-07-01
6,GDELT,Trade_Exports,Pol_CHN_Partner,2.86790629611632,0.166778954154778,1,2,AR1,0.0375545847947743,1380,23,2009-07-01
6,GDELT,Trade_Exports,Pol_Partner_CHN,2.71510249794259,0.187080131756092,1,0,ZScore,0.0213981042879031,1380,23,2009-07-01
6,GDELT,Trade_Exports,Pol_Partner_CHN,2.35916210305965,0.148075346494612,1,0,AR1,0.0216026511696189,1380,23,2009-07-01
6,GDELT,Trade_Imports,Pol_Agg,2.44440905441766,0.176244681487481,3,5,ZScore,0.0755591418670799,1380,23,2009-07-01
6,GDELT,Trade_Imports,Pol_Agg,2.77041901108779,0.114641700770955,3,4,AR1,0.102205501882091,1380,23,2009-07-01
6,GDELT,Trade_Imports,Pol_CHN_Partner,2.21243598937195,0.2170111687813,3,4,ZScore,0.0666178597666782,1380,23,2009-07-01
6,GDELT,Trade_Imports,Pol_CHN_Partner,2.54823022427779,0.149172146167544,3,4,AR1,0.0856066564365399,1380,23,2009-07-01
6,GDELT,Trade_Imports,Pol_Partner_CHN,2.78183909093429,0.142226627544426,3,4,ZScore,0.0720105250133025,1380,23,2009-07-01
6,GDELT,Trade_Imports,Pol_Partner_CHN,2.75665332890573,0.107964075939758,3,3,AR1,0.0838472520218724,1380,23,2009-07-01
6,ICEWS,Trade_Total,Pol_Agg,2.27602445221885,0.186888420196076,3,0,ZScore,0.0207920245341129,1380,23,2009-07-01
6,ICEWS,Trade_Total,Pol_Agg,2.40013060131452,0.127586491016822,3,0,AR1,0.0304234657196445,1380,23,2009-07-01
6,ICEWS,Trade_Total,Pol_CHN_Partner,2.13510199242052,0.29129395926854,0,0,ZScore,0.0232665478694211,1380,23,2009-07-01
6,ICEWS,Trade_Total,Pol_CHN_Partner,2.17683135310113,0.205865998205241,3,0,AR1,0.0315645597992242,1380,23,2009-07-01
6,ICEWS,Trade_Total,Pol_Partner_CHN,2.44955761640373,0.134003223018572,2,0,ZScore,0.0134245487960306,1380,23,2009-07-01
6,ICEWS,Trade_Total,Pol_Partner_CHN,2.9340216337777,0.0922476673467641,4,0,AR1,0.022063631355183,1380,23,2009-07-01
6,ICEWS,Trade_Exports,Pol_Agg,2.32428884891056,0.262175753277176,0,0,ZScore,0.0178457776064878,1380,23,2009-07-01
6,ICEWS,Trade_Exports,Pol_Agg,2.42853170318698,0.194161382938958,2,0,AR1,0.0244214283630042,1380,23,2009-07-01
6,ICEWS,Trade_Exports,Pol_CHN_Partner,2.10509062119803,0.358665022696067,0,0,ZScore,0.0174176284719981,1380,23,2009-07-01
6,ICEWS,Trade_Exports,Pol_CHN_Partner,2.4329930988636,0.246004028061035,0,0,AR1,0.0227725279725171,1380,23,2009-07-01
6,ICEWS,Trade_Exports,Pol_Partner_CHN,2.8965285419481,0.173883519156263,2,0,ZScore,0.0177801391971819,1380,23,2009-07-01
6,ICEWS,Trade_Exports,Pol_Partner_CHN,2.98050127509308,0.135904553490974,2,0,AR1,0.0256769386731625,1380,23,2009-07-01
6,ICEWS,Trade_Imports,Pol_Agg,3.4261469449536,0.0470309436348929,3,2,ZScore,0.0517167596528714,1380,23,2009-07-01
6,ICEWS,Trade_Imports,Pol_Agg,3.50527609928558,0.0352891665704697,3,2,AR1,0.067382133288449,1380,23,2009-07-01
6,ICEWS,Trade_Imports,Pol_CHN_Partner,3.05522707578204,0.14008988252835,3,1,ZScore,0.0556502510778023,1380,23,2009-07-01
6,ICEWS,Trade_Imports,Pol_CHN_Partner,3.19432978648111,0.106499168781905,3,1,AR1,0.0686841111572289,1380,23,2009-07-01
6,ICEWS,Trade_Imports,Pol_Partner_CHN,3.77517100467071,0.039344163876767,4,1,ZScore,0.0314113284783473,1380,23,2009-07-01
6,ICEWS,Trade_Imports,Pol_Partner_CHN,3.92124112211199,0.0193163570812404,4,1,AR1,0.0416497077315314,1380,23,2009-07-01
6,Phoenix,Trade_Total,Pol_Agg,3.07851238404728,0.0585213280784835,3,0,ZScore,0.0147402139843899,1380,23,2009-07-01
6,Phoenix,Trade_Total,Pol_Agg,2.5666549278411,0.0744301371957587,3,0,AR1,0.0290063432298426,1380,23,2009-07-01
6,Phoenix,Trade_Total,Pol_CHN_Partner,3.61335812128173,0.0493254180538598,4,1,ZScore,0.0141373976039376,1380,23,2009-07-01
6,Phoenix,Trade_Total,Pol_CHN_Partner,2.53288065471332,0.177344737820629,4,0,AR1,0.0136811850926582,1380,23,2009-07-01
6,Phoenix,Trade_Total,Pol_Partner_CHN,2.24325858887752,0.0189482608910086,1,1,ZScore,0.011286384601989,1380,23,2009-07-01
6,Phoenix,Trade_Total,Pol_Partner_CHN,2.41914773822216,0.0867308878284612,1,1,AR1,0.0370363017531293,1380,23,2009-07-01
6,Phoenix,Trade_Exports,Pol_Agg,2.42142107574458,0.352756196467255,0,0,ZScore,0.0133004192545013,1380,23,2009-07-01
6,Phoenix,Trade_Exports,Pol_Agg,3.58873113978109,0.205800357248745,6,0,AR1,0.0139868292424914,1380,23,2009-07-01
6,Phoenix,Trade_Exports,Pol_CHN_Partner,3.22515174310901,0.0363686652319318,3,0,ZScore,0.00862227739975579,1380,23,2009-07-01
6,Phoenix,Trade_Exports,Pol_CHN_Partner,3.64978224372284,0.105912541267825,6,0,AR1,0.0130073360289859,1380,23,2009-07-01
6,Phoenix,Trade_Exports,Pol_Partner_CHN,2.9237226101344,0.0492823124556555,1,0,ZScore,0.0132484175049297,1380,23,2009-07-01
6,Phoenix,Trade_Exports,Pol_Partner_CHN,3.55628702852265,0.108578264204157,6,0,AR1,0.022672184233496,1380,23,2009-07-01
6,Phoenix,Trade_Imports,Pol_Agg,2.60292050966448,0.172862339679672,2,1,ZScore,0.038784365841092,1380,23,2009-07-01
6,Phoenix,Trade_Imports,Pol_Agg,2.27824691615648,0.152020094726827,2,3,AR1,0.067818161723129,1380,23,2009-07-01
6,Phoenix,Trade_Imports,Pol_CHN_Partner,3.20331671487778,0.241695542465215,0,0,ZScore,0.0262346564948396,1380,23,2009-07-01
6,Phoenix,Trade_Imports,Pol_CHN_Partner,2.01672458199476,0.285680335443521,0,0,AR1,0.0254095658895823,1380,23,2009-07-01
6,Phoenix,Trade_Imports,Pol_Partner_CHN,3.19764844478015,0.0100288033124927,2,2,ZScore,0.0314248008528487,1380,23,2009-07-01
6,Phoenix,Trade_Imports,Pol_Partner_CHN,3.11612758888504,0.052414837040836,2,4,AR1,0.0871979710253134,1380,23,2009-07-01
6,Tsinghua,Trade_Total,Pol_Agg,2.18261622023839,0.225109161933834,0,1,ZScore,0.0295305062953909,660,11,2009-07-01
6,Tsinghua,Trade_Total,Pol_Agg,2.18261622023839,0.225109161933834,0,1,AR1,0.0295305062953909,660,11,2009-07-01
6,Tsinghua,Trade_Exports,Pol_Agg,1.65404692004182,0.371183098979509,0,1,ZScore,0.0333746182735435,660,11,2009-07-01
6,Tsinghua,Trade_Exports,Pol_Agg,1.65404692004182,0.371183098979509,0,1,AR1,0.0333746182735435,660,11,2009-07-01
6,Tsinghua,Trade_Imports,Pol_Agg,3.5603398665152,0.0379514592301216,4,3,ZScore,0.0649434814550004,660,11,2009-07-01
6,Tsinghua,Trade_Imports,Pol_Agg,3.5603398665152,0.0379514592301216,4,3,AR1,0.0649434814550004,660,11,2009-07-01
7,GDELT,Trade_Total,Pol_Agg,2.53318851204164,0.165119997190837,1,1,ZScore,0.0313132091587167,1380,23,2010-07-01
7,GDELT,Trade_Total,Pol_Agg,2.68131865410282,0.109355161237924,1,2,AR1,0.0466978092610034,1380,23,2010-07-01
7,GDELT,Trade_Total,Pol_CHN_Partner,2.19519895710898,0.259467918360825,1,2,ZScore,0.031374641639017,1380,23,2010-07-01
7,GDELT,Trade_Total,Pol_CHN_Partner,2.44517176782008,0.168585990532172,1,2,AR1,0.0473637526408471,1380,23,2010-07-01
7,GDELT,Trade_Total,Pol_Partner_CHN,2.70075852036742,0.11633040148198,1,1,ZScore,0.032969781522269,1380,23,2010-07-01
7,GDELT,Trade_Total,Pol_Partner_CHN,2.88450693029728,0.0782560769074294,4,4,AR1,0.0518852794960814,1380,23,2010-07-01
7,GDELT,Trade_Exports,Pol_Agg,2.79218108366841,0.149280309373189,1,0,ZScore,0.0144569407105479,1380,23,2010-07-01
7,GDELT,Trade_Exports,Pol_Agg,2.40225689411504,0.121492446089731,1,0,AR1,0.021318698094322,1380,23,2010-07-01
7,GDELT,Trade_Exports,Pol_CHN_Partner,2.63959480908143,0.210792769655991,1,1,ZScore,0.0224058221926167,1380,23,2010-07-01
7,GDELT,Trade_Exports,Pol_CHN_Partner,2.33940414355584,0.164811074344458,1,1,AR1,0.0278296532731879,1380,23,2010-07-01
7,GDELT,Trade_Exports,Pol_Partner_CHN,2.16673999824134,0.220071216546266,1,0,ZScore,0.0136793149354269,1380,23,2010-07-01
7,GDELT,Trade_Exports,Pol_Partner_CHN,2.9184772534054,0.116325798693342,1,0,AR1,0.0323232356650897,1380,23,2010-07-01
7,GDELT,Trade_Imports,Pol_Agg,2.5852231649686,0.182678300039872,3,3,ZScore,0.0577351335508675,1380,23,2010-07-01
7,GDELT,Trade_Imports,Pol_Agg,2.70563855672704,0.13704905833607,5,5,AR1,0.0771013450366583,1380,23,2010-07-01
7,GDELT,Trade_Imports,Pol_CHN_Partner,2.24017891226277,0.272255711070597,0,3,ZScore,0.0519852448593382,1380,23,2010-07-01
7,GDELT,Trade_Imports,Pol_CHN_Partner,2.43066359053591,0.201834573891727,1,3,AR1,0.0720140043219729,1380,23,2010-07-01
7,GDELT,Trade_Imports,Pol_Partner_CHN,2.91089040355262,0.103815459773443,5,3,ZScore,0.0582166805494665,1380,23,2010-07-01
7,GDELT,Trade_Imports,Pol_Partner_CHN,3.0935781777249,0.0818776292099265,5,3,AR1,0.0800700352072578,1380,23,2010-07-01
7,ICEWS,Trade_Total,Pol_Agg,2.75301042676588,0.177404829902182,4,2,ZScore,0.0343600681871667,1380,23,2010-07-01
7,ICEWS,Trade_Total,Pol_Agg,3.01792934118539,0.118334900019904,4,5,AR1,0.0553124882833323,1380,23,2010-07-01
7,ICEWS,Trade_Total,Pol_CHN_Partner,2.54745803307971,0.260427711330303,0,3,ZScore,0.0328232108235906,1380,23,2010-07-01
7,ICEWS,Trade_Total,Pol_CHN_Partner,2.84713613724646,0.162645007957046,4,5,AR1,0.0516389401303312,1380,23,2010-07-01
7,ICEWS,Trade_Total,Pol_Partner_CHN,3.33340773468512,0.019107720973709,4,0,ZScore,0.0197209687239407,1380,23,2010-07-01
7,ICEWS,Trade_Total,Pol_Partner_CHN,3.40039675660742,0.0358386429295246,4,2,AR1,0.0272926576030048,1380,23,2010-07-01
7,ICEWS,Trade_Exports,Pol_Agg,2.57042809165767,0.252022197863303,0,1,ZScore,0.0242759522334646,1380,23,2010-07-01
7,ICEWS,Trade_Exports,Pol_Agg,2.59956358097164,0.174120653446657,3,2,AR1,0.0387934644125928,1380,23,2010-07-01
7,ICEWS,Trade_Exports,Pol_CHN_Partner,2.11851897359818,0.309722373276677,0,1,ZScore,0.0211841953357105,1380,23,2010-07-01
7,ICEWS,Trade_Exports,Pol_CHN_Partner,2.60534474522004,0.200951033485566,3,1,AR1,0.0314955723477983,1380,23,2010-07-01
7,ICEWS,Trade_Exports,Pol_Partner_CHN,3.38599685069913,0.164326825926833,5,0,ZScore,0.0140893267535062,1380,23,2010-07-01
7,ICEWS,Trade_Exports,Pol_Partner_CHN,3.11436573139614,0.128342580290384,5,0,AR1,0.02131916132825,1380,23,2010-07-01
7,ICEWS,Trade_Imports,Pol_Agg,3.26303316422619,0.086069782228969,4,3,ZScore,0.0582251229135789,1380,23,2010-07-01
7,ICEWS,Trade_Imports,Pol_Agg,3.42756424325062,0.0663849490726431,4,4,AR1,0.0842424672982329,1380,23,2010-07-01
7,ICEWS,Trade_Imports,Pol_CHN_Partner,3.14608228378949,0.170686160379473,4,3,ZScore,0.0590438380824337,1380,23,2010-07-01
7,ICEWS,Trade_Imports,Pol_CHN_Partner,3.23198431681555,0.127804794857538,4,4,AR1,0.079805480772444,1380,23,2010-07-01
7,ICEWS,Trade_Imports,Pol_Partner_CHN,3.26228499721178,0.0724072407131977,4,2,ZScore,0.0330644358023259,1380,23,2010-07-01
7,ICEWS,Trade_Imports,Pol_Partner_CHN,3.65774412225901,0.0316321962921516,4,3,AR1,0.0461003982697913,1380,23,2010-07-01
7,Phoenix,Trade_Total,Pol_Agg,2.78456576565316,0.0789597070226289,4,0,ZScore,0.0102354973957545,1380,23,2010-07-01
7,Phoenix,Trade_Total,Pol_Agg,3.27292071258553,0.00238438655277206,4,0,AR1,0.00902154907872138,1380,23,2010-07-01
7,Phoenix,Trade_Total,Pol_CHN_Partner,3.08317164940797,0.0666884330859021,4,1,ZScore,0.018874592723596,1380,23,2010-07-01
7,Phoenix,Trade_Total,Pol_CHN_Partner,2.73845766865587,0.102362594250279,1,0,AR1,0.0177612214748474,1380,23,2010-07-01
7,Phoenix,Trade_Total,Pol_Partner_CHN,3.44267157513449,0.101900898748487,6,0,ZScore,0.0164671278627587,1380,23,2010-07-01
7,Phoenix,Trade_Total,Pol_Partner_CHN,2.89559818531517,0.105006062919604,2,1,AR1,0.0329240221263624,1380,23,2010-07-01
7,Phoenix,Trade_Exports,Pol_Agg,2.91973738155485,0.0976861338785345,2,1,ZScore,0.0161968814123644,1380,23,2010-07-01
7,Phoenix,Trade_Exports,Pol_Agg,3.30880233216128,0.0558010203486532,2,0,AR1,0.0286414723241708,1380,23,2010-07-01
7,Phoenix,Trade_Exports,Pol_CHN_Partner,2.85466436564645,0.058681882751432,2,0,ZScore,0.0196142054957196,1380,23,2010-07-01
7,Phoenix,Trade_Exports,Pol_CHN_Partner,2.89431790251064,0.0550939281384101,2,0,AR1,0.0169869027375382,1380,23,2010-07-01
7,Phoenix,Trade_Exports,Pol_Partner_CHN,3.39965055841816,0.190655618511539,6,0,ZScore,0.0149530638462073,1380,23,2010-07-01
7,Phoenix,Trade_Exports,Pol_Partner_CHN,3.39379986329767,0.193722812581912,6,0,AR1,0.0224069243541335,1380,23,2010-07-01
7,Phoenix,Trade_Imports,Pol_Agg,3.07339581899374,0.119882701451503,2,0,ZScore,0.0183908067150816,1380,23,2010-07-01
7,Phoenix,Trade_Imports,Pol_Agg,2.86453377809579,0.134826147122359,4,0,AR1,0.0272904624225981,1380,23,2010-07-01
7,Phoenix,Trade_Imports,Pol_CHN_Partner,2.78918474518194,0.179103625452863,6,0,ZScore,0.024728458018783,1380,23,2010-07-01
7,Phoenix,Trade_Imports,Pol_CHN_Partner,2.38056759718372,0.306796753890526,0,0,AR1,0.0183661788795592,1380,23,2010-07-01
7,Phoenix,Trade_Imports,Pol_Partner_CHN,2.93926905699705,0.041202156955569,2,2,ZScore,0.0287307956119239,1380,23,2010-07-01
7,Phoenix,Trade_Imports,Pol_Partner_CHN,3.23085886645179,0.0391057708475047,2,4,AR1,0.0629430578697688,1380,23,2010-07-01
7,Tsinghua,Trade_Total,Pol_Agg,3.0605888085181,0.100642492632297,3,1,ZScore,0.0254417831490427,660,11,2010-07-01
7,Tsinghua,Trade_Total,Pol_Agg,3.0605888085181,0.100642492632297,3,1,AR1,0.0254417831490427,660,11,2010-07-01
7,Tsinghua,Trade_Exports,Pol_Agg,2.91212587422976,0.135505698046709,6,0,ZScore,0.0220624789343669,660,11,2010-07-01
7,Tsinghua,Trade_Exports,Pol_Agg,2.91212587422976,0.135505698046709,6,0,AR1,0.0220624789343669,660,11,2010-07-01
7,Tsinghua,Trade_Imports,Pol_Agg,3.12438730547864,0.042158960885528,3,2,ZScore,0.0439015665720286,660,11,2010-07-01
7,Tsinghua,Trade_Imports,Pol_Agg,3.12438730547864,0.042158960885528,3,2,AR1,0.0439015665720286,660,11,2010-07-01
8,GDELT,Trade_Total,Pol_Agg,3.34401543629392,0.104293833248953,6,1,ZScore,0.0224374658431344,1380,23,2011-07-01
8,GDELT,Trade_Total,Pol_Agg,3.08318753266108,0.0811817400124026,1,0,AR1,0.0298332315130021,1380,23,2011-07-01
8,GDELT,Trade_Total,Pol_CHN_Partner,3.1435909088489,0.148841026319295,6,2,ZScore,0.0187114250307196,1380,23,2011-07-01
8,GDELT,Trade_Total,Pol_CHN_Partner,3.24940240075693,0.104423415999967,1,1,AR1,0.0184947604171769,1380,23,2011-07-01
8,GDELT,Trade_Total,Pol_Partner_CHN,3.08682086685299,0.11070183211673,6,1,ZScore,0.0261840185836945,1380,23,2011-07-01
8,GDELT,Trade_Total,Pol_Partner_CHN,2.79667770043934,0.0903195182226857,2,0,AR1,0.0384855697772934,1380,23,2011-07-01
8,GDELT,Trade_Exports,Pol_Agg,4.03395825808561,0.119971755084649,6,3,ZScore,0.0364608158245533,1380,23,2011-07-01
8,GDELT,Trade_Exports,Pol_Agg,3.91340055222305,0.100476699480227,6,1,AR1,0.034096851864947,1380,23,2011-07-01
8,GDELT,Trade_Exports,Pol_CHN_Partner,3.70845389006315,0.12012772122398,6,2,ZScore,0.0391524176239113,1380,23,2011-07-01
8,GDELT,Trade_Exports,Pol_CHN_Partner,3.42746390501365,0.111930347654147,6,3,AR1,0.0488094439382589,1380,23,2011-07-01
8,GDELT,Trade_Exports,Pol_Partner_CHN,4.19724187974061,0.0382648805884532,6,2,ZScore,0.026014185331501,1380,23,2011-07-01
8,GDELT,Trade_Exports,Pol_Partner_CHN,4.02650541698923,0.00276911586190079,6,0,AR1,0.018302462728774,1380,23,2011-07-01
8,GDELT,Trade_Imports,Pol_Agg,2.55486317552969,0.213580987812979,0,2,ZScore,0.0561059027994402,1380,23,2011-07-01
8,GDELT,Trade_Imports,Pol_Agg,2.70245462190556,0.153059780464112,5,4,AR1,0.0800096673764403,1380,23,2011-07-01
8,GDELT,Trade_Imports,Pol_CHN_Partner,2.38012181314442,0.250233436210113,0,2,ZScore,0.0512566834303789,1380,23,2011-07-01
8,GDELT,Trade_Imports,Pol_CHN_Partner,2.52063722877393,0.184339727510057,1,2,AR1,0.0708042011483355,1380,23,2011-07-01
8,GDELT,Trade_Imports,Pol_Partner_CHN,2.72581990606178,0.168348923362808,5,3,ZScore,0.0563723810509811,1380,23,2011-07-01
8,GDELT,Trade_Imports,Pol_Partner_CHN,2.73366464124888,0.133833431492164,5,5,AR1,0.0789114891300279,1380,23,2011-07-01
8,ICEWS,Trade_Total,Pol_Agg,3.03136943472605,0.105277131419218,4,1,ZScore,0.0183421729486574,1380,23,2011-07-01
8,ICEWS,Trade_Total,Pol_Agg,3.39746799407002,0.0662104249122686,4,2,AR1,0.0262496660812805,1380,23,2011-07-01
8,ICEWS,Trade_Total,Pol_CHN_Partner,2.44175248380973,0.310985111824512,0,1,ZScore,0.0142513288735132,1380,23,2011-07-01
8,ICEWS,Trade_Total,Pol_CHN_Partner,2.87217250284722,0.168292251133273,4,0,AR1,0.0234925032730809,1380,23,2011-07-01
8,ICEWS,Trade_Total,Pol_Partner_CHN,3.49713531752258,0.0114304992524583,4,1,ZScore,0.0179027253778755,1380,23,2011-07-01
8,ICEWS,Trade_Total,Pol_Partner_CHN,3.32051872987336,0.0329111573866597,4,1,AR1,0.0219709884801218,1380,23,2011-07-01
8,ICEWS,Trade_Exports,Pol_Agg,4.01682075440712,0.045861266842459,6,1,ZScore,0.0144646564756498,1380,23,2011-07-01
8,ICEWS,Trade_Exports,Pol_Agg,3.86227373137508,0.0506911845280263,6,1,AR1,0.0151353093197602,1380,23,2011-07-01
8,ICEWS,Trade_Exports,Pol_CHN_Partner,3.60170834016813,0.0368510802377208,5,1,ZScore,0.0210950356554539,1380,23,2011-07-01
8,ICEWS,Trade_Exports,Pol_CHN_Partner,3.75100192463636,0.0348922367793239,5,2,AR1,0.0226996467022784,1380,23,2011-07-01
8,ICEWS,Trade_Exports,Pol_Partner_CHN,4.20343138183993,0.0147892901749086,6,1,ZScore,0.0124080558554867,1380,23,2011-07-01
8,ICEWS,Trade_Exports,Pol_Partner_CHN,3.71281819230142,0.0595585601385526,6,1,AR1,0.0116824095573245,1380,23,2011-07-01
8,ICEWS,Trade_Imports,Pol_Agg,3.60002490405869,0.0742042835378313,4,4,ZScore,0.0485401411012035,1380,23,2011-07-01
8,ICEWS,Trade_Imports,Pol_Agg,3.79933334714452,0.047480967533261,4,4,AR1,0.067860806008558,1380,23,2011-07-01
8,ICEWS,Trade_Imports,Pol_CHN_Partner,3.05769617225409,0.167207182177438,4,2,ZScore,0.051076963156852,1380,23,2011-07-01
8,ICEWS,Trade_Imports,Pol_CHN_Partner,3.3166057277787,0.105456531448201,4,4,AR1,0.0721778756825016,1380,23,2011-07-01
8,ICEWS,Trade_Imports,Pol_Partner_CHN,3.56432193351378,0.00984611160179387,4,3,ZScore,0.0323799058847517,1380,23,2011-07-01
8,ICEWS,Trade_Imports,Pol_Partner_CHN,3.8992007043458,0.0192830588481732,4,4,AR1,0.0480178157890439,1380,23,2011-07-01
8,Phoenix,Trade_Total,Pol_Agg,4.02479696021938,0.038688633275948,6,0,ZScore,0.00756353265675478,1380,23,2011-07-01
8,Phoenix,Trade_Total,Pol_Agg,4.0376271329392,0.0206056883751485,6,0,AR1,0.00982645330767794,1380,23,2011-07-01
8,Phoenix,Trade_Total,Pol_CHN_Partner,2.94050133308055,0.193155757492363,5,0,ZScore,0.0124225384049228,1380,23,2011-07-01
8,Phoenix,Trade_Total,Pol_CHN_Partner,2.88725052897329,0.126605401252473,5,0,AR1,0.0117425060811743,1380,23,2011-07-01
8,Phoenix,Trade_Total,Pol_Partner_CHN,4.0927783907412,0.0300118577086287,6,0,ZScore,0.0168659919752985,1380,23,2011-07-01
8,Phoenix,Trade_Total,Pol_Partner_CHN,3.65077714950378,0.0464594671549722,3,0,AR1,0.0235016799939029,1380,23,2011-07-01
8,Phoenix,Trade_Exports,Pol_Agg,3.10912592922217,0.262525871415061,6,0,ZScore,0.0185111353567101,1380,23,2011-07-01
8,Phoenix,Trade_Exports,Pol_Agg,3.33756930923849,0.268951145947859,6,0,AR1,0.0158194670938571,1380,23,2011-07-01
8,Phoenix,Trade_Exports,Pol_CHN_Partner,2.97666601317227,0.221495921280735,6,0,ZScore,0.0124032671723022,1380,23,2011-07-01
8,Phoenix,Trade_Exports,Pol_CHN_Partner,2.91815116777069,0.186476393216424,2,0,AR1,0.0223518308837723,1380,23,2011-07-01
8,Phoenix,Trade_Exports,Pol_Partner_CHN,4.44680939325714,0.00549679376597815,6,1,ZScore,0.0188170274554951,1380,23,2011-07-01
8,Phoenix,Trade_Exports,Pol_Partner_CHN,4.45579790967439,0.0510079742833817,6,1,AR1,0.0222942048786742,1380,23,2011-07-01
8,Phoenix,Trade_Imports,Pol_Agg,1.62532101867848,0.449296501687818,0,1,ZScore,0.0179662208096079,1380,23,2011-07-01
8,Phoenix,Trade_Imports,Pol_Agg,2.31419293897091,0.443315831159833,0,1,AR1,0.0168476687998424,1380,23,2011-07-01
8,Phoenix,Trade_Imports,Pol_CHN_Partner,2.34724094469369,0.341169785108278,0,1,ZScore,0.0312317824067491,1380,23,2011-07-01
8,Phoenix,Trade_Imports,Pol_CHN_Partner,2.02707757792442,0.441352359483885,0,1,AR1,0.0225398524109077,1380,23,2011-07-01
8,Phoenix,Trade_Imports,Pol_Partner_CHN,3.2470740527021,0.0917253828242022,5,0,ZScore,0.0246913341889227,1380,23,2011-07-01
8,Phoenix,Trade_Imports,Pol_Partner_CHN,3.40765057811437,0.0529131562010872,5,0,AR1,0.0445014010712143,1380,23,2011-07-01
8,Tsinghua,Trade_Total,Pol_Agg,3.37761752573888,0.108673644122896,3,1,ZScore,0.023336782272608,660,11,2011-07-01
8,Tsinghua,Trade_Total,Pol_Agg,3.37761752573888,0.108673644122896,3,1,AR1,0.023336782272608,660,11,2011-07-01
8,Tsinghua,Trade_Exports,Pol_Agg,4.07691313233782,0.0850639254678098,6,1,ZScore,0.0342294828975353,660,11,2011-07-01
8,Tsinghua,Trade_Exports,Pol_Agg,4.07691313233782,0.0850639254678098,6,1,AR1,0.0342294828975353,660,11,2011-07-01
8,Tsinghua,Trade_Imports,Pol_Agg,3.49241530250123,0.0592264676988022,4,2,ZScore,0.0420527047149696,660,11,2011-07-01
8,Tsinghua,Trade_Imports,Pol_Agg,3.49241530250123,0.0592264676988022,4,2,AR1,0.0420527047149696,660,11,2011-07-01
9,GDELT,Trade_Total,Pol_Agg,3.984477577599,0.177052450690918,6,0,ZScore,0.0106513874258339,1380,23,2012-07-01
9,GDELT,Trade_Total,Pol_Agg,3.72882060194566,0.117255701273791,6,0,AR1,0.0106947457093093,1380,23,2012-07-01
9,GDELT,Trade_Total,Pol_CHN_Partner,4.12220294752658,0.12903560123269,6,1,ZScore,0.018117235631406,1380,23,2012-07-01
9,GDELT,Trade_Total,Pol_CHN_Partner,4.02283179398706,0.0829415569849978,6,1,AR1,0.026033989056376,1380,23,2012-07-01
9,GDELT,Trade_Total,Pol_Partner_CHN,3.41511319965838,0.0245559067023199,6,0,ZScore,0.0127354400060443,1380,23,2012-07-01
9,GDELT,Trade_Total,Pol_Partner_CHN,2.91229587861846,0.0518363702815935,2,0,AR1,0.0225767226068478,1380,23,2012-07-01
9,GDELT,Trade_Exports,Pol_Agg,3.49667674167283,0.145841218375356,6,3,ZScore,0.0577467027017779,1380,23,2012-07-01
9,GDELT,Trade_Exports,Pol_Agg,3.58029824032165,0.0956601228757195,6,3,AR1,0.0704899570780699,1380,23,2012-07-01
9,GDELT,Trade_Exports,Pol_CHN_Partner,3.33768764166421,0.146312647380854,6,5,ZScore,0.0659738920466247,1380,23,2012-07-01
9,GDELT,Trade_Exports,Pol_CHN_Partner,3.41837786574874,0.0965541879107386,4,6,AR1,0.0936377484433041,1380,23,2012-07-01
9,GDELT,Trade_Exports,Pol_Partner_CHN,3.7719893050858,0.0846915617951209,6,2,ZScore,0.0427550726141281,1380,23,2012-07-01
9,GDELT,Trade_Exports,Pol_Partner_CHN,3.89762667631544,0.0495699516811787,6,3,AR1,0.0465198647592862,1380,23,2012-07-01
9,GDELT,Trade_Imports,Pol_Agg,2.99425786407368,0.169478305690606,5,3,ZScore,0.0539707390893894,1380,23,2012-07-01
9,GDELT,Trade_Imports,Pol_Agg,3.23655564984422,0.108553260573601,5,4,AR1,0.0815642419100315,1380,23,2012-07-01
9,GDELT,Trade_Imports,Pol_CHN_Partner,2.5537448960265,0.219776801324167,0,1,ZScore,0.044009224296956,1380,23,2012-07-01
9,GDELT,Trade_Imports,Pol_CHN_Partner,2.81508388993789,0.152654377167801,5,1,AR1,0.0625458511834341,1380,23,2012-07-01
9,GDELT,Trade_Imports,Pol_Partner_CHN,3.12973996532681,0.125784887434205,5,4,ZScore,0.0584469343440137,1380,23,2012-07-01
9,GDELT,Trade_Imports,Pol_Partner_CHN,3.32115153571447,0.0871658142851251,5,5,AR1,0.0903007257925562,1380,23,2012-07-01
9,ICEWS,Trade_Total,Pol_Agg,3.11060143879254,0.0848937636111299,1,0,ZScore,0.0105298060118357,1380,23,2012-07-01
9,ICEWS,Trade_Total,Pol_Agg,3.18184680815861,0.0552411450530013,4,0,AR1,0.0109684994085306,1380,23,2012-07-01
9,ICEWS,Trade_Total,Pol_CHN_Partner,3.30758348481695,0.0295651401711365,5,0,ZScore,0.0116167914139102,1380,23,2012-07-01
9,ICEWS,Trade_Total,Pol_CHN_Partner,3.38051873652175,0.0263194552746581,2,0,AR1,0.0132353005401211,1380,23,2012-07-01
9,ICEWS,Trade_Total,Pol_Partner_CHN,3.23290748477648,0.0625423239693261,2,0,ZScore,0.00873545769711739,1380,23,2012-07-01
9,ICEWS,Trade_Total,Pol_Partner_CHN,3.02183134466047,0.13177846592017,6,0,AR1,0.0104834559173031,1380,23,2012-07-01
9,ICEWS,Trade_Exports,Pol_Agg,3.0211756261899,0.161304638420026,1,1,ZScore,0.0354147687826052,1380,23,2012-07-01
9,ICEWS,Trade_Exports,Pol_Agg,3.25667511749926,0.107664981465459,6,2,AR1,0.0464367949757056,1380,23,2012-07-01
9,ICEWS,Trade_Exports,Pol_CHN_Partner,3.14243947503082,0.144580190665421,5,2,ZScore,0.0471218247822674,1380,23,2012-07-01
9,ICEWS,Trade_Exports,Pol_CHN_Partner,3.30905680128846,0.0923755135995496,5,4,AR1,0.0702366222485826,1380,23,2012-07-01
9,ICEWS,Trade_Exports,Pol_Partner_CHN,3.04301881937148,0.146667657456599,4,0,ZScore,0.0257504915357619,1380,23,2012-07-01
9,ICEWS,Trade_Exports,Pol_Partner_CHN,3.31406329794323,0.0919278257574316,4,3,AR1,0.0433946260171128,1380,23,2012-07-01
9,ICEWS,Trade_Imports,Pol_Agg,3.17530218081754,0.125553085202065,4,2,ZScore,0.0434580765901289,1380,23,2012-07-01
9,ICEWS,Trade_Imports,Pol_Agg,3.45814542166365,0.0815088370635927,4,3,AR1,0.0625298712990164,1380,23,2012-07-01
9,ICEWS,Trade_Imports,Pol_CHN_Partner,3.07532184288722,0.179096810929667,4,1,ZScore,0.0418503077838426,1380,23,2012-07-01
9,ICEWS,Trade_Imports,Pol_CHN_Partner,3.30144744455332,0.114793562240663,4,1,AR1,0.0604680314070878,1380,23,2012-07-01
9,ICEWS,Trade_Imports,Pol_Partner_CHN,2.92414381224577,0.0984356036682724,4,2,ZScore,0.0391788121561609,1380,23,2012-07-01
9,ICEWS,Trade_Imports,Pol_Partner_CHN,3.41738603891115,0.0473740361417067,4,3,AR1,0.0467528920309967,1380,23,2012-07-01
9,Phoenix,Trade_Total,Pol_Agg,3.49759022067539,0.14328997786317,6,0,ZScore,0.0218878939215397,1380,23,2012-07-01
9,Phoenix,Trade_Total,Pol_Agg,3.35513305837918,0.101789707613403,6,0,AR1,0.029601611237119,1380,23,2012-07-01
9,Phoenix,Trade_Total,Pol_CHN_Partner,3.32787441102639,0.0455749537407406,6,0,ZScore,0.0203156563319253,1380,23,2012-07-01
9,Phoenix,Trade_Total,Pol_CHN_Partner,3.22831248679471,0.0417217976194424,3,0,AR1,0.0259573262555478,1380,23,2012-07-01
9,Phoenix,Trade_Total,Pol_Partner_CHN,4.38047727873861,0.0627939860533896,6,0,ZScore,0.0170545304515569,1380,23,2012-07-01
9,Phoenix,Trade_Total,Pol_Partner_CHN,4.05807635981545,0.0793101747799208,6,0,AR1,0.0205067926874586,1380,23,2012-07-01
9,Phoenix,Trade_Exports,Pol_Agg,2.79694346939611,0.265688235704155,0,1,ZScore,0.0369138625989299,1380,23,2012-07-01
9,Phoenix,Trade_Exports,Pol_Agg,2.883202891076,0.182807555243149,0,0,AR1,0.0498416907233024,1380,23,2012-07-01
9,Phoenix,Trade_Exports,Pol_CHN_Partner,2.6641457398805,0.256008427023764,0,1,ZScore,0.0353165505963292,1380,23,2012-07-01
9,Phoenix,Trade_Exports,Pol_CHN_Partner,2.77527973391587,0.174362683723946,2,2,AR1,0.0471738012221665,1380,23,2012-07-01
9,Phoenix,Trade_Exports,Pol_Partner_CHN,3.82739096594402,0.120476991879074,6,1,ZScore,0.032862348806703,1380,23,2012-07-01
9,Phoenix,Trade_Exports,Pol_Partner_CHN,3.76863100942579,0.0791749724238671,6,1,AR1,0.0614265432578083,1380,23,2012-07-01
9,Phoenix,Trade_Imports,Pol_Agg,2.73000593793776,0.401708763790743,0,0,ZScore,0.0185561247603122,1380,23,2012-07-01
9,Phoenix,Trade_Imports,Pol_Agg,2.88437129126999,0.359594623971319,0,0,AR1,0.0200285907959686,1380,23,2012-07-01
9,Phoenix,Trade_Imports,Pol_CHN_Partner,2.10514145119474,0.38521079779816,0,1,ZScore,0.0259378801272285,1380,23,2012-07-01
9,Phoenix,Trade_Imports,Pol_CHN_Partner,2.388164888595,0.39081030837783,0,0,AR1,0.0230765425359158,1380,23,2012-07-01
9,Phoenix,Trade_Imports,Pol_Partner_CHN,3.26014518576414,0.132789357084234,5,0,ZScore,0.0209944120905794,1380,23,2012-07-01
9,Phoenix,Trade_Imports,Pol_Partner_CHN,3.2137217375625,0.0884934793500795,5,0,AR1,0.0338456468496685,1380,23,2012-07-01
9,Tsinghua,Trade_Total,Pol_Agg,4.7182237364665,0.0487725235012106,6,1,ZScore,0.0226144970463931,660,11,2012-07-01
9,Tsinghua,Trade_Total,Pol_Agg,4.7182237364665,0.0487725235012106,6,1,AR1,0.0226144970463931,660,11,2012-07-01
9,Tsinghua,Trade_Exports,Pol_Agg,4.76206950808481,0.015093557590599,6,2,ZScore,0.0424766902543192,660,11,2012-07-01
9,Tsinghua,Trade_Exports,Pol_Agg,4.76206950808481,0.015093557590599,6,2,AR1,0.0424766902543192,660,11,2012-07-01
9,Tsinghua,Trade_Imports,Pol_Agg,2.99389811857757,0.0682701058954245,4,1,ZScore,0.036302071576075,660,11,2012-07-01
9,Tsinghua,Trade_Imports,Pol_Agg,2.99389811857757,0.0682701058954245,4,1,AR1,0.036302071576075,660,11,2012-07-01
10,GDELT,Trade_Total,Pol_Agg,4.66303558187502,0.0180865051899278,6,0,ZScore,0.00796744923766644,1386,24,2013-07-01
10,GDELT,Trade_Total,Pol_Agg,3.80744624710073,0.0610180751157803,5,0,AR1,0.011658032961518,1386,24,2013-07-01
10,GDELT,Trade_Total,Pol_CHN_Partner,4.29723335599015,0.0631393279871528,6,0,ZScore,0.0163925242754875,1386,24,2013-07-01
10,GDELT,Trade_Total,Pol_CHN_Partner,4.22773738521248,0.022105953508276,6,0,AR1,0.0163034233786786,1386,24,2013-07-01
10,GDELT,Trade_Total,Pol_Partner_CHN,3.33257788056177,0.157963041124424,2,0,ZScore,0.0133026660057831,1386,24,2013-07-01
10,GDELT,Trade_Total,Pol_Partner_CHN,3.01000532784013,0.119656114608204,5,0,AR1,0.0255661500962064,1386,24,2013-07-01
10,GDELT,Trade_Exports,Pol_Agg,3.24377216626883,0.132807020762862,6,2,ZScore,0.0442248834906865,1386,24,2013-07-01
10,GDELT,Trade_Exports,Pol_Agg,3.41904352710298,0.0824246264677288,6,3,AR1,0.0638097141463349,1386,24,2013-07-01
10,GDELT,Trade_Exports,Pol_CHN_Partner,3.07256906181578,0.141611329122829,4,2,ZScore,0.0534718416874009,1386,24,2013-07-01
10,GDELT,Trade_Exports,Pol_CHN_Partner,3.31440655957091,0.0879968942217739,4,6,AR1,0.0891686889705106,1386,24,2013-07-01
10,GDELT,Trade_Exports,Pol_Partner_CHN,3.38041043232408,0.0730567302607668,6,0,ZScore,0.0312381435779342,1386,24,2013-07-01
10,GDELT,Trade_Exports,Pol_Partner_CHN,3.62736739765144,0.0329601089221471,6,1,AR1,0.0412857446240634,1386,24,2013-07-01
10,GDELT,Trade_Imports,Pol_Agg,2.70556071081031,0.210930534296654,0,3,ZScore,0.0562148359950889,1386,24,2013-07-01
10,GDELT,Trade_Imports,Pol_Agg,3.2169826614426,0.115911632859917,5,5,AR1,0.104721108312668,1386,24,2013-07-01
10,GDELT,Trade_Imports,Pol_CHN_Partner,2.41098657197444,0.231981114727958,0,1,ZScore,0.0458351123632183,1386,24,2013-07-01
10,GDELT,Trade_Imports,Pol_CHN_Partner,2.86244286308374,0.134864316440038,4,2,AR1,0.088781631947703,1386,24,2013-07-01
10,GDELT,Trade_Imports,Pol_Partner_CHN,2.88620843823027,0.186925801629147,5,3,ZScore,0.0633262698080161,1386,24,2013-07-01
10,GDELT,Trade_Imports,Pol_Partner_CHN,3.27192293673498,0.111291645625789,5,5,AR1,0.108156835559875,1386,24,2013-07-01
10,ICEWS,Trade_Total,Pol_Agg,3.76104736892831,0.000231768717954591,1,0,ZScore,0.00917288900840516,1386,24,2013-07-01
10,ICEWS,Trade_Total,Pol_Agg,3.8983705779469,0.0185532472769463,6,0,AR1,0.0116684027449175,1386,24,2013-07-01
10,ICEWS,Trade_Total,Pol_CHN_Partner,3.29432482429434,0.0878751281669828,5,0,ZScore,0.0153658401419263,1386,24,2013-07-01
10,ICEWS,Trade_Total,Pol_CHN_Partner,3.5993768395959,0.055544926345781,5,0,AR1,0.0202942081448937,1386,24,2013-07-01
10,ICEWS,Trade_Total,Pol_Partner_CHN,3.73305187958278,0.0194862266769911,6,0,ZScore,0.0110041023447892,1386,24,2013-07-01
10,ICEWS,Trade_Total,Pol_Partner_CHN,4.00068222922903,0.0255091085635601,6,0,AR1,0.0144751107604125,1386,24,2013-07-01
10,ICEWS,Trade_Exports,Pol_Agg,2.78018675098374,0.161880818767303,1,1,ZScore,0.0333466484815696,1386,24,2013-07-01
10,ICEWS,Trade_Exports,Pol_Agg,3.18634768828103,0.102494268299972,1,2,AR1,0.0426999946289246,1386,24,2013-07-01
10,ICEWS,Trade_Exports,Pol_CHN_Partner,2.92557028000788,0.176546973271397,5,1,ZScore,0.0402956389281362,1386,24,2013-07-01
10,ICEWS,Trade_Exports,Pol_CHN_Partner,3.34943452828992,0.0988488892468565,5,3,AR1,0.0589556548228424,1386,24,2013-07-01
10,ICEWS,Trade_Exports,Pol_Partner_CHN,3.00290752769113,0.121137179205706,4,0,ZScore,0.021972039706287,1386,24,2013-07-01
10,ICEWS,Trade_Exports,Pol_Partner_CHN,3.48702246594985,0.0634757908996761,6,2,AR1,0.0319860682149898,1386,24,2013-07-01
10,ICEWS,Trade_Imports,Pol_Agg,2.3349379171582,0.230386184379669,3,1,ZScore,0.0339619429673556,1386,24,2013-07-01
10,ICEWS,Trade_Imports,Pol_Agg,2.83812663361915,0.149169906096718,3,2,AR1,0.0469549160590282,1386,24,2013-07-01
10,ICEWS,Trade_Imports,Pol_CHN_Partner,2.56496225471517,0.274338696716834,0,0,ZScore,0.0247736510397339,1386,24,2013-07-01
10,ICEWS,Trade_Imports,Pol_CHN_Partner,2.97323744164716,0.173751913409332,4,0,AR1,0.0340060317799161,1386,24,2013-07-01
10,ICEWS,Trade_Imports,Pol_Partner_CHN,2.40055718213902,0.141894099229295,3,2,ZScore,0.0318263765675486,1386,24,2013-07-01
10,ICEWS,Trade_Imports,Pol_Partner_CHN,2.66293260888629,0.0938042991274613,3,2,AR1,0.0360023612439713,1386,24,2013-07-01
10,Phoenix,Trade_Total,Pol_Agg,3.77875279988893,0.101970684298721,6,1,ZScore,0.0211236753266041,1386,24,2013-07-01
10,Phoenix,Trade_Total,Pol_Agg,3.46052118836164,0.0928442135412355,6,1,AR1,0.0241263879000681,1386,24,2013-07-01
10,Phoenix,Trade_Total,Pol_CHN_Partner,3.63733685387476,0.0961241916400389,6,0,ZScore,0.0135668184329114,1386,24,2013-07-01
10,Phoenix,Trade_Total,Pol_CHN_Partner,3.52531512288508,0.0964657437260068,6,0,AR1,0.0147825610716205,1386,24,2013-07-01
10,Phoenix,Trade_Total,Pol_Partner_CHN,4.14107415298574,0.0643547552505097,6,1,ZScore,0.0249565247882776,1386,24,2013-07-01
10,Phoenix,Trade_Total,Pol_Partner_CHN,3.70079910832071,0.109304202647127,6,0,AR1,0.0244878502683188,1386,24,2013-07-01
10,Phoenix,Trade_Exports,Pol_Agg,2.18390355155906,0.296285322511516,0,3,ZScore,0.0316870490127885,1386,24,2013-07-01
10,Phoenix,Trade_Exports,Pol_Agg,2.56191455544314,0.188496726210199,2,4,AR1,0.0510509889515273,1386,24,2013-07-01
10,Phoenix,Trade_Exports,Pol_CHN_Partner,1.62591296709926,0.347111612379096,0,2,ZScore,0.0197238475873084,1386,24,2013-07-01
10,Phoenix,Trade_Exports,Pol_CHN_Partner,2.23758336167223,0.19802948243311,1,1,AR1,0.0297457424701858,1386,24,2013-07-01
10,Phoenix,Trade_Exports,Pol_Partner_CHN,3.27800515053182,0.16870975956046,6,0,ZScore,0.0285556080765405,1386,24,2013-07-01
10,Phoenix,Trade_Exports,Pol_Partner_CHN,3.41858159526975,0.105803115561046,6,2,AR1,0.0543244671995201,1386,24,2013-07-01
10,Phoenix,Trade_Imports,Pol_Agg,3.11981042331566,0.309665753311352,6,1,ZScore,0.0333567414588441,1386,24,2013-07-01
10,Phoenix,Trade_Imports,Pol_Agg,2.40215188543567,0.263710576101382,0,2,AR1,0.0385968685398598,1386,24,2013-07-01
10,Phoenix,Trade_Imports,Pol_CHN_Partner,2.64742792114038,0.324511881296997,0,2,ZScore,0.036029383294227,1386,24,2013-07-01
10,Phoenix,Trade_Imports,Pol_CHN_Partner,2.47126434909296,0.307501458447782,0,1,AR1,0.0322782400172446,1386,24,2013-07-01
10,Phoenix,Trade_Imports,Pol_Partner_CHN,3.6767902823547,0.153284821861344,6,0,ZScore,0.0332502384488914,1386,24,2013-07-01
10,Phoenix,Trade_Imports,Pol_Partner_CHN,2.76007847175873,0.133155199367985,5,0,AR1,0.0381209287236459,1386,24,2013-07-01
10,Tsinghua,Trade_Total,Pol_Agg,4.03689843589356,0.0434168306502901,6,3,ZScore,0.0258623102699766,660,11,2013-07-01
10,Tsinghua,Trade_Total,Pol_Agg,4.03689843589356,0.0434168306502901,6,3,AR1,0.0258623102699766,660,11,2013-07-01
10,Tsinghua,Trade_Exports,Pol_Agg,4.51227258741594,0.0279259726174566,6,2,ZScore,0.0311230498982806,660,11,2013-07-01
10,Tsinghua,Trade_Exports,Pol_Agg,4.51227258741594,0.0279259726174566,6,2,AR1,0.0311230498982806,660,11,2013-07-01
10,Tsinghua,Trade_Imports,Pol_Agg,2.93669936955625,0.0240009285295442,3,2,ZScore,0.0358787853658563,660,11,2013-07-01
10,Tsinghua,Trade_Imports,Pol_Agg,2.93669936955625,0.0240009285295442,3,2,AR1,0.0358787853658563,660,11,2013-07-01
11,GDELT,Trade_Total,Pol_Agg,3.81525345684105,0.113319092316393,4,0,ZScore,0.00984063130258868,1404,25,2014-07-01
11,GDELT,Trade_Total,Pol_Agg,3.42902589352164,0.0889883735068594,5,0,AR1,0.0222737184687652,1404,25,2014-07-01
11,GDELT,Trade_Total,Pol_CHN_Partner,3.86234715023632,0.0501748485841692,6,0,ZScore,0.0101291842802566,1404,25,2014-07-01
11,GDELT,Trade_Total,Pol_CHN_Partner,2.73066265598317,0.112948062687204,1,0,AR1,0.014147504141529,1404,25,2014-07-01
11,GDELT,Trade_Total,Pol_Partner_CHN,3.21340296009927,0.203246444814083,4,0,ZScore,0.0124983849599984,1404,25,2014-07-01
11,GDELT,Trade_Total,Pol_Partner_CHN,3.33932174429787,0.120585296857323,4,0,AR1,0.0285436504917077,1404,25,2014-07-01
11,GDELT,Trade_Exports,Pol_Agg,1.91495790841863,0.343339533836127,0,0,ZScore,0.0122558404981874,1404,25,2014-07-01
11,GDELT,Trade_Exports,Pol_Agg,2.00762354707379,0.411088822993518,0,0,AR1,0.0134312379960845,1404,25,2014-07-01
11,GDELT,Trade_Exports,Pol_CHN_Partner,2.94243987007346,0.0405127823070394,4,0,ZScore,0.0120938768352971,1404,25,2014-07-01
11,GDELT,Trade_Exports,Pol_CHN_Partner,3.44942433496261,0.0767553222942114,4,0,AR1,0.021915778068897,1404,25,2014-07-01
11,GDELT,Trade_Exports,Pol_Partner_CHN,1.54494154480445,0.420197038315662,0,1,ZScore,0.016927724218814,1404,25,2014-07-01
11,GDELT,Trade_Exports,Pol_Partner_CHN,1.5610356720476,0.510073309171203,0,1,AR1,0.0160821847652044,1404,25,2014-07-01
11,GDELT,Trade_Imports,Pol_Agg,3.38002602509511,0.108222205297708,5,0,ZScore,0.0316004540093911,1404,25,2014-07-01
11,GDELT,Trade_Imports,Pol_Agg,4.00284462650166,0.0447831259333395,5,2,AR1,0.0586323326249893,1404,25,2014-07-01
11,GDELT,Trade_Imports,Pol_CHN_Partner,3.22921915062936,0.118273851975484,5,0,ZScore,0.0369063497566389,1404,25,2014-07-01
11,GDELT,Trade_Imports,Pol_CHN_Partner,3.50300595208527,0.0672432525448602,5,1,AR1,0.0617016814267424,1404,25,2014-07-01
11,GDELT,Trade_Imports,Pol_Partner_CHN,3.64466196492069,0.0814079125720463,5,0,ZScore,0.0326082548859065,1404,25,2014-07-01
11,GDELT,Trade_Imports,Pol_Partner_CHN,3.95124356893618,0.0474721191793945,5,2,AR1,0.0577247957510835,1404,25,2014-07-01
11,ICEWS,Trade_Total,Pol_Agg,3.01674577696469,0.124399527306183,1,0,ZScore,0.00878721237843104,1404,25,2014-07-01
11,ICEWS,Trade_Total,Pol_Agg,2.74059873395086,0.137424995185165,1,0,AR1,0.00906879084434487,1404,25,2014-07-01
11,ICEWS,Trade_Total,Pol_CHN_Partner,2.75573399404696,0.131257111945611,3,0,ZScore,0.0138171505692724,1404,25,2014-07-01
11,ICEWS,Trade_Total,Pol_CHN_Partner,2.83758199530309,0.113038753104123,3,0,AR1,0.0172252798334234,1404,25,2014-07-01
11,ICEWS,Trade_Total,Pol_Partner_CHN,2.904801573124,0.137431803860738,2,0,ZScore,0.0106271964210347,1404,25,2014-07-01
11,ICEWS,Trade_Total,Pol_Partner_CHN,2.86432202284071,0.143175194747959,2,0,AR1,0.0104449127851404,1404,25,2014-07-01
11,ICEWS,Trade_Exports,Pol_Agg,2.8317129684857,0.100512817116842,3,2,ZScore,0.0324189656798687,1404,25,2014-07-01
11,ICEWS,Trade_Exports,Pol_Agg,3.32084148921129,0.0605767539050885,3,2,AR1,0.0428371041997592,1404,25,2014-07-01
11,ICEWS,Trade_Exports,Pol_CHN_Partner,2.97309550579414,0.100385497856255,2,1,ZScore,0.0344251995067359,1404,25,2014-07-01
11,ICEWS,Trade_Exports,Pol_CHN_Partner,3.46382301112006,0.0498113227094897,5,4,AR1,0.0464125367837038,1404,25,2014-07-01
11,ICEWS,Trade_Exports,Pol_Partner_CHN,2.88602387793989,0.0617562966740453,3,2,ZScore,0.0224301427843907,1404,25,2014-07-01
11,ICEWS,Trade_Exports,Pol_Partner_CHN,3.64001045452291,0.0171464482561043,4,1,AR1,0.03090959170527,1404,25,2014-07-01
11,ICEWS,Trade_Imports,Pol_Agg,2.76732648355118,0.129228142005697,3,1,ZScore,0.0293326529507762,1404,25,2014-07-01
11,ICEWS,Trade_Imports,Pol_Agg,3.41394122503077,0.0624330538898962,3,1,AR1,0.0395988906811845,1404,25,2014-07-01
11,ICEWS,Trade_Imports,Pol_CHN_Partner,2.96065150927122,0.0930257237760908,2,0,ZScore,0.0190598295418285,1404,25,2014-07-01
11,ICEWS,Trade_Imports,Pol_CHN_Partner,3.91344960059836,0.00622539507899963,5,0,AR1,0.027169870454646,1404,25,2014-07-01
11,ICEWS,Trade_Imports,Pol_Partner_CHN,2.95906334959945,0.0640123867282764,2,1,ZScore,0.0359465205168768,1404,25,2014-07-01
11,ICEWS,Trade_Imports,Pol_Partner_CHN,3.31777172654729,0.0223410373293931,3,2,AR1,0.0402353553453063,1404,25,2014-07-01
11,Phoenix,Trade_Total,Pol_Agg,3.84903801361183,0.0690314920131023,6,1,ZScore,0.0192455107246249,1404,25,2014-07-01
11,Phoenix,Trade_Total,Pol_Agg,3.70888337315897,0.122921216403971,6,1,AR1,0.0188384625195091,1404,25,2014-07-01
11,Phoenix,Trade_Total,Pol_CHN_Partner,1.66305336376592,0.438478607738909,0,0,ZScore,0.0106790015003797,1404,25,2014-07-01
11,Phoenix,Trade_Total,Pol_CHN_Partner,2.16622109163802,0.438196506982692,0,0,AR1,0.0106619059880872,1404,25,2014-07-01
11,Phoenix,Trade_Total,Pol_Partner_CHN,4.46090469158322,0.000331937251631216,6,1,ZScore,0.0196869358042312,1404,25,2014-07-01
11,Phoenix,Trade_Total,Pol_Partner_CHN,4.37686286023523,0.0354645736629197,6,0,AR1,0.0213498499562273,1404,25,2014-07-01
11,Phoenix,Trade_Exports,Pol_Agg,2.3964752827086,0.185607036011756,1,2,ZScore,0.0216864328135623,1404,25,2014-07-01
11,Phoenix,Trade_Exports,Pol_Agg,2.81930019231376,0.115038808767504,1,1,AR1,0.0294673333783277,1404,25,2014-07-01
11,Phoenix,Trade_Exports,Pol_CHN_Partner,2.1842789114836,0.12630877879631,1,1,ZScore,0.0135326504172665,1404,25,2014-07-01
11,Phoenix,Trade_Exports,Pol_CHN_Partner,2.29300905120027,0.0782748164925053,1,1,AR1,0.0193302333604237,1404,25,2014-07-01
11,Phoenix,Trade_Exports,Pol_Partner_CHN,3.34899649137126,0.103378688268915,6,0,ZScore,0.0220899097957257,1404,25,2014-07-01
11,Phoenix,Trade_Exports,Pol_Partner_CHN,3.73589441274063,0.054858441600582,6,1,AR1,0.0258403531273444,1404,25,2014-07-01
11,Phoenix,Trade_Imports,Pol_Agg,3.39827330875165,0.194704544242195,6,2,ZScore,0.0447686246943129,1404,25,2014-07-01
11,Phoenix,Trade_Imports,Pol_Agg,2.96556968921815,0.157268372432591,4,4,AR1,0.0571348056394983,1404,25,2014-07-01
11,Phoenix,Trade_Imports,Pol_CHN_Partner,2.04843029634036,0.367455733877405,0,1,ZScore,0.0298812643853602,1404,25,2014-07-01
11,Phoenix,Trade_Imports,Pol_CHN_Partner,2.23545575138412,0.264479273788969,0,1,AR1,0.0345786072460653,1404,25,2014-07-01
11,Phoenix,Trade_Imports,Pol_Partner_CHN,3.93273203094475,0.122134268615755,6,1,ZScore,0.0344599262867452,1404,25,2014-07-01
11,Phoenix,Trade_Imports,Pol_Partner_CHN,3.22536167937725,0.107617809372894,5,3,AR1,0.0505410952980084,1404,25,2014-07-01
11,Tsinghua,Trade_Total,Pol_Agg,3.39065529615988,0.12810642963163,6,1,ZScore,0.0255658299305623,660,11,2014-07-01
11,Tsinghua,Trade_Total,Pol_Agg,3.39065529615988,0.12810642963163,6,1,AR1,0.0255658299305623,660,11,2014-07-01
11,Tsinghua,Trade_Exports,Pol_Agg,4.20815964870597,0.150899662420107,6,2,ZScore,0.0325760585143028,660,11,2014-07-01
11,Tsinghua,Trade_Exports,Pol_Agg,4.20815964870597,0.150899662420107,6,2,AR1,0.0325760585143028,660,11,2014-07-01
11,Tsinghua,Trade_Imports,Pol_Agg,3.3015915156996,0.0657360529988442,3,3,ZScore,0.0500288813017305,660,11,2014-07-01
11,Tsinghua,Trade_Imports,Pol_Agg,3.3015915156996,0.0657360529988442,3,3,AR1,0.0500288813017305,660,11,2014-07-01
12,GDELT,Trade_Total,Pol_Agg,3.12601274454549,0.339052622739597,0,1,ZScore,0.0185891720200435,1428,25,2015-07-01
12,GDELT,Trade_Total,Pol_Agg,3.42912277570276,0.196186917994295,6,1,AR1,0.0251465122708998,1428,25,2015-07-01
12,GDELT,Trade_Total,Pol_CHN_Partner,3.00959115605957,0.229936997151148,5,0,ZScore,0.0157331890906391,1428,25,2015-07-01
12,GDELT,Trade_Total,Pol_CHN_Partner,3.68500184223017,0.0827124366929709,5,0,AR1,0.0222342961398641,1428,25,2015-07-01
12,GDELT,Trade_Total,Pol_Partner_CHN,3.19806644916563,0.328909591353677,0,1,ZScore,0.0216163168647608,1428,25,2015-07-01
12,GDELT,Trade_Total,Pol_Partner_CHN,3.25022593374333,0.232514459595269,0,1,AR1,0.0274940322876723,1428,25,2015-07-01
12,GDELT,Trade_Exports,Pol_Agg,2.86276519059533,0.192447216885535,1,0,ZScore,0.0299564043989374,1428,25,2015-07-01
12,GDELT,Trade_Exports,Pol_Agg,2.73532413963406,0.354188154962057,0,0,AR1,0.0221636093755183,1428,25,2015-07-01
12,GDELT,Trade_Exports,Pol_CHN_Partner,3.37055558646978,0.0978893163716154,6,0,ZScore,0.0286710708187673,1428,25,2015-07-01
12,GDELT,Trade_Exports,Pol_CHN_Partner,3.04036456369834,0.203250514450639,4,0,AR1,0.0234204411698311,1428,25,2015-07-01
12,GDELT,Trade_Exports,Pol_Partner_CHN,2.60809722079571,0.229731451719069,0,0,ZScore,0.0288534948233537,1428,25,2015-07-01
12,GDELT,Trade_Exports,Pol_Partner_CHN,2.37855517254386,0.436601957558302,0,1,AR1,0.0196954485154707,1428,25,2015-07-01
12,GDELT,Trade_Imports,Pol_Agg,2.3898367165459,0.30074906273757,0,1,ZScore,0.0466405160442878,1428,25,2015-07-01
12,GDELT,Trade_Imports,Pol_Agg,3.33285343487303,0.130479273703934,5,2,AR1,0.0628195109397356,1428,25,2015-07-01
12,GDELT,Trade_Imports,Pol_CHN_Partner,2.03557999665561,0.231365590449904,2,1,ZScore,0.046254266854905,1428,25,2015-07-01
12,GDELT,Trade_Imports,Pol_CHN_Partner,3.33769403535706,0.0611888388588586,5,1,AR1,0.0665966124297748,1428,25,2015-07-01
12,GDELT,Trade_Imports,Pol_Partner_CHN,2.65998585309984,0.287310275629529,0,0,ZScore,0.0451065163077725,1428,25,2015-07-01
12,GDELT,Trade_Imports,Pol_Partner_CHN,3.30608973501573,0.151873687691433,5,2,AR1,0.0590871793517652,1428,25,2015-07-01
12,ICEWS,Trade_Total,Pol_Agg,3.112541059436,0.0109500196681017,4,1,ZScore,0.0120621128988204,1428,25,2015-07-01
12,ICEWS,Trade_Total,Pol_Agg,3.24624599542906,0.0719984044276563,4,0,AR1,0.0126702051394786,1428,25,2015-07-01
12,ICEWS,Trade_Total,Pol_CHN_Partner,3.0139784225814,0.117388307930423,3,2,ZScore,0.01667167201565,1428,25,2015-07-01
12,ICEWS,Trade_Total,Pol_CHN_Partner,3.46807084928703,0.147081131616653,4,2,AR1,0.021796610894513,1428,25,2015-07-01
12,ICEWS,Trade_Total,Pol_Partner_CHN,3.34911276660137,0.0255109284994956,4,1,ZScore,0.00869312548058206,1428,25,2015-07-01
12,ICEWS,Trade_Total,Pol_Partner_CHN,3.75192053177052,0.024789378812822,4,0,AR1,0.00905052317062798,1428,25,2015-07-01
12,ICEWS,Trade_Exports,Pol_Agg,2.88033441677381,0.0470545777556017,4,1,ZScore,0.0182601557570536,1428,25,2015-07-01
12,ICEWS,Trade_Exports,Pol_Agg,3.64175836029683,0.0199163545629208,4,1,AR1,0.0250929911950907,1428,25,2015-07-01
12,ICEWS,Trade_Exports,Pol_CHN_Partner,3.51470037499338,0.0310624693661365,5,0,ZScore,0.0238572287555532,1428,25,2015-07-01
12,ICEWS,Trade_Exports,Pol_CHN_Partner,4.03385428260028,0.00752810607309706,5,1,AR1,0.0320909263572879,1428,25,2015-07-01
12,ICEWS,Trade_Exports,Pol_Partner_CHN,2.77941747010778,0.0298580492685768,4,1,ZScore,0.0163780031895235,1428,25,2015-07-01
12,ICEWS,Trade_Exports,Pol_Partner_CHN,3.4150018824106,0.0798728987114772,4,1,AR1,0.0216335131151012,1428,25,2015-07-01
12,ICEWS,Trade_Imports,Pol_Agg,2.24271824203988,0.157275563301896,1,0,ZScore,0.025703819348545,1428,25,2015-07-01
12,ICEWS,Trade_Imports,Pol_Agg,3.00770830042137,0.0652621037636996,1,0,AR1,0.0249458840751899,1428,25,2015-07-01
12,ICEWS,Trade_Imports,Pol_CHN_Partner,2.63525681851087,0.0361382198312614,1,0,ZScore,0.0242627692343659,1428,25,2015-07-01
12,ICEWS,Trade_Imports,Pol_CHN_Partner,2.80701139693195,0.158518823393172,6,0,AR1,0.0245318155853379,1428,25,2015-07-01
12,ICEWS,Trade_Imports,Pol_Partner_CHN,2.34127440752058,0.163707348120978,1,0,ZScore,0.0223165163360789,1428,25,2015-07-01
12,ICEWS,Trade_Imports,Pol_Partner_CHN,2.88136064564633,0.100178133674793,1,0,AR1,0.022880341969297,1428,25,2015-07-01
12,Phoenix,Trade_Total,Pol_Agg,3.2841121470533,0.033634488369676,6,0,ZScore,0.010324200423113,1428,25,2015-07-01
12,Phoenix,Trade_Total,Pol_Agg,3.47995337490297,0.0940496646435695,4,1,AR1,0.0156909485457993,1428,25,2015-07-01
12,Phoenix,Trade_Total,Pol_CHN_Partner,1.79990244907509,0.282728343216717,2,0,ZScore,0.0106278796268947,1428,25,2015-07-01
12,Phoenix,Trade_Total,Pol_CHN_Partner,2.34159129354941,0.288688585672177,0,1,AR1,0.0138522829161336,1428,25,2015-07-01
12,Phoenix,Trade_Total,Pol_Partner_CHN,4.1766982129856,0.0505474639553105,6,0,ZScore,0.0131692777663508,1428,25,2015-07-01
12,Phoenix,Trade_Total,Pol_Partner_CHN,3.99481116201425,0.0211662949381773,5,1,AR1,0.0183681196555748,1428,25,2015-07-01
12,Phoenix,Trade_Exports,Pol_Agg,2.04084788568112,0.268433220740514,1,3,ZScore,0.0204963580626991,1428,25,2015-07-01
12,Phoenix,Trade_Exports,Pol_Agg,2.72767215377021,0.145806727846116,1,3,AR1,0.0312969383049608,1428,25,2015-07-01
12,Phoenix,Trade_Exports,Pol_CHN_Partner,2.14151629716224,0.204929278453732,1,1,ZScore,0.0153950193352396,1428,25,2015-07-01
12,Phoenix,Trade_Exports,Pol_CHN_Partner,2.48195263366258,0.124373308669778,1,1,AR1,0.0248300512070134,1428,25,2015-07-01
12,Phoenix,Trade_Exports,Pol_Partner_CHN,3.40388139047001,0.0975018110362712,6,0,ZScore,0.0163690613294684,1428,25,2015-07-01
12,Phoenix,Trade_Exports,Pol_Partner_CHN,3.7912543330446,0.0377447161675315,6,0,AR1,0.0160944975686436,1428,25,2015-07-01
12,Phoenix,Trade_Imports,Pol_Agg,2.83479572365343,0.214264478562126,0,3,ZScore,0.0400765268340617,1428,25,2015-07-01
12,Phoenix,Trade_Imports,Pol_Agg,2.83573385476539,0.158487798647636,5,5,AR1,0.0651119369897784,1428,25,2015-07-01
12,Phoenix,Trade_Imports,Pol_CHN_Partner,2.0614634132681,0.342532656408002,0,3,ZScore,0.0328341157041173,1428,25,2015-07-01
12,Phoenix,Trade_Imports,Pol_CHN_Partner,2.41955911039145,0.215598894416698,2,2,AR1,0.0538316918781225,1428,25,2015-07-01
12,Phoenix,Trade_Imports,Pol_Partner_CHN,3.62368134902984,0.0678521603149888,5,2,ZScore,0.0275134863319025,1428,25,2015-07-01
12,Phoenix,Trade_Imports,Pol_Partner_CHN,3.66566128006661,0.0652757615302241,5,2,AR1,0.054230724935785,1428,25,2015-07-01
12,Tsinghua,Trade_Total,Pol_Agg,2.71519120686038,0.122806527158805,2,1,ZScore,0.0227260503834389,660,11,2015-07-01
12,Tsinghua,Trade_Total,Pol_Agg,2.71519120686038,0.122806527158805,2,1,AR1,0.0227260503834389,660,11,2015-07-01
12,Tsinghua,Trade_Exports,Pol_Agg,3.68247487589178,0.0537218797106438,6,0,ZScore,0.0302932920540453,660,11,2015-07-01
12,Tsinghua,Trade_Exports,Pol_Agg,3.68247487589178,0.0537218797106438,6,0,AR1,0.0302932920540453,660,11,2015-07-01
12,Tsinghua,Trade_Imports,Pol_Agg,3.1640322114165,0.0138458825774829,3,4,ZScore,0.0752005892339096,660,11,2015-07-01
12,Tsinghua,Trade_Imports,Pol_Agg,3.1640322114165,0.0138458825774829,3,4,AR1,0.0752005892339096,660,11,2015-07-01
13,GDELT,Trade_Total,Pol_Agg,1.70391680926625,0.467442315060307,0,0,ZScore,0.0214999023806059,1452,25,2016-07-01
13,GDELT,Trade_Total,Pol_Agg,1.75419291604087,0.314827793165797,0,0,AR1,0.0241262883323422,1452,25,2016-07-01
13,GDELT,Trade_Total,Pol_CHN_Partner,1.38397661947664,0.438703773590487,0,0,ZScore,0.0193007636771763,1452,25,2016-07-01
13,GDELT,Trade_Total,Pol_CHN_Partner,1.80268951950541,0.239948939408867,1,0,AR1,0.0254373744253102,1452,25,2016-07-01
13,GDELT,Trade_Total,Pol_Partner_CHN,2.00119839302924,0.503265660871487,0,0,ZScore,0.0186296712456385,1452,25,2016-07-01
13,GDELT,Trade_Total,Pol_Partner_CHN,2.09168726495618,0.356042209670714,0,0,AR1,0.0207345596694067,1452,25,2016-07-01
13,GDELT,Trade_Exports,Pol_Agg,2.62475120604123,0.123419353835609,2,0,ZScore,0.027901743578311,1452,25,2016-07-01
13,GDELT,Trade_Exports,Pol_Agg,2.59101555229537,0.220567214028628,0,0,AR1,0.0284747689815491,1452,25,2016-07-01
13,GDELT,Trade_Exports,Pol_CHN_Partner,3.03493482473515,0.104793124287229,2,0,ZScore,0.0326014746657518,1452,25,2016-07-01
13,GDELT,Trade_Exports,Pol_CHN_Partner,2.90053623357405,0.165238938615509,4,0,AR1,0.0357999893827423,1452,25,2016-07-01
13,GDELT,Trade_Exports,Pol_Partner_CHN,2.35283993328913,0.0863899154411114,2,0,ZScore,0.021288847697289,1452,25,2016-07-01
13,GDELT,Trade_Exports,Pol_Partner_CHN,2.3382529557507,0.23771801968197,2,0,AR1,0.0203273364156475,1452,25,2016-07-01
13,GDELT,Trade_Imports,Pol_Agg,1.53347517972684,0.361031188037363,0,0,ZScore,0.0578531592664096,1452,25,2016-07-01
13,GDELT,Trade_Imports,Pol_Agg,2.52405657312873,0.169463382240891,2,0,AR1,0.0758373570315148,1452,25,2016-07-01
13,GDELT,Trade_Imports,Pol_CHN_Partner,1.6300718865067,0.288394639875114,0,0,ZScore,0.0620597774034712,1452,25,2016-07-01
13,GDELT,Trade_Imports,Pol_CHN_Partner,2.80814904241598,0.115282460925588,2,0,AR1,0.0908416639318691,1452,25,2016-07-01
13,GDELT,Trade_Imports,Pol_Partner_CHN,1.72442264565741,0.370423680735849,0,0,ZScore,0.0545216403981004,1452,25,2016-07-01
13,GDELT,Trade_Imports,Pol_Partner_CHN,2.37524028439142,0.208375989682751,2,0,AR1,0.060733832613413,1452,25,2016-07-01
13,ICEWS,Trade_Total,Pol_Agg,2.5860890416777,0.178242956511288,2,0,ZScore,0.0138636137976639,1452,25,2016-07-01
13,ICEWS,Trade_Total,Pol_Agg,2.66972537419174,0.135762063981346,2,0,AR1,0.011303902164957,1452,25,2016-07-01
13,ICEWS,Trade_Total,Pol_CHN_Partner,2.84802215025314,0.0575941524864176,2,0,ZScore,0.0147620089017946,1452,25,2016-07-01
13,ICEWS,Trade_Total,Pol_CHN_Partner,3.51866568713138,0.0378485804178963,5,0,AR1,0.014365659750727,1452,25,2016-07-01
13,ICEWS,Trade_Total,Pol_Partner_CHN,1.87403344238417,0.308852192958362,0,0,ZScore,0.0115399637377896,1452,25,2016-07-01
13,ICEWS,Trade_Total,Pol_Partner_CHN,2.04245223910328,0.272251523415589,2,0,AR1,0.0123539775319862,1452,25,2016-07-01
13,ICEWS,Trade_Exports,Pol_Agg,3.14217855777697,0.00640429726042085,4,0,ZScore,0.0166712110926828,1452,25,2016-07-01
13,ICEWS,Trade_Exports,Pol_Agg,3.65923572856984,0.0644202044050213,4,0,AR1,0.0203040842852392,1452,25,2016-07-01
13,ICEWS,Trade_Exports,Pol_CHN_Partner,3.49698560759625,0.0952016783573193,4,0,ZScore,0.0228654177712657,1452,25,2016-07-01
13,ICEWS,Trade_Exports,Pol_CHN_Partner,4.0246575381302,0.0390304134465978,5,0,AR1,0.024799368289405,1452,25,2016-07-01
13,ICEWS,Trade_Exports,Pol_Partner_CHN,2.21343527379269,0.163326951751381,1,0,ZScore,0.0184587052498713,1452,25,2016-07-01
13,ICEWS,Trade_Exports,Pol_Partner_CHN,2.64213320522633,0.263299931604145,0,0,AR1,0.0192148259366744,1452,25,2016-07-01
13,ICEWS,Trade_Imports,Pol_Agg,2.02288801415895,0.212952352341255,1,0,ZScore,0.0291006201273512,1452,25,2016-07-01
13,ICEWS,Trade_Imports,Pol_Agg,2.63288853535447,0.126541089801867,2,0,AR1,0.0253865993681765,1452,25,2016-07-01
13,ICEWS,Trade_Imports,Pol_CHN_Partner,2.365233847515,0.143486125184588,2,0,ZScore,0.0292014620810445,1452,25,2016-07-01
13,ICEWS,Trade_Imports,Pol_CHN_Partner,3.1503412102732,0.0214252585751894,2,0,AR1,0.0203186614247307,1452,25,2016-07-01
13,ICEWS,Trade_Imports,Pol_Partner_CHN,1.87119680736284,0.193685162568741,1,0,ZScore,0.0341432544593614,1452,25,2016-07-01
13,ICEWS,Trade_Imports,Pol_Partner_CHN,2.44543575103789,0.123145641171769,1,0,AR1,0.0340282132054069,1452,25,2016-07-01
13,Phoenix,Trade_Total,Pol_Agg,2.88540650119787,0.0625844136319897,3,0,ZScore,0.0141271844946344,1452,25,2016-07-01
13,Phoenix,Trade_Total,Pol_Agg,3.36750414837421,0.00856491904846486,4,0,AR1,0.0166284809838488,1452,25,2016-07-01
13,Phoenix,Trade_Total,Pol_CHN_Partner,2.56495950875512,0.153591998893469,1,1,ZScore,0.0145189782206362,1452,25,2016-07-01
13,Phoenix,Trade_Total,Pol_CHN_Partner,2.3256737210684,0.22328265482282,1,0,AR1,0.0123344862988408,1452,25,2016-07-01
13,Phoenix,Trade_Total,Pol_Partner_CHN,3.80348880200616,0.102084708547806,3,0,ZScore,0.0150872440351056,1452,25,2016-07-01
13,Phoenix,Trade_Total,Pol_Partner_CHN,3.74626332448164,0.0499486022756627,4,2,AR1,0.0182477409567584,1452,25,2016-07-01
13,Phoenix,Trade_Exports,Pol_Agg,2.3632484317331,0.181483494065484,1,2,ZScore,0.0249853906884797,1452,25,2016-07-01
13,Phoenix,Trade_Exports,Pol_Agg,2.77749138271528,0.120779548993971,1,3,AR1,0.0359237896037241,1452,25,2016-07-01
13,Phoenix,Trade_Exports,Pol_CHN_Partner,2.56926952856027,0.0786071530114216,1,1,ZScore,0.0209060389703867,1452,25,2016-07-01
13,Phoenix,Trade_Exports,Pol_CHN_Partner,2.78983474116423,0.0601508749653844,1,2,AR1,0.0348126598487079,1452,25,2016-07-01
13,Phoenix,Trade_Exports,Pol_Partner_CHN,3.19137301171628,0.0851832964631773,6,1,ZScore,0.0195261089542135,1452,25,2016-07-01
13,Phoenix,Trade_Exports,Pol_Partner_CHN,3.37084533598028,0.0438377870167509,6,1,AR1,0.017350384371005,1452,25,2016-07-01
13,Phoenix,Trade_Imports,Pol_Agg,2.96247542243533,0.103918203056288,4,3,ZScore,0.0395900277291724,1452,25,2016-07-01
13,Phoenix,Trade_Imports,Pol_Agg,3.17637184023369,0.0786871610307965,4,3,AR1,0.0626801628294503,1452,25,2016-07-01
13,Phoenix,Trade_Imports,Pol_CHN_Partner,3.09163752014313,0.195262717610902,4,0,ZScore,0.0281205080596572,1452,25,2016-07-01
13,Phoenix,Trade_Imports,Pol_CHN_Partner,2.97110757211922,0.141297354042362,4,0,AR1,0.0416920347900301,1452,25,2016-07-01
13,Phoenix,Trade_Imports,Pol_Partner_CHN,3.20057456120439,0.00824864718912845,4,1,ZScore,0.0277919721674358,1452,25,2016-07-01
13,Phoenix,Trade_Imports,Pol_Partner_CHN,3.68657474631761,0.00520019430006989,4,2,AR1,0.0441051572586893,1452,25,2016-07-01
13,Tsinghua,Trade_Total,Pol_Agg,1.97051343900483,0.267523494821271,2,2,ZScore,0.0187093030015655,660,11,2016-07-01
13,Tsinghua,Trade_Total,Pol_Agg,1.97051343900483,0.267523494821271,2,2,AR1,0.0187093030015655,660,11,2016-07-01
13,Tsinghua,Trade_Exports,Pol_Agg,3.6307074702753,0.0639900437210493,6,2,ZScore,0.0302438581878262,660,11,2016-07-01
13,Tsinghua,Trade_Exports,Pol_Agg,3.6307074702753,0.0639900437210493,6,2,AR1,0.0302438581878262,660,11,2016-07-01
13,Tsinghua,Trade_Imports,Pol_Agg,3.42296069612229,0.00597702272395292,4,4,ZScore,0.0673068052775184,660,11,2016-07-01
13,Tsinghua,Trade_Imports,Pol_Agg,3.42296069612229,0.00597702272395292,4,4,AR1,0.0673068052775184,660,11,2016-07-01
14,GDELT,Trade_Total,Pol_Agg,4.67638447120449,0.0295678984132966,6,0,ZScore,0.0351428999567119,1476,25,2017-07-01
14,GDELT,Trade_Total,Pol_Agg,4.72770914830387,0.0469201208163094,6,1,AR1,0.0340196915906546,1476,25,2017-07-01
14,GDELT,Trade_Total,Pol_CHN_Partner,4.44171075895864,0.0352508253248216,6,0,ZScore,0.0368373533729271,1476,25,2017-07-01
14,GDELT,Trade_Total,Pol_CHN_Partner,4.53874509445918,0.0286315230314052,6,1,AR1,0.0432975605915362,1476,25,2017-07-01
14,GDELT,Trade_Total,Pol_Partner_CHN,4.68849845377638,0.00807000007641281,6,0,ZScore,0.0402575802599995,1476,25,2017-07-01
14,GDELT,Trade_Total,Pol_Partner_CHN,4.74617047361967,0.019013029719621,6,1,AR1,0.0354265586999606,1476,25,2017-07-01
14,GDELT,Trade_Exports,Pol_Agg,3.84041922045331,0.0770656952458258,6,1,ZScore,0.0516032162580809,1476,25,2017-07-01
14,GDELT,Trade_Exports,Pol_Agg,4.14672215670715,0.00169848796914254,6,0,AR1,0.0369916930089327,1476,25,2017-07-01
14,GDELT,Trade_Exports,Pol_CHN_Partner,3.99281873662286,0.0487253555098853,6,1,ZScore,0.0474244084113158,1476,25,2017-07-01
14,GDELT,Trade_Exports,Pol_CHN_Partner,4.17049798013706,0.0374074092515356,6,0,AR1,0.0331552903685766,1476,25,2017-07-01
14,GDELT,Trade_Exports,Pol_Partner_CHN,3.78819916863503,0.105389946794199,6,2,ZScore,0.0558012435305702,1476,25,2017-07-01
14,GDELT,Trade_Exports,Pol_Partner_CHN,4.0180584187491,0.0493829521356348,6,0,AR1,0.0428416967547263,1476,25,2017-07-01
14,GDELT,Trade_Imports,Pol_Agg,3.67395646718834,0.0498286142768031,6,0,ZScore,0.0491112814198502,1476,25,2017-07-01
14,GDELT,Trade_Imports,Pol_Agg,4.03545327596378,0.0389792569162286,6,0,AR1,0.0589455879522405,1476,25,2017-07-01
14,GDELT,Trade_Imports,Pol_CHN_Partner,3.80535178960666,0.019163694266901,6,0,ZScore,0.0484608349932702,1476,25,2017-07-01
14,GDELT,Trade_Imports,Pol_CHN_Partner,4.10584680855246,0.0302826204356373,6,0,AR1,0.0752168442515788,1476,25,2017-07-01
14,GDELT,Trade_Imports,Pol_Partner_CHN,3.58837577228988,0.0870844089757059,6,0,ZScore,0.0587082341878635,1476,25,2017-07-01
14,GDELT,Trade_Imports,Pol_Partner_CHN,3.97675187314963,0.0125263178480609,6,1,AR1,0.0581380572651649,1476,25,2017-07-01
14,ICEWS,Trade_Total,Pol_Agg,3.46254077886576,0.294179065204953,6,0,ZScore,0.013260688321483,1476,25,2017-07-01
14,ICEWS,Trade_Total,Pol_Agg,2.65428123772232,0.236297986352866,0,1,AR1,0.018836635747971,1476,25,2017-07-01
14,ICEWS,Trade_Total,Pol_CHN_Partner,2.99454679083713,0.294135234690708,6,0,ZScore,0.0123882317362236,1476,25,2017-07-01
14,ICEWS,Trade_Total,Pol_CHN_Partner,2.76335045987847,0.349875131256057,0,0,AR1,0.0110386140552351,1476,25,2017-07-01
14,ICEWS,Trade_Total,Pol_Partner_CHN,3.30071900921301,0.273017513964347,6,1,ZScore,0.0166649561143418,1476,25,2017-07-01
14,ICEWS,Trade_Total,Pol_Partner_CHN,2.35244885824438,0.230752294859467,0,2,AR1,0.0240044979203675,1476,25,2017-07-01
14,ICEWS,Trade_Exports,Pol_Agg,3.29396381716931,0.115471625671862,6,0,ZScore,0.018903200286426,1476,25,2017-07-01
14,ICEWS,Trade_Exports,Pol_Agg,3.33340753241801,0.0442658709984957,3,0,AR1,0.0139520605121678,1476,25,2017-07-01
14,ICEWS,Trade_Exports,Pol_CHN_Partner,2.89356476755627,0.202442324148593,6,0,ZScore,0.0122105249764045,1476,25,2017-07-01
14,ICEWS,Trade_Exports,Pol_CHN_Partner,3.02086289086207,0.106339458252297,4,0,AR1,0.011102425216605,1476,25,2017-07-01
14,ICEWS,Trade_Exports,Pol_Partner_CHN,3.53676731365943,0.0953221672024336,6,0,ZScore,0.0212442223039443,1476,25,2017-07-01
14,ICEWS,Trade_Exports,Pol_Partner_CHN,3.52966214915725,0.0343983522740707,3,0,AR1,0.0172208186760608,1476,25,2017-07-01
14,ICEWS,Trade_Imports,Pol_Agg,2.95014048230547,0.329573808395571,6,0,ZScore,0.017460698247497,1476,25,2017-07-01
14,ICEWS,Trade_Imports,Pol_Agg,2.44249394205396,0.329820810359543,0,1,AR1,0.0237729181291721,1476,25,2017-07-01
14,ICEWS,Trade_Imports,Pol_CHN_Partner,2.82998222612906,0.206499747327941,6,0,ZScore,0.0236912088990476,1476,25,2017-07-01
14,ICEWS,Trade_Imports,Pol_CHN_Partner,2.95693086552035,0.336983825099189,0,0,AR1,0.0183483878178939,1476,25,2017-07-01
14,ICEWS,Trade_Imports,Pol_Partner_CHN,2.59776827595415,0.35227650577946,0,1,ZScore,0.0191765438822233,1476,25,2017-07-01
14,ICEWS,Trade_Imports,Pol_Partner_CHN,1.83950334492554,0.325461294818583,0,1,AR1,0.0293398858181326,1476,25,2017-07-01
14,Phoenix,Trade_Total,Pol_Agg,1.98279762186823,0.267891644777802,1,1,ZScore,0.0153780659750694,1476,25,2017-07-01
14,Phoenix,Trade_Total,Pol_Agg,2.24098642625381,0.210805498330886,1,1,AR1,0.0186921146167323,1476,25,2017-07-01
14,Phoenix,Trade_Total,Pol_CHN_Partner,2.39681778396982,0.0989683012219726,1,1,ZScore,0.0157170372624996,1476,25,2017-07-01
14,Phoenix,Trade_Total,Pol_CHN_Partner,1.93258860138814,0.107686069413277,1,1,AR1,0.0189829364119161,1476,25,2017-07-01
14,Phoenix,Trade_Total,Pol_Partner_CHN,2.88742591812973,0.176644121163512,4,1,ZScore,0.0268742032742334,1476,25,2017-07-01
14,Phoenix,Trade_Total,Pol_Partner_CHN,3.40468986759491,0.0588347615857893,4,0,AR1,0.02724094635087,1476,25,2017-07-01
14,Phoenix,Trade_Exports,Pol_Agg,2.02282141348949,0.150507132926232,1,1,ZScore,0.0169038132708406,1476,25,2017-07-01
14,Phoenix,Trade_Exports,Pol_Agg,2.23404528007177,0.138334464595696,1,1,AR1,0.0223261013223225,1476,25,2017-07-01
14,Phoenix,Trade_Exports,Pol_CHN_Partner,2.17401046023817,0.116807628853837,1,1,ZScore,0.022734552993619,1476,25,2017-07-01
14,Phoenix,Trade_Exports,Pol_CHN_Partner,2.38480819451786,0.089389298186236,1,1,AR1,0.0375800003044829,1476,25,2017-07-01
14,Phoenix,Trade_Exports,Pol_Partner_CHN,2.40567499623802,0.367062360668946,0,3,ZScore,0.0252342897473601,1476,25,2017-07-01
14,Phoenix,Trade_Exports,Pol_Partner_CHN,2.65894327056799,0.23726989149136,0,2,AR1,0.0317807919725075,1476,25,2017-07-01
14,Phoenix,Trade_Imports,Pol_Agg,2.42100794802019,0.314603360263452,4,1,ZScore,0.0220175642561858,1476,25,2017-07-01
14,Phoenix,Trade_Imports,Pol_Agg,2.54390425876684,0.239051464575441,4,0,AR1,0.0269864830902606,1476,25,2017-07-01
14,Phoenix,Trade_Imports,Pol_CHN_Partner,2.74529950759896,0.130995684893869,1,1,ZScore,0.0179248055551119,1476,25,2017-07-01
14,Phoenix,Trade_Imports,Pol_CHN_Partner,2.27530622370685,0.173832045023314,1,1,AR1,0.0200419143694778,1476,25,2017-07-01
14,Phoenix,Trade_Imports,Pol_Partner_CHN,3.56817777867729,0.00591813179885698,4,1,ZScore,0.0303993933440371,1476,25,2017-07-01
14,Phoenix,Trade_Imports,Pol_Partner_CHN,3.62526247619061,0.120549417951649,4,1,AR1,0.0327696279429421,1476,25,2017-07-01
14,Tsinghua,Trade_Total,Pol_Agg,2.97840973600064,0.167131492809131,4,0,ZScore,0.012005054701005,660,11,2017-07-01
14,Tsinghua,Trade_Total,Pol_Agg,2.97840973600064,0.167131492809131,4,0,AR1,0.012005054701005,660,11,2017-07-01
14,Tsinghua,Trade_Exports,Pol_Agg,2.66413882384593,0.0917868628118537,1,2,ZScore,0.0239057851595184,660,11,2017-07-01
14,Tsinghua,Trade_Exports,Pol_Agg,2.66413882384593,0.0917868628118537,1,2,AR1,0.0239057851595184,660,11,2017-07-01
14,Tsinghua,Trade_Imports,Pol_Agg,3.24206443264894,0.110889372741672,4,0,ZScore,0.0459176197179346,660,11,2017-07-01
14,Tsinghua,Trade_Imports,Pol_Agg,3.24206443264894,0.110889372741672,4,0,AR1,0.0459176197179346,660,11,2017-07-01
15,GDELT,Trade_Total,Pol_Agg,3.89125988162794,0.120852569288996,6,0,ZScore,0.0251487460760081,1494,25,2018-07-01
15,GDELT,Trade_Total,Pol_Agg,3.71985657113346,0.0892154231008748,6,0,AR1,0.0225920794330723,1494,25,2018-07-01
15,GDELT,Trade_Total,Pol_CHN_Partner,3.45395625068389,0.130696246094299,6,0,ZScore,0.0320908913440043,1494,25,2018-07-01
15,GDELT,Trade_Total,Pol_CHN_Partner,4.08149461386329,0.0371983768638948,6,0,AR1,0.0321365401615131,1494,25,2018-07-01
15,GDELT,Trade_Total,Pol_Partner_CHN,4.55482463024233,0.0389833201129735,6,0,ZScore,0.0255527979194724,1494,25,2018-07-01
15,GDELT,Trade_Total,Pol_Partner_CHN,4.28725868494741,0.0668892242163677,6,0,AR1,0.0190779640350007,1494,25,2018-07-01
15,GDELT,Trade_Exports,Pol_Agg,3.88787561948384,0.0270827749794309,6,0,ZScore,0.0368452243267575,1494,25,2018-07-01
15,GDELT,Trade_Exports,Pol_Agg,3.34107945582158,0.0984876147219966,2,0,AR1,0.0281984604184407,1494,25,2018-07-01
15,GDELT,Trade_Exports,Pol_CHN_Partner,3.67078022495443,0.0428497950694431,6,1,ZScore,0.044691362546032,1494,25,2018-07-01
15,GDELT,Trade_Exports,Pol_CHN_Partner,3.53819809937426,0.108845955687136,6,0,AR1,0.0341696436323627,1494,25,2018-07-01
15,GDELT,Trade_Exports,Pol_Partner_CHN,4.44146820201569,0.0149893458419341,6,0,ZScore,0.0330871431194313,1494,25,2018-07-01
15,GDELT,Trade_Exports,Pol_Partner_CHN,3.82783626925463,0.0638496696967177,6,0,AR1,0.0278369508495577,1494,25,2018-07-01
15,GDELT,Trade_Imports,Pol_Agg,3.88672664137876,0.0563782821556606,6,0,ZScore,0.0183165840845737,1494,25,2018-07-01
15,GDELT,Trade_Imports,Pol_Agg,3.54122920125033,0.13677292829688,6,0,AR1,0.0287791052886447,1494,25,2018-07-01
15,GDELT,Trade_Imports,Pol_CHN_Partner,3.91759262642004,0.15377110218,4,0,ZScore,0.0158625768034088,1494,25,2018-07-01
15,GDELT,Trade_Imports,Pol_CHN_Partner,4.1457232141461,0.0999721627972443,6,0,AR1,0.0377670755086281,1494,25,2018-07-01
15,GDELT,Trade_Imports,Pol_Partner_CHN,3.59302587717538,0.0923342897228354,2,0,ZScore,0.0252182343992247,1494,25,2018-07-01
15,GDELT,Trade_Imports,Pol_Partner_CHN,3.62447085351028,0.0644303963799272,6,0,AR1,0.0255114872902112,1494,25,2018-07-01
15,ICEWS,Trade_Total,Pol_Agg,2.86989375234142,0.0835481064726791,1,2,ZScore,0.0267354950085593,1494,25,2018-07-01
15,ICEWS,Trade_Total,Pol_Agg,3.22576146261592,0.0586479064273811,3,5,AR1,0.0475481585527616,1494,25,2018-07-01
15,ICEWS,Trade_Total,Pol_CHN_Partner,3.40381136669535,0.0637985224445737,4,2,ZScore,0.0247767831412684,1494,25,2018-07-01
15,ICEWS,Trade_Total,Pol_CHN_Partner,3.71060810416437,0.0365655614012727,4,3,AR1,0.0386939688973416,1494,25,2018-07-01
15,ICEWS,Trade_Total,Pol_Partner_CHN,2.14535073171731,0.118091629089801,2,1,ZScore,0.0207699164146832,1494,25,2018-07-01
15,ICEWS,Trade_Total,Pol_Partner_CHN,2.70366925693015,0.0918994438312357,2,2,AR1,0.0431212971652943,1494,25,2018-07-01
15,ICEWS,Trade_Exports,Pol_Agg,2.50159715901088,0.114398672965721,1,1,ZScore,0.0266917732950452,1494,25,2018-07-01
15,ICEWS,Trade_Exports,Pol_Agg,3.21591354644327,0.0942247357083989,4,2,AR1,0.0408838499710823,1494,25,2018-07-01
15,ICEWS,Trade_Exports,Pol_CHN_Partner,2.85021134912867,0.142879889357148,4,2,ZScore,0.0298035214626592,1494,25,2018-07-01
15,ICEWS,Trade_Exports,Pol_CHN_Partner,3.54029581774993,0.10618872921474,4,3,AR1,0.0443941166525094,1494,25,2018-07-01
15,ICEWS,Trade_Exports,Pol_Partner_CHN,2.69477031135365,0.118391355830679,3,0,ZScore,0.0243762175854163,1494,25,2018-07-01
15,ICEWS,Trade_Exports,Pol_Partner_CHN,2.92117036718649,0.0865785517890004,3,2,AR1,0.0335143734294222,1494,25,2018-07-01
15,ICEWS,Trade_Imports,Pol_Agg,2.92719323730447,0.221847734600354,5,0,ZScore,0.0293492081676139,1494,25,2018-07-01
15,ICEWS,Trade_Imports,Pol_Agg,2.77554948777154,0.161208524026413,5,1,AR1,0.055129632181464,1494,25,2018-07-01
15,ICEWS,Trade_Imports,Pol_CHN_Partner,2.86670147218654,0.330879232041346,0,0,ZScore,0.0224357180289678,1494,25,2018-07-01
15,ICEWS,Trade_Imports,Pol_CHN_Partner,2.87818819761976,0.227953359670654,0,1,AR1,0.0339908966495446,1494,25,2018-07-01
15,ICEWS,Trade_Imports,Pol_Partner_CHN,2.68586227343108,0.204858579491381,2,0,ZScore,0.030197638064793,1494,25,2018-07-01
15,ICEWS,Trade_Imports,Pol_Partner_CHN,2.23747318297146,0.18927175082531,2,2,AR1,0.0513663172053549,1494,25,2018-07-01
15,Phoenix,Trade_Total,Pol_Agg,1.57607381653046,0.396310407939946,0,0,ZScore,0.0162571892461591,1194,25,2018-07-01
15,Phoenix,Trade_Total,Pol_Agg,1.62134727157415,0.314219099454405,1,1,AR1,0.0200068085091059,1194,25,2018-07-01
15,Phoenix,Trade_Total,Pol_CHN_Partner,2.21899694747532,0.117484292027429,1,1,ZScore,0.0237472614438724,1194,25,2018-07-01
15,Phoenix,Trade_Total,Pol_CHN_Partner,2.07527743302072,0.105122720951754,1,3,AR1,0.0307264441003572,1194,25,2018-07-01
15,Phoenix,Trade_Total,Pol_Partner_CHN,2.98326458965414,0.105514462435207,3,1,ZScore,0.0285891601623529,1194,25,2018-07-01
15,Phoenix,Trade_Total,Pol_Partner_CHN,3.44587936538261,0.0147239204054648,4,0,AR1,0.0290040193297964,1194,25,2018-07-01
15,Phoenix,Trade_Exports,Pol_Agg,1.89783024664535,0.262592615023674,1,0,ZScore,0.0154500337628508,1194,25,2018-07-01
15,Phoenix,Trade_Exports,Pol_Agg,2.05202383266957,0.201798573175623,1,1,AR1,0.023929421841173,1194,25,2018-07-01
15,Phoenix,Trade_Exports,Pol_CHN_Partner,1.92743104663032,0.148513988916898,1,1,ZScore,0.0289619300448624,1194,25,2018-07-01
15,Phoenix,Trade_Exports,Pol_CHN_Partner,2.3870546717912,0.101005995555898,1,5,AR1,0.0494403906248389,1194,25,2018-07-01
15,Phoenix,Trade_Exports,Pol_Partner_CHN,2.23595119310963,0.343408134758892,0,2,ZScore,0.0279771975934081,1194,25,2018-07-01
15,Phoenix,Trade_Exports,Pol_Partner_CHN,2.50766441512893,0.209638023427895,0,0,AR1,0.0366671043042221,1194,25,2018-07-01
15,Phoenix,Trade_Imports,Pol_Agg,2.2613395414054,0.33888511743639,0,0,ZScore,0.0281597121232306,1194,25,2018-07-01
15,Phoenix,Trade_Imports,Pol_Agg,2.15100807519522,0.26960750967484,0,0,AR1,0.0327349591749623,1194,25,2018-07-01
15,Phoenix,Trade_Imports,Pol_CHN_Partner,2.79329160496222,0.124633744130892,1,1,ZScore,0.0265871705598913,1194,25,2018-07-01
15,Phoenix,Trade_Imports,Pol_CHN_Partner,2.26776183750247,0.145177737158665,1,1,AR1,0.027186737606839,1194,25,2018-07-01
15,Phoenix,Trade_Imports,Pol_Partner_CHN,3.24232171527613,0.0892572088238792,4,1,ZScore,0.0370625239032132,1194,25,2018-07-01
15,Phoenix,Trade_Imports,Pol_Partner_CHN,3.44347984720957,0.176227971018946,4,1,AR1,0.0359681114278791,1194,25,2018-07-01
15,Tsinghua,Trade_Total,Pol_Agg,2.11731074657598,0.217929516647488,3,3,ZScore,0.0206543163432969,660,11,2018-07-01
15,Tsinghua,Trade_Total,Pol_Agg,2.11731074657598,0.217929516647488,3,3,AR1,0.0206543163432969,660,11,2018-07-01
15,Tsinghua,Trade_Exports,Pol_Agg,2.77182554405999,0.075729603994136,1,3,ZScore,0.0377810677679743,660,11,2018-07-01
15,Tsinghua,Trade_Exports,Pol_Agg,2.77182554405999,0.075729603994136,1,3,AR1,0.0377810677679743,660,11,2018-07-01
15,Tsinghua,Trade_Imports,Pol_Agg,2.33916756174591,0.407711765046443,0,1,ZScore,0.0277859074862947,660,11,2018-07-01
15,Tsinghua,Trade_Imports,Pol_Agg,2.33916756174591,0.407711765046443,0,1,AR1,0.0277859074862947,660,11,2018-07-01
16,GDELT,Trade_Total,Pol_Agg,3.91815052748434,0.026952814699307,6,0,ZScore,0.0119410973970069,1500,25,2019-07-01
16,GDELT,Trade_Total,Pol_Agg,2.9910198982097,0.0469444755140187,5,0,AR1,0.0272333967219175,1500,25,2019-07-01
16,GDELT,Trade_Total,Pol_CHN_Partner,3.4629812529739,0.145988900287168,6,0,ZScore,0.0176025118974253,1500,25,2019-07-01
16,GDELT,Trade_Total,Pol_CHN_Partner,3.01584897564701,0.112658652825093,6,0,AR1,0.017567162612918,1500,25,2019-07-01
16,GDELT,Trade_Total,Pol_Partner_CHN,3.87395240731684,0.0494166036332059,6,0,ZScore,0.0119764789477862,1500,25,2019-07-01
16,GDELT,Trade_Total,Pol_Partner_CHN,2.99934137265121,0.0699446010659707,2,1,AR1,0.0280203661682083,1500,25,2019-07-01
16,GDELT,Trade_Exports,Pol_Agg,3.88664061076958,0.0277797131026751,6,0,ZScore,0.0350902054086846,1500,25,2019-07-01
16,GDELT,Trade_Exports,Pol_Agg,2.85768992879159,0.00272587596096127,2,0,AR1,0.0261324637328894,1500,25,2019-07-01
16,GDELT,Trade_Exports,Pol_CHN_Partner,3.85762186445253,0.0569767778426373,6,0,ZScore,0.0411048110455573,1500,25,2019-07-01
16,GDELT,Trade_Exports,Pol_CHN_Partner,3.4215683016871,0.0083612624361652,6,0,AR1,0.0278225137776537,1500,25,2019-07-01
16,GDELT,Trade_Exports,Pol_Partner_CHN,4.14048882307746,0.0458036115574213,6,0,ZScore,0.0342593322603849,1500,25,2019-07-01
16,GDELT,Trade_Exports,Pol_Partner_CHN,3.38643960505011,0.0281674379281326,2,0,AR1,0.0240840386104669,1500,25,2019-07-01
16,GDELT,Trade_Imports,Pol_Agg,3.6626408008046,0.149866484430076,5,0,ZScore,0.0332332903902981,1500,25,2019-07-01
16,GDELT,Trade_Imports,Pol_Agg,4.11220303524934,0.0403468967441457,5,0,AR1,0.031771631998738,1500,25,2019-07-01
16,GDELT,Trade_Imports,Pol_CHN_Partner,3.58153353818732,0.120313105481634,5,0,ZScore,0.01993298173974,1500,25,2019-07-01
16,GDELT,Trade_Imports,Pol_CHN_Partner,3.92710264923687,0.0434252571172892,6,0,AR1,0.0132185663142603,1500,25,2019-07-01
16,GDELT,Trade_Imports,Pol_Partner_CHN,3.38175775810663,0.130835647469398,5,0,ZScore,0.0347614625042971,1500,25,2019-07-01
16,GDELT,Trade_Imports,Pol_Partner_CHN,4.11536767699284,0.00176396591176887,5,0,AR1,0.0413420965793198,1500,25,2019-07-01
16,ICEWS,Trade_Total,Pol_Agg,3.07655286640854,0.0946006413705135,4,2,ZScore,0.0311640765941163,1500,25,2019-07-01
16,ICEWS,Trade_Total,Pol_Agg,3.41155426074907,0.0745160266078298,4,3,AR1,0.0456181396929879,1500,25,2019-07-01
16,ICEWS,Trade_Total,Pol_CHN_Partner,3.25591792930959,0.152784669542592,4,0,ZScore,0.0216960613182376,1500,25,2019-07-01
16,ICEWS,Trade_Total,Pol_CHN_Partner,3.28643214168807,0.195150547599982,5,1,AR1,0.0254383233264531,1500,25,2019-07-01
16,ICEWS,Trade_Total,Pol_Partner_CHN,2.58968136523632,0.120002230183801,3,1,ZScore,0.0233203733135503,1500,25,2019-07-01
16,ICEWS,Trade_Total,Pol_Partner_CHN,2.65197056095972,0.126108996639359,3,0,AR1,0.0295015910690715,1500,25,2019-07-01
16,ICEWS,Trade_Exports,Pol_Agg,2.88773172967222,0.223688015491049,0,2,ZScore,0.0303448261460181,1500,25,2019-07-01
16,ICEWS,Trade_Exports,Pol_Agg,2.85361802607655,0.28302132073991,0,3,AR1,0.0318535159902084,1500,25,2019-07-01
16,ICEWS,Trade_Exports,Pol_CHN_Partner,2.92127359873641,0.267615464655538,0,1,ZScore,0.0277611594812933,1500,25,2019-07-01
16,ICEWS,Trade_Exports,Pol_CHN_Partner,2.54308380030594,0.34771385958905,0,2,AR1,0.0287564250601583,1500,25,2019-07-01
16,ICEWS,Trade_Exports,Pol_Partner_CHN,3.00619237364173,0.236211212198714,6,2,ZScore,0.0314249027524469,1500,25,2019-07-01
16,ICEWS,Trade_Exports,Pol_Partner_CHN,2.53572730646751,0.327570602528425,0,0,AR1,0.0296810004356045,1500,25,2019-07-01
16,ICEWS,Trade_Imports,Pol_Agg,3.57923579228439,0.0513030640716904,4,2,ZScore,0.0372551184310005,1500,25,2019-07-01
16,ICEWS,Trade_Imports,Pol_Agg,3.71664385028481,0.000226370048034868,4,2,AR1,0.0556316093592485,1500,25,2019-07-01
16,ICEWS,Trade_Imports,Pol_CHN_Partner,3.68797500402794,0.0174537998731125,4,0,ZScore,0.024151784878246,1500,25,2019-07-01
16,ICEWS,Trade_Imports,Pol_CHN_Partner,3.52820494529465,0.0320219028292997,4,0,AR1,0.0226972409944501,1500,25,2019-07-01
16,ICEWS,Trade_Imports,Pol_Partner_CHN,2.79217427051314,0.0408357721429783,2,0,ZScore,0.0267368429343125,1500,25,2019-07-01
16,ICEWS,Trade_Imports,Pol_Partner_CHN,3.04105899194224,0.00460506193188418,2,0,AR1,0.0379616715627641,1500,25,2019-07-01
16,Phoenix,Trade_Total,Pol_Agg,1.43159456994964,0.548299497933641,0,0,ZScore,0.0176823436931703,900,25,2019-07-01
16,Phoenix,Trade_Total,Pol_Agg,1.71251531360822,0.392303142471051,0,2,AR1,0.0265379355457966,900,25,2019-07-01
16,Phoenix,Trade_Total,Pol_CHN_Partner,2.064106064093,0.234521158616113,1,2,ZScore,0.0318520770984946,900,25,2019-07-01
16,Phoenix,Trade_Total,Pol_CHN_Partner,2.39820073571403,0.164209861199043,1,3,AR1,0.050211107209784,900,25,2019-07-01
16,Phoenix,Trade_Total,Pol_Partner_CHN,3.10017427098909,0.0784101611140072,1,2,ZScore,0.0321402362469293,900,25,2019-07-01
16,Phoenix,Trade_Total,Pol_Partner_CHN,3.28940634804132,0.00890461733917714,1,0,AR1,0.0303299655378158,900,25,2019-07-01
16,Phoenix,Trade_Exports,Pol_Agg,2.23929286221766,0.36862135665121,0,0,ZScore,0.0209068311450251,900,25,2019-07-01
16,Phoenix,Trade_Exports,Pol_Agg,2.10422253118324,0.2896830194011,0,1,AR1,0.0337180195247883,900,25,2019-07-01
16,Phoenix,Trade_Exports,Pol_CHN_Partner,2.461763700066,0.177001910632115,1,3,ZScore,0.0417902078587726,900,25,2019-07-01
16,Phoenix,Trade_Exports,Pol_CHN_Partner,2.56930606059423,0.134753757286073,1,5,AR1,0.0649372229079587,900,25,2019-07-01
16,Phoenix,Trade_Exports,Pol_Partner_CHN,2.3716742654371,0.288415928451712,0,3,ZScore,0.0361251812904339,900,25,2019-07-01
16,Phoenix,Trade_Exports,Pol_Partner_CHN,2.43002125671571,0.208215522944294,1,2,AR1,0.041755249676421,900,25,2019-07-01
16,Phoenix,Trade_Imports,Pol_Agg,2.24269719163029,0.359438226779212,0,0,ZScore,0.0298018568620904,900,25,2019-07-01
16,Phoenix,Trade_Imports,Pol_Agg,1.66357327198394,0.342318116172053,0,0,AR1,0.0294026763243922,900,25,2019-07-01
16,Phoenix,Trade_Imports,Pol_CHN_Partner,2.05200382876936,0.214670871552927,1,1,ZScore,0.0371875308254496,900,25,2019-07-01
16,Phoenix,Trade_Imports,Pol_CHN_Partner,2.23157819685851,0.180277339289782,1,1,AR1,0.0448169705141288,900,25,2019-07-01
16,Phoenix,Trade_Imports,Pol_Partner_CHN,3.26488181596739,0.104116297241732,4,1,ZScore,0.0391693125372794,900,25,2019-07-01
16,Phoenix,Trade_Imports,Pol_Partner_CHN,3.13563438007501,0.202126749812176,4,1,AR1,0.0377522262950211,900,25,2019-07-01
16,Tsinghua,Trade_Total,Pol_Agg,1.74675060360753,0.237998924773445,1,3,ZScore,0.0220789708217651,660,11,2019-07-01
16,Tsinghua,Trade_Total,Pol_Agg,1.74675060360753,0.237998924773445,1,3,AR1,0.0220789708217651,660,11,2019-07-01
16,Tsinghua,Trade_Exports,Pol_Agg,2.10593177497312,0.156373133932765,1,3,ZScore,0.0364301504627688,660,11,2019-07-01
16,Tsinghua,Trade_Exports,Pol_Agg,2.10593177497312,0.156373133932765,1,3,AR1,0.0364301504627688,660,11,2019-07-01
16,Tsinghua,Trade_Imports,Pol_Agg,2.040090449059,0.395182560882315,0,0,ZScore,0.0164356467645216,660,11,2019-07-01
16,Tsinghua,Trade_Imports,Pol_Agg,2.040090449059,0.395182560882315,0,0,AR1,0.0164356467645216,660,11,2019-07-01
17,GDELT,Trade_Total,Pol_Agg,3.33518916053746,0.11902096137236,6,0,ZScore,0.0207274351907221,1500,25,2020-07-01
17,GDELT,Trade_Total,Pol_Agg,2.70522704166443,0.151023003663594,5,0,AR1,0.0222208688423625,1500,25,2020-07-01
17,GDELT,Trade_Total,Pol_CHN_Partner,3.76792836076767,0.00475523401115308,5,0,ZScore,0.0261722088713802,1500,25,2020-07-01
17,GDELT,Trade_Total,Pol_CHN_Partner,3.06341414479423,0.0138257498435036,5,0,AR1,0.0253182412698191,1500,25,2020-07-01
17,GDELT,Trade_Total,Pol_Partner_CHN,3.47935391913618,0.0688419442857434,6,0,ZScore,0.0173641515850527,1500,25,2020-07-01
17,GDELT,Trade_Total,Pol_Partner_CHN,2.85219675780247,0.154185853009027,2,0,AR1,0.0206116110639953,1500,25,2020-07-01
17,GDELT,Trade_Exports,Pol_Agg,3.44650420904066,0.126065154936983,6,0,ZScore,0.0331446950546452,1500,25,2020-07-01
17,GDELT,Trade_Exports,Pol_Agg,2.8086846354888,0.176515969653458,2,0,AR1,0.0297230506271287,1500,25,2020-07-01
17,GDELT,Trade_Exports,Pol_CHN_Partner,3.83208237146065,0.0944391548409951,6,0,ZScore,0.0336558970953233,1500,25,2020-07-01
17,GDELT,Trade_Exports,Pol_CHN_Partner,2.85711877565127,0.127233418692763,5,1,AR1,0.0262710721917016,1500,25,2020-07-01
17,GDELT,Trade_Exports,Pol_Partner_CHN,3.88788404239153,0.0543520757605074,6,0,ZScore,0.0286511346565414,1500,25,2020-07-01
17,GDELT,Trade_Exports,Pol_Partner_CHN,3.07788654641394,0.180708497791751,6,0,AR1,0.0238069063651307,1500,25,2020-07-01
17,GDELT,Trade_Imports,Pol_Agg,2.43569124552643,0.354292304801983,0,0,ZScore,0.0150272403257044,1500,25,2020-07-01
17,GDELT,Trade_Imports,Pol_Agg,2.38169113820924,0.360003343983527,0,0,AR1,0.0146679812285463,1500,25,2020-07-01
17,GDELT,Trade_Imports,Pol_CHN_Partner,3.22869333024581,0.0756619731181422,5,0,ZScore,0.0215343178581662,1500,25,2020-07-01
17,GDELT,Trade_Imports,Pol_CHN_Partner,3.07200668517004,0.0539145819987539,5,0,AR1,0.0205065117424111,1500,25,2020-07-01
17,GDELT,Trade_Imports,Pol_Partner_CHN,2.18542312522478,0.31791437701764,0,0,ZScore,0.0150050559403519,1500,25,2020-07-01
17,GDELT,Trade_Imports,Pol_Partner_CHN,1.97485306133817,0.295350395382375,0,0,AR1,0.017465186838831,1500,25,2020-07-01
17,ICEWS,Trade_Total,Pol_Agg,2.84652864586503,0.0184494599263914,1,1,ZScore,0.0247223779374388,1500,25,2020-07-01
17,ICEWS,Trade_Total,Pol_Agg,3.09936037917477,0.00950989809651267,3,2,AR1,0.0360688660730004,1500,25,2020-07-01
17,ICEWS,Trade_Total,Pol_CHN_Partner,3.50224936922733,0.00645273206191441,6,0,ZScore,0.014544329838823,1500,25,2020-07-01
17,ICEWS,Trade_Total,Pol_CHN_Partner,3.23030276435521,0.0237383922562136,4,0,AR1,0.0151435524711976,1500,25,2020-07-01
17,ICEWS,Trade_Total,Pol_Partner_CHN,2.28708267324034,0.0282291758480694,1,1,ZScore,0.0218716942466559,1500,25,2020-07-01
17,ICEWS,Trade_Total,Pol_Partner_CHN,2.28371156365947,0.0856816223650327,3,0,AR1,0.0254664391283547,1500,25,2020-07-01
17,ICEWS,Trade_Exports,Pol_Agg,3.21322884538547,0.0761881358664008,6,0,ZScore,0.0209148034697055,1500,25,2020-07-01
17,ICEWS,Trade_Exports,Pol_Agg,2.93498581536671,0.139114085769207,3,0,AR1,0.024787080517893,1500,25,2020-07-01
17,ICEWS,Trade_Exports,Pol_CHN_Partner,4.22852172085288,0.0791233863565868,6,1,ZScore,0.0184420726203054,1500,25,2020-07-01
17,ICEWS,Trade_Exports,Pol_CHN_Partner,3.71295382808718,0.153056160968466,6,0,AR1,0.0162269443340625,1500,25,2020-07-01
17,ICEWS,Trade_Exports,Pol_Partner_CHN,2.74859895634055,0.179740623203219,3,1,ZScore,0.0276797401640048,1500,25,2020-07-01
17,ICEWS,Trade_Exports,Pol_Partner_CHN,2.35486471437543,0.319492779984939,0,0,AR1,0.0239729018950596,1500,25,2020-07-01
17,ICEWS,Trade_Imports,Pol_Agg,3.18718561239662,0.00949084049270784,1,0,ZScore,0.0312610257417087,1500,25,2020-07-01
17,ICEWS,Trade_Imports,Pol_Agg,3.05147991738547,0.0282464614588432,1,0,AR1,0.0460425514339335,1500,25,2020-07-01
17,ICEWS,Trade_Imports,Pol_CHN_Partner,2.83195724855926,0.0176872498349847,4,0,ZScore,0.0126399953301891,1500,25,2020-07-01
17,ICEWS,Trade_Imports,Pol_CHN_Partner,2.59878310622691,0.071213747071285,1,0,AR1,0.0123242600792084,1500,25,2020-07-01
17,ICEWS,Trade_Imports,Pol_Partner_CHN,2.12075438839043,0.0769160541021536,1,0,ZScore,0.0250973761977956,1500,25,2020-07-01
17,ICEWS,Trade_Imports,Pol_Partner_CHN,1.99874001872612,0.0741256082853616,1,0,AR1,0.0313266525141862,1500,25,2020-07-01
17,Phoenix,Trade_Total,Pol_Agg,2.03954101670996,0.385438075528598,0,0,ZScore,0.0356964920705153,600,25,2020-07-01
17,Phoenix,Trade_Total,Pol_Agg,1.88150799055615,0.323442291932261,0,2,AR1,0.0461860202082178,600,25,2020-07-01
17,Phoenix,Trade_Total,Pol_CHN_Partner,2.47651260278551,0.156960604954001,1,2,ZScore,0.0411338154883802,600,25,2020-07-01
17,Phoenix,Trade_Total,Pol_CHN_Partner,2.48188254323399,0.132971475471571,1,3,AR1,0.059580781559681,600,25,2020-07-01
17,Phoenix,Trade_Total,Pol_Partner_CHN,3.43962293451099,0.0080006727143088,3,1,ZScore,0.0379233948025055,600,25,2020-07-01
17,Phoenix,Trade_Total,Pol_Partner_CHN,3.2770265760246,0.0698957705105487,4,0,AR1,0.0403110347286739,600,25,2020-07-01
17,Phoenix,Trade_Exports,Pol_Agg,2.47927039024559,0.286272338119911,0,1,ZScore,0.0410439508546662,600,25,2020-07-01
17,Phoenix,Trade_Exports,Pol_Agg,2.14033089815342,0.264781753966336,0,1,AR1,0.0521217185526727,600,25,2020-07-01
17,Phoenix,Trade_Exports,Pol_CHN_Partner,2.57074821812785,0.158793354812274,1,2,ZScore,0.048125025482056,600,25,2020-07-01
17,Phoenix,Trade_Exports,Pol_CHN_Partner,2.63323501366352,0.121525481998476,1,6,AR1,0.0762896807019853,600,25,2020-07-01
17,Phoenix,Trade_Exports,Pol_Partner_CHN,2.66987529121864,0.23850781700845,0,2,ZScore,0.0488557577084512,600,25,2020-07-01
17,Phoenix,Trade_Exports,Pol_Partner_CHN,2.76061834916263,0.166632642144685,1,2,AR1,0.0614734059404894,600,25,2020-07-01
17,Phoenix,Trade_Imports,Pol_Agg,1.70000235911818,0.427529050054896,0,0,ZScore,0.0393703813917009,600,25,2020-07-01
17,Phoenix,Trade_Imports,Pol_Agg,1.76725219210448,0.353060409986121,0,1,AR1,0.0490179346205617,600,25,2020-07-01
17,Phoenix,Trade_Imports,Pol_CHN_Partner,2.42176409492294,0.161924654427282,1,1,ZScore,0.0443134968120828,600,25,2020-07-01
17,Phoenix,Trade_Imports,Pol_CHN_Partner,2.40722794161778,0.14945612788554,1,1,AR1,0.0509133896664569,600,25,2020-07-01
17,Phoenix,Trade_Imports,Pol_Partner_CHN,2.81566330211412,0.2004710380435,3,1,ZScore,0.0484837613473163,600,25,2020-07-01
17,Phoenix,Trade_Imports,Pol_Partner_CHN,2.65005724961625,0.311072895526272,0,1,AR1,0.048171443168648,600,25,2020-07-01
17,Tsinghua,Trade_Total,Pol_Agg,2.04902450425359,0.263653973037181,1,1,ZScore,0.0226042578709413,660,11,2020-07-01
17,Tsinghua,Trade_Total,Pol_Agg,2.04902450425359,0.263653973037181,1,1,AR1,0.0226042578709413,660,11,2020-07-01
17,Tsinghua,Trade_Exports,Pol_Agg,2.04960610491747,0.169500220629354,1,4,ZScore,0.0415031441957917,660,11,2020-07-01
17,Tsinghua,Trade_Exports,Pol_Agg,2.04960610491747,0.169500220629354,1,4,AR1,0.0415031441957917,660,11,2020-07-01
17,Tsinghua,Trade_Imports,Pol_Agg,3.25245500614176,0.22426830443976,6,0,ZScore,0.0359355273619362,660,11,2020-07-01
17,Tsinghua,Trade_Imports,Pol_Agg,3.25245500614176,0.22426830443976,6,0,AR1,0.0359355273619362,660,11,2020-07-01
18,GDELT,Trade_Total,Pol_Agg,2.43577681098598,0.321155779716862,0,0,ZScore,0.0173361431671096,1498,25,2021-07-01
18,GDELT,Trade_Total,Pol_Agg,2.18368583195981,0.346021273663929,0,1,AR1,0.0294585744309852,1498,25,2021-07-01
18,GDELT,Trade_Total,Pol_CHN_Partner,3.21492975914987,0.03512519576998,1,0,ZScore,0.0134841919183034,1498,25,2021-07-01
18,GDELT,Trade_Total,Pol_CHN_Partner,2.11648930095541,0.34360880110273,0,0,AR1,0.0105887988006267,1498,25,2021-07-01
18,GDELT,Trade_Total,Pol_Partner_CHN,2.67414978525782,0.38624217754309,0,0,ZScore,0.0179807217684771,1498,25,2021-07-01
18,GDELT,Trade_Total,Pol_Partner_CHN,2.5508718269044,0.285688796224016,0,1,AR1,0.0401605474086235,1498,25,2021-07-01
18,GDELT,Trade_Exports,Pol_Agg,2.13985586365039,0.316291592330106,0,0,ZScore,0.0220212022393847,1498,25,2021-07-01
18,GDELT,Trade_Exports,Pol_Agg,1.74863721520409,0.399655824488187,0,1,AR1,0.030601536999284,1498,25,2021-07-01
18,GDELT,Trade_Exports,Pol_CHN_Partner,2.93002543735395,0.124655594372142,1,0,ZScore,0.0231259409162949,1498,25,2021-07-01
18,GDELT,Trade_Exports,Pol_CHN_Partner,3.01138532983467,0.273889453733133,0,0,AR1,0.0233139654273926,1498,25,2021-07-01
18,GDELT,Trade_Exports,Pol_Partner_CHN,1.85380813182092,0.478569252639033,0,0,ZScore,0.0167137779752349,1498,25,2021-07-01
18,GDELT,Trade_Exports,Pol_Partner_CHN,2.20842608324886,0.294887742639501,0,1,AR1,0.048165738597592,1498,25,2021-07-01
18,GDELT,Trade_Imports,Pol_Agg,3.24864439019534,0.269550478468653,5,0,ZScore,0.0255215664659379,1498,25,2021-07-01
18,GDELT,Trade_Imports,Pol_Agg,2.79119222761404,0.214111997951613,5,0,AR1,0.047904917018201,1498,25,2021-07-01
18,GDELT,Trade_Imports,Pol_CHN_Partner,4.00919832805058,0.0568727224683899,5,0,ZScore,0.0183640970077225,1498,25,2021-07-01
18,GDELT,Trade_Imports,Pol_CHN_Partner,4.02163725209718,0.145065398493443,5,0,AR1,0.0209825660894312,1498,25,2021-07-01
18,GDELT,Trade_Imports,Pol_Partner_CHN,3.16000987976387,0.245705843177127,5,0,ZScore,0.0327059040809607,1498,25,2021-07-01
18,GDELT,Trade_Imports,Pol_Partner_CHN,2.84966046793303,0.236018496706649,5,0,AR1,0.043399565441686,1498,25,2021-07-01
18,ICEWS,Trade_Total,Pol_Agg,2.54553316828008,0.0826816784025389,1,2,ZScore,0.0321889453801869,1498,25,2021-07-01
18,ICEWS,Trade_Total,Pol_Agg,3.10742247219345,0.0256416256672415,3,2,AR1,0.0467592846390945,1498,25,2021-07-01
18,ICEWS,Trade_Total,Pol_CHN_Partner,2.57620350661236,0.0837214120454614,4,0,ZScore,0.0157529880968255,1498,25,2021-07-01
18,ICEWS,Trade_Total,Pol_CHN_Partner,3.39647378841449,0.0176177508745969,4,0,AR1,0.0278431979462833,1498,25,2021-07-01
18,ICEWS,Trade_Total,Pol_Partner_CHN,1.85653159567898,0.139003917265732,1,2,ZScore,0.0323468248460165,1498,25,2021-07-01
18,ICEWS,Trade_Total,Pol_Partner_CHN,2.34258242968273,0.0602568759331864,1,2,AR1,0.0382736137578866,1498,25,2021-07-01
18,ICEWS,Trade_Exports,Pol_Agg,2.74009637485284,0.0145033100767596,1,3,ZScore,0.0264500571118033,1498,25,2021-07-01
18,ICEWS,Trade_Exports,Pol_Agg,3.27973611162739,0.0523955778162311,3,2,AR1,0.0417937955971192,1498,25,2021-07-01
18,ICEWS,Trade_Exports,Pol_CHN_Partner,2.95605225207497,0.0958431641612808,3,1,ZScore,0.0226395682547717,1498,25,2021-07-01
18,ICEWS,Trade_Exports,Pol_CHN_Partner,3.28130156864298,0.0736802191479696,4,1,AR1,0.0340664203246434,1498,25,2021-07-01
18,ICEWS,Trade_Exports,Pol_Partner_CHN,2.28515989133248,0.0118473088906599,3,2,ZScore,0.0248592939531642,1498,25,2021-07-01
18,ICEWS,Trade_Exports,Pol_Partner_CHN,2.98579432622888,0.0913174138266553,3,1,AR1,0.0356858245054441,1498,25,2021-07-01
18,ICEWS,Trade_Imports,Pol_Agg,2.77170794542598,0.123400794557253,1,0,ZScore,0.0363683666211368,1498,25,2021-07-01
18,ICEWS,Trade_Imports,Pol_Agg,2.84641154121877,0.0806802726378741,1,0,AR1,0.0494343475513807,1498,25,2021-07-01
18,ICEWS,Trade_Imports,Pol_CHN_Partner,3.10935367819477,0.199185221153932,4,0,ZScore,0.019974209592772,1498,25,2021-07-01
18,ICEWS,Trade_Imports,Pol_CHN_Partner,3.32063672068244,0.139887503293891,4,0,AR1,0.018954470954786,1498,25,2021-07-01
18,ICEWS,Trade_Imports,Pol_Partner_CHN,1.64684497575669,0.230591348320934,1,2,ZScore,0.0379671475567216,1498,25,2021-07-01
18,ICEWS,Trade_Imports,Pol_Partner_CHN,1.7705597693908,0.170596008442716,1,2,AR1,0.0472206947841177,1498,25,2021-07-01
18,Phoenix,Trade_Total,Pol_Agg,3.66596210028545,0.0990272669404452,6,0,ZScore,0.0382652670418898,300,25,2021-07-01
18,Phoenix,Trade_Total,Pol_Agg,3.71825249957612,0.0243753756926735,6,0,AR1,0.0346957158809297,300,25,2021-07-01
18,Phoenix,Trade_Total,Pol_CHN_Partner,2.17312727085574,0.36327384937086,0,4,ZScore,0.0910636843798138,300,25,2021-07-01
18,Phoenix,Trade_Total,Pol_CHN_Partner,2.16777879121189,0.399527904220113,0,3,AR1,0.0762713366550361,300,25,2021-07-01
18,Phoenix,Trade_Total,Pol_Partner_CHN,2.74304903609817,0.137354458718333,2,0,ZScore,0.0424891867152319,300,25,2021-07-01
18,Phoenix,Trade_Total,Pol_Partner_CHN,2.47076478392749,0.144447908968606,2,0,AR1,0.0427261055629459,300,25,2021-07-01
18,Phoenix,Trade_Exports,Pol_Agg,3.09081338267796,0.257745226465769,6,1,ZScore,0.0517807250583047,300,25,2021-07-01
18,Phoenix,Trade_Exports,Pol_Agg,3.09092593257419,0.239409626151652,0,0,AR1,0.0432186086165806,300,25,2021-07-01
18,Phoenix,Trade_Exports,Pol_CHN_Partner,2.45142728714851,0.310518954714206,0,1,ZScore,0.0732979680384397,300,25,2021-07-01
18,Phoenix,Trade_Exports,Pol_CHN_Partner,2.13064843862873,0.386889058403198,0,1,AR1,0.0554109248812617,300,25,2021-07-01
18,Phoenix,Trade_Exports,Pol_Partner_CHN,3.22026979947103,0.150417538366951,2,1,ZScore,0.0392493561892985,300,25,2021-07-01
18,Phoenix,Trade_Exports,Pol_Partner_CHN,2.45319749312229,0.216120205292006,3,0,AR1,0.0486423656151055,300,25,2021-07-01
18,Phoenix,Trade_Imports,Pol_Agg,3.08045968200868,0.0889648321356356,2,0,ZScore,0.036173168186697,300,25,2021-07-01
18,Phoenix,Trade_Imports,Pol_Agg,3.44813543281149,0.00280297413889496,2,0,AR1,0.0360367692912793,300,25,2021-07-01
18,Phoenix,Trade_Imports,Pol_CHN_Partner,1.92212577548754,0.426282652262081,0,4,ZScore,0.109899640909835,300,25,2021-07-01
18,Phoenix,Trade_Imports,Pol_CHN_Partner,1.99576495378212,0.4646345595797,0,3,AR1,0.0906963096527809,300,25,2021-07-01
18,Phoenix,Trade_Imports,Pol_Partner_CHN,1.64929774136273,0.319352989255166,0,0,ZScore,0.0594616751820817,300,25,2021-07-01
18,Phoenix,Trade_Imports,Pol_Partner_CHN,1.40485156295578,0.480964316261749,0,1,AR1,0.0615875905941228,300,25,2021-07-01
18,Tsinghua,Trade_Total,Pol_Agg,3.57413991769948,0.10640164613379,6,1,ZScore,0.0237446596414859,660,11,2021-07-01
18,Tsinghua,Trade_Total,Pol_Agg,3.57413991769948,0.10640164613379,6,1,AR1,0.0237446596414859,660,11,2021-07-01
18,Tsinghua,Trade_Exports,Pol_Agg,2.3100419447082,0.114758121061954,1,1,ZScore,0.0334461473383945,660,11,2021-07-01
18,Tsinghua,Trade_Exports,Pol_Agg,2.3100419447082,0.114758121061954,1,1,AR1,0.0334461473383945,660,11,2021-07-01
18,Tsinghua,Trade_Imports,Pol_Agg,4.20507619987691,0.0449064213387715,6,0,ZScore,0.0288004589476901,660,11,2021-07-01
18,Tsinghua,Trade_Imports,Pol_Agg,4.20507619987691,0.0449064213387715,6,0,AR1,0.0288004589476901,660,11,2021-07-01
19,GDELT,Trade_Total,Pol_Agg,2.91300387895825,0.394513760034588,0,0,ZScore,0.0198892950518656,1468,25,2022-07-01
19,GDELT,Trade_Total,Pol_Agg,2.5284723936856,0.250275442866685,0,1,AR1,0.0527805333811123,1468,25,2022-07-01
19,GDELT,Trade_Total,Pol_CHN_Partner,3.11321393571868,0.26339553292264,6,0,ZScore,0.0158670644752451,1468,25,2022-07-01
19,GDELT,Trade_Total,Pol_CHN_Partner,2.45863434521899,0.303346251214269,0,0,AR1,0.0269789764529659,1468,25,2022-07-01
19,GDELT,Trade_Total,Pol_Partner_CHN,3.06084560124953,0.339872164755563,0,0,ZScore,0.021924590404631,1468,25,2022-07-01
19,GDELT,Trade_Total,Pol_Partner_CHN,2.80178606628945,0.207472180559224,0,4,AR1,0.0614436090851499,1468,25,2022-07-01
19,GDELT,Trade_Exports,Pol_Agg,2.5127805353241,0.410552087412233,0,0,ZScore,0.0238288164174863,1468,25,2022-07-01
19,GDELT,Trade_Exports,Pol_Agg,2.00714944328235,0.300902522085539,0,1,AR1,0.0557063676231751,1468,25,2022-07-01
19,GDELT,Trade_Exports,Pol_CHN_Partner,2.68791615683053,0.340705719806371,0,0,ZScore,0.0232202228626899,1468,25,2022-07-01
19,GDELT,Trade_Exports,Pol_CHN_Partner,1.85495033379027,0.314802061594511,0,1,AR1,0.041159292688079,1468,25,2022-07-01
19,GDELT,Trade_Exports,Pol_Partner_CHN,2.49932230043208,0.428229641133089,0,0,ZScore,0.0191931308857627,1468,25,2022-07-01
19,GDELT,Trade_Exports,Pol_Partner_CHN,2.57460974823892,0.214866213161392,0,4,AR1,0.0757042701783909,1468,25,2022-07-01
19,GDELT,Trade_Imports,Pol_Agg,3.48880260567695,0.207868008166506,5,0,ZScore,0.0353539720824785,1468,25,2022-07-01
19,GDELT,Trade_Imports,Pol_Agg,3.10662826889927,0.166191084517817,5,0,AR1,0.0639248504027592,1468,25,2022-07-01
19,GDELT,Trade_Imports,Pol_CHN_Partner,4.54346228674807,0.0612350129932207,6,0,ZScore,0.0227535274307958,1468,25,2022-07-01
19,GDELT,Trade_Imports,Pol_CHN_Partner,4.27020470649007,0.128472703122524,6,0,AR1,0.027845742016726,1468,25,2022-07-01
19,GDELT,Trade_Imports,Pol_Partner_CHN,3.19546542817043,0.205868543319323,5,0,ZScore,0.041108057856556,1468,25,2022-07-01
19,GDELT,Trade_Imports,Pol_Partner_CHN,3.10251546077391,0.177631416997013,5,0,AR1,0.0588867430448054,1468,25,2022-07-01
19,ICEWS,Trade_Total,Pol_Agg,2.74637526252216,0.0713452562196733,1,2,ZScore,0.0352288597671104,1468,25,2022-07-01
19,ICEWS,Trade_Total,Pol_Agg,3.23735788761818,0.0170328925981188,3,2,AR1,0.0483537407707026,1468,25,2022-07-01
19,ICEWS,Trade_Total,Pol_CHN_Partner,2.81886892802653,0.0255915016169311,3,0,ZScore,0.0168894108655857,1468,25,2022-07-01
19,ICEWS,Trade_Total,Pol_CHN_Partner,3.48342809973439,0.0176512487203758,4,0,AR1,0.0326077700270741,1468,25,2022-07-01
19,ICEWS,Trade_Total,Pol_Partner_CHN,2.2049720790309,0.126111286943403,1,2,ZScore,0.0395323078995888,1468,25,2022-07-01
19,ICEWS,Trade_Total,Pol_Partner_CHN,2.57265803793279,0.0528449333228636,1,2,AR1,0.0444767531091587,1468,25,2022-07-01
19,ICEWS,Trade_Exports,Pol_Agg,2.81370508224418,0.0486345315980779,1,3,ZScore,0.0392586326830443,1468,25,2022-07-01
19,ICEWS,Trade_Exports,Pol_Agg,3.44963701137683,0.0158424895669487,4,3,AR1,0.0535240767547534,1468,25,2022-07-01
19,ICEWS,Trade_Exports,Pol_CHN_Partner,2.9838248864014,0.0519745046898071,3,2,ZScore,0.0257279877992576,1468,25,2022-07-01
19,ICEWS,Trade_Exports,Pol_CHN_Partner,3.46590053681934,0.0299040188593168,4,1,AR1,0.0427825925800632,1468,25,2022-07-01
19,ICEWS,Trade_Exports,Pol_Partner_CHN,2.83202855190029,0.0477610628336276,1,2,ZScore,0.0462208518071908,1468,25,2022-07-01
19,ICEWS,Trade_Exports,Pol_Partner_CHN,3.28757010326623,0.0405390474310022,3,2,AR1,0.0534418039299478,1468,25,2022-07-01
19,ICEWS,Trade_Imports,Pol_Agg,2.84913995562814,0.0733320736298281,1,0,ZScore,0.0292354065162317,1468,25,2022-07-01
19,ICEWS,Trade_Imports,Pol_Agg,2.97555823553496,0.0568960581485463,1,0,AR1,0.0381572150727836,1468,25,2022-07-01
19,ICEWS,Trade_Imports,Pol_CHN_Partner,3.50178944190857,0.0954393356894003,6,0,ZScore,0.0205289566557,1468,25,2022-07-01
19,ICEWS,Trade_Imports,Pol_CHN_Partner,3.22241250086857,0.109818137467094,4,0,AR1,0.0202981194763466,1468,25,2022-07-01
19,ICEWS,Trade_Imports,Pol_Partner_CHN,1.46185751215054,0.236576936980097,1,1,ZScore,0.0307429193444751,1468,25,2022-07-01
19,ICEWS,Trade_Imports,Pol_Partner_CHN,1.77087535339377,0.172581094902864,1,1,AR1,0.0418267905607695,1468,25,2022-07-01
19,Tsinghua,Trade_Total,Pol_Agg,2.92595043491448,0.117161687191905,1,0,ZScore,0.0179816334625925,651,11,2022-07-01
19,Tsinghua,Trade_Total,Pol_Agg,2.92595043491448,0.117161687191905,1,0,AR1,0.0179816334625925,651,11,2022-07-01
19,Tsinghua,Trade_Exports,Pol_Agg,2.51714600365547,0.0804302655523508,2,0,ZScore,0.0271849983727072,651,11,2022-07-01
19,Tsinghua,Trade_Exports,Pol_Agg,2.51714600365547,0.0804302655523508,2,0,AR1,0.0271849983727072,651,11,2022-07-01
19,Tsinghua,Trade_Imports,Pol_Agg,4.23593020658107,0.120768371315419,5,0,ZScore,0.0144959939287119,651,11,2022-07-01
19,Tsinghua,Trade_Imports,Pol_Agg,4.23593020658107,0.120768371315419,5,0,AR1,0.0144959939287119,651,11,2022-07-01
20,GDELT,Trade_Total,Pol_Agg,3.36458571410683,0.137518405413601,6,0,ZScore,0.0267572440478356,1378,25,2023-07-01
20,GDELT,Trade_Total,Pol_Agg,3.08009375990605,0.264074284311704,0,0,AR1,0.0325771801307524,1378,25,2023-07-01
20,GDELT,Trade_Total,Pol_CHN_Partner,3.65664477810584,0.0265797590450199,3,0,ZScore,0.0260960034294874,1378,25,2023-07-01
20,GDELT,Trade_Total,Pol_CHN_Partner,3.39358297866703,0.191612222144149,6,0,AR1,0.0283462757970873,1378,25,2023-07-01
20,GDELT,Trade_Total,Pol_Partner_CHN,3.05897139583206,0.12861751347447,2,0,ZScore,0.0243406429598016,1378,25,2023-07-01
20,GDELT,Trade_Total,Pol_Partner_CHN,3.05065179121032,0.236777500218396,0,0,AR1,0.0319625232602062,1378,25,2023-07-01
20,GDELT,Trade_Exports,Pol_Agg,1.97635037760988,0.202423383324006,2,0,ZScore,0.0149650392907403,1378,25,2023-07-01
20,GDELT,Trade_Exports,Pol_Agg,2.41822425721926,0.278808852443826,0,0,AR1,0.0314238384395578,1378,25,2023-07-01
20,GDELT,Trade_Exports,Pol_CHN_Partner,2.48654949769525,0.173630761118647,3,0,ZScore,0.0168108291210976,1378,25,2023-07-01
20,GDELT,Trade_Exports,Pol_CHN_Partner,2.13925571936645,0.298314548186872,0,0,AR1,0.0267996337201832,1378,25,2023-07-01
20,GDELT,Trade_Exports,Pol_Partner_CHN,3.0260172762664,0.0158093351854975,2,0,ZScore,0.0217957729569334,1378,25,2023-07-01
20,GDELT,Trade_Exports,Pol_Partner_CHN,2.91692659332007,0.19550322424179,0,0,AR1,0.0324676461647978,1378,25,2023-07-01
20,GDELT,Trade_Imports,Pol_Agg,4.12590677462735,0.0790815096518178,6,1,ZScore,0.0452707396317205,1378,25,2023-07-01
20,GDELT,Trade_Imports,Pol_Agg,3.66473926475446,0.156138869882645,6,1,AR1,0.0502192049849469,1378,25,2023-07-01
20,GDELT,Trade_Imports,Pol_CHN_Partner,3.98577871803411,0.0625642351056892,6,2,ZScore,0.0426561357188162,1378,25,2023-07-01
20,GDELT,Trade_Imports,Pol_CHN_Partner,4.35309642019489,0.0458844487841241,6,1,AR1,0.0393693368922114,1378,25,2023-07-01
20,GDELT,Trade_Imports,Pol_Partner_CHN,3.51758971432174,0.11746829652112,6,1,ZScore,0.0474673026891835,1378,25,2023-07-01
20,GDELT,Trade_Imports,Pol_Partner_CHN,3.22310064025953,0.163769313696333,6,1,AR1,0.0511235733331563,1378,25,2023-07-01
20,ICEWS,Trade_Total,Pol_Agg,3.21672316662118,0.000695463737181304,3,3,ZScore,0.035954807835876,1378,25,2023-07-01
20,ICEWS,Trade_Total,Pol_Agg,3.35371269731556,0.000362122973564872,4,3,AR1,0.0443665561957481,1378,25,2023-07-01
20,ICEWS,Trade_Total,Pol_CHN_Partner,2.74979563288605,0.00359013264061373,3,0,ZScore,0.0151059420628273,1378,25,2023-07-01
20,ICEWS,Trade_Total,Pol_CHN_Partner,3.11737809917159,0.0578574345278601,3,0,AR1,0.0240237187118348,1378,25,2023-07-01
20,ICEWS,Trade_Total,Pol_Partner_CHN,3.03667414706956,0.0526968606858253,1,2,ZScore,0.0434487658655317,1378,25,2023-07-01
20,ICEWS,Trade_Total,Pol_Partner_CHN,2.97606440290116,0.0126897236419574,3,3,AR1,0.0479197509165724,1378,25,2023-07-01
20,ICEWS,Trade_Exports,Pol_Agg,3.74550748579858,0.0211031772364136,3,4,ZScore,0.0427244628167785,1378,25,2023-07-01
20,ICEWS,Trade_Exports,Pol_Agg,3.74202141643902,0.0204977242550611,5,3,AR1,0.0512647709810262,1378,25,2023-07-01
20,ICEWS,Trade_Exports,Pol_CHN_Partner,3.17107501618109,0.0055621022900833,3,0,ZScore,0.0155248390446399,1378,25,2023-07-01
20,ICEWS,Trade_Exports,Pol_CHN_Partner,3.3292077717158,0.0606386793613713,3,0,AR1,0.0269898917754231,1378,25,2023-07-01
20,ICEWS,Trade_Exports,Pol_Partner_CHN,3.86223919591144,0.00821049944185646,6,5,ZScore,0.0631244939495718,1378,25,2023-07-01
20,ICEWS,Trade_Exports,Pol_Partner_CHN,3.69184414890087,0.0213026196912811,3,4,AR1,0.0669876284854309,1378,25,2023-07-01
20,ICEWS,Trade_Imports,Pol_Agg,2.66753813833396,0.0554238004179621,4,0,ZScore,0.0330249403239308,1378,25,2023-07-01
20,ICEWS,Trade_Imports,Pol_Agg,2.67727187640936,0.0492462587024742,4,0,AR1,0.0343619876622828,1378,25,2023-07-01
20,ICEWS,Trade_Imports,Pol_CHN_Partner,3.63742996690373,0.0103742060832964,2,0,ZScore,0.0189324030367554,1378,25,2023-07-01
20,ICEWS,Trade_Imports,Pol_CHN_Partner,3.30868355363478,0.0286232638828329,3,0,AR1,0.0192296598969726,1378,25,2023-07-01
20,ICEWS,Trade_Imports,Pol_Partner_CHN,2.81086378721346,0.103086922193164,1,1,ZScore,0.0383462398752441,1378,25,2023-07-01
20,ICEWS,Trade_Imports,Pol_Partner_CHN,2.80983387119791,0.0660030396068279,1,1,AR1,0.0481809628454153,1378,25,2023-07-01
20,Tsinghua,Trade_Total,Pol_Agg,3.48962136368247,0.0127764437170038,2,0,ZScore,0.023779983415706,599,11,2023-07-01
20,Tsinghua,Trade_Total,Pol_Agg,3.48962136368247,0.0127764437170038,2,0,AR1,0.023779983415706,599,11,2023-07-01
20,Tsinghua,Trade_Exports,Pol_Agg,3.67340428706552,0.00718048624396678,2,2,ZScore,0.0355038652555161,599,11,2023-07-01
20,Tsinghua,Trade_Exports,Pol_Agg,3.67340428706552,0.00718048624396678,2,2,AR1,0.0355038652555161,599,11,2023-07-01
20,Tsinghua,Trade_Imports,Pol_Agg,3.45196619076108,0.0986213937918989,6,0,ZScore,0.0183939654677409,599,11,2023-07-01
20,Tsinghua,Trade_Imports,Pol_Agg,3.45196619076108,0.0986213937918989,6,0,AR1,0.0183939654677409,599,11,2023-07-01
