window_length,window_id,window_midpoint,db,trade,lag_order,avg_response_lag,immediate_share,peak_lag,sig_lags_count,sum_abs_coef,n,n_country
36,1,2003-07-01,GDELT,Trade_Total,3,1.95207176710727,0.0693836646120046,3,0,0.00617873449112611,693,22
36,1,2003-07-01,GDELT,Trade_Total,6,2.43556003113148,0.104881903526278,3,0,0.0101210740434,627,22
36,1,2003-07-01,GDELT,Trade_Total,12,5.76015767032524,0.197376053326814,0,0,0.0202624637206621,498,21
36,1,2003-07-01,GDELT,Trade_Exports,3,2.31251058728825,0.117482253889983,3,1,0.0122590218299409,693,22
36,1,2003-07-01,GDELT,Trade_Exports,6,3.18505654400151,0.0197495554999225,3,1,0.019256260780431,627,22
36,1,2003-07-01,GDELT,Trade_Exports,12,5.82120371485674,0.0786194104845284,12,0,0.041205675459946,498,21
36,1,2003-07-01,GDELT,Trade_Imports,3,1.08658808138833,0.289209237003705,1,0,0.0104689959779983,693,22
36,1,2003-07-01,GDELT,Trade_Imports,6,2.36383529333784,0.288290868630712,0,0,0.0128230792235181,627,22
36,1,2003-07-01,GDELT,Trade_Imports,12,6.46844232896576,0.0639831393622688,9,0,0.0365371832772438,498,21
36,1,2003-07-01,ICEWS,Trade_Total,3,0.632705340343753,0.514307343838687,0,0,0.0108051410940487,691,22
36,1,2003-07-01,ICEWS,Trade_Total,6,2.59983998289124,0.226274268222589,0,0,0.0193536265306169,625,22
36,1,2003-07-01,ICEWS,Trade_Total,12,7.35742235602561,0.120758869139147,12,1,0.0458266227830733,496,21
36,1,2003-07-01,ICEWS,Trade_Exports,3,0.867958758867525,0.340448838950051,1,1,0.0163630889331357,691,22
36,1,2003-07-01,ICEWS,Trade_Exports,6,1.69146972570287,0.294274283297341,0,1,0.0203884284663677,625,22
36,1,2003-07-01,ICEWS,Trade_Exports,12,6.28530179335235,0.175417007336951,12,3,0.0558208125845472,496,21
36,1,2003-07-01,ICEWS,Trade_Imports,3,0.584997888724431,0.610803048305974,0,0,0.00496898728662228,691,22
36,1,2003-07-01,ICEWS,Trade_Imports,6,4.21860261398679,0.0384952807303105,5,0,0.0241459019964514,625,22
36,1,2003-07-01,ICEWS,Trade_Imports,12,6.62083614202157,0.0267016716793263,7,0,0.0540984635201514,496,21
36,1,2003-07-01,Phoenix,Trade_Total,3,0.655836759268948,0.478720110729503,0,2,0.0325568501862768,678,22
36,1,2003-07-01,Phoenix,Trade_Total,6,2.05974479211333,0.317522496347029,0,2,0.0467473128963755,612,22
36,1,2003-07-01,Phoenix,Trade_Total,12,5.4713468278766,0.194886214007506,0,5,0.0873418624947579,483,21
36,1,2003-07-01,Phoenix,Trade_Exports,3,0.788450473754401,0.392499153884415,1,2,0.0320660051191464,678,22
36,1,2003-07-01,Phoenix,Trade_Exports,6,2.01286985857582,0.294660815550985,1,2,0.0459763914132386,612,22
36,1,2003-07-01,Phoenix,Trade_Exports,12,5.47975748928799,0.173853028137114,0,4,0.0875186200612202,483,21
36,1,2003-07-01,Phoenix,Trade_Imports,3,0.698017466842598,0.522276928417173,0,0,0.0294334975080814,678,22
36,1,2003-07-01,Phoenix,Trade_Imports,6,2.5419853446708,0.230032782739595,0,0,0.0561487188522547,612,22
36,1,2003-07-01,Phoenix,Trade_Imports,12,4.74891011089577,0.162527126397307,0,2,0.0935969892037351,483,21
36,1,2003-07-01,Tsinghua,Trade_Total,3,1.92097418089871,0.0208333806902819,2,0,0.0128887926429874,322,11
36,1,2003-07-01,Tsinghua,Trade_Total,6,3.84166782498529,0.00787180276402697,6,1,0.0310278385897348,289,11
36,1,2003-07-01,Tsinghua,Trade_Total,12,6.2052497538482,0.00353366857879126,6,3,0.0719372783533914,227,10
36,1,2003-07-01,Tsinghua,Trade_Exports,3,0.984975047596383,0.332303203886669,1,0,0.0204238398066854,322,11
36,1,2003-07-01,Tsinghua,Trade_Exports,6,3.69499520209103,0.0861113748487284,5,1,0.0482605350318659,289,11
36,1,2003-07-01,Tsinghua,Trade_Exports,12,5.45108443812507,0.0613911033741377,5,0,0.0835932271025899,227,10
36,1,2003-07-01,Tsinghua,Trade_Imports,3,1.69268384518258,0.302726470074036,3,0,0.0221108996964221,322,11
36,1,2003-07-01,Tsinghua,Trade_Imports,6,3.74007355111935,0.153492085935585,3,0,0.0326794129707163,289,11
36,1,2003-07-01,Tsinghua,Trade_Imports,12,6.18585276376153,0.0524082455994839,8,0,0.0741334930052104,227,10
36,2,2004-07-01,GDELT,Trade_Total,3,1.09026083672597,0.393753407434871,0,2,0.0184009951294188,783,23
36,2,2004-07-01,GDELT,Trade_Total,6,2.10142356140561,0.294226044955313,0,3,0.0259173990598311,777,23
36,2,2004-07-01,GDELT,Trade_Total,12,3.79054819364368,0.219699209436712,0,5,0.0354630312506749,759,22
36,2,2004-07-01,GDELT,Trade_Exports,3,1.37115537847721,0.308998131695087,0,0,0.0128821749689788,783,23
36,2,2004-07-01,GDELT,Trade_Exports,6,2.81849640108891,0.206403889681496,0,0,0.0218224628928271,777,23
36,2,2004-07-01,GDELT,Trade_Exports,12,5.15436128386101,0.142169881460593,0,0,0.0311341160967136,759,22
36,2,2004-07-01,GDELT,Trade_Imports,3,1.0431124991242,0.396876442172396,0,1,0.0200263204920095,783,23
36,2,2004-07-01,GDELT,Trade_Imports,6,2.09623315934695,0.284312756683348,0,1,0.0281332869286564,777,23
36,2,2004-07-01,GDELT,Trade_Imports,12,4.16234732054008,0.189010911302019,0,1,0.0439717060184225,759,22
36,2,2004-07-01,ICEWS,Trade_Total,3,1.05259901831082,0.322653435390663,1,3,0.0259865213428723,783,23
36,2,2004-07-01,ICEWS,Trade_Total,6,2.33041798330697,0.235894598205078,1,4,0.0355337800030475,777,23
36,2,2004-07-01,ICEWS,Trade_Total,12,5.77718945547574,0.126102478326575,12,6,0.0628593109377661,757,22
36,2,2004-07-01,ICEWS,Trade_Exports,3,0.765787527951573,0.38496480882717,1,2,0.0277653703989405,783,23
36,2,2004-07-01,ICEWS,Trade_Exports,6,1.83188111523146,0.296284551783563,1,2,0.0360881380205058,777,23
36,2,2004-07-01,ICEWS,Trade_Exports,12,5.51035186180024,0.15180407429279,1,3,0.0683264273000876,757,22
36,2,2004-07-01,ICEWS,Trade_Imports,3,1.85271190738616,0.0211664469301598,2,1,0.014293617713037,783,23
36,2,2004-07-01,ICEWS,Trade_Imports,6,3.71568517088416,0.0193712031525652,2,1,0.029967179645029,777,23
36,2,2004-07-01,ICEWS,Trade_Imports,12,5.63082685230363,0.00793785480119371,7,0,0.0465477836860391,757,22
36,2,2004-07-01,Phoenix,Trade_Total,3,0.955661386430674,0.451499116770306,0,2,0.035196986602095,783,23
36,2,2004-07-01,Phoenix,Trade_Total,6,2.6399444923399,0.286562297667508,0,3,0.0529241203965903,777,23
36,2,2004-07-01,Phoenix,Trade_Total,12,5.86552338427157,0.165122194558251,0,7,0.0897377195599238,744,22
36,2,2004-07-01,Phoenix,Trade_Exports,3,0.683732683533043,0.539517975889205,0,1,0.0251703883300774,783,23
36,2,2004-07-01,Phoenix,Trade_Exports,6,2.41481477992903,0.343485609768639,0,1,0.0388241840352701,777,23
36,2,2004-07-01,Phoenix,Trade_Exports,12,6.6884139792706,0.131783859615984,9,4,0.0904216454838031,744,22
36,2,2004-07-01,Phoenix,Trade_Imports,3,1.1927030107948,0.369168159153386,0,0,0.0402240495451248,783,23
36,2,2004-07-01,Phoenix,Trade_Imports,6,2.66692831369319,0.238808295118888,0,0,0.0577592371681302,777,23
36,2,2004-07-01,Phoenix,Trade_Imports,12,4.03584853453138,0.176593647684446,0,2,0.076592998798988,744,22
36,2,2004-07-01,Tsinghua,Trade_Total,3,1.30548438726886,0.434511581257915,0,0,0.00904123412743053,377,11
36,2,2004-07-01,Tsinghua,Trade_Total,6,3.4318922404311,0.205229007216102,5,0,0.0227397427265565,374,11
36,2,2004-07-01,Tsinghua,Trade_Total,12,5.15094247264965,0.129753780803656,5,1,0.0359137181775874,355,11
36,2,2004-07-01,Tsinghua,Trade_Exports,3,1.44735442920569,0.411681085739699,0,0,0.00439076590894251,377,11
36,2,2004-07-01,Tsinghua,Trade_Exports,6,4.09831213520448,0.0614384286782379,5,0,0.0149194137416096,374,11
36,2,2004-07-01,Tsinghua,Trade_Exports,12,6.48616642220195,0.0032738137718555,8,0,0.0300735301124629,355,11
36,2,2004-07-01,Tsinghua,Trade_Imports,3,1.62280357921064,0.363096840503633,3,1,0.0243715346988024,377,11
36,2,2004-07-01,Tsinghua,Trade_Imports,6,3.28993840982246,0.206465585005052,0,0,0.0474956417921367,374,11
36,2,2004-07-01,Tsinghua,Trade_Imports,12,4.68381917268808,0.103986499911761,3,1,0.0742010140539851,355,11
36,3,2005-07-01,GDELT,Trade_Total,3,1.50409657342719,0.395774655230623,0,0,0.00671203474421581,807,23
36,3,2005-07-01,GDELT,Trade_Total,6,2.99120423076939,0.205542400445564,4,0,0.0142958106437155,801,23
36,3,2005-07-01,GDELT,Trade_Total,12,6.44579875489544,0.113783840438764,7,1,0.02844215403806,789,23
36,3,2005-07-01,GDELT,Trade_Exports,3,1.6897472050079,0.288436925446672,3,0,0.00762381234523075,807,23
36,3,2005-07-01,GDELT,Trade_Exports,6,2.82036832411402,0.156815187224051,3,0,0.0114912684195017,801,23
36,3,2005-07-01,GDELT,Trade_Exports,12,5.7490043839073,0.0952567735539979,3,0,0.0214814327989672,789,23
36,3,2005-07-01,GDELT,Trade_Imports,3,0.925255742899956,0.547392173605969,0,1,0.0135190386190004,807,23
36,3,2005-07-01,GDELT,Trade_Imports,6,2.44989724466629,0.314091392052912,0,2,0.0244109612579762,801,23
36,3,2005-07-01,GDELT,Trade_Imports,12,5.75715168133849,0.170229582435554,0,3,0.0486633275056342,789,23
36,3,2005-07-01,ICEWS,Trade_Total,3,1.64172592421431,0.177434224292366,2,0,0.0144650520173605,807,23
36,3,2005-07-01,ICEWS,Trade_Total,6,3.45513224267745,0.0968823973777651,6,1,0.0299887835481082,801,23
36,3,2005-07-01,ICEWS,Trade_Total,12,6.79240792772032,0.0302597709880126,11,3,0.0553634578190031,789,23
36,3,2005-07-01,ICEWS,Trade_Exports,3,2.77964208844755,0.0312587783575361,3,0,0.00998667949362099,807,23
36,3,2005-07-01,ICEWS,Trade_Exports,6,3.85965699664536,0.00758079416776057,3,0,0.0214210735240226,801,23
36,3,2005-07-01,ICEWS,Trade_Exports,12,7.53121695332899,0.0170356698033439,12,2,0.0474252837442657,789,23
36,3,2005-07-01,ICEWS,Trade_Imports,3,1.53473817090771,0.148648738348238,2,1,0.0254169378019393,807,23
36,3,2005-07-01,ICEWS,Trade_Imports,6,3.43326123841074,0.087154095128194,5,3,0.0559446404485658,801,23
36,3,2005-07-01,ICEWS,Trade_Imports,12,5.15137291680811,0.0475585446071614,5,4,0.0820830720979841,789,23
36,3,2005-07-01,Phoenix,Trade_Total,3,1.84327055112931,0.188763905840059,3,1,0.0137696442283433,807,23
36,3,2005-07-01,Phoenix,Trade_Total,6,3.22832006205647,0.122492572726335,3,0,0.0271156655174523,801,23
36,3,2005-07-01,Phoenix,Trade_Total,12,7.33888329200862,0.0494459834750072,12,3,0.0573649016927561,789,23
36,3,2005-07-01,Phoenix,Trade_Exports,3,2.08841486759661,0.0629475279722355,3,2,0.0331138792226803,807,23
36,3,2005-07-01,Phoenix,Trade_Exports,6,2.72034820368341,0.0622602455859354,3,3,0.0459104623565739,801,23
36,3,2005-07-01,Phoenix,Trade_Exports,12,5.60259926747889,0.0311392736208347,3,4,0.0710567676676182,789,23
36,3,2005-07-01,Phoenix,Trade_Imports,3,1.46372874011426,0.115071126283803,2,0,0.0135502094582352,807,23
36,3,2005-07-01,Phoenix,Trade_Imports,6,3.81120605740155,0.0695679787066469,5,1,0.0381836983056035,801,23
36,3,2005-07-01,Phoenix,Trade_Imports,12,6.87335426375612,0.0360061420806353,5,2,0.0730839955569774,789,23
36,3,2005-07-01,Tsinghua,Trade_Total,3,1.61834301030425,0.178984068858458,2,0,0.00918710406462266,389,11
36,3,2005-07-01,Tsinghua,Trade_Total,6,2.65270044910105,0.129239385892866,2,0,0.0135272993599927,386,11
36,3,2005-07-01,Tsinghua,Trade_Total,12,6.47472824148718,0.0558710530447699,10,0,0.0271943299991665,380,11
36,3,2005-07-01,Tsinghua,Trade_Exports,3,1.77579135745391,0.282946670025615,3,0,0.00707637420731909,389,11
36,3,2005-07-01,Tsinghua,Trade_Exports,6,3.97685350691612,0.105991900213514,6,0,0.0186308728377333,386,11
36,3,2005-07-01,Tsinghua,Trade_Exports,12,7.28738457259007,0.0127930171482061,7,2,0.0483102843712388,380,11
36,3,2005-07-01,Tsinghua,Trade_Imports,3,1.72414237065139,0.23920916648249,3,1,0.0253106711662029,389,11
36,3,2005-07-01,Tsinghua,Trade_Imports,6,3.48961593423092,0.136724939794862,5,0,0.0400548189466258,386,11
36,3,2005-07-01,Tsinghua,Trade_Imports,12,5.81058217920253,0.0528890588000851,6,2,0.0592190495365694,380,11
36,4,2006-07-01,GDELT,Trade_Total,3,1.47831515164929,0.322412912467265,3,0,0.0140471910339821,825,23
36,4,2006-07-01,GDELT,Trade_Total,6,2.75420319775937,0.222073995926334,0,1,0.0212709611824625,822,23
36,4,2006-07-01,GDELT,Trade_Total,12,5.56144190083649,0.121647326290043,8,0,0.0352970497681247,813,23
36,4,2006-07-01,GDELT,Trade_Exports,3,1.6618787573939,0.331929756294854,3,0,0.0054661546738099,825,23
36,4,2006-07-01,GDELT,Trade_Exports,6,3.59455592626694,0.139473268016768,5,0,0.0130264211611723,822,23
36,4,2006-07-01,GDELT,Trade_Exports,12,7.19661817033546,0.0284487857828736,8,1,0.0356392550003248,813,23
36,4,2006-07-01,GDELT,Trade_Imports,3,1.52822149306867,0.250178094261815,3,0,0.0207838925926464,825,23
36,4,2006-07-01,GDELT,Trade_Imports,6,2.5538372627915,0.210376495660125,6,1,0.0278698539539057,822,23
36,4,2006-07-01,GDELT,Trade_Imports,12,4.51503151069038,0.157508987173086,6,1,0.038736991069216,813,23
36,4,2006-07-01,ICEWS,Trade_Total,3,1.73182554148457,0.375123174578297,3,1,0.0149586199907746,825,23
36,4,2006-07-01,ICEWS,Trade_Total,6,2.78157088310953,0.220194062666205,4,2,0.0244652934113993,822,23
36,4,2006-07-01,ICEWS,Trade_Total,12,6.24318562697399,0.100421667337263,4,3,0.0475416551665584,813,23
36,4,2006-07-01,ICEWS,Trade_Exports,3,1.91163711072832,0.287361670860114,3,1,0.0169644739232385,825,23
36,4,2006-07-01,ICEWS,Trade_Exports,6,2.93185159434672,0.176395378907537,4,2,0.026855621012449,822,23
36,4,2006-07-01,ICEWS,Trade_Exports,12,6.26752385706277,0.0685392863638477,4,3,0.051868367730358,813,23
36,4,2006-07-01,ICEWS,Trade_Imports,3,1.37682831220092,0.400071602032145,0,0,0.0177523264700448,825,23
36,4,2006-07-01,ICEWS,Trade_Imports,6,2.55401415250321,0.239028258946842,4,0,0.0285392582197886,822,23
36,4,2006-07-01,ICEWS,Trade_Imports,12,6.54064161706845,0.112117178063887,12,3,0.0623419687390289,813,23
36,4,2006-07-01,Phoenix,Trade_Total,3,1.5477099026817,0.42458860988069,3,0,0.010027132382908,825,23
36,4,2006-07-01,Phoenix,Trade_Total,6,3.23821021496047,0.211105095262956,4,0,0.0196833771319915,822,23
36,4,2006-07-01,Phoenix,Trade_Total,12,6.59934542587905,0.0948983724044643,10,0,0.0427850235625616,813,23
36,4,2006-07-01,Phoenix,Trade_Exports,3,1.4739710411613,0.453902739967165,0,0,0.0115566796922305,825,23
36,4,2006-07-01,Phoenix,Trade_Exports,6,2.95740814699583,0.259335033070635,0,0,0.0200599949774592,822,23
36,4,2006-07-01,Phoenix,Trade_Exports,12,6.69003061890623,0.120795630090362,10,0,0.0426828382408817,813,23
36,4,2006-07-01,Phoenix,Trade_Imports,3,2.63688546394133,0.0226994938878936,3,0,0.00773686470488114,825,23
36,4,2006-07-01,Phoenix,Trade_Imports,6,4.04628194428419,0.032093674912386,4,0,0.0235793961698443,822,23
36,4,2006-07-01,Phoenix,Trade_Imports,12,7.29227764574438,0.0133667087493971,9,3,0.0606861868220384,813,23
36,4,2006-07-01,Tsinghua,Trade_Total,3,1.61234867377699,0.223447968440615,3,0,0.0162444639130883,396,11
36,4,2006-07-01,Tsinghua,Trade_Total,6,2.99699356367513,0.133629693464439,4,2,0.0314201191631631,396,11
36,4,2006-07-01,Tsinghua,Trade_Total,12,4.86503739739427,0.101919380112264,5,3,0.0476210281430685,392,11
36,4,2006-07-01,Tsinghua,Trade_Exports,3,1.30606903715226,0.241264280649617,1,1,0.0298935900519601,396,11
36,4,2006-07-01,Tsinghua,Trade_Exports,6,2.40441535091542,0.174910593572684,1,1,0.047495944828603,396,11
36,4,2006-07-01,Tsinghua,Trade_Exports,12,3.86167884438135,0.162174525539382,1,1,0.0710473351532143,392,11
36,4,2006-07-01,Tsinghua,Trade_Imports,3,2.19143004979637,0.000401194927767026,3,1,0.0154599502298138,396,11
36,4,2006-07-01,Tsinghua,Trade_Imports,6,3.51769301972576,0.00777043265339599,3,1,0.0327971321934492,396,11
36,4,2006-07-01,Tsinghua,Trade_Imports,12,5.34626611253866,0.039500331157035,5,1,0.0575918916307359,392,11
36,5,2007-07-01,GDELT,Trade_Total,3,0.932346076305673,0.382305975111536,0,0,0.0162573910700397,828,23
36,5,2007-07-01,GDELT,Trade_Total,6,2.02214353235408,0.286940160102103,0,0,0.0212419754673505,828,23
36,5,2007-07-01,GDELT,Trade_Total,12,4.54055437809755,0.195048257266421,0,0,0.0302979792139952,828,23
36,5,2007-07-01,GDELT,Trade_Exports,3,1.18674560114929,0.315204019065579,1,0,0.0107769469127859,828,23
36,5,2007-07-01,GDELT,Trade_Exports,6,2.25273190056073,0.235256633983035,1,0,0.0145717666248956,828,23
36,5,2007-07-01,GDELT,Trade_Exports,12,6.26613603348974,0.126441826007151,11,0,0.0332933295678047,828,23
36,5,2007-07-01,GDELT,Trade_Imports,3,0.901809763552316,0.427627821860726,0,0,0.0242239587024522,828,23
36,5,2007-07-01,GDELT,Trade_Imports,6,2.32413835274503,0.313400646970077,0,0,0.0328111719056638,828,23
36,5,2007-07-01,GDELT,Trade_Imports,12,6.17312980128995,0.159786429736661,12,1,0.057389407534806,828,23
36,5,2007-07-01,ICEWS,Trade_Total,3,1.51051418258673,0.322575299341654,3,0,0.013526068378473,828,23
36,5,2007-07-01,ICEWS,Trade_Total,6,2.51595637153156,0.210395439201296,4,1,0.0211240421077547,828,23
36,5,2007-07-01,ICEWS,Trade_Total,12,6.70886203219135,0.056994084760367,10,1,0.0438002879335343,828,23
36,5,2007-07-01,ICEWS,Trade_Exports,3,1.62142922523883,0.289732642883337,3,0,0.0191288595538476,828,23
36,5,2007-07-01,ICEWS,Trade_Exports,6,2.92627151682634,0.185504422724705,3,1,0.0316960533480812,828,23
36,5,2007-07-01,ICEWS,Trade_Exports,12,5.70378605904351,0.0887865488842097,3,1,0.0509610467584666,828,23
36,5,2007-07-01,ICEWS,Trade_Imports,3,0.726524495307095,0.592304580917427,0,0,0.00992534127909977,828,23
36,5,2007-07-01,ICEWS,Trade_Imports,6,3.44407259953661,0.1979915344523,4,0,0.0273703496371382,828,23
36,5,2007-07-01,ICEWS,Trade_Imports,12,7.65948687252226,0.019189374985019,10,2,0.0822319746123701,828,23
36,5,2007-07-01,Phoenix,Trade_Total,3,1.90247280523552,0.149800006562562,2,0,0.0136706543051999,828,23
36,5,2007-07-01,Phoenix,Trade_Total,6,3.96314251323401,0.0614740451628221,5,1,0.0345639269797183,828,23
36,5,2007-07-01,Phoenix,Trade_Total,12,6.79492700274832,0.0203806733186231,5,2,0.0683634273057236,828,23
36,5,2007-07-01,Phoenix,Trade_Exports,3,1.4996734615682,0.337074601375785,2,0,0.00761695414872441,828,23
36,5,2007-07-01,Phoenix,Trade_Exports,6,4.18260254553319,0.0741351320022339,5,1,0.0312460882884186,828,23
36,5,2007-07-01,Phoenix,Trade_Exports,12,6.52013286955216,0.0326348345335078,5,0,0.058912783015227,828,23
36,5,2007-07-01,Phoenix,Trade_Imports,3,2.05979174839437,0.0293237061950367,2,0,0.0282920894616984,828,23
36,5,2007-07-01,Phoenix,Trade_Imports,6,3.31738073691181,0.00901601028509463,2,0,0.044329238608846,828,23
36,5,2007-07-01,Phoenix,Trade_Imports,12,6.85900209152648,0.0198134409173151,12,1,0.0944313686055258,828,23
36,5,2007-07-01,Tsinghua,Trade_Total,3,1.37965472577038,0.283411932122813,2,1,0.0224412758891351,396,11
36,5,2007-07-01,Tsinghua,Trade_Total,6,2.68906529520154,0.177799184562205,2,1,0.0322389860700454,396,11
36,5,2007-07-01,Tsinghua,Trade_Total,12,5.51108343870495,0.0771038029303836,2,2,0.0734721955618395,396,11
36,5,2007-07-01,Tsinghua,Trade_Exports,3,1.04645791558954,0.328555883577181,2,0,0.0320315676782484,396,11
36,5,2007-07-01,Tsinghua,Trade_Exports,6,2.49592861561341,0.203467913571805,2,0,0.0458423878478895,396,11
36,5,2007-07-01,Tsinghua,Trade_Exports,12,5.88619202431688,0.0864883412749489,2,1,0.0869842058614745,396,11
36,5,2007-07-01,Tsinghua,Trade_Imports,3,1.72071148319994,0.0909814241266136,2,0,0.018114215099552,396,11
36,5,2007-07-01,Tsinghua,Trade_Imports,6,3.25680756290051,0.0550837705352267,2,1,0.030361962065741,396,11
36,5,2007-07-01,Tsinghua,Trade_Imports,12,6.08149203666702,0.0034585253964829,2,2,0.0763778486603659,396,11
36,6,2008-07-01,GDELT,Trade_Total,3,1.89134071194265,0.13139332363704,3,0,0.0117752119308335,828,23
36,6,2008-07-01,GDELT,Trade_Total,6,3.14708458087316,0.0822664568427952,3,0,0.0186808494607821,828,23
36,6,2008-07-01,GDELT,Trade_Total,12,6.58409423199599,0.0229304127492088,12,1,0.036421006219508,828,23
36,6,2008-07-01,GDELT,Trade_Exports,3,1.70465788357354,0.204035907656598,3,0,0.0161679075566005,828,23
36,6,2008-07-01,GDELT,Trade_Exports,6,2.37870822582355,0.161791906595418,3,0,0.0216563657640124,828,23
36,6,2008-07-01,GDELT,Trade_Exports,12,5.36488701506914,0.0885252733720285,3,0,0.0401077872854708,828,23
36,6,2008-07-01,GDELT,Trade_Imports,3,1.89992060589332,0.14583176146037,3,2,0.0542940797016466,828,23
36,6,2008-07-01,GDELT,Trade_Imports,6,2.67317296212541,0.112101833700679,3,2,0.0721806951818523,828,23
36,6,2008-07-01,GDELT,Trade_Imports,12,5.9800515644358,0.0480238326154367,3,3,0.119275494899231,828,23
36,6,2008-07-01,ICEWS,Trade_Total,3,2.31079935791113,0.0225313081803971,2,0,0.00613290199766619,828,23
36,6,2008-07-01,ICEWS,Trade_Total,6,3.06898835106962,0.0122811591748041,2,0,0.0085806056750154,828,23
36,6,2008-07-01,ICEWS,Trade_Total,12,8.28180006192719,0.0107132050662959,10,1,0.0386429091885372,828,23
36,6,2008-07-01,ICEWS,Trade_Exports,3,2.54152404718663,0.0365583475546754,3,0,0.0109880612112987,828,23
36,6,2008-07-01,ICEWS,Trade_Exports,6,3.33823645242396,0.00190624543110324,3,0,0.0160948789499204,828,23
36,6,2008-07-01,ICEWS,Trade_Exports,12,6.91547491147062,0.0236111522374979,11,0,0.0378188172627451,828,23
36,6,2008-07-01,ICEWS,Trade_Imports,3,2.23135630897978,0.000997371470000154,2,0,0.0251071655419851,828,23
36,6,2008-07-01,ICEWS,Trade_Imports,6,2.90677352533484,0.00231845272915305,2,0,0.0345019914557464,828,23
36,6,2008-07-01,ICEWS,Trade_Imports,12,7.1764648940198,0.000997392822363813,10,1,0.0961439153714385,828,23
36,6,2008-07-01,Phoenix,Trade_Total,3,1.93363886837652,0.0977252573115906,2,0,0.0203014368071479,828,23
36,6,2008-07-01,Phoenix,Trade_Total,6,3.6106369260809,0.0417254208576922,6,0,0.0392668507363851,828,23
36,6,2008-07-01,Phoenix,Trade_Total,12,5.96219142989439,0.0200786827287698,7,2,0.0787825509721847,828,23
36,6,2008-07-01,Phoenix,Trade_Exports,3,1.08308531500397,0.523735055816567,0,0,0.00593267276945342,828,23
36,6,2008-07-01,Phoenix,Trade_Exports,6,1.72851977048485,0.409663406029291,0,0,0.00764469220343274,828,23
36,6,2008-07-01,Phoenix,Trade_Exports,12,6.75725042200732,0.112569794484791,7,0,0.0277826554007608,828,23
36,6,2008-07-01,Phoenix,Trade_Imports,3,2.07421796681434,0.0497031077952603,2,2,0.0456116630361827,828,23
36,6,2008-07-01,Phoenix,Trade_Imports,6,3.54181326737693,0.0306607132005139,2,3,0.0870104571723948,828,23
36,6,2008-07-01,Phoenix,Trade_Imports,12,5.73748798691756,0.0228978794602884,2,6,0.160272632906101,828,23
36,6,2008-07-01,Tsinghua,Trade_Total,3,1.12728488217212,0.483058440208968,0,0,0.0236676107073891,396,11
36,6,2008-07-01,Tsinghua,Trade_Total,6,3.27997402854921,0.193119623676909,5,4,0.0510172163856741,396,11
36,6,2008-07-01,Tsinghua,Trade_Total,12,5.30760506888769,0.151887745796874,0,5,0.0758717576919725,396,11
36,6,2008-07-01,Tsinghua,Trade_Exports,3,1.15644535761802,0.417013308223095,0,0,0.0397339586275508,396,11
36,6,2008-07-01,Tsinghua,Trade_Exports,6,2.84652696686315,0.217475696831526,0,1,0.0670627938222007,396,11
36,6,2008-07-01,Tsinghua,Trade_Exports,12,5.35586762832242,0.151512998689616,0,1,0.109318492728128,396,11
36,6,2008-07-01,Tsinghua,Trade_Imports,3,1.54961912066416,0.337508551626484,2,0,0.018135283527857,396,11
36,6,2008-07-01,Tsinghua,Trade_Imports,6,3.88375672584778,0.0904282429096384,5,2,0.0543270323119244,396,11
36,6,2008-07-01,Tsinghua,Trade_Imports,12,5.67034119193331,0.0795394878521713,5,1,0.0761911245169611,396,11
36,7,2009-07-01,GDELT,Trade_Total,3,1.18314198986769,0.3421232041716,0,1,0.0284881819559868,828,23
36,7,2009-07-01,GDELT,Trade_Total,6,2.24375800548626,0.25714670451126,0,1,0.0384757205255314,828,23
36,7,2009-07-01,GDELT,Trade_Total,12,4.02478640859408,0.203570979831324,0,2,0.0486110181112116,828,23
36,7,2009-07-01,GDELT,Trade_Exports,3,0.78647697570101,0.392589416615272,1,0,0.0212794181195164,828,23
36,7,2009-07-01,GDELT,Trade_Exports,6,2.2278795177078,0.24305471233704,1,0,0.0329037365564483,828,23
36,7,2009-07-01,GDELT,Trade_Exports,12,5.76709760188632,0.130761065887206,1,0,0.0611138654767676,828,23
36,7,2009-07-01,GDELT,Trade_Imports,3,1.56740890523381,0.335098208562164,3,1,0.0400371229004649,828,23
36,7,2009-07-01,GDELT,Trade_Imports,6,2.79709239242253,0.240241484502572,3,1,0.0586676893090899,828,23
36,7,2009-07-01,GDELT,Trade_Imports,12,4.3412865570303,0.186781051041391,3,1,0.0758053680385486,828,23
36,7,2009-07-01,ICEWS,Trade_Total,3,1.48865754162216,0.222310311265209,1,1,0.0234873726793545,828,23
36,7,2009-07-01,ICEWS,Trade_Total,6,2.4501386823607,0.146640135182973,1,1,0.032737913387745,828,23
36,7,2009-07-01,ICEWS,Trade_Total,12,4.85383859607534,0.108362889844345,1,1,0.0482826743878233,828,23
36,7,2009-07-01,ICEWS,Trade_Exports,3,0.86352702324064,0.453756302115631,0,0,0.0188815684480554,828,23
36,7,2009-07-01,ICEWS,Trade_Exports,6,1.5681106860423,0.371079020751391,0,0,0.022328503898328,828,23
36,7,2009-07-01,ICEWS,Trade_Exports,12,5.6261080331636,0.184916584001842,0,0,0.0457042297852617,828,23
36,7,2009-07-01,ICEWS,Trade_Imports,3,1.92672110151984,0.123501907882377,3,3,0.0370522496517073,828,23
36,7,2009-07-01,ICEWS,Trade_Imports,6,3.27884242715586,0.0388513223853682,5,4,0.0678562119958665,828,23
36,7,2009-07-01,ICEWS,Trade_Imports,12,4.93257089783973,0.0392030824142785,5,4,0.0994827940360175,828,23
36,7,2009-07-01,Phoenix,Trade_Total,3,2.13941997481698,0.195101724131209,3,0,0.00545149032714229,828,23
36,7,2009-07-01,Phoenix,Trade_Total,6,3.49064039708091,0.0989057009909759,3,0,0.0114598989915161,828,23
36,7,2009-07-01,Phoenix,Trade_Total,12,6.40897668206511,0.0395796770940824,7,0,0.0271492347844296,828,23
36,7,2009-07-01,Phoenix,Trade_Exports,3,1.39636330366231,0.267475303542996,2,0,0.0112029328267151,828,23
36,7,2009-07-01,Phoenix,Trade_Exports,6,3.32732470316419,0.134475479013812,5,0,0.0216299210722856,828,23
36,7,2009-07-01,Phoenix,Trade_Exports,12,6.40254310979343,0.0739852333601514,8,0,0.050413761429995,828,23
36,7,2009-07-01,Phoenix,Trade_Imports,3,1.65923131698592,0.259250270236112,3,0,0.0175533343946492,828,23
36,7,2009-07-01,Phoenix,Trade_Imports,6,2.78389722537113,0.16283065097625,4,0,0.0270099152099434,828,23
36,7,2009-07-01,Phoenix,Trade_Imports,12,6.52941307151751,0.0640352947533655,7,1,0.0696683285502042,828,23
36,7,2009-07-01,Tsinghua,Trade_Total,3,1.38880321016012,0.294287027723394,0,2,0.0263938022216708,396,11
36,7,2009-07-01,Tsinghua,Trade_Total,6,2.66405829315197,0.159785081434173,4,3,0.0440322896178948,396,11
36,7,2009-07-01,Tsinghua,Trade_Total,12,6.11798364760037,0.0904463141889321,12,6,0.0823553329194469,396,11
36,7,2009-07-01,Tsinghua,Trade_Exports,3,1.17228260536663,0.403797916139935,0,1,0.0409750821008068,396,11
36,7,2009-07-01,Tsinghua,Trade_Exports,6,2.29201857060039,0.262668927640005,0,1,0.0598927695440522,396,11
36,7,2009-07-01,Tsinghua,Trade_Exports,12,5.94467768347046,0.142631242126324,0,4,0.11239531983776,396,11
36,7,2009-07-01,Tsinghua,Trade_Imports,3,2.17928723485947,0.0801860805245286,3,0,0.014280668541312,396,11
36,7,2009-07-01,Tsinghua,Trade_Imports,6,3.73079780574662,0.0552250550949681,4,0,0.0446684564576128,396,11
36,7,2009-07-01,Tsinghua,Trade_Imports,12,6.52199137938349,0.0219627811476184,4,0,0.077500850870902,396,11
36,8,2010-07-01,GDELT,Trade_Total,3,0.879648080329292,0.359246005696164,1,1,0.0201249773818788,828,23
36,8,2010-07-01,GDELT,Trade_Total,6,2.84822651328676,0.219351424771854,6,2,0.0333505320885198,828,23
36,8,2010-07-01,GDELT,Trade_Total,12,5.75001847322042,0.149027899167575,6,3,0.0550682105115802,828,23
36,8,2010-07-01,GDELT,Trade_Exports,3,1.5407591541802,0.223420918238834,1,2,0.0257654816191729,828,23
36,8,2010-07-01,GDELT,Trade_Exports,6,3.24346982441435,0.125880657652208,6,3,0.0453550130167618,828,23
36,8,2010-07-01,GDELT,Trade_Exports,12,4.95037967005966,0.106871829414343,6,3,0.0601622352229856,828,23
36,8,2010-07-01,GDELT,Trade_Imports,3,1.39293574775714,0.322538420394179,0,0,0.0308998513391345,828,23
36,8,2010-07-01,GDELT,Trade_Imports,6,2.80625820112461,0.206520544404935,0,0,0.050160522975833,828,23
36,8,2010-07-01,GDELT,Trade_Imports,12,5.21946458075766,0.143697420906696,0,1,0.0750536199993139,828,23
36,8,2010-07-01,ICEWS,Trade_Total,3,2.55466154732057,0.0113887465817968,3,0,0.00584284195546669,828,23
36,8,2010-07-01,ICEWS,Trade_Total,6,3.63888332112272,0.00163024033191825,4,0,0.0105300569270434,828,23
36,8,2010-07-01,ICEWS,Trade_Total,12,7.37572902457684,0.000725857929949781,11,0,0.026297915466885,828,23
36,8,2010-07-01,ICEWS,Trade_Exports,3,1.46449182063817,0.36996210064856,0,0,0.0131935252857081,828,23
36,8,2010-07-01,ICEWS,Trade_Exports,6,3.41351107628812,0.176614118118522,6,2,0.0254016674780983,828,23
36,8,2010-07-01,ICEWS,Trade_Exports,12,5.64796849838691,0.0982577400193415,6,2,0.0383573889255395,828,23
36,8,2010-07-01,ICEWS,Trade_Imports,3,1.50961010641987,0.378161516762876,0,0,0.0175201384144774,828,23
36,8,2010-07-01,ICEWS,Trade_Imports,6,3.37819826084389,0.176964383681276,5,0,0.036435369784716,828,23
36,8,2010-07-01,ICEWS,Trade_Imports,12,6.1796013901525,0.0980550287332397,5,1,0.0630065704175929,828,23
36,8,2010-07-01,Phoenix,Trade_Total,3,0.903224718663971,0.415960913439117,0,0,0.00955140496076806,828,23
36,8,2010-07-01,Phoenix,Trade_Total,6,2.98975037009956,0.207075897812095,5,1,0.02267952684502,828,23
36,8,2010-07-01,Phoenix,Trade_Total,12,5.92038936231463,0.121196595753724,5,1,0.0401764488522102,828,23
36,8,2010-07-01,Phoenix,Trade_Exports,3,1.20577514865741,0.376402359099742,0,0,0.0144578849095386,828,23
36,8,2010-07-01,Phoenix,Trade_Exports,6,2.9015267006971,0.213362294224277,0,0,0.0292519067260336,828,23
36,8,2010-07-01,Phoenix,Trade_Exports,12,4.68223286412128,0.15674975137574,0,0,0.0398346147447732,828,23
36,8,2010-07-01,Phoenix,Trade_Imports,3,2.01006904709967,0.176284109703909,3,0,0.0135686899965046,828,23
36,8,2010-07-01,Phoenix,Trade_Imports,6,3.52061095521288,0.0639768189469917,5,0,0.0250410866945671,828,23
36,8,2010-07-01,Phoenix,Trade_Imports,12,6.96654561440859,0.0181280638228227,8,2,0.0579782815773034,828,23
36,8,2010-07-01,Tsinghua,Trade_Total,3,2.09069417132239,0.0165212864690807,2,1,0.00995288020436717,396,11
36,8,2010-07-01,Tsinghua,Trade_Total,6,4.15508271813951,0.000465253236802754,6,2,0.0322930453573086,396,11
36,8,2010-07-01,Tsinghua,Trade_Total,12,6.08532573080812,0.0300162986036446,6,1,0.0495038929498649,396,11
36,8,2010-07-01,Tsinghua,Trade_Exports,3,0.890958772740525,0.439529262425262,0,1,0.0177031335814058,396,11
36,8,2010-07-01,Tsinghua,Trade_Exports,6,3.50171858932683,0.156804035929538,6,2,0.0486871467201128,396,11
36,8,2010-07-01,Tsinghua,Trade_Exports,12,5.9464651143739,0.119332767273274,6,4,0.0805870711842176,396,11
36,8,2010-07-01,Tsinghua,Trade_Imports,3,1.24746304075683,0.423973067331324,0,0,0.0156541797324252,396,11
36,8,2010-07-01,Tsinghua,Trade_Imports,6,3.04357128863218,0.221036306579271,4,0,0.0317208360948767,396,11
36,8,2010-07-01,Tsinghua,Trade_Imports,12,5.34540098195677,0.118333375882659,8,0,0.0510680772361386,396,11
36,9,2011-07-01,GDELT,Trade_Total,3,0.924211074909662,0.1736517554021,1,1,0.0092252776923328,828,23
36,9,2011-07-01,GDELT,Trade_Total,6,3.88134853605892,0.0764854800886941,6,1,0.0226064695266349,828,23
36,9,2011-07-01,GDELT,Trade_Total,12,6.50802976154477,0.044354617607115,6,1,0.0373958304402919,828,23
36,9,2011-07-01,GDELT,Trade_Exports,3,1.36735515274439,0.242741183448187,1,0,0.00921451903121758,828,23
36,9,2011-07-01,GDELT,Trade_Exports,6,4.37728986408319,0.0851118330801213,6,2,0.0334987518507775,828,23
36,9,2011-07-01,GDELT,Trade_Exports,12,6.31307471941751,0.0606450383473139,6,3,0.0564356705161028,828,23
36,9,2011-07-01,GDELT,Trade_Imports,3,1.36795034657509,0.201918356317012,1,0,0.0137592469635784,828,23
36,9,2011-07-01,GDELT,Trade_Imports,6,3.13641759714775,0.119707575080414,1,0,0.0266035502484336,828,23
36,9,2011-07-01,GDELT,Trade_Imports,12,5.55108436494147,0.08635995054696,6,0,0.0437625851690526,828,23
36,9,2011-07-01,ICEWS,Trade_Total,3,2.05602750141942,0.146707761582984,3,1,0.0126800904442756,828,23
36,9,2011-07-01,ICEWS,Trade_Total,6,3.45727492383582,0.0801744847103255,3,2,0.0250590129268825,828,23
36,9,2011-07-01,ICEWS,Trade_Total,12,5.67718971953419,0.0506651067547371,6,3,0.0407668896723103,828,23
36,9,2011-07-01,ICEWS,Trade_Exports,3,2.12434154992265,0.192165151160672,3,1,0.0123264800623853,828,23
36,9,2011-07-01,ICEWS,Trade_Exports,6,3.61384201249253,0.102492556052304,3,2,0.0250632362116813,828,23
36,9,2011-07-01,ICEWS,Trade_Exports,12,4.99826878546652,0.0638896498494784,3,2,0.031685765292016,828,23
36,9,2011-07-01,ICEWS,Trade_Imports,3,2.19586676840973,0.0197545736704885,3,1,0.0153278015751744,828,23
36,9,2011-07-01,ICEWS,Trade_Imports,6,3.63152708629506,0.00472395225354161,4,1,0.0284700736533461,828,23
36,9,2011-07-01,ICEWS,Trade_Imports,12,6.19797087932131,0.00101624025648884,4,1,0.0492340790864811,828,23
36,9,2011-07-01,Phoenix,Trade_Total,3,1.54064516072946,0.0382054206214266,1,0,0.00997928323870843,828,23
36,9,2011-07-01,Phoenix,Trade_Total,6,3.27324962515779,0.0479487363867737,6,0,0.0200451225609349,828,23
36,9,2011-07-01,Phoenix,Trade_Total,12,5.96061876790409,0.036862573271011,6,1,0.0388825931516233,828,23
36,9,2011-07-01,Phoenix,Trade_Exports,3,1.74026910064537,0.142520278567012,2,0,0.0167102078851293,828,23
36,9,2011-07-01,Phoenix,Trade_Exports,6,2.88982038114418,0.117519068410058,2,1,0.0245228006609943,828,23
36,9,2011-07-01,Phoenix,Trade_Exports,12,6.34811629124831,0.0635755434448799,9,3,0.0585071527896845,828,23
36,9,2011-07-01,Phoenix,Trade_Imports,3,1.47404149067041,0.29223489686862,3,0,0.0123267767959339,828,23
36,9,2011-07-01,Phoenix,Trade_Imports,6,3.42891971283343,0.117985302558212,5,0,0.0241953149984258,828,23
36,9,2011-07-01,Phoenix,Trade_Imports,12,7.09532991581378,0.0611510956937005,8,1,0.0532327435895416,828,23
36,9,2011-07-01,Tsinghua,Trade_Total,3,1.98118260112063,0.0849585280519189,3,0,0.00855035227133456,396,11
36,9,2011-07-01,Tsinghua,Trade_Total,6,4.60037336381199,0.0207654171934814,6,1,0.0431539318190588,396,11
36,9,2011-07-01,Tsinghua,Trade_Total,12,5.41085860002706,0.021237501112519,6,1,0.0580815878249961,396,11
36,9,2011-07-01,Tsinghua,Trade_Exports,3,1.66416449372402,0.0169866187309565,2,1,0.0105961638677117,396,11
36,9,2011-07-01,Tsinghua,Trade_Exports,6,4.44324840308524,0.0121350126460191,6,3,0.0502179619032396,396,11
36,9,2011-07-01,Tsinghua,Trade_Exports,12,5.78860140740137,0.0111285282631752,6,5,0.0765801106937203,396,11
36,9,2011-07-01,Tsinghua,Trade_Imports,3,2.24115921746158,0.0990777496787865,3,1,0.018358774964058,396,11
36,9,2011-07-01,Tsinghua,Trade_Imports,6,4.17498045091453,0.0342114534886486,6,2,0.0465376874334376,396,11
36,9,2011-07-01,Tsinghua,Trade_Imports,12,6.51258096484024,0.0411094919779939,6,0,0.0740586962160381,396,11
36,10,2012-07-01,GDELT,Trade_Total,3,0.7866920486683,0.436370491484906,0,0,0.00398779377359393,828,23
36,10,2012-07-01,GDELT,Trade_Total,6,4.40013935513752,0.134603556153848,6,1,0.0154016623622508,828,23
36,10,2012-07-01,GDELT,Trade_Total,12,7.3059689807647,0.044379344452894,6,1,0.0346661929511891,828,23
36,10,2012-07-01,GDELT,Trade_Exports,3,1.28363875803701,0.373792707726134,0,0,0.0191764834003742,828,23
36,10,2012-07-01,GDELT,Trade_Exports,6,3.37122938841166,0.201794257035485,6,1,0.0409896739337455,828,23
36,10,2012-07-01,GDELT,Trade_Exports,12,5.28709785442798,0.117930306444032,6,2,0.067252093628866,828,23
36,10,2012-07-01,GDELT,Trade_Imports,3,1.30841140255265,0.324679974497385,0,0,0.0217105435375451,828,23
36,10,2012-07-01,GDELT,Trade_Imports,6,3.04634921371261,0.188814128309182,5,0,0.0381909389587578,828,23
36,10,2012-07-01,GDELT,Trade_Imports,12,5.63824872573121,0.122465426364994,10,0,0.061753252396749,828,23
36,10,2012-07-01,ICEWS,Trade_Total,3,1.90088278837975,0.0545778274866798,3,0,0.0120942010182136,828,23
36,10,2012-07-01,ICEWS,Trade_Total,6,3.20415243604318,0.0391589026388521,1,1,0.0206425524529605,828,23
36,10,2012-07-01,ICEWS,Trade_Total,12,5.71893222514189,0.0161856006445767,1,0,0.0331777304845595,828,23
36,10,2012-07-01,ICEWS,Trade_Exports,3,0.826582204666447,0.368732478608305,1,0,0.00962665471810533,828,23
36,10,2012-07-01,ICEWS,Trade_Exports,6,3.1324233969083,0.178284430082045,1,0,0.0223425641599453,828,23
36,10,2012-07-01,ICEWS,Trade_Exports,12,5.26264511592801,0.123808552064668,5,0,0.0332462349615285,828,23
36,10,2012-07-01,ICEWS,Trade_Imports,3,2.15692771294898,0.0689449643419186,3,1,0.0195521177069386,828,23
36,10,2012-07-01,ICEWS,Trade_Imports,6,2.76643819841067,0.0607022506790679,3,1,0.025847504809168,828,23
36,10,2012-07-01,ICEWS,Trade_Imports,12,5.74535608780772,0.0441202208775456,3,1,0.0497646230427094,828,23
36,10,2012-07-01,Phoenix,Trade_Total,3,1.24271922906836,0.27453377102966,1,0,0.00574808577124302,828,23
36,10,2012-07-01,Phoenix,Trade_Total,6,3.8369266467566,0.114558752859733,6,1,0.0176466658620081,828,23
36,10,2012-07-01,Phoenix,Trade_Total,12,6.37309646556196,0.0778173654799254,6,1,0.0316390915489892,828,23
36,10,2012-07-01,Phoenix,Trade_Exports,3,0.709565587870619,0.659772249275318,0,1,0.0128669640202085,828,23
36,10,2012-07-01,Phoenix,Trade_Exports,6,2.71515840912361,0.366380594679734,0,1,0.0226085783966462,828,23
36,10,2012-07-01,Phoenix,Trade_Exports,12,5.45095718221757,0.19513718239014,0,1,0.0405950758255369,828,23
36,10,2012-07-01,Phoenix,Trade_Imports,3,0.910408299873589,0.5587846755627,0,0,0.0166986626969714,828,23
36,10,2012-07-01,Phoenix,Trade_Imports,6,3.4471035013044,0.227280090615604,6,0,0.0356508294226104,828,23
36,10,2012-07-01,Phoenix,Trade_Imports,12,6.62475717151137,0.102282541494216,7,2,0.0695356851056979,828,23
36,10,2012-07-01,Tsinghua,Trade_Total,3,2.29803330769955,0.0891632858798633,3,1,0.0147610574148319,396,11
36,10,2012-07-01,Tsinghua,Trade_Total,6,3.83835447608761,0.0511163362317469,3,2,0.0269317003191932,396,11
36,10,2012-07-01,Tsinghua,Trade_Total,12,6.11014852711469,0.0163603691665913,3,2,0.0424455992575222,396,11
36,10,2012-07-01,Tsinghua,Trade_Exports,3,2.24081691857221,0.00274176004856563,3,0,0.00754391101706325,396,11
36,10,2012-07-01,Tsinghua,Trade_Exports,6,4.55459256262392,0.011052287093548,6,1,0.026745935519004,396,11
36,10,2012-07-01,Tsinghua,Trade_Exports,12,6.72067284651375,0.0255467536136761,6,2,0.0507598791520048,396,11
36,10,2012-07-01,Tsinghua,Trade_Imports,3,2.20883139880729,0.123882158001047,3,2,0.0280890097919241,396,11
36,10,2012-07-01,Tsinghua,Trade_Imports,6,2.94137785673872,0.0962073668144621,3,2,0.0397277233170749,396,11
36,10,2012-07-01,Tsinghua,Trade_Imports,12,5.29881378688055,0.0441364184895854,3,2,0.0586803774753577,396,11
36,11,2013-07-01,GDELT,Trade_Total,3,1.60533889423524,0.218894327012688,3,0,0.0107069576863806,828,23
36,11,2013-07-01,GDELT,Trade_Total,6,2.59733037179245,0.162024854380258,1,0,0.0150883860341223,828,23
36,11,2013-07-01,GDELT,Trade_Total,12,6.50892713181078,0.064955932199556,9,0,0.0327488789078189,828,23
36,11,2013-07-01,GDELT,Trade_Exports,3,1.32301266063982,0.159251706925366,1,1,0.0163513734354739,828,23
36,11,2013-07-01,GDELT,Trade_Exports,6,2.70567253299688,0.112012736542488,1,1,0.0247832781930868,828,23
36,11,2013-07-01,GDELT,Trade_Exports,12,5.06687820434796,0.0742995813439659,1,1,0.0379714520455699,828,23
36,11,2013-07-01,GDELT,Trade_Imports,3,2.05252803481276,0.16121632642981,3,1,0.0282308762624546,828,23
36,11,2013-07-01,GDELT,Trade_Imports,6,3.4039238410146,0.0912504265812601,4,0,0.0451539231121655,828,23
36,11,2013-07-01,GDELT,Trade_Imports,12,5.6269573242137,0.0724430299358437,4,0,0.0671938026172848,828,23
36,11,2013-07-01,ICEWS,Trade_Total,3,1.29885464046979,0.230765070516047,1,0,0.00801266899725456,828,23
36,11,2013-07-01,ICEWS,Trade_Total,6,2.53817069435488,0.136072380662447,4,0,0.0121947596466924,828,23
36,11,2013-07-01,ICEWS,Trade_Total,12,6.52472328913414,0.0425599395606203,8,1,0.0260618591129224,828,23
36,11,2013-07-01,ICEWS,Trade_Exports,3,1.39201084859282,0.232952148542194,1,1,0.019537742763391,828,23
36,11,2013-07-01,ICEWS,Trade_Exports,6,2.0034858666018,0.198474707789761,1,1,0.0241352050862841,828,23
36,11,2013-07-01,ICEWS,Trade_Exports,12,5.36173102943987,0.0883223280137754,1,1,0.0458120299778382,828,23
36,11,2013-07-01,ICEWS,Trade_Imports,3,2.17408750080385,0.133903549149577,3,1,0.0222011630335746,828,23
36,11,2013-07-01,ICEWS,Trade_Imports,6,3.23905836307812,0.0866312478785627,4,1,0.0420036287960531,828,23
36,11,2013-07-01,ICEWS,Trade_Imports,12,5.53146022086066,0.0595468624169587,4,1,0.0645304111905384,828,23
36,11,2013-07-01,Phoenix,Trade_Total,3,1.66475460348518,0.303810295008236,3,0,0.00920257985097371,828,23
36,11,2013-07-01,Phoenix,Trade_Total,6,3.50551696277017,0.155604298268824,6,0,0.0189853581739494,828,23
36,11,2013-07-01,Phoenix,Trade_Total,12,5.41378999329583,0.0986028884818238,6,0,0.0282149845116577,828,23
36,11,2013-07-01,Phoenix,Trade_Exports,3,1.18286410455821,0.499990757950532,0,0,0.0174642000769093,828,23
36,11,2013-07-01,Phoenix,Trade_Exports,6,2.36630749679117,0.350503951877451,0,0,0.0254720015282675,828,23
36,11,2013-07-01,Phoenix,Trade_Exports,12,4.96272505865807,0.219885551607732,0,0,0.0401025867342327,828,23
36,11,2013-07-01,Phoenix,Trade_Imports,3,0.742940449544887,0.606773793742703,0,0,0.0116758187513109,828,23
36,11,2013-07-01,Phoenix,Trade_Imports,6,3.43299392847559,0.27645885454999,6,0,0.0249647033371606,828,23
36,11,2013-07-01,Phoenix,Trade_Imports,12,6.93042152852638,0.131489144017297,11,0,0.0559127516101057,828,23
36,11,2013-07-01,Tsinghua,Trade_Total,3,2.05114906154206,0.136216257473926,3,1,0.0130218204666057,396,11
36,11,2013-07-01,Tsinghua,Trade_Total,6,3.69312730574042,0.066038127844187,6,2,0.025676579135791,396,11
36,11,2013-07-01,Tsinghua,Trade_Total,12,6.59978364152571,0.0257662192410121,7,4,0.0489513310299298,396,11
36,11,2013-07-01,Tsinghua,Trade_Exports,3,1.90938672353549,0.289572567991986,3,0,0.00655789513028564,396,11
36,11,2013-07-01,Tsinghua,Trade_Exports,6,4.57667058651977,0.043494819228499,6,2,0.0311200962921022,396,11
36,11,2013-07-01,Tsinghua,Trade_Exports,12,7.26169346116499,0.0183786542286731,11,4,0.0624376161904526,396,11
36,11,2013-07-01,Tsinghua,Trade_Imports,3,1.62937105507431,0.274649916232322,3,3,0.0310997435992078,396,11
36,11,2013-07-01,Tsinghua,Trade_Imports,6,2.70937039802693,0.1764465539627,4,3,0.0436036536945037,396,11
36,11,2013-07-01,Tsinghua,Trade_Imports,12,4.58989441291675,0.110365217404906,4,3,0.0613443830990651,396,11
36,12,2014-07-01,GDELT,Trade_Total,3,1.44067724547095,0.0811542818380633,1,1,0.0105200312054919,837,24
36,12,2014-07-01,GDELT,Trade_Total,6,3.2413921991289,0.0929387941451738,1,1,0.0193781056241805,834,24
36,12,2014-07-01,GDELT,Trade_Total,12,5.64136425229862,0.0675140821684956,1,1,0.0303949023810721,828,23
36,12,2014-07-01,GDELT,Trade_Exports,3,1.6463146427021,0.0621220679050554,1,1,0.0184699268295773,837,24
36,12,2014-07-01,GDELT,Trade_Exports,6,2.98342701481779,0.00335168853166768,1,1,0.0279469892054399,834,24
36,12,2014-07-01,GDELT,Trade_Exports,12,5.30752232984954,0.00871210927211068,1,1,0.0422591787948869,828,23
36,12,2014-07-01,GDELT,Trade_Imports,3,1.71203626031684,0.304870468497322,3,2,0.0379683366487317,837,24
36,12,2014-07-01,GDELT,Trade_Imports,6,3.0986570380593,0.209812300373026,0,2,0.0627186272280678,834,24
36,12,2014-07-01,GDELT,Trade_Imports,12,4.15144278810553,0.181125106813229,0,2,0.0789966431412638,828,23
36,12,2014-07-01,ICEWS,Trade_Total,3,1.89188142774513,0.245540308086501,3,0,0.00596933084623178,837,24
36,12,2014-07-01,ICEWS,Trade_Total,6,2.97734363830965,0.16758841838463,4,0,0.00937945347436681,834,24
36,12,2014-07-01,ICEWS,Trade_Total,12,5.94713739256347,0.0971053176278946,4,0,0.0147588262295146,828,23
36,12,2014-07-01,ICEWS,Trade_Exports,3,1.65770020917551,0.216769163050443,3,1,0.0173825608617173,837,24
36,12,2014-07-01,ICEWS,Trade_Exports,6,2.3557932145607,0.175850608172047,1,1,0.0233408491547993,834,24
36,12,2014-07-01,ICEWS,Trade_Exports,12,6.15192829940666,0.0784474870838027,12,1,0.0480035266420737,828,23
36,12,2014-07-01,ICEWS,Trade_Imports,3,1.34572059106946,0.234166800955861,1,0,0.0206637620597853,837,24
36,12,2014-07-01,ICEWS,Trade_Imports,6,2.3488069548823,0.178746316428742,1,0,0.0293967571294002,834,24
36,12,2014-07-01,ICEWS,Trade_Imports,12,5.64299490195481,0.0899260750784742,12,0,0.0540352196988451,828,23
36,12,2014-07-01,Phoenix,Trade_Total,3,0.998270108237893,0.207178870430388,1,0,0.00157613739566177,837,24
36,12,2014-07-01,Phoenix,Trade_Total,6,4.85683508921869,0.00241749297608122,6,1,0.0122971714489692,834,24
36,12,2014-07-01,Phoenix,Trade_Total,12,6.69313141200814,0.0164056547728951,6,1,0.0243982150328405,828,23
36,12,2014-07-01,Phoenix,Trade_Exports,3,0.865916803226108,0.443437472784007,0,2,0.0170111250091815,837,24
36,12,2014-07-01,Phoenix,Trade_Exports,6,2.49456647365865,0.252723306309989,0,3,0.0304914300329817,834,24
36,12,2014-07-01,Phoenix,Trade_Exports,12,4.72433282055578,0.174254831949497,0,2,0.044541767562081,828,23
36,12,2014-07-01,Phoenix,Trade_Imports,3,0.986395547771529,0.4730484103853,0,2,0.0274783781660751,837,24
36,12,2014-07-01,Phoenix,Trade_Imports,6,2.99759112064703,0.274108238598813,0,2,0.0492651530141047,834,24
36,12,2014-07-01,Phoenix,Trade_Imports,12,5.79839793057289,0.186123130247654,0,5,0.0799088822032065,828,23
36,12,2014-07-01,Tsinghua,Trade_Total,3,1.57719220142118,0.00741660578839853,1,1,0.0113081400307618,396,11
36,12,2014-07-01,Tsinghua,Trade_Total,6,3.5562386791007,0.0292573817395005,6,2,0.026010759968925,396,11
36,12,2014-07-01,Tsinghua,Trade_Total,12,6.24653529547574,0.0167139169235073,6,3,0.0467124183792133,396,11
36,12,2014-07-01,Tsinghua,Trade_Exports,3,1.85893872600089,0.0312386041032273,1,1,0.0227401304770989,396,11
36,12,2014-07-01,Tsinghua,Trade_Exports,6,3.46535304446737,0.0517507524415647,1,3,0.0563308906718116,396,11
36,12,2014-07-01,Tsinghua,Trade_Exports,12,5.57582643877558,0.0363634163493928,1,3,0.0851908644320838,396,11
36,12,2014-07-01,Tsinghua,Trade_Imports,3,2.20467219037314,0.128642928727241,3,2,0.044035832246115,396,11
36,12,2014-07-01,Tsinghua,Trade_Imports,6,2.96516532135377,0.0695880928791521,3,3,0.0614858829192977,396,11
36,12,2014-07-01,Tsinghua,Trade_Imports,12,5.19016238700365,0.0447871440675155,3,5,0.0904629145277747,396,11
36,13,2015-07-01,GDELT,Trade_Total,3,1.26201007315652,0.430336945039609,0,0,0.0160831817460578,858,25
36,13,2015-07-01,GDELT,Trade_Total,6,2.67210589079182,0.326006164142683,0,0,0.0242878689460394,852,25
36,13,2015-07-01,GDELT,Trade_Total,12,5.75391654121474,0.1954210839019,0,0,0.0411574995161737,840,24
36,13,2015-07-01,GDELT,Trade_Exports,3,1.49181893652442,0.381131318338648,0,0,0.02478210150744,858,25
36,13,2015-07-01,GDELT,Trade_Exports,6,2.47429272732371,0.300872555841857,0,1,0.0347362636919872,852,25
36,13,2015-07-01,GDELT,Trade_Exports,12,5.14116164849562,0.188426931607805,0,1,0.0531622371179132,840,24
36,13,2015-07-01,GDELT,Trade_Imports,3,1.36230818244464,0.388137362512125,0,0,0.0243360090662924,858,25
36,13,2015-07-01,GDELT,Trade_Imports,6,2.2214025039956,0.307020776666637,0,0,0.0342469732414901,852,25
36,13,2015-07-01,GDELT,Trade_Imports,12,4.37478368424297,0.21003483362481,0,0,0.0570860943757932,840,24
36,13,2015-07-01,ICEWS,Trade_Total,3,2.05842170284723,0.225516101889777,3,0,0.0083115481455371,858,25
36,13,2015-07-01,ICEWS,Trade_Total,6,3.2579773463896,0.110746790394671,3,0,0.0125060703011507,852,25
36,13,2015-07-01,ICEWS,Trade_Total,12,6.48136645248533,0.0379103510362554,4,1,0.0270097430515342,840,24
36,13,2015-07-01,ICEWS,Trade_Exports,3,2.21000716223624,0.00534749893940422,3,1,0.017689731570149,858,25
36,13,2015-07-01,ICEWS,Trade_Exports,6,2.97463816645471,0.0286415881991782,3,1,0.0266694162703951,852,25
36,13,2015-07-01,ICEWS,Trade_Exports,12,5.35968489868525,0.0188854252695541,3,1,0.0439988534600132,840,24
36,13,2015-07-01,ICEWS,Trade_Imports,3,1.18890061357503,0.307144073535859,1,0,0.020880334334612,858,25
36,13,2015-07-01,ICEWS,Trade_Imports,6,2.17392411393122,0.227271118561947,1,0,0.0277920517149293,852,25
36,13,2015-07-01,ICEWS,Trade_Imports,12,6.10232742737485,0.086195896432656,7,0,0.0604230255025785,840,24
36,13,2015-07-01,Phoenix,Trade_Total,3,1.76137705240737,0.210618641649092,3,2,0.0128782088316732,858,25
36,13,2015-07-01,Phoenix,Trade_Total,6,3.2130967604645,0.150067883015517,6,1,0.0235238833084514,852,25
36,13,2015-07-01,Phoenix,Trade_Total,12,4.80521981897223,0.132235216439583,3,2,0.0330024066566393,840,24
36,13,2015-07-01,Phoenix,Trade_Exports,3,1.55414954198174,0.00456301209964818,1,1,0.0142096291687547,858,25
36,13,2015-07-01,Phoenix,Trade_Exports,6,2.88073369760096,0.00527276157506264,1,2,0.0247956113338633,852,25
36,13,2015-07-01,Phoenix,Trade_Exports,12,4.72204121663402,0.00809953580036243,1,2,0.0350322404271178,840,24
36,13,2015-07-01,Phoenix,Trade_Imports,3,1.6241049740774,0.224563865162572,2,1,0.0278898562392842,858,25
36,13,2015-07-01,Phoenix,Trade_Imports,6,3.46802760997329,0.134502122399494,6,3,0.0587946335460909,852,25
36,13,2015-07-01,Phoenix,Trade_Imports,12,5.38218921606227,0.109861904126423,6,5,0.0930630765859816,840,24
36,13,2015-07-01,Tsinghua,Trade_Total,3,1.13754011334163,0.404064285278537,2,2,0.0187327159606673,396,11
36,13,2015-07-01,Tsinghua,Trade_Total,6,3.03870099226836,0.208915611392542,2,2,0.030884737048987,396,11
36,13,2015-07-01,Tsinghua,Trade_Total,12,5.1896752699891,0.136751650766361,7,2,0.0494173311774127,396,11
36,13,2015-07-01,Tsinghua,Trade_Exports,3,1.63474611034833,0.318520829357184,3,0,0.0235153132867043,396,11
36,13,2015-07-01,Tsinghua,Trade_Exports,6,3.98376109579127,0.0797844566692739,5,2,0.0546029624270975,396,11
36,13,2015-07-01,Tsinghua,Trade_Exports,12,5.41726894780251,0.0555523799423235,7,3,0.0837813606985207,396,11
36,13,2015-07-01,Tsinghua,Trade_Imports,3,2.22280926423489,0.00177592733347404,2,2,0.0554823814924428,396,11
36,13,2015-07-01,Tsinghua,Trade_Imports,6,3.38163620484943,0.00573469835498329,2,4,0.0922514547322831,396,11
36,13,2015-07-01,Tsinghua,Trade_Imports,12,4.93830550512857,0.00632802324242956,2,5,0.116341749656441,396,11
36,14,2016-07-01,GDELT,Trade_Total,3,1.12101879271144,0.383621098762684,0,0,0.017959650420628,882,25
36,14,2016-07-01,GDELT,Trade_Total,6,2.47275018899433,0.265042249820963,0,0,0.0260329411470938,876,25
36,14,2016-07-01,GDELT,Trade_Total,12,5.13233482353547,0.187053302098855,0,0,0.0376069588096025,864,25
36,14,2016-07-01,GDELT,Trade_Exports,3,1.59632616838669,0.157108720544131,2,0,0.0185944938539779,882,25
36,14,2016-07-01,GDELT,Trade_Exports,6,2.95632367979209,0.0889122715258704,2,0,0.0336526348051294,876,25
36,14,2016-07-01,GDELT,Trade_Exports,12,4.96456722581386,0.0507326299139531,2,1,0.0466367497214424,864,25
36,14,2016-07-01,GDELT,Trade_Imports,3,1.03983840997199,0.338695717932261,0,1,0.0473639434945862,882,25
36,14,2016-07-01,GDELT,Trade_Imports,6,1.55777785961042,0.307302099659243,0,2,0.0532081651018579,876,25
36,14,2016-07-01,GDELT,Trade_Imports,12,4.31174445547683,0.208302834776495,0,1,0.0839907849056802,864,25
36,14,2016-07-01,ICEWS,Trade_Total,3,1.77607631886859,0.123043038478294,3,0,0.0107014056153158,882,25
36,14,2016-07-01,ICEWS,Trade_Total,6,2.42429596506029,0.073067409336258,4,0,0.0139408538869854,876,25
36,14,2016-07-01,ICEWS,Trade_Total,12,5.93185900276801,0.0515473603747899,4,0,0.0290457646380075,864,25
36,14,2016-07-01,ICEWS,Trade_Exports,3,2.12174799728472,0.0184904464874208,3,1,0.0138828970955968,882,25
36,14,2016-07-01,ICEWS,Trade_Exports,6,3.16019118392316,0.0330759203552786,4,1,0.0232686961070098,876,25
36,14,2016-07-01,ICEWS,Trade_Exports,12,6.07675396392707,0.0127513847449768,4,1,0.0409080471430949,864,25
36,14,2016-07-01,ICEWS,Trade_Imports,3,1.22919464624089,0.20736255716734,1,0,0.0252698843816434,882,25
36,14,2016-07-01,ICEWS,Trade_Imports,6,1.82813169062301,0.173296579686841,1,0,0.0297858727095433,876,25
36,14,2016-07-01,ICEWS,Trade_Imports,12,4.73582417663158,0.111744903086247,1,0,0.0515146101630446,864,25
36,14,2016-07-01,Phoenix,Trade_Total,3,1.50628703721662,0.150225723083543,1,1,0.0112284256848639,882,25
36,14,2016-07-01,Phoenix,Trade_Total,6,2.38287972722098,0.0955133585210073,1,1,0.0155294468928004,876,25
36,14,2016-07-01,Phoenix,Trade_Total,12,6.46992706578288,0.00466698234018588,1,3,0.0337303760051159,864,25
36,14,2016-07-01,Phoenix,Trade_Exports,3,0.865705939544242,0.208022715588352,1,1,0.0148231698280456,882,25
36,14,2016-07-01,Phoenix,Trade_Exports,6,2.53763063853917,0.120123322908493,1,2,0.0249768102653236,876,25
36,14,2016-07-01,Phoenix,Trade_Exports,12,5.22989890862867,0.0475582731616875,1,2,0.0391433142202198,864,25
36,14,2016-07-01,Phoenix,Trade_Imports,3,2.43534778844499,0.0499797647262598,3,1,0.0139005458202513,882,25
36,14,2016-07-01,Phoenix,Trade_Imports,6,3.38277188677566,0.0636340578677562,4,1,0.0283813278352418,876,25
36,14,2016-07-01,Phoenix,Trade_Imports,12,5.58901625618586,0.0680228680843922,4,1,0.0483601188768524,864,25
36,14,2016-07-01,Tsinghua,Trade_Total,3,1.71538704732613,0.20572722937525,2,1,0.0163609305116185,396,11
36,14,2016-07-01,Tsinghua,Trade_Total,6,2.92695261602648,0.120226399907794,2,1,0.0237898789146205,396,11
36,14,2016-07-01,Tsinghua,Trade_Total,12,6.85930859846422,0.0597424799932848,11,3,0.0590642677703366,396,11
36,14,2016-07-01,Tsinghua,Trade_Exports,3,1.69236820910291,0.207068952833836,3,0,0.0135027899630906,396,11
36,14,2016-07-01,Tsinghua,Trade_Exports,6,2.6937612923805,0.151868134078717,4,0,0.0201872747112113,396,11
36,14,2016-07-01,Tsinghua,Trade_Exports,12,6.79206460336076,0.0575214293351383,11,2,0.0560993795539516,396,11
36,14,2016-07-01,Tsinghua,Trade_Imports,3,2.0862249860125,0.05333813667854,3,3,0.0467091268758725,396,11
36,14,2016-07-01,Tsinghua,Trade_Imports,6,3.33917342969651,0.012327239865651,4,4,0.0718055360840601,396,11
36,14,2016-07-01,Tsinghua,Trade_Imports,12,4.86461180037027,0.00581183411034507,4,3,0.0916738691738095,396,11
36,15,2017-07-01,GDELT,Trade_Total,3,1.1117860090918,0.370478884266812,0,0,0.0162663101172062,897,25
36,15,2017-07-01,GDELT,Trade_Total,6,1.9922318910715,0.290632655523585,0,0,0.0216436251123635,894,25
36,15,2017-07-01,GDELT,Trade_Total,12,5.18587199774787,0.151372500593635,10,0,0.0437470542954287,888,25
36,15,2017-07-01,GDELT,Trade_Exports,3,1.67286444660309,0.137525818840965,2,1,0.0157989051495282,897,25
36,15,2017-07-01,GDELT,Trade_Exports,6,2.02935220838652,0.11582878613914,2,1,0.0183841899357004,894,25
36,15,2017-07-01,GDELT,Trade_Exports,12,6.59035849767969,0.0445103880467172,2,1,0.0467066552929738,888,25
36,15,2017-07-01,GDELT,Trade_Imports,3,1.006956892144,0.313692938034052,1,0,0.03567292801695,897,25
36,15,2017-07-01,GDELT,Trade_Imports,6,1.87665678704316,0.255024614137319,1,0,0.0462707513761516,894,25
36,15,2017-07-01,GDELT,Trade_Imports,12,4.79305284647153,0.153661133480197,10,1,0.0821333522702819,888,25
36,15,2017-07-01,ICEWS,Trade_Total,3,2.08861815032869,0.133056961679898,3,0,0.00783651834113105,897,25
36,15,2017-07-01,ICEWS,Trade_Total,6,3.36917861283691,0.0758403102631554,5,0,0.0145248169683496,894,25
36,15,2017-07-01,ICEWS,Trade_Total,12,6.26567202135729,0.0498059815296401,4,0,0.0291975149773588,888,25
36,15,2017-07-01,ICEWS,Trade_Exports,3,1.87497355917914,0.194923118570502,3,0,0.0112850413991329,897,25
36,15,2017-07-01,ICEWS,Trade_Exports,6,3.63311993187479,0.104441830106071,4,1,0.0231213923883289,894,25
36,15,2017-07-01,ICEWS,Trade_Exports,12,6.16666656694937,0.069803475080481,4,1,0.0411630266174996,888,25
36,15,2017-07-01,ICEWS,Trade_Imports,3,2.05357665797129,0.0108697218499168,2,0,0.00720786833415461,897,25
36,15,2017-07-01,ICEWS,Trade_Imports,6,3.76548120220615,0.0220643884288497,6,0,0.0152797251581653,894,25
36,15,2017-07-01,ICEWS,Trade_Imports,12,5.54995163804021,0.000320366297567952,6,0,0.0239586891921349,888,25
36,15,2017-07-01,Phoenix,Trade_Total,3,1.45892798955596,0.299159979284302,0,0,0.0141223335510601,897,25
36,15,2017-07-01,Phoenix,Trade_Total,6,2.31246980741935,0.20365403668392,0,0,0.0192854490960231,894,25
36,15,2017-07-01,Phoenix,Trade_Total,12,4.91381997835187,0.127414383537942,1,0,0.0309678489088594,888,25
36,15,2017-07-01,Phoenix,Trade_Exports,3,0.985433389951113,0.307731849355419,1,1,0.0160021243307585,897,25
36,15,2017-07-01,Phoenix,Trade_Exports,6,2.64531198973534,0.195667253984346,1,1,0.0227990763055159,894,25
36,15,2017-07-01,Phoenix,Trade_Exports,12,6.12708184029703,0.100274735523566,1,2,0.0400043320967537,888,25
36,15,2017-07-01,Phoenix,Trade_Imports,3,2.14926591287446,0.180876718884529,3,1,0.0234582053297649,897,25
36,15,2017-07-01,Phoenix,Trade_Imports,6,3.30614664736117,0.0995233296750749,4,1,0.0349387313842937,894,25
36,15,2017-07-01,Phoenix,Trade_Imports,12,5.63942593772282,0.0702139733858801,4,1,0.0557387492618374,888,25
36,15,2017-07-01,Tsinghua,Trade_Total,3,1.73153705080469,0.23757090267103,2,1,0.00938521888289117,396,11
36,15,2017-07-01,Tsinghua,Trade_Total,6,2.97334087816333,0.118861525966754,2,1,0.0158539519880256,396,11
36,15,2017-07-01,Tsinghua,Trade_Total,12,6.2437149143743,0.0724991813404761,2,3,0.0335245207695457,396,11
36,15,2017-07-01,Tsinghua,Trade_Exports,3,2.06113051823021,0.0978409583346173,3,1,0.0136070779515109,396,11
36,15,2017-07-01,Tsinghua,Trade_Exports,6,3.78806430384997,0.0574280363436603,6,1,0.0248137520323759,396,11
36,15,2017-07-01,Tsinghua,Trade_Exports,12,7.08311087054287,0.0274780407789401,7,1,0.0544470500483624,396,11
36,15,2017-07-01,Tsinghua,Trade_Imports,3,1.81583741822807,0.112448003236731,3,0,0.0233215773128635,396,11
36,15,2017-07-01,Tsinghua,Trade_Imports,6,3.03768901201572,0.121084518487317,4,0,0.0381529143587917,396,11
36,15,2017-07-01,Tsinghua,Trade_Imports,12,4.73824625570527,0.0990682418049024,4,1,0.0490282684030186,396,11
36,16,2018-07-01,GDELT,Trade_Total,3,1.68545272707887,0.217133146663706,3,0,0.0105763730487066,900,25
36,16,2018-07-01,GDELT,Trade_Total,6,4.61190335320828,0.100172372615428,6,0,0.0310795392450282,900,25
36,16,2018-07-01,GDELT,Trade_Total,12,6.72069059927141,0.0741844921999273,6,0,0.0570094836530267,900,25
36,16,2018-07-01,GDELT,Trade_Exports,3,1.88255015760182,0.236327822453127,3,0,0.0297392107230137,900,25
36,16,2018-07-01,GDELT,Trade_Exports,6,3.52823167010819,0.129552419124823,6,0,0.0646833139789267,900,25
36,16,2018-07-01,GDELT,Trade_Exports,12,6.28343957437535,0.092941871609726,12,3,0.11324281650689,900,25
36,16,2018-07-01,GDELT,Trade_Imports,3,1.17952606876981,0.170908968419763,1,0,0.0242028555783045,900,25
36,16,2018-07-01,GDELT,Trade_Imports,6,3.17288408591225,0.0952516630454662,6,0,0.0417855363554812,900,25
36,16,2018-07-01,GDELT,Trade_Imports,12,6.16003737173203,0.045275311972209,10,0,0.0709536895608257,900,25
36,16,2018-07-01,ICEWS,Trade_Total,3,1.32558119764479,0.357222193071249,0,3,0.0225378886717818,900,25
36,16,2018-07-01,ICEWS,Trade_Total,6,2.58538106607695,0.246183155859189,0,3,0.0329624047326726,900,25
36,16,2018-07-01,ICEWS,Trade_Total,12,4.17822685848033,0.182366929854355,0,3,0.0445997119382052,900,25
36,16,2018-07-01,ICEWS,Trade_Exports,3,1.38235150275194,0.290335827326137,0,0,0.0211771615183311,900,25
36,16,2018-07-01,ICEWS,Trade_Exports,6,2.67014719137835,0.198841981203877,6,0,0.0318902735930514,900,25
36,16,2018-07-01,ICEWS,Trade_Exports,12,5.774470488691,0.112134425028626,0,0,0.0563777976447281,900,25
36,16,2018-07-01,ICEWS,Trade_Imports,3,1.12606620022186,0.443343092181878,0,1,0.020653605162904,900,25
36,16,2018-07-01,ICEWS,Trade_Imports,6,2.82936901927505,0.264005849430732,0,1,0.0342875557582513,900,25
36,16,2018-07-01,ICEWS,Trade_Imports,12,4.83219178682688,0.193811193557399,0,1,0.0480079966169022,900,25
36,16,2018-07-01,Phoenix,Trade_Total,3,0.578070556040515,0.678410018205893,0,0,0.0143577241821767,900,25
36,16,2018-07-01,Phoenix,Trade_Total,6,1.43159456994964,0.548299497933641,0,0,0.0176823436931703,900,25
36,16,2018-07-01,Phoenix,Trade_Total,12,4.09549392931984,0.375314644622908,0,0,0.026701088612792,900,25
36,16,2018-07-01,Phoenix,Trade_Exports,3,0.724516121940734,0.532147549126517,0,0,0.0148670124424343,900,25
36,16,2018-07-01,Phoenix,Trade_Exports,6,2.23929286221766,0.36862135665121,0,0,0.0209068311450251,900,25
36,16,2018-07-01,Phoenix,Trade_Exports,12,5.7100188713483,0.202494070787923,0,0,0.036882628040834,900,25
36,16,2018-07-01,Phoenix,Trade_Imports,3,1.12887269916219,0.505742998641733,0,0,0.0209437773143327,900,25
36,16,2018-07-01,Phoenix,Trade_Imports,6,2.24269719163029,0.359438226779212,0,0,0.0298018568620904,900,25
36,16,2018-07-01,Phoenix,Trade_Imports,12,4.60708076450558,0.264664446992724,0,0,0.042305783524847,900,25
36,16,2018-07-01,Tsinghua,Trade_Total,3,1.45316825905543,0.184139200425745,1,1,0.0118028868270478,396,11
36,16,2018-07-01,Tsinghua,Trade_Total,6,2.26581543483523,0.116584025226092,1,1,0.0138161567712669,396,11
36,16,2018-07-01,Tsinghua,Trade_Total,12,6.03631662427558,0.0468629082935477,1,2,0.0295085965376048,396,11
36,16,2018-07-01,Tsinghua,Trade_Exports,3,1.63091648419079,0.111023525078139,1,1,0.0240365230485658,396,11
36,16,2018-07-01,Tsinghua,Trade_Exports,6,2.55648754398276,0.0628790475153752,1,1,0.0295185794746696,396,11
36,16,2018-07-01,Tsinghua,Trade_Exports,12,6.60363252860456,0.0124119827144873,1,3,0.0605349469064818,396,11
36,16,2018-07-01,Tsinghua,Trade_Imports,3,1.60928653500343,0.305734559581219,3,0,0.0167081708668509,396,11
36,16,2018-07-01,Tsinghua,Trade_Imports,6,2.65261680893797,0.227564950261366,4,0,0.0234415275073169,396,11
36,16,2018-07-01,Tsinghua,Trade_Imports,12,5.85133886930051,0.153076983065587,12,0,0.044940527790766,396,11
36,17,2019-07-01,GDELT,Trade_Total,3,0.838552488571187,0.41246101974554,0,0,0.0280665865495423,900,25
36,17,2019-07-01,GDELT,Trade_Total,6,2.59758047799975,0.23214287985017,0,0,0.0468980126743321,900,25
36,17,2019-07-01,GDELT,Trade_Total,12,6.09951739637967,0.125913482810324,10,1,0.0885966195274565,900,25
36,17,2019-07-01,GDELT,Trade_Exports,3,1.02526949871535,0.356135211372091,0,0,0.0347787889398669,900,25
36,17,2019-07-01,GDELT,Trade_Exports,6,2.5961025629452,0.206574265516725,2,0,0.0549897631515772,900,25
36,17,2019-07-01,GDELT,Trade_Exports,12,5.45120529097674,0.126998705478292,2,0,0.0889724165119968,900,25
36,17,2019-07-01,GDELT,Trade_Imports,3,1.69459958030923,0.128190291686471,1,0,0.0179715963193738,900,25
36,17,2019-07-01,GDELT,Trade_Imports,6,3.38348955405189,0.0577512451731539,6,0,0.0301162508818947,900,25
36,17,2019-07-01,GDELT,Trade_Imports,12,7.13521507619948,0.0323646922085928,10,1,0.0860302662432715,900,25
36,17,2019-07-01,ICEWS,Trade_Total,3,1.58282314972977,0.17665789762376,1,4,0.0445379509092621,900,25
36,17,2019-07-01,ICEWS,Trade_Total,6,2.56222179305349,0.124250024575849,1,6,0.0585791958908342,900,25
36,17,2019-07-01,ICEWS,Trade_Total,12,4.68167366621278,0.100087114049473,1,7,0.0795397111923885,900,25
36,17,2019-07-01,ICEWS,Trade_Exports,3,1.92010218924596,0.0369635270748052,1,1,0.0361699570567965,900,25
36,17,2019-07-01,ICEWS,Trade_Exports,6,2.55148437438238,0.0253085563426558,1,2,0.0447538889061928,900,25
36,17,2019-07-01,ICEWS,Trade_Exports,12,5.05488132892987,0.0292611589437609,1,3,0.0659696301883739,900,25
36,17,2019-07-01,ICEWS,Trade_Imports,3,1.20209035638705,0.306416707763773,1,3,0.0402658759809198,900,25
36,17,2019-07-01,ICEWS,Trade_Imports,6,2.66557187505599,0.196823458236296,1,2,0.0587692377197069,900,25
36,17,2019-07-01,ICEWS,Trade_Imports,12,4.67730471641129,0.149487398969653,1,4,0.0807693837758208,900,25
36,17,2019-07-01,Phoenix,Trade_Total,3,0.670921041309078,0.550448459388529,0,0,0.025120267099149,600,25
36,17,2019-07-01,Phoenix,Trade_Total,6,2.03954101670996,0.385438075528598,0,0,0.0356964920705153,600,25
36,17,2019-07-01,Phoenix,Trade_Total,12,3.48966389726174,0.309167393181094,0,1,0.0438166993777162,600,25
36,17,2019-07-01,Phoenix,Trade_Exports,3,0.701345242078936,0.479472913595594,0,0,0.0246745794897485,600,25
36,17,2019-07-01,Phoenix,Trade_Exports,6,2.47927039024559,0.286272338119911,0,1,0.0410439508546662,600,25
36,17,2019-07-01,Phoenix,Trade_Exports,12,4.6546912363679,0.205322337956996,0,1,0.0553067417986405,600,25
36,17,2019-07-01,Phoenix,Trade_Imports,3,0.888921214406435,0.543368858980751,0,0,0.0308500530110416,600,25
36,17,2019-07-01,Phoenix,Trade_Imports,6,1.70000235911818,0.427529050054896,0,0,0.0393703813917009,600,25
36,17,2019-07-01,Phoenix,Trade_Imports,12,3.96899522900133,0.302506229841597,0,0,0.0541588052164418,600,25
36,17,2019-07-01,Tsinghua,Trade_Total,3,1.47846038446481,0.232353675718443,1,0,0.0231638647336631,396,11
36,17,2019-07-01,Tsinghua,Trade_Total,6,1.89958087342871,0.193553637250942,1,0,0.0265106325199913,396,11
36,17,2019-07-01,Tsinghua,Trade_Total,12,4.96979520628522,0.120858867864482,8,1,0.050857877070099,396,11
36,17,2019-07-01,Tsinghua,Trade_Exports,3,1.52467335970887,0.191517045552845,1,4,0.0521198951601031,396,11
36,17,2019-07-01,Tsinghua,Trade_Exports,6,2.55746189467325,0.124703368357952,1,5,0.0718110286885219,396,11
36,17,2019-07-01,Tsinghua,Trade_Exports,12,4.08730656223419,0.096040426726187,1,6,0.102892631285741,396,11
36,17,2019-07-01,Tsinghua,Trade_Imports,3,1.00779074272755,0.49385455141129,0,0,0.0161530192374185,396,11
36,17,2019-07-01,Tsinghua,Trade_Imports,6,3.19810245356059,0.220666678719407,0,0,0.0424259662001827,396,11
36,17,2019-07-01,Tsinghua,Trade_Imports,12,5.75414402388006,0.147782057881207,12,0,0.0709262569696038,396,11
36,18,2020-07-01,GDELT,Trade_Total,3,1.28215662245497,0.252059769260165,1,0,0.028504137505802,900,25
36,18,2020-07-01,GDELT,Trade_Total,6,2.42937555620579,0.186115683803713,1,0,0.0411608244675472,900,25
36,18,2020-07-01,GDELT,Trade_Total,12,5.26786574906795,0.111821618167546,10,1,0.0685974309829618,900,25
36,18,2020-07-01,GDELT,Trade_Exports,3,1.0587959693546,0.276600626465082,1,0,0.0275002683655924,900,25
36,18,2020-07-01,GDELT,Trade_Exports,6,1.97999470050632,0.216129357411497,1,0,0.0338917867107367,900,25
36,18,2020-07-01,GDELT,Trade_Exports,12,5.91392086918115,0.108157772418353,1,0,0.0703253871470618,900,25
36,18,2020-07-01,GDELT,Trade_Imports,3,1.94684794234929,0.0829840867308531,2,1,0.021907656429078,900,25
36,18,2020-07-01,GDELT,Trade_Imports,6,3.88115991363653,0.0548589485235738,5,1,0.0551585764079026,900,25
36,18,2020-07-01,GDELT,Trade_Imports,12,6.63759522457706,0.0241502644502552,10,1,0.102643638216814,900,25
36,18,2020-07-01,ICEWS,Trade_Total,3,1.91024775164395,0.0877010647367704,3,1,0.0286978547362259,900,25
36,18,2020-07-01,ICEWS,Trade_Total,6,2.75890496472561,0.0709590735556929,2,2,0.0393291770200104,900,25
36,18,2020-07-01,ICEWS,Trade_Total,12,5.9513357267595,0.0258718339603579,12,5,0.0649178319284184,900,25
36,18,2020-07-01,ICEWS,Trade_Exports,3,1.47784140735016,0.253932811744339,2,0,0.0267403237855229,900,25
36,18,2020-07-01,ICEWS,Trade_Exports,6,2.81675432636196,0.169357262897642,2,0,0.0401014782278184,900,25
36,18,2020-07-01,ICEWS,Trade_Exports,12,6.18754946683205,0.0755527108938262,12,3,0.0701714482059699,900,25
36,18,2020-07-01,ICEWS,Trade_Imports,3,2.11337710243937,0.0494463146414278,3,0,0.0294330932663276,900,25
36,18,2020-07-01,ICEWS,Trade_Imports,6,3.58541867897955,0.0386736564870841,4,1,0.0550363341207613,900,25
36,18,2020-07-01,ICEWS,Trade_Imports,12,4.99198254551854,0.0288094447046324,4,1,0.0719015120239576,900,25
36,18,2020-07-01,Phoenix,Trade_Total,3,1.51140940519624,0.277323122198061,2,0,0.0217554346611467,300,25
36,18,2020-07-01,Phoenix,Trade_Total,6,3.66596210028545,0.0990272669404452,6,0,0.0382652670418898,300,25
36,18,2020-07-01,Phoenix,Trade_Total,12,5.16781051323945,0.138245840329196,6,2,0.0781041062300424,300,25
36,18,2020-07-01,Phoenix,Trade_Exports,3,0.893378805115595,0.605468396905254,0,0,0.0264398894630927,300,25
36,18,2020-07-01,Phoenix,Trade_Exports,6,3.09081338267796,0.257745226465769,6,1,0.0517807250583047,300,25
36,18,2020-07-01,Phoenix,Trade_Exports,12,5.40408686389118,0.180181805134415,0,2,0.0997678709187264,300,25
36,18,2020-07-01,Phoenix,Trade_Imports,3,1.50987381173717,0.266491700449849,2,0,0.0222684638083199,300,25
36,18,2020-07-01,Phoenix,Trade_Imports,6,3.08045968200868,0.0889648321356356,2,0,0.036173168186697,300,25
36,18,2020-07-01,Phoenix,Trade_Imports,12,4.99529575650168,0.166217992120896,0,0,0.0860864013221654,300,25
36,18,2020-07-01,Tsinghua,Trade_Total,3,2.08631965017101,0.155201989673261,3,1,0.01551039530599,396,11
36,18,2020-07-01,Tsinghua,Trade_Total,6,4.20578858016505,0.0198543784129082,6,3,0.034908905210209,396,11
36,18,2020-07-01,Tsinghua,Trade_Total,12,5.83229977323191,0.0145279670253485,6,2,0.0529103557433861,396,11
36,18,2020-07-01,Tsinghua,Trade_Exports,3,1.53776761046751,0.0381396480264866,1,0,0.0161949016459015,396,11
36,18,2020-07-01,Tsinghua,Trade_Exports,6,3.30508511542601,0.0506277401424221,6,1,0.03301683201128,396,11
36,18,2020-07-01,Tsinghua,Trade_Exports,12,5.12614909654925,0.0500788357963385,1,2,0.0514385800431598,396,11
36,18,2020-07-01,Tsinghua,Trade_Imports,3,1.68968769293161,0.180850533642942,2,2,0.0302931863072787,396,11
36,18,2020-07-01,Tsinghua,Trade_Imports,6,3.5709172788826,0.0718003798693915,5,1,0.0478559145468089,396,11
36,18,2020-07-01,Tsinghua,Trade_Imports,12,5.56107448083586,0.0520390655116217,5,1,0.0820162808391857,396,11
36,19,2021-07-01,GDELT,Trade_Total,3,1.75495594658034,0.0194506710161774,1,0,0.0171378733547093,900,25
36,19,2021-07-01,GDELT,Trade_Total,6,3.19190613127657,0.0207060498666108,1,0,0.0297157070552428,900,25
36,19,2021-07-01,GDELT,Trade_Total,12,6.35661915132364,0.0192715428941677,10,0,0.0569058161902725,900,25
36,19,2021-07-01,GDELT,Trade_Exports,3,1.62060072865623,0.00788998350013989,1,0,0.0234137086709539,900,25
36,19,2021-07-01,GDELT,Trade_Exports,6,3.12250993450965,0.0163839851869947,1,0,0.0399285988722499,900,25
36,19,2021-07-01,GDELT,Trade_Exports,12,6.47532679060138,0.0051499314340951,1,2,0.0770169753045835,900,25
36,19,2021-07-01,GDELT,Trade_Imports,3,1.09536345109606,0.607595542971448,0,0,0.00931255996511322,900,25
36,19,2021-07-01,GDELT,Trade_Imports,6,3.00049801751815,0.286393277609092,4,0,0.0206775942379973,900,25
36,19,2021-07-01,GDELT,Trade_Imports,12,7.50673517883567,0.108485890263637,10,1,0.0670933179918094,900,25
36,19,2021-07-01,ICEWS,Trade_Total,3,2.01286882415857,0.0485110671559858,3,1,0.020982268330791,900,25
36,19,2021-07-01,ICEWS,Trade_Total,6,3.12747748020407,0.0317827231690273,3,1,0.0327533018619399,900,25
36,19,2021-07-01,ICEWS,Trade_Total,12,6.32321380334651,0.0227164785875463,12,3,0.0604579961475865,900,25
36,19,2021-07-01,ICEWS,Trade_Exports,3,2.0474531959768,0.012485138626009,3,0,0.0169621521078892,900,25
36,19,2021-07-01,ICEWS,Trade_Exports,6,2.99663161449248,0.0119636383686077,3,0,0.0246007874136715,900,25
36,19,2021-07-01,ICEWS,Trade_Exports,12,6.25431005600465,0.0192963789404678,12,1,0.0478522061926353,900,25
36,19,2021-07-01,ICEWS,Trade_Imports,3,2.1916753075968,0.0297937222470329,3,1,0.0220071570400436,900,25
36,19,2021-07-01,ICEWS,Trade_Imports,6,3.75590117865832,0.0169180603575597,3,0,0.046882396494825,900,25
36,19,2021-07-01,ICEWS,Trade_Imports,12,6.37221960568555,0.00731376667572542,10,1,0.0854569096722368,900,25
36,19,2021-07-01,Tsinghua,Trade_Total,3,1.4650159183833,0.351555651328065,3,0,0.0138722784055302,396,11
36,19,2021-07-01,Tsinghua,Trade_Total,6,3.45076501205224,0.18741736329568,6,1,0.0312164864834287,396,11
36,19,2021-07-01,Tsinghua,Trade_Total,12,5.67459303846366,0.114841870436253,6,0,0.0523489731758596,396,11
36,19,2021-07-01,Tsinghua,Trade_Exports,3,1.31461977410991,0.267928639089268,1,0,0.012630655920207,396,11
36,19,2021-07-01,Tsinghua,Trade_Exports,6,3.19189580556228,0.159264988816839,6,0,0.0253716208215942,396,11
36,19,2021-07-01,Tsinghua,Trade_Exports,12,5.95931086775402,0.0796619929192529,6,0,0.0479474217423089,396,11
36,19,2021-07-01,Tsinghua,Trade_Imports,3,1.68549581448128,0.322550221549556,3,0,0.0152784373073503,396,11
36,19,2021-07-01,Tsinghua,Trade_Imports,6,3.51765472068508,0.172555524265209,5,0,0.0353693242340819,396,11
36,19,2021-07-01,Tsinghua,Trade_Imports,12,5.75839558266724,0.109819478862247,5,0,0.0637869949869569,396,11
36,20,2022-07-01,GDELT,Trade_Total,3,0.73406450514815,0.582197511872364,0,1,0.021425858699534,898,25
36,20,2022-07-01,GDELT,Trade_Total,6,1.85120914946065,0.459850699582289,0,1,0.0272086742655461,898,25
36,20,2022-07-01,GDELT,Trade_Total,12,5.32558010204784,0.259914084090387,0,1,0.0485964561233704,898,25
36,20,2022-07-01,GDELT,Trade_Exports,3,0.51693088479231,0.70660119404046,0,1,0.0229335856476069,898,25
36,20,2022-07-01,GDELT,Trade_Exports,6,1.57133281090198,0.525535266081073,0,1,0.0308371419652401,898,25
36,20,2022-07-01,GDELT,Trade_Exports,12,5.09928530183786,0.326993070978518,0,1,0.0494104728076858,898,25
36,20,2022-07-01,GDELT,Trade_Imports,3,1.04047522602812,0.308372664128538,1,0,0.0215704639829767,898,25
36,20,2022-07-01,GDELT,Trade_Imports,6,3.38290748428834,0.169680698839088,5,0,0.0401179287468109,898,25
36,20,2022-07-01,GDELT,Trade_Imports,12,7.41382730242883,0.0692780467189158,12,2,0.102709327147153,898,25
36,20,2022-07-01,ICEWS,Trade_Total,3,1.97437589880317,0.0513408258499911,3,2,0.0232709690445495,898,25
36,20,2022-07-01,ICEWS,Trade_Total,6,3.06150418763464,0.0282074801467666,3,2,0.0353594269672415,898,25
36,20,2022-07-01,ICEWS,Trade_Total,12,6.29041114145197,0.00742653190110981,12,3,0.0637106025766529,898,25
36,20,2022-07-01,ICEWS,Trade_Exports,3,2.13989680305825,0.0629067677938315,3,1,0.0200600601532098,898,25
36,20,2022-07-01,ICEWS,Trade_Exports,6,3.6183412544607,0.0302104314452702,3,1,0.03735606442172,898,25
36,20,2022-07-01,ICEWS,Trade_Exports,12,7.42737271793358,0.00412949897807873,12,6,0.0898725977087446,898,25
36,20,2022-07-01,ICEWS,Trade_Imports,3,1.9721753972492,0.0563275421810264,3,0,0.024289029027948,898,25
36,20,2022-07-01,ICEWS,Trade_Imports,6,2.78484506006098,0.029992105918766,4,0,0.0346605970323297,898,25
36,20,2022-07-01,ICEWS,Trade_Imports,12,5.322495764724,0.0215536490576141,4,0,0.0547604031795168,898,25
36,20,2022-07-01,Tsinghua,Trade_Total,3,1.64387524259081,0.0226317353553879,1,0,0.0109942517181595,396,11
36,20,2022-07-01,Tsinghua,Trade_Total,6,3.27270178068897,0.0530494171393068,6,1,0.0289376247311201,396,11
36,20,2022-07-01,Tsinghua,Trade_Total,12,6.11791929884935,0.0230915794334168,1,2,0.0597865762669733,396,11
36,20,2022-07-01,Tsinghua,Trade_Exports,3,1.62696562237159,0.0241700241338193,1,0,0.0155520840477862,396,11
36,20,2022-07-01,Tsinghua,Trade_Exports,6,3.06502732786209,0.0155692382226838,4,1,0.0386503047785337,396,11
36,20,2022-07-01,Tsinghua,Trade_Exports,12,5.70841511287977,0.00628512796927524,4,2,0.0652704385510857,396,11
36,20,2022-07-01,Tsinghua,Trade_Imports,3,1.23124690691029,0.189840097103206,1,0,0.00720493435310027,396,11
36,20,2022-07-01,Tsinghua,Trade_Imports,6,4.25826482177318,0.0202160785962304,6,0,0.0239342542520629,396,11
36,20,2022-07-01,Tsinghua,Trade_Imports,12,7.46336418937835,0.0090013769138383,6,1,0.0668340829569538,396,11
36,21,2023-07-01,GDELT,Trade_Total,3,0.814231047205157,0.600054596487015,0,0,0.0175589301659897,868,25
36,21,2023-07-01,GDELT,Trade_Total,6,2.6458288755889,0.384170294119902,0,0,0.0286254698456128,868,25
36,21,2023-07-01,GDELT,Trade_Total,12,6.32750493330158,0.210694122161243,0,0,0.0535847173984499,868,25
36,21,2023-07-01,GDELT,Trade_Exports,3,0.430541808710551,0.784119799169839,0,1,0.0239255217742552,868,25
36,21,2023-07-01,GDELT,Trade_Exports,6,1.74548145233743,0.548484787248631,0,1,0.0337175638381944,868,25
36,21,2023-07-01,GDELT,Trade_Exports,12,4.60702958104464,0.315624820982956,0,1,0.0601357417564045,868,25
36,21,2023-07-01,GDELT,Trade_Imports,3,1.96829701431127,0.223562981910613,3,0,0.00895037579285548,868,25
36,21,2023-07-01,GDELT,Trade_Imports,6,4.70926253388454,0.00533015077103148,5,1,0.0531223444697953,868,25
36,21,2023-07-01,GDELT,Trade_Imports,12,7.06941774922612,0.00479818254592102,5,1,0.0847337600277759,868,25
36,21,2023-07-01,ICEWS,Trade_Total,3,1.70235511252393,0.0698348089043702,1,1,0.0232375418799302,868,25
36,21,2023-07-01,ICEWS,Trade_Total,6,2.38809099871562,0.0495391136446971,1,1,0.0280931756807594,868,25
36,21,2023-07-01,ICEWS,Trade_Total,12,5.25218698633357,0.0411103192982595,1,1,0.0518473491857108,868,25
36,21,2023-07-01,ICEWS,Trade_Exports,3,1.90267824165858,0.0676736674021167,3,2,0.0276076160527509,868,25
36,21,2023-07-01,ICEWS,Trade_Exports,6,3.2829068415891,0.0181130054317335,1,2,0.0389487452522261,868,25
36,21,2023-07-01,ICEWS,Trade_Exports,12,5.79842810092986,0.0101888362604219,1,3,0.0600880181989315,868,25
36,21,2023-07-01,ICEWS,Trade_Imports,3,1.26871477176362,0.195851726621692,2,0,0.0171336288479433,868,25
36,21,2023-07-01,ICEWS,Trade_Imports,6,2.96905028872974,0.126437097500978,1,0,0.0338863034868945,868,25
36,21,2023-07-01,ICEWS,Trade_Imports,12,6.04701568963558,0.0970290029789309,10,1,0.0736174907363685,868,25
36,21,2023-07-01,Tsinghua,Trade_Total,3,1.61474564679108,0.404267217507334,3,0,0.0138018093796058,387,11
36,21,2023-07-01,Tsinghua,Trade_Total,6,2.96954703638559,0.246341116957831,3,0,0.0199343136917227,387,11
36,21,2023-07-01,Tsinghua,Trade_Total,12,5.55083706859513,0.171021538822131,3,1,0.033851521518066,387,11
36,21,2023-07-01,Tsinghua,Trade_Exports,3,1.89723796613653,0.08189800212257,2,1,0.0222611917063021,387,11
36,21,2023-07-01,Tsinghua,Trade_Exports,6,2.78237264564649,0.0317504068682827,2,1,0.0319169835636697,387,11
36,21,2023-07-01,Tsinghua,Trade_Exports,12,5.14721634306407,0.0376386888886709,2,1,0.0537182270950184,387,11
36,21,2023-07-01,Tsinghua,Trade_Imports,3,1.4102860213811,0.287022404040496,0,1,0.040448444321255,387,11
36,21,2023-07-01,Tsinghua,Trade_Imports,6,2.23131996843908,0.228882188466337,0,1,0.0459480413555697,387,11
36,21,2023-07-01,Tsinghua,Trade_Imports,12,3.74434962429515,0.196394528034888,0,1,0.0568765046566355,387,11
36,22,2024-07-01,GDELT,Trade_Total,3,1.75968432141632,0.166439316849449,3,0,0.0414832420430119,778,25
36,22,2024-07-01,GDELT,Trade_Total,6,2.20754496620985,0.133169340813295,3,1,0.0499171166458979,778,25
36,22,2024-07-01,GDELT,Trade_Total,12,4.74907419976889,0.0829907050042203,3,2,0.0773301593917146,778,25
36,22,2024-07-01,GDELT,Trade_Exports,3,1.78690343875302,0.212605453086262,3,0,0.0297155885038384,778,25
36,22,2024-07-01,GDELT,Trade_Exports,6,3.22394000098342,0.144224686706033,6,0,0.05166103635523,778,25
36,22,2024-07-01,GDELT,Trade_Exports,12,4.88508423414128,0.103598018597364,6,1,0.0731347118628712,778,25
36,22,2024-07-01,GDELT,Trade_Imports,3,1.61794653077922,0.172471266480629,2,0,0.0537074500620726,778,25
36,22,2024-07-01,GDELT,Trade_Imports,6,3.29097083090682,0.0675170975337148,2,1,0.0909926819599871,778,25
36,22,2024-07-01,GDELT,Trade_Imports,12,5.26256474431522,0.0413174250375654,2,2,0.127349489541514,778,25
36,22,2024-07-01,ICEWS,Trade_Total,3,1.56788393200114,0.00908543797331072,1,1,0.0284570434119935,778,25
36,22,2024-07-01,ICEWS,Trade_Total,6,3.05959253511724,0.00567006465736692,1,1,0.0492089131320732,778,25
36,22,2024-07-01,ICEWS,Trade_Total,12,5.3800571789155,0.0733996609079807,1,2,0.0836932533735166,778,25
36,22,2024-07-01,ICEWS,Trade_Exports,3,1.72794563115234,0.0676040580429602,1,0,0.0355407692996151,778,25
36,22,2024-07-01,ICEWS,Trade_Exports,6,2.34571341578424,0.068524682229971,1,0,0.0453506151030661,778,25
36,22,2024-07-01,ICEWS,Trade_Exports,12,5.28904408503972,0.0297460921259493,8,1,0.0795577954050275,778,25
36,22,2024-07-01,ICEWS,Trade_Imports,3,1.83472094156411,0.24898835672302,2,2,0.0652179558945425,778,25
36,22,2024-07-01,ICEWS,Trade_Imports,6,3.08160185328446,0.204334999657151,5,2,0.0830876394721256,778,25
36,22,2024-07-01,ICEWS,Trade_Imports,12,5.45968841004725,0.204298778048315,0,3,0.117777346500406,778,25
36,22,2024-07-01,Tsinghua,Trade_Total,3,1.08454529498341,0.557566971917566,0,1,0.0167462270249504,335,11
36,22,2024-07-01,Tsinghua,Trade_Total,6,2.9308132345204,0.314392697294455,0,1,0.0279381886618915,335,11
36,22,2024-07-01,Tsinghua,Trade_Total,12,5.87947664905658,0.179103680920963,0,1,0.0481310193765062,335,11
36,22,2024-07-01,Tsinghua,Trade_Exports,3,1.72077275962505,0.351142783099211,3,0,0.0176766590074224,335,11
36,22,2024-07-01,Tsinghua,Trade_Exports,6,3.59327353398608,0.128389307060532,5,0,0.038882462681037,335,11
36,22,2024-07-01,Tsinghua,Trade_Exports,12,6.67336108195342,0.0840045792662381,10,1,0.0723298600402219,335,11
36,22,2024-07-01,Tsinghua,Trade_Imports,3,0.777949856082189,0.517404228551434,0,0,0.024965735427132,335,11
36,22,2024-07-01,Tsinghua,Trade_Imports,6,2.36324964236842,0.328087315600926,0,0,0.0385393149904659,335,11
36,22,2024-07-01,Tsinghua,Trade_Imports,12,6.85972140391543,0.145545760839012,12,1,0.0711070979484329,335,11
60,1,2004-07-01,GDELT,Trade_Total,3,1.19712859089451,0.349405687133844,0,0,0.0116127533486349,1242,23
60,1,2004-07-01,GDELT,Trade_Total,6,2.75490060391467,0.214732623511167,0,2,0.0196851069801044,1173,23
60,1,2004-07-01,GDELT,Trade_Total,12,5.73313764614315,0.145003578954394,0,3,0.0401852786345817,1035,23
60,1,2004-07-01,GDELT,Trade_Exports,3,1.59771304113332,0.143574537609526,1,0,0.0106573347932926,1242,23
60,1,2004-07-01,GDELT,Trade_Exports,6,2.50930354500623,0.126512569307528,2,0,0.012096297487094,1173,23
60,1,2004-07-01,GDELT,Trade_Exports,12,4.66011176331108,0.137245468176316,2,0,0.015213382029657,1035,23
60,1,2004-07-01,GDELT,Trade_Imports,3,0.858842893055386,0.52912390294826,0,0,0.0106271921541404,1242,23
60,1,2004-07-01,GDELT,Trade_Imports,6,2.48347427643329,0.280014478205969,0,3,0.0221802884003249,1173,23
60,1,2004-07-01,GDELT,Trade_Imports,12,5.21917783529496,0.162926191087207,0,3,0.0530727584560493,1035,23
60,1,2004-07-01,ICEWS,Trade_Total,3,1.2873477293582,0.272994324399185,1,3,0.0292854287219691,1240,23
60,1,2004-07-01,ICEWS,Trade_Total,6,2.94944137911891,0.177546916657919,6,5,0.0418556563611086,1171,23
60,1,2004-07-01,ICEWS,Trade_Total,12,6.31273530741169,0.0877301734854103,12,7,0.0709157231732753,1033,23
60,1,2004-07-01,ICEWS,Trade_Exports,3,1.05394557548697,0.291421186889612,1,0,0.0182423348177493,1240,23
60,1,2004-07-01,ICEWS,Trade_Exports,6,2.89030761703643,0.187095934634441,6,0,0.0287173419772488,1171,23
60,1,2004-07-01,ICEWS,Trade_Exports,12,6.40990492737114,0.100322209427219,12,1,0.0534360748714483,1033,23
60,1,2004-07-01,ICEWS,Trade_Imports,3,1.46317977093709,0.236231988014384,2,0,0.0340349040371467,1240,23
60,1,2004-07-01,ICEWS,Trade_Imports,6,3.08010201511962,0.135396716967598,5,2,0.0552911261449947,1171,23
60,1,2004-07-01,ICEWS,Trade_Imports,12,5.0229899693818,0.0633151948171586,5,4,0.0777757056834608,1033,23
60,1,2004-07-01,Phoenix,Trade_Total,3,1.01604907124801,0.339498904050523,1,1,0.0173030045270331,1227,23
60,1,2004-07-01,Phoenix,Trade_Total,6,3.59964737738451,0.132334651633933,6,2,0.031207955564055,1158,23
60,1,2004-07-01,Phoenix,Trade_Total,12,7.74203403328437,0.056106659820545,12,4,0.0695697925070117,1020,23
60,1,2004-07-01,Phoenix,Trade_Exports,3,1.40273515566304,0.294496179872011,1,1,0.0167976154520085,1227,23
60,1,2004-07-01,Phoenix,Trade_Exports,6,3.1694952620052,0.121678255577314,3,1,0.02944243630674,1158,23
60,1,2004-07-01,Phoenix,Trade_Exports,12,7.50042952448081,0.0505026517698092,12,2,0.0672723179783793,1020,23
60,1,2004-07-01,Phoenix,Trade_Imports,3,1.36052174831849,0.259743271959336,1,0,0.0287795090214199,1227,23
60,1,2004-07-01,Phoenix,Trade_Imports,6,3.43308964797194,0.124675919786434,5,2,0.0482892167240604,1158,23
60,1,2004-07-01,Phoenix,Trade_Imports,12,5.79393138758812,0.0727111454274198,5,2,0.0794674395105661,1020,23
60,1,2004-07-01,Tsinghua,Trade_Total,3,1.94889540132963,0.12784719645045,3,1,0.015612574986537,586,11
60,1,2004-07-01,Tsinghua,Trade_Total,6,3.475444243647,0.0553643425479054,3,1,0.0228161625763289,553,11
60,1,2004-07-01,Tsinghua,Trade_Total,12,7.46621664078583,0.0126329171015315,12,1,0.032437439194325,487,11
60,1,2004-07-01,Tsinghua,Trade_Exports,3,0.535972602900312,0.709959458910006,0,0,0.00826170117007624,586,11
60,1,2004-07-01,Tsinghua,Trade_Exports,6,2.20977321990183,0.422307412328336,0,0,0.0147154103231676,553,11
60,1,2004-07-01,Tsinghua,Trade_Exports,12,5.77315411205625,0.132132525266158,0,0,0.0406484932595515,487,11
60,1,2004-07-01,Tsinghua,Trade_Imports,3,1.6051998778548,0.25527177301249,3,2,0.0414419623728691,586,11
60,1,2004-07-01,Tsinghua,Trade_Imports,6,2.98898598563021,0.169541173778393,3,3,0.0560343699886838,553,11
60,1,2004-07-01,Tsinghua,Trade_Imports,12,5.41274839785127,0.0877913469132414,3,3,0.0768207208187783,487,11
60,2,2005-07-01,GDELT,Trade_Total,3,1.32202705386789,0.367065429417986,0,0,0.00307047564437838,1335,23
60,2,2005-07-01,GDELT,Trade_Total,6,2.35891431321731,0.192810153813639,4,0,0.00488765084701919,1329,23
60,2,2005-07-01,GDELT,Trade_Total,12,7.28490134467188,0.0901654091906276,12,0,0.0090947548585706,1311,23
60,2,2005-07-01,GDELT,Trade_Exports,3,1.33407671869374,0.37135971770986,0,0,0.00343170979850616,1335,23
60,2,2005-07-01,GDELT,Trade_Exports,6,3.67957943730507,0.139370821553849,5,0,0.00703037861722008,1329,23
60,2,2005-07-01,GDELT,Trade_Exports,12,7.13389306074384,0.0329754747967266,9,0,0.0186964581352917,1311,23
60,2,2005-07-01,GDELT,Trade_Imports,3,1.8406535805853,0.0833921203532041,2,0,0.00364438862023097,1335,23
60,2,2005-07-01,GDELT,Trade_Imports,6,3.84185933994994,0.0238284240131343,4,0,0.011683981872463,1329,23
60,2,2005-07-01,GDELT,Trade_Imports,12,6.42164663840876,0.00126726742318449,5,0,0.0223718464780344,1311,23
60,2,2005-07-01,ICEWS,Trade_Total,3,1.91805872684687,0.315321204536997,3,1,0.0106793227309269,1335,23
60,2,2005-07-01,ICEWS,Trade_Total,6,3.40928747916414,0.153527036967604,3,1,0.0208133466962269,1329,23
60,2,2005-07-01,ICEWS,Trade_Total,12,6.53681772530744,0.0860672479178856,12,2,0.0396246259933531,1309,23
60,2,2005-07-01,ICEWS,Trade_Exports,3,1.80737124158932,0.26891459189282,3,1,0.0209723338774883,1335,23
60,2,2005-07-01,ICEWS,Trade_Exports,6,2.8588995942189,0.16713320040171,4,1,0.0302701420739086,1329,23
60,2,2005-07-01,ICEWS,Trade_Exports,12,6.31963460218845,0.0818807541535093,4,2,0.0523276366328424,1309,23
60,2,2005-07-01,ICEWS,Trade_Imports,3,1.62953901545306,0.0177219940060402,2,1,0.0157645979028951,1335,23
60,2,2005-07-01,ICEWS,Trade_Imports,6,3.7479281877466,0.0058150615265724,5,1,0.0322770296857361,1329,23
60,2,2005-07-01,ICEWS,Trade_Imports,12,5.88767810356064,0.0251659342525387,5,2,0.0583578642470027,1309,23
60,2,2005-07-01,Phoenix,Trade_Total,3,1.9081810910774,0.166366788485437,3,1,0.00841277416243705,1335,23
60,2,2005-07-01,Phoenix,Trade_Total,6,3.6269580726727,0.0870670698640577,5,0,0.019956416959007,1329,23
60,2,2005-07-01,Phoenix,Trade_Total,12,7.13963040012136,0.0441217203570072,10,1,0.0363176963580275,1296,23
60,2,2005-07-01,Phoenix,Trade_Exports,3,1.81080647091276,0.369166852114393,3,1,0.012673815492526,1335,23
60,2,2005-07-01,Phoenix,Trade_Exports,6,2.96746986445102,0.222996316719373,3,1,0.0218434086685464,1329,23
60,2,2005-07-01,Phoenix,Trade_Exports,12,6.85136389873174,0.0915277840398101,11,2,0.0487571802403372,1296,23
60,2,2005-07-01,Phoenix,Trade_Imports,3,0.982481262830646,0.384618489855976,0,1,0.0211113746833603,1335,23
60,2,2005-07-01,Phoenix,Trade_Imports,6,2.81852028789109,0.214915300664893,0,1,0.0362480577379668,1329,23
60,2,2005-07-01,Phoenix,Trade_Imports,12,4.67520073430356,0.150504490246353,5,0,0.0502962542562354,1296,23
60,2,2005-07-01,Tsinghua,Trade_Total,3,1.91413893042937,0.140658635635802,3,0,0.0117559783294425,641,11
60,2,2005-07-01,Tsinghua,Trade_Total,6,3.35536435935232,0.05736470773554,4,1,0.0240830291355205,638,11
60,2,2005-07-01,Tsinghua,Trade_Total,12,5.23190750262475,0.00814630179813518,4,2,0.0347158081146971,619,11
60,2,2005-07-01,Tsinghua,Trade_Exports,3,2.18188386766702,0.180102907234972,3,1,0.0141584622138715,641,11
60,2,2005-07-01,Tsinghua,Trade_Exports,6,3.31429861068856,0.0794409188480848,3,1,0.0231487663822719,638,11
60,2,2005-07-01,Tsinghua,Trade_Exports,12,6.6032403723185,0.023963972650578,7,2,0.0529324297937915,619,11
60,2,2005-07-01,Tsinghua,Trade_Imports,3,1.28025379212087,0.460757360548471,0,0,0.00868719369735945,641,11
60,2,2005-07-01,Tsinghua,Trade_Imports,6,4.28934673692341,0.124097602526368,5,0,0.0233691512037996,638,11
60,2,2005-07-01,Tsinghua,Trade_Imports,12,6.79399868839379,0.0315210759531296,5,1,0.0438380371985678,619,11
60,3,2006-07-01,GDELT,Trade_Total,3,1.33877923995711,0.28061691320494,1,0,0.0165644981903261,1359,23
60,3,2006-07-01,GDELT,Trade_Total,6,2.56140932484007,0.197949472807436,1,0,0.0222233630926625,1353,23
60,3,2006-07-01,GDELT,Trade_Total,12,4.21926918843529,0.145555429264026,1,0,0.0295326367272234,1341,23
60,3,2006-07-01,GDELT,Trade_Exports,3,1.40242399505841,0.29464035607674,0,0,0.0169999187946458,1359,23
60,3,2006-07-01,GDELT,Trade_Exports,6,1.97574428739565,0.245142929067626,0,0,0.0190630773441187,1353,23
60,3,2006-07-01,GDELT,Trade_Exports,12,4.04926402163088,0.16773152382276,0,0,0.0273572983315656,1341,23
60,3,2006-07-01,GDELT,Trade_Imports,3,0.886308526590713,0.370534704078908,1,0,0.0142658165825021,1359,23
60,3,2006-07-01,GDELT,Trade_Imports,6,3.13896349620161,0.219285679911637,6,0,0.0251601813328677,1353,23
60,3,2006-07-01,GDELT,Trade_Imports,12,5.96687215438832,0.125666140560696,6,1,0.0433512858718622,1341,23
60,3,2006-07-01,ICEWS,Trade_Total,3,1.58915882685682,0.294303511721512,3,1,0.0267377232546267,1359,23
60,3,2006-07-01,ICEWS,Trade_Total,6,2.7869720488733,0.188288276158959,4,2,0.0364836858449766,1353,23
60,3,2006-07-01,ICEWS,Trade_Total,12,5.74059809834008,0.103368001459295,4,3,0.0522624208060067,1341,23
60,3,2006-07-01,ICEWS,Trade_Exports,3,1.66619772878449,0.283080701658252,3,2,0.0372489188530707,1359,23
60,3,2006-07-01,ICEWS,Trade_Exports,6,2.54735545824375,0.202837733953331,3,3,0.047571542627014,1353,23
60,3,2006-07-01,ICEWS,Trade_Exports,12,5.01316739900451,0.130227884534541,3,3,0.0636498518797891,1341,23
60,3,2006-07-01,ICEWS,Trade_Imports,3,0.915944033463535,0.513690831346976,0,0,0.0138177095318474,1359,23
60,3,2006-07-01,ICEWS,Trade_Imports,6,2.89657294758828,0.262347277898189,4,1,0.0236893853250795,1353,23
60,3,2006-07-01,ICEWS,Trade_Imports,12,7.67498341896017,0.0659373042965228,9,2,0.0613392384228571,1341,23
60,3,2006-07-01,Phoenix,Trade_Total,3,1.19046683365064,0.396808294653396,0,0,0.0100885753868005,1359,23
60,3,2006-07-01,Phoenix,Trade_Total,6,2.79260411776838,0.231251429720898,5,0,0.019757990786033,1353,23
60,3,2006-07-01,Phoenix,Trade_Total,12,6.3972464875985,0.100768733353119,12,0,0.0399114925944232,1341,23
60,3,2006-07-01,Phoenix,Trade_Exports,3,1.68765027648052,0.192765270065222,3,0,0.018890818075205,1359,23
60,3,2006-07-01,Phoenix,Trade_Exports,6,2.29332559015811,0.165592926885387,3,0,0.0249212346915022,1353,23
60,3,2006-07-01,Phoenix,Trade_Exports,12,4.36142279492599,0.11231587730216,3,0,0.0358624217119065,1341,23
60,3,2006-07-01,Phoenix,Trade_Imports,3,1.63852614315424,0.228158130920247,2,0,0.0123868331546331,1359,23
60,3,2006-07-01,Phoenix,Trade_Imports,6,3.10029435676165,0.149557466839981,5,0,0.0225469495604899,1353,23
60,3,2006-07-01,Phoenix,Trade_Imports,12,7.63218355874058,0.0373309829361267,12,0,0.0563028138875338,1341,23
60,3,2006-07-01,Tsinghua,Trade_Total,3,2.13522977619051,0.061118732422529,3,0,0.00941394774884852,653,11
60,3,2006-07-01,Tsinghua,Trade_Total,6,3.5543292487715,0.00616997394155496,4,0,0.0178783974777247,650,11
60,3,2006-07-01,Tsinghua,Trade_Total,12,7.11561542918421,0.0394798792671547,7,3,0.047255781459607,644,11
60,3,2006-07-01,Tsinghua,Trade_Exports,3,2.73311016203639,0.033614519178173,3,0,0.0114913206364855,653,11
60,3,2006-07-01,Tsinghua,Trade_Exports,6,3.67337808420191,0.0269413242586297,3,0,0.0266743987632028,650,11
60,3,2006-07-01,Tsinghua,Trade_Exports,12,6.86234925078393,0.0562922569855709,12,2,0.0629336586589318,644,11
60,3,2006-07-01,Tsinghua,Trade_Imports,3,1.01600507686578,0.243493158427521,1,0,0.00986830901425371,653,11
60,3,2006-07-01,Tsinghua,Trade_Imports,6,2.65352725335146,0.155106439489054,1,0,0.0169309621171678,650,11
60,3,2006-07-01,Tsinghua,Trade_Imports,12,6.66097860094696,0.0479612253936534,9,1,0.0531857710683861,644,11
60,4,2007-07-01,GDELT,Trade_Total,3,1.59308793445531,0.244896124964242,3,0,0.0132190934871595,1377,23
60,4,2007-07-01,GDELT,Trade_Total,6,3.16471820231221,0.156077668966842,6,0,0.02054567165786,1374,23
60,4,2007-07-01,GDELT,Trade_Total,12,5.89906211776843,0.0873579021592737,12,1,0.0331622131313432,1365,23
60,4,2007-07-01,GDELT,Trade_Exports,3,1.77412414156282,0.222722879344184,3,0,0.018699455047923,1377,23
60,4,2007-07-01,GDELT,Trade_Exports,6,2.52255046831123,0.16802632045489,3,0,0.0236169687451976,1374,23
60,4,2007-07-01,GDELT,Trade_Exports,12,4.20264190608389,0.116071859936727,3,1,0.0313466105688293,1365,23
60,4,2007-07-01,GDELT,Trade_Imports,3,0.995789380752113,0.343917832905855,1,0,0.00706028456568843,1377,23
60,4,2007-07-01,GDELT,Trade_Imports,6,4.10595589333957,0.144795090415277,6,1,0.0195968582214083,1374,23
60,4,2007-07-01,GDELT,Trade_Imports,12,8.06461208202007,0.0480123282902791,12,3,0.0592743849285526,1365,23
60,4,2007-07-01,ICEWS,Trade_Total,3,1.72794220491963,0.25941222515438,3,1,0.0243925983703152,1377,23
60,4,2007-07-01,ICEWS,Trade_Total,6,3.18931917379776,0.15384984853693,3,2,0.0365446708929997,1374,23
60,4,2007-07-01,ICEWS,Trade_Total,12,7.03628184058107,0.0627870335662561,10,3,0.062291614276978,1365,23
60,4,2007-07-01,ICEWS,Trade_Exports,3,2.06473785701027,0.139776659167662,3,1,0.0291514493458097,1377,23
60,4,2007-07-01,ICEWS,Trade_Exports,6,3.2068226445094,0.0867588734783963,3,2,0.0426715761141856,1374,23
60,4,2007-07-01,ICEWS,Trade_Exports,12,6.06845410374782,0.0360232983742013,4,2,0.0599017094800014,1365,23
60,4,2007-07-01,ICEWS,Trade_Imports,3,0.918841295918675,0.522654042993399,0,0,0.0199940069292337,1377,23
60,4,2007-07-01,ICEWS,Trade_Imports,6,2.92682189088481,0.292975409817694,0,0,0.0329602924884334,1374,23
60,4,2007-07-01,ICEWS,Trade_Imports,12,8.24110219510565,0.0783678278470004,10,5,0.0880465968278402,1365,23
60,4,2007-07-01,Phoenix,Trade_Total,3,1.11212871831092,0.515150661418095,0,0,0.00950105881084316,1377,23
60,4,2007-07-01,Phoenix,Trade_Total,6,2.97732244026922,0.298340187238284,0,0,0.0169139303729843,1374,23
60,4,2007-07-01,Phoenix,Trade_Total,12,6.50141353613935,0.149214012124455,12,0,0.0357028706393021,1365,23
60,4,2007-07-01,Phoenix,Trade_Exports,3,1.51641377552363,0.356701447995091,0,0,0.00987622436527043,1377,23
60,4,2007-07-01,Phoenix,Trade_Exports,6,1.74184541149384,0.334468188328018,0,0,0.0104657441429377,1374,23
60,4,2007-07-01,Phoenix,Trade_Exports,12,5.58952808521271,0.146484158409337,7,0,0.026852353235967,1365,23
60,4,2007-07-01,Phoenix,Trade_Imports,3,1.77833997966046,0.230070925185409,2,0,0.0209437963749268,1377,23
60,4,2007-07-01,Phoenix,Trade_Imports,6,3.11648287827745,0.160198902594984,2,0,0.032452542314257,1374,23
60,4,2007-07-01,Phoenix,Trade_Imports,12,6.95598073682767,0.0712597764400267,12,1,0.0729511508542649,1365,23
60,4,2007-07-01,Tsinghua,Trade_Total,3,1.24510210435371,0.427172267772247,0,0,0.00943950111395353,660,11
60,4,2007-07-01,Tsinghua,Trade_Total,6,2.93536545959051,0.21453295215379,5,0,0.0157336014047705,660,11
60,4,2007-07-01,Tsinghua,Trade_Total,12,6.68097870688253,0.119362271483926,12,1,0.0385680640747196,656,11
60,4,2007-07-01,Tsinghua,Trade_Exports,3,0.790862525644444,0.470037979398927,0,0,0.0128251607860535,660,11
60,4,2007-07-01,Tsinghua,Trade_Exports,6,2.06917766496468,0.319274077321877,0,0,0.0176148220735877,660,11
60,4,2007-07-01,Tsinghua,Trade_Exports,12,6.40322255423829,0.183277403220896,12,1,0.0450271042794393,656,11
60,4,2007-07-01,Tsinghua,Trade_Imports,3,1.5555154265845,0.15255457973945,1,0,0.0126391583237725,660,11
60,4,2007-07-01,Tsinghua,Trade_Imports,6,3.10114686017727,0.0481057834905173,5,0,0.0210332793645838,660,11
60,4,2007-07-01,Tsinghua,Trade_Imports,12,6.26984353534398,0.000894025099166822,5,0,0.0462158879297887,656,11
60,5,2008-07-01,GDELT,Trade_Total,3,1.76491987337664,0.221584861295583,3,0,0.00464733748516221,1380,23
60,5,2008-07-01,GDELT,Trade_Total,6,4.46840423559721,0.0808245619949591,6,1,0.0190720472207753,1380,23
60,5,2008-07-01,GDELT,Trade_Total,12,6.79433587148817,0.0583722403929361,6,2,0.0381090834211149,1380,23
60,5,2008-07-01,GDELT,Trade_Exports,3,2.66862073149947,0.00969024575555091,3,0,0.00754465551645034,1380,23
60,5,2008-07-01,GDELT,Trade_Exports,6,4.19248948074154,0.0169107460822453,6,0,0.0187649057808977,1380,23
60,5,2008-07-01,GDELT,Trade_Exports,12,5.88373888144887,0.0249123860112511,7,0,0.0326488760516339,1380,23
60,5,2008-07-01,GDELT,Trade_Imports,3,1.73368388311535,0.325707884800129,3,0,0.0123702617067076,1380,23
60,5,2008-07-01,GDELT,Trade_Imports,6,3.9164990140023,0.147534642523795,6,1,0.0311436317691757,1380,23
60,5,2008-07-01,GDELT,Trade_Imports,12,7.24590858740507,0.0725471362515733,12,2,0.0742000385296455,1380,23
60,5,2008-07-01,ICEWS,Trade_Total,3,1.54055122868214,0.247056959942969,2,0,0.00743680112603626,1380,23
60,5,2008-07-01,ICEWS,Trade_Total,6,3.30634019976749,0.12616226585524,6,0,0.0137326368314419,1380,23
60,5,2008-07-01,ICEWS,Trade_Total,12,7.69696325389629,0.0585466081959156,10,1,0.0517679047912298,1380,23
60,5,2008-07-01,ICEWS,Trade_Exports,3,1.50055666697958,0.476285168991728,0,0,0.00758144335698936,1380,23
60,5,2008-07-01,ICEWS,Trade_Exports,6,3.0364889089557,0.256261519941093,0,0,0.0136409971735736,1380,23
60,5,2008-07-01,ICEWS,Trade_Exports,12,7.16096056630907,0.11528639688485,11,0,0.0370422655691379,1380,23
60,5,2008-07-01,ICEWS,Trade_Imports,3,1.76898263961033,0.0990983518476093,2,0,0.0116322981309406,1380,23
60,5,2008-07-01,ICEWS,Trade_Imports,6,3.76289164412683,0.0163370185603752,6,0,0.025116984862986,1380,23
60,5,2008-07-01,ICEWS,Trade_Imports,12,7.42247480252253,0.0287452490377907,10,5,0.110016592942002,1380,23
60,5,2008-07-01,Phoenix,Trade_Total,3,2.15635039522825,0.0294425015745113,3,0,0.012610358230391,1380,23
60,5,2008-07-01,Phoenix,Trade_Total,6,3.55274472122329,0.017896746006787,3,0,0.0219472476992546,1380,23
60,5,2008-07-01,Phoenix,Trade_Total,12,5.67849673118257,0.011689053954384,7,0,0.0366955744580281,1380,23
60,5,2008-07-01,Phoenix,Trade_Exports,3,1.6050891545025,0.0195740901602276,1,0,0.00323847569143916,1380,23
60,5,2008-07-01,Phoenix,Trade_Exports,6,3.05946210472761,0.00447498505045708,1,0,0.00571833458863605,1380,23
60,5,2008-07-01,Phoenix,Trade_Exports,12,6.84945940464411,0.019726640001712,9,0,0.0164334532518278,1380,23
60,5,2008-07-01,Phoenix,Trade_Imports,3,2.14504668054811,0.0536681592858359,2,0,0.0200251516973179,1380,23
60,5,2008-07-01,Phoenix,Trade_Imports,6,3.55117328073327,0.0316691047096357,2,0,0.0346016865713098,1380,23
60,5,2008-07-01,Phoenix,Trade_Imports,12,6.41315433953717,0.0195795405119625,12,2,0.0704320823042994,1380,23
60,5,2008-07-01,Tsinghua,Trade_Total,3,1.18891540870675,0.34434389883249,0,2,0.0297896443071633,660,11
60,5,2008-07-01,Tsinghua,Trade_Total,6,2.22392065906779,0.229102500037952,0,2,0.0412515275568277,660,11
60,5,2008-07-01,Tsinghua,Trade_Total,12,3.24040488413877,0.184539144065348,0,3,0.0530057789562757,660,11
60,5,2008-07-01,Tsinghua,Trade_Exports,3,1.05212654397072,0.403440052333035,0,1,0.0403476612455947,660,11
60,5,2008-07-01,Tsinghua,Trade_Exports,6,1.78918071314452,0.311051340496604,0,1,0.0503001584015752,660,11
60,5,2008-07-01,Tsinghua,Trade_Exports,12,3.6865278056361,0.235341139602003,0,1,0.0688054746377241,660,11
60,5,2008-07-01,Tsinghua,Trade_Imports,3,1.54857338069354,0.236298803128691,2,0,0.0234571646286256,660,11
60,5,2008-07-01,Tsinghua,Trade_Imports,6,3.26197659536772,0.0902019823911306,5,1,0.044224980122111,660,11
60,5,2008-07-01,Tsinghua,Trade_Imports,12,4.98694881153588,0.062503953375756,5,1,0.0662618553296728,660,11
60,6,2009-07-01,GDELT,Trade_Total,3,1.29376173110011,0.278956071894504,1,1,0.0264701755769021,1380,23
60,6,2009-07-01,GDELT,Trade_Total,6,2.1983007027945,0.215864651683812,1,2,0.0344938698163126,1380,23
60,6,2009-07-01,GDELT,Trade_Total,12,3.70311131667641,0.177029142364792,1,2,0.0429293169264492,1380,23
60,6,2009-07-01,GDELT,Trade_Exports,3,1.41297384984044,0.277142887174045,1,0,0.0138846847409616,1380,23
60,6,2009-07-01,GDELT,Trade_Exports,6,3.16902362589377,0.155973937936502,6,0,0.0255245356952289,1380,23
60,6,2009-07-01,GDELT,Trade_Exports,12,5.06669354795287,0.116073520660413,5,2,0.0369263050186994,1380,23
60,6,2009-07-01,GDELT,Trade_Imports,3,1.67979229951918,0.226968335213439,3,4,0.0592774898953439,1380,23
60,6,2009-07-01,GDELT,Trade_Imports,6,2.44440905441766,0.176244681487481,3,5,0.0755591418670799,1380,23
60,6,2009-07-01,GDELT,Trade_Imports,12,3.42275620854382,0.145799519890298,3,4,0.0881192050609739,1380,23
60,6,2009-07-01,ICEWS,Trade_Total,3,1.67892188486191,0.222397561186218,3,0,0.017458939714804,1380,23
60,6,2009-07-01,ICEWS,Trade_Total,6,2.27602445221885,0.186888420196076,3,0,0.0207920245341129,1380,23
60,6,2009-07-01,ICEWS,Trade_Total,12,5.2721633757964,0.116289010441929,3,0,0.0352390577404507,1380,23
60,6,2009-07-01,ICEWS,Trade_Exports,3,1.19636706151874,0.379398370294624,0,0,0.0123503512749967,1380,23
60,6,2009-07-01,ICEWS,Trade_Exports,6,2.32428884891056,0.262175753277176,0,0,0.0178457776064878,1380,23
60,6,2009-07-01,ICEWS,Trade_Exports,12,5.349959301982,0.148106916597516,11,0,0.0321604787726234,1380,23
60,6,2009-07-01,ICEWS,Trade_Imports,3,2.09459071477081,0.0971878129250884,3,1,0.0306843970690446,1380,23
60,6,2009-07-01,ICEWS,Trade_Imports,6,3.4261469449536,0.0470309436348929,3,2,0.0517167596528714,1380,23
60,6,2009-07-01,ICEWS,Trade_Imports,12,5.11253137140763,0.0358317229208887,3,3,0.0725608814142614,1380,23
60,6,2009-07-01,Phoenix,Trade_Total,3,2.00293620889422,0.0974493142178337,3,0,0.0102719663516746,1380,23
60,6,2009-07-01,Phoenix,Trade_Total,6,3.07851238404728,0.0585213280784835,3,0,0.0147402139843899,1380,23
60,6,2009-07-01,Phoenix,Trade_Total,12,7.11517210034914,0.0342950110697594,8,3,0.0404461648236751,1380,23
60,6,2009-07-01,Phoenix,Trade_Exports,3,0.881766653942194,0.522412477159436,0,0,0.00864400501672523,1380,23
60,6,2009-07-01,Phoenix,Trade_Exports,6,2.42142107574458,0.352756196467255,0,0,0.0133004192545013,1380,23
60,6,2009-07-01,Phoenix,Trade_Exports,12,5.67677155390874,0.199192029661685,0,0,0.0233059148905042,1380,23
60,6,2009-07-01,Phoenix,Trade_Imports,3,1.49051481403995,0.22600225710854,2,0,0.0275840858281563,1380,23
60,6,2009-07-01,Phoenix,Trade_Imports,6,2.60292050966448,0.172862339679672,2,1,0.038784365841092,1380,23
60,6,2009-07-01,Phoenix,Trade_Imports,12,6.42607658088385,0.0657879349937948,8,5,0.0940057330221679,1380,23
60,6,2009-07-01,Tsinghua,Trade_Total,3,1.21903900442956,0.335086404500529,0,1,0.0213011543430132,660,11
60,6,2009-07-01,Tsinghua,Trade_Total,6,2.18261622023839,0.225109161933834,0,1,0.0295305062953909,660,11
60,6,2009-07-01,Tsinghua,Trade_Total,12,6.31300797053622,0.130925689952649,12,5,0.0695109282467552,660,11
60,6,2009-07-01,Tsinghua,Trade_Exports,3,0.863442238354084,0.450687927627928,0,1,0.0275585198283597,660,11
60,6,2009-07-01,Tsinghua,Trade_Exports,6,1.65404692004182,0.371183098979509,0,1,0.0333746182735435,660,11
60,6,2009-07-01,Tsinghua,Trade_Exports,12,5.8774415539627,0.188088045128676,0,3,0.0780418368803491,660,11
60,6,2009-07-01,Tsinghua,Trade_Imports,3,1.87722548752432,0.130814776778594,3,0,0.0306817383257739,660,11
60,6,2009-07-01,Tsinghua,Trade_Imports,6,3.5603398665152,0.0379514592301216,4,3,0.0649434814550004,660,11
60,6,2009-07-01,Tsinghua,Trade_Imports,12,5.88553446514176,0.0463918205047156,4,3,0.108339137676153,660,11
60,7,2010-07-01,GDELT,Trade_Total,3,1.32362394237581,0.232852121571317,1,1,0.0216751448019269,1380,23
60,7,2010-07-01,GDELT,Trade_Total,6,2.53318851204164,0.165119997190837,1,1,0.0313132091587167,1380,23
60,7,2010-07-01,GDELT,Trade_Total,12,5.95640713331629,0.0936768194297365,1,1,0.0546515120021393,1380,23
60,7,2010-07-01,GDELT,Trade_Exports,3,1.1726147574602,0.220373609474532,1,0,0.00896574310575129,1380,23
60,7,2010-07-01,GDELT,Trade_Exports,6,2.79218108366841,0.149280309373189,1,0,0.0144569407105479,1380,23
60,7,2010-07-01,GDELT,Trade_Exports,12,6.61618940913977,0.079272356809217,12,0,0.0274347474999564,1380,23
60,7,2010-07-01,GDELT,Trade_Imports,3,1.56329932100493,0.253963376973101,3,2,0.0422533785782141,1380,23
60,7,2010-07-01,GDELT,Trade_Imports,6,2.5852231649686,0.182678300039872,3,3,0.0577351335508675,1380,23
60,7,2010-07-01,GDELT,Trade_Imports,12,5.45086261728475,0.111842871289867,3,4,0.0934827237810677,1380,23
60,7,2010-07-01,ICEWS,Trade_Total,3,1.87271041523043,0.250929900443986,3,1,0.0233292923731569,1380,23
60,7,2010-07-01,ICEWS,Trade_Total,6,2.75301042676588,0.177404829902182,4,2,0.0343600681871667,1380,23
60,7,2010-07-01,ICEWS,Trade_Total,12,5.27388443892034,0.117001518289024,4,6,0.0540086789141806,1380,23
60,7,2010-07-01,ICEWS,Trade_Exports,3,1.57379602153461,0.344181416867406,0,0,0.0172471933337271,1380,23
60,7,2010-07-01,ICEWS,Trade_Exports,6,2.57042809165767,0.252022197863303,0,1,0.0242759522334646,1380,23
60,7,2010-07-01,ICEWS,Trade_Exports,12,4.50298407852563,0.176816461903498,0,1,0.0347716306642792,1380,23
60,7,2010-07-01,ICEWS,Trade_Imports,3,2.15093428234824,0.150652840567775,3,2,0.033268098424235,1380,23
60,7,2010-07-01,ICEWS,Trade_Imports,6,3.26303316422619,0.086069782228969,4,3,0.0582251229135789,1380,23
60,7,2010-07-01,ICEWS,Trade_Imports,12,5.29670803275057,0.0645518673124819,4,6,0.0836194815911774,1380,23
60,7,2010-07-01,Phoenix,Trade_Total,3,1.80205678833174,0.118934380301207,3,0,0.0067534597086894,1380,23
60,7,2010-07-01,Phoenix,Trade_Total,6,2.78456576565316,0.0789597070226289,4,0,0.0102354973957545,1380,23
60,7,2010-07-01,Phoenix,Trade_Total,12,6.21824473070066,0.0460465020129722,8,0,0.0205309416025759,1380,23
60,7,2010-07-01,Phoenix,Trade_Exports,3,1.53510930077479,0.138843432800142,2,1,0.0104006531174272,1380,23
60,7,2010-07-01,Phoenix,Trade_Exports,6,2.91973738155485,0.0976861338785345,2,1,0.0161968814123644,1380,23
60,7,2010-07-01,Phoenix,Trade_Exports,12,6.22009387208193,0.042852201235728,2,1,0.0298440745529149,1380,23
60,7,2010-07-01,Phoenix,Trade_Imports,3,1.81172417833115,0.183754638731877,2,0,0.0102684308259783,1380,23
60,7,2010-07-01,Phoenix,Trade_Imports,6,3.07339581899374,0.119882701451503,2,0,0.0183908067150816,1380,23
60,7,2010-07-01,Phoenix,Trade_Imports,12,7.38078875307065,0.0373317460490788,8,2,0.056871951864368,1380,23
60,7,2010-07-01,Tsinghua,Trade_Total,3,1.93222159011776,0.141023037556633,3,1,0.0168677172321059,660,11
60,7,2010-07-01,Tsinghua,Trade_Total,6,3.0605888085181,0.100642492632297,3,1,0.0254417831490427,660,11
60,7,2010-07-01,Tsinghua,Trade_Total,12,6.81632453052787,0.0657740175977398,12,5,0.0590164635385661,660,11
60,7,2010-07-01,Tsinghua,Trade_Exports,3,1.5457548206438,0.199493420525638,1,0,0.0137273614590577,660,11
60,7,2010-07-01,Tsinghua,Trade_Exports,6,2.91212587422976,0.135505698046709,6,0,0.0220624789343669,660,11
60,7,2010-07-01,Tsinghua,Trade_Exports,12,6.98358041387001,0.0737470414332979,10,2,0.0587859832100273,660,11
60,7,2010-07-01,Tsinghua,Trade_Imports,3,2.2454132549395,0.0651227050393348,3,2,0.0282703663652372,660,11
60,7,2010-07-01,Tsinghua,Trade_Imports,6,3.12438730547864,0.042158960885528,3,2,0.0439015665720286,660,11
60,7,2010-07-01,Tsinghua,Trade_Imports,12,5.88043830070285,0.0404221216596134,3,2,0.0774212144061229,660,11
60,8,2011-07-01,GDELT,Trade_Total,3,1.07604048811464,0.221801295910953,1,0,0.0105425423986152,1380,23
60,8,2011-07-01,GDELT,Trade_Total,6,3.34401543629392,0.104293833248953,6,1,0.0224374658431344,1380,23
60,8,2011-07-01,GDELT,Trade_Total,12,5.01130900352233,0.0869344730192223,6,2,0.0322620289633075,1380,23
60,8,2011-07-01,GDELT,Trade_Exports,3,1.86613269476877,0.261170998854925,3,1,0.0180124784511615,1380,23
60,8,2011-07-01,GDELT,Trade_Exports,6,4.03395825808561,0.119971755084649,6,3,0.0364608158245533,1380,23
60,8,2011-07-01,GDELT,Trade_Exports,12,6.2985006266199,0.0594529242926095,6,3,0.054460532534766,1380,23
60,8,2011-07-01,GDELT,Trade_Imports,3,1.41613479773055,0.308047405589226,0,2,0.0407269449942361,1380,23
60,8,2011-07-01,GDELT,Trade_Imports,6,2.55486317552969,0.213580987812979,0,2,0.0561059027994402,1380,23
60,8,2011-07-01,GDELT,Trade_Imports,12,4.45896620865303,0.155579153811922,0,2,0.0759514727091281,1380,23
60,8,2011-07-01,ICEWS,Trade_Total,3,2.11845667397567,0.161420462771872,3,1,0.0115338856418094,1380,23
60,8,2011-07-01,ICEWS,Trade_Total,6,3.03136943472605,0.105277131419218,4,1,0.0183421729486574,1380,23
60,8,2011-07-01,ICEWS,Trade_Total,12,5.46185082184671,0.0636337305822795,4,1,0.0296683413751163,1380,23
60,8,2011-07-01,ICEWS,Trade_Exports,3,1.38205746396581,0.12388987558539,1,0,0.00444191333711565,1380,23
60,8,2011-07-01,ICEWS,Trade_Exports,6,4.01682075440712,0.045861266842459,6,1,0.0144646564756498,1380,23
60,8,2011-07-01,ICEWS,Trade_Exports,12,6.97690059367019,0.0192509413482997,12,1,0.0261782713573452,1380,23
60,8,2011-07-01,ICEWS,Trade_Imports,3,2.22796084452574,0.156342570326652,3,1,0.0236391522130514,1380,23
60,8,2011-07-01,ICEWS,Trade_Imports,6,3.60002490405869,0.0742042835378313,4,4,0.0485401411012035,1380,23
60,8,2011-07-01,ICEWS,Trade_Imports,12,5.7839108786048,0.0456275748704897,4,5,0.073327632301087,1380,23
60,8,2011-07-01,Phoenix,Trade_Total,3,2.21125226808214,0.0616198661000607,3,0,0.00308147123070923,1380,23
60,8,2011-07-01,Phoenix,Trade_Total,6,4.02479696021938,0.038688633275948,6,0,0.00756353265675478,1380,23
60,8,2011-07-01,Phoenix,Trade_Total,12,7.18159429415355,0.0319728018890276,8,0,0.0201664193995269,1380,23
60,8,2011-07-01,Phoenix,Trade_Exports,3,0.913023062140742,0.483005197534777,0,0,0.009577677578138,1380,23
60,8,2011-07-01,Phoenix,Trade_Exports,6,3.10912592922217,0.262525871415061,6,0,0.0185111353567101,1380,23
60,8,2011-07-01,Phoenix,Trade_Exports,12,5.54697574443604,0.159280687643973,6,1,0.0293605163769392,1380,23
60,8,2011-07-01,Phoenix,Trade_Imports,3,0.891825896446347,0.546764259980178,0,1,0.0146285793411972,1380,23
60,8,2011-07-01,Phoenix,Trade_Imports,6,1.62532101867848,0.449296501687818,0,1,0.0179662208096079,1380,23
60,8,2011-07-01,Phoenix,Trade_Imports,12,7.1141336786455,0.128987839941424,8,3,0.0536702220449344,1380,23
60,8,2011-07-01,Tsinghua,Trade_Total,3,1.88128934834079,0.191804793729965,3,0,0.0124989488619094,660,11
60,8,2011-07-01,Tsinghua,Trade_Total,6,3.37761752573888,0.108673644122896,3,1,0.023336782272608,660,11
60,8,2011-07-01,Tsinghua,Trade_Total,12,5.49805108811995,0.0729384079720155,11,2,0.0397869815031062,660,11
60,8,2011-07-01,Tsinghua,Trade_Exports,3,1.46645648751691,0.251192421687566,1,0,0.0110078192207129,660,11
60,8,2011-07-01,Tsinghua,Trade_Exports,6,4.07691313233782,0.0850639254678098,6,1,0.0342294828975353,660,11
60,8,2011-07-01,Tsinghua,Trade_Exports,12,6.55644791737084,0.0272418000089745,6,4,0.0587873079745846,660,11
60,8,2011-07-01,Tsinghua,Trade_Imports,3,2.23060419310054,0.12120197151256,3,1,0.0190540199673519,660,11
60,8,2011-07-01,Tsinghua,Trade_Imports,6,3.49241530250123,0.0592264676988022,4,2,0.0420527047149696,660,11
60,8,2011-07-01,Tsinghua,Trade_Imports,12,5.63888333210565,0.0554508515482573,4,2,0.0740998481670657,660,11
60,9,2012-07-01,GDELT,Trade_Total,3,0.996306689737134,0.481068359179198,0,0,0.00393464774305293,1380,23
60,9,2012-07-01,GDELT,Trade_Total,6,3.984477577599,0.177052450690918,6,0,0.0106513874258339,1380,23
60,9,2012-07-01,GDELT,Trade_Total,12,5.75060181484642,0.109881422157468,6,1,0.0164781578326011,1380,23
60,9,2012-07-01,GDELT,Trade_Exports,3,1.62146895502983,0.2530556343413,3,1,0.0342101762299947,1380,23
60,9,2012-07-01,GDELT,Trade_Exports,6,3.49667674167283,0.145841218375356,6,3,0.0577467027017779,1380,23
60,9,2012-07-01,GDELT,Trade_Exports,12,5.49920233395243,0.0981785407662012,6,4,0.0793626792020355,1380,23
60,9,2012-07-01,GDELT,Trade_Imports,3,1.62268123193361,0.260863568587537,3,2,0.0378167621259509,1380,23
60,9,2012-07-01,GDELT,Trade_Imports,6,2.99425786407368,0.169478305690606,5,3,0.0539707390893894,1380,23
60,9,2012-07-01,GDELT,Trade_Imports,12,4.75487631469352,0.130827303399947,5,2,0.0693012309124323,1380,23
60,9,2012-07-01,ICEWS,Trade_Total,3,1.61909286647732,0.153705953871124,1,0,0.00613845406661738,1380,23
60,9,2012-07-01,ICEWS,Trade_Total,6,3.11060143879254,0.0848937636111299,1,0,0.0105298060118357,1380,23
60,9,2012-07-01,ICEWS,Trade_Total,12,5.77740609432566,0.0516298160385665,10,0,0.0187495696028398,1380,23
60,9,2012-07-01,ICEWS,Trade_Exports,3,1.33733421627393,0.27124507302219,1,1,0.020747259662741,1380,23
60,9,2012-07-01,ICEWS,Trade_Exports,6,3.0211756261899,0.161304638420026,1,1,0.0354147687826052,1380,23
60,9,2012-07-01,ICEWS,Trade_Exports,12,5.15144018198173,0.123642005594755,1,2,0.0498128588169887,1380,23
60,9,2012-07-01,ICEWS,Trade_Imports,3,1.89446740344574,0.222259498119397,3,1,0.0238855770788388,1380,23
60,9,2012-07-01,ICEWS,Trade_Imports,6,3.17530218081754,0.125553085202065,4,2,0.0434580765901289,1380,23
60,9,2012-07-01,ICEWS,Trade_Imports,12,5.45503470913587,0.0861100539555592,4,3,0.0649087687192734,1380,23
60,9,2012-07-01,Phoenix,Trade_Total,3,1.50876461187191,0.282074871446394,0,0,0.0101373179047799,1380,23
60,9,2012-07-01,Phoenix,Trade_Total,6,3.49759022067539,0.14328997786317,6,0,0.0218878939215397,1380,23
60,9,2012-07-01,Phoenix,Trade_Total,12,5.63043731411574,0.0999136912367452,6,1,0.0323157487781857,1380,23
60,9,2012-07-01,Phoenix,Trade_Exports,3,1.17303883960396,0.437509137249437,0,1,0.0214600581366727,1380,23
60,9,2012-07-01,Phoenix,Trade_Exports,6,2.79694346939611,0.265688235704155,0,1,0.0369138625989299,1380,23
60,9,2012-07-01,Phoenix,Trade_Exports,12,4.89788133072781,0.187071044870929,0,1,0.0529587596837694,1380,23
60,9,2012-07-01,Phoenix,Trade_Imports,3,0.719858678055549,0.672126195977759,0,0,0.0114410370525678,1380,23
60,9,2012-07-01,Phoenix,Trade_Imports,6,2.73000593793776,0.401708763790743,0,0,0.0185561247603122,1380,23
60,9,2012-07-01,Phoenix,Trade_Imports,12,7.66163117724075,0.133218716543075,11,2,0.0528802392624667,1380,23
60,9,2012-07-01,Tsinghua,Trade_Total,3,2.01557434212351,0.159643135684785,3,0,0.00587723703119416,660,11
60,9,2012-07-01,Tsinghua,Trade_Total,6,4.7182237364665,0.0487725235012106,6,1,0.0226144970463931,660,11
60,9,2012-07-01,Tsinghua,Trade_Total,12,6.40361503350822,0.0308550367702721,7,2,0.0407173837295512,660,11
60,9,2012-07-01,Tsinghua,Trade_Exports,3,2.26766315475171,0.00600880862730562,2,0,0.00543190150741173,660,11
60,9,2012-07-01,Tsinghua,Trade_Exports,6,4.76206950808481,0.015093557590599,6,2,0.0424766902543192,660,11
60,9,2012-07-01,Tsinghua,Trade_Exports,12,6.24593395449467,0.0306038630947767,6,5,0.0697835678062798,660,11
60,9,2012-07-01,Tsinghua,Trade_Imports,3,2.12183101306172,0.12891647108884,3,1,0.0226214371482748,660,11
60,9,2012-07-01,Tsinghua,Trade_Imports,6,2.99389811857757,0.0682701058954245,4,1,0.036302071576075,660,11
60,9,2012-07-01,Tsinghua,Trade_Imports,12,4.86937390558854,0.0344039597676378,4,1,0.0538029786527127,660,11
60,10,2013-07-01,GDELT,Trade_Total,3,1.39967599875304,0.157146857079788,1,0,0.00220018594345711,1389,24
60,10,2013-07-01,GDELT,Trade_Total,6,4.66303558187502,0.0180865051899278,6,0,0.00796744923766644,1386,24
60,10,2013-07-01,GDELT,Trade_Total,12,7.27084140878442,0.0119535499475207,6,0,0.0187036014310638,1380,23
60,10,2013-07-01,GDELT,Trade_Exports,3,1.60115475792754,0.218536280514484,3,2,0.0289604370322982,1389,24
60,10,2013-07-01,GDELT,Trade_Exports,6,3.24377216626883,0.132807020762862,6,2,0.0442248834906865,1386,24
60,10,2013-07-01,GDELT,Trade_Exports,12,5.33527343056927,0.0835979444795149,6,2,0.05878799313291,1380,23
60,10,2013-07-01,GDELT,Trade_Imports,3,1.59216793765348,0.286703000176148,3,2,0.0427548119301661,1389,24
60,10,2013-07-01,GDELT,Trade_Imports,6,2.70556071081031,0.210930534296654,0,3,0.0562148359950889,1386,24
60,10,2013-07-01,GDELT,Trade_Imports,12,3.87873185423292,0.184939781719422,0,3,0.0640550075547542,1380,23
60,10,2013-07-01,ICEWS,Trade_Total,3,1.37728312798475,0.0068504121305182,1,0,0.00336851367927415,1389,24
60,10,2013-07-01,ICEWS,Trade_Total,6,3.76104736892831,0.000231768717954591,1,0,0.00917288900840516,1386,24
60,10,2013-07-01,ICEWS,Trade_Total,12,5.97513207061977,0.0102684467680259,1,0,0.0160866524073062,1380,23
60,10,2013-07-01,ICEWS,Trade_Exports,3,1.39733688777251,0.240615425856303,1,1,0.0218445975444598,1389,24
60,10,2013-07-01,ICEWS,Trade_Exports,6,2.78018675098374,0.161880818767303,1,1,0.0333466484815696,1386,24
60,10,2013-07-01,ICEWS,Trade_Exports,12,5.71774286684215,0.10069780833929,1,2,0.0513018929197296,1380,23
60,10,2013-07-01,ICEWS,Trade_Imports,3,1.63765704144256,0.288888127679347,3,1,0.0263173059372369,1389,24
60,10,2013-07-01,ICEWS,Trade_Imports,6,2.3349379171582,0.230386184379669,3,1,0.0339619429673556,1386,24
60,10,2013-07-01,ICEWS,Trade_Imports,12,5.17443529899406,0.153735319301116,12,1,0.0509138534080044,1380,23
60,10,2013-07-01,Phoenix,Trade_Total,3,1.00615417049898,0.306713270125465,1,0,0.0075204767091594,1389,24
60,10,2013-07-01,Phoenix,Trade_Total,6,3.77875279988893,0.101970684298721,6,1,0.0211236753266041,1386,24
60,10,2013-07-01,Phoenix,Trade_Total,12,5.67884135761877,0.0620643482433557,6,1,0.0310490870377441,1380,23
60,10,2013-07-01,Phoenix,Trade_Exports,3,0.841100533102131,0.455582845773369,0,3,0.0206223938297649,1389,24
60,10,2013-07-01,Phoenix,Trade_Exports,6,2.18390355155906,0.296285322511516,0,3,0.0316870490127885,1386,24
60,10,2013-07-01,Phoenix,Trade_Exports,12,4.83799824933855,0.193111154998542,0,3,0.0484890526770575,1380,23
60,10,2013-07-01,Phoenix,Trade_Imports,3,0.86423442003658,0.549043198482258,0,0,0.0185741064115225,1389,24
60,10,2013-07-01,Phoenix,Trade_Imports,6,3.11981042331566,0.309665753311352,6,1,0.0333567414588441,1386,24
60,10,2013-07-01,Phoenix,Trade_Imports,12,6.21973072735487,0.160232586643252,0,4,0.0694324691967073,1380,23
60,10,2013-07-01,Tsinghua,Trade_Total,3,2.19640699187628,0.131389822107106,3,0,0.0113445664522349,660,11
60,10,2013-07-01,Tsinghua,Trade_Total,6,4.03689843589356,0.0434168306502901,6,3,0.0258623102699766,660,11
60,10,2013-07-01,Tsinghua,Trade_Total,12,6.1790644341102,0.0208142081942587,6,6,0.0424095352769883,660,11
60,10,2013-07-01,Tsinghua,Trade_Exports,3,1.12698911358214,0.382607962788511,0,0,0.00515634244070232,660,11
60,10,2013-07-01,Tsinghua,Trade_Exports,6,4.51227258741594,0.0279259726174566,6,2,0.0311230498982806,660,11
60,10,2013-07-01,Tsinghua,Trade_Exports,12,6.76960161600603,0.0130730999588563,6,4,0.0584241746209164,660,11
60,10,2013-07-01,Tsinghua,Trade_Imports,3,2.42495862057633,0.0470844118140957,3,2,0.0286660778684198,660,11
60,10,2013-07-01,Tsinghua,Trade_Imports,6,2.93669936955625,0.0240009285295442,3,2,0.0358787853658563,660,11
60,10,2013-07-01,Tsinghua,Trade_Imports,12,5.26642569202917,0.0290777365020903,3,2,0.0524531448064549,660,11
60,11,2014-07-01,GDELT,Trade_Total,3,2.08645879096259,0.243042423973489,3,0,0.00401657093327274,1410,25
60,11,2014-07-01,GDELT,Trade_Total,6,3.81525345684105,0.113319092316393,4,0,0.00984063130258868,1404,25
60,11,2014-07-01,GDELT,Trade_Total,12,6.93209376603244,0.0523925796556189,11,0,0.0220133668296034,1392,24
60,11,2014-07-01,GDELT,Trade_Exports,3,1.11432702202888,0.377696771645486,0,0,0.00995328655323425,1410,25
60,11,2014-07-01,GDELT,Trade_Exports,6,1.91495790841863,0.343339533836127,0,0,0.0122558404981874,1404,25
60,11,2014-07-01,GDELT,Trade_Exports,12,5.9976855812934,0.161148060433387,8,0,0.0251232054942956,1392,24
60,11,2014-07-01,GDELT,Trade_Imports,3,2.08866158168063,0.180277252991936,3,0,0.020504689907252,1410,25
60,11,2014-07-01,GDELT,Trade_Imports,6,3.38002602509511,0.108222205297708,5,0,0.0316004540093911,1404,25
60,11,2014-07-01,GDELT,Trade_Imports,12,5.54194959654507,0.0869952887760241,11,0,0.0463848789533069,1392,24
60,11,2014-07-01,ICEWS,Trade_Total,3,1.52076059889073,0.19286584669967,1,0,0.0056356980650281,1410,25
60,11,2014-07-01,ICEWS,Trade_Total,6,3.01674577696469,0.124399527306183,1,0,0.00878721237843104,1404,25
60,11,2014-07-01,ICEWS,Trade_Total,12,5.86568597156605,0.0611754005748271,11,0,0.0150788384689056,1392,24
60,11,2014-07-01,ICEWS,Trade_Exports,3,1.83990697221538,0.131131317263362,3,2,0.0222132753648546,1410,25
60,11,2014-07-01,ICEWS,Trade_Exports,6,2.8317129684857,0.100512817116842,3,2,0.0324189656798687,1404,25
60,11,2014-07-01,ICEWS,Trade_Exports,12,4.36928054071919,0.0718855286030149,1,1,0.0403146576473833,1392,24
60,11,2014-07-01,ICEWS,Trade_Imports,3,1.91732359635226,0.165544769215791,3,1,0.0203139264471404,1410,25
60,11,2014-07-01,ICEWS,Trade_Imports,6,2.76732648355118,0.129228142005697,3,1,0.0293326529507762,1404,25
60,11,2014-07-01,ICEWS,Trade_Imports,12,5.88174893126639,0.0759814151639479,12,1,0.0499256602250239,1392,24
60,11,2014-07-01,Phoenix,Trade_Total,3,1.77301800880858,0.0744831977956839,1,0,0.00656568403136975,1410,25
60,11,2014-07-01,Phoenix,Trade_Total,6,3.84903801361183,0.0690314920131023,6,1,0.0192455107246249,1404,25
60,11,2014-07-01,Phoenix,Trade_Total,12,5.03314455827595,0.0748073669395691,6,1,0.0246069595327977,1392,24
60,11,2014-07-01,Phoenix,Trade_Exports,3,1.02676476736033,0.309125136576309,1,2,0.0145231442083052,1410,25
60,11,2014-07-01,Phoenix,Trade_Exports,6,2.3964752827086,0.185607036011756,1,2,0.0216864328135623,1404,25
60,11,2014-07-01,Phoenix,Trade_Exports,12,4.8335517640868,0.122046872552085,1,1,0.0331395621712085,1392,24
60,11,2014-07-01,Phoenix,Trade_Imports,3,1.47469383037206,0.352410744988429,0,2,0.0217173969808468,1410,25
60,11,2014-07-01,Phoenix,Trade_Imports,6,3.39827330875165,0.194704544242195,6,2,0.0447686246943129,1404,25
60,11,2014-07-01,Phoenix,Trade_Imports,12,5.28083812013654,0.146289205826676,0,4,0.0696479728425225,1392,24
60,11,2014-07-01,Tsinghua,Trade_Total,3,1.83892769211785,0.228100642150879,2,0,0.0152175571818514,660,11
60,11,2014-07-01,Tsinghua,Trade_Total,6,3.39065529615988,0.12810642963163,6,1,0.0255658299305623,660,11
60,11,2014-07-01,Tsinghua,Trade_Total,12,5.79242640299321,0.0780818733481612,7,2,0.0442711356678575,660,11
60,11,2014-07-01,Tsinghua,Trade_Exports,3,0.525903920758737,0.77733452250001,0,0,0.00737791403517254,660,11
60,11,2014-07-01,Tsinghua,Trade_Exports,6,4.20815964870597,0.150899662420107,6,2,0.0325760585143028,660,11
60,11,2014-07-01,Tsinghua,Trade_Exports,12,6.51965818338159,0.0859691725716984,6,4,0.0592067979321159,660,11
60,11,2014-07-01,Tsinghua,Trade_Imports,3,2.19738015341044,0.109407017730302,3,1,0.0300088287563245,660,11
60,11,2014-07-01,Tsinghua,Trade_Imports,6,3.3015915156996,0.0657360529988442,3,3,0.0500288813017305,660,11
60,11,2014-07-01,Tsinghua,Trade_Imports,12,5.00224322193815,0.0447153643364218,4,3,0.0677722861934725,660,11
60,12,2015-07-01,GDELT,Trade_Total,3,0.654413990595837,0.674623895400804,0,0,0.00917385278110305,1434,25
60,12,2015-07-01,GDELT,Trade_Total,6,3.12601274454549,0.339052622739597,0,1,0.0185891720200435,1428,25
60,12,2015-07-01,GDELT,Trade_Total,12,6.07217892465351,0.207908286680398,0,0,0.0307972160176554,1416,25
60,12,2015-07-01,GDELT,Trade_Exports,3,1.08698289841533,0.337154133231663,1,0,0.0153177936806337,1434,25
60,12,2015-07-01,GDELT,Trade_Exports,6,2.86276519059533,0.192447216885535,1,0,0.0299564043989374,1428,25
60,12,2015-07-01,GDELT,Trade_Exports,12,4.62160964003891,0.142223887118126,1,0,0.0383281678365521,1416,25
60,12,2015-07-01,GDELT,Trade_Imports,3,1.15412028768624,0.400549896979653,0,0,0.0354930473063738,1434,25
60,12,2015-07-01,GDELT,Trade_Imports,6,2.3898367165459,0.30074906273757,0,1,0.0466405160442878,1428,25
60,12,2015-07-01,GDELT,Trade_Imports,12,4.42583920627057,0.22377480842159,0,1,0.066068408872788,1416,25
60,12,2015-07-01,ICEWS,Trade_Total,3,2.11644744880628,0.0371551476643434,3,0,0.00744895546641337,1434,25
60,12,2015-07-01,ICEWS,Trade_Total,6,3.112541059436,0.0109500196681017,4,1,0.0120621128988204,1428,25
60,12,2015-07-01,ICEWS,Trade_Total,12,5.40395860749818,0.0262818470568345,4,1,0.0186743732672648,1416,25
60,12,2015-07-01,ICEWS,Trade_Exports,3,2.05916656762115,0.057312771711868,3,0,0.0124102989655574,1434,25
60,12,2015-07-01,ICEWS,Trade_Exports,6,2.88033441677381,0.0470545777556017,4,1,0.0182601557570536,1428,25
60,12,2015-07-01,ICEWS,Trade_Exports,12,6.4573470722092,0.0127339511051918,12,2,0.036989892591018,1416,25
60,12,2015-07-01,ICEWS,Trade_Imports,3,1.17363481437678,0.224182170261387,1,0,0.0187738341784727,1434,25
60,12,2015-07-01,ICEWS,Trade_Imports,6,2.24271824203988,0.157275563301896,1,0,0.025703819348545,1428,25
60,12,2015-07-01,ICEWS,Trade_Imports,12,4.81835964359911,0.0969950003396856,1,0,0.0434955707405419,1416,25
60,12,2015-07-01,Phoenix,Trade_Total,3,1.74276549112794,0.113373595657508,1,0,0.0061559191041097,1434,25
60,12,2015-07-01,Phoenix,Trade_Total,6,3.2841121470533,0.033634488369676,6,0,0.010324200423113,1428,25
60,12,2015-07-01,Phoenix,Trade_Total,12,7.1316022141443,0.0084336169764306,11,0,0.0228200020004912,1416,25
60,12,2015-07-01,Phoenix,Trade_Exports,3,1.01727827779558,0.353543956690782,1,2,0.0160135747590515,1434,25
60,12,2015-07-01,Phoenix,Trade_Exports,6,2.04084788568112,0.268433220740514,1,3,0.0204963580626991,1428,25
60,12,2015-07-01,Phoenix,Trade_Exports,12,4.19834853710432,0.171075550674249,1,3,0.0310706853668866,1416,25
60,12,2015-07-01,Phoenix,Trade_Imports,3,1.59483807945019,0.301220387051039,3,2,0.0257594197488087,1434,25
60,12,2015-07-01,Phoenix,Trade_Imports,6,2.83479572365343,0.214264478562126,0,3,0.0400765268340617,1428,25
60,12,2015-07-01,Phoenix,Trade_Imports,12,5.06604119455688,0.172002888817656,0,3,0.055799577777671,1416,25
60,12,2015-07-01,Tsinghua,Trade_Total,3,1.8252525855077,0.188307176842164,2,1,0.0169216225038076,660,11
60,12,2015-07-01,Tsinghua,Trade_Total,6,2.71519120686038,0.122806527158805,2,1,0.0227260503834389,660,11
60,12,2015-07-01,Tsinghua,Trade_Total,12,6.03173473679764,0.067110062067183,2,3,0.0476293200114325,660,11
60,12,2015-07-01,Tsinghua,Trade_Exports,3,1.84025112774703,0.0953012597652532,3,0,0.0147768112400463,660,11
60,12,2015-07-01,Tsinghua,Trade_Exports,6,3.68247487589178,0.0537218797106438,6,0,0.0302932920540453,660,11
60,12,2015-07-01,Tsinghua,Trade_Exports,12,6.2347048864152,0.0269178454413605,11,4,0.0641581538700809,660,11
60,12,2015-07-01,Tsinghua,Trade_Imports,3,2.08598239058958,0.0646127402023889,3,2,0.0543763431069671,660,11
60,12,2015-07-01,Tsinghua,Trade_Imports,6,3.1640322114165,0.0138458825774829,3,4,0.0752005892339096,660,11
60,12,2015-07-01,Tsinghua,Trade_Imports,12,3.78500194101777,0.0160063011800875,3,4,0.0832756994021498,660,11
60,13,2016-07-01,GDELT,Trade_Total,3,0.747669069660896,0.588974091181077,0,0,0.0157861905716633,1458,25
60,13,2016-07-01,GDELT,Trade_Total,6,1.70391680926625,0.467442315060307,0,0,0.0214999023806059,1452,25
60,13,2016-07-01,GDELT,Trade_Total,12,4.79781718796455,0.280960528781488,0,0,0.037030891146088,1440,25
60,13,2016-07-01,GDELT,Trade_Exports,3,1.69245550619583,0.143639113493538,2,0,0.0202158290069828,1458,25
60,13,2016-07-01,GDELT,Trade_Exports,6,2.62475120604123,0.123419353835609,2,0,0.027901743578311,1452,25
60,13,2016-07-01,GDELT,Trade_Exports,12,4.16876683033267,0.0856821785371171,2,0,0.0365213495298617,1440,25
60,13,2016-07-01,GDELT,Trade_Imports,3,1.06488646774489,0.401890084837416,0,0,0.0496131342543386,1458,25
60,13,2016-07-01,GDELT,Trade_Imports,6,1.53347517972684,0.361031188037363,0,0,0.0578531592664096,1452,25
60,13,2016-07-01,GDELT,Trade_Imports,12,4.25347491110241,0.230909608268739,0,0,0.0955002686291805,1440,25
60,13,2016-07-01,ICEWS,Trade_Total,3,1.56323796578271,0.267941573138587,2,0,0.00956054928859555,1458,25
60,13,2016-07-01,ICEWS,Trade_Total,6,2.5860890416777,0.178242956511288,2,0,0.0138636137976639,1452,25
60,13,2016-07-01,ICEWS,Trade_Total,12,5.62261049632706,0.117737959349639,10,0,0.025327155697218,1440,25
60,13,2016-07-01,ICEWS,Trade_Exports,3,2.13263273454947,0.00257304411291766,3,0,0.0110916444254692,1458,25
60,13,2016-07-01,ICEWS,Trade_Exports,6,3.14217855777697,0.00640429726042085,4,0,0.0166712110926828,1452,25
60,13,2016-07-01,ICEWS,Trade_Exports,12,6.3168118445281,0.00491905038897959,12,0,0.0356252924592398,1440,25
60,13,2016-07-01,ICEWS,Trade_Imports,3,1.34243776790978,0.259246378108231,1,0,0.0243549668945085,1458,25
60,13,2016-07-01,ICEWS,Trade_Imports,6,2.02288801415895,0.212952352341255,1,0,0.0291006201273512,1452,25
60,13,2016-07-01,ICEWS,Trade_Imports,12,4.81234850209777,0.138723877845897,1,0,0.0493662193952671,1440,25
60,13,2016-07-01,Phoenix,Trade_Total,3,1.91248894077994,0.125955032149452,3,0,0.00971660803183194,1458,25
60,13,2016-07-01,Phoenix,Trade_Total,6,2.88540650119787,0.0625844136319897,3,0,0.0141271844946344,1452,25
60,13,2016-07-01,Phoenix,Trade_Total,12,5.45485654043866,0.0259739458500315,3,0,0.0224809145384544,1440,25
60,13,2016-07-01,Phoenix,Trade_Exports,3,0.954058743397976,0.292599140181286,1,2,0.0167355408725354,1458,25
60,13,2016-07-01,Phoenix,Trade_Exports,6,2.3632484317331,0.181483494065484,1,2,0.0249853906884797,1452,25
60,13,2016-07-01,Phoenix,Trade_Exports,12,4.82545413301487,0.120501797908353,1,2,0.0359863567316966,1440,25
60,13,2016-07-01,Phoenix,Trade_Imports,3,1.98009337591895,0.125014701538026,3,2,0.0270720085031094,1458,25
60,13,2016-07-01,Phoenix,Trade_Imports,6,2.96247542243533,0.103918203056288,4,3,0.0395900277291724,1452,25
60,13,2016-07-01,Phoenix,Trade_Imports,12,4.72270802454253,0.0859182465075653,4,3,0.0536984239984302,1440,25
60,13,2016-07-01,Tsinghua,Trade_Total,3,1.3105186549833,0.335363667812221,2,1,0.0155895903756065,660,11
60,13,2016-07-01,Tsinghua,Trade_Total,6,1.97051343900483,0.267523494821271,2,2,0.0187093030015655,660,11
60,13,2016-07-01,Tsinghua,Trade_Total,12,6.20933382030144,0.116852156408887,2,5,0.0460928547036634,660,11
60,13,2016-07-01,Tsinghua,Trade_Exports,3,1.9344386091494,0.107097015733666,3,2,0.0160547895761346,660,11
60,13,2016-07-01,Tsinghua,Trade_Exports,6,3.6307074702753,0.0639900437210493,6,2,0.0302438581878262,660,11
60,13,2016-07-01,Tsinghua,Trade_Exports,12,5.91363395532016,0.0349919203651603,7,4,0.054246554860655,660,11
60,13,2016-07-01,Tsinghua,Trade_Imports,3,2.04306632146766,0.05144914818631,3,2,0.0472535255841872,660,11
60,13,2016-07-01,Tsinghua,Trade_Imports,6,3.42296069612229,0.00597702272395292,4,4,0.0673068052775184,660,11
60,13,2016-07-01,Tsinghua,Trade_Imports,12,4.81254208688995,0.00915054232884654,4,3,0.0852981502274876,660,11
60,14,2017-07-01,GDELT,Trade_Total,3,2.12518191141826,0.032646332103128,3,0,0.0155303019216405,1482,25
60,14,2017-07-01,GDELT,Trade_Total,6,4.67638447120449,0.0295678984132966,6,0,0.0351428999567119,1476,25
60,14,2017-07-01,GDELT,Trade_Total,12,6.76979808037248,0.0381139669957293,6,0,0.0527597575346266,1464,25
60,14,2017-07-01,GDELT,Trade_Exports,3,2.3152772716295,0.121240500871047,3,0,0.0178069050014231,1482,25
60,14,2017-07-01,GDELT,Trade_Exports,6,3.84041922045331,0.0770656952458258,6,1,0.0516032162580809,1476,25
60,14,2017-07-01,GDELT,Trade_Exports,12,5.64375670590144,0.0742366049811842,6,1,0.0727977609200922,1464,25
60,14,2017-07-01,GDELT,Trade_Imports,3,1.73835801505807,0.106884359335209,2,0,0.0315553098854915,1482,25
60,14,2017-07-01,GDELT,Trade_Imports,6,3.67395646718834,0.0498286142768031,6,0,0.0491112814198502,1476,25
60,14,2017-07-01,GDELT,Trade_Imports,12,5.99493146329796,0.02810793743313,10,0,0.0686963458445953,1464,25
60,14,2017-07-01,ICEWS,Trade_Total,3,0.92243533109515,0.610616249657853,0,0,0.0059862298479026,1482,25
60,14,2017-07-01,ICEWS,Trade_Total,6,3.46254077886576,0.294179065204953,6,0,0.013260688321483,1476,25
60,14,2017-07-01,ICEWS,Trade_Total,12,7.26614631403779,0.121583674941736,10,0,0.0310657838115203,1464,25
60,14,2017-07-01,ICEWS,Trade_Exports,3,1.66819949955998,0.187144533946239,3,0,0.0103484951999227,1482,25
60,14,2017-07-01,ICEWS,Trade_Exports,6,3.29396381716931,0.115471625671862,6,0,0.018903200286426,1476,25
60,14,2017-07-01,ICEWS,Trade_Exports,12,6.34661158740605,0.061366737961991,7,1,0.0384977413280098,1464,25
60,14,2017-07-01,ICEWS,Trade_Imports,3,1.06405594656439,0.543008710166608,0,0,0.0102204314411938,1482,25
60,14,2017-07-01,ICEWS,Trade_Imports,6,2.95014048230547,0.329573808395571,6,0,0.017460698247497,1476,25
60,14,2017-07-01,ICEWS,Trade_Imports,12,6.69347380297082,0.152033885853584,6,0,0.0353482461927014,1464,25
60,14,2017-07-01,Phoenix,Trade_Total,3,1.21288004964441,0.367042241511971,0,0,0.0116696902290252,1482,25
60,14,2017-07-01,Phoenix,Trade_Total,6,1.98279762186823,0.267891644777802,1,1,0.0153780659750694,1476,25
60,14,2017-07-01,Phoenix,Trade_Total,12,6.47034303198673,0.126790064341088,10,2,0.033979772356754,1464,25
60,14,2017-07-01,Phoenix,Trade_Exports,3,1.15664585140025,0.215839638603847,1,1,0.0132342885684072,1482,25
60,14,2017-07-01,Phoenix,Trade_Exports,6,2.02282141348949,0.150507132926232,1,1,0.0169038132708406,1476,25
60,14,2017-07-01,Phoenix,Trade_Exports,12,5.79260548182697,0.0764615096558393,1,1,0.0330929629020055,1464,25
60,14,2017-07-01,Phoenix,Trade_Imports,3,1.29515731394032,0.493562603437366,0,0,0.0140870867121805,1482,25
60,14,2017-07-01,Phoenix,Trade_Imports,6,2.42100794802019,0.314603360263452,4,1,0.0220175642561858,1476,25
60,14,2017-07-01,Phoenix,Trade_Imports,12,6.14549656496064,0.166160093495375,10,1,0.0438249514387673,1464,25
60,14,2017-07-01,Tsinghua,Trade_Total,3,1.1849822607958,0.322557375459041,2,0,0.00609750721658322,660,11
60,14,2017-07-01,Tsinghua,Trade_Total,6,2.97840973600064,0.167131492809131,4,0,0.012005054701005,660,11
60,14,2017-07-01,Tsinghua,Trade_Total,12,8.23726199162305,0.0642942361141034,11,1,0.037836524980682,660,11
60,14,2017-07-01,Tsinghua,Trade_Exports,3,1.74406637400148,0.103247028202918,1,2,0.0180663877184072,660,11
60,14,2017-07-01,Tsinghua,Trade_Exports,6,2.66413882384593,0.0917868628118537,1,2,0.0239057851595184,660,11
60,14,2017-07-01,Tsinghua,Trade_Exports,12,6.96265178694181,0.0473368633103187,11,2,0.0584508459335951,660,11
60,14,2017-07-01,Tsinghua,Trade_Imports,3,1.98211144500938,0.122730041042132,3,1,0.0301004574114487,660,11
60,14,2017-07-01,Tsinghua,Trade_Imports,6,3.24206443264894,0.110889372741672,4,0,0.0459176197179346,660,11
60,14,2017-07-01,Tsinghua,Trade_Imports,12,5.15757011693091,0.0858347054207098,4,0,0.062984658270634,660,11
60,15,2018-07-01,GDELT,Trade_Total,3,1.32021092043192,0.385897286762643,0,0,0.0068203620651865,1497,25
60,15,2018-07-01,GDELT,Trade_Total,6,3.89125988162794,0.120852569288996,6,0,0.0251487460760081,1494,25
60,15,2018-07-01,GDELT,Trade_Total,12,6.98687215929435,0.074979752482106,10,1,0.0571021511836484,1488,25
60,15,2018-07-01,GDELT,Trade_Exports,3,2.22588204658519,0.0276281739864614,3,0,0.015561188922064,1497,25
60,15,2018-07-01,GDELT,Trade_Exports,6,3.88787561948384,0.0270827749794309,6,0,0.0368452243267575,1494,25
60,15,2018-07-01,GDELT,Trade_Exports,12,6.64776458719184,0.0365505241393515,10,0,0.0679647571517535,1488,25
60,15,2018-07-01,GDELT,Trade_Imports,3,1.83359397135211,0.117989423388668,2,0,0.00778602956246817,1497,25
60,15,2018-07-01,GDELT,Trade_Imports,6,3.88672664137876,0.0563782821556606,6,0,0.0183165840845737,1494,25
60,15,2018-07-01,GDELT,Trade_Imports,12,7.31341171251125,0.045218295188039,10,0,0.0486752790119773,1488,25
60,15,2018-07-01,ICEWS,Trade_Total,3,1.77810614699084,0.135213716070076,3,3,0.0204499331106323,1497,25
60,15,2018-07-01,ICEWS,Trade_Total,6,2.86989375234142,0.0835481064726791,1,2,0.0267354950085593,1494,25
60,15,2018-07-01,ICEWS,Trade_Total,12,5.09610518846664,0.0571409993578137,1,2,0.0381691651419081,1488,25
60,15,2018-07-01,ICEWS,Trade_Exports,3,1.76960530010599,0.135365061597752,3,0,0.0211754537066933,1497,25
60,15,2018-07-01,ICEWS,Trade_Exports,6,2.50159715901088,0.114398672965721,1,1,0.0266917732950452,1494,25
60,15,2018-07-01,ICEWS,Trade_Exports,12,4.95020152121971,0.0738935773018752,10,2,0.0404669288999852,1488,25
60,15,2018-07-01,ICEWS,Trade_Imports,3,1.25252881809012,0.357948566050674,0,0,0.0205072061300112,1497,25
60,15,2018-07-01,ICEWS,Trade_Imports,6,2.92719323730447,0.221847734600354,5,0,0.0293492081676139,1494,25
60,15,2018-07-01,ICEWS,Trade_Imports,12,5.1112344973097,0.149691573026002,5,1,0.0420172846289439,1488,25
60,15,2018-07-01,Phoenix,Trade_Total,3,0.965721058893674,0.495881547880993,0,0,0.0132866707503706,1197,25
60,15,2018-07-01,Phoenix,Trade_Total,6,1.57607381653046,0.396310407939946,0,0,0.0162571892461591,1194,25
60,15,2018-07-01,Phoenix,Trade_Total,12,4.91570109692037,0.253105973844203,0,0,0.0261834008411186,1188,25
60,15,2018-07-01,Phoenix,Trade_Exports,3,0.813181083168304,0.358151396965731,1,0,0.0122100112948621,1197,25
60,15,2018-07-01,Phoenix,Trade_Exports,6,1.89783024664535,0.262592615023674,1,0,0.0154500337628508,1194,25
60,15,2018-07-01,Phoenix,Trade_Exports,12,6.46765096350847,0.109742839107934,1,0,0.0336923596689574,1188,25
60,15,2018-07-01,Phoenix,Trade_Imports,3,1.28615120657392,0.491880377991757,0,0,0.0192745027740013,1197,25
60,15,2018-07-01,Phoenix,Trade_Imports,6,2.2613395414054,0.33888511743639,0,0,0.0281597121232306,1194,25
60,15,2018-07-01,Phoenix,Trade_Imports,12,4.94826734135144,0.226011111783994,0,0,0.0446261864623133,1188,25
60,15,2018-07-01,Tsinghua,Trade_Total,3,1.48856448610486,0.264096541183136,3,3,0.0179129435748717,660,11
60,15,2018-07-01,Tsinghua,Trade_Total,6,2.11731074657598,0.217929516647488,3,3,0.0206543163432969,660,11
60,15,2018-07-01,Tsinghua,Trade_Total,12,4.60958643740941,0.145613141265846,8,3,0.031264859799375,660,11
60,15,2018-07-01,Tsinghua,Trade_Exports,3,1.63550958957092,0.146265550802001,1,2,0.0284648367360267,660,11
60,15,2018-07-01,Tsinghua,Trade_Exports,6,2.77182554405999,0.075729603994136,1,3,0.0377810677679743,660,11
60,15,2018-07-01,Tsinghua,Trade_Exports,12,5.2986126440123,0.0482580880874297,1,2,0.0592937416362288,660,11
60,15,2018-07-01,Tsinghua,Trade_Imports,3,0.522429699625357,0.766315098822793,0,1,0.0123486140951645,660,11
60,15,2018-07-01,Tsinghua,Trade_Imports,6,2.33916756174591,0.407711765046443,0,1,0.0277859074862947,660,11
60,15,2018-07-01,Tsinghua,Trade_Imports,12,4.99193608603405,0.249908242194963,0,1,0.0473314488153252,660,11
60,16,2019-07-01,GDELT,Trade_Total,3,1.38413056819347,0.10518442479087,1,0,0.00476808626239387,1500,25
60,16,2019-07-01,GDELT,Trade_Total,6,3.91815052748434,0.026952814699307,6,0,0.0119410973970069,1500,25
60,16,2019-07-01,GDELT,Trade_Total,12,7.00051099103621,0.0323129381784576,10,0,0.0367228739284727,1500,25
60,16,2019-07-01,GDELT,Trade_Exports,3,2.28926690872576,0.000516799307587701,3,0,0.0147320239260442,1500,25
60,16,2019-07-01,GDELT,Trade_Exports,6,3.88664061076958,0.0277797131026751,6,0,0.0350902054086846,1500,25
60,16,2019-07-01,GDELT,Trade_Exports,12,5.734406396291,0.0475106505524899,6,0,0.0538620385383932,1500,25
60,16,2019-07-01,GDELT,Trade_Imports,3,1.72855929076828,0.251426881461501,3,0,0.0135274863386618,1500,25
60,16,2019-07-01,GDELT,Trade_Imports,6,3.6626408008046,0.149866484430076,5,0,0.0332332903902981,1500,25
60,16,2019-07-01,GDELT,Trade_Imports,12,6.30902415468333,0.0774291540248561,8,1,0.0654445871555171,1500,25
60,16,2019-07-01,ICEWS,Trade_Total,3,1.93053756894365,0.109268408516937,3,1,0.0200960508642339,1500,25
60,16,2019-07-01,ICEWS,Trade_Total,6,3.07655286640854,0.0946006413705135,4,2,0.0311640765941163,1500,25
60,16,2019-07-01,ICEWS,Trade_Total,12,5.8234628507661,0.0541281948076348,4,2,0.0495633398000872,1500,25
60,16,2019-07-01,ICEWS,Trade_Exports,3,1.20311321427333,0.378639287863166,0,1,0.018121890430333,1500,25
60,16,2019-07-01,ICEWS,Trade_Exports,6,2.88773172967222,0.223688015491049,0,2,0.0303448261460181,1500,25
60,16,2019-07-01,ICEWS,Trade_Exports,12,5.54528492126709,0.134897147065919,0,3,0.0488637595388893,1500,25
60,16,2019-07-01,ICEWS,Trade_Imports,3,2.27445907136333,0.00575309967007288,3,0,0.0207389896367576,1500,25
60,16,2019-07-01,ICEWS,Trade_Imports,6,3.57923579228439,0.0513030640716904,4,2,0.0372551184310005,1500,25
60,16,2019-07-01,ICEWS,Trade_Imports,12,5.6038813154194,0.0291112512188283,4,2,0.0533739313324932,1500,25
60,16,2019-07-01,Phoenix,Trade_Total,3,0.578070556040515,0.678410018205893,0,0,0.0143577241821767,900,25
60,16,2019-07-01,Phoenix,Trade_Total,6,1.43159456994964,0.548299497933641,0,0,0.0176823436931703,900,25
60,16,2019-07-01,Phoenix,Trade_Total,12,4.09549392931984,0.375314644622908,0,0,0.026701088612792,900,25
60,16,2019-07-01,Phoenix,Trade_Exports,3,0.724516121940734,0.532147549126517,0,0,0.0148670124424343,900,25
60,16,2019-07-01,Phoenix,Trade_Exports,6,2.23929286221766,0.36862135665121,0,0,0.0209068311450251,900,25
60,16,2019-07-01,Phoenix,Trade_Exports,12,5.7100188713483,0.202494070787923,0,0,0.036882628040834,900,25
60,16,2019-07-01,Phoenix,Trade_Imports,3,1.12887269916219,0.505742998641733,0,0,0.0209437773143327,900,25
60,16,2019-07-01,Phoenix,Trade_Imports,6,2.24269719163029,0.359438226779212,0,0,0.0298018568620904,900,25
60,16,2019-07-01,Phoenix,Trade_Imports,12,4.60708076450558,0.264664446992724,0,0,0.042305783524847,900,25
60,16,2019-07-01,Tsinghua,Trade_Total,3,1.29281746278239,0.284227564584259,1,3,0.0199051349835786,660,11
60,16,2019-07-01,Tsinghua,Trade_Total,6,1.74675060360753,0.237998924773445,1,3,0.0220789708217651,660,11
60,16,2019-07-01,Tsinghua,Trade_Total,12,5.25928175352234,0.140574446145663,1,4,0.0369431185240117,660,11
60,16,2019-07-01,Tsinghua,Trade_Exports,3,1.35476656498402,0.216622264261751,1,3,0.030828523359854,660,11
60,16,2019-07-01,Tsinghua,Trade_Exports,6,2.10593177497312,0.156373133932765,1,3,0.0364301504627688,660,11
60,16,2019-07-01,Tsinghua,Trade_Exports,12,3.86586100373661,0.122181800897953,1,3,0.0484634029691766,660,11
60,16,2019-07-01,Tsinghua,Trade_Imports,3,0.802503445115891,0.567165966857906,0,0,0.0108869775718734,660,11
60,16,2019-07-01,Tsinghua,Trade_Imports,6,2.040090449059,0.395182560882315,0,0,0.0164356467645216,660,11
60,16,2019-07-01,Tsinghua,Trade_Imports,12,7.58742171965444,0.0962959484685977,12,2,0.0602986477446981,660,11
60,17,2020-07-01,GDELT,Trade_Total,3,1.408049873651,0.214407577724964,1,0,0.0106642994859521,1500,25
60,17,2020-07-01,GDELT,Trade_Total,6,3.33518916053746,0.11902096137236,6,0,0.0207274351907221,1500,25
60,17,2020-07-01,GDELT,Trade_Total,12,6.68018812209092,0.0452117326926847,10,0,0.0442733762718526,1500,25
60,17,2020-07-01,GDELT,Trade_Exports,3,1.64702777449573,0.218758175870426,3,0,0.0179919928182182,1500,25
60,17,2020-07-01,GDELT,Trade_Exports,6,3.44650420904066,0.126065154936983,6,0,0.0331446950546452,1500,25
60,17,2020-07-01,GDELT,Trade_Exports,12,5.81622404791669,0.0714134461009122,6,0,0.0542617962357168,1500,25
60,17,2020-07-01,GDELT,Trade_Imports,3,0.839500705057781,0.655082879485324,0,0,0.00788085723773308,1500,25
60,17,2020-07-01,GDELT,Trade_Imports,6,2.43569124552643,0.354292304801983,0,0,0.0150272403257044,1500,25
60,17,2020-07-01,GDELT,Trade_Imports,12,7.27491932081059,0.0948718338558776,10,1,0.0496454975900142,1500,25
60,17,2020-07-01,ICEWS,Trade_Total,3,1.87739597624431,0.0285157641938697,1,1,0.0175270072576962,1500,25
60,17,2020-07-01,ICEWS,Trade_Total,6,2.84652864586503,0.0184494599263914,1,1,0.0247223779374388,1500,25
60,17,2020-07-01,ICEWS,Trade_Total,12,6.12766030314468,0.012072369472199,1,2,0.0457986277273242,1500,25
60,17,2020-07-01,ICEWS,Trade_Exports,3,1.71261931230039,0.140589070621754,1,0,0.0129938895302359,1500,25
60,17,2020-07-01,ICEWS,Trade_Exports,6,3.21322884538547,0.0761881358664008,6,0,0.0209148034697055,1500,25
60,17,2020-07-01,ICEWS,Trade_Exports,12,5.6524598492063,0.044154306534367,3,0,0.0346734056406966,1500,25
60,17,2020-07-01,ICEWS,Trade_Imports,3,1.83494521464665,0.0323848865545807,1,0,0.0192439645684205,1500,25
60,17,2020-07-01,ICEWS,Trade_Imports,6,3.18718561239662,0.00949084049270784,1,0,0.0312610257417087,1500,25
60,17,2020-07-01,ICEWS,Trade_Imports,12,6.50024526277789,0.00751365259043711,10,1,0.0656373395621022,1500,25
60,17,2020-07-01,Phoenix,Trade_Total,3,0.670921041309078,0.550448459388529,0,0,0.025120267099149,600,25
60,17,2020-07-01,Phoenix,Trade_Total,6,2.03954101670996,0.385438075528598,0,0,0.0356964920705153,600,25
60,17,2020-07-01,Phoenix,Trade_Total,12,3.48966389726174,0.309167393181094,0,1,0.0438166993777162,600,25
60,17,2020-07-01,Phoenix,Trade_Exports,3,0.701345242078936,0.479472913595594,0,0,0.0246745794897485,600,25
60,17,2020-07-01,Phoenix,Trade_Exports,6,2.47927039024559,0.286272338119911,0,1,0.0410439508546662,600,25
60,17,2020-07-01,Phoenix,Trade_Exports,12,4.6546912363679,0.205322337956996,0,1,0.0553067417986405,600,25
60,17,2020-07-01,Phoenix,Trade_Imports,3,0.888921214406435,0.543368858980751,0,0,0.0308500530110416,600,25
60,17,2020-07-01,Phoenix,Trade_Imports,6,1.70000235911818,0.427529050054896,0,0,0.0393703813917009,600,25
60,17,2020-07-01,Phoenix,Trade_Imports,12,3.96899522900133,0.302506229841597,0,0,0.0541588052164418,600,25
60,17,2020-07-01,Tsinghua,Trade_Total,3,1.02380954009182,0.343770054685785,1,1,0.0161513805279208,660,11
60,17,2020-07-01,Tsinghua,Trade_Total,6,2.04902450425359,0.263653973037181,1,1,0.0226042578709413,660,11
60,17,2020-07-01,Tsinghua,Trade_Total,12,5.33713015730011,0.14804983477949,1,2,0.0405927330797797,660,11
60,17,2020-07-01,Tsinghua,Trade_Exports,3,1.43626603046112,0.208424875852254,1,4,0.0364667694281047,660,11
60,17,2020-07-01,Tsinghua,Trade_Exports,6,2.04960610491747,0.169500220629354,1,4,0.0415031441957917,660,11
60,17,2020-07-01,Tsinghua,Trade_Exports,12,4.52530934891098,0.116033897803194,1,4,0.0591021753982043,660,11
60,17,2020-07-01,Tsinghua,Trade_Imports,3,1.35505358564218,0.371345415834067,0,0,0.0170372255932278,660,11
60,17,2020-07-01,Tsinghua,Trade_Imports,6,3.25245500614176,0.22426830443976,6,0,0.0359355273619362,660,11
60,17,2020-07-01,Tsinghua,Trade_Imports,12,5.39662523496047,0.135723308651245,6,1,0.0593698215694685,660,11
60,18,2021-07-01,GDELT,Trade_Total,3,0.900542843140278,0.462896177795096,0,0,0.011787736475591,1498,25
60,18,2021-07-01,GDELT,Trade_Total,6,2.43577681098598,0.321155779716862,0,0,0.0173361431671096,1498,25
60,18,2021-07-01,GDELT,Trade_Total,12,7.02157311921845,0.133802750095437,10,1,0.0411985481892488,1498,25
60,18,2021-07-01,GDELT,Trade_Exports,3,0.922919358143358,0.435976338467794,0,0,0.0157463742700997,1498,25
60,18,2021-07-01,GDELT,Trade_Exports,6,2.13985586365039,0.316291592330106,0,0,0.0220212022393847,1498,25
60,18,2021-07-01,GDELT,Trade_Exports,12,6.39958160275087,0.146351195794462,10,0,0.0479155569459999,1498,25
60,18,2021-07-01,GDELT,Trade_Imports,3,1.03391761023376,0.471186583979882,0,0,0.0140096588647166,1498,25
60,18,2021-07-01,GDELT,Trade_Imports,6,3.24864439019534,0.269550478468653,5,0,0.0255215664659379,1498,25
60,18,2021-07-01,GDELT,Trade_Imports,12,8.01595866414901,0.0908211651168468,10,2,0.0756168294283902,1498,25
60,18,2021-07-01,ICEWS,Trade_Total,3,1.7265279204625,0.116011538880438,1,2,0.0254949343309231,1498,25
60,18,2021-07-01,ICEWS,Trade_Total,6,2.54553316828008,0.0826816784025389,1,2,0.0321889453801869,1498,25
60,18,2021-07-01,ICEWS,Trade_Total,12,5.52936396243194,0.0563913554252434,1,3,0.0523857137055437,1498,25
60,18,2021-07-01,ICEWS,Trade_Exports,3,2.01370474320449,0.0110901730907557,3,2,0.0202945715982847,1498,25
60,18,2021-07-01,ICEWS,Trade_Exports,6,2.74009637485284,0.0145033100767596,1,3,0.0264500571118033,1498,25
60,18,2021-07-01,ICEWS,Trade_Exports,12,6.26188074755258,0.0020643250507348,12,4,0.0480653226610971,1498,25
60,18,2021-07-01,ICEWS,Trade_Imports,3,1.58954734975139,0.188959143211955,1,0,0.0263309593846705,1498,25
60,18,2021-07-01,ICEWS,Trade_Imports,6,2.77170794542598,0.123400794557253,1,0,0.0363683666211368,1498,25
60,18,2021-07-01,ICEWS,Trade_Imports,12,5.56419796308776,0.0776644502421135,10,1,0.0617166052868877,1498,25
60,18,2021-07-01,Phoenix,Trade_Total,3,1.51140940519624,0.277323122198061,2,0,0.0217554346611467,300,25
60,18,2021-07-01,Phoenix,Trade_Total,6,3.66596210028545,0.0990272669404452,6,0,0.0382652670418898,300,25
60,18,2021-07-01,Phoenix,Trade_Total,12,5.16781051323945,0.138245840329196,6,2,0.0781041062300424,300,25
60,18,2021-07-01,Phoenix,Trade_Exports,3,0.893378805115595,0.605468396905254,0,0,0.0264398894630927,300,25
60,18,2021-07-01,Phoenix,Trade_Exports,6,3.09081338267796,0.257745226465769,6,1,0.0517807250583047,300,25
60,18,2021-07-01,Phoenix,Trade_Exports,12,5.40408686389118,0.180181805134415,0,2,0.0997678709187264,300,25
60,18,2021-07-01,Phoenix,Trade_Imports,3,1.50987381173717,0.266491700449849,2,0,0.0222684638083199,300,25
60,18,2021-07-01,Phoenix,Trade_Imports,6,3.08045968200868,0.0889648321356356,2,0,0.036173168186697,300,25
60,18,2021-07-01,Phoenix,Trade_Imports,12,4.99529575650168,0.166217992120896,0,0,0.0860864013221654,300,25
60,18,2021-07-01,Tsinghua,Trade_Total,3,1.46991321892728,0.137369481494466,1,0,0.00805159685040942,660,11
60,18,2021-07-01,Tsinghua,Trade_Total,6,3.57413991769948,0.10640164613379,6,1,0.0237446596414859,660,11
60,18,2021-07-01,Tsinghua,Trade_Total,12,5.64556495104212,0.0621486420462839,6,0,0.0411583694565135,660,11
60,18,2021-07-01,Tsinghua,Trade_Exports,3,1.27553747502562,0.140007415093667,1,1,0.0233447070407112,660,11
60,18,2021-07-01,Tsinghua,Trade_Exports,6,2.3100419447082,0.114758121061954,1,1,0.0334461473383945,660,11
60,18,2021-07-01,Tsinghua,Trade_Exports,12,5.30493273965488,0.0656250361244709,1,2,0.0579942848080418,660,11
60,18,2021-07-01,Tsinghua,Trade_Imports,3,1.95405881283701,0.0623219857072977,2,0,0.0148419657976133,660,11
60,18,2021-07-01,Tsinghua,Trade_Imports,6,4.20507619987691,0.0449064213387715,6,0,0.0288004589476901,660,11
60,18,2021-07-01,Tsinghua,Trade_Imports,12,5.72637947492577,0.0325328798054264,6,0,0.0398080919907472,660,11
60,19,2022-07-01,GDELT,Trade_Total,3,0.883085296640693,0.640898072746594,0,0,0.0120350321533966,1468,25
60,19,2022-07-01,GDELT,Trade_Total,6,2.91300387895825,0.394513760034588,0,0,0.0198892950518656,1468,25
60,19,2022-07-01,GDELT,Trade_Total,12,7.21806398994306,0.149994538080975,10,2,0.0489324647237736,1468,25
60,19,2022-07-01,GDELT,Trade_Exports,3,0.54744008183454,0.684617616532009,0,0,0.0140126992273252,1468,25
60,19,2022-07-01,GDELT,Trade_Exports,6,2.5127805353241,0.410552087412233,0,0,0.0238288164174863,1468,25
60,19,2022-07-01,GDELT,Trade_Exports,12,6.07656657835118,0.200007062682356,0,0,0.0483012604257257,1468,25
60,19,2022-07-01,GDELT,Trade_Imports,3,1.38915013989256,0.353645814598713,0,0,0.0205503093413721,1468,25
60,19,2022-07-01,GDELT,Trade_Imports,6,3.48880260567695,0.207868008166506,5,0,0.0353539720824785,1468,25
60,19,2022-07-01,GDELT,Trade_Imports,12,7.46543941776694,0.0774541910914469,10,2,0.0799552480913823,1468,25
60,19,2022-07-01,ICEWS,Trade_Total,3,1.75829987382495,0.11640007507474,1,2,0.0284890958066646,1468,25
60,19,2022-07-01,ICEWS,Trade_Total,6,2.74637526252216,0.0713452562196733,1,2,0.0352288597671104,1468,25
60,19,2022-07-01,ICEWS,Trade_Total,12,5.48725456666241,0.0468305282284009,1,5,0.0582603772651545,1468,25
60,19,2022-07-01,ICEWS,Trade_Exports,3,1.86115106583519,0.0878057386182818,3,2,0.03138666364843,1468,25
60,19,2022-07-01,ICEWS,Trade_Exports,6,2.81370508224418,0.0486345315980779,1,3,0.0392586326830443,1468,25
60,19,2022-07-01,ICEWS,Trade_Exports,12,5.61312811789328,0.0287632212833482,1,4,0.0575844112355227,1468,25
60,19,2022-07-01,ICEWS,Trade_Imports,3,1.74587827021013,0.141184850852543,3,0,0.0206264120954172,1468,25
60,19,2022-07-01,ICEWS,Trade_Imports,6,2.84913995562814,0.0733320736298281,1,0,0.0292354065162317,1468,25
60,19,2022-07-01,ICEWS,Trade_Imports,12,5.74641843680965,0.0513652246435041,10,1,0.0609219850195061,1468,25
60,19,2022-07-01,Tsinghua,Trade_Total,3,1.37831675442579,0.185958494942449,2,0,0.00953053759378619,651,11
60,19,2022-07-01,Tsinghua,Trade_Total,6,2.92595043491448,0.117161687191905,1,0,0.0179816334625925,651,11
60,19,2022-07-01,Tsinghua,Trade_Total,12,5.87374004835963,0.0555425781363251,9,0,0.0334351845518532,651,11
60,19,2022-07-01,Tsinghua,Trade_Exports,3,1.40309904480954,0.131532943425872,2,0,0.0193522112583001,651,11
60,19,2022-07-01,Tsinghua,Trade_Exports,6,2.51714600365547,0.0804302655523508,2,0,0.0271849983727072,651,11
60,19,2022-07-01,Tsinghua,Trade_Exports,12,5.2915246377352,0.0439113253897858,2,1,0.0427517315456371,651,11
60,19,2022-07-01,Tsinghua,Trade_Imports,3,2.34346461677734,0.0893930554682083,3,0,0.00428391862933331,651,11
60,19,2022-07-01,Tsinghua,Trade_Imports,6,4.23593020658107,0.120768371315419,5,0,0.0144959939287119,651,11
60,19,2022-07-01,Tsinghua,Trade_Imports,12,6.70245202099167,0.0387052735296214,5,0,0.0339080483726964,651,11
60,20,2023-07-01,GDELT,Trade_Total,3,1.58124448693586,0.294423890359584,2,0,0.0125482660778203,1378,25
60,20,2023-07-01,GDELT,Trade_Total,6,3.36458571410683,0.137518405413601,6,0,0.0267572440478356,1378,25
60,20,2023-07-01,GDELT,Trade_Total,12,6.39809943859775,0.0550894591915874,10,1,0.0459982735245547,1378,25
60,20,2023-07-01,GDELT,Trade_Exports,3,1.69896208263868,0.216682140179911,2,0,0.0138053452207599,1378,25
60,20,2023-07-01,GDELT,Trade_Exports,6,1.97635037760988,0.202423383324006,2,0,0.0149650392907403,1378,25
60,20,2023-07-01,GDELT,Trade_Exports,12,5.1666168832951,0.0861538772570936,10,0,0.028205762388221,1378,25
60,20,2023-07-01,GDELT,Trade_Imports,3,1.11861561894038,0.295963536244265,2,0,0.0117172297021564,1378,25
60,20,2023-07-01,GDELT,Trade_Imports,6,4.12590677462735,0.0790815096518178,6,1,0.0452707396317205,1378,25
60,20,2023-07-01,GDELT,Trade_Imports,12,6.87043728961769,0.0220888374152838,12,3,0.0806951953047973,1378,25
60,20,2023-07-01,ICEWS,Trade_Total,3,1.99622097982255,0.0462650759846628,3,2,0.0247952755727411,1378,25
60,20,2023-07-01,ICEWS,Trade_Total,6,3.21672316662118,0.000695463737181304,3,3,0.035954807835876,1378,25
60,20,2023-07-01,ICEWS,Trade_Total,12,5.55460469105352,0.0216931743743514,3,2,0.054004817331017,1378,25
60,20,2023-07-01,ICEWS,Trade_Exports,3,2.01897075095398,0.101647654053003,3,2,0.0268064176071037,1378,25
60,20,2023-07-01,ICEWS,Trade_Exports,6,3.74550748579858,0.0211031772364136,3,4,0.0427244628167785,1378,25
60,20,2023-07-01,ICEWS,Trade_Exports,12,6.77513432876752,0.0321117091232984,12,3,0.0689612497056523,1378,25
60,20,2023-07-01,ICEWS,Trade_Imports,3,1.95565484271148,0.0553081984449044,3,0,0.0227116300408883,1378,25
60,20,2023-07-01,ICEWS,Trade_Imports,6,2.66753813833396,0.0554238004179621,4,0,0.0330249403239308,1378,25
60,20,2023-07-01,ICEWS,Trade_Imports,12,5.05416751141148,0.00826926819722238,4,0,0.0504429182159253,1378,25
60,20,2023-07-01,Tsinghua,Trade_Total,3,1.88592019514767,0.129957365226717,3,0,0.0117221457268123,599,11
60,20,2023-07-01,Tsinghua,Trade_Total,6,3.48962136368247,0.0127764437170038,2,0,0.023779983415706,599,11
60,20,2023-07-01,Tsinghua,Trade_Total,12,6.19108392210253,0.0137241324534017,9,0,0.0469309196463618,599,11
60,20,2023-07-01,Tsinghua,Trade_Exports,3,2.18530165748132,0.105882003140303,3,0,0.014838120014821,599,11
60,20,2023-07-01,Tsinghua,Trade_Exports,6,3.67340428706552,0.00718048624396678,2,2,0.0355038652555161,599,11
60,20,2023-07-01,Tsinghua,Trade_Exports,12,5.77317677029214,0.000877522104367329,10,4,0.0545048255158752,599,11
60,20,2023-07-01,Tsinghua,Trade_Imports,3,1.19181965043191,0.335825586356044,2,0,0.00770383648913682,599,11
60,20,2023-07-01,Tsinghua,Trade_Imports,6,3.45196619076108,0.0986213937918989,6,0,0.0183939654677409,599,11
60,20,2023-07-01,Tsinghua,Trade_Imports,12,7.08462481355098,0.0539664575447934,9,1,0.0525942792935603,599,11
84,1,2005-07-01,GDELT,Trade_Total,3,1.10151978975119,0.36115324818428,0,0,0.0115616845808161,1794,23
84,1,2005-07-01,GDELT,Trade_Total,6,2.54553753013068,0.246953713328204,0,0,0.0162953764863601,1725,23
84,1,2005-07-01,GDELT,Trade_Total,12,4.13518393246102,0.158596920603833,1,0,0.0218599520385205,1587,23
84,1,2005-07-01,GDELT,Trade_Exports,3,1.1822487803827,0.374650415904457,0,0,0.0119559560920611,1794,23
84,1,2005-07-01,GDELT,Trade_Exports,6,2.45661152538154,0.249310315539436,0,0,0.0174594186265935,1725,23
84,1,2005-07-01,GDELT,Trade_Exports,12,4.89179298689882,0.128568484004474,1,0,0.0268673728455458,1587,23
84,1,2005-07-01,GDELT,Trade_Imports,3,0.749454607040337,0.43080073469297,0,0,0.0119354102260021,1794,23
84,1,2005-07-01,GDELT,Trade_Imports,6,2.98035263698683,0.26002786080585,6,0,0.0197544560843845,1725,23
84,1,2005-07-01,GDELT,Trade_Imports,12,5.95028129013571,0.144329033614709,6,1,0.0340733628029818,1587,23
84,1,2005-07-01,ICEWS,Trade_Total,3,1.53440566713794,0.326502636646118,3,1,0.0214691395717695,1792,23
84,1,2005-07-01,ICEWS,Trade_Total,6,2.70715065472782,0.194565436295184,4,2,0.0294761687310079,1723,23
84,1,2005-07-01,ICEWS,Trade_Total,12,5.64813558269902,0.111077697745247,4,3,0.0471444215119056,1585,23
84,1,2005-07-01,ICEWS,Trade_Exports,3,1.62498940905723,0.311100990840883,3,2,0.0337736612936872,1792,23
84,1,2005-07-01,ICEWS,Trade_Exports,6,2.56339213784186,0.204012203607437,3,3,0.044281048116644,1723,23
84,1,2005-07-01,ICEWS,Trade_Exports,12,5.23783442907239,0.118899003867053,3,3,0.0629371255313705,1585,23
84,1,2005-07-01,ICEWS,Trade_Imports,3,0.600704855279177,0.628557939599561,0,0,0.00708637217526448,1792,23
84,1,2005-07-01,ICEWS,Trade_Imports,6,3.23206482132368,0.198453764211203,4,1,0.0182195855010596,1723,23
84,1,2005-07-01,ICEWS,Trade_Imports,12,7.37972758769236,0.0736924160770734,9,2,0.0533816858628714,1585,23
84,1,2005-07-01,Phoenix,Trade_Total,3,1.07414800093938,0.487592058956065,0,0,0.00485705909739991,1779,23
84,1,2005-07-01,Phoenix,Trade_Total,6,3.51819983729669,0.184438253498904,5,0,0.0187258476356051,1710,23
84,1,2005-07-01,Phoenix,Trade_Total,12,6.40744366394868,0.0868540116144965,10,1,0.0359382885037128,1572,23
84,1,2005-07-01,Phoenix,Trade_Exports,3,1.81823915113122,0.188851830534629,3,0,0.012822296619948,1779,23
84,1,2005-07-01,Phoenix,Trade_Exports,6,2.69758264896501,0.148503528514125,3,0,0.0232603280664535,1710,23
84,1,2005-07-01,Phoenix,Trade_Exports,12,5.41026295340817,0.0894709735474449,3,0,0.0411277353141533,1572,23
84,1,2005-07-01,Phoenix,Trade_Imports,3,2.12997206971708,0.00954575833167896,2,0,0.0135111739187422,1779,23
84,1,2005-07-01,Phoenix,Trade_Imports,6,3.73719805854557,0.0340049291295304,5,0,0.0243065083257792,1710,23
84,1,2005-07-01,Phoenix,Trade_Imports,12,7.38035905952026,0.00395230986950441,12,0,0.0576598107850636,1572,23
84,1,2005-07-01,Tsinghua,Trade_Total,3,1.59185986202686,0.207910807637797,3,0,0.015614516314895,850,11
84,1,2005-07-01,Tsinghua,Trade_Total,6,3.02587635814548,0.114623694746154,4,1,0.0217285668026545,817,11
84,1,2005-07-01,Tsinghua,Trade_Total,12,7.31525977891991,0.00940517584611758,7,3,0.0441576829563266,751,11
84,1,2005-07-01,Tsinghua,Trade_Exports,3,1.83849962288395,0.246266031383861,3,1,0.0210060072633059,850,11
84,1,2005-07-01,Tsinghua,Trade_Exports,6,3.34689359661324,0.128206831645875,4,1,0.0302684466935706,817,11
84,1,2005-07-01,Tsinghua,Trade_Exports,12,7.95705779502702,0.0156432222413627,11,2,0.0533538478473518,751,11
84,1,2005-07-01,Tsinghua,Trade_Imports,3,1.75411640568145,0.0875935950165876,1,0,0.0095781297457729,850,11
84,1,2005-07-01,Tsinghua,Trade_Imports,6,2.92779626921066,0.058777885306299,1,0,0.0190326331893229,817,11
84,1,2005-07-01,Tsinghua,Trade_Imports,12,6.55754159604198,0.0319133936884532,9,1,0.0501328176717623,751,11
84,2,2006-07-01,GDELT,Trade_Total,3,1.61090729452335,0.232325363945683,3,0,0.0124413990854436,1887,23
84,2,2006-07-01,GDELT,Trade_Total,6,3.33413719997265,0.133395879283809,6,0,0.0192811212033892,1881,23
84,2,2006-07-01,GDELT,Trade_Total,12,5.89841308968286,0.0775165527539188,6,0,0.0306521812843035,1863,23
84,2,2006-07-01,GDELT,Trade_Exports,3,1.67112976206744,0.229984064505492,3,1,0.0194419921238023,1887,23
84,2,2006-07-01,GDELT,Trade_Exports,6,2.78758400034104,0.152250532193378,3,1,0.0259042389166303,1881,23
84,2,2006-07-01,GDELT,Trade_Exports,12,4.51986967606348,0.104637326888314,3,1,0.0344033373049998,1863,23
84,2,2006-07-01,GDELT,Trade_Imports,3,0.877439371137683,0.410717496557051,0,0,0.00544659862130174,1887,23
84,2,2006-07-01,GDELT,Trade_Imports,6,4.33068029709766,0.124013852688398,6,0,0.0179724155451277,1881,23
84,2,2006-07-01,GDELT,Trade_Imports,12,8.09451578283408,0.0517929357608895,12,1,0.0466598047796508,1863,23
84,2,2006-07-01,ICEWS,Trade_Total,3,1.67726897690936,0.254702949250612,3,3,0.0291717932578581,1887,23
84,2,2006-07-01,ICEWS,Trade_Total,6,3.01820966376921,0.155031252190221,3,4,0.0404362665917673,1881,23
84,2,2006-07-01,ICEWS,Trade_Total,12,6.37119733036559,0.0792495275588757,10,4,0.0591726975026362,1861,23
84,2,2006-07-01,ICEWS,Trade_Exports,3,1.89353531989492,0.176823544497473,3,4,0.0359703532025849,1887,23
84,2,2006-07-01,ICEWS,Trade_Exports,6,3.14828732081133,0.101839025184394,3,3,0.0511924520256623,1881,23
84,2,2006-07-01,ICEWS,Trade_Exports,12,5.60248536924572,0.0534828050565027,3,2,0.0651431737369538,1861,23
84,2,2006-07-01,ICEWS,Trade_Imports,3,1.03455750249614,0.479221150047197,0,0,0.0205380905238623,1887,23
84,2,2006-07-01,ICEWS,Trade_Imports,6,2.50001393587259,0.316450804765887,0,0,0.0285729857990664,1881,23
84,2,2006-07-01,ICEWS,Trade_Imports,12,7.88304013234454,0.0976475474961654,10,3,0.0709697494904997,1861,23
84,2,2006-07-01,Phoenix,Trade_Total,3,0.73687886501842,0.61129594064382,0,0,0.00931361220495118,1887,23
84,2,2006-07-01,Phoenix,Trade_Total,6,2.68057584803997,0.350823708407956,0,0,0.0170174948922894,1881,23
84,2,2006-07-01,Phoenix,Trade_Total,12,5.73977604971807,0.191639520073555,0,0,0.0315507121783878,1848,23
84,2,2006-07-01,Phoenix,Trade_Exports,3,1.64833673777487,0.294432123822162,3,0,0.0170789065402033,1887,23
84,2,2006-07-01,Phoenix,Trade_Exports,6,2.14188063523285,0.25640213129919,3,0,0.0200458022958922,1881,23
84,2,2006-07-01,Phoenix,Trade_Exports,12,4.79993083762614,0.139642612482764,3,0,0.0359919093782897,1848,23
84,2,2006-07-01,Phoenix,Trade_Imports,3,1.77949469666035,0.235834199982785,2,0,0.0173966946622261,1887,23
84,2,2006-07-01,Phoenix,Trade_Imports,6,3.33149084027027,0.151300695425095,2,0,0.0307508827805601,1881,23
84,2,2006-07-01,Phoenix,Trade_Imports,12,6.79000441544894,0.0766554525131186,12,2,0.0637201037862311,1848,23
84,2,2006-07-01,Tsinghua,Trade_Total,3,1.73237617823158,0.123695358893405,1,0,0.0141583693288987,905,11
84,2,2006-07-01,Tsinghua,Trade_Total,6,2.52262787602921,0.0861429734400896,1,0,0.0191700871876297,902,11
84,2,2006-07-01,Tsinghua,Trade_Total,12,7.11072946306754,0.000458913920109025,12,1,0.0401383796132102,883,11
84,2,2006-07-01,Tsinghua,Trade_Exports,3,1.97856372207161,0.14448175150163,3,0,0.0128766636218153,905,11
84,2,2006-07-01,Tsinghua,Trade_Exports,6,2.90646219996065,0.082046642342044,3,0,0.0177701504784524,902,11
84,2,2006-07-01,Tsinghua,Trade_Exports,12,7.9930798053426,0.0364139962303557,12,1,0.0445954107016317,883,11
84,2,2006-07-01,Tsinghua,Trade_Imports,3,1.15950577086361,0.0826285579349002,1,0,0.00697837951568672,905,11
84,2,2006-07-01,Tsinghua,Trade_Imports,6,3.17543513465724,0.0765585373486751,5,0,0.0176606840723185,902,11
84,2,2006-07-01,Tsinghua,Trade_Imports,12,6.50305843116748,0.0493224518650594,5,0,0.0425958635065335,883,11
84,3,2007-07-01,GDELT,Trade_Total,3,2.37080566387114,0.00448327938823935,3,0,0.00811334555284336,1911,23
84,3,2007-07-01,GDELT,Trade_Total,6,4.49273118689195,0.0315661755788246,6,1,0.0223349967592735,1905,23
84,3,2007-07-01,GDELT,Trade_Total,12,6.96282993328329,0.0298753385158318,6,3,0.0429407940674987,1893,23
84,3,2007-07-01,GDELT,Trade_Exports,3,2.03262027290862,0.157623624154951,3,1,0.0144673889649117,1911,23
84,3,2007-07-01,GDELT,Trade_Exports,6,3.73294179428758,0.062712384174965,3,2,0.0243952320048036,1905,23
84,3,2007-07-01,GDELT,Trade_Exports,12,6.00871121144225,0.0242251770808883,3,2,0.0382089764390691,1893,23
84,3,2007-07-01,GDELT,Trade_Imports,3,1.12095953719097,0.375361029792436,0,0,0.00797129494554792,1911,23
84,3,2007-07-01,GDELT,Trade_Imports,6,4.34809169143941,0.120595466728134,6,1,0.0293293863714728,1905,23
84,3,2007-07-01,GDELT,Trade_Imports,12,7.53725783026727,0.0590812708703671,6,2,0.0668260976816718,1893,23
84,3,2007-07-01,ICEWS,Trade_Total,3,2.07315487570332,0.193264949840175,3,0,0.0125940982803576,1911,23
84,3,2007-07-01,ICEWS,Trade_Total,6,4.13746594089872,0.0703578926898823,6,1,0.0243100556293137,1905,23
84,3,2007-07-01,ICEWS,Trade_Total,12,8.06836263620546,0.00123276359728005,10,4,0.0590108343770403,1893,23
84,3,2007-07-01,ICEWS,Trade_Exports,3,2.17893722062609,0.102414663761637,3,1,0.0182978172423094,1911,23
84,3,2007-07-01,ICEWS,Trade_Exports,6,3.89822154029048,0.032757652066661,4,3,0.0323471635807975,1905,23
84,3,2007-07-01,ICEWS,Trade_Exports,12,7.11321318562123,0.00720564836625386,4,3,0.0547562202430695,1893,23
84,3,2007-07-01,ICEWS,Trade_Imports,3,1.50539867033679,0.373797116930762,0,0,0.00806014866933146,1911,23
84,3,2007-07-01,ICEWS,Trade_Imports,6,4.00464815668434,0.136912871653358,6,0,0.0213506325270385,1905,23
84,3,2007-07-01,ICEWS,Trade_Imports,12,8.42503207519208,0.00277957944969482,10,5,0.0945174104780607,1893,23
84,3,2007-07-01,Phoenix,Trade_Total,3,0.275559017027633,0.847693224907429,0,0,0.00261908086906332,1911,23
84,3,2007-07-01,Phoenix,Trade_Total,6,2.2271515391642,0.509266571964173,0,0,0.00469737876214352,1905,23
84,3,2007-07-01,Phoenix,Trade_Total,12,8.19147047372375,0.086728233399298,9,0,0.0203290068800202,1893,23
84,3,2007-07-01,Phoenix,Trade_Exports,3,2.11541355545306,0.137016977566148,3,0,0.0103498492655235,1911,23
84,3,2007-07-01,Phoenix,Trade_Exports,6,3.49295508146975,0.0887855956013284,2,0,0.0172149162457113,1905,23
84,3,2007-07-01,Phoenix,Trade_Exports,12,6.09002661302903,0.0222995259117112,9,0,0.0287767851674923,1893,23
84,3,2007-07-01,Phoenix,Trade_Imports,3,1.78673653823955,0.234885421041159,2,0,0.00798372993716111,1911,23
84,3,2007-07-01,Phoenix,Trade_Imports,6,2.6356172865351,0.190927606608082,2,0,0.0106138895256898,1905,23
84,3,2007-07-01,Phoenix,Trade_Imports,12,8.34830170076289,0.0269119247691004,12,1,0.0478688123737382,1893,23
84,3,2007-07-01,Tsinghua,Trade_Total,3,1.1688470100328,0.446571647535533,0,0,0.00834531314036335,917,11
84,3,2007-07-01,Tsinghua,Trade_Total,6,3.16257289162221,0.231373524221651,6,0,0.0190066543527351,914,11
84,3,2007-07-01,Tsinghua,Trade_Total,12,6.25174648200053,0.116644929981208,7,3,0.0460248844779394,908,11
84,3,2007-07-01,Tsinghua,Trade_Exports,3,1.25670674507685,0.414349147422549,0,0,0.0137583236447843,917,11
84,3,2007-07-01,Tsinghua,Trade_Exports,6,3.22296347120041,0.225886577221566,6,0,0.0306187798557528,914,11
84,3,2007-07-01,Tsinghua,Trade_Exports,12,5.51188049013318,0.153036415856413,7,2,0.0585366894809407,908,11
84,3,2007-07-01,Tsinghua,Trade_Imports,3,1.5285949897083,0.352937078846138,0,0,0.00589333864981325,917,11
84,3,2007-07-01,Tsinghua,Trade_Imports,6,3.83848112611607,0.119948416849476,5,0,0.0129968461260348,914,11
84,3,2007-07-01,Tsinghua,Trade_Imports,12,7.44296092085936,0.0226498657857972,11,1,0.0525141832751456,908,11
84,4,2008-07-01,GDELT,Trade_Total,3,1.02666872669356,0.377134765130363,1,0,0.00670873031522752,1929,23
84,4,2008-07-01,GDELT,Trade_Total,6,3.37711420997705,0.186636419770657,6,0,0.0141053998023615,1926,23
84,4,2008-07-01,GDELT,Trade_Total,12,4.9402065907647,0.148264803882913,6,0,0.0200343379995703,1917,23
84,4,2008-07-01,GDELT,Trade_Exports,3,2.55115072472377,0.0204562659055329,3,1,0.0118042238632325,1929,23
84,4,2008-07-01,GDELT,Trade_Exports,6,4.04618531469363,0.0127909408298672,3,2,0.026274164173677,1926,23
84,4,2008-07-01,GDELT,Trade_Exports,12,5.47688742142471,0.0276883756332734,3,2,0.0375494634480429,1917,23
84,4,2008-07-01,GDELT,Trade_Imports,3,1.62131716292933,0.285945422744283,3,0,0.0236755211088432,1929,23
84,4,2008-07-01,GDELT,Trade_Imports,6,2.95355616343398,0.168313764843863,3,1,0.0366106346071652,1926,23
84,4,2008-07-01,GDELT,Trade_Imports,12,3.90053395792381,0.139444704631872,3,1,0.0421412058365409,1917,23
84,4,2008-07-01,ICEWS,Trade_Total,3,1.89415751423891,0.220946732815297,3,0,0.00525314996253916,1929,23
84,4,2008-07-01,ICEWS,Trade_Total,6,4.13450003091821,0.0680881110116071,4,0,0.0131284266348027,1926,23
84,4,2008-07-01,ICEWS,Trade_Total,12,7.58322390258766,0.0174232000180896,10,1,0.0301605122341601,1917,23
84,4,2008-07-01,ICEWS,Trade_Exports,3,2.34122700894947,0.0457045225143143,3,0,0.00982327562211413,1929,23
84,4,2008-07-01,ICEWS,Trade_Exports,6,4.15675058270488,0.0323251590527875,4,1,0.0247818448502953,1926,23
84,4,2008-07-01,ICEWS,Trade_Exports,12,6.78558239162969,0.0322046363955781,4,3,0.0427210396627006,1917,23
84,4,2008-07-01,ICEWS,Trade_Imports,3,1.69375500805887,0.334921689072148,3,0,0.0114343511056744,1929,23
84,4,2008-07-01,ICEWS,Trade_Imports,6,2.81528813169858,0.242459688421928,3,0,0.0179732896834755,1926,23
84,4,2008-07-01,ICEWS,Trade_Imports,12,6.71520833608559,0.0905142198788885,10,0,0.0472530866344322,1917,23
84,4,2008-07-01,Phoenix,Trade_Total,3,1.57657897772537,0.292646437410655,3,0,0.00544089845851788,1929,23
84,4,2008-07-01,Phoenix,Trade_Total,6,1.89134742084046,0.261418735891062,3,0,0.00592481466262335,1926,23
84,4,2008-07-01,Phoenix,Trade_Total,12,6.65503189378512,0.0926100418579752,7,0,0.0189394600000454,1917,23
84,4,2008-07-01,Phoenix,Trade_Exports,3,1.21604449513018,0.369528815868869,0,0,0.0113938490900859,1929,23
84,4,2008-07-01,Phoenix,Trade_Exports,6,2.52439532270297,0.263583620382898,0,0,0.0159613733737634,1926,23
84,4,2008-07-01,Phoenix,Trade_Exports,12,5.10843493759714,0.165439054968192,0,0,0.0252395063389444,1917,23
84,4,2008-07-01,Phoenix,Trade_Imports,3,1.34118126357412,0.239909202264712,2,0,0.0183551568102207,1929,23
84,4,2008-07-01,Phoenix,Trade_Imports,6,2.07885624656003,0.201171612788316,2,0,0.0226008242619703,1926,23
84,4,2008-07-01,Phoenix,Trade_Imports,12,6.07027827940539,0.0935289826609732,8,2,0.0465913945076446,1917,23
84,4,2008-07-01,Tsinghua,Trade_Total,3,0.919078400121955,0.380374534998197,0,0,0.010253038057924,924,11
84,4,2008-07-01,Tsinghua,Trade_Total,6,2.43684607147988,0.24587783161648,0,0,0.0159868972337127,924,11
84,4,2008-07-01,Tsinghua,Trade_Total,12,5.4256142283618,0.164853541015052,0,0,0.0288540092453215,920,11
84,4,2008-07-01,Tsinghua,Trade_Exports,3,1.04018106022451,0.417979145341131,0,0,0.014601140148564,924,11
84,4,2008-07-01,Tsinghua,Trade_Exports,6,3.12201261743907,0.226324020710782,6,1,0.0317713889344962,924,11
84,4,2008-07-01,Tsinghua,Trade_Exports,12,4.67805367930871,0.18055775166524,0,1,0.0494805248336414,920,11
84,4,2008-07-01,Tsinghua,Trade_Imports,3,1.85383340639924,0.138873987689704,2,0,0.0243821636611932,924,11
84,4,2008-07-01,Tsinghua,Trade_Imports,6,3.62196894587186,0.0320669967326563,4,1,0.0434731601512129,924,11
84,4,2008-07-01,Tsinghua,Trade_Imports,12,5.22364182731034,0.0148608045096157,4,0,0.0533849259106105,920,11
84,5,2009-07-01,GDELT,Trade_Total,3,1.19565723923583,0.253756007283516,1,1,0.0143948323703104,1932,23
84,5,2009-07-01,GDELT,Trade_Total,6,2.65309228823342,0.167494316644654,1,1,0.0225357594888007,1932,23
84,5,2009-07-01,GDELT,Trade_Total,12,4.08037062848797,0.13420798578141,1,1,0.0280426172437802,1932,23
84,5,2009-07-01,GDELT,Trade_Exports,3,2.27407873009642,0.0896447704021323,3,0,0.00827981857068541,1932,23
84,5,2009-07-01,GDELT,Trade_Exports,6,4.39486206445449,0.0106654085903054,6,0,0.0207895419773179,1932,23
84,5,2009-07-01,GDELT,Trade_Exports,12,5.78781091137758,0.00312278586442624,6,1,0.029651831881574,1932,23
84,5,2009-07-01,GDELT,Trade_Imports,3,1.50329068210921,0.260348036294662,3,3,0.0426611329719361,1932,23
84,5,2009-07-01,GDELT,Trade_Imports,6,2.54072578434978,0.181038139129243,1,4,0.057486642047554,1932,23
84,5,2009-07-01,GDELT,Trade_Imports,12,4.07946241272065,0.139457382667685,0,4,0.0722525332833671,1932,23
84,5,2009-07-01,ICEWS,Trade_Total,3,1.63725044909287,0.333395019156428,3,0,0.0165531210362703,1932,23
84,5,2009-07-01,ICEWS,Trade_Total,6,2.67743359684808,0.231630492680003,0,2,0.0238232935848154,1932,23
84,5,2009-07-01,ICEWS,Trade_Total,12,5.05286794465643,0.153131111139249,10,4,0.0382332989059602,1932,23
84,5,2009-07-01,ICEWS,Trade_Exports,3,1.17198739100171,0.436936808041123,0,0,0.00944308720880982,1932,23
84,5,2009-07-01,ICEWS,Trade_Exports,6,2.58606344172023,0.297821627972348,0,0,0.0139326772013877,1932,23
84,5,2009-07-01,ICEWS,Trade_Exports,12,6.1685245456498,0.167622832915054,0,0,0.0266817590630034,1932,23
84,5,2009-07-01,ICEWS,Trade_Imports,3,1.85236476868661,0.214838067150152,3,2,0.0318829190304928,1932,23
84,5,2009-07-01,ICEWS,Trade_Imports,6,2.78843862390309,0.140368961930116,4,3,0.0459358442673692,1932,23
84,5,2009-07-01,ICEWS,Trade_Imports,12,5.10767510299115,0.0944550699352985,4,3,0.0727683494744701,1932,23
84,5,2009-07-01,Phoenix,Trade_Total,3,2.01395915416994,0.145134844607196,3,0,0.0132865434164895,1932,23
84,5,2009-07-01,Phoenix,Trade_Total,6,3.38567835950432,0.0865762305690434,3,0,0.0226017578454767,1932,23
84,5,2009-07-01,Phoenix,Trade_Total,12,5.40347187387843,0.0463744086966474,8,1,0.0345040898675499,1932,23
84,5,2009-07-01,Phoenix,Trade_Exports,3,1.72701349574708,0.237608644152617,2,0,0.00652043436636081,1932,23
84,5,2009-07-01,Phoenix,Trade_Exports,6,3.17244650101525,0.139974249480853,2,0,0.0117872640287278,1932,23
84,5,2009-07-01,Phoenix,Trade_Exports,12,6.02039861991701,0.0706528849608509,9,0,0.020647352524387,1932,23
84,5,2009-07-01,Phoenix,Trade_Imports,3,1.57562801858865,0.243112158559134,2,2,0.0345528829264077,1932,23
84,5,2009-07-01,Phoenix,Trade_Imports,6,2.80589011613358,0.171960900235291,2,2,0.0506936371760643,1932,23
84,5,2009-07-01,Phoenix,Trade_Imports,12,5.47622806757953,0.0955878719133563,8,3,0.0849221252521987,1932,23
84,5,2009-07-01,Tsinghua,Trade_Total,3,1.62117154497168,0.221785075145473,3,3,0.0253134489442935,924,11
84,5,2009-07-01,Tsinghua,Trade_Total,6,2.61626724274231,0.16425136262107,3,4,0.0349605986035246,924,11
84,5,2009-07-01,Tsinghua,Trade_Total,12,5.03499940715719,0.119754127991896,3,4,0.0528458910425247,924,11
84,5,2009-07-01,Tsinghua,Trade_Exports,3,1.21322541746696,0.301579312564787,1,0,0.0159113212684223,924,11
84,5,2009-07-01,Tsinghua,Trade_Exports,6,2.68357337626552,0.204383308908723,6,0,0.0253390468768598,924,11
84,5,2009-07-01,Tsinghua,Trade_Exports,12,4.9406657890223,0.134947415898484,1,0,0.0415085610907413,924,11
84,5,2009-07-01,Tsinghua,Trade_Imports,3,1.83786679743765,0.171376656641882,3,2,0.0437382539492424,924,11
84,5,2009-07-01,Tsinghua,Trade_Imports,6,2.70343794514526,0.115207563193078,2,2,0.0614682895319952,924,11
84,5,2009-07-01,Tsinghua,Trade_Imports,12,4.59510771806933,0.0921278185835201,2,2,0.0832312927699845,924,11
84,6,2010-07-01,GDELT,Trade_Total,3,1.48981333927472,0.223320182687037,1,2,0.0273857096006475,1932,23
84,6,2010-07-01,GDELT,Trade_Total,6,2.44974481198334,0.161089767289946,1,3,0.0361579287217572,1932,23
84,6,2010-07-01,GDELT,Trade_Total,12,3.46950018741427,0.140950110800738,1,4,0.0428444183751595,1932,23
84,6,2010-07-01,GDELT,Trade_Exports,3,1.90541212527104,0.255171725273156,3,0,0.00970430289273073,1932,23
84,6,2010-07-01,GDELT,Trade_Exports,6,4.29526607844651,0.0923149356809401,6,1,0.0213402223565451,1932,23
84,6,2010-07-01,GDELT,Trade_Exports,12,6.72166006813595,0.0225647139671594,6,1,0.0346020301748296,1932,23
84,6,2010-07-01,GDELT,Trade_Imports,3,1.57075521730677,0.250674855704395,3,4,0.0738147236941998,1932,23
84,6,2010-07-01,GDELT,Trade_Imports,6,2.5898059863333,0.178624481098814,3,6,0.0944841438875443,1932,23
84,6,2010-07-01,GDELT,Trade_Imports,12,3.68261648839127,0.148774692098636,3,6,0.107828990632849,1932,23
84,6,2010-07-01,ICEWS,Trade_Total,3,1.73697997930318,0.257459227032854,3,2,0.0254034352844293,1932,23
84,6,2010-07-01,ICEWS,Trade_Total,6,2.70709617082696,0.181126389498959,3,4,0.0342946424337423,1932,23
84,6,2010-07-01,ICEWS,Trade_Total,12,4.6214555232805,0.129253201510033,3,3,0.0464240387226743,1932,23
84,6,2010-07-01,ICEWS,Trade_Exports,3,1.46006547931976,0.283334371490428,2,0,0.00461940095005723,1932,23
84,6,2010-07-01,ICEWS,Trade_Exports,6,3.14510570283008,0.159804948276536,2,0,0.00896509630369311,1932,23
84,6,2010-07-01,ICEWS,Trade_Exports,12,6.68788565280614,0.0746137970652844,12,0,0.0181783548190002,1932,23
84,6,2010-07-01,ICEWS,Trade_Imports,3,1.75769602006687,0.232608849742473,3,4,0.0604768551880792,1932,23
84,6,2010-07-01,ICEWS,Trade_Imports,6,3.01478059421995,0.138503977524849,3,7,0.0901662988711355,1932,23
84,6,2010-07-01,ICEWS,Trade_Imports,12,4.64067995435509,0.10324321445689,3,9,0.114998581830976,1932,23
84,6,2010-07-01,Phoenix,Trade_Total,3,1.82546720053303,0.175236017740297,3,1,0.0159088653991801,1932,23
84,6,2010-07-01,Phoenix,Trade_Total,6,2.85754737484362,0.12263710338322,3,1,0.0230965042222614,1932,23
84,6,2010-07-01,Phoenix,Trade_Total,12,6.36355461341278,0.0422577878085917,8,3,0.0441022163384706,1932,23
84,6,2010-07-01,Phoenix,Trade_Exports,3,0.941779030296764,0.455339938685433,0,0,0.0073845943584677,1932,23
84,6,2010-07-01,Phoenix,Trade_Exports,6,3.01049709354346,0.242480238582766,6,0,0.0140547088212242,1932,23
84,6,2010-07-01,Phoenix,Trade_Exports,12,4.97084030142176,0.157707315190907,6,0,0.0218304098190485,1932,23
84,6,2010-07-01,Phoenix,Trade_Imports,3,1.50076794004066,0.307606983283416,0,2,0.0424987026117839,1932,23
84,6,2010-07-01,Phoenix,Trade_Imports,6,2.62358191933898,0.223641879500005,0,3,0.0595715367496298,1932,23
84,6,2010-07-01,Phoenix,Trade_Imports,12,6.1243232328825,0.102985419339698,8,4,0.109449010494988,1932,23
84,6,2010-07-01,Tsinghua,Trade_Total,3,1.63880318850821,0.246487604098169,3,4,0.0306716532007158,924,11
84,6,2010-07-01,Tsinghua,Trade_Total,6,2.52078660997415,0.170151408541234,3,5,0.0424046251579467,924,11
84,6,2010-07-01,Tsinghua,Trade_Total,12,5.37816094920628,0.118762012999627,3,7,0.0677009539943401,924,11
84,6,2010-07-01,Tsinghua,Trade_Exports,3,1.19902235968063,0.346103064706242,0,0,0.0167306868216162,924,11
84,6,2010-07-01,Tsinghua,Trade_Exports,6,2.84443433995472,0.219363134977979,6,1,0.0291094556991354,924,11
84,6,2010-07-01,Tsinghua,Trade_Exports,12,5.61709129505877,0.124147815121066,6,1,0.0510088349509817,924,11
84,6,2010-07-01,Tsinghua,Trade_Imports,3,1.81334667656589,0.205374001083794,3,3,0.0520302661919145,924,11
84,6,2010-07-01,Tsinghua,Trade_Imports,6,3.35542847809907,0.0967859193006821,4,6,0.0954992884585409,924,11
84,6,2010-07-01,Tsinghua,Trade_Imports,12,5.64177489743291,0.0736540910450143,4,9,0.145071065859373,924,11
84,7,2011-07-01,GDELT,Trade_Total,3,1.55389353233023,0.238622028939534,3,0,0.0184593843204036,1932,23
84,7,2011-07-01,GDELT,Trade_Total,6,2.55453952290592,0.169445594030557,4,0,0.0228927059890667,1932,23
84,7,2011-07-01,GDELT,Trade_Total,12,5.92804078074059,0.0800675175456684,7,0,0.0380280333881301,1932,23
84,7,2011-07-01,GDELT,Trade_Exports,3,1.7543932501831,0.201401720587286,3,0,0.0226247234021706,1932,23
84,7,2011-07-01,GDELT,Trade_Exports,6,3.28174886694952,0.119250059164372,6,0,0.0312448659143098,1932,23
84,7,2011-07-01,GDELT,Trade_Exports,12,4.43790093748977,0.0947686974502025,6,1,0.0364515072003613,1932,23
84,7,2011-07-01,GDELT,Trade_Imports,3,1.62164871029989,0.257710506551526,3,4,0.0708361814317686,1932,23
84,7,2011-07-01,GDELT,Trade_Imports,6,2.90022519495261,0.172882037914466,5,4,0.0907875605355479,1932,23
84,7,2011-07-01,GDELT,Trade_Imports,12,4.8728513419239,0.126989480605283,3,6,0.111274515423906,1932,23
84,7,2011-07-01,ICEWS,Trade_Total,3,1.85549123486961,0.234373042958664,3,1,0.0158452337790601,1932,23
84,7,2011-07-01,ICEWS,Trade_Total,6,3.3114620413384,0.130853747956743,4,0,0.0250144510803098,1932,23
84,7,2011-07-01,ICEWS,Trade_Total,12,6.57450095296983,0.0675116851353883,4,3,0.0419763450303608,1932,23
84,7,2011-07-01,ICEWS,Trade_Exports,3,1.48404829867404,0.190026002428136,1,1,0.0133289483771042,1932,23
84,7,2011-07-01,ICEWS,Trade_Exports,6,2.9417100033109,0.117354411211393,1,1,0.0195785424081331,1932,23
84,7,2011-07-01,ICEWS,Trade_Exports,12,5.21577577773479,0.0776645347552572,1,1,0.0322294669838393,1932,23
84,7,2011-07-01,ICEWS,Trade_Imports,3,1.75391040680361,0.221691297974501,3,3,0.0576206302410013,1932,23
84,7,2011-07-01,ICEWS,Trade_Imports,6,3.20869993101279,0.11927211206516,4,6,0.0897275114077215,1932,23
84,7,2011-07-01,ICEWS,Trade_Imports,12,5.46290460071516,0.0820057184752023,4,11,0.119526558074925,1932,23
84,7,2011-07-01,Phoenix,Trade_Total,3,1.80835414185984,0.327518453489976,3,0,0.00196158227431461,1932,23
84,7,2011-07-01,Phoenix,Trade_Total,6,4.39430573740647,0.101042380923565,6,0,0.006069724350015,1932,23
84,7,2011-07-01,Phoenix,Trade_Total,12,8.14233400679275,0.0500108596924789,12,0,0.0218649443663146,1932,23
84,7,2011-07-01,Phoenix,Trade_Exports,3,1.29613694998224,0.391281124153973,0,0,0.018228195308456,1932,23
84,7,2011-07-01,Phoenix,Trade_Exports,6,2.68702132541548,0.263232395740631,0,0,0.026997451808527,1932,23
84,7,2011-07-01,Phoenix,Trade_Exports,12,3.84721731833961,0.220528183587559,0,0,0.032502818951593,1932,23
84,7,2011-07-01,Phoenix,Trade_Imports,3,1.40369589190814,0.352610127741215,0,1,0.0310851108219208,1932,23
84,7,2011-07-01,Phoenix,Trade_Imports,6,2.14299003955465,0.2793916036357,0,1,0.0393171480205874,1932,23
84,7,2011-07-01,Phoenix,Trade_Imports,12,6.5205782015682,0.123815380441515,11,1,0.078048933633328,1932,23
84,7,2011-07-01,Tsinghua,Trade_Total,3,2.09399432917781,0.108388501781906,3,0,0.0119176571185065,924,11
84,7,2011-07-01,Tsinghua,Trade_Total,6,3.2092026160708,0.0766886372372328,3,0,0.0193543548582038,924,11
84,7,2011-07-01,Tsinghua,Trade_Total,12,7.11586310318943,0.0490713024561245,11,4,0.0551809856545988,924,11
84,7,2011-07-01,Tsinghua,Trade_Exports,3,1.92841220956372,0.0613424344578692,2,0,0.00598189640824448,924,11
84,7,2011-07-01,Tsinghua,Trade_Exports,6,4.55210765634219,0.0330472486195575,6,1,0.030193151575979,924,11
84,7,2011-07-01,Tsinghua,Trade_Exports,12,6.69998036593378,0.0201161151967223,6,2,0.0566429190215423,924,11
84,7,2011-07-01,Tsinghua,Trade_Imports,3,2.20548233127006,0.0511709967964863,3,2,0.0367945041628838,924,11
84,7,2011-07-01,Tsinghua,Trade_Imports,6,3.56402626846032,0.0208723663329122,4,4,0.0719387752067186,924,11
84,7,2011-07-01,Tsinghua,Trade_Imports,12,6.14339466331651,0.0303295141868542,4,7,0.122443380912451,924,11
84,8,2012-07-01,GDELT,Trade_Total,3,1.15748064146211,0.249563190192443,1,0,0.00517823424497762,1941,24
84,8,2012-07-01,GDELT,Trade_Total,6,3.48647927402014,0.117193167830868,6,0,0.0129181242042762,1938,24
84,8,2012-07-01,GDELT,Trade_Total,12,5.2217846277462,0.0872293606453447,6,0,0.01863651561079,1932,23
84,8,2012-07-01,GDELT,Trade_Exports,3,1.7655703971205,0.206291293194951,3,1,0.0332236515348362,1941,24
84,8,2012-07-01,GDELT,Trade_Exports,6,3.48623791161367,0.112756310177654,6,3,0.0483470480095248,1938,24
84,8,2012-07-01,GDELT,Trade_Exports,12,5.72347822807543,0.0673501076461483,6,4,0.0614163816405129,1932,23
84,8,2012-07-01,GDELT,Trade_Imports,3,1.57087183277535,0.279390648574938,3,2,0.0549701678897536,1941,24
84,8,2012-07-01,GDELT,Trade_Imports,6,2.73157100918889,0.198825458061651,0,3,0.069751031940133,1938,24
84,8,2012-07-01,GDELT,Trade_Imports,12,4.50018610970031,0.160083366673449,0,4,0.0823751125474212,1932,23
84,8,2012-07-01,ICEWS,Trade_Total,3,1.86731582911482,0.121484155178245,3,0,0.00310651311826678,1941,24
84,8,2012-07-01,ICEWS,Trade_Total,6,3.59506501169791,0.0648411536977008,4,0,0.00764531875498537,1938,24
84,8,2012-07-01,ICEWS,Trade_Total,12,5.62306762033185,0.0424495789338732,4,0,0.0126290010047698,1932,23
84,8,2012-07-01,ICEWS,Trade_Exports,3,1.5675342065854,0.192898491612316,1,1,0.0219242849060739,1941,24
84,8,2012-07-01,ICEWS,Trade_Exports,6,3.12122321229941,0.117861149146226,6,1,0.0348846126448158,1938,24
84,8,2012-07-01,ICEWS,Trade_Exports,12,6.20701553691993,0.0718515122589484,12,3,0.0537504251435775,1932,23
84,8,2012-07-01,ICEWS,Trade_Imports,3,1.72155089901824,0.231812950657623,3,2,0.0344515742420891,1941,24
84,8,2012-07-01,ICEWS,Trade_Imports,6,2.97734765809801,0.144246351054376,4,4,0.0540043990964451,1938,24
84,8,2012-07-01,ICEWS,Trade_Imports,12,5.50730579207453,0.0980062296443068,12,4,0.0761155244943356,1932,23
84,8,2012-07-01,Phoenix,Trade_Total,3,1.05713673408094,0.316424479763557,1,0,0.00767019492644898,1941,24
84,8,2012-07-01,Phoenix,Trade_Total,6,3.43625154102567,0.135867079571784,6,0,0.0176254138054171,1938,24
84,8,2012-07-01,Phoenix,Trade_Total,12,5.281861223613,0.092441346686428,6,1,0.0247595760910118,1932,23
84,8,2012-07-01,Phoenix,Trade_Exports,3,0.952326573597076,0.428870054107709,0,3,0.0213562187653594,1941,24
84,8,2012-07-01,Phoenix,Trade_Exports,6,2.55627434899619,0.258964418220333,0,4,0.0354591847440963,1938,24
84,8,2012-07-01,Phoenix,Trade_Exports,12,5.04286038528449,0.174588170792694,0,5,0.05162158432566,1932,23
84,8,2012-07-01,Phoenix,Trade_Imports,3,0.993633535218065,0.524084805297614,0,1,0.0179308954559381,1941,24
84,8,2012-07-01,Phoenix,Trade_Imports,6,2.47041078404477,0.355208665231687,0,1,0.0266252837763097,1938,24
84,8,2012-07-01,Phoenix,Trade_Imports,12,6.29830974841648,0.198018611830562,11,2,0.0467774877449132,1932,23
84,8,2012-07-01,Tsinghua,Trade_Total,3,2.14550313759047,0.201835668395386,3,0,0.00590897513780424,924,11
84,8,2012-07-01,Tsinghua,Trade_Total,6,4.56379628026247,0.0572840977319224,6,1,0.0187165277715629,924,11
84,8,2012-07-01,Tsinghua,Trade_Total,12,6.71410589436627,0.0304835050433288,7,1,0.0340679499040403,924,11
84,8,2012-07-01,Tsinghua,Trade_Exports,3,1.42838953532913,0.305580718702765,2,0,0.00842777135007916,924,11
84,8,2012-07-01,Tsinghua,Trade_Exports,6,4.4185411163775,0.0465464803562159,6,2,0.038881072478813,924,11
84,8,2012-07-01,Tsinghua,Trade_Exports,12,6.42296733620397,0.0149804726378833,6,6,0.0648883206035985,924,11
84,8,2012-07-01,Tsinghua,Trade_Imports,3,2.34872818661665,0.0738438259594451,3,1,0.0219916728749986,924,11
84,8,2012-07-01,Tsinghua,Trade_Imports,6,3.50321954978734,0.0259360701707864,4,2,0.0425762536179629,924,11
84,8,2012-07-01,Tsinghua,Trade_Imports,12,4.91210965053934,0.00698651942033003,4,1,0.0565217867226777,924,11
84,9,2013-07-01,GDELT,Trade_Total,3,1.02866248220753,0.256694867651734,1,0,0.00531128376174345,1962,25
84,9,2013-07-01,GDELT,Trade_Total,6,3.44282502030898,0.120446756706796,6,0,0.013539906421766,1956,25
84,9,2013-07-01,GDELT,Trade_Total,12,5.89828392418307,0.0730026815275791,6,0,0.0236316093045961,1944,24
84,9,2013-07-01,GDELT,Trade_Exports,3,2.10670386705266,0.119978513916633,3,0,0.0180977025918443,1962,25
84,9,2013-07-01,GDELT,Trade_Exports,6,4.31133593871488,0.0368092603061706,6,1,0.0323752357717543,1956,25
84,9,2013-07-01,GDELT,Trade_Exports,12,7.29194716723663,0.003870176660909,8,2,0.0521194945490811,1944,24
84,9,2013-07-01,GDELT,Trade_Imports,3,1.63872453217312,0.266609282264852,3,2,0.038572108573905,1962,25
84,9,2013-07-01,GDELT,Trade_Imports,6,2.90511667856478,0.181652827916579,5,3,0.0518328937142835,1956,25
84,9,2013-07-01,GDELT,Trade_Imports,12,5.33742724000102,0.130925963952505,3,3,0.0693013606952759,1944,24
84,9,2013-07-01,ICEWS,Trade_Total,3,1.47389382032214,0.11998022907587,1,0,0.0035591879443461,1962,25
84,9,2013-07-01,ICEWS,Trade_Total,6,3.82865633763152,0.0513167867586356,6,0,0.00759292868208085,1956,25
84,9,2013-07-01,ICEWS,Trade_Total,12,6.09984385196057,0.0180755050820567,6,0,0.0132706610312388,1944,24
84,9,2013-07-01,ICEWS,Trade_Exports,3,1.69344699916014,0.18200811515096,3,1,0.0224911790811629,1962,25
84,9,2013-07-01,ICEWS,Trade_Exports,6,3.1951353263919,0.111612700924025,6,1,0.0373838782398607,1956,25
84,9,2013-07-01,ICEWS,Trade_Exports,12,5.74456486110135,0.07079788142756,12,3,0.0562388765568793,1944,24
84,9,2013-07-01,ICEWS,Trade_Imports,3,1.76643844597576,0.230103200587458,3,1,0.0251413422970605,1962,25
84,9,2013-07-01,ICEWS,Trade_Imports,6,2.78487775141104,0.158126831666665,3,1,0.0372853677802225,1956,25
84,9,2013-07-01,ICEWS,Trade_Imports,12,5.2803690621421,0.11306006938667,12,2,0.053349355412779,1944,24
84,9,2013-07-01,Phoenix,Trade_Total,3,1.37689920313299,0.134172500505518,1,0,0.00834694763257291,1962,25
84,9,2013-07-01,Phoenix,Trade_Total,6,3.93030916335021,0.0228899466812421,6,1,0.0210925343217504,1956,25
84,9,2013-07-01,Phoenix,Trade_Total,12,5.63859622507082,0.00203757415526812,6,1,0.0288191245953586,1944,24
84,9,2013-07-01,Phoenix,Trade_Exports,3,0.980644196033123,0.342424651935839,1,3,0.0191853875379292,1962,25
84,9,2013-07-01,Phoenix,Trade_Exports,6,2.76836946293803,0.186478568514901,1,3,0.0323874409304475,1956,25
84,9,2013-07-01,Phoenix,Trade_Exports,12,5.27303898117711,0.128682674303584,1,4,0.0463882226788999,1944,24
84,9,2013-07-01,Phoenix,Trade_Imports,3,1.20283697912961,0.46309613328642,0,1,0.0161082477155444,1962,25
84,9,2013-07-01,Phoenix,Trade_Imports,6,3.15749678795295,0.262939345198839,6,1,0.0308821553231721,1956,25
84,9,2013-07-01,Phoenix,Trade_Imports,12,5.75539145632175,0.178105426530448,0,1,0.0502373655550669,1944,24
84,9,2013-07-01,Tsinghua,Trade_Total,3,1.53099110459251,0.270213047805431,2,0,0.0137388701000501,924,11
84,9,2013-07-01,Tsinghua,Trade_Total,6,3.59747584420283,0.123122262945177,6,2,0.0273072920876291,924,11
84,9,2013-07-01,Tsinghua,Trade_Total,12,5.47694622788923,0.0798903318298453,7,3,0.0429875207256277,924,11
84,9,2013-07-01,Tsinghua,Trade_Exports,3,0.942683293266731,0.582000345979473,0,0,0.00931288904635288,924,11
84,9,2013-07-01,Tsinghua,Trade_Exports,6,4.44191564747615,0.127624924675548,6,3,0.0361293296515049,924,11
84,9,2013-07-01,Tsinghua,Trade_Exports,12,6.36051703740367,0.0747297454314138,6,5,0.0590812239391271,924,11
84,9,2013-07-01,Tsinghua,Trade_Imports,3,2.23570457317741,0.018370245718535,3,1,0.0278665733372313,924,11
84,9,2013-07-01,Tsinghua,Trade_Imports,6,3.16126700384641,0.0172999875651874,4,3,0.0451981039961723,924,11
84,9,2013-07-01,Tsinghua,Trade_Imports,12,4.62929173227206,0.0108448736795478,4,3,0.0592772709507828,924,11
84,10,2014-07-01,GDELT,Trade_Total,3,1.05157427308177,0.40419623685403,0,0,0.0163590446429893,1986,25
84,10,2014-07-01,GDELT,Trade_Total,6,2.12030130690798,0.308997466614508,0,0,0.0210326433286224,1980,25
84,10,2014-07-01,GDELT,Trade_Total,12,4.66100508464441,0.200160874382538,0,0,0.0306932376259888,1968,25
84,10,2014-07-01,GDELT,Trade_Exports,3,1.12716019597158,0.397971499472869,0,0,0.00853707972707347,1986,25
84,10,2014-07-01,GDELT,Trade_Exports,6,2.20936298154811,0.322040990176144,0,0,0.0116168355607167,1980,25
84,10,2014-07-01,GDELT,Trade_Exports,12,4.54191978992899,0.193093577042984,0,0,0.0182811476891273,1968,25
84,10,2014-07-01,GDELT,Trade_Imports,3,1.27583688090788,0.339790213901916,0,1,0.0453988525137894,1986,25
84,10,2014-07-01,GDELT,Trade_Imports,6,2.36643135307901,0.258485460855153,0,2,0.0566568732957868,1980,25
84,10,2014-07-01,GDELT,Trade_Imports,12,4.01737582768098,0.207553478092575,0,2,0.0691045442560408,1968,25
84,10,2014-07-01,ICEWS,Trade_Total,3,1.02203837300608,0.458175056238186,2,0,0.0038097942168413,1986,25
84,10,2014-07-01,ICEWS,Trade_Total,6,2.54183027386884,0.24764007011646,2,0,0.00695716774134013,1980,25
84,10,2014-07-01,ICEWS,Trade_Total,12,5.33047380954074,0.158934312212568,0,0,0.0121830762594995,1968,25
84,10,2014-07-01,ICEWS,Trade_Exports,3,1.70107096254586,0.0897095599473675,1,0,0.0100469046409261,1986,25
84,10,2014-07-01,ICEWS,Trade_Exports,6,3.06735769899534,0.0561395931202186,1,0,0.0159360113403462,1980,25
84,10,2014-07-01,ICEWS,Trade_Exports,12,6.3762427326712,0.0220507151944365,12,1,0.0292268226459496,1968,25
84,10,2014-07-01,ICEWS,Trade_Imports,3,1.42551898834761,0.281285394731404,0,0,0.0234660691432984,1986,25
84,10,2014-07-01,ICEWS,Trade_Imports,6,2.00982946935342,0.236832698530944,0,0,0.0275340488300752,1980,25
84,10,2014-07-01,ICEWS,Trade_Imports,12,4.59624213327039,0.166415995985792,0,0,0.040227515825591,1968,25
84,10,2014-07-01,Phoenix,Trade_Total,3,1.34547271242241,0.227411340811817,1,0,0.0065907934377237,1986,25
84,10,2014-07-01,Phoenix,Trade_Total,6,3.15443666084278,0.107051481755342,6,0,0.0112176297695083,1980,25
84,10,2014-07-01,Phoenix,Trade_Total,12,5.70959931790569,0.045749778916446,1,0,0.0190357601138686,1968,25
84,10,2014-07-01,Phoenix,Trade_Exports,3,0.802336695409272,0.412844456052214,0,2,0.0149360079351045,1986,25
84,10,2014-07-01,Phoenix,Trade_Exports,6,1.95243102580458,0.297828860116619,0,2,0.0200511165029143,1980,25
84,10,2014-07-01,Phoenix,Trade_Exports,12,3.76287125286695,0.223331492341866,1,2,0.0266170609219849,1968,25
84,10,2014-07-01,Phoenix,Trade_Imports,3,1.49066493314049,0.354419806326837,0,1,0.0190633400064312,1986,25
84,10,2014-07-01,Phoenix,Trade_Imports,6,2.72788390106837,0.253432730647532,0,1,0.0286397385632216,1980,25
84,10,2014-07-01,Phoenix,Trade_Imports,12,5.34473541382619,0.179625541488224,0,2,0.0449306693428366,1968,25
84,10,2014-07-01,Tsinghua,Trade_Total,3,1.82067166338381,0.197374569272644,3,0,0.0229304092846174,924,11
84,10,2014-07-01,Tsinghua,Trade_Total,6,2.56826337123069,0.144151095782409,2,0,0.0294706908690903,924,11
84,10,2014-07-01,Tsinghua,Trade_Total,12,5.68426689705706,0.0880800870036373,2,2,0.0567268466621592,924,11
84,10,2014-07-01,Tsinghua,Trade_Exports,3,0.908918240996848,0.577000645882588,0,0,0.0067562659943352,924,11
84,10,2014-07-01,Tsinghua,Trade_Exports,6,3.54622265557124,0.213196911140639,6,0,0.0186141852272572,924,11
84,10,2014-07-01,Tsinghua,Trade_Exports,12,6.85236186422501,0.0862581330590041,11,1,0.0514163012037788,924,11
84,10,2014-07-01,Tsinghua,Trade_Imports,3,2.07638257487208,0.0848160960176805,3,2,0.0487575790844469,924,11
84,10,2014-07-01,Tsinghua,Trade_Imports,6,3.05879025241918,0.0412058458810909,3,3,0.0685764699656729,924,11
84,10,2014-07-01,Tsinghua,Trade_Imports,12,3.9312599010163,0.0441126871970007,3,4,0.0789639442581096,924,11
84,11,2015-07-01,GDELT,Trade_Total,3,1.28408649554785,0.343976338247978,0,0,0.0129884297927396,2010,25
84,11,2015-07-01,GDELT,Trade_Total,6,3.08236397518439,0.211480022766508,4,0,0.01984371458103,2004,25
84,11,2015-07-01,GDELT,Trade_Total,12,6.42563832943925,0.120779040247275,11,0,0.0324777546904601,1992,25
84,11,2015-07-01,GDELT,Trade_Exports,3,1.38179063166953,0.180123097522172,2,0,0.0102433870651154,2010,25
84,11,2015-07-01,GDELT,Trade_Exports,6,2.7343176811343,0.1185577610967,2,0,0.0159437039148557,2004,25
84,11,2015-07-01,GDELT,Trade_Exports,12,5.91401094569461,0.0537671318595662,2,0,0.0249211547295052,1992,25
84,11,2015-07-01,GDELT,Trade_Imports,3,1.41766101737451,0.287828682052542,0,0,0.0410487998602636,2010,25
84,11,2015-07-01,GDELT,Trade_Imports,6,2.62418342766573,0.209599533917491,0,0,0.0532175024717493,2004,25
84,11,2015-07-01,GDELT,Trade_Imports,12,5.03314147998255,0.153502061867856,0,1,0.0739254539807726,1992,25
84,11,2015-07-01,ICEWS,Trade_Total,3,1.797841922541,0.117466150685527,2,0,0.00464793522627788,2010,25
84,11,2015-07-01,ICEWS,Trade_Total,6,2.60601353445473,0.0875427848189899,2,0,0.00584182084181674,2004,25
84,11,2015-07-01,ICEWS,Trade_Total,12,7.10629045793167,0.0419860997194668,9,0,0.0196166622396051,1992,25
84,11,2015-07-01,ICEWS,Trade_Exports,3,1.81386154302283,0.119215532795547,3,0,0.0143493787969771,2010,25
84,11,2015-07-01,ICEWS,Trade_Exports,6,2.91221907451882,0.0826515440356999,1,0,0.0207021059352688,2004,25
84,11,2015-07-01,ICEWS,Trade_Exports,12,5.75717918810209,0.0403317923456735,1,2,0.0364248386647526,1992,25
84,11,2015-07-01,ICEWS,Trade_Imports,3,1.726785265963,0.192115463240133,2,0,0.0224905699256184,2010,25
84,11,2015-07-01,ICEWS,Trade_Imports,6,2.52367714009398,0.145014781023379,2,0,0.0287675649209376,2004,25
84,11,2015-07-01,ICEWS,Trade_Imports,12,5.66551250048133,0.0884153881419819,2,0,0.0523286142723806,1992,25
84,11,2015-07-01,Phoenix,Trade_Total,3,1.64329977988071,0.187361445715548,3,0,0.00771573632283007,2010,25
84,11,2015-07-01,Phoenix,Trade_Total,6,3.25609155479488,0.075121463593955,6,0,0.0133831853632152,2004,25
84,11,2015-07-01,Phoenix,Trade_Total,12,5.44613530750135,0.0392883624005772,6,0,0.0203879888298495,1992,25
84,11,2015-07-01,Phoenix,Trade_Exports,3,0.965965914361739,0.357124062038674,1,2,0.016674219084663,2010,25
84,11,2015-07-01,Phoenix,Trade_Exports,6,2.27444254681897,0.249937279087453,1,2,0.0220981974238353,2004,25
84,11,2015-07-01,Phoenix,Trade_Exports,12,4.63291565040746,0.170958596071519,1,2,0.032000433830552,1992,25
84,11,2015-07-01,Phoenix,Trade_Imports,3,1.9084155283274,0.184886934503966,3,2,0.0229718246091988,2010,25
84,11,2015-07-01,Phoenix,Trade_Imports,6,3.07901393313584,0.135131706402877,4,3,0.0361998729864953,2004,25
84,11,2015-07-01,Phoenix,Trade_Imports,12,4.4536965768329,0.11813309328676,4,4,0.0449416142712061,1992,25
84,11,2015-07-01,Tsinghua,Trade_Total,3,1.72773527114716,0.225360035365248,2,0,0.0154153128662621,924,11
84,11,2015-07-01,Tsinghua,Trade_Total,6,2.53268065829615,0.164598400073982,2,1,0.0200170401306132,924,11
84,11,2015-07-01,Tsinghua,Trade_Total,12,6.5696021181107,0.0799954713728165,9,4,0.0479181795595335,924,11
84,11,2015-07-01,Tsinghua,Trade_Exports,3,1.53706470847338,0.259193643050666,3,0,0.00784115117134944,924,11
84,11,2015-07-01,Tsinghua,Trade_Exports,6,4.04421688846273,0.1122810101186,6,1,0.0209338845309925,924,11
84,11,2015-07-01,Tsinghua,Trade_Exports,12,6.69265840938281,0.057464283283847,11,4,0.0477218371706509,924,11
84,11,2015-07-01,Tsinghua,Trade_Imports,3,2.26923838025942,0.0106889660904468,3,2,0.0347066003034519,924,11
84,11,2015-07-01,Tsinghua,Trade_Imports,6,3.56051931776533,0.0230630971788408,4,3,0.0577542759128159,924,11
84,11,2015-07-01,Tsinghua,Trade_Imports,12,5.44093914446748,0.00897946955926632,4,4,0.0777066118790436,924,11
84,12,2016-07-01,GDELT,Trade_Total,3,1.89040233425537,0.221492136980182,3,0,0.0148015103095544,2034,25
84,12,2016-07-01,GDELT,Trade_Total,6,4.59725330772294,0.075391833183139,6,1,0.0288673499454043,2028,25
84,12,2016-07-01,GDELT,Trade_Total,12,7.23654848384759,0.0195630158142063,6,1,0.0436353719060326,2016,25
84,12,2016-07-01,GDELT,Trade_Exports,3,2.13679487692592,0.0579303367476496,3,0,0.012493428664287,2034,25
84,12,2016-07-01,GDELT,Trade_Exports,6,4.09463402726563,0.0068369542252221,6,1,0.0334490351906403,2028,25
84,12,2016-07-01,GDELT,Trade_Exports,12,6.30936405465315,0.0399877582583456,6,0,0.0547809565056092,2016,25
84,12,2016-07-01,GDELT,Trade_Imports,3,1.5969874325824,0.252631624274613,3,0,0.0378408458545518,2034,25
84,12,2016-07-01,GDELT,Trade_Imports,6,3.38782372558251,0.153310425210308,6,1,0.0548121126406841,2028,25
84,12,2016-07-01,GDELT,Trade_Imports,12,5.28644472744994,0.105433589395723,6,2,0.0713716683618518,2016,25
84,12,2016-07-01,ICEWS,Trade_Total,3,1.29267578786044,0.498547801998182,0,0,0.00577510741947658,2034,25
84,12,2016-07-01,ICEWS,Trade_Total,6,3.6778664956925,0.231592625797281,6,1,0.0138660698957356,2028,25
84,12,2016-07-01,ICEWS,Trade_Total,12,6.48431690503348,0.11781020548132,6,1,0.0263739936680352,2016,25
84,12,2016-07-01,ICEWS,Trade_Exports,3,1.68607067205165,0.191127660318298,3,0,0.0141451068915275,2034,25
84,12,2016-07-01,ICEWS,Trade_Exports,6,2.82265181790278,0.142772639385664,3,0,0.0206999168187153,2028,25
84,12,2016-07-01,ICEWS,Trade_Exports,12,5.16091578854436,0.0852047545476879,7,0,0.0358100167983032,2016,25
84,12,2016-07-01,ICEWS,Trade_Imports,3,1.6116704910143,0.204120689215423,3,0,0.0101756268629493,2034,25
84,12,2016-07-01,ICEWS,Trade_Imports,6,3.54743297129032,0.127175560062979,6,1,0.0197845058538701,2028,25
84,12,2016-07-01,ICEWS,Trade_Imports,12,6.50789870817367,0.0645173540544871,6,1,0.0349416124935938,2016,25
84,12,2016-07-01,Phoenix,Trade_Total,3,1.0919492187782,0.424838788528123,0,0,0.00788067704179439,2034,25
84,12,2016-07-01,Phoenix,Trade_Total,6,2.5911419415578,0.245679942321757,0,0,0.012306085122379,2028,25
84,12,2016-07-01,Phoenix,Trade_Total,12,6.90517365379089,0.117559482022308,10,2,0.0270923912191368,2016,25
84,12,2016-07-01,Phoenix,Trade_Exports,3,0.725708767490577,0.405396984437328,1,1,0.0109273114828107,2034,25
84,12,2016-07-01,Phoenix,Trade_Exports,6,2.01962256171137,0.269837571414563,1,1,0.0150484186063421,2028,25
84,12,2016-07-01,Phoenix,Trade_Exports,12,5.51364874035946,0.145396991770039,1,1,0.0285035162957694,2016,25
84,12,2016-07-01,Phoenix,Trade_Imports,3,1.98540019230169,0.219211901943769,3,0,0.00900854782638771,2034,25
84,12,2016-07-01,Phoenix,Trade_Imports,6,3.5131831567956,0.0955514945135563,4,0,0.0177012030657441,2028,25
84,12,2016-07-01,Phoenix,Trade_Imports,12,7.08259926781206,0.0529434870693381,10,0,0.0372074641057551,2016,25
84,12,2016-07-01,Tsinghua,Trade_Total,3,1.62397444554431,0.234931566947083,2,1,0.00981847631477938,924,11
84,12,2016-07-01,Tsinghua,Trade_Total,6,2.29906592917326,0.172291579153348,2,2,0.0124923535108033,924,11
84,12,2016-07-01,Tsinghua,Trade_Total,12,7.49502611288987,0.0564017133179973,11,2,0.0399410604116332,924,11
84,12,2016-07-01,Tsinghua,Trade_Exports,3,1.86944463654102,0.0276128310577463,1,2,0.0172647513104627,924,11
84,12,2016-07-01,Tsinghua,Trade_Exports,6,3.31439624098273,0.0352275885569297,1,3,0.0268704788059073,924,11
84,12,2016-07-01,Tsinghua,Trade_Exports,12,6.51205169445215,0.0202978558415247,11,6,0.0565659363590627,924,11
84,12,2016-07-01,Tsinghua,Trade_Imports,3,2.20801323522206,0.020143207051987,3,2,0.0393069834618971,924,11
84,12,2016-07-01,Tsinghua,Trade_Imports,6,3.29903476672708,0.0475964582649499,3,4,0.0589017217962705,924,11
84,12,2016-07-01,Tsinghua,Trade_Imports,12,5.08438489509397,0.0399162451637998,3,3,0.0759074192497148,924,11
84,13,2017-07-01,GDELT,Trade_Total,3,1.44671028910857,0.381547357998872,0,0,0.0142092839134689,2058,25
84,13,2017-07-01,GDELT,Trade_Total,6,3.89262807633678,0.200470652625702,6,0,0.0241141505333174,2052,25
84,13,2017-07-01,GDELT,Trade_Total,12,6.93157784602408,0.0927979999195605,10,1,0.0394802145378967,2040,25
84,13,2017-07-01,GDELT,Trade_Exports,3,1.49036042953852,0.309877300222282,3,0,0.0142634092967936,2058,25
84,13,2017-07-01,GDELT,Trade_Exports,6,3.64266941331159,0.12280674403322,6,0,0.0305111664427498,2052,25
84,13,2017-07-01,GDELT,Trade_Exports,12,6.18224956866078,0.0474973599574632,6,0,0.0458642820655198,2040,25
84,13,2017-07-01,GDELT,Trade_Imports,3,1.44181042455885,0.31813931585669,0,0,0.0360647998388005,2058,25
84,13,2017-07-01,GDELT,Trade_Imports,6,2.72701043815078,0.242723189371102,0,0,0.0454399581228095,2052,25
84,13,2017-07-01,GDELT,Trade_Imports,12,5.33703165804376,0.154845409060978,10,0,0.0658961169056913,2040,25
84,13,2017-07-01,ICEWS,Trade_Total,3,2.26840877582019,0.0365818619855751,3,0,0.00801639895032303,2058,25
84,13,2017-07-01,ICEWS,Trade_Total,6,3.43198819510267,0.0411813346147494,5,0,0.012187061765965,2052,25
84,13,2017-07-01,ICEWS,Trade_Total,12,6.74748455556458,0.0275823986948074,10,0,0.0250465439947707,2040,25
84,13,2017-07-01,ICEWS,Trade_Exports,3,1.66039119047304,0.186716036472923,3,0,0.0157149793762582,2058,25
84,13,2017-07-01,ICEWS,Trade_Exports,6,2.43574589452924,0.148269981954704,1,1,0.0196373149231026,2052,25
84,13,2017-07-01,ICEWS,Trade_Exports,12,6.00543881530465,0.074745990737485,10,1,0.0379964502521392,2040,25
84,13,2017-07-01,ICEWS,Trade_Imports,3,1.45252420809582,0.165359916722611,1,0,0.00428881687813093,2058,25
84,13,2017-07-01,ICEWS,Trade_Imports,6,3.95818601327312,0.0156458437471756,5,0,0.0138987722281225,2052,25
84,13,2017-07-01,ICEWS,Trade_Imports,12,6.47607718296564,0.00887258728791,7,1,0.0290152767166612,2040,25
84,13,2017-07-01,Phoenix,Trade_Total,3,1.32858005983974,0.349715594480926,0,0,0.00941941896467713,1758,25
84,13,2017-07-01,Phoenix,Trade_Total,6,2.15026551252267,0.249819321852592,0,1,0.0125040405636385,1752,25
84,13,2017-07-01,Phoenix,Trade_Total,12,6.58842413939095,0.116270291243996,12,1,0.0281506177447484,1740,25
84,13,2017-07-01,Phoenix,Trade_Exports,3,0.996033799294784,0.259522768261502,1,1,0.0115322182940011,1758,25
84,13,2017-07-01,Phoenix,Trade_Exports,6,1.99543224399223,0.175629432790555,1,1,0.0156055376048654,1752,25
84,13,2017-07-01,Phoenix,Trade_Exports,12,5.38592119525908,0.0959924671462554,1,1,0.0286134217379025,1740,25
84,13,2017-07-01,Phoenix,Trade_Imports,3,1.76756010720286,0.342748758681242,3,0,0.011368706551058,1758,25
84,13,2017-07-01,Phoenix,Trade_Imports,6,3.02286703710991,0.190176336057319,4,0,0.0198932660955224,1752,25
84,13,2017-07-01,Phoenix,Trade_Imports,12,6.5937329737556,0.0976217121183446,10,0,0.0416530416340924,1740,25
84,13,2017-07-01,Tsinghua,Trade_Total,3,1.51388789441107,0.142825173358341,1,0,0.00899105736934813,924,11
84,13,2017-07-01,Tsinghua,Trade_Total,6,1.85696797333996,0.123674251666067,1,0,0.0101237913454936,924,11
84,13,2017-07-01,Tsinghua,Trade_Total,12,7.14936812569853,0.0445293543313146,11,0,0.0295997748541107,924,11
84,13,2017-07-01,Tsinghua,Trade_Exports,3,1.71357185864557,0.0900019107262523,1,2,0.0226129132601735,924,11
84,13,2017-07-01,Tsinghua,Trade_Exports,6,3.09209262769558,0.0325478556868394,1,3,0.0330461152832273,924,11
84,13,2017-07-01,Tsinghua,Trade_Exports,12,5.68944345725965,0.0196815661873094,1,1,0.0557163989465165,924,11
84,13,2017-07-01,Tsinghua,Trade_Imports,3,1.7053076003165,0.22372356326192,2,1,0.0266303199288704,924,11
84,13,2017-07-01,Tsinghua,Trade_Imports,6,3.15129418119673,0.184227833741028,4,2,0.0445590016491933,924,11
84,13,2017-07-01,Tsinghua,Trade_Imports,12,4.85982726650349,0.139452359762193,4,2,0.0602494974416091,924,11
84,14,2018-07-01,GDELT,Trade_Total,3,2.07792043532869,0.223415593132576,3,0,0.00637915703723191,2082,25
84,14,2018-07-01,GDELT,Trade_Total,6,4.49339667329969,0.0529059679053291,6,0,0.0146489447828693,2076,25
84,14,2018-07-01,GDELT,Trade_Total,12,7.72854139028072,0.0246885509895938,10,0,0.0397155746957279,2064,25
84,14,2018-07-01,GDELT,Trade_Exports,3,2.14175980901213,0.188593903730867,3,0,0.0146703732599295,2082,25
84,14,2018-07-01,GDELT,Trade_Exports,6,4.16784646366834,0.0248312868143953,6,0,0.0382990148066242,2076,25
84,14,2018-07-01,GDELT,Trade_Exports,12,5.9142146329061,0.0176438753994753,6,0,0.0526726375329574,2064,25
84,14,2018-07-01,GDELT,Trade_Imports,3,1.04736557594321,0.344416018437289,2,0,0.00570734081263734,2082,25
84,14,2018-07-01,GDELT,Trade_Imports,6,3.02700158307486,0.149998756039261,5,0,0.0192689224544135,2076,25
84,14,2018-07-01,GDELT,Trade_Imports,12,8.07204245049232,0.0255673813049271,10,0,0.059021417643006,2064,25
84,14,2018-07-01,ICEWS,Trade_Total,3,1.43690058387931,0.396202055131974,0,0,0.00992227875341075,2082,25
84,14,2018-07-01,ICEWS,Trade_Total,6,3.17258439908367,0.219926988740292,0,0,0.017562066870353,2076,25
84,14,2018-07-01,ICEWS,Trade_Total,12,6.23698957277077,0.114081782650378,10,0,0.0322479746760504,2064,25
84,14,2018-07-01,ICEWS,Trade_Exports,3,0.651520622377114,0.65004309097838,0,1,0.0115341431521813,2082,25
84,14,2018-07-01,ICEWS,Trade_Exports,6,2.69382893000891,0.363581160712012,0,1,0.0193073256298953,2076,25
84,14,2018-07-01,ICEWS,Trade_Exports,12,6.22147271022945,0.171588235167091,0,1,0.0395765716641988,2064,25
84,14,2018-07-01,ICEWS,Trade_Imports,3,2.12549781548041,0.210182592570324,3,0,0.00676773675003422,2082,25
84,14,2018-07-01,ICEWS,Trade_Imports,6,3.41352557163068,0.116249421062826,5,0,0.0159639345563617,2076,25
84,14,2018-07-01,ICEWS,Trade_Imports,12,6.13618741928645,0.0618544056039062,10,0,0.0286966008200386,2064,25
84,14,2018-07-01,Phoenix,Trade_Total,3,1.21288004964441,0.367042241511971,0,0,0.0116696902290252,1482,25
84,14,2018-07-01,Phoenix,Trade_Total,6,1.98279762186823,0.267891644777802,1,1,0.0153780659750694,1476,25
84,14,2018-07-01,Phoenix,Trade_Total,12,6.47034303198673,0.126790064341088,10,2,0.033979772356754,1464,25
84,14,2018-07-01,Phoenix,Trade_Exports,3,1.15664585140025,0.215839638603847,1,1,0.0132342885684072,1482,25
84,14,2018-07-01,Phoenix,Trade_Exports,6,2.02282141348949,0.150507132926232,1,1,0.0169038132708406,1476,25
84,14,2018-07-01,Phoenix,Trade_Exports,12,5.79260548182697,0.0764615096558393,1,1,0.0330929629020055,1464,25
84,14,2018-07-01,Phoenix,Trade_Imports,3,1.29515731394032,0.493562603437366,0,0,0.0140870867121805,1482,25
84,14,2018-07-01,Phoenix,Trade_Imports,6,2.42100794802019,0.314603360263452,4,1,0.0220175642561858,1476,25
84,14,2018-07-01,Phoenix,Trade_Imports,12,6.14549656496064,0.166160093495375,10,1,0.0438249514387673,1464,25
84,14,2018-07-01,Tsinghua,Trade_Total,3,1.30643130992009,0.287945249731319,1,3,0.0201599556959071,924,11
84,14,2018-07-01,Tsinghua,Trade_Total,6,1.85714842607213,0.237889240162461,1,3,0.0223885201718549,924,11
84,14,2018-07-01,Tsinghua,Trade_Total,12,3.7811986543648,0.182756250027558,1,3,0.0297806554602816,924,11
84,14,2018-07-01,Tsinghua,Trade_Exports,3,1.55736412548301,0.14637880733125,1,2,0.0259128467001456,924,11
84,14,2018-07-01,Tsinghua,Trade_Exports,6,2.47779641244787,0.0896071643795876,1,2,0.0316500384133732,924,11
84,14,2018-07-01,Tsinghua,Trade_Exports,12,5.04336720374327,0.0627393148671513,1,2,0.0506710214917858,924,11
84,14,2018-07-01,Tsinghua,Trade_Imports,3,0.579239163472199,0.629305497575655,0,1,0.0177795035603416,924,11
84,14,2018-07-01,Tsinghua,Trade_Imports,6,1.50098075559795,0.474130445262517,0,1,0.02480110648694,924,11
84,14,2018-07-01,Tsinghua,Trade_Imports,12,5.48723766652279,0.227568356665841,0,2,0.0510037425478733,924,11
84,15,2019-07-01,GDELT,Trade_Total,3,1.16888877832315,0.55536326318559,0,0,0.010939685614864,2097,25
84,15,2019-07-01,GDELT,Trade_Total,6,3.22641261297841,0.30041377520377,6,0,0.0192536349458647,2094,25
84,15,2019-07-01,GDELT,Trade_Total,12,7.11499432897536,0.134679377437883,10,0,0.0353832221593687,2088,25
84,15,2019-07-01,GDELT,Trade_Exports,3,1.58896928181158,0.441770775911731,3,1,0.0227485566733424,2097,25
84,15,2019-07-01,GDELT,Trade_Exports,6,3.5087423333515,0.235850320543098,6,1,0.0378764574113307,2094,25
84,15,2019-07-01,GDELT,Trade_Exports,12,6.08044811864736,0.137812233395689,6,1,0.0558504406028937,2088,25
84,15,2019-07-01,GDELT,Trade_Imports,3,1.23204926818203,0.417882366717748,0,0,0.0108492183240371,2097,25
84,15,2019-07-01,GDELT,Trade_Imports,6,2.39374667347656,0.286668395019164,0,0,0.0179057575528261,2094,25
84,15,2019-07-01,GDELT,Trade_Imports,12,7.10103017347417,0.0819866310332063,10,1,0.0531276552787612,2088,25
84,15,2019-07-01,ICEWS,Trade_Total,3,1.78189853937314,0.14683111142914,3,0,0.0101892815993319,2097,25
84,15,2019-07-01,ICEWS,Trade_Total,6,3.25448432922443,0.0764797799772476,3,0,0.0165822104037731,2094,25
84,15,2019-07-01,ICEWS,Trade_Total,12,6.51259513761413,0.0269577386793912,10,2,0.0375694355757451,2088,25
84,15,2019-07-01,ICEWS,Trade_Exports,3,0.855827577727664,0.584081674885273,0,1,0.0101421461118575,2097,25
84,15,2019-07-01,ICEWS,Trade_Exports,6,3.35309734128792,0.260740150432608,6,0,0.0196503479610139,2094,25
84,15,2019-07-01,ICEWS,Trade_Exports,12,6.11505044183835,0.128762866585268,10,1,0.0371475003941026,2088,25
84,15,2019-07-01,ICEWS,Trade_Imports,3,1.85925167709181,0.106835747235297,3,0,0.0151519665719033,2097,25
84,15,2019-07-01,ICEWS,Trade_Imports,6,3.13611181536589,0.0544069829408838,4,0,0.0223825532843793,2094,25
84,15,2019-07-01,ICEWS,Trade_Imports,12,6.20096211888048,0.029505717989253,10,1,0.0516579902558876,2088,25
84,15,2019-07-01,Phoenix,Trade_Total,3,0.965721058893674,0.495881547880993,0,0,0.0132866707503706,1197,25
84,15,2019-07-01,Phoenix,Trade_Total,6,1.57607381653046,0.396310407939946,0,0,0.0162571892461591,1194,25
84,15,2019-07-01,Phoenix,Trade_Total,12,4.91570109692037,0.253105973844203,0,0,0.0261834008411186,1188,25
84,15,2019-07-01,Phoenix,Trade_Exports,3,0.813181083168304,0.358151396965731,1,0,0.0122100112948621,1197,25
84,15,2019-07-01,Phoenix,Trade_Exports,6,1.89783024664535,0.262592615023674,1,0,0.0154500337628508,1194,25
84,15,2019-07-01,Phoenix,Trade_Exports,12,6.46765096350847,0.109742839107934,1,0,0.0336923596689574,1188,25
84,15,2019-07-01,Phoenix,Trade_Imports,3,1.28615120657392,0.491880377991757,0,0,0.0192745027740013,1197,25
84,15,2019-07-01,Phoenix,Trade_Imports,6,2.2613395414054,0.33888511743639,0,0,0.0281597121232306,1194,25
84,15,2019-07-01,Phoenix,Trade_Imports,12,4.94826734135144,0.226011111783994,0,0,0.0446261864623133,1188,25
84,15,2019-07-01,Tsinghua,Trade_Total,3,1.30989206950968,0.309363129113566,0,3,0.0229739111426927,924,11
84,15,2019-07-01,Tsinghua,Trade_Total,6,1.7018600392157,0.275438714429841,0,3,0.0245031218711831,924,11
84,15,2019-07-01,Tsinghua,Trade_Total,12,4.2861140149472,0.196419750835654,0,4,0.0345470636760617,924,11
84,15,2019-07-01,Tsinghua,Trade_Exports,3,1.52898211259998,0.192302802028874,1,3,0.0294378353579303,924,11
84,15,2019-07-01,Tsinghua,Trade_Exports,6,2.40611214065895,0.13401037733773,1,2,0.0346672566431156,924,11
84,15,2019-07-01,Tsinghua,Trade_Exports,12,4.29690204665001,0.103181721771685,1,2,0.0460973349254825,924,11
84,15,2019-07-01,Tsinghua,Trade_Imports,3,0.691526726680999,0.61043882866346,0,1,0.0180231668865061,924,11
84,15,2019-07-01,Tsinghua,Trade_Imports,6,1.60697125669511,0.456408708471077,0,1,0.0254668394761197,924,11
84,15,2019-07-01,Tsinghua,Trade_Imports,12,5.49343260742312,0.216192992206613,0,2,0.0539992315346703,924,11
84,16,2020-07-01,GDELT,Trade_Total,3,1.24845614460884,0.423057266040611,0,1,0.0243243967741654,2098,25
84,16,2020-07-01,GDELT,Trade_Total,6,2.89563761816771,0.293790470390494,0,1,0.03281622118343,2098,25
84,16,2020-07-01,GDELT,Trade_Total,12,5.89491446465953,0.182067703241152,10,1,0.0469433011554292,2098,25
84,16,2020-07-01,GDELT,Trade_Exports,3,1.53471410614386,0.375962483389719,0,2,0.0323670103202707,2098,25
84,16,2020-07-01,GDELT,Trade_Exports,6,3.27848045889682,0.248231046489605,6,1,0.0455719763919439,2098,25
84,16,2020-07-01,GDELT,Trade_Exports,12,6.08315666955138,0.149741931964751,0,1,0.0650735324271401,2098,25
84,16,2020-07-01,GDELT,Trade_Imports,3,0.926718314889004,0.424424539612597,0,0,0.027061503656965,2098,25
84,16,2020-07-01,GDELT,Trade_Imports,6,1.92451682785113,0.349999626785056,0,0,0.0317527617761982,2098,25
84,16,2020-07-01,GDELT,Trade_Imports,12,5.37994742740637,0.199138894194079,10,0,0.0521060064900381,2098,25
84,16,2020-07-01,ICEWS,Trade_Total,3,1.77170080985598,0.108224502389152,1,0,0.0187850864581253,2098,25
84,16,2020-07-01,ICEWS,Trade_Total,6,2.78854726618139,0.0674324336419903,1,1,0.0255566338996033,2098,25
84,16,2020-07-01,ICEWS,Trade_Total,12,5.71881109275315,0.0429553926921533,1,2,0.0473547952197766,2098,25
84,16,2020-07-01,ICEWS,Trade_Exports,3,1.42743997541654,0.285001159953247,1,0,0.0126700189721731,2098,25
84,16,2020-07-01,ICEWS,Trade_Exports,6,3.10579054088739,0.153492958242834,6,0,0.021566796152085,2098,25
84,16,2020-07-01,ICEWS,Trade_Exports,12,5.91659427581351,0.0719203033648497,8,0,0.041767011277973,2098,25
84,16,2020-07-01,ICEWS,Trade_Imports,3,1.56101372628945,0.225140584114732,3,0,0.0281428950142823,2098,25
84,16,2020-07-01,ICEWS,Trade_Imports,6,2.6313457848466,0.148334467801723,1,0,0.0362661987255364,2098,25
84,16,2020-07-01,ICEWS,Trade_Imports,12,5.42690006467281,0.0923188815725902,4,0,0.0632725113724531,2098,25
84,16,2020-07-01,Phoenix,Trade_Total,3,0.578070556040515,0.678410018205893,0,0,0.0143577241821767,900,25
84,16,2020-07-01,Phoenix,Trade_Total,6,1.43159456994964,0.548299497933641,0,0,0.0176823436931703,900,25
84,16,2020-07-01,Phoenix,Trade_Total,12,4.09549392931984,0.375314644622908,0,0,0.026701088612792,900,25
84,16,2020-07-01,Phoenix,Trade_Exports,3,0.724516121940734,0.532147549126517,0,0,0.0148670124424343,900,25
84,16,2020-07-01,Phoenix,Trade_Exports,6,2.23929286221766,0.36862135665121,0,0,0.0209068311450251,900,25
84,16,2020-07-01,Phoenix,Trade_Exports,12,5.7100188713483,0.202494070787923,0,0,0.036882628040834,900,25
84,16,2020-07-01,Phoenix,Trade_Imports,3,1.12887269916219,0.505742998641733,0,0,0.0209437773143327,900,25
84,16,2020-07-01,Phoenix,Trade_Imports,6,2.24269719163029,0.359438226779212,0,0,0.0298018568620904,900,25
84,16,2020-07-01,Phoenix,Trade_Imports,12,4.60708076450558,0.264664446992724,0,0,0.042305783524847,900,25
84,16,2020-07-01,Tsinghua,Trade_Total,3,1.3356982844548,0.253626570383969,1,3,0.0227813605425985,924,11
84,16,2020-07-01,Tsinghua,Trade_Total,6,1.92762605509334,0.206097886891749,1,3,0.0262034546646541,924,11
84,16,2020-07-01,Tsinghua,Trade_Total,12,5.03523893860285,0.139635194691523,1,3,0.0399969653001799,924,11
84,16,2020-07-01,Tsinghua,Trade_Exports,3,1.42648723848292,0.206418789618371,1,4,0.0384403622072896,924,11
84,16,2020-07-01,Tsinghua,Trade_Exports,6,2.05759347970979,0.157616316642211,1,4,0.0430710706979772,924,11
84,16,2020-07-01,Tsinghua,Trade_Exports,12,3.97229220569047,0.125428842951896,1,4,0.055364936944422,924,11
84,16,2020-07-01,Tsinghua,Trade_Imports,3,0.848191587627602,0.529696150160011,0,0,0.00895372113564674,924,11
84,16,2020-07-01,Tsinghua,Trade_Imports,6,2.36502212397287,0.340571661988535,0,0,0.0154932301912001,924,11
84,16,2020-07-01,Tsinghua,Trade_Imports,12,6.95737650592921,0.116030504929341,9,0,0.0467485866087754,924,11
84,17,2021-07-01,GDELT,Trade_Total,3,1.49890970813585,0.418371125110589,0,0,0.0227101774117362,2068,25
84,17,2021-07-01,GDELT,Trade_Total,6,3.33662190521861,0.261930766308267,6,0,0.0350726896793583,2068,25
84,17,2021-07-01,GDELT,Trade_Total,12,6.98482335349213,0.126769603371191,10,1,0.0602648704022273,2068,25
84,17,2021-07-01,GDELT,Trade_Exports,3,1.43014548765978,0.460778948376106,0,1,0.0241352269218978,2068,25
84,17,2021-07-01,GDELT,Trade_Exports,6,3.10857203712592,0.313339075972923,0,1,0.0350498428420018,2068,25
84,17,2021-07-01,GDELT,Trade_Exports,12,6.67386135531498,0.142876350345132,10,0,0.0654982999700612,2068,25
84,17,2021-07-01,GDELT,Trade_Imports,3,1.5668489151077,0.304953109326508,3,0,0.0355124636983874,2068,25
84,17,2021-07-01,GDELT,Trade_Imports,6,3.21099062488594,0.194618836375478,6,0,0.0527576307067945,2068,25
84,17,2021-07-01,GDELT,Trade_Imports,12,6.39823209743471,0.104784774542785,10,1,0.0814547692078832,2068,25
84,17,2021-07-01,ICEWS,Trade_Total,3,1.61265690907634,0.144704057950271,1,1,0.0304928494511371,2068,25
84,17,2021-07-01,ICEWS,Trade_Total,6,2.35646321738532,0.103547039734469,1,2,0.0356971363126906,2068,25
84,17,2021-07-01,ICEWS,Trade_Total,12,4.72543997710686,0.0743424791697551,1,3,0.0522103927206002,2068,25
84,17,2021-07-01,ICEWS,Trade_Exports,3,1.96430217942999,0.00844377751296065,1,0,0.0203051920697011,2068,25
84,17,2021-07-01,ICEWS,Trade_Exports,6,2.92743804464718,0.00157805664892517,1,1,0.0275449465928891,2068,25
84,17,2021-07-01,ICEWS,Trade_Exports,12,5.24572780415645,0.00418429612225857,1,2,0.043004399421953,2068,25
84,17,2021-07-01,ICEWS,Trade_Imports,3,1.4154349417357,0.216023950003524,1,0,0.0329427810121823,2068,25
84,17,2021-07-01,ICEWS,Trade_Imports,6,2.49679527915215,0.147148251572441,1,0,0.0407071580869827,2068,25
84,17,2021-07-01,ICEWS,Trade_Imports,12,4.69844364479762,0.1052393585426,1,0,0.0601734261468939,2068,25
84,17,2021-07-01,Phoenix,Trade_Total,3,0.670921041309078,0.550448459388529,0,0,0.025120267099149,600,25
84,17,2021-07-01,Phoenix,Trade_Total,6,2.03954101670996,0.385438075528598,0,0,0.0356964920705153,600,25
84,17,2021-07-01,Phoenix,Trade_Total,12,3.48966389726174,0.309167393181094,0,1,0.0438166993777162,600,25
84,17,2021-07-01,Phoenix,Trade_Exports,3,0.701345242078936,0.479472913595594,0,0,0.0246745794897485,600,25
84,17,2021-07-01,Phoenix,Trade_Exports,6,2.47927039024559,0.286272338119911,0,1,0.0410439508546662,600,25
84,17,2021-07-01,Phoenix,Trade_Exports,12,4.6546912363679,0.205322337956996,0,1,0.0553067417986405,600,25
84,17,2021-07-01,Phoenix,Trade_Imports,3,0.888921214406435,0.543368858980751,0,0,0.0308500530110416,600,25
84,17,2021-07-01,Phoenix,Trade_Imports,6,1.70000235911818,0.427529050054896,0,0,0.0393703813917009,600,25
84,17,2021-07-01,Phoenix,Trade_Imports,12,3.96899522900133,0.302506229841597,0,0,0.0541588052164418,600,25
84,17,2021-07-01,Tsinghua,Trade_Total,3,1.51554115569771,0.171166017625551,1,0,0.0172638313702592,915,11
84,17,2021-07-01,Tsinghua,Trade_Total,6,2.16151309030444,0.129045282346287,1,0,0.0204275664297867,915,11
84,17,2021-07-01,Tsinghua,Trade_Total,12,5.75487069245425,0.0733210521356898,1,0,0.0353632001484501,915,11
84,17,2021-07-01,Tsinghua,Trade_Exports,3,1.58782306235777,0.150961298374967,2,3,0.0392389619664613,915,11
84,17,2021-07-01,Tsinghua,Trade_Exports,6,2.57913862039309,0.0932360698626746,2,3,0.0481924298439068,915,11
84,17,2021-07-01,Tsinghua,Trade_Exports,12,4.82105007658485,0.0669508965771813,2,3,0.0648093582499617,915,11
84,17,2021-07-01,Tsinghua,Trade_Imports,3,1.69066656984125,0.252411753747028,2,0,0.00775293976145901,915,11
84,17,2021-07-01,Tsinghua,Trade_Imports,6,3.70928718725143,0.167576669148479,6,0,0.0201344918601876,915,11
84,17,2021-07-01,Tsinghua,Trade_Imports,12,6.17685044993731,0.0830965050650913,6,0,0.0391517906108216,915,11
84,18,2022-07-01,GDELT,Trade_Total,3,1.24996693312903,0.193612480337325,1,0,0.0106806756199234,1978,25
84,18,2022-07-01,GDELT,Trade_Total,6,3.48050093712294,0.0775079493286504,6,1,0.0272130080294956,1978,25
84,18,2022-07-01,GDELT,Trade_Total,12,7.25243505096005,0.00902424229179248,10,3,0.0579018639191879,1978,25
84,18,2022-07-01,GDELT,Trade_Exports,3,1.46715398278276,0.0399038456576583,1,0,0.0113642000150363,1978,25
84,18,2022-07-01,GDELT,Trade_Exports,6,2.95868570048364,0.0246493171055153,1,0,0.0198805864387495,1978,25
84,18,2022-07-01,GDELT,Trade_Exports,12,6.48317222164049,0.0178364021876926,10,1,0.0459756144462573,1978,25
84,18,2022-07-01,GDELT,Trade_Imports,3,1.14265225235592,0.520743676879694,0,0,0.0121797865637374,1978,25
84,18,2022-07-01,GDELT,Trade_Imports,6,4.12530674139548,0.191078465839084,6,1,0.03402693110848,1978,25
84,18,2022-07-01,GDELT,Trade_Imports,12,7.94075996748481,0.0544331634237849,10,3,0.0809283543983032,1978,25
84,18,2022-07-01,ICEWS,Trade_Total,3,1.70902703687899,0.129137175671132,1,2,0.0293423622092636,1978,25
84,18,2022-07-01,ICEWS,Trade_Total,6,2.69027544991041,0.0798872833736211,1,2,0.0353750302523121,1978,25
84,18,2022-07-01,ICEWS,Trade_Total,12,5.01897821382958,0.0575697106740967,1,4,0.0515572702502726,1978,25
84,18,2022-07-01,ICEWS,Trade_Exports,3,1.92692944208583,0.050007061437543,3,2,0.0251831644631077,1978,25
84,18,2022-07-01,ICEWS,Trade_Exports,6,2.77113180782985,0.0179313633516767,1,3,0.0301633582412185,1978,25
84,18,2022-07-01,ICEWS,Trade_Exports,12,5.72652483353524,0.0039944728346287,1,4,0.0447651440614789,1978,25
84,18,2022-07-01,ICEWS,Trade_Imports,3,1.6247461611481,0.169754673325948,1,0,0.0254328352094955,1978,25
84,18,2022-07-01,ICEWS,Trade_Imports,6,2.90401378961074,0.0974851092848298,1,0,0.0322439147008166,1978,25
84,18,2022-07-01,ICEWS,Trade_Imports,12,5.30207747788507,0.0689698838380854,10,1,0.0603721730784028,1978,25
84,18,2022-07-01,Phoenix,Trade_Total,3,1.51140940519624,0.277323122198061,2,0,0.0217554346611467,300,25
84,18,2022-07-01,Phoenix,Trade_Total,6,3.66596210028545,0.0990272669404452,6,0,0.0382652670418898,300,25
84,18,2022-07-01,Phoenix,Trade_Total,12,5.16781051323945,0.138245840329196,6,2,0.0781041062300424,300,25
84,18,2022-07-01,Phoenix,Trade_Exports,3,0.893378805115595,0.605468396905254,0,0,0.0264398894630927,300,25
84,18,2022-07-01,Phoenix,Trade_Exports,6,3.09081338267796,0.257745226465769,6,1,0.0517807250583047,300,25
84,18,2022-07-01,Phoenix,Trade_Exports,12,5.40408686389118,0.180181805134415,0,2,0.0997678709187264,300,25
84,18,2022-07-01,Phoenix,Trade_Imports,3,1.50987381173717,0.266491700449849,2,0,0.0222684638083199,300,25
84,18,2022-07-01,Phoenix,Trade_Imports,6,3.08045968200868,0.0889648321356356,2,0,0.036173168186697,300,25
84,18,2022-07-01,Phoenix,Trade_Imports,12,4.99529575650168,0.166217992120896,0,0,0.0860864013221654,300,25
84,18,2022-07-01,Tsinghua,Trade_Total,3,1.92773701625915,0.0317794912420923,1,0,0.00793768114711761,863,11
84,18,2022-07-01,Tsinghua,Trade_Total,6,3.50521864896066,0.0637017570614084,6,0,0.0198129421868205,863,11
84,18,2022-07-01,Tsinghua,Trade_Total,12,6.1061102633848,0.029687871027004,6,0,0.037630708929464,863,11
84,18,2022-07-01,Tsinghua,Trade_Exports,3,1.48125621420183,0.126064877433718,2,1,0.0189449920813467,863,11
84,18,2022-07-01,Tsinghua,Trade_Exports,6,2.54997255125651,0.10351838341208,2,1,0.0281146481175069,863,11
84,18,2022-07-01,Tsinghua,Trade_Exports,12,5.77350184877699,0.0524843508042155,2,2,0.0511598970127668,863,11
84,18,2022-07-01,Tsinghua,Trade_Imports,3,1.72967110755854,0.169008576172465,3,0,0.00946120366542876,863,11
84,18,2022-07-01,Tsinghua,Trade_Imports,6,4.65453403614064,0.00487329776169112,5,1,0.0168145559885602,863,11
84,18,2022-07-01,Tsinghua,Trade_Imports,12,6.23345819950359,0.00605040419756757,5,0,0.0312967748262875,863,11
