"country_en","country_cn","event_date","event_name","event_type_original","event_category","event_category_en","impact","visit_level","visit_direction","visitor","host","location","source"
"Australia","澳大利亚","2002-10","China-Australia LNG supply agreement signed","economic","经贸互利合作","Economic win-win cooperation","positive","","","","","","http://www.china.org.cn/english/2002/Oct/46174.htm"
"Australia","澳大利亚","2003-10","State visit to Australia","leader_visit","高层互访","High-level visit","neutral","state_head","china_to_partner","Chinese President Hu Jintao","Australian Prime Minister John Howard","Canberra","https://www.mfa.gov.cn/gjhdq_676201/gj_676203/dyz_681240/1206_681242/sbgx_681246/"
"Australia","澳大利亚","2003-10","Australia-China Trade and Economic Framework signed","economic","经贸互利合作","Economic win-win cooperation","positive","","","","","","https://english.mofcom.gov.cn/Policies/PolicyInterpretation/art/2015/art_ceaa6285302c4a3f8f8d84101eedea26.html"
"Australia","澳大利亚","2004-03","Australia-China Air Services Agreement signed","economic","经贸互利合作","Economic win-win cooperation","positive","","","","","","https://treaty.mfa.gov.cn/web/detail1.jsp?objid=1531876977155"
"Australia","澳大利亚","2005-04","Official visit to China","leader_visit","高层互访","High-level visit","neutral","government_head","partner_to_china","Australian Prime Minister John Howard","Chinese President Hu Jintao","Beijing","https://www.mfa.gov.cn/gjhdq_676201/gj_676203/dyz_681240/1206_681242/sbgx_681246/"
"Australia","澳大利亚","2005-05","FTA Talks Begin","economic","经贸互利合作","Economic win-win cooperation","positive","","","","","","https://www.smh.com.au/national/australia-china-fta-talks-slow-20070216-gdphhz.html"
"Australia","澳大利亚","2006-04","Official visit to Australia","leader_visit","高层互访","High-level visit","neutral","government_head","china_to_partner","Chinese Premier Wen Jiabao","Australian Prime Minister John Howard","Canberra","https://www.mfa.gov.cn/gjhdq_676201/gj_676203/dyz_681240/1206_681242/sbgx_681246/"
"Australia","澳大利亚","2006-04","Australia-China nuclear cooperation agreements signed","economic","经贸互利合作","Economic win-win cooperation","positive","","","","","","https://www.caea.gov.cn/english/n6759374/n6759376/c6793189/content.html"
"Australia","澳大利亚","2007-01","Australia-China Joint Coordination Group on Clean Coal Technology launched","economic","经贸互利合作","Economic win-win cooperation","positive","","","","","","https://www.oecd.org/content/dam/oecd/en/publications/reports/2009/04/cleaner-coal-in-china_g1gh9580/9789264048164-en.pdf"
"Australia","澳大利亚","2007-09","Bilateral meeting on sidelines of APEC summit","leader_visit","多边/第三方会晤","Multilateral / third-party meeting","neutral","state_head","third_party_meeting","Chinese President Hu Jintao","Australian Prime Minister John Howard","Sydney","https://www.mfa.gov.cn/gjhdq_676201/gj_676203/dyz_681240/1206_681242/sbgx_681246/"
"Australia","澳大利亚","2008-04","Rudd at PKU","leader_visit","高层互访","High-level visit","positive","government_head","third_party_meeting","","","","https://www.mfa.gov.cn/gjhdq_676201/gj_676203/dyz_681240/1206_681242/sbgx_681246/"
"Australia","澳大利亚","2009-07","Rio Tinto executive Stern Hu detained in Shanghai","diplomatic","人员扣押/司法争议","Detention / judicial dispute","negative","","","","","","https://www.chinadaily.com.cn/china/2009-08/12/content_8558313.htm"
"Australia","澳大利亚","2009-11","Bilateral meeting on sidelines of APEC summit","leader_visit","多边/第三方会晤","Multilateral / third-party meeting","neutral","state_head","third_party_meeting","Chinese President Hu Jintao","Australian Prime Minister Kevin Rudd","Singapore","https://www.mfa.gov.cn/gjhdq_676201/gj_676203/dyz_681240/1206_681242/sbgx_681246/"
"Australia","澳大利亚","2011-04","Official visit to China","leader_visit","高层互访","High-level visit","neutral","government_head","partner_to_china","Australian Prime Minister Julia Gillard","Chinese Premier Wen Jiabao","Beijing","https://china.embassy.gov.au/bjng/mrpm.html"
"Australia","澳大利亚","2012-09","Bilateral meeting on sidelines of APEC summit","leader_visit","多边/第三方会晤","Multilateral / third-party meeting","neutral","state_head","third_party_meeting","Chinese President Hu Jintao","Australian Prime Minister Julia Gillard","Vladivostok","https://www.apec.org/Meeting-Papers/Leaders-Declarations/2012/2012_aelm"
"Australia","澳大利亚","2013-04","Official visit to China","leader_visit","高层互访","High-level visit","neutral","government_head","partner_to_china","Australian Prime Minister Julia Gillard","Chinese President Xi Jinping","Beijing","https://www.mfa.gov.cn/gjhdq_676201/gj_676203/dyz_681240/1206_681242/sbgx_681246/"
"Australia","澳大利亚","2013-10","Bilateral meeting on sidelines of APEC summit","leader_visit","多边/第三方会晤","Multilateral / third-party meeting","neutral","state_head","third_party_meeting","Chinese President Xi Jinping","Australian Prime Minister Tony Abbott","Bali","https://www.mfa.gov.cn/gjhdq_676201/gj_676203/dyz_681240/1206_681242/sbgx_681246/"
"Australia","澳大利亚","2014-11","State visit to Australia","leader_visit","高层互访","High-level visit","neutral","state_head","china_to_partner","Chinese President Xi Jinping","Australian Prime Minister Tony Abbott","Canberra","https://www.mfa.gov.cn/gjhdq_676201/gj_676203/dyz_681240/1206_681242/sbgx_681246/"
"Australia","澳大利亚","2015-06","China-Australia FTA","economic","经贸互利合作","Economic win-win cooperation","positive","","","","","","https://china.embassy.gov.au/bjng/150617FTA.html"
"Australia","澳大利亚","2015-12","ChAFTA enters into force","economic","经贸互利合作","Economic win-win cooperation","positive","","","","","","https://china.embassy.gov.au/bjng/150617FTA.html"
"Australia","澳大利亚","2016-04","Official visit to China","leader_visit","高层互访","High-level visit","neutral","government_head","partner_to_china","Australian Prime Minister Malcolm Turnbull","Chinese Premier Li Keqiang","Beijing","https://www.chinadaily.com.cn/china/2016-04/15/content_24554958.htm"
"Australia","澳大利亚","2017-03","Official visit to Australia","leader_visit","高层互访","High-level visit","neutral","government_head","china_to_partner","Chinese Premier Li Keqiang","Australian Prime Minister Malcolm Turnbull","Canberra","https://www.mfa.gov.cn/gjhdq_676201/gj_676203/dyz_681240/1206_681242/sbgx_681246/"
"Australia","澳大利亚","2017-12","Foreign Interference Laws","diplomatic","政策转向/国内政治","Policy shift / domestic politics","negative","","","","","","https://apnews.com/international-general-news-2417bc241eae40a9b9715ba68c51dd54"
"Australia","澳大利亚","2018-08","Australia bans Huawei from 5G","policy","科技管制/出口限制","Tech control / export restriction","negative","","","","","","https://apnews.com/general-news-1419a86b429248a08ac6aece6d7684f0"
"Australia","澳大利亚","2018-11","Bilateral meeting on sidelines of APEC summit","leader_visit","多边/第三方会晤","Multilateral / third-party meeting","neutral","state_head","third_party_meeting","Chinese President Xi Jinping","Australian Prime Minister Scott Morrison","Port Moresby","https://www.mfa.gov.cn/gjhdq_676201/gj_676203/dyz_681240/1206_681242/sbgx_681246/"
"Australia","澳大利亚","2020-04","Australia calls for COVID inquiry","policy","外交抗议/摩擦","Diplomatic protest / friction","negative","","","","","","https://apnews.com/article/australia-china-prison-play-cheng-lei-97af789380e58d775ee4fddee46898cb"
"Australia","澳大利亚","2020-05","China imposes barley tariffs","economic","经贸制裁/关税壁垒","Economic sanction / tariff barrier","negative","","","","","","https://apnews.com/article/australia-barley-trade-china-60238c375957b513e6eecf7b588a289c"
"Australia","澳大利亚","2021-09","AUKUS security pact announced","military","安全威胁","Security threat","negative","","","","","","https://apnews.com/article/business-france-paris-australia-antony-blinken-e319211528c416f6f4418089abbd73dc"
"Australia","澳大利亚","2022-11","Bilateral meeting on sidelines of G20 summit","leader_visit","多边/第三方会晤","Multilateral / third-party meeting","neutral","state_head","third_party_meeting","Chinese President Xi Jinping","Australian Prime Minister Anthony Albanese","Bali","https://www.mfa.gov.cn/gjhdq_676201/gj_676203/dyz_681240/1206_681242/sbgx_681246/"
"Australia","澳大利亚","2023-08","China lifts barley tariffs","economic","经贸互利合作","Economic win-win cooperation","positive","","","","","","https://www.cnbc.com/2023/08/04/china-lifts-anti-dumping-tariffs-on-australian-barley-after-three-years.html"
"Australia","澳大利亚","2023-11","Bilateral meeting on sidelines of APEC summit","leader_visit","多边/第三方会晤","Multilateral / third-party meeting","neutral","state_head","third_party_meeting","Chinese President Xi Jinping","Australian Prime Minister Anthony Albanese","San Francisco","https://www.mfa.gov.cn/gjhdq_676201/gj_676203/dyz_681240/1206_681242/sbgx_681246/"
"Australia","澳大利亚","2024-03","China lifts wine tariffs","economic","经贸互利合作","Economic win-win cooperation","positive","","","","","","https://apnews.com/article/australia-wine-china-tariffs-penalties-ac155e732d4b882dce4f1663a01ae4c4"
"Australia","澳大利亚","2024-06","Official visit to Australia","leader_visit","高层互访","High-level visit","neutral","government_head","china_to_partner","Chinese Premier Li Qiang","Australian Prime Minister Anthony Albanese","Canberra","https://www.mfa.gov.cn/gjhdq_676201/gj_676203/dyz_681240/1206_681242/sbgx_681246/"
"Australia","澳大利亚","2024-11","Xi-Albanese bilateral meeting on sidelines of G20 summit","leader_visit","多边/第三方会晤","Multilateral / third-party meeting","neutral","state_head","third_party_meeting","","","","https://www.mfa.gov.cn/gjhdq_676201/gj_676203/dyz_681240/1206_681242/sbgx_681246/"
"Australia","澳大利亚","2025-07","Albanese official visit to China","leader_visit","高层互访","High-level visit","neutral","government_head","partner_to_china","","","","https://www.mfa.gov.cn/gjhdq_676201/gj_676203/dyz_681240/1206_681242/sbgx_681246/"
"Belgium","比利时","2002-03","Prime Minister Verhofstadt visits China","leader_visit","高层互访","High-level visit","neutral","government_head","partner_to_china","Guy Verhofstadt","Chinese Premier Zhu Rongji","Beijing","https://www.fmprc.gov.cn/eng/gjhdq_665435/3265_665445/3276_664440/"
"Belgium","比利时","2004-11","Crown Prince Philippe visits China","leader_visit","高层互访","High-level visit","neutral","state_head","partner_to_china","Crown Prince Philippe","Chinese President Hu Jintao","Beijing","https://www.fmprc.gov.cn/eng/gjhdq_665435/3265_665445/3276_664440/"
"Belgium","比利时","2005-06","Belgium-Luxembourg Economic Union and China sign BIT","economic","经贸互利合作","Economic win-win cooperation","positive","","","","","","https://edit.wti.org/document/show/b93138f7-3b8b-4859-a9ca-aee064e40516"
"Belgium","比利时","2007-06","Crown Prince Philippe visits China","leader_visit","高层互访","High-level visit","neutral","state_head","partner_to_china","Crown Prince Philippe","Chinese President Hu Jintao","Beijing","https://www.fmprc.gov.cn/eng/gjhdq_665435/3265_665445/3276_664440/"
"Belgium","比利时","2008-05","Belgium provides emergency aid after Wenchuan earthquake","diplomatic","疫情/危机援助","Pandemic / crisis aid","positive","","","","","","https://www.fmprc.gov.cn/eng/gjhdq_665435/3265_665445/3276_664440/"
"Belgium","比利时","2008-08","PM Leterme attends Beijing Olympics closing ceremony","leader_visit","多边/第三方会晤","Multilateral / third-party meeting","neutral","government_head","third_party_meeting","Yves Leterme","","Beijing","https://www.fmprc.gov.cn/eng/gjhdq_665435/3265_665445/3276_664440/"
"Belgium","比利时","2008-10","PM Leterme attends 7th ASEM Summit","leader_visit","多边/第三方会晤","Multilateral / third-party meeting","neutral","government_head","third_party_meeting","Yves Leterme","","Beijing","https://www.fmprc.gov.cn/eng/gjhdq_665435/3265_665445/3276_664440/"
"Belgium","比利时","2010-05","PM Leterme visits Shanghai World Expo","leader_visit","多边/第三方会晤","Multilateral / third-party meeting","neutral","government_head","partner_to_china","Yves Leterme","","Shanghai","https://www.fmprc.gov.cn/eng/gjhdq_665435/3265_665445/3276_664440/"
"Belgium","比利时","2010-06","Crown Prince Philippe visits China","leader_visit","高层互访","High-level visit","neutral","state_head","partner_to_china","Crown Prince Philippe","Chinese President Hu Jintao","Beijing","https://www.fmprc.gov.cn/eng/gjhdq_665435/3265_665445/3276_664440/"
"Belgium","比利时","2011-10","Crown Prince Philippe visits China","leader_visit","高层互访","High-level visit","neutral","state_head","partner_to_china","Crown Prince Philippe","Chinese Vice President Xi Jinping","Beijing","https://www.fmprc.gov.cn/eng/gjhdq_665435/3265_665445/3276_664440/"
"Belgium","比利时","2013-09","PM Di Rupo attends Summer Davos in Dalian","leader_visit","多边/第三方会晤","Multilateral / third-party meeting","neutral","government_head","partner_to_china","Elio Di Rupo","","Dalian","https://www.fmprc.gov.cn/eng/gjhdq_665435/3265_665445/3276_664440/"
"Belgium","比利时","2014-03","President Xi Jinping pays state visit to Belgium","leader_visit","高层互访","High-level visit","positive","state_head","china_to_partner","Chinese President Xi Jinping","King Philippe","Brussels","https://christchurch.china-consulate.gov.cn/eng/zgxw/201404/t20140401_84170.htm"
"Belgium","比利时","2014-04","China and Belgium establish all-round friendly cooperative partnership","strategic","战略伙伴关系提升","Strategic partnership upgrade","positive","","","","","","https://www.mfa.gov.cn/web/gjhdq_676201/gj_676203/oz_678770/1206_678940/xgxw_678946/201404/t20140401_9331674.shtml"
"Belgium","比利时","2014-04","China-Belgium industrial investment fund agreement signed","economic","经贸互利合作","Economic win-win cooperation","positive","","","","","","https://treaty.mfa.gov.cn/tykfiles/20180718/1531876882952.pdf"
"Belgium","比利时","2015-06","King Philippe pays state visit to China","leader_visit","高层互访","High-level visit","positive","state_head","partner_to_china","King Philippe","Chinese President Xi Jinping","Beijing","https://www.mfa.gov.cn/eng/gjhdq_665435/3265_665445/3276_664440/3278_664444/202406/t20240611_11419838.html"
"Belgium","比利时","2016-10","PM Michel visits China","leader_visit","高层互访","High-level visit","neutral","government_head","partner_to_china","Charles Michel","Chinese President Xi Jinping","Beijing","https://www.fmprc.gov.cn/eng/gjhdq_665435/3265_665445/3276_664440/"
"Belgium","比利时","2017-06","Premier Li Keqiang visits Belgium","leader_visit","高层互访","High-level visit","neutral","government_head","china_to_partner","Chinese Premier Li Keqiang","King Philippe / PM Michel","Brussels","https://www.fmprc.gov.cn/eng/gjhdq_665435/3265_665445/3276_664440/"
"Belgium","比利时","2018-10","Premier Li Keqiang pays working visit to Belgium","leader_visit","高层互访","High-level visit","neutral","government_head","china_to_partner","Chinese Premier Li Keqiang","PM Michel","Brussels","https://www.fmprc.gov.cn/eng/gjhdq_665435/3265_665445/3276_664440/"
"Belgium","比利时","2019-11","Princess Astrid leads economic mission to China","leader_visit","高层互访","High-level visit","positive","state_head","partner_to_china","Princess Astrid","","Beijing/Shanghai","https://www.fmprc.gov.cn/eng/gjhdq_665435/3265_665445/3276_664440/"
"Belgium","比利时","2020-04","Xi Jinping and King Philippe exchange messages on COVID-19 cooperation","leader_visit","疫情/危机援助","Pandemic / crisis aid","positive","state_head","remote_talk","Chinese President Xi Jinping","King Philippe","","https://www.fmprc.gov.cn/eng/gjhdq_665435/3265_665445/3276_664440/"
"Belgium","比利时","2021-10","50th anniversary of China-Belgium diplomatic ties","diplomatic","人文交流合作","Cultural / people-to-people cooperation","positive","","","","","","https://www.fmprc.gov.cn/eng/gjhdq_665435/3265_665445/3150_664460/3152_664464/202110/t20211026_10069917.html"
"Belgium","比利时","2021-12","Li Keqiang holds video meeting with PM De Croo","leader_visit","远程通话/视频会晤","Remote talk / virtual meeting","neutral","government_head","remote_talk","Chinese Premier Li Keqiang","Alexander De Croo","","https://www.fmprc.gov.cn/eng/gjhdq_665435/3265_665445/3276_664440/"
"Belgium","比利时","2023-02","PM De Croo meets Wang Yi at Munich Security Conference","leader_visit","高层互访","High-level visit","neutral","government_head","third_party_meeting","Alexander De Croo","Wang Yi","Munich","https://www.fmprc.gov.cn/eng/gjhdq_665435/3265_665445/3276_664440/"
"Belgium","比利时","2024-01","PM De Croo pays official visit to China","leader_visit","高层互访","High-level visit","positive","government_head","partner_to_china","Alexander De Croo","Chinese President Xi Jinping","Beijing","https://us.china-embassy.gov.cn/eng/zgyw/202401/t20240128_11234623.htm"
"Belgium","比利时","2024-06","Vice Premier Ding Xuexiang meets PM De Croo in Brussels","leader_visit","高层互访","High-level visit","neutral","government_head","third_party_meeting","Ding Xuexiang","Alexander De Croo","Brussels","https://www.chinatoday.com.cn/ctenglish/2018/zdtj/202406/t20240620_800369298.html"
"Belgium","比利时","2025-07","Wang Yi meets Belgian PM De Wever and FM Prevot","leader_visit","高层互访","High-level visit","neutral","government_head","third_party_meeting","Wang Yi","Bart De Wever","Brussels","https://be.china-embassy.gov.cn/eng/rv/202507/t20250725_11676734.htm"
"Brazil","巴西","2004-05","COSBAN established","strategic","战略伙伴关系提升","Strategic partnership upgrade","positive","","","","","","https://www.mfa.gov.cn/gjhdq_676201/gj_676203/nmz_680924/1206_680974/sbgx_680978/"
"Brazil","巴西","2004-05","Brazil recognizes China's market economy status","economic","经贸互利合作","Economic win-win cooperation","positive","","","","","","http://www.chinadaily.com.cn/english/doc/2004-05/25/content_333496.htm"
"Brazil","巴西","2004-05","State visit to China","leader_visit","高层互访","High-level visit","positive","state_head","partner_to_china","Brazilian President Luiz Inacio Lula da Silva","Chinese President Hu Jintao","Beijing","https://www.fmprc.gov.cn/eng/gjhdq_665435/3447_665449/3473_665008/3474_665010/202406/t20240612_11428255.html"
"Brazil","巴西","2004-11","State visit to Brazil","leader_visit","高层互访","High-level visit","positive","state_head","china_to_partner","Chinese President Hu Jintao","Brazilian President Luiz Inacio Lula da Silva","Brasilia","https://www.fmprc.gov.cn/eng/gjhdq_665435/3447_665449/3473_665008/3475_665012/202406/t20240612_11428312.html"
"Brazil","巴西","2009-04","China becomes Brazil's largest trading partner","economic","经贸互利合作","Economic win-win cooperation","positive","","","","","","https://www.chinadaily.com.cn/china/2009-05/19/content_7793015.htm"
"Brazil","巴西","2009-05","State visit to China","leader_visit","高层互访","High-level visit","positive","state_head","partner_to_china","Brazilian President Luiz Inacio Lula da Silva","Chinese President Hu Jintao","Beijing","https://www.fmprc.gov.cn/eng/gjhdq_665435/3447_665449/3473_665008/3474_665010/202406/t20240612_11428255.html"
"Brazil","巴西","2009-05","China-Brazil Joint Action Plan 2010-2014 signed","strategic","战略伙伴关系提升","Strategic partnership upgrade","positive","","","","","","https://lk.china-embassy.gov.cn/eng/zgxw/201004/t20100422_1403174.htm"
"Brazil","巴西","2010-04","State visit to Brazil","leader_visit","高层互访","High-level visit","positive","state_head","china_to_partner","Chinese President Hu Jintao","Brazilian President Luiz Inacio Lula da Silva","Brasilia","https://www.mfa.gov.cn/ziliao_674904/1179_674909/201004/t20100416_7947264.shtml"
"Brazil","巴西","2012-06","Official visit to Brazil","leader_visit","高层互访","High-level visit","positive","government_head","china_to_partner","Chinese Premier Wen Jiabao","Brazilian President Dilma Rousseff","Brasilia and Rio de Janeiro","https://www.chinadaily.com.cn/china/2012wenvisitla/2012-06/22/content_15518325.htm"
"Brazil","巴西","2012-06","Comprehensive strategic partnership established","strategic","战略伙伴关系提升","Strategic partnership upgrade","positive","","","","","","https://www.chinadaily.com.cn/china/2012wenvisitla/2012-06/22/content_15518325.htm"
"Brazil","巴西","2014-07","BRICS New Development Bank and Contingent Reserve Arrangement established","economic","经贸互利合作","Economic win-win cooperation","positive","","","","","","http://www.brics.utoronto.ca/docs/140715-treaty.html"
"Brazil","巴西","2014-07","State visit to Brazil","leader_visit","高层互访","High-level visit","positive","state_head","china_to_partner","Chinese President Xi Jinping","Brazilian President Dilma Rousseff","Brasilia and Fortaleza","https://www.mfa.gov.cn/eng/wjb/wjbz/jh/202405/t20240527_11312093.html"
"Brazil","巴西","2015-05","Official visit to Brazil","leader_visit","高层互访","High-level visit","positive","government_head","china_to_partner","Chinese Premier Li Keqiang","Brazilian President Dilma Rousseff","Brasilia","https://www.fmprc.gov.cn/mfa_eng/zy/jj/2015zt/lkqdbxglbyblzljxzsfw/202406/t20240606_11381365.html"
"Brazil","巴西","2017-09","Visa facilitation agreement enters into force","diplomatic","人文交流合作","Cultural / people-to-people cooperation","positive","","","","","","https://www.mfa.gov.cn/gjhdq_676201/gj_676203/nmz_680924/1206_680974/sbgx_680978/"
"Brazil","巴西","2019-07","Brazil says no restrictions on Huawei 5G","diplomatic","经贸互利合作","Economic win-win cooperation","positive","","","","","","https://www.reuters.com/article/technology/brazil-will-not-bar-huawei-from-5g-network-vice-president-idUSKCN1T82BJ/"
"Brazil","巴西","2019-10","State visit to China","leader_visit","高层互访","High-level visit","neutral","state_head","partner_to_china","Brazilian President Jair Bolsonaro","Chinese President Xi Jinping","Beijing","https://www.mfa.gov.cn/web/gjhdq_676201/gj_676203/nmz_680924/1206_680974/xgxw_680980/201910/t20191025_9367880.shtml"
"Brazil","巴西","2023-03","China-Brazil local currency trade settlement agreement","economic","经贸互利合作","Economic win-win cooperation","positive","","","","","","http://english.scio.gov.cn/internationalexchanges/2023-03/31/content_85203377.htm"
"Brazil","巴西","2023-04","State visit to China","leader_visit","高层互访","High-level visit","positive","state_head","partner_to_china","Brazilian President Luiz Inacio Lula da Silva","Chinese President Xi Jinping","Beijing and Shanghai","https://www.mfa.gov.cn/web/ziliao_674904/1179_674909/202304/t20230414_11059627.shtml"
"Brazil","巴西","2024-03","Brazil launches anti-dumping investigations on Chinese products","economic","经贸制裁/关税壁垒","Economic sanction / tariff barrier","negative","","","","","","https://chinaeconomicreview.com/brazil-launches-anti-dumping-probes-after-china-imports-soar/"
"Brazil","巴西","2024-11","State visit to Brazil","leader_visit","高层互访","High-level visit","positive","state_head","china_to_partner","Chinese President Xi Jinping","Brazilian President Luiz Inacio Lula da Silva","Brasilia and Rio de Janeiro","https://www.mfa.gov.cn/web/ziliao_674904/1179_674909/202412/t20241218_11497520.shtml"
"Canada","加拿大","2003-12","Official visit to Canada","leader_visit","高层互访","High-level visit","neutral","government_head","china_to_partner","Chinese Premier Wen Jiabao","Canadian Prime Minister Jean Chrétien","Ottawa, Canada","https://www.mfa.gov.cn/gjhdq_676201/gj_676203/bmz_679954/1206_680426/sbgx_680430/"
"Canada","加拿大","2005-01","Canadian Prime Minister Paul Martin visits China","leader_visit","高层互访","High-level visit","positive","government_head","partner_to_china","Paul Martin","Chinese Premier Wen Jiabao","Beijing, China","https://www.chinadaily.com.cn/english/doc/2005-09/10/content_476741.htm"
"Canada","加拿大","2005-01","Canada-China energy cooperation and joint statement","economic","经贸互利合作","Economic win-win cooperation","positive","","","","","","https://ca.china-embassy.gov.cn/eng/zjwl/200501/t20050121_4664226.htm"
"Canada","加拿大","2005-09","State visit to Canada","leader_visit","高层互访","High-level visit","neutral","state_head","china_to_partner","Chinese President Hu Jintao","Canadian Prime Minister Paul Martin","Ottawa, Canada","https://www.mfa.gov.cn/gjhdq_676201/gj_676203/bmz_679954/1206_680426/sbgx_680430/"
"Canada","加拿大","2005-09","Canada-China strategic partnership announced","strategic","战略伙伴关系提升","Strategic partnership upgrade","positive","","","","","","https://www.fmprc.gov.cn/mfa_eng/gjhdq_665435/3376_665447/3382_664830/3384_664834/202406/t20240612_11425203.html"
"Canada","加拿大","2009-05","China bans Canadian pork imports over H1N1; Canada protests","economic","疫情/灾害冲击","Pandemic / disaster shock","negative","","","","","","https://www.uscc.gov/sites/default/files/Research/September%202018%20Trade%20Bulletin.pdf"
"Canada","加拿大","2009-12","Official visit to China","leader_visit","高层互访","High-level visit","neutral","government_head","partner_to_china","Canadian Prime Minister Stephen Harper","Chinese Premier Wen Jiabao","Beijing, China","https://www.mfa.gov.cn/gjhdq_676201/gj_676203/bmz_679954/1206_680426/sbgx_680430/"
"Canada","加拿大","2010-06","State visit to Canada and attendance at G20 Summit","leader_visit","高层互访","High-level visit","neutral","state_head","china_to_partner","Chinese President Hu Jintao","Canadian Prime Minister Stephen Harper","Ottawa and Toronto, Canada","https://www.mfa.gov.cn/gjhdq_676201/gj_676203/bmz_679954/1206_680426/sbgx_680430/"
"Canada","加拿大","2012-02","Canadian Prime Minister Stephen Harper's second visit to China","leader_visit","高层互访","High-level visit","positive","government_head","partner_to_china","Stephen Harper","Chinese Premier Wen Jiabao","Beijing, China","https://ca.china-embassy.gov.cn/eng./zjwl/201202/t20120208_4664557.htm"
"Canada","加拿大","2012-09","Canada-China FIPA signed","economic","经贸互利合作","Economic win-win cooperation","positive","","","","","","https://treaty.mfa.gov.cn/Treaty/web/detail1.jsp?objid=1531877002105"
"Canada","加拿大","2014-11","Bilateral meeting between President Xi Jinping and Prime Minister Stephen Harper on the sidelines of the G20 Brisbane Summit","leader_visit","多边/第三方会晤","Multilateral / third-party meeting","neutral","state_head","third_party_meeting","Xi Jinping","Stephen Harper","Brisbane, Australia","https://www.canada.ca/en/news/archive/2014/11/canada-china-joint-list-outcomes-2014.html"
"Canada","加拿大","2015-11","Bilateral meeting on sidelines of G20 Summit","leader_visit","多边/第三方会晤","Multilateral / third-party meeting","neutral","state_head","third_party_meeting","Chinese President Xi Jinping","Canadian Prime Minister Justin Trudeau","Antalya, Turkey","https://www.mfa.gov.cn/gjhdq_676201/gj_676203/bmz_679954/1206_680426/sbgx_680430/"
"Canada","加拿大","2016-09","Chinese Premier Li Keqiang's official visit to Canada","leader_visit","高层互访","High-level visit","neutral","government_head","china_to_partner","Li Keqiang","Justin Trudeau","Ottawa, Canada","https://www.chinadaily.com.cn/world/livisitcanadacuba/2016-09/22/content_26859455.htm"
"Canada","加拿大","2016-09","Prime Minister Justin Trudeau attends G20 Summit in Hangzhou and visits China","leader_visit","高层互访","High-level visit","positive","government_head","partner_to_china","Justin Trudeau","China","Hangzhou, China","https://ph.china-embassy.gov.cn/eng/chinew/201609/t20160902_1162255.htm"
"Canada","加拿大","2016-09","Official visit to China and attendance at G20 Hangzhou Summit","leader_visit","高层互访","High-level visit","neutral","government_head","partner_to_china","Canadian Prime Minister Justin Trudeau","Chinese Premier Li Keqiang","Beijing and Hangzhou, China","https://www.mfa.gov.cn/gjhdq_676201/gj_676203/bmz_679954/1206_680426/sbgx_680430/"
"Canada","加拿大","2017-07","Bilateral meeting between President Xi Jinping and Prime Minister Justin Trudeau on the sidelines of the G20 Hamburg Summit","leader_visit","多边/第三方会晤","Multilateral / third-party meeting","neutral","state_head","third_party_meeting","Xi Jinping","Justin Trudeau","Hamburg, Germany","https://www.mfa.gov.cn/eng/wjb/zzjg_663340/bmdyzs_664814/xwlb_664816/202406/t20240606_11401420.html"
"Canada","加拿大","2018-12","China detains Canadians Kovrig and Spavor ('Two Michaels')","diplomatic","人员扣押/司法争议","Detention / judicial dispute","negative","","","","","","https://international.canada.ca/en/global-affairs/corporate/transparency/briefing-documents/parliamentary-committee/2021-12-07-cw-pl-lp-cp"
"Canada","加拿大","2018-12","Meng Wanzhou arrested","sanctions","人员扣押/司法争议","Detention / judicial dispute","negative","","","","","","https://edition.cnn.com/2018/12/05/tech/huawei-cfo-arrested-canada"
"Canada","加拿大","2019-03","China suspends canola seed licences of Richardson and Viterra","economic","经贸制裁/关税壁垒","Economic sanction / tariff barrier","negative","","","","","","https://www.chinadaily.com.cn/a/202205/20/WS6286fe6da310fd2b29e5dfac.html"
"Canada","加拿大","2019-06","Bilateral meeting on sidelines of G20 Summit","leader_visit","多边/第三方会晤","Multilateral / third-party meeting","neutral","state_head","third_party_meeting","Chinese President Xi Jinping","Canadian Prime Minister Justin Trudeau","Osaka, Japan","https://www.mfa.gov.cn/gjhdq_676201/gj_676203/bmz_679954/1206_680426/sbgx_680430/"
"Canada","加拿大","2021-09","Meng Released / Michaels Freed","diplomatic","战略伙伴关系提升","Strategic partnership upgrade","positive","","","","","","https://www.theguardian.com/world/2021/sep/25/canadian-pm-trudeau-says-detained-citizens-michael-kovrig-and-michael-spavor-have-left-china"
"Canada","加拿大","2022-05","Canada bans Huawei and ZTE from 5G networks","sanctions","科技管制/出口限制","Tech control / export restriction","negative","","","","","","https://apnews.com/article/canada-china-relations-history-trudeau-carney-cb8ef612b27f9905e7bb5f0efaee7204"
"Canada","加拿大","2022-11","Bilateral meeting on sidelines of G20 Summit","leader_visit","多边/第三方会晤","Multilateral / third-party meeting","neutral","state_head","third_party_meeting","Chinese President Xi Jinping","Canadian Prime Minister Justin Trudeau","Bali, Indonesia","https://www.mfa.gov.cn/gjhdq_676201/gj_676203/bmz_679954/1206_680426/sbgx_680430/"
"Canada","加拿大","2024-10","Canada imposes 100% surtax on Chinese-made EVs","sanctions","经贸制裁/关税壁垒","Economic sanction / tariff barrier","negative","","","","","","https://gazette.gc.ca/rp-pr/p2/2024/2024-10-09/html/sor-dors187-eng.html"
"Canada","加拿大","2025-06","Li Qiang phone call with PM Mark Carney","leader_visit","远程通话/视频会晤","Remote talk / virtual meeting","neutral","government_head","third_party_meeting","","","","https://www.mfa.gov.cn/gjhdq_676201/gj_676203/bmz_679954/1206_680426/sbgx_680430/"
"Canada","加拿大","2025-10","Xi meets Canadian PM Mark Carney at APEC Gyeongju","leader_visit","多边/第三方会晤","Multilateral / third-party meeting","neutral","state_head","third_party_meeting","","","","https://www.mfa.gov.cn/gjhdq_676201/gj_676203/bmz_679954/1206_680426/sbgx_680430/"
"France","法国","2004-01","China-France comprehensive strategic partnership established","strategic","战略伙伴关系提升","Strategic partnership upgrade","positive","","","","","","http://english.scio.gov.cn/featured/chinakeywords/2020-01/22/content_75639603.htm"
"France","法国","2004-10","State visit to China","leader_visit","高层互访","High-level visit","positive","state_head","partner_to_china","French President Jacques Chirac","Chinese President Hu Jintao","Beijing","https://www.fmprc.gov.cn/web/gjhdq_676201/gj_676203/oz_678770/1206_679134/sbgx_679138/"
"France","法国","2005-12","Airbus A320 final assembly line MoU signed","economic","经贸互利合作","Economic win-win cooperation","positive","","","","","","https://www.airbus.com/en/newsroom/press-releases/2006-06-airbus-chinese-a320-final-assembly-line-to-be-located-in-tianjin"
"France","法国","2006-10","Mega deals on aviation railways and nuclear power signed","economic","经贸互利合作","Economic win-win cooperation","positive","","","","","","http://www.chinadaily.com.cn/china/2006-10/27/content_718145.htm"
"France","法国","2007-11","State visit to China","leader_visit","高层互访","High-level visit","neutral","state_head","partner_to_china","French President Nicolas Sarkozy","Chinese President Hu Jintao","Beijing","https://www.fmprc.gov.cn/web/gjhdq_676201/gj_676203/oz_678770/1206_679134/sbgx_679138/"
"France","法国","2008-04","Olympic torch relay disrupted in Paris","diplomatic","外交抗议/摩擦","Diplomatic protest / friction","negative","","","","","","https://www.chinadaily.com.cn/china/2008-04/25/content_6642373.htm"
"France","法国","2008-12","Sarkozy meets Dalai Lama in Poland","diplomatic","外交抗议/摩擦","Diplomatic protest / friction","negative","","","","","","http://www.china.org.cn/international/news/2008-07/09/content_15980743.htm"
"France","法国","2009-04","China-France joint communique restores ties","diplomatic","战略伙伴关系提升","Strategic partnership upgrade","positive","","","","","","http://www.china.org.cn/international/2009-04/01/content_17538757.htm"
"France","法国","2014-03","Airbus cooperation agreements and aircraft orders","economic","经贸互利合作","Economic win-win cooperation","positive","","","","","","http://www.chinadaily.com.cn/business/2014-03/28/content_17386141_2.htm"
"France","法国","2014-03","State visit to France","leader_visit","高层互访","High-level visit","positive","","","","","","https://www.fmprc.gov.cn/web/gjhdq_676201/gj_676203/oz_678770/1206_679134/sbgx_679138/"
"France","法国","2015-03","France applies to join AIIB as founding member","economic","经贸互利合作","Economic win-win cooperation","positive","","","","","","http://www.ecns.cn/business/2015/03-18/158420.shtml"
"France","法国","2015-06","China-France joint statement on third-party market cooperation","economic","经贸互利合作","Economic win-win cooperation","positive","","","","","","https://en.ndrc.gov.cn/news/pressreleases/202202/t20220214_1315538.html"
"France","法国","2015-11","State visit to China","leader_visit","高层互访","High-level visit","positive","state_head","partner_to_china","","","","https://www.fmprc.gov.cn/web/gjhdq_676201/gj_676203/oz_678770/1206_679134/sbgx_679138/"
"France","法国","2018-01","State visit to China","leader_visit","高层互访","High-level visit","positive","state_head","partner_to_china","","","","https://www.fmprc.gov.cn/web/gjhdq_676201/gj_676203/oz_678770/1206_679134/sbgx_679138/"
"France","法国","2019-03","State visit to France","leader_visit","高层互访","High-level visit","positive","state_head","china_to_partner","","","","https://www.fmprc.gov.cn/web/gjhdq_676201/gj_676203/oz_678770/1206_679134/sbgx_679138/"
"France","法国","2019-11","State visit to China","leader_visit","高层互访","High-level visit","positive","state_head","partner_to_china","","","","https://www.fmprc.gov.cn/web/gjhdq_676201/gj_676203/oz_678770/1206_679134/sbgx_679138/"
"France","法国","2019-11","China issues 4 billion euro sovereign bonds in Paris","economic","经贸互利合作","Economic win-win cooperation","positive","","","","","","http://www.xinhuanet.com/english/2019-11/06/c_138534000.htm"
"France","法国","2020-07","French limits on Huawei 5G equipment","policy","科技管制/出口限制","Tech control / export restriction","negative","","","","","","https://www.euractiv.com/news/french-limits-on-huawei-5g-equipment-amount-to-de-facto-ban-by-2028/"
"France","法国","2021-03","China announces sanctions on relevant EU entities and personnel (including French MEP Raphaël Glucksmann)","sanctions","外交抗议/摩擦","Diplomatic protest / friction","negative","","","","","","https://www.mfa.gov.cn/eng/xw/fyrbt/fyrbt/202405/t20240530_11349690.html"
"France","法国","2023-04","State visit to China","leader_visit","高层互访","High-level visit","positive","state_head","partner_to_china","","","","https://www.fmprc.gov.cn/web/gjhdq_676201/gj_676203/oz_678770/1206_679134/sbgx_679138/"
"France","法国","2024-05","State visit to France","leader_visit","高层互访","High-level visit","positive","state_head","china_to_partner","","","","https://www.fmprc.gov.cn/web/gjhdq_676201/gj_676203/oz_678770/1206_679134/sbgx_679138/"
"France","法国","2025-03","China-France joint statement on climate change","diplomatic","人文交流合作","Cultural / people-to-people cooperation","positive","","","","","","https://sc.china-embassy.gov.cn/eng/zgyw/202512/P020251206009356439484.pdf"
"France","法国","2025-12","State visit to China","leader_visit","高层互访","High-level visit","positive","state_head","partner_to_china","","","","https://www.fmprc.gov.cn/web/gjhdq_676201/gj_676203/oz_678770/1206_679134/sbgx_679138/"
"Germany","德国","2004-05","Partnership with Global Responsibility established","strategic","战略伙伴关系提升","Strategic partnership upgrade","positive","","","","","","https://www.fmprc.gov.cn/eng/gjhdq_665435/3265_665445/3296_664550/3298_664554/202406/t20240611_11420964.html"
"Germany","德国","2004-12","Official visit to China","leader_visit","高层互访","High-level visit","positive","government_head","partner_to_china","","","","https://www.mfa.gov.cn/web/gjhdq_676201/gj_676203/oz_678770/1206_679086/sbgx_679090/"
"Germany","德国","2006-05","First official visit to China","leader_visit","高层互访","High-level visit","positive","government_head","partner_to_china","","","","https://www.mfa.gov.cn/web/gjhdq_676201/gj_676203/oz_678770/1206_679086/sbgx_679090/"
"Germany","德国","2010-07","Official visit to China","leader_visit","高层互访","High-level visit","neutral","government_head","partner_to_china","","","","https://www.mfa.gov.cn/web/gjhdq_676201/gj_676203/oz_678770/1206_679086/sbgx_679090/"
"Germany","德国","2010-07","Joint communiqué on advancing strategic partnership","strategic","战略伙伴关系提升","Strategic partnership upgrade","positive","","","","","","https://www.chinadaily.com.cn/china/2010-07/16/content_10118341.htm"
"Germany","德国","2014-03","State visit to Germany","leader_visit","高层互访","High-level visit","positive","state_head","china_to_partner","","","","https://www.mfa.gov.cn/web/gjhdq_676201/gj_676203/oz_678770/1206_679086/sbgx_679090/"
"Germany","德国","2014-03","Comprehensive strategic partnership established","strategic","战略伙伴关系提升","Strategic partnership upgrade","positive","","","","","","https://www.bundesregierung.de/breg-en/service/archive/archive/joint-declaration-between-germany-and-china-460244"
"Germany","德国","2015-03","Germany applies to join AIIB as founding member","economic","经贸互利合作","Economic win-win cooperation","positive","","","","","","http://www.ecns.cn/business/2015/03-18/158420.shtml"
"Germany","德国","2016-08","Midea acquires Kuka amid technology concerns","economic","经贸制裁/关税壁垒","Economic sanction / tariff barrier","negative","","","","","","https://www.reuters.com/article/us-kuka-midea-idUSKCN0ZV1HM"
"Germany","德国","2018-10","BMW to raise stake in BMW Brilliance Automotive JV to 75%","economic","经贸互利合作","Economic win-win cooperation","positive","","","","","","https://www.chinadaily.com.cn/a/201810/12/WS5bbfdf53a310eff303281e9d.html"
"Germany","德国","2019-09","Official visit to China","leader_visit","高层互访","High-level visit","neutral","government_head","partner_to_china","","","","https://www.mfa.gov.cn/web/gjhdq_676201/gj_676203/oz_678770/1206_679086/sbgx_679090/"
"Germany","德国","2021-01","EU-China Comprehensive Agreement on Investment concluded","economic","经贸互利合作","Economic win-win cooperation","positive","","","","","","https://edit.wti.org/document/show/29817b74-3d47-46e2-8dbf-dd9dc6aa15a9"
"Germany","德国","2022-02","BMW acquires 75% stake in China joint venture as ownership caps lift","economic","经贸互利合作","Economic win-win cooperation","positive","","","","","","https://english.news.cn/20220211/84c18d559ed947cc80b6953347d484c7/c.html"
"Germany","德国","2022-11","Official visit to China","leader_visit","高层互访","High-level visit","positive","government_head","partner_to_china","","","","https://www.mfa.gov.cn/web/gjhdq_676201/gj_676203/oz_678770/1206_679086/sbgx_679090/"
"Germany","德国","2022-11","Germany blocks Elmos Semiconductor fab sale to Chinese-owned Silex","policy","科技管制/出口限制","Tech control / export restriction","negative","","","","","","https://www.elmos.com/english/about-elmos/investor/financial-news/news/elmos-sale-of-the-elmos-wafer-fab-to-silex-prohibited.html"
"Germany","德国","2023-06","German government China strategy released","policy","战略定位负面","Negative strategic positioning","negative","","","","","","https://www.auswaertiges-amt.de/resource/blob/2608580/49d50fecc479304c3da2e2079c55e106/china-strategie-en-data.pdf"
"Germany","德国","2024-04","Official visit to China","leader_visit","高层互访","High-level visit","positive","government_head","partner_to_china","","","","https://www.mfa.gov.cn/web/gjhdq_676201/gj_676203/oz_678770/1206_679086/sbgx_679090/"
"Germany","德国","2025-11","4th China-Germany High-Level Financial Dialogue held in Beijing","economic","经贸互利合作","Economic win-win cooperation","positive","","","","","","https://www.globaltimes.cn/page/202511/1348431.shtml"
"India","印度","2002-01","Official visit to India","leader_visit","高层互访","High-level visit","neutral","government_head","china_to_partner","Chinese Premier Zhu Rongji","Indian Prime Minister Atal Bihari Vajpayee","New Delhi, India","https://www.mfa.gov.cn/gjhdq_676201/gj_676203/yz_676205/1206_677220/sbgx_677224/"
"India","印度","2003-06","India-China Declaration on Principles for Relations and Comprehensive Cooperation","diplomatic","战略伙伴关系提升","Strategic partnership upgrade","positive","","","","","","https://www.ifri.org/sites/default/files/migrated_files/documents/atoms/files/asievisions34zhangli.pdf"
"India","印度","2003-06","Vajpayee Visits China","leader_visit","高层互访","High-level visit","positive","government_head","partner_to_china","","","","https://www.mfa.gov.cn/gjhdq_676201/gj_676203/yz_676205/1206_677220/sbgx_677224/"
"India","印度","2005-04","India-China Strategic Partnership and Boundary Political Parameters Agreement","strategic","战略伙伴关系提升","Strategic partnership upgrade","positive","","","","","","http://www.commonlii.org/in/other/treaties/INTSer/2005/1.html"
"India","印度","2005-04","Official visit to India","leader_visit","高层互访","High-level visit","neutral","government_head","china_to_partner","Chinese Premier Wen Jiabao","Indian Prime Minister Manmohan Singh","New Delhi, India","https://www.mfa.gov.cn/gjhdq_676201/gj_676203/yz_676205/1206_677220/sbgx_677224/"
"India","印度","2006-05","India-China defence ministers MOU","military","军事安全合作","Military / security cooperation","positive","","","","","","https://in.china-embassy.gov.cn/ssygd/zygx/zywj/200805/t20080529_2363541.htm"
"India","印度","2006-11","State visit to India","leader_visit","高层互访","High-level visit","neutral","state_head","china_to_partner","Chinese President Hu Jintao","Indian President A.P.J. Abdul Kalam","New Delhi, India","https://www.mfa.gov.cn/gjhdq_676201/gj_676203/yz_676205/1206_677220/sbgx_677224/"
"India","印度","2006-11","Hu Jintao visits India","leader_visit","高层互访","High-level visit","positive","state_head","china_to_partner","Hu Jintao","Indian President A.P.J. Abdul Kalam","New Delhi, India","https://www.chinadaily.com.cn/china/2006-11/21/content_738997.htm"
"India","印度","2007-12","China-India Hand-in-Hand 2007 joint anti-terror military training","military","军事安全合作","Military / security cooperation","positive","","","","","","http://www.cctv.com/english/20071221/107164.shtml"
"India","印度","2008-01","Official visit to China","leader_visit","高层互访","High-level visit","neutral","government_head","partner_to_china","Indian Prime Minister Manmohan Singh","Chinese Premier Wen Jiabao","Beijing, China","https://www.mfa.gov.cn/gjhdq_676201/gj_676203/yz_676205/1206_677220/sbgx_677224/"
"India","印度","2010-12","Wen Jiabao's official visit to India","leader_visit","高层互访","High-level visit","neutral","government_head","china_to_partner","Chinese Premier Wen Jiabao","Indian Prime Minister Manmohan Singh","New Delhi, India","https://www.mfa.gov.cn/gjhdq_676201/gj_676203/yz_676205/1206_677220/sbgx_677224/"
"India","印度","2013-04","Depsang Standoff (Daulat Beg Oldi incursion)","border_standoff","主权纠纷","Sovereignty dispute","negative","","","","","","https://news.cntv.cn/2013/04/24/ARTI1366768418091127.shtml"
"India","印度","2013-05","Li Keqiang Visits India","leader_visit","高层互访","High-level visit","positive","government_head","china_to_partner","","","","https://www.mfa.gov.cn/gjhdq_676201/gj_676203/yz_676205/1206_677220/sbgx_677224/"
"India","印度","2014-09","Chumar-Demchok Standoff during Xi visit","territorial","主权纠纷","Sovereignty dispute","negative","","","","","","https://www.uscc.gov/sites/default/files/2020-07/Conflict_on_Sino-Indian_Border.pdf"
"India","印度","2014-09","State visit to India","leader_visit","高层互访","High-level visit","neutral","state_head","china_to_partner","Chinese President Xi Jinping","Indian President Pranab Mukherjee","New Delhi, India","https://www.mfa.gov.cn/gjhdq_676201/gj_676203/yz_676205/1206_677220/sbgx_677224/"
"India","印度","2015-05","Official visit to China","leader_visit","高层互访","High-level visit","neutral","government_head","partner_to_china","Indian Prime Minister Narendra Modi","Chinese Premier Li Keqiang","Beijing, China","https://www.mfa.gov.cn/gjhdq_676201/gj_676203/yz_676205/1206_677220/sbgx_677224/"
"India","印度","2016-09","Bilateral meeting on sidelines of G20 Summit","leader_visit","多边/第三方会晤","Multilateral / third-party meeting","neutral","state_head","third_party_meeting","Chinese President Xi Jinping","Indian Prime Minister Narendra Modi","Hangzhou, China","https://www.mfa.gov.cn/gjhdq_676201/gj_676203/yz_676205/1206_677220/sbgx_677224/"
"India","印度","2017-06","Doklam Standoff","military","主权纠纷","Sovereignty dispute","negative","","","","","","https://news.cctv.com/2017/07/11/ARTIy0ux7UIDvfsiFK7EtUaV170711.shtml"
"India","印度","2017-06","Bilateral meeting on sidelines of Shanghai Cooperation Organisation Summit","leader_visit","多边/第三方会晤","Multilateral / third-party meeting","neutral","state_head","third_party_meeting","Indian Prime Minister Narendra Modi","Chinese President Xi Jinping","Astana, Kazakhstan","https://www.gov.cn/xinwen/2017-06/10/content_5201352.htm#1"
"India","印度","2017-08","Doklam Standoff Disengagement","border_standoff","军事安全合作","Military / security cooperation","positive","","","","","","http://news.xinhuanet.com/english/2017-08/28/c_136562103.htm"
"India","印度","2018-04","Wuhan Informal Summit","leader_visit","高层互访","High-level visit","positive","state_head","third_party_meeting","","","","http://english.www.gov.cn/news/top_news/2018/04/29/content_281476128171880.htm"
"India","印度","2019-08","India revokes Article 370 in Kashmir; China expresses concern","diplomatic","主权纠纷","Sovereignty dispute","negative","","","","","","http://www.xinhuanet.com/english/2019-08/09/c_138294555.htm"
"India","印度","2019-10","Chennai Summit","leader_visit","高层互访","High-level visit","positive","state_head","third_party_meeting","","","","https://www.mea.gov.in/press-releases?dtl/31938/2nd_IndiaChina_Informal_Summit"
"India","印度","2020-06","India bans 59 Chinese apps (TikTok, WeChat, etc.)","sanctions","科技管制/出口限制","Tech control / export restriction","negative","","","","","","https://timesofindia.indiatimes.com/business/india-business/tiktok-wechat-baidu-and-uc-browser-among-59-chinese-apps-permanently-banned-in-india/articleshow/80454258.cms"
"India","印度","2020-06","Galwan Valley Clash","military","主权纠纷","Sovereignty dispute","negative","","","","","","https://in.china-embassy.gov.cn/eng/gdxw/202006/t20200620_2144939.htm"
"India","印度","2020-11","Bilateral meeting on sidelines of Shanghai Cooperation Organisation Summit (virtual)","leader_visit","多边/第三方会晤","Multilateral / third-party meeting","neutral","state_head","third_party_meeting","Chinese President Xi Jinping","Indian Prime Minister Narendra Modi","Virtual","https://www.mfa.gov.cn/gjhdq_676201/gj_676203/yz_676205/1206_677220/sbgx_677224/"
"India","印度","2021-02","Pangong Tso disengagement agreement","diplomatic","军事安全合作","Military / security cooperation","positive","","","","","","https://www.mfa.gov.cn/web/fyrbt_673021/jzhsl_673025/202102/t20210210_9604764.shtml"
"India","印度","2024-10","India-China patrolling agreement (Depsang/Demchok)","border_standoff","军事安全合作","Military / security cooperation","positive","","","","","","https://www.mea.gov.in/lok-sabha.htm?dtl/39008/QUESTION_NO_843_INDOCHINA_AGREEMENT_ON_BORDERRELATED_ISSUES"
"India","印度","2024-10","Bilateral meeting on sidelines of BRICS Summit","leader_visit","多边/第三方会晤","Multilateral / third-party meeting","neutral","state_head","third_party_meeting","Chinese President Xi Jinping","Indian Prime Minister Narendra Modi","Kazan, Russia","https://www.mfa.gov.cn/gjhdq_676201/gj_676203/yz_676205/1206_677220/sbgx_677224/"
"India","印度","2025-04","75th anniversary of diplomatic relations congratulatory messages","leader_visit","人文交流合作","Cultural / people-to-people cooperation","neutral","state_head","third_party_meeting","","","","https://www.mfa.gov.cn/gjhdq_676201/gj_676203/yz_676205/1206_677220/sbgx_677224/"
"India","印度","2025-08","Xi-Modi bilateral meeting on sidelines of SCO Tianjin","leader_visit","多边/第三方会晤","Multilateral / third-party meeting","neutral","state_head","third_party_meeting","","","","https://www.mfa.gov.cn/gjhdq_676201/gj_676203/yz_676205/1206_677220/sbgx_677224/"
"Indonesia","印度尼西亚","2002-03","State visit to China","leader_visit","高层互访","High-level visit","neutral","state_head","partner_to_china","Indonesian President Megawati Sukarnoputri","Chinese President Jiang Zemin","Beijing, China","http://www.china.org.cn/english/2002/Mar/29372.htm"
"Indonesia","印度尼西亚","2005-04","Strategic Partnership","strategic","战略伙伴关系提升","Strategic partnership upgrade","positive","","","","","","https://www.mfa.gov.cn/web/gjhdq_676201/gj_676203/yz_676205/1206_677244/1207_677256/200504/t20050426_8010702.shtml"
"Indonesia","印度尼西亚","2005-04","Hu Visits Indonesia","leader_visit","高层互访","High-level visit","positive","state_head","china_to_partner","","","","https://www.mfa.gov.cn/web/gjhdq_676201/gj_676203/yz_676205/1206_677244/sbgx_677248/"
"Indonesia","印度尼西亚","2005-07","State visit to China","leader_visit","高层互访","High-level visit","neutral","state_head","partner_to_china","Indonesian President Susilo Bambang Yudhoyono","Chinese President Hu Jintao","Beijing, China","https://www.mfa.gov.cn/web/gjhdq_676201/gj_676203/yz_676205/1206_677244/sbgx_677248/"
"Indonesia","印度尼西亚","2006-07","Yudhoyono Visits China","leader_visit","高层互访","High-level visit","positive","state_head","partner_to_china","","","","https://www.mfa.gov.cn/web/gjhdq_676201/gj_676203/yz_676205/1206_677244/sbgx_677248/"
"Indonesia","印度尼西亚","2006-11","Bilateral meeting on sidelines of APEC Summit","leader_visit","多边/第三方会晤","Multilateral / third-party meeting","neutral","state_head","third_party_meeting","Chinese President Hu Jintao","Indonesian President Susilo Bambang Yudhoyono","Hanoi, Vietnam","https://www.mfa.gov.cn/web/gjhdq_676201/gj_676203/yz_676205/1206_677244/sbgx_677248/"
"Indonesia","印度尼西亚","2007-09","Bilateral meeting on sidelines of APEC Summit","leader_visit","多边/第三方会晤","Multilateral / third-party meeting","neutral","state_head","third_party_meeting","Indonesian President Susilo Bambang Yudhoyono","Chinese President Hu Jintao","Sydney, Australia","https://www.mfa.gov.cn/web/gjhdq_676201/gj_676203/yz_676205/1206_677244/sbgx_677248/"
"Indonesia","印度尼西亚","2009-06","Indonesia detains 75 Chinese fishermen","territorial","人员扣押/司法争议","Detention / judicial dispute","negative","","","","","","http://www.chinadaily.com.cn/china/2009-07/12/content_8417325_3.htm"
"Indonesia","印度尼西亚","2009-11","Bilateral meeting on sidelines of APEC Summit","leader_visit","多边/第三方会晤","Multilateral / third-party meeting","neutral","state_head","third_party_meeting","Chinese President Hu Jintao","Indonesian President Susilo Bambang Yudhoyono","Singapore","https://www.mfa.gov.cn/web/gjhdq_676201/gj_676203/yz_676205/1206_677244/sbgx_677248/"
"Indonesia","印度尼西亚","2011-04","Official visit to Indonesia","leader_visit","高层互访","High-level visit","neutral","government_head","china_to_partner","Chinese Premier Wen Jiabao","Indonesian President Susilo Bambang Yudhoyono","Jakarta, Indonesia","https://www.mfa.gov.cn/ziliao_674904/zt_674979/ywzt_675099/2011nzt_675363/wenzonglifangwenmalaixiyaheyinni_675431/201105/t20110501_7956701.shtml"
"Indonesia","印度尼西亚","2012-03","State visit to China","leader_visit","高层互访","High-level visit","neutral","state_head","partner_to_china","Indonesian President Susilo Bambang Yudhoyono","Chinese President Hu Jintao","Beijing, China","https://www.chinadaily.com.cn/china/2012-03/24/content_14902840.htm"
"Indonesia","印度尼西亚","2012-03","Bilateral meeting on sidelines of Nuclear Security Summit","leader_visit","多边/第三方会晤","Multilateral / third-party meeting","neutral","state_head","third_party_meeting","Indonesian President Susilo Bambang Yudhoyono","Chinese President Hu Jintao","Seoul, South Korea","https://www.mfa.gov.cn/web/gjhdq_676201/gj_676203/yz_676205/1206_677244/sbgx_677248/"
"Indonesia","印度尼西亚","2012-09","Bilateral meeting on sidelines of APEC Summit","leader_visit","多边/第三方会晤","Multilateral / third-party meeting","neutral","state_head","third_party_meeting","Chinese President Hu Jintao","Indonesian President Susilo Bambang Yudhoyono","Vladivostok, Russia","https://www.mfa.gov.cn/web/gjhdq_676201/gj_676203/yz_676205/1206_677244/sbgx_677248/"
"Indonesia","印度尼西亚","2013-10","China-Indonesia strategic partnership","economic","战略伙伴关系提升","Strategic partnership upgrade","positive","","","","","","https://www.fmprc.gov.cn/eng/gjhdq_665435/2675_665437/2716_663436/2718_663440/202406/t20240607_11408250.html"
"Indonesia","印度尼西亚","2013-10","State visit to Indonesia and proposal of Maritime Silk Road","leader_visit","高层互访","High-level visit","neutral","state_head","china_to_partner","Chinese President Xi Jinping","Indonesian President Susilo Bambang Yudhoyono","Jakarta, Indonesia","https://www.mfa.gov.cn/web/gjhdq_676201/gj_676203/yz_676205/1206_677244/sbgx_677248/"
"Indonesia","印度尼西亚","2013-10","Maritime Silk Road","economic","经贸互利合作","Economic win-win cooperation","positive","","","","","","http://www.xinhuanet.com/english/2018-10/03/c_137509175.htm"
"Indonesia","印度尼西亚","2014-11","State visit to China and attendance at APEC Summit","leader_visit","高层互访","High-level visit","neutral","state_head","partner_to_china","Indonesian President Joko Widodo","Chinese President Xi Jinping","Beijing, China","https://www.mfa.gov.cn/web/gjhdq_676201/gj_676203/yz_676205/1206_677244/sbgx_677248/"
"Indonesia","印度尼西亚","2014-11","Indonesia signs MoU to join AIIB as prospective founding member","economic","经贸互利合作","Economic win-win cooperation","positive","","","","","","https://www.chinadaily.com.cn/business/2014-11/28/content_18992379.htm"
"Indonesia","印度尼西亚","2015-03","Jokowi BRI Visit","economic","经贸互利合作","Economic win-win cooperation","positive","","","","","","https://id.china-embassy.gov.cn/eng/sgdt/201909/t20190902_2049102.htm"
"Indonesia","印度尼西亚","2015-03","Bilateral meeting on sidelines of Boao Forum for Asia","leader_visit","多边/第三方会晤","Multilateral / third-party meeting","neutral","state_head","third_party_meeting","Chinese President Xi Jinping","Indonesian President Joko Widodo","Boao, China","https://id.china-embassy.gov.cn/eng/ztbd/tdm22/"
"Indonesia","印度尼西亚","2015-04","Bilateral meeting on sidelines of Bandung Conference commemoration","leader_visit","多边/第三方会晤","Multilateral / third-party meeting","neutral","state_head","third_party_meeting","Chinese President Xi Jinping","Indonesian President Joko Widodo","Bandung, Indonesia","https://www.mfa.gov.cn/web/gjhdq_676201/gj_676203/yz_676205/1206_677244/sbgx_677248/"
"Indonesia","印度尼西亚","2015-04","Bilateral meeting on sidelines of Asian-African Summit","leader_visit","多边/第三方会晤","Multilateral / third-party meeting","neutral","state_head","third_party_meeting","Chinese President Xi Jinping","Indonesian President Joko Widodo","Jakarta, Indonesia","https://covid-19.chinadaily.com.cn/world/2015xivisitpse/2015-04/22/content_20517334.htm"
"Indonesia","印度尼西亚","2015-10","Jakarta-Bandung HSR agreement","economic","经贸互利合作","Economic win-win cooperation","positive","","","","","","https://english.news.cn/20221116/2478e0fce3c54115891760a908af6ea8/c.html"
"Indonesia","印度尼西亚","2015-11","Bilateral meeting on sidelines of APEC Summit","leader_visit","多边/第三方会晤","Multilateral / third-party meeting","neutral","state_head","third_party_meeting","Chinese President Xi Jinping","Indonesian President Joko Widodo","Manila, Philippines","https://www.mfa.gov.cn/web/gjhdq_676201/gj_676203/yz_676205/1206_677244/sbgx_677248/"
"Indonesia","印度尼西亚","2016-06","Natuna Fishing Dispute","territorial","主权纠纷","Sovereignty dispute","negative","","","","","","https://www.cambridge.org/core/books/abs/chinas-naval-operations-in-the-south-china-sea/chinas-natuna-island-fishing-dispute-with-indonesia/2584825B981358C8B9C5FE5DF8FBA390"
"Indonesia","印度尼西亚","2016-09","State visit to China and attendance at G20 Summit","leader_visit","高层互访","High-level visit","neutral","state_head","partner_to_china","Indonesian President Joko Widodo","Chinese President Xi Jinping","Hangzhou, China","https://www.mfa.gov.cn/web/gjhdq_676201/gj_676203/yz_676205/1206_677244/sbgx_677248/"
"Indonesia","印度尼西亚","2017-05","Attendance at Belt and Road Forum for International Cooperation","leader_visit","多边/第三方会晤","Multilateral / third-party meeting","neutral","state_head","partner_to_china","Indonesian President Joko Widodo","Chinese President Xi Jinping","Beijing, China","https://www.xinhuanet.com/english/special/201705ydylforum/index.htm"
"Indonesia","印度尼西亚","2017-11","Bilateral meeting on sidelines of APEC Summit","leader_visit","多边/第三方会晤","Multilateral / third-party meeting","neutral","state_head","third_party_meeting","Chinese President Xi Jinping","Indonesian President Joko Widodo","Da Nang, Vietnam","https://www.mfa.gov.cn/web/gjhdq_676201/gj_676203/yz_676205/1206_677244/sbgx_677248/"
"Indonesia","印度尼西亚","2018-05","China participates in Indonesia-hosted Komodo-2018 multilateral naval exercise","military","军事安全合作","Military / security cooperation","positive","","","","","","http://eng.mod.gov.cn/xb/News_213114/TopStories/4812880.html"
"Indonesia","印度尼西亚","2018-11","Bilateral meeting on sidelines of APEC Summit","leader_visit","多边/第三方会晤","Multilateral / third-party meeting","neutral","state_head","third_party_meeting","Chinese President Xi Jinping","Indonesian President Joko Widodo","Port Moresby, Papua New Guinea","https://www.mfa.gov.cn/web/gjhdq_676201/gj_676203/yz_676205/1206_677244/sbgx_677248/"
"Indonesia","印度尼西亚","2019-06","Bilateral meeting on sidelines of G20 Summit","leader_visit","多边/第三方会晤","Multilateral / third-party meeting","neutral","state_head","third_party_meeting","Chinese President Xi Jinping","Indonesian President Joko Widodo","Osaka, Japan","https://www.mfa.gov.cn/web/gjhdq_676201/gj_676203/yz_676205/1206_677244/sbgx_677248/"
"Indonesia","印度尼西亚","2020-01","Indonesia deploys ships/jets to Natuna","military","主权纠纷","Sovereignty dispute","negative","","","","","","https://il.china-embassy.gov.cn/eng//fyrth/202001/t20200108_1803031.htm"
"Indonesia","印度尼西亚","2020-03","COVID in Indonesia","crisis","疫情/灾害冲击","Pandemic / disaster shock","negative","","","","","","https://en.chinadiplomacy.org.cn/2020-04/03/content_118162130.shtml"
"Indonesia","印度尼西亚","2020-11","Virtual bilateral meeting on sidelines of G20 Summit","leader_visit","远程通话/视频会晤","Remote talk / virtual meeting","neutral","state_head","third_party_meeting","Chinese President Xi Jinping","Indonesian President Joko Widodo","Virtual (Riyadh, Saudi Arabia host)","https://www.mfa.gov.cn/web/gjhdq_676201/gj_676203/yz_676205/1206_677244/sbgx_677248/"
"Indonesia","印度尼西亚","2021-05","PLA Navy dispatched three salvage ships to assist Indonesia after the sinking of submarine KRI Nanggala-402","military","疫情/危机援助","Pandemic / crisis aid","positive","","","","","","https://www.xinhuanet.com/mil/2021-06/03/c_1211184659.htm"
"Indonesia","印度尼西亚","2021-10","Virtual bilateral meeting on sidelines of G20 Summit","leader_visit","远程通话/视频会晤","Remote talk / virtual meeting","neutral","state_head","third_party_meeting","Chinese President Xi Jinping","Indonesian President Joko Widodo","Virtual (Rome, Italy host)","https://www.mfa.gov.cn/web/gjhdq_676201/gj_676203/yz_676205/1206_677244/sbgx_677248/"
"Indonesia","印度尼西亚","2022-07","Jokowi's State Visit to China (G20 discussion)","leader_visit","高层互访","High-level visit","positive","state_head","partner_to_china","Indonesian President Joko Widodo","Chinese President Xi Jinping","Beijing, China","https://www.mfa.gov.cn/eng/zy/gb/202405/t20240531_11367468.html"
"Indonesia","印度尼西亚","2022-11","Bilateral meeting on sidelines of G20 Summit","leader_visit","多边/第三方会晤","Multilateral / third-party meeting","neutral","state_head","third_party_meeting","Chinese President Xi Jinping","Indonesian President Joko Widodo","Bali, Indonesia","https://www.mfa.gov.cn/web/gjhdq_676201/gj_676203/yz_676205/1206_677244/sbgx_677248/"
"Indonesia","印度尼西亚","2023-07","State visit to China and attendance at opening ceremony of 31st FISU World University Games","leader_visit","高层互访","High-level visit","neutral","state_head","partner_to_china","Indonesian President Joko Widodo","Chinese President Xi Jinping","Chengdu, China","https://www.mfa.gov.cn/web/gjhdq_676201/gj_676203/yz_676205/1206_677244/sbgx_677248/"
"Indonesia","印度尼西亚","2023-10","Jakarta-Bandung HSR starts operation","economic","经贸互利合作","Economic win-win cooperation","positive","","","","","","https://english.news.cn/20231015/61da5a0042ff4f51a47cf1aea58a9bae/c.html"
"Indonesia","印度尼西亚","2023-10","Attendance at Belt and Road Forum for International Cooperation","leader_visit","多边/第三方会晤","Multilateral / third-party meeting","neutral","state_head","partner_to_china","Indonesian President Joko Widodo","Chinese President Xi Jinping","Beijing, China","https://www.mfa.gov.cn/web/gjhdq_676201/gj_676203/yz_676205/1206_677244/sbgx_677248/"
"Indonesia","印度尼西亚","2024-04","Indonesian President-elect Prabowo visits China","leader_visit","高层互访","High-level visit","neutral","state_head","partner_to_china","","","","https://www.mfa.gov.cn/web/gjhdq_676201/gj_676203/yz_676205/1206_677244/sbgx_677248/"
"Indonesia","印度尼西亚","2024-10","Vice President Han Zheng attends Prabowo inauguration and visits Indonesia","leader_visit","高层互访","High-level visit","neutral","state_head","china_to_partner","","","","https://www.mfa.gov.cn/web/gjhdq_676201/gj_676203/yz_676205/1206_677244/sbgx_677248/"
"Indonesia","印度尼西亚","2024-11","State visit to China by Prabowo","leader_visit","高层互访","High-level visit","neutral","state_head","partner_to_china","Indonesian President Prabowo Subianto","Chinese President Xi","Beijing, China","https://www.mfa.gov.cn/web/gjhdq_676201/gj_676203/yz_676205/1206_677244/sbgx_677248/"
"Indonesia","印度尼西亚","2025-05","Li Qiang official visit to Indonesia","leader_visit","高层互访","High-level visit","neutral","government_head","china_to_partner","","","","https://www.mfa.gov.cn/web/gjhdq_676201/gj_676203/yz_676205/1206_677244/sbgx_677248/"
"Indonesia","印度尼西亚","2025-09","President Prabowo visits China for WWII 80th anniversary commemoration","leader_visit","高层互访","High-level visit","neutral","state_head","partner_to_china","","","","https://www.mfa.gov.cn/web/gjhdq_676201/gj_676203/yz_676205/1206_677244/sbgx_677248/"
"Indonesia","印度尼西亚","2025-12","CPPCC Chairman Wang Huning official friendly visit to Indonesia","leader_visit","高层互访","High-level visit","neutral","government_head","china_to_partner","","","","https://www.mfa.gov.cn/web/gjhdq_676201/gj_676203/yz_676205/1206_677244/sbgx_677248/"
"Iran","伊朗","2002-04","State visit to Iran","leader_visit","高层互访","High-level visit","neutral","state_head","china_to_partner","Chinese President Jiang Zemin","Iranian President Mohammad Khatami","Tehran, Iran","https://www.mfa.gov.cn/gjhdq_676201/gj_676203/yz_676205/1206_677172/xgxw_677178/200204/t20020421_8006608.shtml"
"Iran","伊朗","2004-10","Sinopec signs US$70 billion Yadavaran oil and gas deal","economic","经贸互利合作","Economic win-win cooperation","positive","","","","","","http://www.chinadaily.com.cn/english/doc/2004-10/31/content_387140.htm"
"Iran","伊朗","2006-06","Ahmadinejad attends SCO summit and meets Hu Jintao in Shanghai","leader_visit","多边/第三方会晤","Multilateral / third-party meeting","neutral","state_head","partner_to_china","Iranian President Mahmoud Ahmadinejad","Chinese President Hu Jintao","Shanghai, China","https://www.mfa.gov.cn/gjhdq_676201/gj_676203/yz_676205/1206_677172/xgxw_677178/200606/t20060616_8006637.shtml"
"Iran","伊朗","2006-12","UNSC Resolution 1737 sanctions on Iran (China votes in favour)","sanctions","经贸制裁/关税壁垒","Economic sanction / tariff barrier","negative","","","","","","https://main.un.org/securitycouncil/zh/s/res/1737-%282006%29"
"Iran","伊朗","2010-06","UNSC Resolution 1929 fourth round sanctions on Iran (China votes in favour)","sanctions","经贸制裁/关税壁垒","Economic sanction / tariff barrier","negative","","","","","","https://main.un.org/securitycouncil/en/s/res/1929-%282010%29"
"Iran","伊朗","2014-05","State visit to China and attendance at CICA summit","leader_visit","多边/第三方会晤","Multilateral / third-party meeting","positive","state_head","partner_to_china","Iranian President Hassan Rouhani","Chinese President Xi Jinping","Shanghai, China","https://tl.china-embassy.gov.cn/eng/xwdt/201405/t20140513_1140778.htm"
"Iran","伊朗","2015-07","Joint Comprehensive Plan of Action (JCPOA) signed","diplomatic","战略伙伴关系提升","Strategic partnership upgrade","positive","","","","","","https://2009-2017.state.gov/e/eb/tfs/spi/iran/jcpoa/"
"Iran","伊朗","2016-01","State visit to Iran and establishment of comprehensive strategic partnership","leader_visit","高层互访","High-level visit","positive","state_head","china_to_partner","Chinese President Xi Jinping","Iranian President Hassan Rouhani","Tehran, Iran","https://www.chinadaily.com.cn/world/2016xivisitmiddleeast/2016-01/23/content_23215522.htm"
"Iran","伊朗","2018-05","US withdraws from JCPOA and reimposes sanctions; China opposes unilateral sanctions","diplomatic","经贸制裁/关税壁垒","Economic sanction / tariff barrier","negative","","","","","","https://news.cctv.com/2018/05/08/ARTIhtuVrZhXJbHgtFqNwRob180508.shtml"
"Iran","伊朗","2020-03","China donates COVID-19 medical supplies to Iran","pandemic","疫情/危机援助","Pandemic / crisis aid","positive","","","","","","https://en.nhc.gov.cn/2020-03/20/c_78040.htm"
"Iran","伊朗","2021-03","China and Iran sign 25-year comprehensive cooperation plan","strategic","战略伙伴关系提升","Strategic partnership upgrade","positive","","","","","","https://www.mfa.gov.cn/web/gjhdq_676201/gj_676203/yz_676205/1206_677172/xgxw_677178/202103/t20210328_9181805.shtml"
"Iran","伊朗","2022-01","China and Iran launch implementation of comprehensive cooperation plan","strategic","战略伙伴关系提升","Strategic partnership upgrade","positive","","","","","","https://news.cgtn.com/news/2022-01-15/Chinese-FM-holds-talks-with-Iranian-counterpart-on-bilateral-ties-16PLyfyuh1K/index.html"
"Iran","伊朗","2023-02","State visit to China","leader_visit","高层互访","High-level visit","positive","state_head","partner_to_china","Iranian President Ebrahim Raisi","Chinese President Xi Jinping","Beijing, China","http://en.people.cn/n3/2023/0212/c90000-10206538.html"
"Iran","伊朗","2023-03","China-brokered Saudi-Iran rapprochement restores diplomatic ties","diplomatic","战略伙伴关系提升","Strategic partnership upgrade","positive","","","","","","https://www.mfa.gov.cn/mfa_eng/zy/gb/202405/t20240531_11367487.html"
"Iran","伊朗","2023-07","Iran officially becomes full member of Shanghai Cooperation Organization","strategic","多边/第三方会晤","Multilateral / third-party meeting","positive","","","","","","https://news.cgtn.com/news/2023-07-05/VHJhbnNjcmlwdDczMzA2/index.html"
"Iran","伊朗","2024-12","Official visit to Iran","leader_visit","高层互访","High-level visit","neutral","government_head","china_to_partner","Chinese Vice Premier Zhang Guoqing","Iranian First Vice President Mohammad Reza Aref","Tehran, Iran","https://www.mfa.gov.cn/wjdt_674879/wsrc_674883/202412/t20241202_11536378.shtml"
"Iran","伊朗","2025-09","State visit to China","leader_visit","高层互访","High-level visit","neutral","state_head","partner_to_china","Iranian President Masoud Pezeshkian","Chinese President Xi Jinping","Beijing, China","https://www.mfa.gov.cn/web/gjhdq_676201/gj_676203/yz_676205/1206_677172/sbgx_677176/"
"Italy","意大利","2004-05","Official visit to Italy","leader_visit","高层互访","High-level visit","positive","government_head","china_to_partner","","","","https://www.mfa.gov.cn/web/gjhdq_676201/gj_676203/oz_678770/1206_679882/sbgx_679886/"
"Italy","意大利","2004-05","Comprehensive strategic partnership established","strategic","战略伙伴关系提升","Strategic partnership upgrade","positive","","","","","","http://www.chinadaily.com.cn/english/doc/2004-05/09/content_329160.htm"
"Italy","意大利","2008-08","Attends Beijing Olympics opening ceremony","leader_visit","高层互访","High-level visit","positive","government_head","third_party_meeting","","","","https://www.mfa.gov.cn/web/gjhdq_676201/gj_676203/oz_678770/1206_679882/sbgx_679886/"
"Italy","意大利","2010-10","Italy-China cultural cooperation programme","diplomatic","人文交流合作","Cultural / people-to-people cooperation","positive","","","","","","http://www.china.org.cn/world/2010-10/08/content_21076435.htm"
"Italy","意大利","2014-06","Official visit to Italy","leader_visit","高层互访","High-level visit","positive","government_head","china_to_partner","","","","https://www.mfa.gov.cn/web/gjhdq_676201/gj_676203/oz_678770/1206_679882/sbgx_679886/"
"Italy","意大利","2015-03","ChemChina agrees to acquire Pirelli","economic","经贸互利合作","Economic win-win cooperation","positive","","","","","","https://www.sinochem.com/Portals/164/zt/portal/sj/webinfo/2015/03/1427071078121061.htm"
"Italy","意大利","2019-03","State visit to Italy","leader_visit","高层互访","High-level visit","positive","state_head","china_to_partner","","","","https://www.mfa.gov.cn/web/gjhdq_676201/gj_676203/oz_678770/1206_679882/sbgx_679886/"
"Italy","意大利","2019-03","Belt and Road Initiative MoU signed","strategic","战略伙伴关系提升","Strategic partnership upgrade","positive","","","","","","https://www.iai.it/en/publications/c03/belt-and-road-initiative-italy-ports-genoa-and-trieste"
"Italy","意大利","2019-03","Deals worth 2.5 billion euros signed","economic","经贸互利合作","Economic win-win cooperation","positive","","","","","","https://www.reuters.com/article/us-italy-china-dimaio-idUSKCN1R40I0"
"Italy","意大利","2020-03","China sends COVID-19 medical aid and experts","crisis","疫情/危机援助","Pandemic / crisis aid","positive","","","","","","http://www.xinhuanet.com/english/2020-03/12/c_138870909.htm"
"Italy","意大利","2020-10","Italy blocks Fastweb-Huawei 5G core deal (de-facto restriction)","policy","科技管制/出口限制","Tech control / export restriction","negative","","","","","","https://www.euractiv.com/news/italy-vetoes-5g-deal-between-fastweb-and-chinas-huawei-sources"
"Italy","意大利","2021-11","Italy and China agree on second round of third-party market cooperation projects","economic","经贸互利合作","Economic win-win cooperation","positive","","","","","","https://www.fmprc.gov.cn/eng/gjhdq_665435/3265_665445/3291_664540/"
"Italy","意大利","2023-09","Italy-China Intergovernmental Committee meeting","diplomatic","多边/第三方会晤","Multilateral / third-party meeting","positive","","","","","","https://un.china-mission.gov.cn/eng/zgyw/202312/t20231215_11203016.htm"
"Italy","意大利","2023-12","Italy withdraws from Belt and Road Initiative","diplomatic","政策转向/国内政治","Policy shift / domestic politics","negative","","","","","","https://www.iai.it/en/publications/c05/timing-everything-italy-withdraws-belt-and-road-initiative"
"Italy","意大利","2024-07","Official visit to China","leader_visit","高层互访","High-level visit","positive","government_head","partner_to_china","","","","https://www.mfa.gov.cn/web/gjhdq_676201/gj_676203/oz_678770/1206_679882/sbgx_679886/"
"Italy","意大利","2024-07","2024-2027 action plan on strengthening comprehensive strategic partnership","strategic","战略伙伴关系提升","Strategic partnership upgrade","positive","","","","","","https://www.gov.cn/yaowen/liebiao/202407/content_6965137.htm"
"Japan","日本","2003-06","Meeting on sidelines of G8 Summit in Evian","leader_visit","多边/第三方会晤","Multilateral / third-party meeting","neutral","state_head","third_party_meeting","Chinese President Hu Jintao","Japanese Prime Minister Junichiro Koizumi","Evian, France","http://www.china.org.cn/english/international/174652.htm"
"Japan","日本","2003-10","Meeting on sidelines of APEC Summit in Bangkok","leader_visit","多边/第三方会晤","Multilateral / third-party meeting","neutral","state_head","third_party_meeting","Chinese President Hu Jintao","Japanese Prime Minister Junichiro Koizumi","Bangkok, Thailand","https://www.mfa.gov.cn/gjhdq_676201/gj_676203/yz_676205/1206_676836/sbgx_676840/"
"Japan","日本","2004-11","Meeting on sidelines of APEC Summit in Santiago","leader_visit","多边/第三方会晤","Multilateral / third-party meeting","neutral","state_head","third_party_meeting","Chinese President Hu Jintao","Japanese Prime Minister Junichiro Koizumi","Santiago, Chile","https://www.mfa.gov.cn/gjhdq_676201/gj_676203/yz_676205/1206_676836/sbgx_676840/"
"Japan","日本","2005-04","Anti-Japanese protests across major Chinese cities","diplomatic","外交抗议/摩擦","Diplomatic protest / friction","negative","","","","","","https://www.chinadaily.com.cn/english/doc/2005-04/17/content_434881.htm"
"Japan","日本","2005-04","Meeting on sidelines of Asia-Africa Summit in Jakarta","leader_visit","多边/第三方会晤","Multilateral / third-party meeting","neutral","state_head","third_party_meeting","Chinese President Hu Jintao","Japanese Prime Minister Junichiro Koizumi","Jakarta, Indonesia","https://www.mfa.gov.cn/gjhdq_676201/gj_676203/yz_676205/1206_676836/sbgx_676840/"
"Japan","日本","2005-06","Senkaku/Diaoyu fishing boat standoff","territorial","主权纠纷","Sovereignty dispute","negative","","","","","","https://www.chinadaily.com.cn/english/doc/2005-06/10/content_450424.htm"
"Japan","日本","2006-10","Abe First Visit","leader_visit","高层互访","High-level visit","positive","government_head","partner_to_china","","","","https://www.mfa.gov.cn/gjhdq_676201/gj_676203/yz_676205/1206_676836/sbgx_676840/"
"Japan","日本","2007-01","Meeting on sidelines of East Asia Summit in Cebu","leader_visit","多边/第三方会晤","Multilateral / third-party meeting","neutral","government_head","third_party_meeting","Chinese Premier Wen Jiabao","Japanese Prime Minister Shinzo Abe","Cebu, Philippines","https://www.mfa.gov.cn/gjhdq_676201/gj_676203/yz_676205/1206_676836/sbgx_676840/"
"Japan","日本","2007-04","Official visit to Japan for bilateral talks","leader_visit","高层互访","High-level visit","neutral","government_head","china_to_partner","Chinese Premier Wen Jiabao","Japanese Prime Minister Shinzo Abe","Tokyo","https://www.mfa.gov.cn/gjhdq_676201/gj_676203/yz_676205/1206_676836/sbgx_676840/"
"Japan","日本","2007-12","Official visit to China for bilateral summit","leader_visit","高层互访","High-level visit","neutral","government_head","partner_to_china","Japanese Prime Minister Yasuo Fukuda","Chinese President Hu Jintao","Beijing","https://www.mfa.gov.cn/gjhdq_676201/gj_676203/yz_676205/1206_676836/sbgx_676840/"
"Japan","日本","2008-05","State visit to Japan for bilateral summit","leader_visit","高层互访","High-level visit","neutral","state_head","china_to_partner","Chinese President Hu Jintao","Japanese Prime Minister Yasuo Fukuda","Tokyo","https://www.mfa.gov.cn/gjhdq_676201/gj_676203/yz_676205/1206_676836/sbgx_676840/"
"Japan","日本","2008-05","Hu Visits Japan","leader_visit","高层互访","High-level visit","positive","state_head","china_to_partner","","","","https://www.mfa.gov.cn/gjhdq_676201/gj_676203/yz_676205/1206_676836/sbgx_676840/"
"Japan","日本","2008-05","China-Japan Joint Statement on strategic mutually beneficial relations","economic","战略伙伴关系提升","Strategic partnership upgrade","positive","","","","","","https://www.mfa.gov.cn/web/ziliao_674904/1179_674909/200805/t20080508_7947158.shtml"
"Japan","日本","2008-07","Meeting on sidelines of G8 Summit in Toyako","leader_visit","多边/第三方会晤","Multilateral / third-party meeting","neutral","state_head","third_party_meeting","Chinese President Hu Jintao","Japanese Prime Minister Yasuo Fukuda","Toyako, Japan","https://www.mfa.gov.cn/gjhdq_676201/gj_676203/yz_676205/1206_676836/sbgx_676840/"
"Japan","日本","2008-11","Meeting on sidelines of APEC Summit in Lima","leader_visit","多边/第三方会晤","Multilateral / third-party meeting","neutral","state_head","third_party_meeting","Chinese President Hu Jintao","Japanese Prime Minister Taro Aso","Lima, Peru","https://www.mfa.gov.cn/gjhdq_676201/gj_676203/yz_676205/1206_676836/sbgx_676840/"
"Japan","日本","2009-04","Official visit to China for bilateral talks","leader_visit","高层互访","High-level visit","neutral","government_head","partner_to_china","Japanese Prime Minister Taro Aso","Chinese Premier Wen Jiabao","Beijing","https://www.mfa.gov.cn/gjhdq_676201/gj_676203/yz_676205/1206_676836/sbgx_676840/"
"Japan","日本","2009-06","China and Japan hold 10th round of strategic dialogue in Beijing","diplomatic","战略伙伴关系提升","Strategic partnership upgrade","positive","","","","","","http://www.china.org.cn/international/2009-06/24/content_18003399.htm"
"Japan","日本","2009-09","Meeting on sidelines of UN General Assembly in New York","leader_visit","多边/第三方会晤","Multilateral / third-party meeting","neutral","state_head","third_party_meeting","Chinese President Hu Jintao","Japanese Prime Minister Yukio Hatoyama","New York, USA","https://www.mfa.gov.cn/gjhdq_676201/gj_676203/yz_676205/1206_676836/sbgx_676840/"
"Japan","日本","2009-11","Meeting on sidelines of APEC Summit in Singapore","leader_visit","多边/第三方会晤","Multilateral / third-party meeting","neutral","state_head","third_party_meeting","Chinese President Hu Jintao","Japanese Prime Minister Yukio Hatoyama","Singapore","https://www.chinanews.com.cn/special/2009/11-06/APEC.shtml"
"Japan","日本","2010-04","Meeting on sidelines of Nuclear Security Summit in Washington","leader_visit","多边/第三方会晤","Multilateral / third-party meeting","neutral","state_head","third_party_meeting","Chinese President Hu Jintao","Japanese Prime Minister Yukio Hatoyama","Washington, D.C., USA","https://www.mfa.gov.cn/gjhdq_676201/gj_676203/yz_676205/1206_676836/sbgx_676840/"
"Japan","日本","2010-04","Fifth round of trilateral senior foreign affairs officials' consultation of China, Japan and the ROK in Jeju","diplomatic","多边/第三方会晤","Multilateral / third-party meeting","positive","","","","","","https://www.fmprc.gov.cn/mfa_eng/gjhdq_665435/2675_665437/2767_663538/2769_663542/202406/t20240607_11412704.html"
"Japan","日本","2010-05","Official visit to Japan for bilateral talks","leader_visit","高层互访","High-level visit","neutral","government_head","china_to_partner","Chinese Premier Wen Jiabao","Japanese Prime Minister Yukio Hatoyama","Tokyo","https://www.mfa.gov.cn/gjhdq_676201/gj_676203/yz_676205/1206_676836/sbgx_676840/"
"Japan","日本","2010-06","Meeting on sidelines of G20 Summit in Toronto","leader_visit","多边/第三方会晤","Multilateral / third-party meeting","neutral","government_head","third_party_meeting","Japanese Prime Minister Naoto Kan","Chinese President Hu Jintao","Toronto, Canada","https://www.mfa.gov.cn/gjhdq_676201/gj_676203/yz_676205/1206_676836/sbgx_676840/"
"Japan","日本","2010-09","Senkaku Boat Collision","territorial","主权纠纷","Sovereignty dispute","negative","","","","","","https://news.cntv.cn/special/zrczxz/shouye/index.shtml"
"Japan","日本","2010-10","Meeting on sidelines of East Asia Summit in Hanoi","leader_visit","多边/第三方会晤","Multilateral / third-party meeting","neutral","government_head","third_party_meeting","Chinese Premier Wen Jiabao","Japanese Prime Minister Naoto Kan","Hanoi, Vietnam","https://www.mfa.gov.cn/gjhdq_676201/gj_676203/yz_676205/1206_676836/sbgx_676840/"
"Japan","日本","2010-11","Meeting on sidelines of APEC Summit in Yokohama","leader_visit","多边/第三方会晤","Multilateral / third-party meeting","neutral","state_head","third_party_meeting","Chinese President Hu Jintao","Japanese Prime Minister Naoto Kan","Yokohama, Japan","https://www.mfa.gov.cn/gjhdq_676201/gj_676203/yz_676205/1206_676836/sbgx_676840/"
"Japan","日本","2011-05","Official visit to Japan for bilateral talks","leader_visit","高层互访","High-level visit","neutral","government_head","china_to_partner","Chinese Premier Wen Jiabao","Japanese Prime Minister Naoto Kan","Tokyo","https://www.mfa.gov.cn/gjhdq_676201/gj_676203/yz_676205/1206_676836/sbgx_676840/"
"Japan","日本","2011-11","Meeting on sidelines of APEC Summit in Honolulu","leader_visit","多边/第三方会晤","Multilateral / third-party meeting","neutral","state_head","third_party_meeting","Chinese President Hu Jintao","Japanese Prime Minister Yoshihiko Noda","Honolulu, USA","https://www.mfa.gov.cn/gjhdq_676201/gj_676203/yz_676205/1206_676836/sbgx_676840/"
"Japan","日本","2011-12","Official visit to China for bilateral talks","leader_visit","高层互访","High-level visit","neutral","state_head","partner_to_china","Japanese Prime Minister Yoshihiko Noda","Chinese President Hu Jintao","Beijing","http://usa.chinadaily.com.cn/world/2011-12/27/content_14331920.htm"
"Japan","日本","2011-12","Official visit to China for bilateral summit","leader_visit","高层互访","High-level visit","neutral","government_head","partner_to_china","Japanese Prime Minister Yoshihiko Noda","Chinese President Hu Jintao","Beijing","https://www.mfa.gov.cn/gjhdq_676201/gj_676203/yz_676205/1206_676836/sbgx_676840/"
"Japan","日本","2012-05","Meeting on sidelines of China-Japan-Korea summit in Beijing","leader_visit","多边/第三方会晤","Multilateral / third-party meeting","neutral","government_head","partner_to_china","Japanese Prime Minister Yoshihiko Noda","Chinese Premier Wen Jiabao","Beijing","https://www.chinadaily.com.cn/china/2012-05/13/content_15279400.htm"
"Japan","日本","2012-09","Meeting on sidelines of APEC Summit in Vladivostok","leader_visit","多边/第三方会晤","Multilateral / third-party meeting","neutral","state_head","third_party_meeting","Chinese President Hu Jintao","Japanese Prime Minister Yoshihiko Noda","Vladivostok, Russia","https://www.mfa.gov.cn/gjhdq_676201/gj_676203/yz_676205/1206_676836/sbgx_676840/"
"Japan","日本","2012-09","Nationalization of Senkaku","territorial","主权纠纷","Sovereignty dispute","negative","","","","","","https://www.mfa.gov.cn/diaoyudao/chn/flfg/zcfg/201510/t20151009_8560594.htm"
"Japan","日本","2013-11","China declares East China Sea ADIZ","military","主权纠纷","Sovereignty dispute","negative","","","","","","https://cpc.people.com.cn/n/2013/1124/c64387-23636917.html"
"Japan","日本","2014-07","Japan allows collective self-defense","policy","政策转向/国内政治","Policy shift / domestic politics","negative","","","","","","http://www.chinadaily.com.cn/world/2014-07/01/content_17630033.htm"
"Japan","日本","2014-11","APEC Xi-Abe Meeting","leader_visit","多边/第三方会晤","Multilateral / third-party meeting","positive","state_head","third_party_meeting","","","","https://www.mfa.gov.cn/gjhdq_676201/gj_676203/yz_676205/1206_676836/sbgx_676840/"
"Japan","日本","2014-11","Meeting on sidelines of APEC Summit in Beijing","leader_visit","多边/第三方会晤","Multilateral / third-party meeting","neutral","state_head","third_party_meeting","Chinese President Xi Jinping","Japanese Prime Minister Shinzo Abe","Beijing","https://www.mfa.gov.cn/gjhdq_676201/gj_676203/yz_676205/1206_676836/sbgx_676840/"
"Japan","日本","2015-04","Meeting on sidelines of Asia-Africa Summit in Jakarta","leader_visit","多边/第三方会晤","Multilateral / third-party meeting","neutral","state_head","third_party_meeting","Chinese President Xi Jinping","Japanese Prime Minister Shinzo Abe","Jakarta, Indonesia","https://www.mfa.gov.cn/gjhdq_676201/gj_676203/yz_676205/1206_676836/sbgx_676840/"
"Japan","日本","2015-07","Japan protests China ECS gas drilling","territorial","主权纠纷","Sovereignty dispute","negative","","","","","","https://www.fmprc.gov.cn/eng/zy/gb/202405/t20240531_11367301.html"
"Japan","日本","2015-11","Meeting on sidelines of APEC Summit in Manila","leader_visit","多边/第三方会晤","Multilateral / third-party meeting","neutral","state_head","third_party_meeting","Chinese President Xi Jinping","Japanese Prime Minister Shinzo Abe","Manila, Philippines","https://www.mfa.gov.cn/gjhdq_676201/gj_676203/yz_676205/1206_676836/sbgx_676840/"
"Japan","日本","2016-09","Meeting on sidelines of G20 Summit in Hangzhou","leader_visit","多边/第三方会晤","Multilateral / third-party meeting","neutral","state_head","third_party_meeting","Chinese President Xi Jinping","Japanese Prime Minister Shinzo Abe","Hangzhou, China","https://www.mfa.gov.cn/gjhdq_676201/gj_676203/yz_676205/1206_676836/sbgx_676840/"
"Japan","日本","2016-11","Meeting on sidelines of APEC Summit in Lima","leader_visit","多边/第三方会晤","Multilateral / third-party meeting","neutral","state_head","third_party_meeting","Chinese President Xi Jinping","Japanese Prime Minister Shinzo Abe","Lima, Peru","https://www.mfa.gov.cn/gjhdq_676201/gj_676203/yz_676205/1206_676836/sbgx_676840/"
"Japan","日本","2017-07","Meeting on sidelines of G20 Summit in Hamburg","leader_visit","多边/第三方会晤","Multilateral / third-party meeting","neutral","state_head","third_party_meeting","Chinese President Xi Jinping","Japanese Prime Minister Shinzo Abe","Hamburg, Germany","https://www.mfa.gov.cn/gjhdq_676201/gj_676203/yz_676205/1206_676836/sbgx_676840/"
"Japan","日本","2017-11","Meeting on sidelines of APEC Summit in Da Nang","leader_visit","多边/第三方会晤","Multilateral / third-party meeting","neutral","state_head","third_party_meeting","Chinese President Xi Jinping","Japanese Prime Minister Shinzo Abe","Da Nang, Vietnam","https://www.mfa.gov.cn/gjhdq_676201/gj_676203/yz_676205/1206_676836/sbgx_676840/"
"Japan","日本","2018-05","Official visit to Japan for bilateral talks","leader_visit","高层互访","High-level visit","neutral","government_head","china_to_partner","Chinese Premier Li Keqiang","Japanese Prime Minister Shinzo Abe","Tokyo","https://www.mfa.gov.cn/gjhdq_676201/gj_676203/yz_676205/1206_676836/sbgx_676840/"
"Japan","日本","2018-06","China-Japan maritime liaison starts","economic","军事安全合作","Military / security cooperation","positive","","","","","","https://www.chinadaily.com.cn/a/201907/25/WS5d38f349a310d83056400dc1_7.html"
"Japan","日本","2018-09","Meeting on sidelines of Eastern Economic Forum in Vladivostok","leader_visit","多边/第三方会晤","Multilateral / third-party meeting","neutral","state_head","third_party_meeting","Chinese President Xi Jinping","Japanese Prime Minister Shinzo Abe","Vladivostok, Russia","https://www.mfa.gov.cn/gjhdq_676201/gj_676203/yz_676205/1206_676836/sbgx_676840/"
"Japan","日本","2018-10","Official visit to China for bilateral summit","leader_visit","高层互访","High-level visit","neutral","government_head","partner_to_china","Japanese Prime Minister Shinzo Abe","Chinese President Xi Jinping","Beijing","https://www.chinadaily.com.cn/a/201810/27/WS5bd37666a310eff303284e18.html"
"Japan","日本","2018-10","Abe Official Visit","leader_visit","高层互访","High-level visit","positive","government_head","partner_to_china","","","","https://www.mfa.gov.cn/gjhdq_676201/gj_676203/yz_676205/1206_676836/sbgx_676840/"
"Japan","日本","2018-11","Meeting on sidelines of APEC Summit in Port Moresby","leader_visit","多边/第三方会晤","Multilateral / third-party meeting","neutral","state_head","third_party_meeting","Chinese President Xi Jinping","Japanese Prime Minister Shinzo Abe","Port Moresby, Papua New Guinea","https://www.mofa.go.jp/ecm/apec/page22e_000869.html"
"Japan","日本","2019-06","Meeting on sidelines of G20 Summit in Osaka","leader_visit","多边/第三方会晤","Multilateral / third-party meeting","neutral","state_head","third_party_meeting","Chinese President Xi Jinping","Japanese Prime Minister Shinzo Abe","Osaka, Japan","https://www.mfa.gov.cn/gjhdq_676201/gj_676203/yz_676205/1206_676836/sbgx_676840/"
"Japan","日本","2019-11","Meeting on sidelines of East Asia Summit in Bangkok","leader_visit","多边/第三方会晤","Multilateral / third-party meeting","neutral","government_head","third_party_meeting","Chinese Premier Li Keqiang","Japanese Prime Minister Shinzo Abe","Bangkok, Thailand","http://www.xinhuanet.com/english/2019-11/04/c_138527607.htm"
"Japan","日本","2020-09","Telephone conversation (counted as virtual meeting due to COVID-19)","leader_visit","远程通话/视频会晤","Remote talk / virtual meeting","neutral","state_head","third_party_meeting","Chinese President Xi Jinping","Japanese Prime Minister Yoshihide Suga","Virtual","https://www.mfa.gov.cn/gjhdq_676201/gj_676203/yz_676205/1206_676836/sbgx_676840/"
"Japan","日本","2020-11","RCEP Signed","economic","经贸互利合作","Economic win-win cooperation","positive","","","","","","https://www.mct.gov.cn/whzx/whyw/202011/t20201116_902722.htm"
"Japan","日本","2021-04","Japan approves Fukushima water release","crisis","外交抗议/摩擦","Diplomatic protest / friction","negative","","","","","","https://www.bbc.com/news/world-asia-56728068"
"Japan","日本","2021-10","Telephone conversation (counted as virtual meeting due to COVID-19)","leader_visit","远程通话/视频会晤","Remote talk / virtual meeting","neutral","state_head","third_party_meeting","Chinese President Xi Jinping","Japanese Prime Minister Fumio Kishida","Virtual","https://www.mfa.gov.cn/gjhdq_676201/gj_676203/yz_676205/1206_676836/sbgx_676840/"
"Japan","日本","2022-08","Taiwan Tensions","military","主权纠纷","Sovereignty dispute","negative","","","","","","https://www.chinadaily.com.cn/a/202208/24/WS63060ccea310fd2b29e740a5.html"
"Japan","日本","2022-11","Meeting on sidelines of APEC Summit in Bangkok","leader_visit","多边/第三方会晤","Multilateral / third-party meeting","neutral","state_head","third_party_meeting","Chinese President Xi Jinping","Japanese Prime Minister Fumio Kishida","Bangkok, Thailand","https://www.mfa.gov.cn/gjhdq_676201/gj_676203/yz_676205/1206_676836/sbgx_676840/"
"Japan","日本","2023-09","Meeting on sidelines of G20 Summit in New Delhi","leader_visit","多边/第三方会晤","Multilateral / third-party meeting","neutral","government_head","third_party_meeting","Chinese Premier Li Qiang","Japanese Prime Minister Fumio Kishida","New Delhi, India","https://www.mfa.gov.cn/web/wjb_673085/zzjg_673183/xws_674681/xgxw_674683/202309/t20230910_11140667.shtml"
"Japan","日本","2023-11","Meeting on sidelines of APEC Summit in San Francisco","leader_visit","多边/第三方会晤","Multilateral / third-party meeting","neutral","state_head","third_party_meeting","Chinese President Xi Jinping","Japanese Prime Minister Fumio Kishida","San Francisco, USA","https://www.mfa.gov.cn/gjhdq_676201/gj_676203/yz_676205/1206_676836/sbgx_676840/"
"Japan","日本","2024-05","Li Qiang meets PM Kishida on sidelines of China-Japan-Korea leaders meeting in Seoul","leader_visit","多边/第三方会晤","Multilateral / third-party meeting","neutral","government_head","third_party_meeting","","","","https://www.mfa.gov.cn/gjhdq_676201/gj_676203/yz_676205/1206_676836/sbgx_676840/"
"Japan","日本","2024-10","Li Qiang meets PM Ishiba on sidelines of East Asia Summit","leader_visit","多边/第三方会晤","Multilateral / third-party meeting","neutral","government_head","third_party_meeting","","","","https://www.mfa.gov.cn/gjhdq_676201/gj_676203/yz_676205/1206_676836/sbgx_676840/"
"Japan","日本","2024-11","Meeting on sidelines of APEC Summit in Lima","leader_visit","多边/第三方会晤","Multilateral / third-party meeting","neutral","state_head","third_party_meeting","Chinese President Xi Jinping","Japanese Prime Minister Shigeru Ishiba","Lima, Peru","https://www.mfa.gov.cn/gjhdq_676201/gj_676203/yz_676205/1206_676836/sbgx_676840/"
"Japan","日本","2025-10","Xi meets PM Sanae Takaichi on sidelines of APEC Gyeongju","leader_visit","多边/第三方会晤","Multilateral / third-party meeting","neutral","state_head","third_party_meeting","","","","https://www.mfa.gov.cn/gjhdq_676201/gj_676203/yz_676205/1206_676836/sbgx_676840/"
"Japan","日本","2025-11","Japanese PM Takaichi links Taiwan contingency to 'survival-threatening situation'","policy","战略定位负面","Negative strategic positioning","negative","","","","","","https://www.chinadaily.com.cn/a/202511/13/WS6915466ba310d6866eb294bd.html"
"Malaysia","马来西亚","2004-05","Official visit to China by Malaysian Prime Minister Abdullah Badawi","leader_visit","高层互访","High-level visit","neutral","government_head","partner_to_china","Abdullah Ahmad Badawi","Wen Jiabao","Beijing","http://www.china.org.cn/english/2004/May/96837.htm"
"Malaysia","马来西亚","2004-05","China-Malaysia Joint Communique on strategic cooperation","strategic","战略伙伴关系提升","Strategic partnership upgrade","positive","","","","","","http://www.china.org.cn/english/2004/May/96837.htm"
"Malaysia","马来西亚","2005-12","Official visit to Malaysia by Chinese Premier Wen Jiabao","leader_visit","高层互访","High-level visit","neutral","government_head","china_to_partner","Wen Jiabao","Abdullah Ahmad Badawi","Kuala Lumpur","https://www.fmprc.gov.cn/eng./zy/gb/202405/t20240531_11367157.html"
"Malaysia","马来西亚","2009-11","State visit to Malaysia by Chinese President Hu Jintao","leader_visit","高层互访","High-level visit","neutral","state_head","china_to_partner","Hu Jintao","Mizan Zainal Abidin","Kuala Lumpur","https://www.fmprc.gov.cn/eng/gjhdq_665435/2675_665437/2732_663468/2734_663472/202406/t20240607_11410648.html"
"Malaysia","马来西亚","2011-04","Official visit to Malaysia by Chinese Premier Wen Jiabao","leader_visit","高层互访","High-level visit","neutral","government_head","china_to_partner","Wen Jiabao","Najib Razak","Kuala Lumpur","https://id.china-embassy.gov.cn/eng/ztbd/12qw/201104/t20110425_2345833.htm"
"Malaysia","马来西亚","2013-10","State visit to Malaysia by Chinese President Xi Jinping","leader_visit","高层互访","High-level visit","positive","state_head","china_to_partner","Xi Jinping","Najib Razak","Kuala Lumpur","https://pk.china-embassy.gov.cn/eng/zgxw/201310/t20131006_1222363.htm"
"Malaysia","马来西亚","2013-10","China-Malaysia comprehensive strategic partnership established","strategic","战略伙伴关系提升","Strategic partnership upgrade","positive","","","","","","https://pk.china-embassy.gov.cn/eng/zgxw/201310/t20131006_1222363.htm"
"Malaysia","马来西亚","2014-03","Malaysia Airlines Flight MH370 disappearance","diplomatic","疫情/灾害冲击","Pandemic / disaster shock","negative","","","","","","http://news.xinhuanet.com/world/2014-03/08/c_119667935.htm"
"Malaysia","马来西亚","2015-11","Official visit to Malaysia by Chinese Premier Li Keqiang","leader_visit","高层互访","High-level visit","neutral","government_head","china_to_partner","Li Keqiang","Najib Razak","Kuala Lumpur","https://www.mfa.gov.cn/eng/zy/jj/2015zt/lkqcxdyhzldrxlhybdmlxyjxzsfw/202406/t20240606_11381169.html"
"Malaysia","马来西亚","2016-11","China-Malaysia Littoral Mission Ships defense deal","military","军事安全合作","Military / security cooperation","positive","","","","","","https://www.chinadaily.com.cn/world/2016-11/02/content_27244884.htm"
"Malaysia","马来西亚","2017-05","Malaysian PM Najib Razak attends Belt and Road Forum in Beijing","leader_visit","高层互访","High-level visit","positive","government_head","partner_to_china","Najib Razak","Xi Jinping","Beijing","http://news.xinhuanet.com/english/2017-05/13/c_136279621.htm"
"Malaysia","马来西亚","2018-07","Malaysia suspends China-backed East Coast Rail Link project","economic","政策转向/国内政治","Policy shift / domestic politics","negative","","","","","","https://www.reuters.com/article/world/china/-idUSKBN1JV006/"
"Malaysia","马来西亚","2018-08","Official visit to China by Malaysian Prime Minister Mahathir Mohamad","leader_visit","高层互访","High-level visit","neutral","government_head","partner_to_china","Mahathir Mohamad","Li Keqiang","Beijing","https://www.fmprc.gov.cn/eng/xw/wsrc/202405/t20240530_11334903.html"
"Malaysia","马来西亚","2019-04","East Coast Rail Link reinstated at reduced cost","economic","经贸互利合作","Economic win-win cooperation","positive","","","","","","https://www.caixinglobal.com/2019-04-12/malaysia-revives-controversial-china-railway-at-a-big-discount-101403586.html"
"Malaysia","马来西亚","2020-02","Xi-Mahathir phone call on COVID-19 cooperation","pandemic","疫情/危机援助","Pandemic / crisis aid","positive","","","","","","https://mo.ocmfa.gov.cn/eng/highlights/zzcckjyq/202002/t20200214_8137898.htm"
"Malaysia","马来西亚","2020-04","Chinese survey ship Haiyang Dizhi 8 tags Malaysian drillship West Capella in South China Sea","territorial","主权纠纷","Sovereignty dispute","negative","","","","","","https://www.reuters.com/article/markets/currencies/malaysian-oil-exploration-vessel-leaves-south-china-sea-waters-after-standoff-idUSKBN22O1M8/"
"Malaysia","马来西亚","2023-03","Official visit to China by Malaysian Prime Minister Anwar Ibrahim","leader_visit","高层互访","High-level visit","positive","government_head","partner_to_china","Anwar Ibrahim","Xi Jinping","Beijing","https://www.mfa.gov.cn/web/wjdt_674879/gjldrhd_674881/202303/t20230331_11052760.shtml"
"Malaysia","马来西亚","2023-12","China-Malaysia reciprocal visa-free entry policy","diplomatic","人文交流合作","Cultural / people-to-people cooperation","positive","","","","","","https://www.mfa.gov.cn/eng/xw/zwbd/202406/t20240605_11376991.html"
"Malaysia","马来西亚","2024-06","Joint Statement on Deepening Comprehensive Strategic Partnership towards Community with Shared Future","strategic","战略伙伴关系提升","Strategic partnership upgrade","positive","","","","","","https://www.mfa.gov.cn/eng/gjhdq_665435/2675_665437/2732_663468/"
"Malaysia","马来西亚","2024-06","Official visit to Malaysia by Chinese Premier Li Qiang","leader_visit","高层互访","High-level visit","neutral","government_head","china_to_partner","Li Qiang","Anwar Ibrahim","Kuala Lumpur","https://english.www.gov.cn/news/202406/18/content_WS66718dccc6d0868f4e8e848c.html"
"Malaysia","马来西亚","2024-09","State visit to China by King of Malaysia Sultan Ibrahim","leader_visit","高层互访","High-level visit","positive","state_head","partner_to_china","Sultan Ibrahim","Xi Jinping","Beijing","https://www.mfa.gov.cn/mfa_eng/xw/zyxw/202409/t20240922_11494402.html"
"Malaysia","马来西亚","2025-04","State visit to Malaysia by Chinese President Xi Jinping","leader_visit","高层互访","High-level visit","positive","state_head","china_to_partner","Xi Jinping","Sultan Ibrahim / Anwar Ibrahim","Kuala Lumpur","https://www.fmprc.gov.cn/eng/zy/gb/202504/t20250417_11595814.html"
"Malaysia","马来西亚","2025-04","Joint Statement on High-level Strategic China-Malaysia Community with Shared Future","strategic","战略伙伴关系提升","Strategic partnership upgrade","positive","","","","","","https://www.fmprc.gov.cn/eng/zy/gb/202504/t20250417_11595814.html"
"Mexico","墨西哥","2003-12","Wen Jiabao visits Mexico and strategic partnership established","leader_visit","高层互访","High-level visit","positive","government_head","china_to_partner","Chinese Premier Wen Jiabao","Mexican President Vicente Fox","Mexico City","https://www.mfa.gov.cn/web/gjhdq_676201/gj_676203/bmz_679954/1206_680604/sbgx_680608/"
"Mexico","墨西哥","2005-09","Hu Jintao pays state visit to Mexico","leader_visit","高层互访","High-level visit","positive","state_head","china_to_partner","Chinese President Hu Jintao","Mexican President Vicente Fox","Mexico City","https://www.mfa.gov.cn/web/gjhdq_676201/gj_676203/bmz_679954/1206_680604/sbgx_680608/"
"Mexico","墨西哥","2007-02","Mexico requests WTO consultations on Chinese industrial subsidy programs","economic","经贸制裁/关税壁垒","Economic sanction / tariff barrier","negative","","","","","","https://docs.dusselpeters.com/CECHIMEX/libroChinaandLatinAmericaDIEGDI09.pdf"
"Mexico","墨西哥","2008-07","Calderon pays state visit to China","leader_visit","高层互访","High-level visit","positive","state_head","partner_to_china","Mexican President Felipe Calderon","Chinese President Hu Jintao","Beijing","https://www.mfa.gov.cn/eng/gjhdq_665435/3376_665447/3508_665108/3510_665112/202406/t20240612_11425710.html"
"Mexico","墨西哥","2008-10","Transitional trade remedy measure replaces anti-dumping duties on Chinese goods","economic","经贸制裁/关税壁垒","Economic sanction / tariff barrier","negative","","","","","","https://www.vonwobeser.com/images/PDF_Newsletters/Bol-32-VWyS-ingles.pdf"
"Mexico","墨西哥","2009-02","Xi Jinping pays official visit to Mexico as Vice President","leader_visit","高层互访","High-level visit","neutral","government_head","china_to_partner","Chinese Vice President Xi Jinping","Mexican President Felipe Calderon","Mexico City","https://www.mfa.gov.cn/web/gjhdq_676201/gj_676203/bmz_679954/1206_680604/xgxw_680610/200902/t20090210_9365106.shtml"
"Mexico","墨西哥","2013-04","Pena Nieto visits China and attends Boao Forum","leader_visit","多边/第三方会晤","Multilateral / third-party meeting","positive","state_head","partner_to_china","Mexican President Enrique Pena Nieto","Chinese President Xi Jinping","Beijing and Boao","https://www.mfa.gov.cn/web/gjhdq_676201/gj_676203/bmz_679954/1206_680604/sbgx_680608/"
"Mexico","墨西哥","2013-06","Xi Jinping pays state visit to Mexico, ties upgraded to comprehensive strategic partnership","leader_visit","高层互访","High-level visit","positive","state_head","china_to_partner","Chinese President Xi Jinping","Mexican President Enrique Pena Nieto","Mexico City","https://www.chinadaily.com.cn/china/2013xivisit/2013-06/05/content_16568655.htm"
"Mexico","墨西哥","2014-11","Pena Nieto pays state visit to China and attends APEC summit","leader_visit","多边/第三方会晤","Multilateral / third-party meeting","neutral","state_head","partner_to_china","Mexican President Enrique Pena Nieto","Chinese President Xi Jinping","Beijing","https://www.mfa.gov.cn/web/gjhdq_676201/gj_676203/bmz_679954/1206_680604/sbgx_680608/"
"Mexico","墨西哥","2014-11","Mexico cancels USD 3.7 billion Chinese-led bullet train contract","economic","政策转向/国内政治","Policy shift / domestic politics","negative","","","","","","https://www.chinadaily.com.cn/business/2014-11/07/content_18884174.htm"
"Mexico","墨西哥","2016-09","Pena Nieto attends G20 Hangzhou summit and holds bilateral meeting","leader_visit","多边/第三方会晤","Multilateral / third-party meeting","neutral","state_head","third_party_meeting","Mexican President Enrique Pena Nieto","Chinese President Xi Jinping","Hangzhou","https://www.mfa.gov.cn/web/gjhdq_676201/gj_676203/bmz_679954/1206_680604/sbgx_680608/"
"Mexico","墨西哥","2017-09","Xi Jinping meets Pena Nieto on sidelines of BRICS Plus dialogue in Xiamen","leader_visit","多边/第三方会晤","Multilateral / third-party meeting","neutral","state_head","third_party_meeting","Chinese President Xi Jinping","Mexican President Enrique Pena Nieto","Xiamen","https://hr.china-embassy.gov.cn/eng/gnxw/201709/t20170906_9788695.htm"
"Mexico","墨西哥","2020-04","China sends COVID-19 medical supplies and ventilators to Mexico","pandemic","疫情/危机援助","Pandemic / crisis aid","positive","","","","","","https://americasquarterly.org/article/why-mexicos-relationship-with-china-is-so-complicated/"
"Mexico","墨西哥","2021-02","First shipment of Chinese Sinovac COVID-19 vaccine arrives in Mexico City","pandemic","疫情/危机援助","Pandemic / crisis aid","positive","","","","","","https://mx.mofcom.gov.cn/tpjj/art/2021/art_8af47ee9b7964c06a8d1ff827a7c6562.html"
"Mexico","墨西哥","2022-04","Mexico amends Mining Law to nationalize lithium, affecting Ganfeng concessions","economic","政策转向/国内政治","Policy shift / domestic politics","negative","","","","","","https://www.dallasfed.org/research/pubs/25trade/a2"
"Mexico","墨西哥","2023-08","Mexico raises tariffs on 392 Chinese product lines via presidential decree","economic","经贸制裁/关税壁垒","Economic sanction / tariff barrier","negative","","","","","","https://www.dallasfed.org/research/pubs/25trade/a3"
"Mexico","墨西哥","2023-11","Xi Jinping meets Lopez Obrador on sidelines of APEC summit","leader_visit","多边/第三方会晤","Multilateral / third-party meeting","neutral","state_head","third_party_meeting","Chinese President Xi Jinping","Mexican President Andres Manuel Lopez Obrador","San Francisco","https://www.mfa.gov.cn/web/gjhdq_676201/gj_676203/bmz_679954/1206_680604/sbgx_680608/"
"Mexico","墨西哥","2024-04","Mexico expands tariffs to 544 product lines with rates up to 50 percent","economic","经贸制裁/关税壁垒","Economic sanction / tariff barrier","negative","","","","","","https://www.dallasfed.org/research/pubs/25trade/a3"
"Mexico","墨西哥","2024-11","Xi Jinping meets Sheinbaum on sidelines of G20 summit in Rio","leader_visit","多边/第三方会晤","Multilateral / third-party meeting","neutral","state_head","third_party_meeting","Chinese President Xi Jinping","Mexican President Claudia Sheinbaum","Rio de Janeiro","https://www.mfa.gov.cn/web/gjhdq_676201/gj_676203/bmz_679954/1206_680604/sbgx_680608/"
"Mexico","墨西哥","2024-12","Mexico imposes additional 15-35 percent duties on 155 textile and apparel items","economic","经贸制裁/关税壁垒","Economic sanction / tariff barrier","negative","","","","","","https://www.dallasfed.org/research/pubs/25trade/a3"
"Mexico","墨西哥","2025-05","Mexican Foreign Minister De la Fuente visits China for CELAC ministerial meeting","leader_visit","高层互访","High-level visit","neutral","minister","partner_to_china","Mexican Foreign Minister Juan Ramon De la Fuente","Chinese Foreign Minister Wang Yi","Beijing","https://www.mfa.gov.cn/web/gjhdq_676201/gj_676203/bmz_679954/1206_680604/sbgx_680608/"
"Mexico","墨西哥","2025-12","Mexico enacts permanent tariffs on 1,463 products affecting Chinese imports","economic","经贸制裁/关税壁垒","Economic sanction / tariff barrier","negative","","","","","","https://mexiconewsdaily.com/news/mexico-tariffs-go-into-effect-china/"
"Netherlands","荷兰","2004-12","Official visit to the Netherlands","leader_visit","高层互访","High-level visit","neutral","government_head","china_to_partner","Chinese Premier Wen Jiabao","Dutch Prime Minister Jan Peter Balkenende","The Hague, Netherlands","https://www.mfa.gov.cn/gjhdq_676201/gj_676203/oz_678770/1206_679234/xgxw_679240/200412/t20041209_9340369.shtml"
"Netherlands","荷兰","2013-11","Official visit to China","leader_visit","高层互访","High-level visit","neutral","government_head","partner_to_china","Dutch Prime Minister Mark Rutte","Chinese President Xi Jinping","Beijing, China","https://www.chinadaily.com.cn/china/2013-11/16/content_17109718.htm"
"Netherlands","荷兰","2014-03","State visit to the Netherlands","leader_visit","高层互访","High-level visit","positive","state_head","china_to_partner","Chinese President Xi Jinping","Dutch King Willem-Alexander","Amsterdam and The Hague, Netherlands","https://www.mfa.gov.cn/web/gjhdq_676201/gj_676203/oz_678770/1206_679234/1207_679246/201403/t20140324_9340480.shtml"
"Netherlands","荷兰","2014-03","Open and pragmatic comprehensive partnership established","strategic","战略伙伴关系提升","Strategic partnership upgrade","positive","","","","","","https://www.mfa.gov.cn/web/gjhdq_676201/gj_676203/oz_678770/1206_679234/1207_679246/201403/t20140324_9340480.shtml"
"Netherlands","荷兰","2015-10","State visit to China","leader_visit","高层互访","High-level visit","positive","state_head","partner_to_china","Dutch King Willem-Alexander","Chinese President Xi Jinping","Beijing, China","https://www.mfa.gov.cn/gjhdq_676201/gj_676203/oz_678770/1206_679234/xgxw_679240/201510/t20151026_9340433.shtml"
"Netherlands","荷兰","2018-02","Working visit to China","leader_visit","高层互访","High-level visit","neutral","state_head","partner_to_china","Dutch King Willem-Alexander","Chinese President Xi Jinping","Beijing, China","https://www.mfa.gov.cn/web/gjhdq_676201/gj_676203/oz_678770/1206_679234/xgxw_679240/201802/t20180207_9340438.shtml"
"Netherlands","荷兰","2018-10","Official visit to the Netherlands","leader_visit","高层互访","High-level visit","neutral","government_head","china_to_partner","Chinese Premier Li Keqiang","Dutch Prime Minister Mark Rutte","The Hague and Amsterdam, Netherlands","https://www.mfa.gov.cn/gjhdq_676201/gj_676203/oz_678770/1206_679234/xgxw_679240/201810/t20181015_9340445.shtml"
"Netherlands","荷兰","2019-07","22 countries including the Netherlands send joint UNHRC letter criticizing China's Xinjiang policy","diplomatic","外交抗议/摩擦","Diplomatic protest / friction","negative","","","","","","https://www.mfa.gov.cn/fyrbt_673021/jzhsl_673025/201907/t20190711_5417754.shtml"
"Netherlands","荷兰","2020-03","Netherlands recalls 600,000 face masks purchased from China","pandemic","疫情/灾害冲击","Pandemic / disaster shock","negative","","","","","","https://news.cgtn.com/news/2020-03-31/How-the-Netherlands-China-face-mask-investigation-should-be-dealt-with-PiMzxQYz2U/index.html"
"Netherlands","荷兰","2022-11","Bilateral meeting on sidelines of G20 summit","leader_visit","多边/第三方会晤","Multilateral / third-party meeting","neutral","state_head","third_party_meeting","Chinese President Xi Jinping","Dutch Prime Minister Mark Rutte","Bali, Indonesia","https://www.mfa.gov.cn/web/gjhdq_676201/gj_676203/oz_678770/1206_679234/sbgx_679238/"
"Netherlands","荷兰","2023-06","Netherlands announces export controls on advanced semiconductor equipment","sanctions","科技管制/出口限制","Tech control / export restriction","negative","","","","","","https://www.government.nl/latest/news/2025/01/15/klever-export-controls-on-advanced-semiconductor-manufacturing-equipment-to-be-tightened"
"Netherlands","荷兰","2024-03","Working visit to China","leader_visit","高层互访","High-level visit","neutral","government_head","partner_to_china","Dutch Prime Minister Mark Rutte","Chinese President Xi Jinping","Beijing, China","http://en.cppcc.gov.cn/2024-03/28/c_974654.htm"
"Netherlands","荷兰","2025-05","Official visit to China","leader_visit","高层互访","High-level visit","neutral","minister","partner_to_china","Dutch Foreign Minister Caspar Veldkamp","Chinese Foreign Minister Wang Yi","Beijing, China","https://www.mfa.gov.cn/web/fyrbt_673021/202505/t20250523_11631472.shtml"
"Philippines","菲律宾","2004-09","State visit to China","leader_visit","高层互访","High-level visit","neutral","state_head","partner_to_china","Philippine President Gloria Macapagal Arroyo","Chinese President Hu Jintao","Beijing","https://www.chinadaily.com.cn/english/doc/2004-09/02/content_370842.htm"
"Philippines","菲律宾","2005-03","Tripartite Joint Marine Seismic Undertaking (JMSU) signed in Manila by China, Philippines and Vietnam","territorial","主权纠纷","Sovereignty dispute","negative","","","","","","https://ph.china-embassy.gov.cn/eng/zfgx/zzgx/200501/t20050121_1336099.htm"
"Philippines","菲律宾","2005-04","State visit to the Philippines","leader_visit","高层互访","High-level visit","neutral","state_head","china_to_partner","Chinese President Hu Jintao","Philippine President Gloria Macapagal Arroyo","Manila","https://www.mfa.gov.cn/gjhdq_676201/gj_676203/yz_676205/1206_676452/xgxw_676458/200504/t20050426_7977391.shtml"
"Philippines","菲律宾","2006-10","State visit to China and attendance at the ASEAN-China Commemorative Summit","leader_visit","高层互访","High-level visit","positive","state_head","partner_to_china","Philippine President Gloria Macapagal Arroyo","Chinese President Hu Jintao","Beijing and Nanning","https://www.chinadaily.com.cn/china/2006-10/31/content_720769.htm"
"Philippines","菲律宾","2007-01","China and Philippines sign MOU on broadening agriculture and fisheries cooperation","economic","经贸互利合作","Economic win-win cooperation","positive","","","","","","https://www.rsis.edu.sg/wp-content/uploads/2000/01/Monograph22.pdf"
"Philippines","菲律宾","2007-01","Official visit to the Philippines","leader_visit","高层互访","High-level visit","neutral","government_head","china_to_partner","Chinese Premier Wen Jiabao","Philippine President Gloria Macapagal Arroyo","Manila","https://www.fmprc.gov.cn/gjhdq_676201/gj_676203/yz_676205/1206_676452/sbgx_676456/"
"Philippines","菲律宾","2007-09","State visit to China and attendance at the 2007 Summer Davos","leader_visit","高层互访","High-level visit","neutral","state_head","partner_to_china","Philippine President Gloria Macapagal Arroyo","Chinese President Hu Jintao","Beijing and Dalian","http://www.china.org.cn/english/international/226660.htm"
"Philippines","菲律宾","2009-03","Philippines signs Republic Act 9522 baselines law; China protests","territorial","主权纠纷","Sovereignty dispute","negative","","","","","","http://www.cctv.com/english/20090311/111452.shtml"
"Philippines","菲律宾","2011-03","Chinese patrol boats harass Philippine survey vessel at Reed Bank","territorial","主权纠纷","Sovereignty dispute","negative","","","","","","https://www.bbc.com/zhongwen/simp/china/2011/03/110303_philippines_china"
"Philippines","菲律宾","2011-08","State visit to China","leader_visit","高层互访","High-level visit","neutral","state_head","partner_to_china","Philippine President Benigno Aquino III","Chinese President Hu Jintao","Beijing","https://www.fmprc.gov.cn/gjhdq_676201/gj_676203/yz_676205/1206_676452/sbgx_676456/"
"Philippines","菲律宾","2012-04","Scarborough Shoal standoff","territorial","主权纠纷","Sovereignty dispute","negative","","","","","","https://www.fmprc.gov.cn/web//gjhdq_676201/gj_676203/yz_676205/1206_676452/1207_676464/201607/t20160713_9290945.shtml"
"Philippines","菲律宾","2013-01","Philippines files SCS arbitration","diplomatic","主权纠纷","Sovereignty dispute","negative","","","","","","https://www.fmprc.gov.cn/web/gjhdq_676201/gj_676203/yz_676205/1206_676452/1207_676464/201412/t20141207_7977735.shtml"
"Philippines","菲律宾","2014-11","Bilateral meeting on sidelines of APEC Economic Leaders' Meeting","leader_visit","多边/第三方会晤","Multilateral / third-party meeting","neutral","state_head","third_party_meeting","Chinese President Xi Jinping","Philippine President Benigno Aquino III","Beijing","https://www.fmprc.gov.cn/gjhdq_676201/gj_676203/yz_676205/1206_676452/sbgx_676456/"
"Philippines","菲律宾","2016-07","South China Sea tribunal ruling","territorial","主权纠纷","Sovereignty dispute","negative","","","","","","https://www.chinadaily.com.cn/a/202507/18/WS6879b545a310ad07b5d90a66.html"
"Philippines","菲律宾","2016-10","Duterte Visits China","leader_visit","高层互访","High-level visit","positive","state_head","partner_to_china","","","","https://www.fmprc.gov.cn/gjhdq_676201/gj_676203/yz_676205/1206_676452/sbgx_676456/"
"Philippines","菲律宾","2017-05","China-Philippines BCM launched","diplomatic","战略伙伴关系提升","Strategic partnership upgrade","positive","","","","","","https://www.fmprc.gov.cn/nanhai/eng/wjbxw_1/201705/t20170519_8523377.htm#:~:text=In%20the%20spirit%20of%20the%20friendly%20dialogue%20between,Guiyang%2C%20Guizhou%20Province%2C%20China%20on%2019%20May%202017."
"Philippines","菲律宾","2017-05","Attendance at the Belt and Road Forum for International Cooperation and bilateral meeting","leader_visit","多边/第三方会晤","Multilateral / third-party meeting","neutral","state_head","partner_to_china","Philippine President Rodrigo Duterte","Chinese President Xi Jinping","Beijing","https://www.fmprc.gov.cn/gjhdq_676201/gj_676203/yz_676205/1206_676452/sbgx_676456/"
"Philippines","菲律宾","2017-11","Official visit to the Philippines and attendance at the 2017 ASEAN Summit","leader_visit","多边/第三方会晤","Multilateral / third-party meeting","neutral","government_head","china_to_partner","Chinese Premier Li Keqiang","Philippine President Rodrigo Duterte","Manila","https://www.fmprc.gov.cn/gjhdq_676201/gj_676203/yz_676205/1206_676452/sbgx_676456/"
"Philippines","菲律宾","2018-04","Attendance at the Boao Forum for Asia Annual Conference and bilateral meeting","leader_visit","多边/第三方会晤","Multilateral / third-party meeting","neutral","state_head","partner_to_china","Philippine President Rodrigo Duterte","Chinese President Xi Jinping","Boao","https://www.fmprc.gov.cn/gjhdq_676201/gj_676203/yz_676205/1206_676452/sbgx_676456/"
"Philippines","菲律宾","2018-11","Philippines-China MoU on oil and gas development in West Philippine Sea","economic","经贸互利合作","Economic win-win cooperation","positive","","","","","","https://www.mfa.gov.cn/nanhai/chn/zcfg/201811/t20181127_8523620.htm"
"Philippines","菲律宾","2018-11","Xi Visits Philippines","leader_visit","高层互访","High-level visit","positive","state_head","china_to_partner","","","","https://www.fmprc.gov.cn/gjhdq_676201/gj_676203/yz_676205/1206_676452/sbgx_676456/"
"Philippines","菲律宾","2019-04","Attendance at the Second Belt and Road Forum for International Cooperation and bilateral meeting","leader_visit","多边/第三方会晤","Multilateral / third-party meeting","neutral","state_head","partner_to_china","Philippine President Rodrigo Duterte","Chinese President Xi Jinping","Beijing","https://www.fmprc.gov.cn/gjhdq_676201/gj_676203/yz_676205/1206_676452/sbgx_676456/"
"Philippines","菲律宾","2019-04","Bilateral meeting on sidelines of the Second Belt and Road Forum for International Cooperation","leader_visit","多边/第三方会晤","Multilateral / third-party meeting","neutral","state_head","partner_to_china","Philippine President Rodrigo Duterte","Chinese President Xi Jinping","Beijing","http://2019.beltandroadforum.org/english/index.html"
"Philippines","菲律宾","2019-06","Reed Bank/Gem-Ver collision","territorial","主权纠纷","Sovereignty dispute","negative","","","","","","https://apnews.com/article/d91f7bd58d97449aa78c2e86d46bb21b"
"Philippines","菲律宾","2023-01","State visit to China","leader_visit","高层互访","High-level visit","neutral","state_head","partner_to_china","Philippine President Ferdinand Marcos Jr.","Chinese President Xi Jinping","Beijing","https://www.fmprc.gov.cn/gjhdq_676201/gj_676203/yz_676205/1206_676452/sbgx_676456/"
"Philippines","菲律宾","2023-02","US Base Expansion","military","主权纠纷","Sovereignty dispute","negative","","","","","","https://military.cnr.cn/jmzs/20230211/t20230211_526151352.shtml"
"Philippines","菲律宾","2023-08","Second Thomas Shoal water cannon","territorial","主权纠纷","Sovereignty dispute","negative","","","","","","https://www.cnn.com/2023/08/07/asia/china-philippines-coast-guard-confrontation-south-china-sea-intl-hnk"
"Philippines","菲律宾","2023-11","Bilateral meeting on sidelines of the APEC Economic Leaders' Meeting","leader_visit","多边/第三方会晤","Multilateral / third-party meeting","neutral","state_head","third_party_meeting","Chinese President Xi Jinping","Philippine President Ferdinand Marcos Jr.","San Francisco","https://www.fmprc.gov.cn/gjhdq_676201/gj_676203/yz_676205/1206_676452/sbgx_676456/"
"Russia","俄罗斯","2004-10","Supplementary agreement on China-Russia eastern border signed","territorial","战略伙伴关系提升","Strategic partnership upgrade","positive","","","","","","https://www.gov.cn/gongbao/content/2005/content_64242.htm"
"Russia","俄罗斯","2005-08","Peace Mission 2005 joint military exercise","military","军事安全合作","Military / security cooperation","positive","","","","","","http://www.china.org.cn/english/2005/Aug/137129.htm"
"Russia","俄罗斯","2006-01","Russia Year in China launched","diplomatic","人文交流合作","Cultural / people-to-people cooperation","positive","","","","","","https://www.chinadaily.com.cn/china/2006-03/20/content_546970.htm"
"Russia","俄罗斯","2006-03","State visit to China","leader_visit","高层互访","High-level visit","neutral","state_head","partner_to_china","Russian President Vladimir Putin","Chinese President Hu Jintao","Beijing, China","https://www.mfa.gov.cn/web/gjhdq_676201/gj_676203/oz_678770/1206_679110/sbgx_679114/"
"Russia","俄罗斯","2007-03","State visit to Russia","leader_visit","高层互访","High-level visit","neutral","state_head","china_to_partner","Chinese President Hu Jintao","Russian President Vladimir Putin","Moscow, Russia","https://www.mfa.gov.cn/web/gjhdq_676201/gj_676203/oz_678770/1206_679110/sbgx_679114/"
"Russia","俄罗斯","2008-05","State visit to China","leader_visit","高层互访","High-level visit","neutral","state_head","partner_to_china","Russian President Dmitry Medvedev","Chinese President Hu Jintao","Beijing, China","https://www.mfa.gov.cn/web/gjhdq_676201/gj_676203/oz_678770/1206_679110/sbgx_679114/"
"Russia","俄罗斯","2008-10","Heixiazi Island handover and border marker unveiling","territorial","战略伙伴关系提升","Strategic partnership upgrade","positive","","","","","","https://www.chinadaily.com.cn/china/2008-10/14/content_7105162_2.htm"
"Russia","俄罗斯","2009-02","New Star cargo ship sunk by Russian coast guard","diplomatic","外交抗议/摩擦","Diplomatic protest / friction","negative","","","","","","https://bj.china-embassy.gov.cn/chn/fyrth/200902/t20090219_5615323.htm"
"Russia","俄罗斯","2009-06","State visit to Russia","leader_visit","高层互访","High-level visit","neutral","state_head","china_to_partner","Chinese President Hu Jintao","Russian President Dmitry Medvedev","Moscow, Russia","https://www.mfa.gov.cn/web/gjhdq_676201/gj_676203/oz_678770/1206_679110/sbgx_679114/"
"Russia","俄罗斯","2010-09","China-Russia crude oil pipeline completed","economic","经贸互利合作","Economic win-win cooperation","positive","","","","","","https://www.chinadaily.com.cn/business/2010-09/27/content_11354901.htm"
"Russia","俄罗斯","2011-06","Treaty of Good-Neighborliness 10th anniversary joint statement","diplomatic","战略伙伴关系提升","Strategic partnership upgrade","positive","","","","","","https://www.mfa.gov.cn/web/ziliao_674904/1179_674909/201106/t20110617_7947327.shtml"
"Russia","俄罗斯","2012-06","State visit to China","leader_visit","高层互访","High-level visit","neutral","state_head","partner_to_china","Russian President Vladimir Putin","Chinese President Hu Jintao","Beijing, China","https://www.mfa.gov.cn/web/gjhdq_676201/gj_676203/oz_678770/1206_679110/sbgx_679114/"
"Russia","俄罗斯","2012-07","Russian coast guard fires on Chinese fishing vessel","diplomatic","外交抗议/摩擦","Diplomatic protest / friction","negative","","","","","","https://www.chinanews.com.cn/gj/2012/07-18/4039622.shtml"
"Russia","俄罗斯","2013-03","State visit to Russia","leader_visit","高层互访","High-level visit","positive","state_head","china_to_partner","Chinese President Xi Jinping","Russian President Vladimir Putin","Moscow, Russia","https://www.mfa.gov.cn/web/gjhdq_676201/gj_676203/oz_678770/1206_679110/sbgx_679114/"
"Russia","俄罗斯","2014-05","East-route gas supply contract signed","economic","经贸互利合作","Economic win-win cooperation","positive","","","","","","https://www.nea.gov.cn/2014-05/22/c_133352383.htm"
"Russia","俄罗斯","2014-05","State visit to China","leader_visit","高层互访","High-level visit","neutral","state_head","partner_to_china","Russian President Vladimir Putin","Chinese President Xi Jinping","Shanghai, China","https://www.mfa.gov.cn/web/gjhdq_676201/gj_676203/oz_678770/1206_679110/sbgx_679114/"
"Russia","俄罗斯","2015-05","State visit to Russia","leader_visit","高层互访","High-level visit","positive","state_head","china_to_partner","Chinese President Xi Jinping","Russian President Vladimir Putin","Moscow, Russia","https://www.mfa.gov.cn/web/gjhdq_676201/gj_676203/oz_678770/1206_679110/sbgx_679114/"
"Russia","俄罗斯","2015-05","Joint statement on Silk Road Economic Belt and EEU alignment","strategic","战略伙伴关系提升","Strategic partnership upgrade","positive","","","","","","https://www.gov.cn/xinwen/2015-05/09/content_2859384.htm"
"Russia","俄罗斯","2016-06","State visit to China","leader_visit","高层互访","High-level visit","neutral","state_head","partner_to_china","Russian President Vladimir Putin","Chinese President Xi Jinping","Beijing, China","https://www.mfa.gov.cn/web/gjhdq_676201/gj_676203/oz_678770/1206_679110/sbgx_679114/"
"Russia","俄罗斯","2017-07","State visit to Russia","leader_visit","高层互访","High-level visit","neutral","state_head","china_to_partner","Chinese President Xi Jinping","Russian President Vladimir Putin","Moscow, Russia","https://www.mfa.gov.cn/web/gjhdq_676201/gj_676203/oz_678770/1206_679110/sbgx_679114/"
"Russia","俄罗斯","2018-06","State visit to China","leader_visit","高层互访","High-level visit","neutral","state_head","partner_to_china","Russian President Vladimir Putin","Chinese President Xi Jinping","Beijing, China","https://www.mfa.gov.cn/web/gjhdq_676201/gj_676203/oz_678770/1206_679110/sbgx_679114/"
"Russia","俄罗斯","2019-06","Relations elevated to comprehensive strategic partnership of coordination for a new era","strategic","战略伙伴关系提升","Strategic partnership upgrade","positive","","","","","","https://www.gov.cn/xinwen/2019-06/05/content_5397805.htm"
"Russia","俄罗斯","2019-06","State visit to Russia","leader_visit","高层互访","High-level visit","positive","state_head","china_to_partner","Chinese President Xi Jinping","Russian President Vladimir Putin","Moscow, Russia","https://www.mfa.gov.cn/web/gjhdq_676201/gj_676203/oz_678770/1206_679110/sbgx_679114/"
"Russia","俄罗斯","2019-12","Power of Siberia gas pipeline begins deliveries","economic","经贸互利合作","Economic win-win cooperation","positive","","","","","","https://www.gov.cn/xinwen/2020-01/18/content_5470440.htm"
"Russia","俄罗斯","2021-06","Video meeting on treaty extension","leader_visit","远程通话/视频会晤","Remote talk / virtual meeting","positive","state_head","third_party_meeting","Chinese President Xi Jinping","Russian President Vladimir Putin","Virtual (Beijing-Moscow video link)","http://www.mod.gov.cn/gfbw/gc/xjp/2021_213415/4888335.html"
"Russia","俄罗斯","2022-02","State visit to China","leader_visit","高层互访","High-level visit","positive","state_head","partner_to_china","Russian President Vladimir Putin","Chinese President Xi Jinping","Beijing, China","https://www.mfa.gov.cn/web/gjhdq_676201/gj_676203/oz_678770/1206_679110/sbgx_679114/"
"Russia","俄罗斯","2022-02","Joint statement on international relations entering a new era","strategic","战略伙伴关系提升","Strategic partnership upgrade","positive","","","","","","https://www.gov.cn/xinwen/2022-02/04/content_5672025.htm"
"Russia","俄罗斯","2022-09","Bilateral meeting on sidelines of SCO summit","leader_visit","多边/第三方会晤","Multilateral / third-party meeting","neutral","state_head","third_party_meeting","Chinese President Xi Jinping","Russian President Vladimir Putin","Samarkand, Uzbekistan","https://www.gov.cn/xinwen/2022-09/15/content_5710117.htm"
"Russia","俄罗斯","2023-03","State visit to Russia","leader_visit","高层互访","High-level visit","positive","state_head","china_to_partner","Chinese President Xi Jinping","Russian President Vladimir Putin","Moscow, Russia","https://www.mfa.gov.cn/web/gjhdq_676201/gj_676203/oz_678770/1206_679110/sbgx_679114/"
"Russia","俄罗斯","2024-05","State visit to China","leader_visit","高层互访","High-level visit","neutral","state_head","partner_to_china","Russian President Vladimir Putin","Chinese President Xi Jinping","Beijing, China","https://www.mfa.gov.cn/web/gjhdq_676201/gj_676203/oz_678770/1206_679110/sbgx_679114/"
"Russia","俄罗斯","2024-10","Bilateral meeting on sidelines of BRICS summit","leader_visit","多边/第三方会晤","Multilateral / third-party meeting","neutral","state_head","third_party_meeting","Chinese President Xi Jinping","Russian President Vladimir Putin","Kazan, Russia","https://www.mfa.gov.cn/web/gjhdq_676201/gj_676203/oz_678770/1206_679110/sbgx_679114/"
"Russia","俄罗斯","2025-05","State visit to Russia","leader_visit","高层互访","High-level visit","neutral","state_head","china_to_partner","Chinese President Xi Jinping","Russian President Vladimir Putin","Moscow, Russia","https://www.mfa.gov.cn/web/gjhdq_676201/gj_676203/oz_678770/1206_679110/sbgx_679114/"
"Saudi Arabia","沙特阿拉伯","2016-01","China and Saudi Arabia establish comprehensive strategic partnership","strategic","战略伙伴关系提升","Strategic partnership upgrade","positive","","","","","","https://www.gov.cn/xinwen/2016-01/20/content_5034608.htm"
"Saudi Arabia","沙特阿拉伯","2006-01","State visit to China","leader_visit","高层互访","High-level visit","neutral","state_head","partner_to_china","Saudi King Abdullah bin Abdul-Aziz Al Saud","Chinese President Hu Jintao","Beijing, China","https://www.mfa.gov.cn/web/gjhdq_676201/gj_676203/yz_676205/1206_676860/sbgx_676864/"
"Saudi Arabia","沙特阿拉伯","2006-04","State visit to Saudi Arabia","leader_visit","高层互访","High-level visit","neutral","state_head","china_to_partner","Chinese President Hu Jintao","Saudi King Abdullah bin Abdul-Aziz Al Saud","Riyadh, Saudi Arabia","https://www.mfa.gov.cn/web/gjhdq_676201/gj_676203/yz_676205/1206_676860/sbgx_676864/"
"Saudi Arabia","沙特阿拉伯","2008-05","Saudi Arabia donates over US$60 million for Wenchuan earthquake relief","crisis","疫情/危机援助","Pandemic / crisis aid","positive","","","","","","https://www.chinadaily.com.cn/world/2016xivisitmiddleeast/2016-01/19/content_23139368.htm"
"Saudi Arabia","沙特阿拉伯","2008-06","China and Saudi Arabia establish strategic friendly relations","strategic","战略伙伴关系提升","Strategic partnership upgrade","positive","","","","","","https://www.chinadaily.com.cn/china/2008-06/22/content_6784496.htm"
"Saudi Arabia","沙特阿拉伯","2008-06","Official visit to Saudi Arabia","leader_visit","高层互访","High-level visit","neutral","state_head","china_to_partner","Chinese Vice President Xi Jinping","Saudi King Abdullah bin Abdul-Aziz Al Saud","Jeddah, Saudi Arabia","https://www.mfa.gov.cn/web/gjhdq_676201/gj_676203/yz_676205/1206_676860/sbgx_676864/"
"Saudi Arabia","沙特阿拉伯","2009-02","State visit to Saudi Arabia","leader_visit","高层互访","High-level visit","neutral","state_head","china_to_partner","Chinese President Hu Jintao","Saudi King Abdullah bin Abdul-Aziz Al Saud","Riyadh, Saudi Arabia","https://www.mfa.gov.cn/web/gjhdq_676201/gj_676203/yz_676205/1206_676860/sbgx_676864/"
"Saudi Arabia","沙特阿拉伯","2012-01","Official visit to Saudi Arabia","leader_visit","高层互访","High-level visit","neutral","government_head","china_to_partner","Chinese Premier Wen Jiabao","Saudi King Abdullah bin Abdul-Aziz Al Saud","Riyadh, Saudi Arabia","https://www.mfa.gov.cn/web/gjhdq_676201/gj_676203/yz_676205/1206_676860/sbgx_676864/"
"Saudi Arabia","沙特阿拉伯","2015-09","Mina Hajj stampede kills Chinese pilgrims","crisis","疫情/灾害冲击","Pandemic / disaster shock","negative","","","","","","https://apnews.com/article/d20f80188e3543bfb36d512df7777cd4"
"Saudi Arabia","沙特阿拉伯","2016-01","State visit to Saudi Arabia","leader_visit","高层互访","High-level visit","neutral","state_head","china_to_partner","Chinese President Xi Jinping","Saudi King Salman bin Abdulaziz Al Saud","Riyadh, Saudi Arabia","https://www.mfa.gov.cn/web/gjhdq_676201/gj_676203/yz_676205/1206_676860/sbgx_676864/"
"Saudi Arabia","沙特阿拉伯","2016-08","Official visit to China","leader_visit","高层互访","High-level visit","neutral","state_head","partner_to_china","Saudi Deputy Crown Prince Mohammed bin Salman","Chinese President Xi Jinping","Beijing, China","https://www.mfa.gov.cn/web/gjhdq_676201/gj_676203/yz_676205/1206_676860/sbgx_676864/"
"Saudi Arabia","沙特阿拉伯","2017-03","State visit to China","leader_visit","高层互访","High-level visit","neutral","state_head","partner_to_china","Saudi King Salman bin Abdulaziz Al Saud","Chinese President Xi Jinping","Beijing, China","https://www.mfa.gov.cn/web/gjhdq_676201/gj_676203/yz_676205/1206_676860/sbgx_676864/"
"Saudi Arabia","沙特阿拉伯","2019-02","State visit to China","leader_visit","高层互访","High-level visit","neutral","state_head","partner_to_china","Saudi Crown Prince Mohammed bin Salman","Chinese President Xi Jinping","Beijing, China","https://www.mfa.gov.cn/web/gjhdq_676201/gj_676203/yz_676205/1206_676860/sbgx_676864/"
"Saudi Arabia","沙特阿拉伯","2019-09","Abqaiq-Khurais attack disrupts Saudi oil supply","economic","安全威胁","Security threat","negative","","","","","","https://apnews.com/article/d20f80188e3543bfb36d512df7777cd4"
"Saudi Arabia","沙特阿拉伯","2020-03","COVID-19 pandemic and oil price war slash China oil demand","economic","疫情/灾害冲击","Pandemic / disaster shock","negative","","","","","","https://pmc.ncbi.nlm.nih.gov/articles/PMC8652835/"
"Saudi Arabia","沙特阿拉伯","2022-11","Saudi Arabia becomes Chinese group tourism destination","economic","经贸互利合作","Economic win-win cooperation","positive","","","","","","https://www.mfa.gov.cn/web/gjhdq_676201/gj_676203/yz_676205/1206_676860/sbgx_676864/"
"Saudi Arabia","沙特阿拉伯","2022-12","State visit to Saudi Arabia","leader_visit","高层互访","High-level visit","neutral","state_head","china_to_partner","Chinese President Xi Jinping","Saudi King Salman bin Abdulaziz Al Saud","Riyadh, Saudi Arabia","https://www.mfa.gov.cn/web/gjhdq_676201/gj_676203/yz_676205/1206_676860/sbgx_676864/"
"Saudi Arabia","沙特阿拉伯","2023-06","Saudi Aramco acquires 10% stake in Rongsheng Petrochemical","economic","经贸互利合作","Economic win-win cooperation","positive","","","","","","https://www.spa.gov.sa/en/99ae2fda09n"
"Saudi Arabia","沙特阿拉伯","2023-11","PBOC and SAMA sign bilateral currency swap agreement","economic","经贸互利合作","Economic win-win cooperation","positive","","","","","","https://www.pbc.gov.cn/en/3688110/3688172/4756445/2025092319412691833/index.html"
"Saudi Arabia","沙特阿拉伯","2024-09","Official visit to Saudi Arabia","leader_visit","高层互访","High-level visit","neutral","government_head","china_to_partner","Chinese Premier Li Qiang","Saudi Crown Prince Mohammed bin Salman","Riyadh, Saudi Arabia","https://www.mfa.gov.cn/web/gjhdq_676201/gj_676203/yz_676205/1206_676860/sbgx_676864/"
"Saudi Arabia","沙特阿拉伯","2025-05","China launches unilateral visa-free trial for Saudi citizens","diplomatic","人文交流合作","Cultural / people-to-people cooperation","positive","","","","","","https://www.mfa.gov.cn/web/gjhdq_676201/gj_676203/yz_676205/1206_676860/sbgx_676864/"
"Saudi Arabia","沙特阿拉伯","2025-10","Official visit to Saudi Arabia","leader_visit","高层互访","High-level visit","neutral","state_head","china_to_partner","Chinese Vice President Han Zheng","Saudi Crown Prince Mohammed bin Salman","Riyadh, Saudi Arabia","https://www.mfa.gov.cn/web/gjhdq_676201/gj_676203/yz_676205/1206_676860/sbgx_676864/"
"Saudi Arabia","沙特阿拉伯","2025-12","China and Saudi Arabia sign mutual visa exemption for diplomatic passport holders","diplomatic","人文交流合作","Cultural / people-to-people cooperation","positive","","","","","","https://www.mfa.gov.cn/web/wjbzhd/202512/t20251214_11772430.shtml"
"Singapore","新加坡","2003-11","Joint Council for Bilateral Cooperation launched","economic","经贸互利合作","Economic win-win cooperation","positive","","","","","","https://www.fmprc.gov.cn/eng/gjhdq_665435/2675_665437/2777_663548/2779_663552/202406/t20240607_11413253.html"
"Singapore","新加坡","2003-11","Working visit to China","leader_visit","高层互访","High-level visit","positive","government_head","partner_to_china","","","","https://www.mfa.gov.cn/web/gjhdq_676201/gj_676203/yz_676205/1206_677076/sbgx_677080/"
"Singapore","新加坡","2004-07","Deputy PM Lee Hsien Loong visit to Taiwan sparks Chinese protest","diplomatic","主权纠纷","Sovereignty dispute","negative","","","","","","http://www.china.org.cn/english/2004/Jul/101734.htm"
"Singapore","新加坡","2005-10","First official visit to China","leader_visit","高层互访","High-level visit","positive","government_head","partner_to_china","","","","https://www.mfa.gov.cn/web/gjhdq_676201/gj_676203/yz_676205/1206_677076/sbgx_677080/"
"Singapore","新加坡","2007-11","Tianjin Eco-City Framework Agreement signed","economic","经贸互利合作","Economic win-win cooperation","positive","","","","","","https://www.mnd.gov.sg/tianjinecocity"
"Singapore","新加坡","2008-10","China-Singapore Free Trade Agreement signed","economic","经贸互利合作","Economic win-win cooperation","positive","","","","","","https://treaty.mfa.gov.cn/Treaty/web/detail1.jsp?objid=1531876918521"
"Singapore","新加坡","2010-07","Singapore and China establish bilateral currency swap arrangement","economic","经贸互利合作","Economic win-win cooperation","positive","","","","","","https://www.mas.gov.sg/news/media-releases/2010/mas-and-pbc-bilateral-currency-swap"
"Singapore","新加坡","2015-11","State visit to Singapore","leader_visit","高层互访","High-level visit","positive","state_head","china_to_partner","","","","https://www.mfa.gov.cn/web/gjhdq_676201/gj_676203/yz_676205/1206_677076/sbgx_677080/"
"Singapore","新加坡","2016-11","Singapore military vehicles detained in Hong Kong","diplomatic","人员扣押/司法争议","Detention / judicial dispute","negative","","","","","","https://www.bbc.com/zhongwen/simp/china/2016/11/161124_hongkong_singapore_military_vehicle"
"Singapore","新加坡","2017-08","China-Singapore Chongqing Connectivity Initiative Southern Transport Corridor launched","economic","经贸互利合作","Economic win-win cooperation","positive","","","","","","https://www.mti.gov.sg/newsroom/greater-connectivity-between-singapore-and-chiongqing-with-the-china-singapore--chongqing--connectivity-initiative---southern-transport-corridor/"
"Singapore","新加坡","2018-10","China-Singapore FTA upgrade protocol signed","economic","经贸互利合作","Economic win-win cooperation","positive","","","","","","https://fta.mofcom.gov.cn/topic/china_singapore_upgrade.shtml"
"Singapore","新加坡","2023-04","Relations elevated to all-round high-quality future-oriented partnership","strategic","战略伙伴关系提升","Strategic partnership upgrade","positive","","","","","","https://www.pmo.gov.sg/newsroom/joint-announcement-china-and-singapore-all-round-high-quality-future-oriented-partnership-apr-2023/"
"Singapore","新加坡","2023-04","Official visit to China","leader_visit","高层互访","High-level visit","positive","government_head","partner_to_china","","","","https://www.mfa.gov.cn/web/gjhdq_676201/gj_676203/yz_676205/1206_677076/sbgx_677080/"
"Singapore","新加坡","2023-12","30-day mutual visa exemption","economic","人文交流合作","Cultural / people-to-people cooperation","positive","","","","","","https://www.mfa.gov.cn/wjbxw_new/202401/t20240125_11233114.shtml"
"Singapore","新加坡","2024-11","China-Singapore FTA further upgraded","economic","经贸互利合作","Economic win-win cooperation","positive","","","","","","https://www.enterprisesg.gov.sg/grow-your-business/go-global/international-agreements/free-trade-agreements/find-an-fta/csfta"
"Singapore","新加坡","2025-06","Official visit to China","leader_visit","高层互访","High-level visit","positive","government_head","partner_to_china","","","","https://www.mfa.gov.cn/web/gjhdq_676201/gj_676203/yz_676205/1206_677076/sbgx_677080/"
"South Korea","韩国","2003-07","Roh Visits China","leader_visit","高层互访","High-level visit","positive","state_head","partner_to_china","","","","https://www.mfa.gov.cn/web/gjhdq_676201/gj_676203/yz_676205/1206_676524/sbgx_676528/"
"South Korea","韩国","2005-10","Kimchi import dispute with South Korea","economic","经贸制裁/关税壁垒","Economic sanction / tariff barrier","negative","","","","","","http://www.chinadaily.com.cn/english/doc/2005-11/15/content_494903.htm"
"South Korea","韩国","2005-11","State visit to South Korea prior to APEC summit","leader_visit","高层互访","High-level visit","neutral","state_head","china_to_partner","Chinese President Hu Jintao","South Korean President Roh Moo-hyun","Seoul","https://www.apec.org/Meeting-Papers/Annual-Ministerial-Meetings/2005/2005_amm"
"South Korea","韩国","2006-10","State visit to China","leader_visit","高层互访","High-level visit","neutral","state_head","partner_to_china","South Korean President Roh Moo-hyun","Chinese President Hu Jintao","Beijing","https://covid-19.chinadaily.com.cn/china/2006-10/13/content_707978.htm"
"South Korea","韩国","2007-04","Official visit to South Korea","leader_visit","高层互访","High-level visit","neutral","government_head","china_to_partner","Chinese Premier Wen Jiabao","South Korean Prime Minister Han Duck-soo","Seoul","https://covid-19.chinadaily.com.cn/china/2007-04/11/content_847868.htm"
"South Korea","韩国","2008-05","Lee Visits China","leader_visit","高层互访","High-level visit","positive","state_head","partner_to_china","","","","https://www.mfa.gov.cn/web/gjhdq_676201/gj_676203/yz_676205/1206_676524/sbgx_676528/"
"South Korea","韩国","2008-08","State visit to South Korea","leader_visit","高层互访","High-level visit","neutral","state_head","china_to_partner","Chinese President Hu Jintao","South Korean President Lee Myung-bak","Seoul","https://www.mfa.gov.cn/web/gjhdq_676201/gj_676203/yz_676205/1206_676524/sbgx_676528/"
"South Korea","韩国","2008-08","Bilateral meeting on sidelines of Beijing Olympics","leader_visit","多边/第三方会晤","Multilateral / third-party meeting","neutral","state_head","partner_to_china","South Korean President Lee Myung-bak","Chinese President Hu Jintao","Beijing","https://www.mfa.gov.cn/web/gjhdq_676201/gj_676203/yz_676205/1206_676524/sbgx_676528/"
"South Korea","韩国","2009-09","Bilateral meeting on sidelines of UN General Assembly","leader_visit","多边/第三方会晤","Multilateral / third-party meeting","neutral","state_head","third_party_meeting","Chinese President Hu Jintao","South Korean President Lee Myung-bak","New York","http://www.china.org.cn/international/2009-09/21/content_18567813.htm"
"South Korea","韩国","2010-03","ROKS Cheonan sinking","military","安全威胁","Security threat","negative","","","","","","https://www.mfa.gov.cn/web//fyrbt_673021/201007/t20100709_399535.shtml"
"South Korea","韩国","2010-05","Official visit to South Korea","leader_visit","高层互访","High-level visit","neutral","government_head","china_to_partner","Chinese Premier Wen Jiabao","South Korean President Lee Myung-bak","Seoul","https://www.theguardian.com/world/2010/may/28/north-korea-exporting-nuclear-technology"
"South Korea","韩国","2010-11","Yeonpyeong Island shelling","military","安全威胁","Security threat","negative","","","","","","https://www.reuters.com/article/idUSTRE6AM0W920101123"
"South Korea","韩国","2010-11","Bilateral meeting on sidelines of G20 summit","leader_visit","多边/第三方会晤","Multilateral / third-party meeting","neutral","state_head","third_party_meeting","Chinese President Hu Jintao","South Korean President Lee Myung-bak","Seoul","https://www.mfa.gov.cn/web/gjhdq_676201/gj_676203/yz_676205/1206_676524/sbgx_676528/"
"South Korea","韩国","2011-11","Bilateral meeting on sidelines of APEC summit","leader_visit","多边/第三方会晤","Multilateral / third-party meeting","neutral","state_head","third_party_meeting","Chinese President Hu Jintao","South Korean President Lee Myung-bak","Honolulu","https://www.chinadaily.com.cn/china/2011huapec/node_1075485_3.htm"
"South Korea","韩国","2012-01","State visit to China","leader_visit","高层互访","High-level visit","neutral","state_head","partner_to_china","South Korean President Lee Myung-bak","Chinese President Hu Jintao","Beijing","https://www.mfa.gov.cn/web/gjhdq_676201/gj_676203/yz_676205/1206_676524/sbgx_676528/"
"South Korea","韩国","2012-05","Official visit to South Korea","leader_visit","高层互访","High-level visit","neutral","government_head","china_to_partner","Chinese Premier Wen Jiabao","South Korean President Lee Myung-bak","Seoul","https://www.theguardian.com/world/2010/may/28/north-korea-exporting-nuclear-technology"
"South Korea","韩国","2013-06","Park Visits China","leader_visit","高层互访","High-level visit","positive","state_head","partner_to_china","","","","https://www.mfa.gov.cn/web/gjhdq_676201/gj_676203/yz_676205/1206_676524/sbgx_676528/"
"South Korea","韩国","2013-11","China declares East China Sea ADIZ covering Ieodo/Suyan Rock","territorial","主权纠纷","Sovereignty dispute","negative","","","","","","https://www.chinadaily.com.cn/china/2013-11/23/content_17126611.htm"
"South Korea","韩国","2014-07","Xi Visits ROK","leader_visit","高层互访","High-level visit","positive","state_head","china_to_partner","","","","https://www.mfa.gov.cn/web/gjhdq_676201/gj_676203/yz_676205/1206_676524/sbgx_676528/"
"South Korea","韩国","2014-11","Bilateral meeting on sidelines of APEC summit","leader_visit","多边/第三方会晤","Multilateral / third-party meeting","neutral","state_head","third_party_meeting","Chinese President Xi Jinping","South Korean President Park Geun-hye","Beijing","https://www.mfa.gov.cn/web/gjhdq_676201/gj_676203/yz_676205/1206_676524/sbgx_676528/"
"South Korea","韩国","2015-03","South Korea announces decision to join AIIB as founding member","economic","经贸互利合作","Economic win-win cooperation","positive","","","","","","https://www.chinadaily.com.cn/business//2015-03/27/content_19925988.htm"
"South Korea","韩国","2015-09","State visit to China and attendance at Victory Day parade","leader_visit","高层互访","High-level visit","neutral","state_head","partner_to_china","South Korean President Park Geun-hye","Chinese President Xi Jinping","Beijing","https://www.mfa.gov.cn/web/gjhdq_676201/gj_676203/yz_676205/1206_676524/sbgx_676528/"
"South Korea","韩国","2015-11","Bilateral meeting on sidelines of APEC summit","leader_visit","多边/第三方会晤","Multilateral / third-party meeting","neutral","state_head","third_party_meeting","Chinese President Xi Jinping","South Korean President Park Geun-hye","Manila","https://www.mfa.gov.cn/web/gjhdq_676201/gj_676203/yz_676205/1206_676524/sbgx_676528/"
"South Korea","韩国","2015-12","China-South Korea FTA enters into force","economic","经贸互利合作","Economic win-win cooperation","positive","","","","","","http://www.china.org.cn/business/node_7233287.htm"
"South Korea","韩国","2016-07","THAAD deployment announced","military","安全威胁","Security threat","negative","","","","","","https://www.uscc.gov/research/chinas-response-us-south-korean-missile-defense-system-deployment-and-its-implications"
"South Korea","韩国","2016-08","China restricts K-pop and Hallyu over THAAD","economic","外交抗议/摩擦","Diplomatic protest / friction","negative","","","","","","https://en.people.cn/n3/2016/0808/c90000-9097051.html"
"South Korea","韩国","2016-09","Bilateral meeting on sidelines of G20 summit","leader_visit","多边/第三方会晤","Multilateral / third-party meeting","neutral","state_head","partner_to_china","South Korean President Park Geun-hye","Chinese President Xi Jinping","Hangzhou","https://www.mfa.gov.cn/web/gjhdq_676201/gj_676203/yz_676205/1206_676524/sbgx_676528/"
"South Korea","韩国","2017-03","Lotte stores closed in China amid THAAD retaliation","economic","外交抗议/摩擦","Diplomatic protest / friction","negative","","","","","","https://www.reuters.com/article/business/south-koreas-lotte-reports-store-closures-in-china-amid-political-stand-off-idUSKBN16D03U/"
"South Korea","韩国","2017-07","Bilateral meeting on sidelines of G20 summit","leader_visit","多边/第三方会晤","Multilateral / third-party meeting","neutral","state_head","third_party_meeting","Chinese President Xi Jinping","South Korean President Moon Jae-in","Hamburg","https://www.mfa.gov.cn/web/gjhdq_676201/gj_676203/yz_676205/1206_676524/sbgx_676528/"
"South Korea","韩国","2017-10","THAAD 'Three Noes' and bilateral relations normalization","diplomatic","战略伙伴关系提升","Strategic partnership upgrade","positive","","","","","","https://www.38north.org/2017/11/abrahamianson110917"
"South Korea","韩国","2017-11","Bilateral meeting on sidelines of APEC summit","leader_visit","多边/第三方会晤","Multilateral / third-party meeting","neutral","state_head","third_party_meeting","Chinese President Xi Jinping","South Korean President Moon Jae-in","Da Nang","https://www.mfa.gov.cn/web/gjhdq_676201/gj_676203/yz_676205/1206_676524/sbgx_676528/"
"South Korea","韩国","2017-12","Moon Visits China","leader_visit","高层互访","High-level visit","positive","state_head","partner_to_china","","","","https://www.mfa.gov.cn/web/gjhdq_676201/gj_676203/yz_676205/1206_676524/sbgx_676528/"
"South Korea","韩国","2019-06","Bilateral meeting on sidelines of G20 summit","leader_visit","多边/第三方会晤","Multilateral / third-party meeting","neutral","state_head","third_party_meeting","Chinese President Xi Jinping","South Korean President Moon Jae-in","Osaka","https://www.mfa.gov.cn/web/gjhdq_676201/gj_676203/yz_676205/1206_676524/sbgx_676528/"
"South Korea","韩国","2022-03","Virtual meeting (phone call) congratulating Yoon on election","leader_visit","远程通话/视频会晤","Remote talk / virtual meeting","neutral","state_head","third_party_meeting","Chinese President Xi Jinping","South Korean President-elect Yoon Suk-yeol","Virtual","https://www.mfa.gov.cn/web/gjhdq_676201/gj_676203/yz_676205/1206_676524/sbgx_676528/"
"South Korea","韩国","2022-11","Bilateral meeting on sidelines of G20 summit","leader_visit","多边/第三方会晤","Multilateral / third-party meeting","neutral","state_head","third_party_meeting","Chinese President Xi Jinping","South Korean President Yoon Suk-yeol","Bali","https://www.mfa.gov.cn/web/gjhdq_676201/gj_676203/yz_676205/1206_676524/sbgx_676528/"
"South Korea","韩国","2023-08","US-Japan-South Korea Camp David summit criticizes China","strategic","战略定位负面","Negative strategic positioning","negative","","","","","","https://www.cfr.org/articles/trilateral-summit-camp-david-institutionalizing-us-japan-south-korea-coordination"
"South Korea","韩国","2024-05","Bilateral meeting on sidelines of Korea-Japan-China trilateral summit","leader_visit","多边/第三方会晤","Multilateral / third-party meeting","neutral","government_head","third_party_meeting","Chinese Premier Li Qiang","South Korean President Yoon Suk-yeol","Seoul","https://www.gov.cn/yaowen/liebiao/202405/content_6953892.htm"
"South Korea","韩国","2024-06","First vice-ministerial China-ROK 2+2 diplomatic and security dialogue","diplomatic","高层互访","High-level visit","positive","","","","","","https://www.mfa.gov.cn/eng/xw/wjbxw/202406/t20240620_11438890.html#:~:text=On%20June%2018%2C%202024%2C%20Vice%20Foreign%20Minister%20Sun,of%20the%20Republic%20of%20Korea%20%28ROK%29%20in%20Seoul."
"South Korea","韩国","2024-11","Xi-Yoon Meeting on sidelines of APEC Summit in Lima","leader_visit","多边/第三方会晤","Multilateral / third-party meeting","neutral","state_head","third_party_meeting","Chinese President Xi Jinping","South Korean President Yoon Suk-yeol","Lima, Peru","https://www.mfa.gov.cn/web/gjhdq_676201/gj_676203/yz_676205/1206_676524/sbgx_676528/"
"South Korea","韩国","2025-02","Xi meets Korean National Assembly Speaker Woo at Harbin Asian Winter Games opening","leader_visit","多边/第三方会晤","Multilateral / third-party meeting","neutral","state_head","third_party_meeting","","","","https://www.mfa.gov.cn/web/gjhdq_676201/gj_676203/yz_676205/1206_676524/sbgx_676528/"
"South Korea","韩国","2025-02","NPC Chairman Zhao Leji meets visiting Korean National Assembly Speaker Woo Won-shik","leader_visit","高层互访","High-level visit","neutral","government_head","partner_to_china","","","","https://www.mfa.gov.cn/web/gjhdq_676201/gj_676203/yz_676205/1206_676524/sbgx_676528/"
"South Korea","韩国","2025-06","Xi phone call with President Lee Jae-myung","leader_visit","远程通话/视频会晤","Remote talk / virtual meeting","neutral","state_head","third_party_meeting","","","","https://www.mfa.gov.cn/web/gjhdq_676201/gj_676203/yz_676205/1206_676524/sbgx_676528/"
"South Korea","韩国","2025-09","Korean National Assembly Speaker Woo visits China for WWII 80th anniversary","leader_visit","高层互访","High-level visit","neutral","government_head","partner_to_china","","","","https://www.mfa.gov.cn/web/gjhdq_676201/gj_676203/yz_676205/1206_676524/sbgx_676528/"
"South Korea","韩国","2025-10","Xi state visit to South Korea","leader_visit","高层互访","High-level visit","neutral","state_head","china_to_partner","","","","https://www.mfa.gov.cn/web/gjhdq_676201/gj_676203/yz_676205/1206_676524/sbgx_676528/"
"Spain","西班牙","2005-07","Official visit to China","leader_visit","高层互访","High-level visit","neutral","government_head","partner_to_china","Spanish Prime Minister Jose Luis Rodriguez Zapatero","Chinese Premier Wen Jiabao","Beijing","https://www.mfa.gov.cn/web/gjhdq_676201/gj_676203/oz_678770/1206_679810/sbgx_679814/"
"Spain","西班牙","2005-11","State visit to Spain","leader_visit","高层互访","High-level visit","positive","state_head","china_to_partner","Chinese President Hu Jintao","King Juan Carlos I of Spain","Madrid","https://www.mfa.gov.cn/web/gjhdq_676201/gj_676203/oz_678770/1206_679810/sbgx_679814/"
"Spain","西班牙","2005-11","China-Spain comprehensive strategic partnership established","strategic","战略伙伴关系提升","Strategic partnership upgrade","positive","","","","","","https://www.chinadaily.com.cn/english/doc/2005-11/15/content_494590.htm"
"Spain","西班牙","2007-06","State visit to China","leader_visit","高层互访","High-level visit","positive","state_head","partner_to_china","King Juan Carlos I of Spain","Chinese President Hu Jintao","Beijing","https://www.mfa.gov.cn/web/gjhdq_676201/gj_676203/oz_678770/1206_679810/sbgx_679814/"
"Spain","西班牙","2009-01","Joint statement on deepening comprehensive strategic partnership","strategic","战略伙伴关系提升","Strategic partnership upgrade","positive","","","","","","https://www.fmprc.gov.cn/mfa_eng/gjhdq_665435/3265_665445/3356_664772/3357_664774/202406/t20240611_11423506.html"
"Spain","西班牙","2009-01","Official visit to Spain","leader_visit","高层互访","High-level visit","neutral","government_head","china_to_partner","Chinese Premier Wen Jiabao","Spanish Prime Minister Jose Luis Rodriguez Zapatero","Madrid","https://www.mfa.gov.cn/web/gjhdq_676201/gj_676203/oz_678770/1206_679810/sbgx_679814/"
"Spain","西班牙","2014-09","China-Spain business deals worth over $4 billion signed","economic","经贸互利合作","Economic win-win cooperation","positive","","","","","","http://english.www.gov.cn/premier/news/2014/09/30/content_281474990792075.htm"
"Spain","西班牙","2014-09","Official visit to China","leader_visit","高层互访","High-level visit","neutral","government_head","partner_to_china","Spanish Prime Minister Mariano Rajoy","Chinese Premier Li Keqiang","Beijing","https://www.mfa.gov.cn/web/gjhdq_676201/gj_676203/oz_678770/1206_679810/sbgx_679814/"
"Spain","西班牙","2014-11","Yiwu-Madrid China-Europe freight train launched","economic","经贸互利合作","Economic win-win cooperation","positive","","","","","","https://english.news.cn/20241118/1803855481f74a2a99880df878342dc7/c.html"
"Spain","西班牙","2018-11","State visit to Spain","leader_visit","高层互访","High-level visit","positive","state_head","china_to_partner","Chinese President Xi Jinping","King Felipe VI of Spain","Madrid","https://www.mfa.gov.cn/web/gjhdq_676201/gj_676203/oz_678770/1206_679810/sbgx_679814/"
"Spain","西班牙","2020-03","China sends COVID-19 medical aid to Spain","pandemic","疫情/危机援助","Pandemic / crisis aid","positive","","","","","","http://www.xinhuanet.com/english/2020-03/16/c_138880854.htm"
"Spain","西班牙","2022-04","Spain passes 5G cybersecurity law enabling Huawei/ZTE restrictions","policy","科技管制/出口限制","Tech control / export restriction","negative","","","","","","https://www.lamoncloa.gob.es/lang/en/gobierno/news/paginas/2022/20220428_cybersecurity-law.aspx"
"Spain","西班牙","2022-11","Bilateral meeting on sidelines of G20 summit","leader_visit","多边/第三方会晤","Multilateral / third-party meeting","neutral","state_head","third_party_meeting","Chinese President Xi Jinping","Spanish Prime Minister Pedro Sanchez","Bali, Indonesia","https://www.mfa.gov.cn/web/gjhdq_676201/gj_676203/oz_678770/1206_679810/sbgx_679814/"
"Spain","西班牙","2023-03","Official visit to China","leader_visit","高层互访","High-level visit","positive","government_head","partner_to_china","Spanish Prime Minister Pedro Sanchez","Chinese President Xi Jinping","Beijing","https://www.mfa.gov.cn/web/gjhdq_676201/gj_676203/oz_678770/1206_679810/sbgx_679814/"
"Spain","西班牙","2023-03","50th anniversary of China-Spain diplomatic relations","diplomatic","人文交流合作","Cultural / people-to-people cooperation","positive","","","","","","https://www.mfa.gov.cn/eng/gjhdq_665435/3265_665445/3356_664772/3358_664776/202303/t20230309_11038242.html"
"Spain","西班牙","2024-09","Official visit to China","leader_visit","高层互访","High-level visit","positive","government_head","partner_to_china","Spanish Prime Minister Pedro Sanchez","Chinese President Xi Jinping","Beijing, Shanghai and Kunshan","https://www.mfa.gov.cn/web/gjhdq_676201/gj_676203/oz_678770/1206_679810/sbgx_679814/"
"Spain","西班牙","2025-04","Official visit to China","leader_visit","高层互访","High-level visit","positive","government_head","partner_to_china","Spanish Prime Minister Pedro Sanchez","Chinese President Xi Jinping","Beijing","https://www.mfa.gov.cn/web/gjhdq_676201/gj_676203/oz_678770/1206_679810/sbgx_679814/"
"Spain","西班牙","2025-04","China-Spain Action Plan 2025-2028 released","strategic","战略伙伴关系提升","Strategic partnership upgrade","positive","","","","","","https://www.mfa.gov.cn/zyxw/202504/t20250411_11593710.shtml"
"Spain","西班牙","2025-11","State visit to China","leader_visit","高层互访","High-level visit","positive","state_head","partner_to_china","King Felipe VI of Spain","Chinese President Xi Jinping","Beijing","https://www.mfa.gov.cn/web/gjhdq_676201/gj_676203/oz_678770/1206_679810/sbgx_679814/"
"Thailand","泰国","2003-04","Premier Wen Jiabao visits Thailand for China-ASEAN SARS special meeting","leader_visit","多边/第三方会晤","Multilateral / third-party meeting","neutral","government_head","third_party_meeting","Chinese Premier Wen Jiabao","Thai Prime Minister Thaksin Shinawatra","Bangkok","https://www.mfa.gov.cn/web/gjhdq_676201/gj_676203/yz_676205/1206_676932/sbgx_676936/"
"Thailand","泰国","2003-10","China-Thailand Early Harvest FTA on fruits and vegetables takes effect","economic","经贸互利合作","Economic win-win cooperation","positive","","","","","","https://mahanakornpartners.com/the-china-thailand-free-trade-agreement/#:~:text=The%20China-Thailand%20Free%20Trade%20Agreement%20%28FTA%29%20was%20signed,It%20is%20a%20%E2%80%9Cfarm%20trade%20early%20harvest%20agreement.%E2%80%9D"
"Thailand","泰国","2005-07","Thai Prime Minister Thaksin Shinawatra official visit to China","leader_visit","高层互访","High-level visit","positive","government_head","partner_to_china","Thai Prime Minister Thaksin Shinawatra","Chinese Premier Wen Jiabao","Beijing","https://www.mfa.gov.cn/web/gjhdq_676201/gj_676203/yz_676205/1206_676932/sbgx_676936/"
"Thailand","泰国","2009-06","Thai Prime Minister Abhisit Vejjajiva official visit to China","leader_visit","高层互访","High-level visit","neutral","government_head","partner_to_china","Thai Prime Minister Abhisit Vejjajiva","Chinese Premier Wen Jiabao","Beijing","https://www.mfa.gov.cn/web/gjhdq_676201/gj_676203/yz_676205/1206_676932/sbgx_676936/"
"Thailand","泰国","2011-10","China donates flood relief aid to Thailand","diplomatic","疫情/危机援助","Pandemic / crisis aid","positive","","","","","","http://www.chinadaily.com.cn/china/2011-10/08/content_13851996.htm"
"Thailand","泰国","2012-04","Thai Prime Minister Yingluck Shinawatra visits China, comprehensive strategic partnership established","leader_visit","高层互访","High-level visit","positive","government_head","partner_to_china","Thai Prime Minister Yingluck Shinawatra","Chinese Premier Wen Jiabao","Beijing","https://www.mfa.gov.cn/web/gjhdq_676201/gj_676203/yz_676205/1206_676932/sbgx_676936/"
"Thailand","泰国","2012-11","Chinese Premier Wen Jiabao official visit to Thailand","leader_visit","高层互访","High-level visit","neutral","government_head","china_to_partner","Chinese Premier Wen Jiabao","Thai Prime Minister Yingluck Shinawatra","Bangkok","https://www.mfa.gov.cn/web/gjhdq_676201/gj_676203/yz_676205/1206_676932/sbgx_676936/"
"Thailand","泰国","2013-10","Chinese Premier Li Keqiang official visit to Thailand","leader_visit","高层互访","High-level visit","positive","government_head","china_to_partner","Chinese Premier Li Keqiang","Thai Prime Minister Yingluck Shinawatra","Bangkok and Chiang Mai","https://www.mfa.gov.cn/web/gjhdq_676201/gj_676203/yz_676205/1206_676932/sbgx_676936/"
"Thailand","泰国","2014-12","China-Thailand railway cooperation MoU signed","economic","经贸互利合作","Economic win-win cooperation","positive","","","","","","http://www.chinadaily.com.cn/world/2014livisitkst/2014-12/20/content_19133622.htm"
"Thailand","泰国","2015-12","China-Thailand railway project launching ceremony held","economic","经贸互利合作","Economic win-win cooperation","positive","","","","","","https://www.chinadaily.com.cn/regional//2015-12/20/content_23070303.htm"
"Thailand","泰国","2017-04","Thailand approves purchase of Chinese S26T submarine","military","军事安全合作","Military / security cooperation","positive","","","","","","https://www.iseas.edu.sg/articles-commentaries/iseas-perspective/2024-22-thailands-submarine-saga-reaches-a-climax-in-march-by-paul-chambers-and-termsak-chalermpalanupap"
"Thailand","泰国","2017-09","Thai Prime Minister Prayut Chan-o-cha visits China, BRI MoU signed","leader_visit","高层互访","High-level visit","positive","government_head","partner_to_china","Thai Prime Minister Prayut Chan-o-cha","Chinese Premier Li Keqiang","Beijing","https://www.mfa.gov.cn/web/gjhdq_676201/gj_676203/yz_676205/1206_676932/sbgx_676936/"
"Thailand","泰国","2019-11","Chinese President Xi Jinping state visit to Thailand","leader_visit","高层互访","High-level visit","positive","state_head","china_to_partner","Chinese President Xi Jinping","Thai Prime Minister Prayut Chan-o-cha","Bangkok","https://www.mfa.gov.cn/web/gjhdq_676201/gj_676203/yz_676205/1206_676932/sbgx_676936/"
"Thailand","泰国","2020-04","COVID-19 pandemic travel restrictions disrupt China-Thailand tourism","pandemic","疫情/灾害冲击","Pandemic / disaster shock","negative","","","","","","https://webunwto.s3.eu-west-1.amazonaws.com/s3fs-public/2020-04/TravelRestrictions_0.pdf"
"Thailand","泰国","2021-02","First batch of China's Sinovac COVID-19 vaccines arrives in Thailand","pandemic","疫情/危机援助","Pandemic / crisis aid","positive","","","","","","https://th.china-embassy.gov.cn/eng/gdxw/202102/t20210225_10148727.htm"
"Thailand","泰国","2022-11","Chinese President Xi Jinping visits Thailand for APEC Economic Leaders' Meeting and state visit","leader_visit","多边/第三方会晤","Multilateral / third-party meeting","positive","state_head","china_to_partner","Chinese President Xi Jinping","Thai Prime Minister Prayut Chan-o-cha","Bangkok","https://www.mfa.gov.cn/web/gjhdq_676201/gj_676203/yz_676205/1206_676932/sbgx_676936/"
"Thailand","泰国","2023-09","Thailand announces five-month visa exemption for Chinese tourists","diplomatic","人文交流合作","Cultural / people-to-people cooperation","positive","","","","","","https://thaitimes.com/thailand-china-visa-exemption-boosts-tourism-and-cultural-exchange"
"Thailand","泰国","2023-10","Thai Prime Minister Srettha Thavisin official visit to China and Belt and Road Forum","leader_visit","高层互访","High-level visit","positive","government_head","partner_to_china","Thai Prime Minister Srettha Thavisin","Chinese Premier Li Qiang","Beijing","https://www.mfa.gov.cn/web/gjhdq_676201/gj_676203/yz_676205/1206_676932/sbgx_676936/"
"Thailand","泰国","2024-01","China-Thailand mutual visa exemption agreement signed","diplomatic","人文交流合作","Cultural / people-to-people cooperation","positive","","","","","","https://cs.mfa.gov.cn/gyls/lsgz/fwxx/202401/t20240129_11234802.shtml"
"Thailand","泰国","2025-02","50th anniversary joint statement on China-Thailand community with shared future","strategic","战略伙伴关系提升","Strategic partnership upgrade","positive","","","","","","https://www.gov.cn/yaowen/liebiao/202502/content_7002811.htm"
"United Arab Emirates","阿联酋","2008-04","China-UAE criminal judicial assistance treaty signed","diplomatic","人文交流合作","Cultural / people-to-people cooperation","positive","","","","","","http://www.china.org.cn/china/national/2008-12/28/content_17021919.htm"
"United Arab Emirates","阿联酋","2009-08","State visit to China","leader_visit","高层互访","High-level visit","neutral","state_head","partner_to_china","UAE President Sheikh Mohamed bin Zayed Al Nahyan","Chinese President Hu Jintao","Beijing, China","https://www.mfa.gov.cn/gjhdq_676201/gj_676203/yz_676205/1206_676234/sbgx_676238/"
"United Arab Emirates","阿联酋","2012-01","China-UAE strategic partnership established","strategic","战略伙伴关系提升","Strategic partnership upgrade","positive","","","","","","https://www.mfa.gov.cn/gjhdq_676201/gj_676203/yz_676205/1206_676234/sbgx_676238/"
"United Arab Emirates","阿联酋","2012-03","State visit to China","leader_visit","高层互访","High-level visit","neutral","state_head","partner_to_china","UAE Crown Prince Sheikh Mohamed bin Zayed Al Nahyan","Chinese President Hu Jintao","Beijing, China","https://www.mfa.gov.cn/gjhdq_676201/gj_676203/yz_676205/1206_676234/sbgx_676238/"
"United Arab Emirates","阿联酋","2015-12","Central banks renew currency swap and sign RMB clearing MOU","economic","经贸互利合作","Economic win-win cooperation","positive","","","","","","http://www.xinhuanet.com/english/2018-07/18/c_137333379.htm"
"United Arab Emirates","阿联酋","2015-12","State visit to China","leader_visit","高层互访","High-level visit","positive","state_head","partner_to_china","UAE Crown Prince Sheikh Mohamed bin Zayed Al Nahyan","Chinese President Xi Jinping","Beijing, China","https://www.mfa.gov.cn/gjhdq_676201/gj_676203/yz_676205/1206_676234/sbgx_676238/"
"United Arab Emirates","阿联酋","2017-02","CNPC awarded 8% stake in Abu Dhabi onshore oil concession","economic","经贸互利合作","Economic win-win cooperation","positive","","","","","","https://www.chinadaily.com.cn/a/201803/23/WS5ab46d52a3105cdcf6513ce2.html"
"United Arab Emirates","阿联酋","2017-12","China-UAE comprehensive mutual visa exemption arrangement reached","economic","人文交流合作","Cultural / people-to-people cooperation","positive","","","","","","https://www.mfa.gov.cn/gjhdq_676201/gj_676203/yz_676205/1206_676234/sbgx_676238/"
"United Arab Emirates","阿联酋","2018-03","CNPC acquires 10% stakes in two Abu Dhabi offshore concessions","economic","经贸互利合作","Economic win-win cooperation","positive","","","","","","https://www.chinadaily.com.cn/a/201803/23/WS5ab46d52a3105cdcf6513ce2.html"
"United Arab Emirates","阿联酋","2018-07","State visit to UAE","leader_visit","高层互访","High-level visit","positive","state_head","china_to_partner","Chinese President Xi Jinping","UAE Crown Prince Sheikh Mohamed bin Zayed Al Nahyan","Abu Dhabi, UAE","https://www.mfa.gov.cn/eng/zy/jj/2018zt/xgswfcxjxgjmlqs/202406/t20240606_11380518.html"
"United Arab Emirates","阿联酋","2019-04","US raises security concerns over UAE Huawei 5G contract","sanctions","科技管制/出口限制","Tech control / export restriction","negative","","","","","","https://www.tbsnews.net/international/us-flags-huawei-5g-network-security-concerns-gulf-allies"
"United Arab Emirates","阿联酋","2019-07","State visit to China","leader_visit","高层互访","High-level visit","positive","state_head","partner_to_china","UAE Crown Prince Sheikh Mohamed bin Zayed Al Nahyan","Chinese President Xi Jinping","Beijing, China","https://english.www.gov.cn/news/topnews/201907/22/content_WS5d35b11ac6d00d362f668b28.html"
"United Arab Emirates","阿联酋","2020-06","Sinopharm COVID-19 vaccine phase 3 clinical trial launched in UAE","pandemic","疫情/危机援助","Pandemic / crisis aid","positive","","","","","","https://u.ae/en/information-and-services/health-and-fitness/handling-the-covid-19-outbreak/scientific-research-on-prevention-and-treatment-of-covid-19"
"United Arab Emirates","阿联酋","2022-02","Visit to China for Beijing Winter Olympics opening ceremony","leader_visit","多边/第三方会晤","Multilateral / third-party meeting","neutral","state_head","partner_to_china","UAE President Sheikh Mohamed bin Zayed Al Nahyan","Chinese President Xi Jinping","Beijing, China","https://www.mfa.gov.cn/gjhdq_676201/gj_676203/yz_676205/1206_676234/sbgx_676238/"
"United Arab Emirates","阿联酋","2023-07","Falcon Shield-2023 China-UAE air force joint training","military","军事安全合作","Military / security cooperation","positive","","","","","","http://www.mod.gov.cn/gfbw/qwfb/16241119.html"
"United Arab Emirates","阿联酋","2024-05","State visit to China","leader_visit","高层互访","High-level visit","positive","state_head","partner_to_china","UAE President Sheikh Mohamed bin Zayed Al Nahyan","Chinese President Xi Jinping","Beijing, China","https://www.khaleejtimes.com/world/asia/uae-president-arrives-in-beijing-for-state-visit-to-china"
"United Arab Emirates","阿联酋","2024-09","Official visit to UAE","leader_visit","高层互访","High-level visit","neutral","government_head","china_to_partner","Chinese Premier Li Qiang","UAE Vice President and Prime Minister Sheikh Mohammed bin Rashid Al Maktoum","Abu Dhabi, UAE","https://www.mfa.gov.cn/gjhdq_676201/gj_676203/yz_676205/1206_676234/sbgx_676238/"
"United Arab Emirates","阿联酋","2024-11","40th anniversary of China-UAE diplomatic relations","diplomatic","人文交流合作","Cultural / people-to-people cooperation","positive","","","","","","https://ir.china-embassy.gov.cn/eng/zyxw/202411/t20241111_11524644.htm"
"United Kingdom","英国","2003-07","Blair Visits China","leader_visit","高层互访","High-level visit","positive","government_head","partner_to_china","","","","https://www.mfa.gov.cn/gjhdq_676201/gj_676203/oz_678770/1206_679906/sbgx_679910/"
"United Kingdom","英国","2004-05","UK-China Comprehensive Strategic Partnership established","strategic","战略伙伴关系提升","Strategic partnership upgrade","positive","","","","","","https://www.fmprc.gov.cn/eng/gjhdq_665435/3265_665445/3371_664802/"
"United Kingdom","英国","2004-05","Official visit to the United Kingdom","leader_visit","高层互访","High-level visit","neutral","government_head","china_to_partner","Chinese Premier Wen Jiabao","UK Prime Minister Tony Blair","London, United Kingdom","https://www.mfa.gov.cn/gjhdq_676201/gj_676203/oz_678770/1206_679906/sbgx_679910/"
"United Kingdom","英国","2005-11","State visit to the United Kingdom","leader_visit","高层互访","High-level visit","neutral","state_head","china_to_partner","Chinese President Hu Jintao","UK Queen Elizabeth II (hosted by PM Tony Blair)","London, United Kingdom","https://www.mfa.gov.cn/gjhdq_676201/gj_676203/oz_678770/1206_679906/sbgx_679910/"
"United Kingdom","英国","2006-09","Official visit to the United Kingdom by Chinese Premier Wen Jiabao","leader_visit","高层互访","High-level visit","neutral","government_head","china_to_partner","Chinese Premier Wen Jiabao","UK Prime Minister Tony Blair","London, United Kingdom","http://www.china.org.cn/english/2006/Sep/181021.htm"
"United Kingdom","英国","2008-01","Brown Visits China","leader_visit","高层互访","High-level visit","positive","government_head","partner_to_china","","","","https://www.mfa.gov.cn/gjhdq_676201/gj_676203/oz_678770/1206_679906/sbgx_679910/"
"United Kingdom","英国","2008-04","First UK-China Economic and Financial Dialogue held","economic","经贸互利合作","Economic win-win cooperation","positive","","","","","","https://www.chinadaily.com.cn/china/2008-04/16/content_6620017.htm"
"United Kingdom","英国","2009-04","Meeting on sidelines of G20 summit in London","leader_visit","多边/第三方会晤","Multilateral / third-party meeting","neutral","state_head","third_party_meeting","Chinese President Hu Jintao","UK Prime Minister Gordon Brown","London, United Kingdom","https://www.mfa.gov.cn/gjhdq_676201/gj_676203/oz_678770/1206_679906/sbgx_679910/"
"United Kingdom","英国","2010-11","Cameron First Visit","leader_visit","高层互访","High-level visit","positive","government_head","partner_to_china","","","","https://www.mfa.gov.cn/gjhdq_676201/gj_676203/oz_678770/1206_679906/sbgx_679910/"
"United Kingdom","英国","2011-06","Official visit to the United Kingdom","leader_visit","高层互访","High-level visit","neutral","government_head","china_to_partner","Chinese Premier Wen Jiabao","UK Prime Minister David Cameron","London, United Kingdom","https://www.mfa.gov.cn/gjhdq_676201/gj_676203/oz_678770/1206_679906/sbgx_679910/"
"United Kingdom","英国","2012-04","China-UK High-Level People-to-People Exchange Mechanism launched","cultural","人文交流合作","Cultural / people-to-people cooperation","positive","","","","","","https://link.springer.com/article/10.1007/s41111-025-00322-1"
"United Kingdom","英国","2013-06","Bank of England and PBOC sign sterling/RMB currency swap line","economic","经贸互利合作","Economic win-win cooperation","positive","","","","","","https://gb.china-embassy.gov.cn/sbjw/202206/t20220617_10705097.htm"
"United Kingdom","英国","2013-12","Official visit to China","leader_visit","高层互访","High-level visit","neutral","government_head","partner_to_china","UK Prime Minister David Cameron","Chinese Premier Li Keqiang","Beijing, China","https://www.mfa.gov.cn/gjhdq_676201/gj_676203/oz_678770/1206_679906/sbgx_679910/"
"United Kingdom","英国","2014-06","Official visit to the United Kingdom","leader_visit","高层互访","High-level visit","neutral","government_head","china_to_partner","Chinese Premier Li Keqiang","UK Prime Minister David Cameron","London, United Kingdom","https://www.mfa.gov.cn/gjhdq_676201/gj_676203/oz_678770/1206_679906/sbgx_679910/"
"United Kingdom","英国","2015-03","UK joins AIIB as founding member","economic","经贸互利合作","Economic win-win cooperation","positive","","","","","","https://www.gov.uk/government/news/uk-announces-plans-to-join-asian-infrastructure-investment-bank"
"United Kingdom","英国","2015-10","Xi State Visit to UK","leader_visit","高层互访","High-level visit","positive","state_head","china_to_partner","","","","https://www.mfa.gov.cn/gjhdq_676201/gj_676203/oz_678770/1206_679906/sbgx_679910/"
"United Kingdom","英国","2016-09","UK government approves Hinkley Point C nuclear project with CGN investment","economic","经贸互利合作","Economic win-win cooperation","positive","","","","","","https://www.gov.uk/government/collections/hinkley-point-c"
"United Kingdom","英国","2016-09","Meeting on sidelines of G20 summit in Hangzhou","leader_visit","多边/第三方会晤","Multilateral / third-party meeting","neutral","government_head","third_party_meeting","UK Prime Minister Theresa May","Chinese President Xi Jinping","Hangzhou, China","https://www.mfa.gov.cn/gjhdq_676201/gj_676203/oz_678770/1206_679906/sbgx_679910/"
"United Kingdom","英国","2018-01","Official visit to China","leader_visit","高层互访","High-level visit","neutral","government_head","partner_to_china","UK Prime Minister Theresa May","Chinese Premier Li Keqiang","Beijing, China","https://www.mfa.gov.cn/gjhdq_676201/gj_676203/oz_678770/1206_679906/sbgx_679910/"
"United Kingdom","英国","2019-06","Meeting on sidelines of G20 summit in Osaka","leader_visit","多边/第三方会晤","Multilateral / third-party meeting","neutral","state_head","third_party_meeting","Chinese President Xi Jinping","UK Prime Minister Theresa May","Osaka, Japan","https://www.mofa.go.jp/policy/economy/g20_summit/osaka19/en/overview/"
"United Kingdom","英国","2019-06","Hong Kong extradition bill protests begin","diplomatic","主权纠纷","Sovereignty dispute","negative","","","","","","https://www.bbc.com/news/world-asia-china-49317695"
"United Kingdom","英国","2020-06","Hong Kong National Security Law enacted","diplomatic","主权纠纷","Sovereignty dispute","negative","","","","","","https://www.gov.uk/government/speeches/foreign-secretary-statement-on-national-security-legislation-in-hong-kong"
"United Kingdom","英国","2020-07","UK bans Huawei 5G","sanctions","科技管制/出口限制","Tech control / export restriction","negative","","","","","","https://www.gov.uk/government/news/huawei-to-be-removed-from-uk-5g-networks-by-2027"
"United Kingdom","英国","2021-01","UK opens BNO visa route for Hong Kong residents","diplomatic","主权纠纷","Sovereignty dispute","negative","","","","","","https://www.chinadaily.com.cn/a/202101/30/WS6014c8fca31024ad0baa6307.html"
"United Kingdom","英国","2021-03","UK sanctions Chinese officials over Xinjiang; China retaliates","sanctions","外交抗议/摩擦","Diplomatic protest / friction","negative","","","","","","https://www.mfa.gov.cn/eng/xw/fyrbt/fyrbt/202405/t20240530_11349691.html"
"United Kingdom","英国","2021-10","Phone call between Chinese President Xi Jinping and UK Prime Minister Boris Johnson","leader_visit","远程通话/视频会晤","Remote talk / virtual meeting","neutral","state_head","not_applicable","Chinese President Xi Jinping","UK Prime Minister Boris Johnson","Phone/Virtual","https://gb.china-embassy.gov.cn/eng//zywl/202111/t20211103_10440902.htm"
"United Kingdom","英国","2022-11","UK buys out CGN from Sizewell C nuclear project","economic","经贸制裁/关税壁垒","Economic sanction / tariff barrier","negative","","","","","","https://www.reuters.com/business/energy/uk-pays-about-100-mln-buy-chinas-cgn-out-sizewell-nuclear-project-2022-11-29/"
"United Kingdom","英国","2022-11","Meeting on sidelines of G20 summit in Bali","leader_visit","多边/第三方会晤","Multilateral / third-party meeting","neutral","state_head","third_party_meeting","Chinese President Xi Jinping","UK Prime Minister Rishi Sunak","Bali, Indonesia","https://english.news.cn/special/2022G20/g20summit.html"
"United Kingdom","英国","2023-03","Integrated Review Refresh labels China 'epoch-defining challenge'","strategic","战略定位负面","Negative strategic positioning","negative","","","","","","https://www.gov.uk/government/publications/integrated-review-refresh-2023-responding-to-a-more-contested-and-volatile-world"
"United Kingdom","英国","2024-08","Xi-Starmer phone call","leader_visit","远程通话/视频会晤","Remote talk / virtual meeting","neutral","state_head","third_party_meeting","","","","https://www.mfa.gov.cn/gjhdq_676201/gj_676203/oz_678770/1206_679906/sbgx_679910/"
"United Kingdom","英国","2024-11","Meeting on sidelines of G20 summit in Rio de Janeiro","leader_visit","多边/第三方会晤","Multilateral / third-party meeting","neutral","state_head","third_party_meeting","Chinese President Xi Jinping","UK Prime Minister Keir Starmer","Rio de Janeiro, Brazil","https://www.mfa.gov.cn/gjhdq_676201/gj_676203/oz_678770/1206_679906/sbgx_679910/"
"United States","美国","2002-02","Working visit to China","leader_visit","高层互访","High-level visit","neutral","state_head","partner_to_china","US President George W. Bush","Chinese President Jiang Zemin","Beijing","https://www.fmprc.gov.cn/gjhdq_676201/gj_676203/bmz_679954/1206_680528/sbgx_680532/"
"United States","美国","2002-10","Working visit to the United States","leader_visit","高层互访","High-level visit","neutral","state_head","china_to_partner","Chinese President Jiang Zemin","US President George W. Bush","Crawford, Texas","https://www.fmprc.gov.cn/gjhdq_676201/gj_676203/bmz_679954/1206_680528/sbgx_680532/"
"United States","美国","2003-06","Bilateral meeting on sidelines of G8 Summit","leader_visit","多边/第三方会晤","Multilateral / third-party meeting","neutral","state_head","third_party_meeting","Chinese President Hu Jintao","US President George W. Bush","Evian, France","https://www.fmprc.gov.cn/gjhdq_676201/gj_676203/bmz_679954/1206_680528/sbgx_680532/"
"United States","美国","2003-10","Bilateral meeting on sidelines of APEC Summit","leader_visit","多边/第三方会晤","Multilateral / third-party meeting","neutral","state_head","third_party_meeting","Chinese President Hu Jintao","US President George W. Bush","Bangkok, Thailand","https://www.fmprc.gov.cn/gjhdq_676201/gj_676203/bmz_679954/1206_680528/sbgx_680532/"
"United States","美国","2004-11","Bilateral meeting on sidelines of APEC Summit","leader_visit","多边/第三方会晤","Multilateral / third-party meeting","neutral","state_head","third_party_meeting","Chinese President Hu Jintao","US President George W. Bush","Santiago, Chile","https://www.fmprc.gov.cn/gjhdq_676201/gj_676203/bmz_679954/1206_680528/sbgx_680532/"
"United States","美国","2005-09","Bilateral meeting on sidelines of UN Summit","leader_visit","多边/第三方会晤","Multilateral / third-party meeting","neutral","state_head","third_party_meeting","Chinese President Hu Jintao","US President George W. Bush","New York City, United States","https://www.fmprc.gov.cn/gjhdq_676201/gj_676203/bmz_679954/1206_680528/sbgx_680532/"
"United States","美国","2005-11","Official visit to China","leader_visit","高层互访","High-level visit","neutral","state_head","partner_to_china","US President George W. Bush","Chinese President Hu Jintao","Beijing","https://www.fmprc.gov.cn/gjhdq_676201/gj_676203/bmz_679954/1206_680528/sbgx_680532/"
"United States","美国","2006-04","State visit to the United States","leader_visit","高层互访","High-level visit","neutral","state_head","china_to_partner","Chinese President Hu Jintao","US President George W. Bush","Washington, D.C.","https://www.fmprc.gov.cn/gjhdq_676201/gj_676203/bmz_679954/1206_680528/sbgx_680532/"
"United States","美国","2006-11","Bilateral meeting on sidelines of APEC Summit","leader_visit","多边/第三方会晤","Multilateral / third-party meeting","neutral","state_head","third_party_meeting","Chinese President Hu Jintao","US President George W. Bush","Hanoi, Vietnam","https://www.fmprc.gov.cn/gjhdq_676201/gj_676203/bmz_679954/1206_680528/sbgx_680532/"
"United States","美国","2007-09","Bilateral meeting on sidelines of APEC Summit","leader_visit","多边/第三方会晤","Multilateral / third-party meeting","neutral","state_head","third_party_meeting","Chinese President Hu Jintao","US President George W. Bush","Sydney, Australia","https://www.fmprc.gov.cn/gjhdq_676201/gj_676203/bmz_679954/1206_680528/sbgx_680532/"
"United States","美国","2008-07","Bilateral meeting on sidelines of G8 Summit","leader_visit","多边/第三方会晤","Multilateral / third-party meeting","neutral","state_head","third_party_meeting","Chinese President Hu Jintao","US President George W. Bush","Toyako, Japan","https://www.fmprc.gov.cn/gjhdq_676201/gj_676203/bmz_679954/1206_680528/sbgx_680532/"
"United States","美国","2008-09","Financial Crisis Cooperation","economic","经贸互利合作","Economic win-win cooperation","positive","","","","","","https://www.fmprc.gov.cn/eng/xw/zyjh/202405/t20240530_11340030.html"
"United States","美国","2008-11","Bilateral meeting on sidelines of APEC Summit","leader_visit","多边/第三方会晤","Multilateral / third-party meeting","neutral","state_head","third_party_meeting","Chinese President Hu Jintao","US President George W. Bush","Lima, Peru","https://www.fmprc.gov.cn/gjhdq_676201/gj_676203/bmz_679954/1206_680528/sbgx_680532/"
"United States","美国","2009-04","Bilateral meeting on sidelines of G20 Summit","leader_visit","多边/第三方会晤","Multilateral / third-party meeting","neutral","state_head","third_party_meeting","Chinese President Hu Jintao","US President Barack Obama","London, United Kingdom","https://www.gov.cn/xinwen/2018-12/02/content_5345261.htm"
"United States","美国","2009-09","Bilateral meeting on sidelines of G20 Summit","leader_visit","多边/第三方会晤","Multilateral / third-party meeting","neutral","state_head","third_party_meeting","Chinese President Hu Jintao","US President Barack Obama","Pittsburgh, United States","https://www.fmprc.gov.cn/gjhdq_676201/gj_676203/bmz_679954/1206_680528/sbgx_680532/"
"United States","美国","2009-11","State visit to China","leader_visit","高层互访","High-level visit","neutral","state_head","partner_to_china","US President Barack Obama","Chinese President Hu Jintao","Beijing","https://www.fmprc.gov.cn/gjhdq_676201/gj_676203/bmz_679954/1206_680528/sbgx_680532/"
"United States","美国","2010-06","Bilateral meeting on sidelines of G20 Summit","leader_visit","多边/第三方会晤","Multilateral / third-party meeting","neutral","state_head","third_party_meeting","Chinese President Hu Jintao","US President Barack Obama","Toronto, Canada","https://www.fmprc.gov.cn/gjhdq_676201/gj_676203/bmz_679954/1206_680528/sbgx_680532/"
"United States","美国","2010-11","Bilateral meeting on sidelines of G20 Summit","leader_visit","多边/第三方会晤","Multilateral / third-party meeting","neutral","state_head","third_party_meeting","Chinese President Hu Jintao","US President Barack Obama","Seoul, South Korea","https://www.fmprc.gov.cn/gjhdq_676201/gj_676203/bmz_679954/1206_680528/sbgx_680532/"
"United States","美国","2011-01","State visit to the United States","leader_visit","高层互访","High-level visit","neutral","state_head","china_to_partner","Chinese President Hu Jintao","US President Barack Obama","Washington, D.C.","https://www.fmprc.gov.cn/gjhdq_676201/gj_676203/bmz_679954/1206_680528/sbgx_680532/"
"United States","美国","2011-10","Pivot to Asia announced","strategic","战略定位负面","Negative strategic positioning","negative","","","","","","https://2009-2017.state.gov/secretary/20092013clinton/rm/2011/10/175215.htm"
"United States","美国","2011-11","Bilateral meeting on sidelines of APEC Summit","leader_visit","多边/第三方会晤","Multilateral / third-party meeting","neutral","state_head","third_party_meeting","Chinese President Hu Jintao","US President Barack Obama","Honolulu, United States","https://www.fmprc.gov.cn/gjhdq_676201/gj_676203/bmz_679954/1206_680528/sbgx_680532/"
"United States","美国","2012-03","Bilateral meeting on sidelines of Nuclear Security Summit","leader_visit","多边/第三方会晤","Multilateral / third-party meeting","neutral","state_head","third_party_meeting","Chinese President Hu Jintao","US President Barack Obama","Seoul, South Korea","https://www.fmprc.gov.cn/gjhdq_676201/gj_676203/bmz_679954/1206_680528/sbgx_680532/"
"United States","美国","2012-06","Bilateral meeting on sidelines of G20 Summit","leader_visit","多边/第三方会晤","Multilateral / third-party meeting","neutral","state_head","third_party_meeting","Chinese President Hu Jintao","US President Barack Obama","Los Cabos, Mexico","https://www.fmprc.gov.cn/gjhdq_676201/gj_676203/bmz_679954/1206_680528/sbgx_680532/"
"United States","美国","2013-06","Sunnylands Summit","leader_visit","高层互访","High-level visit","positive","state_head","third_party_meeting","","","","https://www.fmprc.gov.cn/gjhdq_676201/gj_676203/bmz_679954/1206_680528/sbgx_680532/"
"United States","美国","2013-09","Bilateral meeting on sidelines of G20 Summit","leader_visit","多边/第三方会晤","Multilateral / third-party meeting","neutral","state_head","third_party_meeting","Chinese President Xi Jinping","US President Barack Obama","Saint Petersburg, Russia","https://www.fmprc.gov.cn/gjhdq_676201/gj_676203/bmz_679954/1206_680528/sbgx_680532/"
"United States","美国","2014-11","State visit to China","leader_visit","高层互访","High-level visit","neutral","state_head","partner_to_china","US President Barack Obama","Chinese President Xi Jinping","Beijing","https://www.fmprc.gov.cn/gjhdq_676201/gj_676203/bmz_679954/1206_680528/sbgx_680532/"
"United States","美国","2015-09","State visit to the United States","leader_visit","高层互访","High-level visit","neutral","state_head","china_to_partner","Chinese President Xi Jinping","US President Barack Obama","Washington, D.C.","https://www.fmprc.gov.cn/gjhdq_676201/gj_676203/bmz_679954/1206_680528/sbgx_680532/"
"United States","美国","2016-07","South China Sea Arbitration Ruling","diplomatic","主权纠纷","Sovereignty dispute","negative","","","","","","https://www.mfa.gov.cn/web//wjb_673085/zzjg_673183/bjhysws_674671/bhzcyfllc/201607/t20160712_338577.shtml"
"United States","美国","2016-09","Bilateral meeting on sidelines of G20 Summit","leader_visit","多边/第三方会晤","Multilateral / third-party meeting","neutral","state_head","third_party_meeting","Chinese President Xi Jinping","US President Barack Obama","Hangzhou, China","https://www.fmprc.gov.cn/gjhdq_676201/gj_676203/bmz_679954/1206_680528/sbgx_680532/"
"United States","美国","2017-04","Working visit to the United States (Mar-a-Lago Summit)","leader_visit","高层互访","High-level visit","neutral","state_head","china_to_partner","Chinese President Xi Jinping","US President Donald Trump","Palm Beach, Florida","https://www.fmprc.gov.cn/gjhdq_676201/gj_676203/bmz_679954/1206_680528/sbgx_680532/"
"United States","美国","2017-07","Bilateral meeting on sidelines of G20 Summit","leader_visit","多边/第三方会晤","Multilateral / third-party meeting","neutral","state_head","third_party_meeting","Chinese President Xi Jinping","US President Donald Trump","Hamburg, Germany","https://www.fmprc.gov.cn/gjhdq_676201/gj_676203/bmz_679954/1206_680528/sbgx_680532/"
"United States","美国","2017-11","State visit to China","leader_visit","高层互访","High-level visit","neutral","state_head","partner_to_china","US President Donald Trump","Chinese President Xi Jinping","Beijing","https://www.fmprc.gov.cn/gjhdq_676201/gj_676203/bmz_679954/1206_680528/sbgx_680532/"
"United States","美国","2018-03","Steel/aluminum tariffs imposed","economic","经贸制裁/关税壁垒","Economic sanction / tariff barrier","negative","","","","","","https://www.whitehouse.gov/presidential-actions/2025/06/adjusting-imports-of-aluminum-and-steel-into-the-united-states/"
"United States","美国","2018-04","US bans ZTE from tech exports","sanctions","科技管制/出口限制","Tech control / export restriction","negative","","","","","","https://apnews.com/article/id-bca32753c3a048c7b212bc5512398989"
"United States","美国","2018-07","Trade War Begins","sanctions","经贸制裁/关税壁垒","Economic sanction / tariff barrier","negative","","","","","","https://www.bbc.com/news/business-44707253"
"United States","美国","2018-12","Huawei CFO Meng Wanzhou arrested","policy","人员扣押/司法争议","Detention / judicial dispute","negative","","","","","","https://www.mfa.gov.cn/web/fyrbt_673021/jzhsl_673025/201812/t20181206_5416936.shtml"
"United States","美国","2018-12","Bilateral meeting on sidelines of G20 Summit","leader_visit","多边/第三方会晤","Multilateral / third-party meeting","neutral","state_head","third_party_meeting","Chinese President Xi Jinping","US President Donald Trump","Buenos Aires, Argentina","https://www.gov.cn/xinwen/2018-12/02/content_5345261.htm"
"United States","美国","2019-05","US hikes tariffs on $200B goods","economic","经贸制裁/关税壁垒","Economic sanction / tariff barrier","negative","","","","","","https://www.cnbc.com/2019/05/05/trump-says-tariffs-on-200-billion-of-chinese-goods-will-increase-to-25percent-on-friday.html"
"United States","美国","2019-06","Bilateral meeting on sidelines of G20 Summit","leader_visit","多边/第三方会晤","Multilateral / third-party meeting","neutral","state_head","third_party_meeting","Chinese President Xi Jinping","US President Donald Trump","Osaka, Japan","https://www.fmprc.gov.cn/gjhdq_676201/gj_676203/bmz_679954/1206_680528/sbgx_680532/"
"United States","美国","2020-01","US-China Phase One deal signed","economic","经贸互利合作","Economic win-win cooperation","positive","","","","","","https://ustr.gov/phase-one"
"United States","美国","2020-03","COVID-19 Blame","crisis","疫情/灾害冲击","Pandemic / disaster shock","negative","","","","","","https://www.mps.gov.cn/n2255079/n6865805/n7355748/n7355818/c8198788/content.html"
"United States","美国","2021-03","Anchorage Talks","strategic","外交抗议/摩擦","Diplomatic protest / friction","negative","","","","","","https://www.mfa.gov.cn/web/zyxw/202103/t20210320_9136632.shtml"
"United States","美国","2021-11","Virtual bilateral meeting (video summit)","leader_visit","远程通话/视频会晤","Remote talk / virtual meeting","neutral","state_head","third_party_meeting","Chinese President Xi Jinping","US President Joe Biden","Virtual (Beijing/Washington)","https://www.fmprc.gov.cn/gjhdq_676201/gj_676203/bmz_679954/1206_680528/sbgx_680532/"
"United States","美国","2022-08","Pelosi visits Taiwan","policy","主权纠纷","Sovereignty dispute","negative","","","","","","https://www.fmprc.gov.cn/eng/wjb/zygy/hd/202406/t20240603_11375002.html"
"United States","美国","2022-11","Bilateral meeting on sidelines of G20 Summit","leader_visit","多边/第三方会晤","Multilateral / third-party meeting","neutral","state_head","third_party_meeting","Chinese President Xi Jinping","US President Joe Biden","Bali, Indonesia","https://www.fmprc.gov.cn/gjhdq_676201/gj_676203/bmz_679954/1206_680528/sbgx_680532/"
"United States","美国","2023-11","Working visit to the United States (San Francisco Summit)","leader_visit","高层互访","High-level visit","neutral","state_head","china_to_partner","Chinese President Xi Jinping","US President Joe Biden","San Francisco, United States","https://www.fmprc.gov.cn/gjhdq_676201/gj_676203/bmz_679954/1206_680528/sbgx_680532/"
"United States","美国","2024-05","Biden hikes tariffs on China EVs","economic","经贸制裁/关税壁垒","Economic sanction / tariff barrier","negative","","","","","","https://apnews.com/article/biden-china-tariffs-electric-vehicles-evs-solar-2024ba735c47e04a50898a88425c5e2c"
"United States","美国","2024-11","Xi-Biden Meeting on sidelines of APEC Summit in Lima","leader_visit","多边/第三方会晤","Multilateral / third-party meeting","neutral","state_head","third_party_meeting","Chinese President Xi Jinping","US President Joe Biden","Lima, Peru","https://www.fmprc.gov.cn/gjhdq_676201/gj_676203/bmz_679954/1206_680528/sbgx_680532/"
"United States","美国","2025-01","Xi-Trump phone call","leader_visit","远程通话/视频会晤","Remote talk / virtual meeting","neutral","state_head","third_party_meeting","","","","https://www.fmprc.gov.cn/gjhdq_676201/gj_676203/bmz_679954/1206_680528/sbgx_680532/"
"United States","美国","2025-01","Vice President Han Zheng attends Trump inauguration in Washington","leader_visit","高层互访","High-level visit","neutral","state_head","china_to_partner","","","","https://www.fmprc.gov.cn/gjhdq_676201/gj_676203/bmz_679954/1206_680528/sbgx_680532/"
"United States","美国","2025-04","US-China reciprocal tariff war escalates in April 2025","economic","经贸制裁/关税壁垒","Economic sanction / tariff barrier","negative","","","","","","https://www.mof.gov.cn/en/Policies/202509/t20250919_3972677.htm"
"United States","美国","2025-06","Xi-Trump phone call","leader_visit","远程通话/视频会晤","Remote talk / virtual meeting","neutral","state_head","third_party_meeting","","","","https://www.fmprc.gov.cn/gjhdq_676201/gj_676203/bmz_679954/1206_680528/sbgx_680532/"
"United States","美国","2025-09","Xi-Trump phone call","leader_visit","远程通话/视频会晤","Remote talk / virtual meeting","neutral","state_head","third_party_meeting","","","","https://www.fmprc.gov.cn/gjhdq_676201/gj_676203/bmz_679954/1206_680528/sbgx_680532/"
"United States","美国","2025-09","China-US economic and trade talks held in Madrid","economic","经贸互利合作","Economic win-win cooperation","positive","","","","","","https://english.www.gov.cn/news/202509/14/content_WS68c6bcabc6d00fa19f7a26a0.html"
"United States","美国","2025-10","Xi-Trump Meeting in Busan (ahead of APEC Gyeongju)","leader_visit","多边/第三方会晤","Multilateral / third-party meeting","neutral","state_head","third_party_meeting","Chinese President Xi","US President Donald Trump","Busan, South Korea","https://www.fmprc.gov.cn/gjhdq_676201/gj_676203/bmz_679954/1206_680528/sbgx_680532/"
"United States","美国","2025-11","Xi-Trump phone call","leader_visit","远程通话/视频会晤","Remote talk / virtual meeting","neutral","state_head","third_party_meeting","","","","https://www.fmprc.gov.cn/gjhdq_676201/gj_676203/bmz_679954/1206_680528/sbgx_680532/"
"Vietnam","越南","2002-02","State visit to Vietnam","leader_visit","高层互访","High-level visit","neutral","state_head","china_to_partner","Chinese President Jiang Zemin","Vietnamese President Trần Đức Lương","Hanoi","https://www.mfa.gov.cn/web/gjhdq_676201/gj_676203/yz_676205/1206_677292/sbgx_677296/"
"Vietnam","越南","2004-10","Official visit to Vietnam","leader_visit","高层互访","High-level visit","neutral","government_head","china_to_partner","Chinese Premier Wen Jiabao","Vietnamese Prime Minister Phan Văn Khải","Hanoi","https://www.mfa.gov.cn/web/gjhdq_676201/gj_676203/yz_676205/1206_677292/sbgx_677296/"
"Vietnam","越南","2005-05","Joint Development Agreement","economic","经贸互利合作","Economic win-win cooperation","positive","","","","","","https://www.gov.cn/gongbao/content/2005/content_69357.htm"
"Vietnam","越南","2005-07","State visit to China","leader_visit","高层互访","High-level visit","neutral","state_head","partner_to_china","Vietnamese President Trần Đức Lương","Chinese President Hu Jintao","Beijing","https://www.mfa.gov.cn/web/gjhdq_676201/gj_676203/yz_676205/1206_677292/sbgx_677296/"
"Vietnam","越南","2006-11","State visit to Vietnam and attendance at APEC summit","leader_visit","多边/第三方会晤","Multilateral / third-party meeting","neutral","state_head","china_to_partner","Chinese President Hu Jintao","Vietnamese President Nguyễn Minh Triết","Hanoi","https://www.mfa.gov.cn/web/gjhdq_676201/gj_676203/yz_676205/1206_677292/sbgx_677296/"
"Vietnam","越南","2006-11","State visit to Vietnam","leader_visit","高层互访","High-level visit","neutral","state_head","china_to_partner","Chinese President Hu Jintao","Vietnamese President Nguyễn Minh Triết","Hanoi","https://www.mfa.gov.cn/web/gjhdq_676201/gj_676203/yz_676205/1206_677292/sbgx_677296/"
"Vietnam","越南","2007-05","Official visit to China","leader_visit","高层互访","High-level visit","neutral","government_head","partner_to_china","Vietnamese Prime Minister Nguyễn Tấn Dũng","Chinese Premier Wen Jiabao","Beijing","https://www.mfa.gov.cn/web/wjdt_674879/wsrc_674883/201609/t20160905_7739110.shtml"
"Vietnam","越南","2009-04","Official visit to China and attendance at Boao Forum","leader_visit","多边/第三方会晤","Multilateral / third-party meeting","neutral","government_head","partner_to_china","Vietnamese Prime Minister Nguyễn Tấn Dũng","Chinese Premier Wen Jiabao","Beijing and Boao","https://www.mfa.gov.cn/web/gjhdq_676201/gj_676203/yz_676205/1206_677292/sbgx_677296/"
"Vietnam","越南","2010-10","Official visit to Vietnam and attendance at ASEAN summit","leader_visit","高层互访","High-level visit","neutral","government_head","china_to_partner","Chinese Premier Wen Jiabao","Vietnamese Prime Minister Nguyễn Tấn Dũng","Hanoi","https://www.mfa.gov.cn/web/gjhdq_676201/gj_676203/yz_676205/1206_677292/sbgx_677296/"
"Vietnam","越南","2011-06","Vietnam says China cut seismic cables","territorial","主权纠纷","Sovereignty dispute","negative","","","","","","https://apnews.com/general-news-2e3102f4501d43a18aee54149e722442"
"Vietnam","越南","2011-06","Vietnam SCS Drills","military","主权纠纷","Sovereignty dispute","negative","","","","","","https://taylorfravel.com/documents/research/fravel.2011.CSA.china.strategy.scs.pdf"
"Vietnam","越南","2011-10","State visit to China","leader_visit","高层互访","High-level visit","neutral","state_head","partner_to_china","Vietnamese President Trương Tấn Sang","Chinese President Hu Jintao","Beijing","https://www.mfa.gov.cn/web/gjhdq_676201/gj_676203/yz_676205/1206_677292/sbgx_677296/"
"Vietnam","越南","2012-11","Bilateral meeting on sidelines of ASEAN summit","leader_visit","多边/第三方会晤","Multilateral / third-party meeting","neutral","government_head","third_party_meeting","Chinese Premier Wen Jiabao","Vietnamese Prime Minister Nguyễn Tấn Dũng","Phnom Penh, Cambodia","https://www.gov.cn/yaowen/liebiao/202309/content_6902529.htm"
"Vietnam","越南","2013-06","State visit to China","leader_visit","高层互访","High-level visit","neutral","state_head","partner_to_china","Vietnamese President Trương Tấn Sang","Chinese President Xi Jinping","Beijing","https://www.mfa.gov.cn/web/gjhdq_676201/gj_676203/yz_676205/1206_677292/sbgx_677296/"
"Vietnam","越南","2014-05","Haiyang Shiyou 981 oil rig crisis","crisis","主权纠纷","Sovereignty dispute","negative","","","","","","https://apnews.com/general-news-4eea73c72ec94c44a268b6bbbb49a8fe"
"Vietnam","越南","2014-10","Vietnam signs MoU establishing AIIB as founding member","economic","经贸互利合作","Economic win-win cooperation","positive","","","","","","https://en.people.cn/n/2015/1225/c90000-8995796.html"
"Vietnam","越南","2014-11","Bilateral meeting on sidelines of APEC summit","leader_visit","多边/第三方会晤","Multilateral / third-party meeting","neutral","state_head","third_party_meeting","Chinese President Xi Jinping","Vietnamese President Trương Tấn Sang","Beijing, China","https://www.mfa.gov.cn/web/gjhdq_676201/gj_676203/yz_676205/1206_677292/sbgx_677296/"
"Vietnam","越南","2015-11","Xi Visits Vietnam","leader_visit","高层互访","High-level visit","positive","state_head","china_to_partner","","","","https://www.mfa.gov.cn/web/gjhdq_676201/gj_676203/yz_676205/1206_677292/sbgx_677296/"
"Vietnam","越南","2016-07","South China Sea tribunal ruling","territorial","主权纠纷","Sovereignty dispute","negative","","","","","","https://www.chinadaily.com.cn/a/202507/18/WS6879b545a310ad07b5d90a66.html"
"Vietnam","越南","2016-09","Official visit to China","leader_visit","高层互访","High-level visit","neutral","government_head","partner_to_china","Vietnamese Prime Minister Nguyễn Xuân Phúc","Chinese Premier Li Keqiang","Beijing","https://www.mfa.gov.cn/web/wjdt_674879/wsrc_674883/201609/t20160905_7739110.shtml"
"Vietnam","越南","2017-05","State visit to China","leader_visit","高层互访","High-level visit","neutral","state_head","partner_to_china","Vietnamese President Trần Đại Quang","Chinese President Xi Jinping","Beijing","https://www.mfa.gov.cn/web/gjhdq_676201/gj_676203/yz_676205/1206_677292/sbgx_677296/"
"Vietnam","越南","2017-05","Bilateral meeting on sidelines of Belt and Road Forum","leader_visit","多边/第三方会晤","Multilateral / third-party meeting","neutral","state_head","partner_to_china","Chinese President Xi Jinping","Vietnamese President Trần Đại Quang","Beijing, China","https://www.mfa.gov.cn/web/gjhdq_676201/gj_676203/yz_676205/1206_677292/sbgx_677296/"
"Vietnam","越南","2017-11","APEC Vietnam Meeting","leader_visit","多边/第三方会晤","Multilateral / third-party meeting","positive","state_head","third_party_meeting","","","","https://www.mfa.gov.cn/web/gjhdq_676201/gj_676203/yz_676205/1206_677292/sbgx_677296/"
"Vietnam","越南","2019-04","Bilateral meeting on sidelines of Belt and Road Forum","leader_visit","多边/第三方会晤","Multilateral / third-party meeting","neutral","government_head","third_party_meeting","Chinese Premier Li Keqiang","Vietnamese Prime Minister Nguyễn Xuân Phúc","Beijing, China","https://www.mfa.gov.cn/web/gjhdq_676201/gj_676203/yz_676205/1206_677292/sbgx_677296/"
"Vietnam","越南","2019-07","Haiyang Dizhi 8 at Vanguard Bank","territorial","主权纠纷","Sovereignty dispute","negative","","","","","","https://apnews.com/general-news-17a0a4beaace42d59fe217271fb7c24e"
"Vietnam","越南","2021-05","Virtual bilateral meeting (due to COVID-19)","leader_visit","远程通话/视频会晤","Remote talk / virtual meeting","neutral","state_head","third_party_meeting","Chinese President Xi Jinping","Vietnamese President Nguyễn Xuân Phúc","Video conference","https://www.mfa.gov.cn/web/gjhdq_676201/gj_676203/yz_676205/1206_677292/sbgx_677296/"
"Vietnam","越南","2021-06","China donated 500,000 doses of Sinopharm COVID-19 vaccine to Vietnam","economic","疫情/危机援助","Pandemic / crisis aid","positive","","","","","","https://vn.china-embassy.gov.cn/sgxw/202106/t20210620_8914161.htm"
"Vietnam","越南","2022-06","Foreign Ministry Director-General Liu Jinsong met with Vietnamese Ambassador to China Pham Sao Mai","diplomatic","高层互访","High-level visit","positive","","","","","","https://www.fmprc.gov.cn/eng/gjhdq_665435/2675_665437/2792_663578/2794_663582/202206/t20220627_10710374.html"
"Vietnam","越南","2023-09","Bilateral meeting on sidelines of ASEAN summit","leader_visit","多边/第三方会晤","Multilateral / third-party meeting","neutral","government_head","third_party_meeting","Chinese Premier Li Qiang","Vietnamese Prime Minister Phạm Minh Chính","Jakarta, Indonesia","https://www.gov.cn/yaowen/liebiao/202309/content_6902529.htm"
"Vietnam","越南","2023-12","Xi Post-COVID Visit","leader_visit","高层互访","High-level visit","positive","state_head","china_to_partner","","","","https://www.mfa.gov.cn/web/gjhdq_676201/gj_676203/yz_676205/1206_677292/sbgx_677296/"
"Vietnam","越南","2023-12","State visit to Vietnam","leader_visit","高层互访","High-level visit","neutral","state_head","china_to_partner","Chinese President Xi Jinping","Vietnamese President Võ Văn Thưởng","Hanoi","https://www.mfa.gov.cn/web/gjhdq_676201/gj_676203/yz_676205/1206_677292/sbgx_677296/"
"Vietnam","越南","2023-12","China-Vietnam joint statement","diplomatic","战略伙伴关系提升","Strategic partnership upgrade","positive","","","","","","https://english.www.gov.cn/news/202312/13/content_WS6578eb43c6d0868f4e8e21cb.html"
"Vietnam","越南","2024-06","Official visit to China","leader_visit","高层互访","High-level visit","neutral","government_head","partner_to_china","Vietnamese Prime Minister Phạm Minh Chính","Chinese Premier Li Qiang","Beijing, China","https://www.mfa.gov.cn/web/gjhdq_676201/gj_676203/yz_676205/1206_677292/sbgx_677296/"
"Vietnam","越南","2024-08","General Secretary and President To Lam state visit to China","leader_visit","高层互访","High-level visit","neutral","state_head","partner_to_china","","","","https://www.mfa.gov.cn/web/gjhdq_676201/gj_676203/yz_676205/1206_677292/sbgx_677296/"
"Vietnam","越南","2024-10","Li Qiang official visit to Vietnam","leader_visit","高层互访","High-level visit","neutral","government_head","china_to_partner","","","","https://www.mfa.gov.cn/web/gjhdq_676201/gj_676203/yz_676205/1206_677292/sbgx_677296/"
"Vietnam","越南","2024-12","Vietnam and China sign updated railway transport protocol at 44th border railway conference","economic","经贸互利合作","Economic win-win cooperation","positive","","","","","","https://news.tuoitre.vn/saigontimes/vietnam-china-sign-protocol-to-enhance-border-railway-cooperation-105426768.htm"
"Vietnam","越南","2025-01","Xi-To Lam phone call","leader_visit","远程通话/视频会晤","Remote talk / virtual meeting","neutral","state_head","third_party_meeting","","","","https://www.mfa.gov.cn/web/gjhdq_676201/gj_676203/yz_676205/1206_677292/sbgx_677296/"
"Vietnam","越南","2025-04","Xi state visit to Vietnam","leader_visit","高层互访","High-level visit","neutral","state_head","china_to_partner","","","","https://www.mfa.gov.cn/web/gjhdq_676201/gj_676203/yz_676205/1206_677292/sbgx_677296/"
"Vietnam","越南","2025-05","Li Qiang meets PM Pham Minh Chinh on sidelines of ASEAN-China-GCC summit","leader_visit","多边/第三方会晤","Multilateral / third-party meeting","neutral","government_head","third_party_meeting","","","","https://www.mfa.gov.cn/web/gjhdq_676201/gj_676203/yz_676205/1206_677292/sbgx_677296/"
"Vietnam","越南","2025-06","PM Pham Minh Chinh visits China for WEF Annual Meeting of New Champions","leader_visit","多边/第三方会晤","Multilateral / third-party meeting","neutral","government_head","partner_to_china","","","","https://www.mfa.gov.cn/web/gjhdq_676201/gj_676203/yz_676205/1206_677292/sbgx_677296/"
"Vietnam","越南","2025-08","Zhao Leji leads delegation to Vietnam for 80th National Day celebrations","leader_visit","高层互访","High-level visit","neutral","government_head","china_to_partner","","","","https://www.mfa.gov.cn/web/gjhdq_676201/gj_676203/yz_676205/1206_677292/sbgx_677296/"
"Vietnam","越南","2025-08","PM Pham Minh Chinh visits China for SCO summit","leader_visit","多边/第三方会晤","Multilateral / third-party meeting","neutral","government_head","partner_to_china","","","","https://www.mfa.gov.cn/web/gjhdq_676201/gj_676203/yz_676205/1206_677292/sbgx_677296/"
"Vietnam","越南","2025-09","President Luong Cuong visits China for WWII 80th anniversary","leader_visit","高层互访","High-level visit","neutral","state_head","partner_to_china","","","","https://www.mfa.gov.cn/web/gjhdq_676201/gj_676203/yz_676205/1206_677292/sbgx_677296/"
