Partner,Index_Type,YearMonth,Index_Value
Australia,Aggregated,2002-01,
Australia,Aggregated,2002-02,2.9999999999999964
Australia,Aggregated,2002-03,0.1975798604501975
Australia,Aggregated,2002-04,2.3569654299049017
Australia,Aggregated,2002-05,1.4499999999999993
Australia,Aggregated,2002-06,2.002730482479441
Australia,Aggregated,2002-07,2.5799999999999965
Australia,Aggregated,2002-08,2.724999999999998
Australia,Aggregated,2002-09,2.336894743210401
Australia,Aggregated,2002-10,6.0
Australia,Aggregated,2002-11,-0.40000000000000036
Australia,Aggregated,2002-12,2.1141378582540824
Australia,Aggregated,2003-01,-2.5
Australia,Aggregated,2003-02,-0.900495061637919
Australia,Aggregated,2003-03,1.0
Australia,Aggregated,2003-04,0.4999999999999982
Australia,Aggregated,2003-05,0.7575375726121525
Australia,Aggregated,2003-06,1.0
Australia,Aggregated,2003-07,1.7121770959425042
Australia,Aggregated,2003-08,2.8496773322329183
Australia,Aggregated,2003-09,1.9750662895978
Australia,Aggregated,2003-10,1.9597464140265615
Australia,Aggregated,2003-11,1.7763568394002505e-15
Australia,Aggregated,2003-12,1.0
Australia,Aggregated,2004-01,1.7763568394002505e-15
Australia,Aggregated,2004-02,5.400000000000002
Australia,Aggregated,2004-03,-0.32500000000000107
Australia,Aggregated,2004-04,1.0
Australia,Aggregated,2004-05,-0.09999999999999964
Australia,Aggregated,2004-06,3.4666666666666686
Australia,Aggregated,2004-07,2.6666666666666643
Australia,Aggregated,2004-08,2.5419347291981715
Australia,Aggregated,2004-09,2.8825106860134646
Australia,Aggregated,2004-10,3.231652035047828
Australia,Aggregated,2004-11,5.199999999999996
Australia,Aggregated,2004-12,3.6999999999999993
Australia,Aggregated,2005-01,5.799999999999994
Australia,Aggregated,2005-02,0.7209324059983171
Australia,Aggregated,2005-03,4.0
Australia,Aggregated,2005-04,3.0127997072181305
Australia,Aggregated,2005-05,1.8099073690192036
Australia,Aggregated,2005-06,-1.8074311371305196
Australia,Aggregated,2005-07,3.0399999999999974
Australia,Aggregated,2005-08,3.7666666666666657
Australia,Aggregated,2005-09,6.399999999999999
Australia,Aggregated,2005-10,1.095452979136459
Australia,Aggregated,2005-11,3.3999999999999986
Australia,Aggregated,2005-12,3.0999999999999996
Australia,Aggregated,2006-01,2.8733204262980276
Australia,Aggregated,2006-02,4.0
Australia,Aggregated,2006-03,-6.8
Australia,Aggregated,2006-04,3.5357674946545288
Australia,Aggregated,2006-05,1.0
Australia,Aggregated,2006-06,2.2891310317278606
Australia,Aggregated,2006-07,3.7776069358108852
Australia,Aggregated,2006-08,-2.200000000000003
Australia,Aggregated,2006-09,5.225000000000001
Australia,Aggregated,2006-10,5.272114910328067
Australia,Aggregated,2006-11,2.4015938813146214
Australia,Aggregated,2006-12,1.3969686527576393
Australia,Aggregated,2007-01,0.8333333333333339
Australia,Aggregated,2007-02,2.4400000000000013
Australia,Aggregated,2007-03,1.0221917400181812
Australia,Aggregated,2007-04,2.648482714952449
Australia,Aggregated,2007-05,0.40000000000000036
Australia,Aggregated,2007-06,1.3181059846271932
Australia,Aggregated,2007-07,2.7038363385848
Australia,Aggregated,2007-08,2.799051906207417
Australia,Aggregated,2007-09,1.8771371114554807
Australia,Aggregated,2007-10,2.1999999999999993
Australia,Aggregated,2007-11,3.0999999999999996
Australia,Aggregated,2007-12,3.2244507802586178
Australia,Aggregated,2008-01,3.3499999999999996
Australia,Aggregated,2008-02,3.037299579627847
Australia,Aggregated,2008-03,1.3280707398565266
Australia,Aggregated,2008-04,2.2735656895748946
Australia,Aggregated,2008-05,4.117691453623978
Australia,Aggregated,2008-06,1.3450615331916698
Australia,Aggregated,2008-07,-1.9400000000000013
Australia,Aggregated,2008-08,-5.399999999999999
Australia,Aggregated,2008-09,0.23333333333333073
Australia,Aggregated,2008-10,2.9347850873437853
Australia,Aggregated,2008-11,4.596586913059712
Australia,Aggregated,2008-12,5.129320793190754
Australia,Aggregated,2009-01,5.680251307535528
Australia,Aggregated,2009-02,6.2500000000000036
Australia,Aggregated,2009-03,2.1285253868929015
Australia,Aggregated,2009-04,0.40000000000000036
Australia,Aggregated,2009-05,3.4666666666666632
Australia,Aggregated,2009-06,3.5783141703068875
Australia,Aggregated,2009-07,-0.30346890272139504
Australia,Aggregated,2009-08,-0.7007875239284669
Australia,Aggregated,2009-09,0.10683677952088644
Australia,Aggregated,2009-10,3.0617792618764295
Australia,Aggregated,2009-11,2.9208668968284304
Australia,Aggregated,2009-12,2.400715763312302
Australia,Aggregated,2010-01,1.9000000000000004
Australia,Aggregated,2010-02,3.896571371417137
Australia,Aggregated,2010-03,3.6211936608382445
Australia,Aggregated,2010-04,-1.9999999999999982
Australia,Aggregated,2010-05,2.663724764365753
Australia,Aggregated,2010-06,0.2500000000000018
Australia,Aggregated,2010-07,0.09999999999999964
Australia,Aggregated,2010-08,-0.5
Australia,Aggregated,2010-09,1.9000000000000004
Australia,Aggregated,2010-10,2.350000000000003
Australia,Aggregated,2010-11,2.9281340652427215
Australia,Aggregated,2010-12,1.7763568394002505e-15
Australia,Aggregated,2011-01,0.9500000000000011
Australia,Aggregated,2011-02,1.0
Australia,Aggregated,2011-03,1.320892255801338
Australia,Aggregated,2011-04,2.421941164000664
Australia,Aggregated,2011-05,2.9391846232916183
Australia,Aggregated,2011-06,3.4763611751889467
Australia,Aggregated,2011-07,3.5877520295375707
Australia,Aggregated,2011-08,3.6999999999999993
Australia,Aggregated,2011-09,-0.9999999999999982
Australia,Aggregated,2011-10,0.8321595661992287
Australia,Aggregated,2011-11,2.9999999999999964
Australia,Aggregated,2011-12,-2.6999999999999993
Australia,Aggregated,2012-01,-7.0
Australia,Aggregated,2012-02,1.0
Australia,Aggregated,2012-03,4.999999999999998
Australia,Aggregated,2012-04,2.9999999999999964
Australia,Aggregated,2012-05,4.700318468107579
Australia,Aggregated,2012-06,1.0
Australia,Aggregated,2012-07,2.333333333333334
Australia,Aggregated,2012-08,2.731780959380787
Australia,Aggregated,2012-09,3.1421356237309546
Australia,Aggregated,2012-10,3.5647531512197013
Australia,Aggregated,2012-11,4.0
Australia,Aggregated,2012-12,0.9702104444654154
Australia,Aggregated,2013-01,5.199999999999996
Australia,Aggregated,2013-02,3.5120639469373884
Australia,Aggregated,2013-03,2.0
Australia,Aggregated,2013-04,1.9811916252095862
Australia,Aggregated,2013-05,-4.1
Australia,Aggregated,2013-06,3.3999999999999986
Australia,Aggregated,2013-07,1.3937458913009149
Australia,Aggregated,2013-08,4.0
Australia,Aggregated,2013-09,4.529018728915746
Australia,Aggregated,2013-10,0.7680828875571315
Australia,Aggregated,2013-11,0.7549463710429194
Australia,Aggregated,2013-12,-1.9999999999999982
Australia,Aggregated,2014-01,1.7763568394002505e-15
Australia,Aggregated,2014-02,4.149999999999997
Australia,Aggregated,2014-03,0.48646097325983106
Australia,Aggregated,2014-04,2.0876933054220643
Australia,Aggregated,2014-05,2.284959903247893
Australia,Aggregated,2014-06,1.7763568394002505e-15
Australia,Aggregated,2014-07,-3.166666666666668
Australia,Aggregated,2014-08,-1.6000000000000032
Australia,Aggregated,2014-09,1.4418648119966324
Australia,Aggregated,2014-10,-0.36666666666666536
Australia,Aggregated,2014-11,1.6445506028738137
Australia,Aggregated,2014-12,1.771636652249084
Australia,Aggregated,2015-01,1.9000000000000004
Australia,Aggregated,2015-02,6.399999999999999
Australia,Aggregated,2015-03,2.280759945607688
Australia,Aggregated,2015-04,2.599999999999996
Australia,Aggregated,2015-05,3.5189531303052224
Australia,Aggregated,2015-06,4.499999999999998
Australia,Aggregated,2015-07,-1.9999999999999982
Australia,Aggregated,2015-08,-0.30888219127672123
Australia,Aggregated,2015-09,1.700000000000001
Australia,Aggregated,2015-10,0.13333333333333286
Australia,Aggregated,2015-11,4.0
Australia,Aggregated,2015-12,1.599999999999996
Australia,Aggregated,2016-01,1.6534170443065328
Australia,Aggregated,2016-02,2.133333333333333
Australia,Aggregated,2016-03,3.849999999999998
Australia,Aggregated,2016-04,1.4499999999999993
Australia,Aggregated,2016-05,1.2229292724780176
Australia,Aggregated,2016-06,1.0
Australia,Aggregated,2016-07,2.8000000000000025
Australia,Aggregated,2016-08,-0.8218550734817107
Australia,Aggregated,2016-09,-0.024202827464522514
Australia,Aggregated,2016-10,-4.250806661517033
Australia,Aggregated,2016-11,0.8000000000000007
Australia,Aggregated,2016-12,-1.8249999999999993
Australia,Aggregated,2017-01,4.0
Australia,Aggregated,2017-02,6.9999999999999964
Australia,Aggregated,2017-03,0.6952802120086741
Australia,Aggregated,2017-04,2.547731609640799
Australia,Aggregated,2017-05,-1.4999999999999982
Australia,Aggregated,2017-06,-1.8044166834399622
Australia,Aggregated,2017-07,1.0999999999999996
Australia,Aggregated,2017-08,-2.3006412628822286
Australia,Aggregated,2017-09,-1.1703194952546259
Australia,Aggregated,2017-10,0.10686680997635811
Australia,Aggregated,2017-11,1.5500000000000025
Australia,Aggregated,2017-12,-0.05966201968445972
Australia,Aggregated,2018-01,1.599999999999996
Australia,Aggregated,2018-02,-3.824512047477892
Australia,Aggregated,2018-03,-4.524456254351989
Australia,Aggregated,2018-04,1.9357014211127286
Australia,Aggregated,2018-05,-1.7625314072334461
Australia,Aggregated,2018-06,0.3950447421060197
Australia,Aggregated,2018-07,0.6500000000000021
Australia,Aggregated,2018-08,-0.40000000000000036
Australia,Aggregated,2018-09,1.8666666666666671
Australia,Aggregated,2018-10,1.0
Australia,Aggregated,2018-11,-0.2382689023320843
Australia,Aggregated,2018-12,3.3999999999999986
Australia,Aggregated,2019-01,3.3999999999999986
Australia,Aggregated,2019-02,-1.9999999999999982
Australia,Aggregated,2019-03,-7.0
Australia,CHN->Partner,2002-01,
Australia,CHN->Partner,2002-02,2.9999999999999964
Australia,CHN->Partner,2002-03,0.1975798604501975
Australia,CHN->Partner,2002-04,1.4250000000000025
Australia,CHN->Partner,2002-05,1.4499999999999993
Australia,CHN->Partner,2002-06,2.497592377902068
Australia,CHN->Partner,2002-07,3.6333333333333346
Australia,CHN->Partner,2002-08,2.9499999999999993
Australia,CHN->Partner,2002-09,2.710171773125058
Australia,CHN->Partner,2002-10,2.74004935806199
Australia,CHN->Partner,2002-11,2.769992053057095
Australia,CHN->Partner,2002-12,2.8000000000000025
Australia,CHN->Partner,2003-01,-5.0
Australia,CHN->Partner,2003-02,-2.5147186257614305
Australia,CHN->Partner,2003-03,1.0
Australia,CHN->Partner,2003-04,1.0
Australia,CHN->Partner,2003-05,0.7575375726121525
Australia,CHN->Partner,2003-06,1.0
Australia,CHN->Partner,2003-07,2.141428428542852
Australia,CHN->Partner,2003-08,3.5203658384421637
Australia,CHN->Partner,2003-09,2.2066740362440527
Australia,CHN->Partner,2003-10,1.7074459758996685
Australia,CHN->Partner,2003-11,1.3486578910744775
Australia,CHN->Partner,2003-12,1.0
Australia,CHN->Partner,2004-01,-1.021379006955403
Australia,CHN->Partner,2004-02,-2.70226025643081
Australia,CHN->Partner,2004-03,-4.1
Australia,CHN->Partner,2004-04,1.0
Australia,CHN->Partner,2004-05,1.7279220613578534
Australia,CHN->Partner,2004-06,2.5
Australia,CHN->Partner,2004-07,2.6666666666666643
Australia,CHN->Partner,2004-08,4.6999999999999975
Australia,CHN->Partner,2004-09,3.5585026702611167
Australia,CHN->Partner,2004-10,2.5
Australia,CHN->Partner,2004-11,5.199999999999996
Australia,CHN->Partner,2004-12,3.6999999999999993
Australia,CHN->Partner,2005-01,5.799999999999994
Australia,CHN->Partner,2005-02,1.0
Australia,CHN->Partner,2005-03,2.162309261298514
Australia,CHN->Partner,2005-04,3.4371987575053797
Australia,CHN->Partner,2005-05,2.9007225662574534
Australia,CHN->Partner,2005-06,-2.209505226992402
Australia,CHN->Partner,2005-07,2.3000000000000025
Australia,CHN->Partner,2005-08,2.8000000000000025
Australia,CHN->Partner,2005-09,6.399999999999999
Australia,CHN->Partner,2005-10,0.4999999999999982
Australia,CHN->Partner,2005-11,0.7473401244707283
Australia,CHN->Partner,2005-12,1.0
Australia,CHN->Partner,2006-01,2.6000000000000014
Australia,CHN->Partner,2006-02,4.0
Australia,CHN->Partner,2006-03,3.528793874049601
Australia,CHN->Partner,2006-04,3.072390095641408
Australia,CHN->Partner,2006-05,1.0
Australia,CHN->Partner,2006-06,3.9745806112880775
Australia,CHN->Partner,2006-07,1.4499999999999993
Australia,CHN->Partner,2006-08,-5.0
Australia,CHN->Partner,2006-09,4.249999999999998
Australia,CHN->Partner,2006-10,6.0
Australia,CHN->Partner,2006-11,2.6200000000000028
Australia,CHN->Partner,2006-12,1.3969686527576393
Australia,CHN->Partner,2007-01,3.5
Australia,CHN->Partner,2007-02,2.1999999999999993
Australia,CHN->Partner,2007-03,1.0943834800363632
Australia,CHN->Partner,2007-04,2.1999999999999993
Australia,CHN->Partner,2007-05,0.40000000000000036
Australia,CHN->Partner,2007-06,2.9999999999999964
Australia,CHN->Partner,2007-07,3.486521443121587
Australia,CHN->Partner,2007-08,2.598734741982014
Australia,CHN->Partner,2007-09,1.6656784324506546
Australia,CHN->Partner,2007-10,-1.9999999999999982
Australia,CHN->Partner,2007-11,5.199999999999996
Australia,CHN->Partner,2007-12,3.7702403501093986
Australia,CHN->Partner,2008-01,2.466666666666665
Australia,CHN->Partner,2008-02,3.7297724004002273
Australia,CHN->Partner,2008-03,-1.942080818711256
Australia,CHN->Partner,2008-04,3.7333333333333343
Australia,CHN->Partner,2008-05,4.0
Australia,CHN->Partner,2008-06,4.133333333333331
Australia,CHN->Partner,2008-07,1.0
Australia,CHN->Partner,2008-08,-7.1
Australia,CHN->Partner,2008-09,-0.5999999999999996
Australia,CHN->Partner,2008-10,3.4246418122396456
Australia,CHN->Partner,2008-11,4.999999999999998
Australia,CHN->Partner,2008-12,4.6594705646754555
Australia,CHN->Partner,2009-01,4.32618864787106
Australia,CHN->Partner,2009-02,4.0
Australia,CHN->Partner,2009-03,6.0
Australia,CHN->Partner,2009-04,5.199999999999996
Australia,CHN->Partner,2009-05,1.7763568394002505e-15
Australia,CHN->Partner,2009-06,3.149719092257394
Australia,CHN->Partner,2009-07,0.6467684361555452
Australia,CHN->Partner,2009-08,-1.0051138538578375
Australia,CHN->Partner,2009-09,2.166666666666668
Australia,CHN->Partner,2009-10,3.582580812215083
Australia,CHN->Partner,2009-11,3.4083436164642062
Australia,CHN->Partner,2009-12,2.633328010885247
Australia,CHN->Partner,2010-01,1.9000000000000004
Australia,CHN->Partner,2010-02,3.5707142142714225
Australia,CHN->Partner,2010-03,2.3213307229228395
Australia,CHN->Partner,2010-04,2.9936972107790663
Australia,CHN->Partner,2010-05,3.6999999999999993
Australia,CHN->Partner,2010-06,0.33333333333333215
Australia,CHN->Partner,2010-07,1.799999999999999
Australia,CHN->Partner,2010-08,-0.5
Australia,CHN->Partner,2010-09,4.0
Australia,CHN->Partner,2010-10,2.350000000000003
Australia,CHN->Partner,2010-11,5.199999999999996
Australia,CHN->Partner,2010-12,2.9136623503662715
Australia,CHN->Partner,2011-01,0.9500000000000011
Australia,CHN->Partner,2011-02,1.0
Australia,CHN->Partner,2011-03,1.4499999999999993
Australia,CHN->Partner,2011-04,2.2569305590610806
Australia,CHN->Partner,2011-05,2.443805152077463
Australia,CHN->Partner,2011-06,2.633313998427189
Australia,CHN->Partner,2011-07,2.289767987458399
Australia,CHN->Partner,2011-08,1.9548789957342407
Australia,CHN->Partner,2011-09,1.628428874943264
Australia,CHN->Partner,2011-10,1.3102049738954022
Australia,CHN->Partner,2011-11,1.0
Australia,CHN->Partner,2011-12,-5.0
Australia,CHN->Partner,2012-01,-3.7271824514018386
Australia,CHN->Partner,2012-02,-2.184354150800438
Australia,CHN->Partner,2012-03,-0.3142360276191489
Australia,CHN->Partner,2012-04,1.9526019564182402
Australia,CHN->Partner,2012-05,4.700318468107579
Australia,CHN->Partner,2012-06,3.4685030177543847
Australia,CHN->Partner,2012-07,2.333333333333334
Australia,CHN->Partner,2012-08,2.731780959380787
Australia,CHN->Partner,2012-09,3.1421356237309546
Australia,CHN->Partner,2012-10,3.5647531512197013
Australia,CHN->Partner,2012-11,4.0
Australia,CHN->Partner,2012-12,3.6999999999999993
Australia,CHN->Partner,2013-01,5.199999999999996
Australia,CHN->Partner,2013-02,3.5120639469373884
Australia,CHN->Partner,2013-03,2.0
Australia,CHN->Partner,2013-04,2.4721359549995814
Australia,CHN->Partner,2013-05,-9.2
Australia,CHN->Partner,2013-06,3.3999999999999986
Australia,CHN->Partner,2013-07,1.2500000000000018
Australia,CHN->Partner,2013-08,4.0
Australia,CHN->Partner,2013-09,4.181608468101871
Australia,CHN->Partner,2013-10,0.9095232578665104
Australia,CHN->Partner,2013-11,2.5390320061795624
Australia,CHN->Partner,2013-12,-1.9999999999999982
Australia,CHN->Partner,2014-01,1.7763568394002505e-15
Australia,CHN->Partner,2014-02,4.149999999999997
Australia,CHN->Partner,2014-03,0.5563959072910052
Australia,CHN->Partner,2014-04,2.2789417484232786
Australia,CHN->Partner,2014-05,2.63499440082966
Australia,CHN->Partner,2014-06,1.7763568394002505e-15
Australia,CHN->Partner,2014-07,0.2500000000000018
Australia,CHN->Partner,2014-08,-1.6000000000000032
Australia,CHN->Partner,2014-09,1.0
Australia,CHN->Partner,2014-10,-2.0999999999999996
Australia,CHN->Partner,2014-11,1.7835613652755793
Australia,CHN->Partner,2014-12,1.8416487108180561
Australia,CHN->Partner,2015-01,1.9000000000000004
Australia,CHN->Partner,2015-02,6.399999999999999
Australia,CHN->Partner,2015-03,2.1999999999999993
Australia,CHN->Partner,2015-04,5.199999999999996
Australia,CHN->Partner,2015-05,6.544229820656135
Australia,CHN->Partner,2015-06,7.9999999999999964
Australia,CHN->Partner,2015-07,-1.9999999999999982
Australia,CHN->Partner,2015-08,-0.30888219127672123
Australia,CHN->Partner,2015-09,1.700000000000001
Australia,CHN->Partner,2015-10,0.13333333333333286
Australia,CHN->Partner,2015-11,7.9999999999999964
Australia,CHN->Partner,2015-12,5.199999999999996
Australia,CHN->Partner,2016-01,1.4418648119966324
Australia,CHN->Partner,2016-02,0.9500000000000011
Australia,CHN->Partner,2016-03,3.849999999999998
Australia,CHN->Partner,2016-04,1.0
Australia,CHN->Partner,2016-05,1.0
Australia,CHN->Partner,2016-06,1.0
Australia,CHN->Partner,2016-07,-0.40000000000000036
Australia,CHN->Partner,2016-08,0.19131729972890632
Australia,CHN->Partner,2016-09,0.31175454637056355
Australia,CHN->Partner,2016-10,1.0
Australia,CHN->Partner,2016-11,-0.8000000000000025
Australia,CHN->Partner,2016-12,1.7763568394002505e-15
Australia,CHN->Partner,2017-01,4.0
Australia,CHN->Partner,2017-02,6.9999999999999964
Australia,CHN->Partner,2017-03,1.6323450074801613
Australia,CHN->Partner,2017-04,1.5954632192815978
Australia,CHN->Partner,2017-05,1.0
Australia,CHN->Partner,2017-06,-2.3639543957319535
Australia,CHN->Partner,2017-07,2.133333333333333
Australia,CHN->Partner,2017-08,-3.4400000000000004
Australia,CHN->Partner,2017-09,-2.181224659832459
Australia,CHN->Partner,2017-10,-0.7128573412239252
Australia,CHN->Partner,2017-11,1.0
Australia,CHN->Partner,2017-12,-0.9128826929126159
Australia,CHN->Partner,2018-01,-1.9999999999999982
Australia,CHN->Partner,2018-02,-1.9999999999999982
Australia,CHN->Partner,2018-03,-3.5064197671973796
Australia,CHN->Partner,2018-04,3.3999999999999986
Australia,CHN->Partner,2018-05,-1.3333333333333304
Australia,CHN->Partner,2018-06,1.7763568394002505e-15
Australia,CHN->Partner,2018-07,6.9999999999999964
Australia,CHN->Partner,2018-08,-0.40000000000000036
Australia,CHN->Partner,2018-09,6.0
Australia,CHN->Partner,2018-10,1.0
Australia,CHN->Partner,2018-11,2.795452979136458
Australia,CHN->Partner,2018-12,3.0944855493049115
Australia,CHN->Partner,2019-01,3.3999999999999986
Australia,CHN->Partner,2019-02,3.3999999999999986
Australia,CHN->Partner,2019-03,3.3999999999999986
Australia,Partner->CHN,2002-01,
Australia,Partner->CHN,2002-02,
Australia,Partner->CHN,2002-03,
Australia,Partner->CHN,2002-04,3.1750000000000025
Australia,Partner->CHN,2002-05,1.9000000000000004
Australia,Partner->CHN,2002-06,1.4418648119966324
Australia,Partner->CHN,2002-07,1.0
Australia,Partner->CHN,2002-08,2.5
Australia,Partner->CHN,2002-09,1.4616083872876562
Australia,Partner->CHN,2002-10,6.0
Australia,Partner->CHN,2002-11,-0.40000000000000036
Australia,Partner->CHN,2002-12,1.9666666666666668
Australia,Partner->CHN,2003-01,1.7763568394002505e-15
Australia,Partner->CHN,2003-02,1.7763568394002505e-15
Australia,Partner->CHN,2003-03,1.7763568394002505e-15
Australia,Partner->CHN,2003-04,1.7763568394002505e-15
Australia,Partner->CHN,2003-05,0.9207743892800959
Australia,Partner->CHN,2003-06,1.9186238218287546
Australia,Partner->CHN,2003-07,2.9999999999999964
Australia,Partner->CHN,2003-08,2.7383250644752337
Australia,Partner->CHN,2003-09,2.3620192023179847
Australia,Partner->CHN,2003-10,3.048126295463705
Australia,Partner->CHN,2003-11,1.7763568394002505e-15
Australia,Partner->CHN,2003-12,1.7763568394002505e-15
Australia,Partner->CHN,2004-01,1.7763568394002505e-15
Australia,Partner->CHN,2004-02,5.400000000000002
Australia,Partner->CHN,2004-03,3.4499999999999975
Australia,Partner->CHN,2004-04,1.5500996011983865
Australia,Partner->CHN,2004-05,-0.09999999999999964
Australia,Partner->CHN,2004-06,3.4666666666666686
Australia,Partner->CHN,2004-07,2.2322830659464685
Australia,Partner->CHN,2004-08,1.1032245486636203
Australia,Partner->CHN,2004-09,2.462996527897669
Australia,Partner->CHN,2004-10,3.9755360467304346
Australia,Partner->CHN,2004-11,5.199999999999996
Australia,Partner->CHN,2004-12,5.199999999999996
Australia,Partner->CHN,2005-01,5.199999999999996
Australia,Partner->CHN,2005-02,0.9500000000000011
Australia,Partner->CHN,2005-03,4.0
Australia,Partner->CHN,2005-04,2.6632184928311116
Australia,Partner->CHN,2005-05,1.1483587802638429
Australia,Partner->CHN,2005-06,2.4736110510835996
Australia,Partner->CHN,2005-07,4.999999999999998
Australia,Partner->CHN,2005-08,4.249999999999998
Australia,Partner->CHN,2005-09,3.8702723579630476
Australia,Partner->CHN,2005-10,3.5
Australia,Partner->CHN,2005-11,3.3999999999999986
Australia,Partner->CHN,2005-12,5.199999999999996
Australia,Partner->CHN,2006-01,3.0999999999999996
Australia,Partner->CHN,2006-02,-3.3045467969716027
Australia,Partner->CHN,2006-03,-6.8
Australia,Partner->CHN,2006-04,4.0392050374020005
Australia,Partner->CHN,2006-05,2.8810054962969343
Australia,Partner->CHN,2006-06,1.8120012400277279
Australia,Partner->CHN,2006-07,5.066666666666663
Australia,Partner->CHN,2006-08,-0.8000000000000025
Australia,Partner->CHN,2006-09,5.466666666666665
Australia,Partner->CHN,2006-10,5.199999999999996
Australia,Partner->CHN,2006-11,1.1610240509919443
Australia,Partner->CHN,2006-12,1.5954529791364607
Australia,Partner->CHN,2007-01,0.8333333333333339
Australia,Partner->CHN,2007-02,2.5749999999999975
Australia,Partner->CHN,2007-03,0.9500000000000011
Australia,Partner->CHN,2007-04,2.7399999999999984
Australia,Partner->CHN,2007-05,2.6234096828651037
Australia,Partner->CHN,2007-06,2.5078086890234843
Australia,Partner->CHN,2007-07,2.6999999999999993
Australia,Partner->CHN,2007-08,4.499999999999998
Australia,Partner->CHN,2007-09,3.049018870847288
Australia,Partner->CHN,2007-10,4.299999999999994
Australia,Partner->CHN,2007-11,3.0999999999999996
Australia,Partner->CHN,2007-12,4.482247898803326
Australia,Partner->CHN,2008-01,6.0
Australia,Partner->CHN,2008-02,2.822351573984335
Australia,Partner->CHN,2008-03,2.3372188238948635
Australia,Partner->CHN,2008-04,1.7266685559709298
Australia,Partner->CHN,2008-05,4.117691453623978
Australia,Partner->CHN,2008-06,-0.4240259795473804
Australia,Partner->CHN,2008-07,-1.9250000000000025
Australia,Partner->CHN,2008-08,-1.9999999999999982
Australia,Partner->CHN,2008-09,4.949999999999999
Australia,Partner->CHN,2008-10,2.847767144908305
Australia,Partner->CHN,2008-11,4.662519993217444
Australia,Partner->CHN,2008-12,5.174745600327327
Australia,Partner->CHN,2009-01,5.703722986377809
Australia,Partner->CHN,2009-02,6.2500000000000036
Australia,Partner->CHN,2009-03,2.009851481508626
Australia,Partner->CHN,2009-04,-1.1999999999999975
Australia,Partner->CHN,2009-05,5.199999999999996
Australia,Partner->CHN,2009-06,3.6000000000000014
Australia,Partner->CHN,2009-07,-1.3425940192897823
Australia,Partner->CHN,2009-08,1.7353121137481438
Australia,Partner->CHN,2009-09,0.1186399154342741
Australia,Partner->CHN,2009-10,2.7157967817071356
Australia,Partner->CHN,2009-11,2.6090329837423045
Australia,Partner->CHN,2009-12,3.132751893161606
Australia,Partner->CHN,2010-01,3.6766251733147435
Australia,Partner->CHN,2010-02,4.2414284285428465
Australia,Partner->CHN,2010-03,5.085902268419062
Australia,Partner->CHN,2010-04,-1.9999999999999982
Australia,Partner->CHN,2010-05,2.663724764365753
Australia,Partner->CHN,2010-06,0.4999999999999982
Australia,Partner->CHN,2010-07,-5.0
Australia,Partner->CHN,2010-08,-2.444300145517028
Australia,Partner->CHN,2010-09,1.1999999999999993
Australia,Partner->CHN,2010-10,1.9000000000000004
Australia,Partner->CHN,2010-11,0.8499999999999996
Australia,Partner->CHN,2010-12,1.7763568394002505e-15
Australia,Partner->CHN,2011-01,1.9000000000000004
Australia,Partner->CHN,2011-02,1.0
Australia,Partner->CHN,2011-03,0.48912529307605546
Australia,Partner->CHN,2011-04,2.7537821863767906
Australia,Partner->CHN,2011-05,2.992978791800322
Australia,Partner->CHN,2011-06,3.236335345030996
Australia,Partner->CHN,2011-07,3.466310157464333
Australia,Partner->CHN,2011-08,3.6999999999999993
Australia,Partner->CHN,2011-09,-0.9999999999999982
Australia,Partner->CHN,2011-10,1.6491106406735145
Australia,Partner->CHN,2011-11,4.999999999999998
Australia,Partner->CHN,2011-12,-0.40000000000000036
Australia,Partner->CHN,2012-01,-7.0
Australia,Partner->CHN,2012-02,1.0
Australia,Partner->CHN,2012-03,4.999999999999998
Australia,Partner->CHN,2012-04,2.9999999999999964
Australia,Partner->CHN,2012-05,4.700318468107579
Australia,Partner->CHN,2012-06,1.0
Australia,Partner->CHN,2012-07,1.5476746310952763
Australia,Partner->CHN,2012-08,2.1203448873193373
Australia,Partner->CHN,2012-09,2.7191515578197887
Australia,Partner->CHN,2012-10,3.345287496850558
Australia,Partner->CHN,2012-11,4.0
Australia,Partner->CHN,2012-12,0.6517662684903041
Australia,Partner->CHN,2013-01,1.6753004507837979
Australia,Partner->CHN,2013-02,2.7887456558512564
Australia,Partner->CHN,2013-03,4.0
Australia,Partner->CHN,2013-04,2.0
Australia,Partner->CHN,2013-05,1.0
Australia,Partner->CHN,2013-06,3.3999999999999986
Australia,Partner->CHN,2013-07,2.982546276792368
Australia,Partner->CHN,2013-08,4.0
Australia,Partner->CHN,2013-09,6.0
Australia,Partner->CHN,2013-10,1.3559648389099674
Australia,Partner->CHN,2013-11,-0.03333333333333499
Australia,Partner->CHN,2013-12,0.5765636938725898
Australia,Partner->CHN,2014-01,1.220379357898688
Australia,Partner->CHN,2014-02,1.9000000000000004
Australia,Partner->CHN,2014-03,0.5000000000000036
Australia,Partner->CHN,2014-04,2.4115604245598696
Australia,Partner->CHN,2014-05,1.0961524227066324
Australia,Partner->CHN,2014-06,-1.6353267507817932
Australia,Partner->CHN,2014-07,-3.750000000000001
Australia,Partner->CHN,2014-08,-1.3291675642683174
Australia,Partner->CHN,2014-09,1.9000000000000004
Australia,Partner->CHN,2014-10,3.0999999999999996
Australia,Partner->CHN,2014-11,2.1585208811843124
Australia,Partner->CHN,2014-12,2.0286192425474443
Australia,Partner->CHN,2015-01,1.9000000000000004
Australia,Partner->CHN,2015-02,2.122318889804083
Australia,Partner->CHN,2015-03,2.3484692283495328
Australia,Partner->CHN,2015-04,2.599999999999996
Australia,Partner->CHN,2015-05,3.5189531303052224
Australia,Partner->CHN,2015-06,4.499999999999998
Australia,Partner->CHN,2015-07,-1.9999999999999982
Australia,Partner->CHN,2015-08,0.22497216032182443
Australia,Partner->CHN,2015-09,2.9999999999999964
Australia,Partner->CHN,2015-10,5.199999999999996
Australia,Partner->CHN,2015-11,4.0
Australia,Partner->CHN,2015-12,-1.9999999999999982
Australia,Partner->CHN,2016-01,1.8685663537163286
Australia,Partner->CHN,2016-02,2.724999999999998
Australia,Partner->CHN,2016-03,5.199999999999996
Australia,Partner->CHN,2016-04,1.9000000000000004
Australia,Partner->CHN,2016-05,1.4418648119966324
Australia,Partner->CHN,2016-06,1.0
Australia,Partner->CHN,2016-07,6.0
Australia,Partner->CHN,2016-08,-1.7500000000000018
Australia,Partner->CHN,2016-09,2.5749999999999975
Australia,Partner->CHN,2016-10,-5.563508326896291
Australia,Partner->CHN,2016-11,4.0
Australia,Partner->CHN,2016-12,-2.4333333333333353
Australia,Partner->CHN,2017-01,4.0
Australia,Partner->CHN,2017-02,1.631307816181133
Australia,Partner->CHN,2017-03,-0.3633375235254288
Australia,Partner->CHN,2017-04,3.5
Australia,Partner->CHN,2017-05,-4.000000000000001
Australia,Partner->CHN,2017-06,1.7763568394002505e-15
Australia,Partner->CHN,2017-07,-1.9999999999999982
Australia,Partner->CHN,2017-08,2.6666666666666696
Australia,Partner->CHN,2017-09,2.283819830802237
Australia,Partner->CHN,2017-10,1.911697753454737
Australia,Partner->CHN,2017-11,1.5500000000000025
Australia,Partner->CHN,2017-12,1.0
Australia,Partner->CHN,2018-01,5.199999999999996
Australia,Partner->CHN,2018-02,-4.650051760333584
Australia,Partner->CHN,2018-03,-3.666666666666668
Australia,Partner->CHN,2018-04,-0.4075498585077142
Australia,Partner->CHN,2018-05,-1.9999999999999982
Australia,Partner->CHN,2018-06,-0.18128647873729875
Australia,Partner->CHN,2018-07,-1.466666666666665
Australia,Partner->CHN,2018-08,-0.40000000000000036
Australia,Partner->CHN,2018-09,1.8666666666666671
Australia,Partner->CHN,2018-10,4.0
Australia,Partner->CHN,2018-11,-0.6277708309810581
Australia,Partner->CHN,2018-12,3.3999999999999986
Australia,Partner->CHN,2019-01,3.3999999999999986
Australia,Partner->CHN,2019-02,-1.9999999999999982
Australia,Partner->CHN,2019-03,-7.0
Belgium,Aggregated,2002-01,-10.0
Belgium,Aggregated,2002-02,-7.274043473807229
Belgium,Aggregated,2002-03,2.8827520350784983
Belgium,Aggregated,2002-04,1.5802771511558866
Belgium,Aggregated,2002-05,0.40000000000000036
Belgium,Aggregated,2002-06,0.9425207895989764
Belgium,Aggregated,2002-07,1.5108598956143666
Belgium,Aggregated,2002-08,1.9245966695741146
Belgium,Aggregated,2002-09,2.352015805861864
Belgium,Aggregated,2002-10,2.793569783083953
Belgium,Aggregated,2002-11,-1.8699929122370182
Belgium,Aggregated,2002-12,-4.956819682398023
Belgium,Aggregated,2003-01,-7.0
Belgium,Aggregated,2003-02,-5.023437571152137
Belgium,Aggregated,2003-03,-2.070175383521029
Belgium,Aggregated,2003-04,2.3424135747622508
Belgium,Aggregated,2003-05,2.670030242702836
Belgium,Aggregated,2003-06,3.005691383295316
Belgium,Aggregated,2003-07,3.3495945247688166
Belgium,Aggregated,2003-08,3.7019420455648753
Belgium,Aggregated,2003-09,4.062941293432171
Belgium,Aggregated,2003-10,4.432804707445468
Belgium,Aggregated,2003-11,4.811749943020741
Belgium,Aggregated,2003-12,5.199999999999996
Belgium,Aggregated,2004-01,4.059880477613357
Belgium,Aggregated,2004-02,2.9999999999999964
Belgium,Aggregated,2004-03,3.1926599416216455
Belgium,Aggregated,2004-04,3.3879711584651258
Belgium,Aggregated,2004-05,3.585970135853973
Belgium,Aggregated,2004-06,3.198192623757887
Belgium,Aggregated,2004-07,2.8207244292791245
Belgium,Aggregated,2004-08,2.453291472497078
Belgium,Aggregated,2004-09,2.0956269600842354
Belgium,Aggregated,2004-10,1.7474711915874153
Belgium,Aggregated,2004-11,0.9121786420452889
Belgium,Aggregated,2004-12,0.4999999999999982
Belgium,Aggregated,2005-01,1.329588150652194
Belgium,Aggregated,2005-02,2.2190212143220016
Belgium,Aggregated,2005-03,3.17261628933257
Belgium,Aggregated,2005-04,1.6534170443065328
Belgium,Aggregated,2005-05,0.9500000000000011
Belgium,Aggregated,2005-06,2.453211528956164
Belgium,Aggregated,2005-07,2.6255025264976997
Belgium,Aggregated,2005-08,2.8000000000000025
Belgium,Aggregated,2005-09,2.0393963379109827
Belgium,Aggregated,2005-10,1.320714265009153
Belgium,Aggregated,2005-11,0.6416432222904298
Belgium,Aggregated,2005-12,1.7763568394002505e-15
Belgium,Aggregated,2006-01,0.7311320362426255
Belgium,Aggregated,2006-02,1.5108598956143666
Belgium,Aggregated,2006-03,2.3424135747622508
Belgium,Aggregated,2006-04,3.146950329361932
Belgium,Aggregated,2006-05,4.0
Belgium,Aggregated,2006-06,1.0
Belgium,Aggregated,2006-07,0.7484495206901318
Belgium,Aggregated,2006-08,0.5021721783503477
Belgium,Aggregated,2006-09,0.2610574346362906
Belgium,Aggregated,2006-10,1.666666666666666
Belgium,Aggregated,2006-11,1.7185565294256726
Belgium,Aggregated,2006-12,1.7706589625418285
Belgium,Aggregated,2007-01,1.8229748368240681
Belgium,Aggregated,2007-02,1.875505026648673
Belgium,Aggregated,2007-03,1.9282504099738667
Belgium,Aggregated,2007-04,1.9812118683544675
Belgium,Aggregated,2007-05,-0.40000000000000036
Belgium,Aggregated,2007-06,1.7763568394002505e-15
Belgium,Aggregated,2007-07,4.0
Belgium,Aggregated,2007-08,-3.254033307585167
Belgium,Aggregated,2007-09,-7.0
Belgium,Aggregated,2007-10,-1.9999999999999982
Belgium,Aggregated,2007-11,-1.4669854305606886
Belgium,Aggregated,2007-12,-0.9024036909842046
Belgium,Aggregated,2008-01,-0.3043852522039767
Belgium,Aggregated,2008-02,0.3290501355388251
Belgium,Aggregated,2008-03,1.0
Belgium,Aggregated,2008-04,3.950000000000001
Belgium,Aggregated,2008-05,3.6999999999999993
Belgium,Aggregated,2008-06,3.6999999999999993
Belgium,Aggregated,2008-07,2.3502070432947786
Belgium,Aggregated,2008-08,1.124355652982139
Belgium,Aggregated,2008-09,0.011065185976397274
Belgium,Aggregated,2008-10,-0.9999999999999982
Belgium,Aggregated,2008-11,1.7763568394002505e-15
Belgium,Aggregated,2008-12,1.7763568394002505e-15
Belgium,Aggregated,2009-01,1.0
Belgium,Aggregated,2009-02,0.48912529307605546
Belgium,Aggregated,2009-03,1.7763568394002505e-15
Belgium,Aggregated,2009-04,4.0
Belgium,Aggregated,2009-05,3.554287491354655
Belgium,Aggregated,2009-06,3.121818958733506
Belgium,Aggregated,2009-07,2.702200868418
Belgium,Aggregated,2009-08,2.295051380216332
Belgium,Aggregated,2009-09,1.9000000000000004
Belgium,Aggregated,2009-10,3.551424794917695
Belgium,Aggregated,2009-11,5.199999999999996
Belgium,Aggregated,2009-12,-1.9999999999999982
Belgium,Aggregated,2010-01,-1.6773526695481404
Belgium,Aggregated,2010-02,-1.3431385280020915
Belgium,Aggregated,2010-03,-0.9969429086150328
Belgium,Aggregated,2010-04,-0.6383362789602689
Belgium,Aggregated,2010-05,-0.2668737080010093
Belgium,Aggregated,2010-06,0.1179056859452281
Belgium,Aggregated,2010-07,0.5164793070325349
Belgium,Aggregated,2010-08,0.9293416742123242
Belgium,Aggregated,2010-09,1.3570050347937368
Belgium,Aggregated,2010-10,1.799999999999999
Belgium,Aggregated,2010-11,1.4807424776247444
Belgium,Aggregated,2010-12,1.1694478744364538
Belgium,Aggregated,2011-01,0.8659175793530594
Belgium,Aggregated,2011-02,0.5699579350488992
Belgium,Aggregated,2011-03,0.28138011439814825
Belgium,Aggregated,2011-04,1.7763568394002505e-15
Belgium,Aggregated,2011-05,1.0
Belgium,Aggregated,2011-06,1.2309385178974779
Belgium,Aggregated,2011-07,1.466321419049013
Belgium,Aggregated,2011-08,1.706234235061416
Belgium,Aggregated,2011-09,1.9507641435866905
Belgium,Aggregated,2011-10,2.1999999999999993
Belgium,Aggregated,2011-11,6.9999999999999964
Belgium,Aggregated,2011-12,5.568458381734342
Belgium,Aggregated,2012-01,4.250767397070163
Belgium,Aggregated,2012-02,3.037872494881558
Belgium,Aggregated,2012-03,4.448101255914475
Belgium,Aggregated,2012-04,6.0
Belgium,Aggregated,2012-05,2.1999999999999993
Belgium,Aggregated,2012-06,3.5
Belgium,Aggregated,2012-07,3.235167877842981
Belgium,Aggregated,2012-08,2.9751727248532873
Belgium,Aggregated,2012-09,2.719926197250956
Belgium,Aggregated,2012-10,1.284917100646652
Belgium,Aggregated,2012-11,1.7763568394002505e-15
Belgium,Aggregated,2012-12,0.7725867640654229
Belgium,Aggregated,2013-01,1.5994362834043958
Belgium,Aggregated,2013-02,2.484359711335655
Belgium,Aggregated,2013-03,1.9193445732328538
Belgium,Aggregated,2013-04,1.3780044269813096
Belgium,Aggregated,2013-05,0.8593472544891956
Belgium,Aggregated,2013-06,-0.6687790997190106
Belgium,Aggregated,2013-07,-1.9999999999999982
Belgium,Aggregated,2013-08,-1.0259003582735335
Belgium,Aggregated,2013-09,0.05362929589866283
Belgium,Aggregated,2013-10,1.2500000000000018
Belgium,Aggregated,2013-11,1.7499999999999964
Belgium,Aggregated,2013-12,1.2137217914933647
Belgium,Aggregated,2014-01,0.6999999999999993
Belgium,Aggregated,2014-02,1.5384755821887097
Belgium,Aggregated,2014-03,2.43704016454209
Belgium,Aggregated,2014-04,3.3999999999999986
Belgium,Aggregated,2014-05,3.4842220150817163
Belgium,Aggregated,2014-06,3.5689366237623474
Belgium,Aggregated,2014-07,3.6541467070992315
Belgium,Aggregated,2014-08,3.739855163000268
Belgium,Aggregated,2014-09,3.8260649063225287
Belgium,Aggregated,2014-10,3.91277886897133
Belgium,Aggregated,2014-11,4.0
Belgium,Aggregated,2014-12,4.96871942267131
Belgium,Aggregated,2015-01,6.0
Belgium,Aggregated,2015-02,4.866608964699816
Belgium,Aggregated,2015-03,3.808781178746619
Belgium,Aggregated,2015-04,2.8214788357046405
Belgium,Aggregated,2015-05,1.9000000000000004
Belgium,Aggregated,2015-06,2.0771796226127677
Belgium,Aggregated,2015-07,1.5237312119510324
Belgium,Aggregated,2015-08,0.9937056762595446
Belgium,Aggregated,2015-09,0.4861117197620448
Belgium,Aggregated,2015-10,1.7763568394002505e-15
Belgium,Aggregated,2015-11,1.3362120494334562
Belgium,Aggregated,2015-12,2.8347388844170087
Belgium,Aggregated,2016-01,4.5152975024282345
Belgium,Aggregated,2016-02,6.399999999999999
Belgium,Aggregated,2016-03,0.01764257171087813
Belgium,Aggregated,2016-04,0.4983351342935993
Belgium,Aggregated,2016-05,1.0
Belgium,Aggregated,2016-06,1.1748309285958758
Belgium,Aggregated,2016-07,1.3522090116578909
Belgium,Aggregated,2016-08,1.5321713593011044
Belgium,Aggregated,2016-09,1.714755622306873
Belgium,Aggregated,2016-10,1.9000000000000004
Belgium,Aggregated,2016-11,1.96229224071792
Belgium,Aggregated,2016-12,2.024885281688066
Belgium,Aggregated,2017-01,2.0877805754314913
Belgium,Aggregated,2017-02,2.1509795814832806
Belgium,Aggregated,2017-03,2.2144837664263957
Belgium,Aggregated,2017-04,2.2782946039257244
Belgium,Aggregated,2017-05,2.3424135747622508
Belgium,Aggregated,2017-06,1.0
Belgium,Aggregated,2017-07,1.3394271315746753
Belgium,Aggregated,2017-08,1.6884551612867735
Belgium,Aggregated,2017-09,2.0473556562458928
Belgium,Aggregated,2017-10,2.416407864998739
Belgium,Aggregated,2017-11,2.795898934803107
Belgium,Aggregated,2017-12,3.186124135047635
Belgium,Aggregated,2018-01,3.5873870869910967
Belgium,Aggregated,2018-02,4.0
Belgium,Aggregated,2018-03,3.747881203752627
Belgium,Aggregated,2018-04,3.5
Belgium,Aggregated,2018-05,2.3424135747622508
Belgium,Aggregated,2018-06,1.0
Belgium,Aggregated,2018-07,-0.6666666666666643
Belgium,Aggregated,2018-08,-0.5197472541730601
Belgium,Aggregated,2018-09,-0.37073894034712396
Belgium,Aggregated,2018-10,-0.21961202517370104
Belgium,Aggregated,2018-11,-0.276623429869959
Belgium,Aggregated,2018-12,-0.33333333333333215
Belgium,Aggregated,2019-01,-0.33333333333333215
Belgium,Aggregated,2019-02,-0.33333333333333215
Belgium,Aggregated,2019-03,-0.33333333333333215
Belgium,CHN->Partner,2002-01,-10.0
Belgium,CHN->Partner,2002-02,-7.377637449244363
Belgium,CHN->Partner,2002-03,2.1215104491168866
Belgium,CHN->Partner,2002-04,1.8081283914247148
Belgium,CHN->Partner,2002-05,1.5022308618639872
Belgium,CHN->Partner,2002-06,1.203639106865447
Belgium,CHN->Partner,2002-07,0.9121786420452889
Belgium,CHN->Partner,2002-08,1.5538473045056183
Belgium,CHN->Partner,2002-09,2.230080481548555
Belgium,CHN->Partner,2002-10,2.9427400463466995
Belgium,CHN->Partner,2002-11,-1.804286811277363
Belgium,CHN->Partner,2002-12,-4.935113129258671
Belgium,CHN->Partner,2003-01,-7.0
Belgium,CHN->Partner,2003-02,-5.090239272630093
Belgium,CHN->Partner,2003-03,-2.2686820363090785
Belgium,CHN->Partner,2003-04,1.9000000000000004
Belgium,CHN->Partner,2003-05,2.27258066055602
Belgium,CHN->Partner,2003-06,2.6559222783694363
Belgium,CHN->Partner,2003-07,3.050335653793974
Belgium,CHN->Partner,2003-08,3.456140563788109
Belgium,CHN->Partner,2003-09,3.8736660211793357
Belgium,CHN->Partner,2003-10,4.303250541416592
Belgium,CHN->Partner,2003-11,4.745242417027082
Belgium,CHN->Partner,2003-12,5.199999999999996
Belgium,CHN->Partner,2004-01,4.93640745868478
Belgium,CHN->Partner,2004-02,4.677103869705174
Belgium,CHN->Partner,2004-03,4.4220194468978775
Belgium,CHN->Partner,2004-04,4.171085539600309
Belgium,CHN->Partner,2004-05,3.9242346141747664
Belgium,CHN->Partner,2004-06,3.427389714499057
Belgium,CHN->Partner,2004-07,2.9470853517899283
Belgium,CHN->Partner,2004-08,2.4827708725872846
Belgium,CHN->Partner,2004-09,2.0339139553167094
Belgium,CHN->Partner,2004-10,1.599999999999996
Belgium,CHN->Partner,2004-11,0.9121786420452889
Belgium,CHN->Partner,2004-12,1.0
Belgium,CHN->Partner,2005-01,1.9980273140820088
Belgium,CHN->Partner,2005-02,3.0790595048018226
Belgium,CHN->Partner,2005-03,4.249999999999998
Belgium,CHN->Partner,2005-04,1.572274638059767
Belgium,CHN->Partner,2005-05,1.8776441769307493
Belgium,CHN->Partner,2005-06,2.1904308744269496
Belgium,CHN->Partner,2005-07,2.491773273632047
Belgium,CHN->Partner,2005-08,2.8000000000000025
Belgium,CHN->Partner,2005-09,2.6676827588095335
Belgium,CHN->Partner,2005-10,2.5366342025695268
Belgium,CHN->Partner,2005-11,2.4068421668674596
Belgium,CHN->Partner,2005-12,2.2782946039257244
Belgium,CHN->Partner,2006-01,2.1509795814832806
Belgium,CHN->Partner,2006-02,2.024885281688066
Belgium,CHN->Partner,2006-03,1.9000000000000004
Belgium,CHN->Partner,2006-04,2.910427743243556
Belgium,CHN->Partner,2006-05,4.0
Belgium,CHN->Partner,2006-06,1.0
Belgium,CHN->Partner,2006-07,0.6620176786983993
Belgium,CHN->Partner,2006-08,0.3335546948561703
Belgium,CHN->Partner,2006-09,0.014342934492324488
Belgium,CHN->Partner,2006-10,2.5
Belgium,CHN->Partner,2006-11,2.4447444733351915
Belgium,CHN->Partner,2006-12,2.3897151076501544
Belgium,CHN->Partner,2007-01,2.3349109772675583
Belgium,CHN->Partner,2007-02,2.280331160298873
Belgium,CHN->Partner,2007-03,2.225974738628844
Belgium,CHN->Partner,2007-04,2.171840797900069
Belgium,CHN->Partner,2007-05,-0.40000000000000036
Belgium,CHN->Partner,2007-06,1.7763568394002505e-15
Belgium,CHN->Partner,2007-07,-3.148575589460309
Belgium,CHN->Partner,2007-08,-5.395921338689225
Belgium,CHN->Partner,2007-09,-7.0
Belgium,CHN->Partner,2007-10,-6.676307355913805
Belgium,CHN->Partner,2007-11,-6.326420479868732
Belgium,CHN->Partner,2007-12,-5.948219651814136
Belgium,CHN->Partner,2008-01,-5.539413617252396
Belgium,CHN->Partner,2008-02,-5.097525706129234
Belgium,CHN->Partner,2008-03,-4.619878828420777
Belgium,CHN->Partner,2008-04,-4.103579255516079
Belgium,CHN->Partner,2008-05,-3.5454990891378557
Belgium,CHN->Partner,2008-06,-2.9422573115928774
Belgium,CHN->Partner,2008-07,-2.2901993025487037
Belgium,CHN->Partner,2008-08,-1.5853746982432515
Belgium,CHN->Partner,2008-09,-0.8235134589916395
Belgium,CHN->Partner,2008-10,1.7763568394002505e-15
Belgium,CHN->Partner,2008-11,1.7763568394002505e-15
Belgium,CHN->Partner,2008-12,0.48912529307605546
Belgium,CHN->Partner,2009-01,1.0
Belgium,CHN->Partner,2009-02,0.48912529307605546
Belgium,CHN->Partner,2009-03,1.7763568394002505e-15
Belgium,CHN->Partner,2009-04,4.0
Belgium,CHN->Partner,2009-05,3.554287491354655
Belgium,CHN->Partner,2009-06,3.121818958733506
Belgium,CHN->Partner,2009-07,2.702200868418
Belgium,CHN->Partner,2009-08,2.295051380216332
Belgium,CHN->Partner,2009-09,1.9000000000000004
Belgium,CHN->Partner,2009-10,4.1358736173733135
Belgium,CHN->Partner,2009-11,5.199999999999996
Belgium,CHN->Partner,2009-12,4.856763758446865
Belgium,CHN->Partner,2010-01,4.5207998080983955
Belgium,CHN->Partner,2010-02,4.191954067849613
Belgium,CHN->Partner,2010-03,3.8700757211769883
Belgium,CHN->Partner,2010-04,3.5550171469703677
Belgium,CHN->Partner,2010-05,3.246633851830399
Belgium,CHN->Partner,2010-06,2.944784403800405
Belgium,CHN->Partner,2010-07,2.6493303675023085
Belgium,CHN->Partner,2010-08,2.3601362406468436
Belgium,CHN->Partner,2010-09,2.0770693918889798
Belgium,CHN->Partner,2010-10,1.799999999999999
Belgium,CHN->Partner,2010-11,1.4807424776247444
Belgium,CHN->Partner,2010-12,1.1694478744364538
Belgium,CHN->Partner,2011-01,0.8659175793530594
Belgium,CHN->Partner,2011-02,0.5699579350488992
Belgium,CHN->Partner,2011-03,0.28138011439814825
Belgium,CHN->Partner,2011-04,1.7763568394002505e-15
Belgium,CHN->Partner,2011-05,0.296021821735847
Belgium,CHN->Partner,2011-06,0.60000990883022
Belgium,CHN->Partner,2011-07,0.9121786420452889
Belgium,CHN->Partner,2011-08,1.2327481713599386
Belgium,CHN->Partner,2011-09,1.5619445712255562
Belgium,CHN->Partner,2011-10,1.9000000000000004
Belgium,CHN->Partner,2011-11,2.2443022394364007
Belgium,CHN->Partner,2011-12,2.5977939387240294
Belgium,CHN->Partner,2012-01,2.9607203654292533
Belgium,CHN->Partner,2012-02,3.333333333333334
Belgium,CHN->Partner,2012-03,2.945136756519224
Belgium,CHN->Partner,2012-04,2.5674538947458316
Belgium,CHN->Partner,2012-05,2.1999999999999993
Belgium,CHN->Partner,2012-06,3.5
Belgium,CHN->Partner,2012-07,3.1760799403971163
Belgium,CHN->Partner,2012-08,2.859396032864108
Belgium,CHN->Partner,2012-09,2.5497866267244316
Belgium,CHN->Partner,2012-10,1.20850739828456
Belgium,CHN->Partner,2012-11,1.7763568394002505e-15
Belgium,CHN->Partner,2012-12,-0.1643513458971828
Belgium,CHN->Partner,2013-01,-0.3262471131672626
Belgium,CHN->Partner,2013-02,-0.4857239906877098
Belgium,CHN->Partner,2013-03,-0.6428181191663427
Belgium,CHN->Partner,2013-04,-0.7975650993315231
Belgium,CHN->Partner,2013-05,-0.9500000000000028
Belgium,CHN->Partner,2013-06,-0.040286809920351274
Belgium,CHN->Partner,2013-07,0.9517724585876532
Belgium,CHN->Partner,2013-08,2.0336316675834656
Belgium,CHN->Partner,2013-09,3.213419393219345
Belgium,CHN->Partner,2013-10,4.499999999999998
Belgium,CHN->Partner,2013-11,1.7499999999999964
Belgium,CHN->Partner,2013-12,2.0641345981940837
Belgium,CHN->Partner,2014-01,2.3860088470377843
Belgium,CHN->Partner,2014-02,2.7158134361034083
Belgium,CHN->Partner,2014-03,3.0537437531744214
Belgium,CHN->Partner,2014-04,3.3999999999999986
Belgium,CHN->Partner,2014-05,3.4842220150817163
Belgium,CHN->Partner,2014-06,3.5689366237623474
Belgium,CHN->Partner,2014-07,3.6541467070992315
Belgium,CHN->Partner,2014-08,3.739855163000268
Belgium,CHN->Partner,2014-09,3.8260649063225287
Belgium,CHN->Partner,2014-10,3.91277886897133
Belgium,CHN->Partner,2014-11,4.0
Belgium,CHN->Partner,2014-12,4.96871942267131
Belgium,CHN->Partner,2015-01,6.0
Belgium,CHN->Partner,2015-02,4.866608964699816
Belgium,CHN->Partner,2015-03,3.808781178746619
Belgium,CHN->Partner,2015-04,2.8214788357046405
Belgium,CHN->Partner,2015-05,1.9000000000000004
Belgium,CHN->Partner,2015-06,2.2297084310253545
Belgium,CHN->Partner,2015-07,1.63312740332643
Belgium,CHN->Partner,2015-08,1.0634486255497784
Belgium,CHN->Partner,2015-09,0.5194589665073934
Belgium,CHN->Partner,2015-10,1.7763568394002505e-15
Belgium,CHN->Partner,2015-11,1.3362120494334562
Belgium,CHN->Partner,2015-12,2.8347388844170087
Belgium,CHN->Partner,2016-01,4.5152975024282345
Belgium,CHN->Partner,2016-02,6.399999999999999
Belgium,CHN->Partner,2016-03,0.01764257171087813
Belgium,CHN->Partner,2016-04,0.19627889957590483
Belgium,CHN->Partner,2016-05,0.3778115764035572
Belgium,CHN->Partner,2016-06,0.5622875626156691
Belgium,CHN->Partner,2016-07,0.7497545800344838
Belgium,CHN->Partner,2016-08,0.9402611242276926
Belgium,CHN->Partner,2016-09,1.1338564770537385
Belgium,CHN->Partner,2016-10,1.3305907194104094
Belgium,CHN->Partner,2016-11,1.530514744190242
Belgium,CHN->Partner,2016-12,1.7336802694459035
Belgium,CHN->Partner,2017-01,1.9401398517690502
Belgium,CHN->Partner,2017-02,2.149946899886153
Belgium,CHN->Partner,2017-03,2.36315568847467
Belgium,CHN->Partner,2017-04,2.579821372203339
Belgium,CHN->Partner,2017-05,2.8000000000000025
Belgium,CHN->Partner,2017-06,1.0
Belgium,CHN->Partner,2017-07,1.153440287155263
Belgium,CHN->Partner,2017-08,1.3088425677873836
Belgium,CHN->Partner,2017-09,1.4662319292999033
Belgium,CHN->Partner,2017-10,1.6256337798812268
Belgium,CHN->Partner,2017-11,1.787073852606408
Belgium,CHN->Partner,2017-12,1.9505782095913649
Belgium,CHN->Partner,2018-01,2.11617324620023
Belgium,CHN->Partner,2018-02,2.283885695306493
Belgium,CHN->Partner,2018-03,2.4537426316086197
Belgium,CHN->Partner,2018-04,2.625771476000871
Belgium,CHN->Partner,2018-05,2.8000000000000025
Belgium,CHN->Partner,2018-06,1.0
Belgium,CHN->Partner,2018-07,1.4603283383907772
Belgium,CHN->Partner,2018-08,1.9383151917086945
Belgium,CHN->Partner,2018-09,2.434637952856651
Belgium,CHN->Partner,2018-10,2.9499999999999993
Belgium,CHN->Partner,2018-11,2.9499999999999993
Belgium,CHN->Partner,2018-12,2.9499999999999993
Belgium,CHN->Partner,2019-01,2.9499999999999993
Belgium,CHN->Partner,2019-02,2.9499999999999993
Belgium,CHN->Partner,2019-03,2.9499999999999993
Belgium,Partner->CHN,2002-01,
Belgium,Partner->CHN,2002-02,
Belgium,Partner->CHN,2002-03,2.7761229507725016
Belgium,Partner->CHN,2002-04,1.531871434020001
Belgium,Partner->CHN,2002-05,0.40000000000000036
Belgium,Partner->CHN,2002-06,1.5427269762201252
Belgium,Partner->CHN,2002-07,2.8000000000000025
Belgium,Partner->CHN,2002-08,2.6992664817635106
Belgium,Partner->CHN,2002-09,2.5992682708963226
Belgium,Partner->CHN,2002-10,2.5
Belgium,Partner->CHN,2002-11,2.5495432268803917
Belgium,Partner->CHN,2002-12,2.5992682708963226
Belgium,Partner->CHN,2003-01,2.6491757992927916
Belgium,Partner->CHN,2003-02,2.6992664817635106
Belgium,Partner->CHN,2003-03,2.7495409904598844
Belgium,Partner->CHN,2003-04,2.8000000000000025
Belgium,Partner->CHN,2003-05,2.819870750005842
Belgium,Partner->CHN,2003-06,2.8397701120918164
Belgium,Partner->CHN,2003-07,2.859698127456719
Belgium,Partner->CHN,2003-08,2.8796548373586823
Belgium,Partner->CHN,2003-09,2.8996402831152466
Belgium,Partner->CHN,2003-10,2.9196545061034254
Belgium,Partner->CHN,2003-11,2.939697547759833
Belgium,Partner->CHN,2003-12,2.959769449580742
Belgium,Partner->CHN,2004-01,2.979870253122181
Belgium,Partner->CHN,2004-02,2.9999999999999964
Belgium,Partner->CHN,2004-03,3.3256975133133864
Belgium,Partner->CHN,2004-04,3.6589720887823773
Belgium,Partner->CHN,2004-05,4.000000000000007
Belgium,Partner->CHN,2004-06,3.7519293749714553
Belgium,Partner->CHN,2004-07,3.507961352276366
Belgium,Partner->CHN,2004-08,3.268028082906415
Belgium,Partner->CHN,2004-09,3.0320628399429737
Belgium,Partner->CHN,2004-10,2.8000000000000025
Belgium,Partner->CHN,2004-11,1.320714265009153
Belgium,Partner->CHN,2004-12,1.7763568394002505e-15
Belgium,Partner->CHN,2005-01,1.7763568394002505e-15
Belgium,Partner->CHN,2005-02,1.7763568394002505e-15
Belgium,Partner->CHN,2005-03,1.7763568394002505e-15
Belgium,Partner->CHN,2005-04,1.9000000000000004
Belgium,Partner->CHN,2005-05,0.9500000000000011
Belgium,Partner->CHN,2005-06,3.256376801297632
Belgium,Partner->CHN,2005-07,2.6533666194100043
Belgium,Partner->CHN,2005-08,2.0758623065470463
Belgium,Partner->CHN,2005-09,1.5227850262740663
Belgium,Partner->CHN,2005-10,0.9931015743225267
Belgium,Partner->CHN,2005-11,0.4858224484600093
Belgium,Partner->CHN,2005-12,1.7763568394002505e-15
Belgium,Partner->CHN,2006-01,0.8637363186214735
Belgium,Partner->CHN,2006-02,1.795294494343473
Belgium,Partner->CHN,2006-03,2.8000000000000025
Belgium,Partner->CHN,2006-04,3.3874945699381627
Belgium,Partner->CHN,2006-05,4.0
Belgium,Partner->CHN,2006-06,4.080954212739181
Belgium,Partner->CHN,2006-07,4.162345331115711
Belgium,Partner->CHN,2006-08,4.244175713086383
Belgium,Partner->CHN,2006-09,4.3264477293337595
Belgium,Partner->CHN,2006-10,1.7763568394002505e-15
Belgium,Partner->CHN,2006-11,0.296021821735847
Belgium,Partner->CHN,2006-12,0.60000990883022
Belgium,Partner->CHN,2007-01,0.9121786420452889
Belgium,Partner->CHN,2007-02,1.2327481713599386
Belgium,Partner->CHN,2007-03,1.5619445712255562
Belgium,Partner->CHN,2007-04,1.9000000000000004
Belgium,Partner->CHN,2007-05,2.5651174982996423
Belgium,Partner->CHN,2007-06,3.2645281195872276
Belgium,Partner->CHN,2007-07,4.0
Belgium,Partner->CHN,2007-08,1.6514899795262412
Belgium,Partner->CHN,2007-09,-0.3293200865298118
Belgium,Partner->CHN,2007-10,-1.9999999999999982
Belgium,Partner->CHN,2007-11,-1.4669854305606886
Belgium,Partner->CHN,2007-12,-0.9024036909842046
Belgium,Partner->CHN,2008-01,-0.3043852522039767
Belgium,Partner->CHN,2008-02,0.3290501355388251
Belgium,Partner->CHN,2008-03,1.0
Belgium,Partner->CHN,2008-04,3.950000000000001
Belgium,Partner->CHN,2008-05,3.6999999999999993
Belgium,Partner->CHN,2008-06,3.6999999999999993
Belgium,Partner->CHN,2008-07,2.0031516757224974
Belgium,Partner->CHN,2008-08,0.50217370760849
Belgium,Partner->CHN,2008-09,-0.825543583636696
Belgium,Partner->CHN,2008-10,-1.9999999999999982
Belgium,Partner->CHN,2008-11,-1.050125628933797
Belgium,Partner->CHN,2008-12,1.7763568394002505e-15
Belgium,Partner->CHN,2009-01,0.8868649510843056
Belgium,Partner->CHN,2009-02,1.845232578665133
Belgium,Partner->CHN,2009-03,2.8808677207146136
Belgium,Partner->CHN,2009-04,4.0
Belgium,Partner->CHN,2009-05,3.6298772243356012
Belgium,Partner->CHN,2009-06,3.2688871732755764
Belgium,Partner->CHN,2009-07,2.9168044981945815
Belgium,Partner->CHN,2009-08,2.5734094109112107
Belgium,Partner->CHN,2009-09,2.2384875464848335
Belgium,Partner->CHN,2009-10,1.9118298293979308
Belgium,Partner->CHN,2009-11,-0.22008958921358257
Belgium,Partner->CHN,2009-12,-1.9999999999999982
Belgium,Partner->CHN,2010-01,-1.8464017606563736
Belgium,Partner->CHN,2010-02,-1.6901821414094744
Belgium,Partner->CHN,2010-03,-1.531296404555098
Belgium,Partner->CHN,2010-04,-1.3696990488743221
Belgium,Partner->CHN,2010-05,-1.205343796602973
Belgium,Partner->CHN,2010-06,-1.038183580178762
Belgium,Partner->CHN,2010-07,-0.8681705287622119
Belgium,Partner->CHN,2010-08,-0.6952559545275463
Belgium,Partner->CHN,2010-09,-0.5193903387196226
Belgium,Partner->CHN,2010-10,-0.3405233174729059
Belgium,Partner->CHN,2010-11,-0.15860366738839637
Belgium,Partner->CHN,2010-12,0.026420709135557274
Belgium,Partner->CHN,2011-01,0.2146027988228134
Belgium,Partner->CHN,2011-02,0.40599649269362637
Belgium,Partner->CHN,2011-03,0.6006566014977714
Belgium,Partner->CHN,2011-04,0.7986388714111108
Belgium,Partner->CHN,2011-05,1.0
Belgium,Partner->CHN,2011-06,1.2860350664753142
Belgium,Partner->CHN,2011-07,1.578888137888427
Belgium,Partner->CHN,2011-08,1.8787217299472978
Belgium,Partner->CHN,2011-09,2.1857022321258484
Belgium,Partner->CHN,2011-10,2.5
Belgium,Partner->CHN,2011-11,6.9999999999999964
Belgium,Partner->CHN,2011-12,5.466273260595365
Belgium,Partner->CHN,2012-01,4.063230838477656
Belgium,Partner->CHN,2012-02,2.779737509655563
Belgium,Partner->CHN,2012-03,4.305408771546894
Belgium,Partner->CHN,2012-04,6.0
Belgium,Partner->CHN,2012-05,4.700318468107579
Belgium,Partner->CHN,2012-06,3.5
Belgium,Partner->CHN,2012-07,3.983685966957939
Belgium,Partner->CHN,2012-08,4.4835065625111845
Belgium,Partner->CHN,2012-09,4.999999999999998
Belgium,Partner->CHN,2012-10,4.461871228005672
Belgium,Partner->CHN,2012-11,3.9418413669643453
Belgium,Partner->CHN,2012-12,3.439301695330686
Belgium,Partner->CHN,2013-01,2.9536639647204357
Belgium,Partner->CHN,2013-02,2.484359711335655
Belgium,Partner->CHN,2013-03,2.1039417963413456
Belgium,Partner->CHN,2013-04,1.734256151410026
Belgium,Partner->CHN,2013-05,1.375
Belgium,Partner->CHN,2013-06,-0.4465645403972829
Belgium,Partner->CHN,2013-07,-1.9999999999999982
Belgium,Partner->CHN,2013-08,-1.9999999999999982
Belgium,Partner->CHN,2013-09,-1.9999999999999982
Belgium,Partner->CHN,2013-10,-1.9999999999999982
Belgium,Partner->CHN,2013-11,2.5
Belgium,Partner->CHN,2013-12,1.5678160393920457
Belgium,Partner->CHN,2014-01,0.6999999999999993
Belgium,Partner->CHN,2014-02,0.9943412699840337
Belgium,Partner->CHN,2014-03,1.2960873932343837
Belgium,Partner->CHN,2014-04,1.6054246564103973
Belgium,Partner->CHN,2014-05,1.922544032654491
Belgium,Partner->CHN,2014-06,2.2476412994917663
Belgium,Partner->CHN,2014-07,2.58091715969565
Belgium,Partner->CHN,2014-08,2.9225773651941847
Belgium,Partner->CHN,2014-09,3.2728328440935215
Belgium,Partner->CHN,2014-10,3.631899830896968
Belgium,Partner->CHN,2014-11,4.0
Belgium,Partner->CHN,2014-12,4.96871942267131
Belgium,Partner->CHN,2015-01,6.0
Belgium,Partner->CHN,2015-02,4.866608964699816
Belgium,Partner->CHN,2015-03,3.808781178746619
Belgium,Partner->CHN,2015-04,2.8214788357046405
Belgium,Partner->CHN,2015-05,1.9000000000000004
Belgium,Partner->CHN,2015-06,1.9000000000000004
Belgium,Partner->CHN,2015-07,1.8154657818579807
Belgium,Partner->CHN,2015-08,1.7314855198428454
Belgium,Partner->CHN,2015-09,1.6480555838578557
Belgium,Partner->CHN,2015-10,1.5651723675944282
Belgium,Partner->CHN,2015-11,1.4828322883762635
Belgium,Partner->CHN,2015-12,1.401031787004488
Belgium,Partner->CHN,2016-01,1.3197673276038078
Belgium,Partner->CHN,2016-02,1.2390353974696549
Belgium,Partner->CHN,2016-03,1.158832506916351
Belgium,Partner->CHN,2016-04,1.079155189126272
Belgium,Partner->CHN,2016-05,1.0
Belgium,Partner->CHN,2016-06,1.1748309285958758
Belgium,Partner->CHN,2016-07,1.3522090116578909
Belgium,Partner->CHN,2016-08,1.5321713593011044
Belgium,Partner->CHN,2016-09,1.714755622306873
Belgium,Partner->CHN,2016-10,1.9000000000000004
Belgium,Partner->CHN,2016-11,1.9000000000000004
Belgium,Partner->CHN,2016-12,1.9000000000000004
Belgium,Partner->CHN,2017-01,1.9000000000000004
Belgium,Partner->CHN,2017-02,1.9000000000000004
Belgium,Partner->CHN,2017-03,1.9000000000000004
Belgium,Partner->CHN,2017-04,1.9000000000000004
Belgium,Partner->CHN,2017-05,1.9000000000000004
Belgium,Partner->CHN,2017-06,2.1180010147492396
Belgium,Partner->CHN,2017-07,2.3396860948032607
Belgium,Partner->CHN,2017-08,2.5651174982996423
Belgium,Partner->CHN,2017-09,2.794358535495144
Belgium,Partner->CHN,2017-10,3.027473586545746
Belgium,Partner->CHN,2017-11,3.2645281195872276
Belgium,Partner->CHN,2017-12,3.505588709121257
Belgium,Partner->CHN,2018-01,3.7507230547122283
Belgium,Partner->CHN,2018-02,4.0
Belgium,Partner->CHN,2018-03,3.747881203752627
Belgium,Partner->CHN,2018-04,3.5
Belgium,Partner->CHN,2018-05,1.9000000000000004
Belgium,Partner->CHN,2018-06,1.0
Belgium,Partner->CHN,2018-07,-0.6666666666666643
Belgium,Partner->CHN,2018-08,-0.49017432568656183
Belgium,Partner->CHN,2018-09,-0.310667512471813
Belgium,Partner->CHN,2018-10,-0.12809474012614963
Belgium,Partner->CHN,2018-11,-0.231202971610319
Belgium,Partner->CHN,2018-12,-0.33333333333333215
Belgium,Partner->CHN,2019-01,-0.33333333333333215
Belgium,Partner->CHN,2019-02,-0.33333333333333215
Belgium,Partner->CHN,2019-03,-0.33333333333333215
Brazil,Aggregated,2002-01,
Brazil,Aggregated,2002-02,
Brazil,Aggregated,2002-03,4.0
Brazil,Aggregated,2002-04,0.929060931505763
Brazil,Aggregated,2002-05,-1.5131670194948619
Brazil,Aggregated,2002-06,-3.4553994219023894
Brazil,Aggregated,2002-07,-5.0
Brazil,Aggregated,2002-08,1.0
Brazil,Aggregated,2002-09,1.2425467922961833
Brazil,Aggregated,2002-10,1.4899959967967966
Brazil,Aggregated,2002-11,1.742446702198066
Brazil,Aggregated,2002-12,2.0
Brazil,Aggregated,2003-01,1.961134197495257
Brazil,Aggregated,2003-02,1.9223845911908537
Brazil,Aggregated,2003-03,1.8837508336976558
Brazil,Aggregated,2003-04,1.845232578665133
Brazil,Aggregated,2003-05,1.1981005732342727
Brazil,Aggregated,2003-06,0.5835705335434902
Brazil,Aggregated,2003-07,1.7763568394002505e-15
Brazil,Aggregated,2003-08,4.0
Brazil,Aggregated,2003-09,4.999999999999998
Brazil,Aggregated,2003-10,4.0
Brazil,Aggregated,2003-11,4.999999999999998
Brazil,Aggregated,2003-12,4.0
Brazil,Aggregated,2004-01,3.950000000000001
Brazil,Aggregated,2004-02,3.5202824395343413
Brazil,Aggregated,2004-03,3.102916530023366
Brazil,Aggregated,2004-04,2.4000000000000004
Brazil,Aggregated,2004-05,1.1013554362037574
Brazil,Aggregated,2004-06,4.163302848913602
Brazil,Aggregated,2004-07,7.9999999999999964
Brazil,Aggregated,2004-08,0.9500000000000011
Brazil,Aggregated,2004-09,6.399999999999999
Brazil,Aggregated,2004-10,2.1009366837957923
Brazil,Aggregated,2004-11,3.0993689520109555
Brazil,Aggregated,2004-12,1.8949423831748362
Brazil,Aggregated,2005-01,6.0
Brazil,Aggregated,2005-02,6.399999999999999
Brazil,Aggregated,2005-03,5.25
Brazil,Aggregated,2005-04,4.0
Brazil,Aggregated,2005-05,3.0745695082895246
Brazil,Aggregated,2005-06,2.2062337895782207
Brazil,Aggregated,2005-07,2.4778250586152133
Brazil,Aggregated,2005-08,3.21855744719654
Brazil,Aggregated,2005-09,4.0
Brazil,Aggregated,2005-10,-1.9999999999999982
Brazil,Aggregated,2005-11,-0.21205047777828412
Brazil,Aggregated,2005-12,1.931094988222636
Brazil,Aggregated,2006-01,4.499999999999998
Brazil,Aggregated,2006-02,-4.999999999999999
Brazil,Aggregated,2006-03,2.5279235525931565
Brazil,Aggregated,2006-04,1.7763568394002505e-15
Brazil,Aggregated,2006-05,0.9582607431013965
Brazil,Aggregated,2006-06,2.0
Brazil,Aggregated,2006-07,2.6666666666666696
Brazil,Aggregated,2006-08,0.603546173741
Brazil,Aggregated,2006-09,3.1085495828712055
Brazil,Aggregated,2006-10,2.715168908238285
Brazil,Aggregated,2006-11,2.809462834350361
Brazil,Aggregated,2006-12,2.904405045916384
Brazil,Aggregated,2007-01,2.9999999999999964
Brazil,Aggregated,2007-02,4.103615490234093
Brazil,Aggregated,2007-03,5.294228634059948
Brazil,Aggregated,2007-04,-3.3
Brazil,Aggregated,2007-05,-0.450010007574706
Brazil,Aggregated,2007-06,3.4548427065290763
Brazil,Aggregated,2007-07,6.0
Brazil,Aggregated,2007-08,7.9999999999999964
Brazil,Aggregated,2007-09,4.0
Brazil,Aggregated,2007-10,4.0
Brazil,Aggregated,2007-11,4.0
Brazil,Aggregated,2007-12,6.0
Brazil,Aggregated,2008-01,5.084964680710616
Brazil,Aggregated,2008-02,4.219181692923991
Brazil,Aggregated,2008-03,3.3999999999999986
Brazil,Aggregated,2008-04,3.549226783578572
Brazil,Aggregated,2008-05,3.6999999999999993
Brazil,Aggregated,2008-06,3.849242404917497
Brazil,Aggregated,2008-07,4.0
Brazil,Aggregated,2008-08,3.3999999999999986
Brazil,Aggregated,2008-09,-0.9999999999999982
Brazil,Aggregated,2008-10,0.40175425099138273
Brazil,Aggregated,2008-11,2.0
Brazil,Aggregated,2008-12,4.0
Brazil,Aggregated,2009-01,2.3424135747622508
Brazil,Aggregated,2009-02,2.924766500838336
Brazil,Aggregated,2009-03,6.0
Brazil,Aggregated,2009-04,-1.666666666666666
Brazil,Aggregated,2009-05,1.9980122760008499
Brazil,Aggregated,2009-06,2.0
Brazil,Aggregated,2009-07,2.226607378901921
Brazil,Aggregated,2009-08,2.0351678180600548
Brazil,Aggregated,2009-09,3.5
Brazil,Aggregated,2009-10,0.4999999999999982
Brazil,Aggregated,2009-11,4.133333333333331
Brazil,Aggregated,2009-12,3.708203932499371
Brazil,Aggregated,2010-01,4.812636303048567
Brazil,Aggregated,2010-02,6.0
Brazil,Aggregated,2010-03,3.5
Brazil,Aggregated,2010-04,2.6975266236285798
Brazil,Aggregated,2010-05,3.569527010941334
Brazil,Aggregated,2010-06,1.0
Brazil,Aggregated,2010-07,2.416407864998739
Brazil,Aggregated,2010-08,4.0
Brazil,Aggregated,2010-09,3.7500000000000018
Brazil,Aggregated,2010-10,5.020299622666236
Brazil,Aggregated,2010-11,6.399999999999999
Brazil,Aggregated,2010-12,4.5797946071185365
Brazil,Aggregated,2011-01,2.9499999999999993
Brazil,Aggregated,2011-02,1.7763568394002505e-15
Brazil,Aggregated,2011-03,-0.41586717804312023
Brazil,Aggregated,2011-04,2.886081904080296
Brazil,Aggregated,2011-05,-1.9999999999999982
Brazil,Aggregated,2011-06,2.7808045249207485
Brazil,Aggregated,2011-07,1.9000000000000004
Brazil,Aggregated,2011-08,2.4147307091868218
Brazil,Aggregated,2011-09,2.9499999999999993
Brazil,Aggregated,2011-10,4.0
Brazil,Aggregated,2011-11,5.48
Brazil,Aggregated,2011-12,1.0
Brazil,Aggregated,2012-01,6.0
Brazil,Aggregated,2012-02,2.1999999999999993
Brazil,Aggregated,2012-03,2.9684827149524544
Brazil,Aggregated,2012-04,2.871313467232252
Brazil,Aggregated,2012-05,3.666666666666666
Brazil,Aggregated,2012-06,2.5058331619360956
Brazil,Aggregated,2012-07,4.499999999999998
Brazil,Aggregated,2012-08,4.592630108071695
Brazil,Aggregated,2012-09,4.68581378626736
Brazil,Aggregated,2012-10,4.779554342797326
Brazil,Aggregated,2012-11,4.873855105642271
Brazil,Aggregated,2012-12,4.96871942267131
Brazil,Aggregated,2013-01,2.8000000000000025
Brazil,Aggregated,2013-02,2.1097595646784644
Brazil,Aggregated,2013-03,1.4540431770781463
Brazil,Aggregated,2013-04,2.869146224108283
Brazil,Aggregated,2013-05,4.445041762800848
Brazil,Aggregated,2013-06,6.199999999999999
Brazil,Aggregated,2013-07,5.79090405805146
Brazil,Aggregated,2013-08,5.39153831899355
Brazil,Aggregated,2013-09,5.001671353377606
Brazil,Aggregated,2013-10,-6.550280907742601
Brazil,Aggregated,2013-11,3.5
Brazil,Aggregated,2013-12,1.0
Brazil,Aggregated,2014-01,1.3695055354827623
Brazil,Aggregated,2014-02,1.750388932694893
Brazil,Aggregated,2014-03,2.143000540210636
Brazil,Aggregated,2014-04,2.547701494582366
Brazil,Aggregated,2014-05,1.700000000000001
Brazil,Aggregated,2014-06,2.328202254812867
Brazil,Aggregated,2014-07,2.987478373637691
Brazil,Aggregated,2014-08,3.5
Brazil,Aggregated,2014-09,2.1909059582729196
Brazil,Aggregated,2014-10,1.0
Brazil,Aggregated,2014-11,5.199999999999996
Brazil,Aggregated,2014-12,3.5
Brazil,Aggregated,2015-01,-4.049999999999999
Brazil,Aggregated,2015-02,-2.256430934681191
Brazil,Aggregated,2015-03,1.7763568394002505e-15
Brazil,Aggregated,2015-04,-5.0
Brazil,Aggregated,2015-05,2.4899826989101506
Brazil,Aggregated,2015-06,3.5
Brazil,Aggregated,2015-07,5.199999999999996
Brazil,Aggregated,2015-08,6.399999999999999
Brazil,Aggregated,2015-09,2.2560019317533495
Brazil,Aggregated,2015-10,-0.9010582060546817
Brazil,Aggregated,2015-11,-1.3999999999999986
Brazil,Aggregated,2015-12,1.0
Brazil,Aggregated,2016-01,1.0
Brazil,Aggregated,2016-02,1.0
Brazil,Aggregated,2016-03,6.399999999999999
Brazil,Aggregated,2016-04,1.0
Brazil,Aggregated,2016-05,4.999999999999998
Brazil,Aggregated,2016-06,-4.650395792127202
Brazil,Aggregated,2016-07,-8.480157900210253
Brazil,Aggregated,2016-08,-10.0
Brazil,Aggregated,2016-09,6.0
Brazil,Aggregated,2016-10,3.799999999999997
Brazil,Aggregated,2016-11,3.8663686007614366
Brazil,Aggregated,2016-12,3.9330348225476808
Brazil,Aggregated,2017-01,4.0
Brazil,Aggregated,2017-02,1.2474487139158885
Brazil,Aggregated,2017-03,-0.9999999999999982
Brazil,Aggregated,2017-04,-5.353783826713826
Brazil,Aggregated,2017-05,-7.812024292452165
Brazil,Aggregated,2017-06,-9.2
Brazil,Aggregated,2017-07,-7.462178876017779
Brazil,Aggregated,2017-08,-4.046567608169545
Brazil,Aggregated,2017-09,2.6666666666666643
Brazil,Aggregated,2017-10,3.3999999999999986
Brazil,Aggregated,2017-11,4.829087149927501
Brazil,Aggregated,2017-12,6.399999999999999
Brazil,Aggregated,2018-01,4.0
Brazil,Aggregated,2018-02,2.8808677207146136
Brazil,Aggregated,2018-03,1.845232578665133
Brazil,Aggregated,2018-04,0.8868649510843056
Brazil,Aggregated,2018-05,1.7763568394002505e-15
Brazil,Aggregated,2018-06,1.1860576069539412
Brazil,Aggregated,2018-07,2.5
Brazil,Aggregated,2018-08,2.8887008567136334
Brazil,Aggregated,2018-09,3.2885934435020694
Brazil,Aggregated,2018-10,3.6999999999999993
Brazil,Aggregated,2018-11,3.6999999999999993
Brazil,Aggregated,2018-12,3.6999999999999993
Brazil,Aggregated,2019-01,3.6999999999999993
Brazil,Aggregated,2019-02,3.6999999999999993
Brazil,Aggregated,2019-03,3.6999999999999993
Brazil,CHN->Partner,2002-01,
Brazil,CHN->Partner,2002-02,
Brazil,CHN->Partner,2002-03,4.0
Brazil,CHN->Partner,2002-04,3.345287496850558
Brazil,CHN->Partner,2002-05,2.7191515578197887
Brazil,CHN->Partner,2002-06,2.1203448873193373
Brazil,CHN->Partner,2002-07,1.5476746310952763
Brazil,CHN->Partner,2002-08,1.0
Brazil,CHN->Partner,2002-09,1.2425467922961833
Brazil,CHN->Partner,2002-10,1.4899959967967966
Brazil,CHN->Partner,2002-11,1.742446702198066
Brazil,CHN->Partner,2002-12,2.0
Brazil,CHN->Partner,2003-01,1.693429383755138
Brazil,CHN->Partner,2003-02,1.394088424644492
Brazil,CHN->Partner,2003-03,1.1018066303262941
Brazil,CHN->Partner,2003-04,0.8164175290697386
Brazil,CHN->Partner,2003-05,0.5377585749394687
Brazil,CHN->Partner,2003-06,0.2656710552161172
Brazil,CHN->Partner,2003-07,1.7763568394002505e-15
Brazil,CHN->Partner,2003-08,4.0
Brazil,CHN->Partner,2003-09,4.0
Brazil,CHN->Partner,2003-10,4.0
Brazil,CHN->Partner,2003-11,7.9999999999999964
Brazil,CHN->Partner,2003-12,4.0
Brazil,CHN->Partner,2004-01,3.950000000000001
Brazil,CHN->Partner,2004-02,3.5818298241011206
Brazil,CHN->Partner,2004-03,3.2227264895682275
Brazil,CHN->Partner,2004-04,3.0999999999999996
Brazil,CHN->Partner,2004-05,0.8968648288042811
Brazil,CHN->Partner,2004-06,4.034641058145731
Brazil,CHN->Partner,2004-07,7.9999999999999964
Brazil,CHN->Partner,2004-08,7.182409081307128
Brazil,CHN->Partner,2004-09,6.399999999999999
Brazil,CHN->Partner,2004-10,2.040049862789802
Brazil,CHN->Partner,2004-11,2.782561592834929
Brazil,CHN->Partner,2004-12,1.9000000000000004
Brazil,CHN->Partner,2005-01,2.931918609492511
Brazil,CHN->Partner,2005-02,4.046384197017346
Brazil,CHN->Partner,2005-03,5.25
Brazil,CHN->Partner,2005-04,4.0
Brazil,CHN->Partner,2005-05,2.862405359308209
Brazil,CHN->Partner,2005-06,1.8110854897184687
Brazil,CHN->Partner,2005-07,2.4778250586152133
Brazil,CHN->Partner,2005-08,0.780418338783404
Brazil,CHN->Partner,2005-09,-0.7032157908864232
Brazil,CHN->Partner,2005-10,-1.9999999999999982
Brazil,CHN->Partner,2005-11,-0.21205047777828412
Brazil,CHN->Partner,2005-12,1.931094988222636
Brazil,CHN->Partner,2006-01,4.499999999999998
Brazil,CHN->Partner,2006-02,-4.999999999999999
Brazil,CHN->Partner,2006-03,2.833333333333332
Brazil,CHN->Partner,2006-04,1.7763568394002505e-15
Brazil,CHN->Partner,2006-05,1.845232578665133
Brazil,CHN->Partner,2006-06,4.0
Brazil,CHN->Partner,2006-07,4.0
Brazil,CHN->Partner,2006-08,0.6210529122161272
Brazil,CHN->Partner,2006-09,2.8187262989756388
Brazil,CHN->Partner,2006-10,2.7151689082382777
Brazil,CHN->Partner,2006-11,2.809462834350356
Brazil,CHN->Partner,2006-12,2.904405045916384
Brazil,CHN->Partner,2007-01,2.9999999999999964
Brazil,CHN->Partner,2007-02,-5.1912142664362975
Brazil,CHN->Partner,2007-03,-8.58985773582477
Brazil,CHN->Partner,2007-04,-10.0
Brazil,CHN->Partner,2007-05,-7.213602074827865
Brazil,CHN->Partner,2007-06,3.3368092477478495
Brazil,CHN->Partner,2007-07,6.0
Brazil,CHN->Partner,2007-08,7.9999999999999964
Brazil,CHN->Partner,2007-09,4.0
Brazil,CHN->Partner,2007-10,4.0
Brazil,CHN->Partner,2007-11,4.0
Brazil,CHN->Partner,2007-12,6.0
Brazil,CHN->Partner,2008-01,5.579727522511039
Brazil,CHN->Partner,2008-02,5.169844983571178
Brazil,CHN->Partner,2008-03,4.770095524050115
Brazil,CHN->Partner,2008-04,4.38022863486599
Brazil,CHN->Partner,2008-05,4.0
Brazil,CHN->Partner,2008-06,4.0
Brazil,CHN->Partner,2008-07,4.0
Brazil,CHN->Partner,2008-08,3.3999999999999986
Brazil,CHN->Partner,2008-09,-0.9999999999999982
Brazil,CHN->Partner,2008-10,0.40175425099138273
Brazil,CHN->Partner,2008-11,2.0
Brazil,CHN->Partner,2008-12,4.0
Brazil,CHN->Partner,2009-01,1.9000000000000004
Brazil,CHN->Partner,2009-02,2.924766500838336
Brazil,CHN->Partner,2009-03,6.0
Brazil,CHN->Partner,2009-04,-3.0000000000000018
Brazil,CHN->Partner,2009-05,2.9328198720572303
Brazil,CHN->Partner,2009-06,4.0
Brazil,CHN->Partner,2009-07,2.4872541312062246
Brazil,CHN->Partner,2009-08,1.6902514691557116
Brazil,CHN->Partner,2009-09,3.5
Brazil,CHN->Partner,2009-10,0.4999999999999982
Brazil,CHN->Partner,2009-11,5.350000000000005
Brazil,CHN->Partner,2009-12,4.499999999999998
Brazil,CHN->Partner,2010-01,5.232683080747925
Brazil,CHN->Partner,2010-02,6.0
Brazil,CHN->Partner,2010-03,3.5
Brazil,CHN->Partner,2010-04,3.2249999999999996
Brazil,CHN->Partner,2010-05,3.7343597113356566
Brazil,CHN->Partner,2010-06,3.8223796151724496
Brazil,CHN->Partner,2010-07,3.910925331031164
Brazil,CHN->Partner,2010-08,4.0
Brazil,CHN->Partner,2010-09,3.7500000000000018
Brazil,CHN->Partner,2010-10,3.545798501823196
Brazil,CHN->Partner,2010-11,3.3444240037723336
Brazil,CHN->Partner,2010-12,3.1458373683788725
Brazil,CHN->Partner,2011-01,2.9499999999999993
Brazil,CHN->Partner,2011-02,1.7763568394002505e-15
Brazil,CHN->Partner,2011-03,-0.41586717804312023
Brazil,CHN->Partner,2011-04,3.31611846824109
Brazil,CHN->Partner,2011-05,2.9705552902173604
Brazil,CHN->Partner,2011-06,2.633333333333331
Brazil,CHN->Partner,2011-07,1.9000000000000004
Brazil,CHN->Partner,2011-08,2.4147307091868218
Brazil,CHN->Partner,2011-09,2.9499999999999993
Brazil,CHN->Partner,2011-10,4.0
Brazil,CHN->Partner,2011-11,5.48
Brazil,CHN->Partner,2011-12,1.0
Brazil,CHN->Partner,2012-01,6.0
Brazil,CHN->Partner,2012-02,2.1999999999999993
Brazil,CHN->Partner,2012-03,2.8799999999999972
Brazil,CHN->Partner,2012-04,2.574628703771559
Brazil,CHN->Partner,2012-05,3.666666666666666
Brazil,CHN->Partner,2012-06,2.5058331619360956
Brazil,CHN->Partner,2012-07,4.499999999999998
Brazil,CHN->Partner,2012-08,4.202777153517751
Brazil,CHN->Partner,2012-09,3.911253753517512
Brazil,CHN->Partner,2012-10,3.625320509308507
Brazil,CHN->Partner,2012-11,3.344870225921934
Brazil,CHN->Partner,2012-12,3.069797763924072
Brazil,CHN->Partner,2013-01,2.8000000000000025
Brazil,CHN->Partner,2013-02,2.2531250822867577
Brazil,CHN->Partner,2013-03,1.7279220613578534
Brazil,CHN->Partner,2013-04,3.0717405932610085
Brazil,CHN->Partner,2013-05,4.557439963055922
Brazil,CHN->Partner,2013-06,6.199999999999999
Brazil,CHN->Partner,2013-07,5.735839489516096
Brazil,CHN->Partner,2013-08,5.284204849932937
Brazil,CHN->Partner,2013-09,4.844758057144022
Brazil,CHN->Partner,2013-10,-6.550280907742601
Brazil,CHN->Partner,2013-11,3.5
Brazil,CHN->Partner,2013-12,1.0
Brazil,CHN->Partner,2014-01,1.4379734705456464
Brazil,CHN->Partner,2014-02,1.8919320044997718
Brazil,CHN->Partner,2014-03,2.3624590213372034
Brazil,CHN->Partner,2014-04,2.8501592340537893
Brazil,CHN->Partner,2014-05,1.7763568394002505e-15
Brazil,CHN->Partner,2014-06,1.1295094707082054
Brazil,CHN->Partner,2014-07,2.3749999999999964
Brazil,CHN->Partner,2014-08,3.5
Brazil,CHN->Partner,2014-09,3.5
Brazil,CHN->Partner,2014-10,3.5
Brazil,CHN->Partner,2014-11,3.5
Brazil,CHN->Partner,2014-12,3.5
Brazil,CHN->Partner,2015-01,-4.049999999999999
Brazil,CHN->Partner,2015-02,-2.256430934681191
Brazil,CHN->Partner,2015-03,1.7763568394002505e-15
Brazil,CHN->Partner,2015-04,-5.0
Brazil,CHN->Partner,2015-05,3.666666666666666
Brazil,CHN->Partner,2015-06,1.0
Brazil,CHN->Partner,2015-07,5.199999999999996
Brazil,CHN->Partner,2015-08,0.6339473261721729
Brazil,CHN->Partner,2015-09,-2.6451400994970005
Brazil,CHN->Partner,2015-10,-5.0
Brazil,CHN->Partner,2015-11,6.399999999999999
Brazil,CHN->Partner,2015-12,4.373045557633139
Brazil,CHN->Partner,2016-01,2.582214351555411
Brazil,CHN->Partner,2016-02,1.0
Brazil,CHN->Partner,2016-03,6.399999999999999
Brazil,CHN->Partner,2016-04,1.0
Brazil,CHN->Partner,2016-05,4.999999999999998
Brazil,CHN->Partner,2016-06,5.244345478951448
Brazil,CHN->Partner,2016-07,5.492422502470639
Brazil,CHN->Partner,2016-08,5.744288057185379
Brazil,CHN->Partner,2016-09,6.0
Brazil,CHN->Partner,2016-10,4.0
Brazil,CHN->Partner,2016-11,4.0
Brazil,CHN->Partner,2016-12,4.0
Brazil,CHN->Partner,2017-01,4.0
Brazil,CHN->Partner,2017-02,-0.39339828220178674
Brazil,CHN->Partner,2017-03,-3.500000000000001
Brazil,CHN->Partner,2017-04,-2.7111397056471915
Brazil,CHN->Partner,2017-05,-1.8393060027601909
Brazil,CHN->Partner,2017-06,-0.8757716343417048
Brazil,CHN->Partner,2017-07,0.18910860147539665
Brazil,CHN->Partner,2017-08,1.3659944021294539
Brazil,CHN->Partner,2017-09,2.6666666666666643
Brazil,CHN->Partner,2017-10,3.3999999999999986
Brazil,CHN->Partner,2017-11,4.829087149927501
Brazil,CHN->Partner,2017-12,6.399999999999999
Brazil,CHN->Partner,2018-01,4.875153587515179
Brazil,CHN->Partner,2018-02,3.483936863631966
Brazil,CHN->Partner,2018-03,2.2146392104615167
Brazil,CHN->Partner,2018-04,1.0565762683722433
Brazil,CHN->Partner,2018-05,1.7763568394002505e-15
Brazil,CHN->Partner,2018-06,1.845232578665133
Brazil,CHN->Partner,2018-07,4.0
Brazil,CHN->Partner,2018-08,3.8993258256890275
Brazil,CHN->Partner,2018-09,3.7993273373362744
Brazil,CHN->Partner,2018-10,3.6999999999999993
Brazil,CHN->Partner,2018-11,3.6999999999999993
Brazil,CHN->Partner,2018-12,3.6999999999999993
Brazil,CHN->Partner,2019-01,3.6999999999999993
Brazil,CHN->Partner,2019-02,3.6999999999999993
Brazil,CHN->Partner,2019-03,3.6999999999999993
Brazil,Partner->CHN,2002-01,
Brazil,Partner->CHN,2002-02,
Brazil,Partner->CHN,2002-03,4.0
Brazil,Partner->CHN,2002-04,0.929060931505763
Brazil,Partner->CHN,2002-05,-1.5131670194948619
Brazil,Partner->CHN,2002-06,-3.4553994219023894
Brazil,Partner->CHN,2002-07,-5.0
Brazil,Partner->CHN,2002-08,-3.793253396111412
Brazil,Partner->CHN,2002-09,-2.3438005645567177
Brazil,Partner->CHN,2002-10,-0.6028273526728061
Brazil,Partner->CHN,2002-11,1.4882981110280937
Brazil,Partner->CHN,2002-12,4.0
Brazil,Partner->CHN,2003-01,3.4295882065538965
Brazil,Partner->CHN,2003-02,2.8808677207146136
Brazil,Partner->CHN,2003-03,2.353013677303883
Brazil,Partner->CHN,2003-04,1.845232578665133
Brazil,Partner->CHN,2003-05,2.353013677303883
Brazil,Partner->CHN,2003-06,2.8808677207146136
Brazil,Partner->CHN,2003-07,3.4295882065538965
Brazil,Partner->CHN,2003-08,4.0
Brazil,Partner->CHN,2003-09,4.999999999999998
Brazil,Partner->CHN,2003-10,4.0
Brazil,Partner->CHN,2003-11,4.999999999999998
Brazil,Partner->CHN,2003-12,4.0
Brazil,Partner->CHN,2004-01,3.950000000000001
Brazil,Partner->CHN,2004-02,3.6202570690848948
Brazil,Partner->CHN,2004-03,3.297787074657318
Brazil,Partner->CHN,2004-04,1.0
Brazil,Partner->CHN,2004-05,1.2133928945095107
Brazil,Partner->CHN,2004-06,4.233334007881556
Brazil,Partner->CHN,2004-07,7.9999999999999964
Brazil,Partner->CHN,2004-08,0.9500000000000011
Brazil,Partner->CHN,2004-09,1.598562853806257
Brazil,Partner->CHN,2004-10,2.2823251867202377
Brazil,Partner->CHN,2004-11,4.637693456277981
Brazil,Partner->CHN,2004-12,2.350000000000003
Brazil,Partner->CHN,2005-01,6.0
Brazil,Partner->CHN,2005-02,6.399999999999999
Brazil,Partner->CHN,2005-03,6.9999999999999964
Brazil,Partner->CHN,2005-04,4.0
Brazil,Partner->CHN,2005-05,3.798648586948744
Brazil,Partner->CHN,2005-06,3.6000000000000014
Brazil,Partner->CHN,2005-07,3.732133879044774
Brazil,Partner->CHN,2005-08,3.865463604801281
Brazil,Partner->CHN,2005-09,4.0
Brazil,Partner->CHN,2005-10,4.123467202650774
Brazil,Partner->CHN,2005-11,4.247950681976903
Brazil,Partner->CHN,2005-12,4.373458803100945
Brazil,Partner->CHN,2006-01,4.499999999999998
Brazil,Partner->CHN,2006-02,3.5666891135780503
Brazil,Partner->CHN,2006-03,2.6895762407505277
Brazil,Partner->CHN,2006-04,2.4557462112888544
Brazil,Partner->CHN,2006-05,2.22591020484999
Brazil,Partner->CHN,2006-06,2.0
Brazil,Partner->CHN,2006-07,2.6666666666666696
Brazil,Partner->CHN,2006-08,3.545469716585993
Brazil,Partner->CHN,2006-09,3.4853546206637027
Brazil,Partner->CHN,2006-10,4.999999999999998
Brazil,Partner->CHN,2006-11,5.058417589644723
Brazil,Partner->CHN,2006-12,5.117048467713193
Brazil,Partner->CHN,2007-01,5.175893412942642
Brazil,Partner->CHN,2007-02,5.234953206913524
Brazil,Partner->CHN,2007-03,5.294228634059948
Brazil,Partner->CHN,2007-04,3.3999999999999986
Brazil,Partner->CHN,2007-05,3.987995196156154
Brazil,Partner->CHN,2007-06,4.599999999999998
Brazil,Partner->CHN,2007-07,6.2162713733258705
Brazil,Partner->CHN,2007-08,7.9999999999999964
Brazil,Partner->CHN,2007-09,4.0
Brazil,Partner->CHN,2007-10,4.0
Brazil,Partner->CHN,2007-11,4.0
Brazil,Partner->CHN,2007-12,3.847696011519295
Brazil,Partner->CHN,2008-01,3.696938456699071
Brazil,Partner->CHN,2008-02,3.547711633671689
Brazil,Partner->CHN,2008-03,3.3999999999999986
Brazil,Partner->CHN,2008-04,3.549226783578572
Brazil,Partner->CHN,2008-05,3.6999999999999993
Brazil,Partner->CHN,2008-06,3.849242404917497
Brazil,Partner->CHN,2008-07,4.0
Brazil,Partner->CHN,2008-08,1.845232578665133
Brazil,Partner->CHN,2008-09,1.7763568394002505e-15
Brazil,Partner->CHN,2008-10,1.845232578665133
Brazil,Partner->CHN,2008-11,4.0
Brazil,Partner->CHN,2008-12,4.0
Brazil,Partner->CHN,2009-01,2.8000000000000025
Brazil,Partner->CHN,2009-02,2.924766500838336
Brazil,Partner->CHN,2009-03,2.710738410505739
Brazil,Partner->CHN,2009-04,2.5
Brazil,Partner->CHN,2009-05,1.573664882556514
Brazil,Partner->CHN,2009-06,2.0
Brazil,Partner->CHN,2009-07,2.3955439069136393
Brazil,Partner->CHN,2009-08,2.650000000000002
Brazil,Partner->CHN,2009-09,3.5
Brazil,Partner->CHN,2009-10,1.0
Brazil,Partner->CHN,2009-11,4.279999999999998
Brazil,Partner->CHN,2009-12,2.9999999999999964
Brazil,Partner->CHN,2010-01,4.4272486205415085
Brazil,Partner->CHN,2010-02,6.0
Brazil,Partner->CHN,2010-03,3.5
Brazil,Partner->CHN,2010-04,2.278114791757824
Brazil,Partner->CHN,2010-05,3.25
Brazil,Partner->CHN,2010-06,1.0
Brazil,Partner->CHN,2010-07,2.416407864998739
Brazil,Partner->CHN,2010-08,4.0
Brazil,Partner->CHN,2010-09,3.7500000000000018
Brazil,Partner->CHN,2010-10,5.020299622666236
Brazil,Partner->CHN,2010-11,6.399999999999999
Brazil,Partner->CHN,2010-12,3.9819891870205293
Brazil,Partner->CHN,2011-01,1.9000000000000004
Brazil,Partner->CHN,2011-02,1.7763568394002505e-15
Brazil,Partner->CHN,2011-03,1.7763568394002505e-15
Brazil,Partner->CHN,2011-04,2.5721406843822123
Brazil,Partner->CHN,2011-05,-1.9999999999999982
Brazil,Partner->CHN,2011-06,2.8000000000000025
Brazil,Partner->CHN,2011-07,1.9000000000000004
Brazil,Partner->CHN,2011-08,2.910427743243556
Brazil,Partner->CHN,2011-09,4.0
Brazil,Partner->CHN,2011-10,4.0
Brazil,Partner->CHN,2011-11,4.6999999999999975
Brazil,Partner->CHN,2011-12,4.0
Brazil,Partner->CHN,2012-01,6.0
Brazil,Partner->CHN,2012-02,2.933333333333332
Brazil,Partner->CHN,2012-03,3.060000000000004
Brazil,Partner->CHN,2012-04,3.5
Brazil,Partner->CHN,2012-05,3.25
Brazil,Partner->CHN,2012-06,4.499999999999998
Brazil,Partner->CHN,2012-07,4.577153403410682
Brazil,Partner->CHN,2012-08,4.6546908486057355
Brazil,Partner->CHN,2012-09,4.732614247206511
Brazil,Partner->CHN,2012-10,4.810925520349697
Brazil,Partner->CHN,2012-11,4.88962659873471
Brazil,Partner->CHN,2012-12,4.96871942267131
Brazil,Partner->CHN,2013-01,6.0
Brazil,Partner->CHN,2013-02,3.3931573783592395
Brazil,Partner->CHN,2013-03,1.1860576069539412
Brazil,Partner->CHN,2013-04,2.7222470515436985
Brazil,Partner->CHN,2013-05,4.452090431293115
Brazil,Partner->CHN,2013-06,6.399999999999999
Brazil,Partner->CHN,2013-07,5.990435219306246
Brazil,Partner->CHN,2013-08,5.590510858703571
Brazil,Partner->CHN,2013-09,5.199999999999996
Brazil,Partner->CHN,2013-10,4.97748518791497
Brazil,Partner->CHN,2013-11,4.758026724076688
Brazil,Partner->CHN,2013-12,4.541582628068122
Brazil,Partner->CHN,2014-01,4.328111496093518
Brazil,Partner->CHN,2014-02,4.117572493058235
Brazil,Partner->CHN,2014-03,3.909925344757333
Brazil,Partner->CHN,2014-04,3.705130330171503
Brazil,Partner->CHN,2014-05,3.3999999999999986
Brazil,Partner->CHN,2014-06,4.155197128378102
Brazil,Partner->CHN,2014-07,4.949999999999999
Brazil,Partner->CHN,2014-08,3.5
Brazil,Partner->CHN,2014-09,2.1909059582729196
Brazil,Partner->CHN,2014-10,1.0
Brazil,Partner->CHN,2014-11,5.199999999999996
Brazil,Partner->CHN,2014-12,3.5
Brazil,Partner->CHN,2015-01,1.9000000000000004
Brazil,Partner->CHN,2015-02,-1.005135970701243
Brazil,Partner->CHN,2015-03,-3.2560227159558046
Brazil,Partner->CHN,2015-04,-5.0
Brazil,Partner->CHN,2015-05,2.8624783736376855
Brazil,Partner->CHN,2015-06,6.0
Brazil,Partner->CHN,2015-07,5.199999999999996
Brazil,Partner->CHN,2015-08,6.399999999999999
Brazil,Partner->CHN,2015-09,4.910479709087399
Brazil,Partner->CHN,2015-10,3.548469228349534
Brazil,Partner->CHN,2015-11,-9.2
Brazil,Partner->CHN,2015-12,1.0
Brazil,Partner->CHN,2016-01,1.0
Brazil,Partner->CHN,2016-02,1.0
Brazil,Partner->CHN,2016-03,1.0
Brazil,Partner->CHN,2016-04,1.0
Brazil,Partner->CHN,2016-05,-4.552580409058748
Brazil,Partner->CHN,2016-06,-7.535898384862245
Brazil,Partner->CHN,2016-07,-9.138790281795801
Brazil,Partner->CHN,2016-08,-10.0
Brazil,Partner->CHN,2016-09,6.0
Brazil,Partner->CHN,2016-10,3.799999999999997
Brazil,Partner->CHN,2016-11,3.839785520473315
Brazil,Partner->CHN,2016-12,3.8796779928141483
Brazil,Partner->CHN,2017-01,3.919677704531681
Brazil,Partner->CHN,2017-02,3.9597849439079535
Brazil,Partner->CHN,2017-03,4.0
Brazil,Partner->CHN,2017-04,-3.6013637770085873
Brazil,Partner->CHN,2017-05,-7.350678802655958
Brazil,Partner->CHN,2017-06,-9.2
Brazil,Partner->CHN,2017-07,-7.462178876017779
Brazil,Partner->CHN,2017-08,-4.046567608169545
Brazil,Partner->CHN,2017-09,2.6666666666666643
Brazil,Partner->CHN,2017-10,3.3999999999999986
Brazil,Partner->CHN,2017-11,3.5972847893761593
Brazil,Partner->CHN,2017-12,3.79727244598282
Brazil,Partner->CHN,2018-01,4.0
Brazil,Partner->CHN,2018-02,2.775788532526679
Brazil,Partner->CHN,2018-03,1.6514899795262412
Brazil,Partner->CHN,2018-04,0.618950038622252
Brazil,Partner->CHN,2018-05,-0.3293200865298118
Brazil,Partner->CHN,2018-06,-1.20019800091697
Brazil,Partner->CHN,2018-07,-1.9999999999999982
Brazil,Partner->CHN,2018-08,-0.3293200865298118
Brazil,Partner->CHN,2018-09,1.6514899795262412
Brazil,Partner->CHN,2018-10,4.0
Brazil,Partner->CHN,2018-11,4.0
Brazil,Partner->CHN,2018-12,4.0
Brazil,Partner->CHN,2019-01,4.0
Brazil,Partner->CHN,2019-02,4.0
Brazil,Partner->CHN,2019-03,4.0
Canada,Aggregated,2002-01,1.0
Canada,Aggregated,2002-02,6.0
Canada,Aggregated,2002-03,4.149999999999997
Canada,Aggregated,2002-04,2.4833230325465383
Canada,Aggregated,2002-05,1.0
Canada,Aggregated,2002-06,2.585603393690562
Canada,Aggregated,2002-07,1.0
Canada,Aggregated,2002-08,4.0
Canada,Aggregated,2002-09,3.146950329361932
Canada,Aggregated,2002-10,2.3424135747622508
Canada,Aggregated,2002-11,2.466666666666665
Canada,Aggregated,2002-12,1.776327049468108
Canada,Aggregated,2003-01,1.1213762035869212
Canada,Aggregated,2003-02,0.4999999999999982
Canada,Aggregated,2003-03,0.7473401244707283
Canada,Aggregated,2003-04,1.0
Canada,Aggregated,2003-05,-6.5
Canada,Aggregated,2003-06,3.240000000000002
Canada,Aggregated,2003-07,2.450354831874746
Canada,Aggregated,2003-08,1.70449754939159
Canada,Aggregated,2003-09,1.0
Canada,Aggregated,2003-10,2.5038800320651102
Canada,Aggregated,2003-11,1.9000000000000004
Canada,Aggregated,2003-12,0.4393741107878224
Canada,Aggregated,2004-01,1.147753949976222
Canada,Aggregated,2004-02,1.9000000000000004
Canada,Aggregated,2004-03,4.067846561469889
Canada,Aggregated,2004-04,6.599999999999998
Canada,Aggregated,2004-05,6.225417621142999
Canada,Aggregated,2004-06,5.858807512658164
Canada,Aggregated,2004-07,5.5
Canada,Aggregated,2004-08,4.732132722552272
Canada,Aggregated,2004-09,4.0
Canada,Aggregated,2004-10,1.0
Canada,Aggregated,2004-11,-2.3499999999999996
Canada,Aggregated,2004-12,-1.636038969321076
Canada,Aggregated,2005-01,3.355345194581849
Canada,Aggregated,2005-02,2.1999999999999993
Canada,Aggregated,2005-03,2.1999999999999993
Canada,Aggregated,2005-04,1.8754173993564596
Canada,Aggregated,2005-05,1.558816152094776
Canada,Aggregated,2005-06,1.2500000000000018
Canada,Aggregated,2005-07,2.567910117762546
Canada,Aggregated,2005-08,4.027606935810885
Canada,Aggregated,2005-09,2.940547554389381
Canada,Aggregated,2005-10,4.906126964657576
Canada,Aggregated,2005-11,1.0
Canada,Aggregated,2005-12,2.266499161421603
Canada,Aggregated,2006-01,3.666666666666666
Canada,Aggregated,2006-02,3.8323969741913224
Canada,Aggregated,2006-03,4.0
Canada,Aggregated,2006-04,-1.9999999999999982
Canada,Aggregated,2006-05,0.22497216032182443
Canada,Aggregated,2006-06,2.9999999999999964
Canada,Aggregated,2006-07,-0.1301678940168891
Canada,Aggregated,2006-08,-2.5604821419813426
Canada,Aggregated,2006-09,3.3499999999999996
Canada,Aggregated,2006-10,-2.8999999999999986
Canada,Aggregated,2006-11,4.999999999999998
Canada,Aggregated,2006-12,3.3088693800637685
Canada,Aggregated,2007-01,1.799999999999999
Canada,Aggregated,2007-02,3.2249999999999996
Canada,Aggregated,2007-03,1.0
Canada,Aggregated,2007-04,2.0260391215104114
Canada,Aggregated,2007-05,-0.1999999999999993
Canada,Aggregated,2007-06,1.7279220613578534
Canada,Aggregated,2007-07,4.0
Canada,Aggregated,2007-08,3.747881203752627
Canada,Aggregated,2007-09,3.5
Canada,Aggregated,2007-10,-4.000000000000001
Canada,Aggregated,2007-11,0.9321363989421005
Canada,Aggregated,2007-12,0.45659200584375803
Canada,Aggregated,2008-01,1.7763568394002505e-15
Canada,Aggregated,2008-02,1.7763568394002505e-15
Canada,Aggregated,2008-03,1.7763568394002505e-15
Canada,Aggregated,2008-04,-2.7500000000000018
Canada,Aggregated,2008-05,-3.552713678800501e-15
Canada,Aggregated,2008-06,1.8484692283495345
Canada,Aggregated,2008-07,-6.190920606703485
Canada,Aggregated,2008-08,-9.2
Canada,Aggregated,2008-09,-6.550280907742601
Canada,Aggregated,2008-10,4.0
Canada,Aggregated,2008-11,2.466666666666665
Canada,Aggregated,2008-12,1.588412590167808
Canada,Aggregated,2009-01,0.76743551041797
Canada,Aggregated,2009-02,1.7763568394002505e-15
Canada,Aggregated,2009-03,-3.6117832088531747
Canada,Aggregated,2009-04,-0.6051613494714427
Canada,Aggregated,2009-05,3.6249999999999982
Canada,Aggregated,2009-06,2.5
Canada,Aggregated,2009-07,-1.666666666666666
Canada,Aggregated,2009-08,2.4000000000000004
Canada,Aggregated,2009-09,3.25
Canada,Aggregated,2009-10,3.717336715588182
Canada,Aggregated,2009-11,4.1999999999999975
Canada,Aggregated,2009-12,0.13814560077841698
Canada,Aggregated,2010-01,-2.068820422135955
Canada,Aggregated,2010-02,-3.8384875264621128
Canada,Aggregated,2010-03,1.9000000000000004
Canada,Aggregated,2010-04,4.0
Canada,Aggregated,2010-05,1.087183294713455
Canada,Aggregated,2010-06,-1.2599999999999998
Canada,Aggregated,2010-07,6.0
Canada,Aggregated,2010-08,4.537052487521564
Canada,Aggregated,2010-09,3.1999999999999993
Canada,Aggregated,2010-10,0.40000000000000036
Canada,Aggregated,2010-11,3.6999999999999993
Canada,Aggregated,2010-12,-9.2
Canada,Aggregated,2011-01,2.966666666666667
Canada,Aggregated,2011-02,1.7763568394002505e-15
Canada,Aggregated,2011-03,1.0
Canada,Aggregated,2011-04,1.926608140191302
Canada,Aggregated,2011-05,2.924766500838336
Canada,Aggregated,2011-06,4.0
Canada,Aggregated,2011-07,4.12579667541536
Canada,Aggregated,2011-08,1.7763568394002505e-15
Canada,Aggregated,2011-09,2.0915564305443954
Canada,Aggregated,2011-10,4.580804524920753
Canada,Aggregated,2011-11,5.700000000000003
Canada,Aggregated,2011-12,2.0
Canada,Aggregated,2012-01,2.394390763570815
Canada,Aggregated,2012-02,2.8007464559408586
Canada,Aggregated,2012-03,3.6571354578857846
Canada,Aggregated,2012-04,4.566666666666668
Canada,Aggregated,2012-05,3.73753020764903
Canada,Aggregated,2012-06,2.952556528139244
Canada,Aggregated,2012-07,-3.327491694549339
Canada,Aggregated,2012-08,4.0
Canada,Aggregated,2012-09,2.5
Canada,Aggregated,2012-10,4.999999999999998
Canada,Aggregated,2012-11,-9.2
Canada,Aggregated,2012-12,4.872983346207414
Canada,Aggregated,2013-01,4.915209797351791
Canada,Aggregated,2013-02,4.9575485823364716
Canada,Aggregated,2013-03,4.999999999999998
Canada,Aggregated,2013-04,6.0
Canada,Aggregated,2013-05,1.0
Canada,Aggregated,2013-06,0.4999999999999982
Canada,Aggregated,2013-07,1.799999999999999
Canada,Aggregated,2013-08,1.1694478744364538
Canada,Aggregated,2013-09,0.5699579350488992
Canada,Aggregated,2013-10,1.7763568394002505e-15
Canada,Aggregated,2013-11,0.5598866861502785
Canada,Aggregated,2013-12,1.1482709269667737
Canada,Aggregated,2014-01,1.7666032134899776
Canada,Aggregated,2014-02,2.416407864998739
Canada,Aggregated,2014-03,3.186124135047635
Canada,Aggregated,2014-04,4.0
Canada,Aggregated,2014-05,1.7763568394002505e-15
Canada,Aggregated,2014-06,1.0
Canada,Aggregated,2014-07,-2.5147186257614305
Canada,Aggregated,2014-08,-5.0
Canada,Aggregated,2014-09,6.0
Canada,Aggregated,2014-10,2.5
Canada,Aggregated,2014-11,0.47229023813400417
Canada,Aggregated,2014-12,-1.5500000000000007
Canada,Aggregated,2015-01,4.0
Canada,Aggregated,2015-02,0.4999999999999982
Canada,Aggregated,2015-03,-2.693376137081927
Canada,Aggregated,2015-04,-5.0
Canada,Aggregated,2015-05,-6.807037287370524
Canada,Aggregated,2015-06,-8.069843948416478
Canada,Aggregated,2015-07,-8.952327488920782
Canada,Aggregated,2015-08,-9.569030918894745
Canada,Aggregated,2015-09,-10.0
Canada,Aggregated,2015-10,-10.0
Canada,Aggregated,2015-11,-8.810240430056055
Canada,Aggregated,2015-12,-6.204953025838911
Canada,Aggregated,2016-01,-0.5
Canada,Aggregated,2016-02,1.5499003980111326
Canada,Aggregated,2016-03,3.999999999999993
Canada,Aggregated,2016-04,1.7763568394002505e-15
Canada,Aggregated,2016-05,-1.9999999999999982
Canada,Aggregated,2016-06,0.4999999999999982
Canada,Aggregated,2016-07,-0.8265050253120947
Canada,Aggregated,2016-08,-1.9999999999999982
Canada,Aggregated,2016-09,0.9906159465295694
Canada,Aggregated,2016-10,4.0
Canada,Aggregated,2016-11,3.3999999999999986
Canada,Aggregated,2016-12,-3.41053361559589
Canada,Aggregated,2017-01,-7.0
Canada,Aggregated,2017-02,2.6666666666666696
Canada,Aggregated,2017-03,2.3500542346190354
Canada,Aggregated,2017-04,2.0407766878489877
Canada,Aggregated,2017-05,1.7386641008053303
Canada,Aggregated,2017-06,0.09999999999999964
Canada,Aggregated,2017-07,-6.289518368117243
Canada,Aggregated,2017-08,-5.021185938546596
Canada,Aggregated,2017-09,-3.4113455109376227
Canada,Aggregated,2017-10,-1.3680435011943786
Canada,Aggregated,2017-11,1.2254328654178437
Canada,Aggregated,2017-12,1.7717180293371495
Canada,Aggregated,2018-01,2.3424135747622508
Canada,Aggregated,2018-02,1.1147244839651549
Canada,Aggregated,2018-03,1.7763568394002505e-15
Canada,Aggregated,2018-04,-2.7682417365946748
Canada,Aggregated,2018-05,-4.839832353896192
Canada,Aggregated,2018-06,0.4999999999999982
Canada,Aggregated,2018-07,4.962858704790245
Canada,Aggregated,2018-08,2.2510922475353947
Canada,Aggregated,2018-09,1.7763568394002505e-15
Canada,Aggregated,2018-10,1.0
Canada,Aggregated,2018-11,-0.9864748419845153
Canada,Aggregated,2018-12,-2.644109492482583
Canada,Aggregated,2019-01,-0.2958365434020074
Canada,Aggregated,2019-02,-1.1848346366766727
Canada,Aggregated,2019-03,-1.9999999999999982
Canada,CHN->Partner,2002-01,1.0
Canada,CHN->Partner,2002-02,6.0
Canada,CHN->Partner,2002-03,4.13653128782752
Canada,CHN->Partner,2002-04,2.477328201610664
Canada,CHN->Partner,2002-05,1.0
Canada,CHN->Partner,2002-06,2.9499999999999993
Canada,CHN->Partner,2002-07,2.679747563210224
Canada,CHN->Partner,2002-08,2.4147307091868218
Canada,CHN->Partner,2002-09,2.1548480093275924
Canada,CHN->Partner,2002-10,1.9000000000000004
Canada,CHN->Partner,2002-11,6.399999999999999
Canada,CHN->Partner,2002-12,4.1564949441407055
Canada,CHN->Partner,2003-01,2.202260861595569
Canada,CHN->Partner,2003-02,0.4999999999999982
Canada,CHN->Partner,2003-03,-2.5885784621524586
Canada,CHN->Partner,2003-04,-4.847651105446478
Canada,CHN->Partner,2003-05,-6.5
Canada,CHN->Partner,2003-06,5.700000000000003
Canada,CHN->Partner,2003-07,3.9579265430627792
Canada,CHN->Partner,2003-08,2.3975788303989223
Canada,CHN->Partner,2003-09,1.0
Canada,CHN->Partner,2003-10,2.9652073283589395
Canada,CHN->Partner,2003-11,1.9000000000000004
Canada,CHN->Partner,2003-12,2.2524988143837614
Canada,CHN->Partner,2004-01,3.226612335952076
Canada,CHN->Partner,2004-02,4.2723272336980145
Canada,CHN->Partner,2004-03,5.394906505164496
Canada,CHN->Partner,2004-04,6.599999999999998
Canada,CHN->Partner,2004-05,4.901633169746903
Canada,CHN->Partner,2004-06,3.3671555377951616
Canada,CHN->Partner,2004-07,1.9807521053816188
Canada,CHN->Partner,2004-08,0.7281339913180869
Canada,CHN->Partner,2004-09,-0.40360883547842263
Canada,CHN->Partner,2004-10,-1.426140612422195
Canada,CHN->Partner,2004-11,-2.3499999999999996
Canada,CHN->Partner,2004-12,-5.0
Canada,CHN->Partner,2005-01,3.195843550079063
Canada,CHN->Partner,2005-02,1.0
Canada,CHN->Partner,2005-03,2.1999999999999993
Canada,CHN->Partner,2005-04,1.8754173993564596
Canada,CHN->Partner,2005-05,1.558816152094776
Canada,CHN->Partner,2005-06,1.2500000000000018
Canada,CHN->Partner,2005-07,2.567910117762546
Canada,CHN->Partner,2005-08,4.027606935810885
Canada,CHN->Partner,2005-09,2.697110754684802
Canada,CHN->Partner,2005-10,4.794026476579345
Canada,CHN->Partner,2005-11,1.0
Canada,CHN->Partner,2005-12,3.2828568570857044
Canada,CHN->Partner,2006-01,6.0
Canada,CHN->Partner,2006-02,5.2340130520579
Canada,CHN->Partner,2006-03,4.5025399867286
Canada,CHN->Partner,2006-04,3.804025675564789
Canada,CHN->Partner,2006-05,3.1369850611834718
Canada,CHN->Partner,2006-06,2.5
Canada,CHN->Partner,2006-07,-0.0387044561329315
Canada,CHN->Partner,2006-08,-2.0999999999999996
Canada,CHN->Partner,2006-09,3.3499999999999996
Canada,CHN->Partner,2006-10,3.3999999999999986
Canada,CHN->Partner,2006-11,4.0
Canada,CHN->Partner,2006-12,4.9633040700956474
Canada,CHN->Partner,2007-01,6.399999999999999
Canada,CHN->Partner,2007-02,3.9666666666666686
Canada,CHN->Partner,2007-03,1.0
Canada,CHN->Partner,2007-04,2.1685473690904598
Canada,CHN->Partner,2007-05,-0.1999999999999993
Canada,CHN->Partner,2007-06,1.7279220613578534
Canada,CHN->Partner,2007-07,4.0
Canada,CHN->Partner,2007-08,3.569302504625048
Canada,CHN->Partner,2007-09,3.1509716980849074
Canada,CHN->Partner,2007-10,2.744652493585768
Canada,CHN->Partner,2007-11,2.350000000000003
Canada,CHN->Partner,2007-12,3.1815329911241843
Canada,CHN->Partner,2008-01,4.0648597736587035
Canada,CHN->Partner,2008-02,5.0032064334682005
Canada,CHN->Partner,2008-03,6.0
Canada,CHN->Partner,2008-04,-2.7500000000000018
Canada,CHN->Partner,2008-05,0.01134606974857455
Canada,CHN->Partner,2008-06,3.696938456699071
Canada,CHN->Partner,2008-07,-3.7013576053119177
Canada,CHN->Partner,2008-08,-7.375423292239692
Canada,CHN->Partner,2008-09,-9.2
Canada,CHN->Partner,2008-10,4.0
Canada,CHN->Partner,2008-11,4.0
Canada,CHN->Partner,2008-12,2.526696144976201
Canada,CHN->Partner,2009-01,1.1981005732342727
Canada,CHN->Partner,2009-02,1.7763568394002505e-15
Canada,CHN->Partner,2009-03,-3.666666666666666
Canada,CHN->Partner,2009-04,-0.25290736989766316
Canada,CHN->Partner,2009-05,4.749999999999995
Canada,CHN->Partner,2009-06,2.5
Canada,CHN->Partner,2009-07,2.1965904687536586
Canada,CHN->Partner,2009-08,1.9000000000000004
Canada,CHN->Partner,2009-09,3.25
Canada,CHN->Partner,2009-10,3.717336715588182
Canada,CHN->Partner,2009-11,4.1999999999999975
Canada,CHN->Partner,2009-12,-1.3010639502117094
Canada,CHN->Partner,2010-01,-6.253330598856631
Canada,CHN->Partner,2010-02,-8.676975052924227
Canada,CHN->Partner,2010-03,1.9000000000000004
Canada,CHN->Partner,2010-04,4.0
Canada,CHN->Partner,2010-05,0.5542200082913435
Canada,CHN->Partner,2010-06,-2.0999999999999996
Canada,CHN->Partner,2010-07,6.0
Canada,CHN->Partner,2010-08,4.646085772486357
Canada,CHN->Partner,2010-09,3.3999999999999986
Canada,CHN->Partner,2010-10,0.40000000000000036
Canada,CHN->Partner,2010-11,3.6999999999999993
Canada,CHN->Partner,2010-12,2.528303663061381
Canada,CHN->Partner,2011-01,1.4499999999999993
Canada,CHN->Partner,2011-02,1.2229292724780176
Canada,CHN->Partner,2011-03,1.0
Canada,CHN->Partner,2011-04,1.6466352630801353
Canada,CHN->Partner,2011-05,2.328115289781829
Canada,CHN->Partner,2011-06,3.0463177345126997
Canada,CHN->Partner,2011-07,3.8032214314763486
Canada,CHN->Partner,2011-08,4.106982923992433
Canada,CHN->Partner,2011-09,4.416977589791964
Canada,CHN->Partner,2011-10,4.7333333333333325
Canada,CHN->Partner,2011-11,5.700000000000003
Canada,CHN->Partner,2011-12,1.0
Canada,CHN->Partner,2012-01,1.9566327777814188
Canada,CHN->Partner,2012-02,2.9895277448566464
Canada,CHN->Partner,2012-03,3.7570429025692196
Canada,CHN->Partner,2012-04,4.566666666666668
Canada,CHN->Partner,2012-05,3.73753020764903
Canada,CHN->Partner,2012-06,2.952556528139244
Canada,CHN->Partner,2012-07,-3.425348288910656
Canada,CHN->Partner,2012-08,4.0
Canada,CHN->Partner,2012-09,2.5
Canada,CHN->Partner,2012-10,2.9825462767923625
Canada,CHN->Partner,2012-11,3.4823407690844483
Canada,CHN->Partner,2012-12,4.0
Canada,CHN->Partner,2013-01,4.32618864787106
Canada,CHN->Partner,2013-02,4.6594705646754555
Canada,CHN->Partner,2013-03,4.999999999999998
Canada,CHN->Partner,2013-04,6.0
Canada,CHN->Partner,2013-05,2.982131454109563
Canada,CHN->Partner,2013-06,0.4999999999999982
Canada,CHN->Partner,2013-07,1.7499999999999964
Canada,CHN->Partner,2013-08,1.1377359356906744
Canada,CHN->Partner,2013-09,0.5548732270240588
Canada,CHN->Partner,2013-10,1.7763568394002505e-15
Canada,CHN->Partner,2013-11,0.2419027848419244
Canada,CHN->Partner,2013-12,0.48912529307605546
Canada,CHN->Partner,2014-01,0.7417845116026864
Canada,CHN->Partner,2014-02,1.0
Canada,CHN->Partner,2014-03,1.0
Canada,CHN->Partner,2014-04,1.0
Canada,CHN->Partner,2014-05,1.0
Canada,CHN->Partner,2014-06,1.0
Canada,CHN->Partner,2014-07,-2.5147186257614305
Canada,CHN->Partner,2014-08,-5.0
Canada,CHN->Partner,2014-09,6.0
Canada,CHN->Partner,2014-10,3.0346972246663366
Canada,CHN->Partner,2014-11,0.586630952238643
Canada,CHN->Partner,2014-12,-1.5500000000000007
Canada,CHN->Partner,2015-01,-2.5644836994572096
Canada,CHN->Partner,2015-02,-3.470059761193319
Canada,CHN->Partner,2015-03,-4.278419722056422
Canada,CHN->Partner,2015-04,-5.0
Canada,CHN->Partner,2015-05,-6.548981746457586
Canada,CHN->Partner,2015-06,-7.698072751105373
Canada,CHN->Partner,2015-07,-8.550510257216821
Canada,CHN->Partner,2015-08,-9.18287940716786
Canada,CHN->Partner,2015-09,-9.651993845402721
Canada,CHN->Partner,2015-10,-10.0
Canada,CHN->Partner,2015-11,-8.428718409341766
Canada,CHN->Partner,2015-12,-4.388510981542055
Canada,CHN->Partner,2016-01,6.0
Canada,CHN->Partner,2016-02,5.492422502470639
Canada,CHN->Partner,2016-03,4.999999999999998
Canada,CHN->Partner,2016-04,1.7763568394002505e-15
Canada,CHN->Partner,2016-05,-0.5382306428726764
Canada,CHN->Partner,2016-06,-1.050125628933797
Canada,CHN->Partner,2016-07,-1.536973563410287
Canada,CHN->Partner,2016-08,-1.9999999999999982
Canada,CHN->Partner,2016-09,3.0363353450309916
Canada,CHN->Partner,2016-10,4.0
Canada,CHN->Partner,2016-11,-1.3451061539437035
Canada,CHN->Partner,2016-12,-4.785534988092284
Canada,CHN->Partner,2017-01,-7.0
Canada,CHN->Partner,2017-02,2.6666666666666696
Canada,CHN->Partner,2017-03,3.403954103898725
Canada,CHN->Partner,2017-04,4.181016621503959
Canada,CHN->Partner,2017-05,4.999999999999998
Canada,CHN->Partner,2017-06,-3.170342350131712
Canada,CHN->Partner,2017-07,-7.168528817866188
Canada,CHN->Partner,2017-08,-5.820650391145676
Canada,CHN->Partner,2017-09,-3.998599990565565
Canada,CHN->Partner,2017-10,-1.5355680164344658
Canada,CHN->Partner,2017-11,1.7939373055152785
Canada,CHN->Partner,2017-12,1.8468591975294508
Canada,CHN->Partner,2018-01,1.9000000000000004
Canada,CHN->Partner,2018-02,0.9121786420452889
Canada,CHN->Partner,2018-03,1.7763568394002505e-15
Canada,CHN->Partner,2018-04,0.48912529307605546
Canada,CHN->Partner,2018-05,1.0
Canada,CHN->Partner,2018-06,1.0
Canada,CHN->Partner,2018-07,6.0
Canada,CHN->Partner,2018-08,2.6747943311773454
Canada,CHN->Partner,2018-09,1.7763568394002505e-15
Canada,CHN->Partner,2018-10,1.0
Canada,CHN->Partner,2018-11,-0.8694564086319083
Canada,CHN->Partner,2018-12,-2.447673878615907
Canada,CHN->Partner,2019-01,3.1666666666666643
Canada,CHN->Partner,2019-02,0.2915897906362126
Canada,CHN->Partner,2019-03,-1.9999999999999982
Canada,Partner->CHN,2002-01,
Canada,Partner->CHN,2002-02,
Canada,Partner->CHN,2002-03,4.149999999999997
Canada,Partner->CHN,2002-04,3.650370602590719
Canada,Partner->CHN,2002-05,3.1672184021950045
Canada,Partner->CHN,2002-06,2.6999999999999993
Canada,Partner->CHN,2002-07,1.0
Canada,Partner->CHN,2002-08,4.0
Canada,Partner->CHN,2002-09,3.3874945699381627
Canada,Partner->CHN,2002-10,2.8000000000000025
Canada,Partner->CHN,2002-11,0.4999999999999982
Canada,Partner->CHN,2002-12,0.6643079131646932
Canada,Partner->CHN,2003-01,0.8309633994014334
Canada,Partner->CHN,2003-02,1.0
Canada,Partner->CHN,2003-03,1.0
Canada,Partner->CHN,2003-04,1.0
Canada,Partner->CHN,2003-05,2.0721077106945547
Canada,Partner->CHN,2003-06,3.240000000000002
Canada,Partner->CHN,2003-07,3.0530224985158814
Canada,Partner->CHN,2003-08,2.868500094367514
Canada,Partner->CHN,2003-09,2.686400551040462
Canada,Partner->CHN,2003-10,2.5066920552999807
Canada,Partner->CHN,2003-11,1.1945382568387117
Canada,Partner->CHN,2003-12,0.009858127264475769
Canada,Partner->CHN,2004-01,0.9175152545197864
Canada,Partner->CHN,2004-02,1.9000000000000004
Canada,Partner->CHN,2004-03,4.655669899432597
Canada,Partner->CHN,2004-04,7.9999999999999964
Canada,Partner->CHN,2004-05,7.12718562624659
Canada,Partner->CHN,2004-06,6.2944662488632055
Canada,Partner->CHN,2004-07,5.5
Canada,Partner->CHN,2004-08,4.732132722552272
Canada,Partner->CHN,2004-09,4.0
Canada,Partner->CHN,2004-10,1.0
Canada,Partner->CHN,2004-11,2.5
Canada,Partner->CHN,2004-12,1.7279220613578534
Canada,Partner->CHN,2005-01,2.989191510821348
Canada,Partner->CHN,2005-02,2.1999999999999993
Canada,Partner->CHN,2005-03,2.2743691395633903
Canada,Partner->CHN,2005-04,2.349157276772196
Canada,Partner->CHN,2005-05,2.4243667722699165
Canada,Partner->CHN,2005-06,2.5
Canada,Partner->CHN,2005-07,2.9138968130958816
Canada,Partner->CHN,2005-08,3.3404832981836776
Canada,Partner->CHN,2005-09,3.780148508211303
Canada,Partner->CHN,2005-10,4.915251208927097
Canada,Partner->CHN,2005-11,4.487671883441481
Canada,Partner->CHN,2005-12,4.071579909125042
Canada,Partner->CHN,2006-01,3.666666666666666
Canada,Partner->CHN,2006-02,3.8323969741913224
Canada,Partner->CHN,2006-03,4.0
Canada,Partner->CHN,2006-04,-1.9999999999999982
Canada,Partner->CHN,2006-05,0.22497216032182443
Canada,Partner->CHN,2006-06,2.9999999999999964
Canada,Partner->CHN,2006-07,2.197958454547159
Canada,Partner->CHN,2006-08,1.4418648119966324
Canada,Partner->CHN,2006-09,-6.2676267410955475
Canada,Partner->CHN,2006-10,-9.2
Canada,Partner->CHN,2006-11,4.999999999999998
Canada,Partner->CHN,2006-12,1.7763568394002505e-15
Canada,Partner->CHN,2007-01,-0.5
Canada,Partner->CHN,2007-02,2.3000000000000025
Canada,Partner->CHN,2007-03,2.1996212066861975
Canada,Partner->CHN,2007-04,2.099999999999998
Canada,Partner->CHN,2007-05,2.7049656107818265
Canada,Partner->CHN,2007-06,3.3378688849398905
Canada,Partner->CHN,2007-07,4.0
Canada,Partner->CHN,2007-08,3.747881203752627
Canada,Partner->CHN,2007-09,3.5
Canada,Partner->CHN,2007-10,-4.000000000000001
Canada,Partner->CHN,2007-11,0.20131560728183828
Canada,Partner->CHN,2007-12,0.10020142520397002
Canada,Partner->CHN,2008-01,1.7763568394002505e-15
Canada,Partner->CHN,2008-02,1.7763568394002505e-15
Canada,Partner->CHN,2008-03,1.7763568394002505e-15
Canada,Partner->CHN,2008-04,1.7763568394002505e-15
Canada,Partner->CHN,2008-05,-3.552713678800501e-15
Canada,Partner->CHN,2008-06,1.7763568394002505e-15
Canada,Partner->CHN,2008-07,-6.550280907742601
Canada,Partner->CHN,2008-08,-9.2
Canada,Partner->CHN,2008-09,1.7763568394002505e-15
Canada,Partner->CHN,2008-10,4.0
Canada,Partner->CHN,2008-11,2.466666666666665
Canada,Partner->CHN,2008-12,1.588412590167808
Canada,Partner->CHN,2009-01,0.76743551041797
Canada,Partner->CHN,2009-02,1.7763568394002505e-15
Canada,Partner->CHN,2009-03,2.747727084867522
Canada,Partner->CHN,2009-04,2.6233004681579093
Canada,Partner->CHN,2009-05,2.5
Canada,Partner->CHN,2009-06,1.0
Canada,Partner->CHN,2009-07,-1.666666666666666
Canada,Partner->CHN,2009-08,2.4000000000000004
Canada,Partner->CHN,2009-09,2.5
Canada,Partner->CHN,2009-10,3.788509052639487
Canada,Partner->CHN,2009-11,5.199999999999996
Canada,Partner->CHN,2009-12,2.4852186662700024
Canada,Partner->CHN,2010-01,1.7209521654332196
Canada,Partner->CHN,2010-02,1.0
Canada,Partner->CHN,2010-03,1.9000000000000004
Canada,Partner->CHN,2010-04,4.0
Canada,Partner->CHN,2010-05,1.845232578665133
Canada,Partner->CHN,2010-06,1.7763568394002505e-15
Canada,Partner->CHN,2010-07,0.977271794381565
Canada,Partner->CHN,2010-08,2.041367239680749
Canada,Partner->CHN,2010-09,3.1999999999999993
Canada,Partner->CHN,2010-10,3.594519519326427
Canada,Partner->CHN,2010-11,4.0
Canada,Partner->CHN,2010-12,-9.2
Canada,Partner->CHN,2011-01,3.950000000000001
Canada,Partner->CHN,2011-02,1.7763568394002505e-15
Canada,Partner->CHN,2011-03,0.8868649510843056
Canada,Partner->CHN,2011-04,1.845232578665133
Canada,Partner->CHN,2011-05,2.8808677207146136
Canada,Partner->CHN,2011-06,4.0
Canada,Partner->CHN,2011-07,4.435949342183607
Canada,Partner->CHN,2011-08,1.7763568394002505e-15
Canada,Partner->CHN,2011-09,0.9121786420452889
Canada,Partner->CHN,2011-10,1.9000000000000004
Canada,Partner->CHN,2011-11,4.999999999999998
Canada,Partner->CHN,2011-12,4.0
Canada,Partner->CHN,2012-01,3.1288789245660666
Canada,Partner->CHN,2012-02,2.308347977669806
Canada,Partner->CHN,2012-03,3.246133042319398
Canada,Partner->CHN,2012-04,4.249999999999998
Canada,Partner->CHN,2012-05,3.8011663343499027
Canada,Partner->CHN,2012-06,3.3655426135798603
Canada,Partner->CHN,2012-07,2.9427400463466995
Canada,Partner->CHN,2012-08,2.7195842001745962
Canada,Partner->CHN,2012-09,2.5
Canada,Partner->CHN,2012-10,4.999999999999998
Canada,Partner->CHN,2012-11,-9.2
Canada,Partner->CHN,2012-12,4.999999999999998
Canada,Partner->CHN,2013-01,5.244345478951448
Canada,Partner->CHN,2013-02,5.492422502470639
Canada,Partner->CHN,2013-03,5.744288057185379
Canada,Partner->CHN,2013-04,6.0
Canada,Partner->CHN,2013-05,1.0
Canada,Partner->CHN,2013-06,7.9999999999999964
Canada,Partner->CHN,2013-07,2.1999999999999993
Canada,Partner->CHN,2013-08,2.4432717575074268
Canada,Partner->CHN,2013-09,2.6910269353179412
Canada,Partner->CHN,2013-10,2.943348161426753
Canada,Partner->CHN,2013-11,3.200319586636475
Canada,Partner->CHN,2013-12,3.462026912621944
Canada,Partner->CHN,2014-01,3.7285574205123417
Canada,Partner->CHN,2014-02,4.0
Canada,Partner->CHN,2014-03,4.0
Canada,Partner->CHN,2014-04,4.0
Canada,Partner->CHN,2014-05,1.7763568394002505e-15
Canada,Partner->CHN,2014-06,1.0
Canada,Partner->CHN,2014-07,2.477328201610664
Canada,Partner->CHN,2014-08,4.13653128782752
Canada,Partner->CHN,2014-09,6.0
Canada,Partner->CHN,2014-10,2.5
Canada,Partner->CHN,2014-11,3.0739753409884525
Canada,Partner->CHN,2014-12,3.3999999999999986
Canada,Partner->CHN,2015-01,4.0
Canada,Partner->CHN,2015-02,0.4999999999999982
Canada,Partner->CHN,2015-03,-2.887222271916789
Canada,Partner->CHN,2015-04,-5.27676848127974
Canada,Partner->CHN,2015-05,-6.9624952001967335
Canada,Partner->CHN,2015-06,-8.151706172445826
Canada,Partner->CHN,2015-07,-8.990645675894053
Canada,Partner->CHN,2015-08,-9.582483042744833
Canada,Partner->CHN,2015-09,-10.0
Canada,Partner->CHN,2015-10,-9.585786437626904
Canada,Partner->CHN,2015-11,-9.0
Canada,Partner->CHN,2015-12,-8.17157287525381
Canada,Partner->CHN,2016-01,-7.0
Canada,Partner->CHN,2016-02,-3.516685226452119
Canada,Partner->CHN,2016-03,2.9999999999999964
Canada,Partner->CHN,2016-04,0.22497216032182443
Canada,Partner->CHN,2016-05,-1.9999999999999982
Canada,Partner->CHN,2016-06,0.4999999999999982
Canada,Partner->CHN,2016-07,0.553572021378967
Canada,Partner->CHN,2016-08,0.6073936046252957
Canada,Partner->CHN,2016-09,0.6614659123071291
Canada,Partner->CHN,2016-10,4.0
Canada,Partner->CHN,2016-11,3.3999999999999986
Canada,Partner->CHN,2016-12,3.5972847893761593
Canada,Partner->CHN,2017-01,3.79727244598282
Canada,Partner->CHN,2017-02,4.0
Canada,Partner->CHN,2017-03,2.3961824512506933
Canada,Partner->CHN,2017-04,0.9638469511464631
Canada,Partner->CHN,2017-05,-0.31534156157350957
Canada,Partner->CHN,2017-06,0.09999999999999964
Canada,Partner->CHN,2017-07,6.0
Canada,Partner->CHN,2017-08,4.767282588243672
Canada,Partner->CHN,2017-09,3.6239529539724664
Canada,Partner->CHN,2017-10,2.5635293401449744
Canada,Partner->CHN,2017-11,1.5800000000000018
Canada,Partner->CHN,2017-12,2.175887066911285
Canada,Partner->CHN,2018-01,2.8000000000000025
Canada,Partner->CHN,2018-02,-0.053154047010023575
Canada,Partner->CHN,2018-03,-2.3164176580802174
Canada,Partner->CHN,2018-04,-4.111750853833352
Canada,Partner->CHN,2018-05,-5.535898384862245
Canada,Partner->CHN,2018-06,0.4999999999999982
Canada,Partner->CHN,2018-07,4.9066055806719415
Canada,Partner->CHN,2018-08,3.4803399242641415
Canada,Partner->CHN,2018-09,2.1819603660142217
Canada,Partner->CHN,2018-10,1.0
Canada,Partner->CHN,2018-11,-0.6867095388572881
Canada,Partner->CHN,2018-12,-2.1363366553418963
Canada,Partner->CHN,2019-01,-3.500000000000001
Canada,Partner->CHN,2019-02,-3.500000000000001
Canada,Partner->CHN,2019-03,-3.500000000000001
France,Aggregated,2002-01,-5.0
France,Aggregated,2002-02,-2.061025158984549
France,Aggregated,2002-03,2.3175452013845383
France,Aggregated,2002-04,1.0
France,Aggregated,2002-05,2.475904422338415
France,Aggregated,2002-06,4.133333333333331
France,Aggregated,2002-07,3.6432235895442826
France,Aggregated,2002-08,1.0
France,Aggregated,2002-09,3.059999999999997
France,Aggregated,2002-10,3.6381811916545885
France,Aggregated,2002-11,0.5199999999999996
France,Aggregated,2002-12,1.0
France,Aggregated,2003-01,3.461430360031045
France,Aggregated,2003-02,2.2212815906582364
France,Aggregated,2003-03,2.595239707209105
France,Aggregated,2003-04,2.566852432500145
France,Aggregated,2003-05,1.1250000000000018
France,Aggregated,2003-06,1.8945996666093379
France,Aggregated,2003-07,3.5
France,Aggregated,2003-08,4.919565338696179
France,Aggregated,2003-09,3.25
France,Aggregated,2003-10,2.407211065321942
France,Aggregated,2003-11,5.533333333333331
France,Aggregated,2003-12,1.8249999999999993
France,Aggregated,2004-01,1.6250251316520465
France,Aggregated,2004-02,4.3670360066092435
France,Aggregated,2004-03,2.254420828395551
France,Aggregated,2004-04,0.4999999999999982
France,Aggregated,2004-05,-2.085353272047513
France,Aggregated,2004-06,2.5795094407677066
France,Aggregated,2004-07,1.7763568394002505e-15
France,Aggregated,2004-08,6.199999999999999
France,Aggregated,2004-09,1.4000000000000004
France,Aggregated,2004-10,2.7811178627561173
France,Aggregated,2004-11,3.525000000000002
France,Aggregated,2004-12,2.5666666666666664
France,Aggregated,2005-01,2.1999999999999993
France,Aggregated,2005-02,2.622196581120745
France,Aggregated,2005-03,3.747881203752627
France,Aggregated,2005-04,2.7827328864709973
France,Aggregated,2005-05,2.2078159955983647
France,Aggregated,2005-06,1.7763568394002505e-15
France,Aggregated,2005-07,-1.4999999999999982
France,Aggregated,2005-08,5.850000000000001
France,Aggregated,2005-09,3.3635469248287624
France,Aggregated,2005-10,2.660703903625244
France,Aggregated,2005-11,1.247471191587417
France,Aggregated,2005-12,5.720497008012188
France,Aggregated,2006-01,1.5399999999999991
France,Aggregated,2006-02,1.4499999999999993
France,Aggregated,2006-03,1.333333333333334
France,Aggregated,2006-04,1.4388026216662446
France,Aggregated,2006-05,3.0597784800970427
France,Aggregated,2006-06,5.450000000000003
France,Aggregated,2006-07,2.7999999999999954
France,Aggregated,2006-08,3.424999999999997
France,Aggregated,2006-09,1.9808045249207495
France,Aggregated,2006-10,2.8359661275681294
France,Aggregated,2006-11,4.935603393690565
France,Aggregated,2006-12,1.504745196952701
France,Aggregated,2007-01,3.3924292104615628
France,Aggregated,2007-02,3.185714285714285
France,Aggregated,2007-03,1.9724186770598493
France,Aggregated,2007-04,3.5
France,Aggregated,2007-05,3.0090242931795945
France,Aggregated,2007-06,5.199999999999996
France,Aggregated,2007-07,6.0
France,Aggregated,2007-08,3.0830867828517388
France,Aggregated,2007-09,0.6666666666666661
France,Aggregated,2007-10,2.9999999999999964
France,Aggregated,2007-11,2.392919786337975
France,Aggregated,2007-12,0.6999999999999993
France,Aggregated,2008-01,2.966666666666667
France,Aggregated,2008-02,6.0
France,Aggregated,2008-03,1.7763568394002505e-15
France,Aggregated,2008-04,0.00033663253093862977
France,Aggregated,2008-05,-0.030806620538601948
France,Aggregated,2008-06,4.0
France,Aggregated,2008-07,2.548844366318713
France,Aggregated,2008-08,2.1249999999999982
France,Aggregated,2008-09,1.7763568394002505e-15
France,Aggregated,2008-10,1.9457142142714243
France,Aggregated,2008-11,-0.7550678922591842
France,Aggregated,2008-12,2.4183929376500934
France,Aggregated,2009-01,-1.666666666666666
France,Aggregated,2009-02,-0.804986539594795
France,Aggregated,2009-03,0.9857142857142875
France,Aggregated,2009-04,2.9903704303781424
France,Aggregated,2009-05,3.435603393690565
France,Aggregated,2009-06,-2.7500000000000018
France,Aggregated,2009-07,1.0
France,Aggregated,2009-08,2.5
France,Aggregated,2009-09,3.5790095555132986
France,Aggregated,2009-10,0.7572360817087631
France,Aggregated,2009-11,2.9749170975040222
France,Aggregated,2009-12,0.40835694213607177
France,Aggregated,2010-01,4.0
France,Aggregated,2010-02,2.0
France,Aggregated,2010-03,1.4499999999999993
France,Aggregated,2010-04,2.212504993112665
France,Aggregated,2010-05,3.3999999999999986
France,Aggregated,2010-06,2.979469928834117
France,Aggregated,2010-07,2.5712207979984374
France,Aggregated,2010-08,0.9500000000000011
France,Aggregated,2010-09,2.529688014339184
France,Aggregated,2010-10,-3.552713678800501e-15
France,Aggregated,2010-11,3.081081562180813
France,Aggregated,2010-12,4.58
France,Aggregated,2011-01,-1.9999999999999982
France,Aggregated,2011-02,1.858812604908005
France,Aggregated,2011-03,2.393069762993676
France,Aggregated,2011-04,2.1827989105915293
France,Aggregated,2011-05,1.3146654701575464
France,Aggregated,2011-06,0.9750000000000014
France,Aggregated,2011-07,3.6418087020994925
France,Aggregated,2011-08,4.0
France,Aggregated,2011-09,0.7987432773747614
France,Aggregated,2011-10,2.1455189224315045
France,Aggregated,2011-11,1.4161878771933143
France,Aggregated,2011-12,2.5
France,Aggregated,2012-01,2.583077707206124
France,Aggregated,2012-02,2.6666666666666643
France,Aggregated,2012-03,3.6163857589240624
France,Aggregated,2012-04,6.0
France,Aggregated,2012-05,2.3424135747622508
France,Aggregated,2012-06,2.5
France,Aggregated,2012-07,0.7255091267712057
France,Aggregated,2012-08,2.3424135747622508
France,Aggregated,2012-09,2.5
France,Aggregated,2012-10,1.5809283706004926
France,Aggregated,2012-11,-0.75
France,Aggregated,2012-12,2.9999999999999964
France,Aggregated,2013-01,0.9500000000000011
France,Aggregated,2013-02,6.0
France,Aggregated,2013-03,2.7928530890209107
France,Aggregated,2013-04,2.6096731726272395
France,Aggregated,2013-05,1.6712067873811236
France,Aggregated,2013-06,-5.999999999999999
France,Aggregated,2013-07,-3.2241234847565474
France,Aggregated,2013-08,1.0928511160629242
France,Aggregated,2013-09,2.1999999999999993
France,Aggregated,2013-10,-0.8749999999999982
France,Aggregated,2013-11,3.3033845846325445
France,Aggregated,2013-12,2.9168951604758426
France,Aggregated,2014-01,2.966666666666667
France,Aggregated,2014-02,1.0
France,Aggregated,2014-03,1.1210973438588763
France,Aggregated,2014-04,1.2249999999999996
France,Aggregated,2014-05,2.347281323269014
France,Aggregated,2014-06,-0.40000000000000036
France,Aggregated,2014-07,3.171206787381127
France,Aggregated,2014-08,2.833333333333332
France,Aggregated,2014-09,2.833333333333332
France,Aggregated,2014-10,2.0460605656619553
France,Aggregated,2014-11,1.3499999999999996
France,Aggregated,2014-12,1.3352521560673054
France,Aggregated,2015-01,1.3205219233816283
France,Aggregated,2015-02,3.8967848915419783
France,Aggregated,2015-03,1.7763568394002505e-15
France,Aggregated,2015-04,3.666666666666666
France,Aggregated,2015-05,1.0399999999999974
France,Aggregated,2015-06,-0.07702417061364564
France,Aggregated,2015-07,3.7377018105278967
France,Aggregated,2015-08,4.032567792233447
France,Aggregated,2015-09,4.33333333333333
France,Aggregated,2015-10,6.0
France,Aggregated,2015-11,2.893673812222879
France,Aggregated,2015-12,-1.8791183578731463
France,Aggregated,2016-01,1.333333333333334
France,Aggregated,2016-02,1.5516676237653861
France,Aggregated,2016-03,1.773867038174071
France,Aggregated,2016-04,2.0
France,Aggregated,2016-05,1.0
France,Aggregated,2016-06,-0.0666666666666682
France,Aggregated,2016-07,2.308643807691295
France,Aggregated,2016-08,5.199999999999996
France,Aggregated,2016-09,-2.1999999999999993
France,Aggregated,2016-10,-3.62
France,Aggregated,2016-11,4.999999999999998
France,Aggregated,2016-12,2.266499161421603
France,Aggregated,2017-01,1.7763568394002505e-15
France,Aggregated,2017-02,0.6666666666666661
France,Aggregated,2017-03,0.4999999999999982
France,Aggregated,2017-04,-4.27525512860841
France,Aggregated,2017-05,-4.400000000000001
France,Aggregated,2017-06,0.1496938456699084
France,Aggregated,2017-07,-0.9999999999999982
France,Aggregated,2017-08,1.0
France,Aggregated,2017-09,2.9999999999999964
France,Aggregated,2017-10,1.799999999999999
France,Aggregated,2017-11,1.2399999999999949
France,Aggregated,2017-12,1.7763568394002505e-15
France,Aggregated,2018-01,1.841871113876861
France,Aggregated,2018-02,3.6999999999999993
France,Aggregated,2018-03,-1.5689903988410112
France,Aggregated,2018-04,-1.6779715471649546
France,Aggregated,2018-05,2.9978250586152093
France,Aggregated,2018-06,2.6000000000000014
France,Aggregated,2018-07,-6.478673501382752
France,Aggregated,2018-08,-2.5999999999999996
France,Aggregated,2018-09,2.9499999999999993
France,Aggregated,2018-10,-2.400000000000002
France,Aggregated,2018-11,4.100159234053786
France,Aggregated,2018-12,2.8453894574149565
France,Aggregated,2019-01,5.305334046624289
France,Aggregated,2019-02,1.0
France,Aggregated,2019-03,-4.000000000000001
France,CHN->Partner,2002-01,-5.0
France,CHN->Partner,2002-02,-2.4883255189714184
France,CHN->Partner,2002-03,1.0747670784988639
France,CHN->Partner,2002-04,1.0
France,CHN->Partner,2002-05,2.475904422338415
France,CHN->Partner,2002-06,4.133333333333331
France,CHN->Partner,2002-07,2.4648353843164355
France,CHN->Partner,2002-08,1.0
France,CHN->Partner,2002-09,2.833333333333332
France,CHN->Partner,2002-10,3.6381811916545885
France,CHN->Partner,2002-11,-1.5999999999999979
France,CHN->Partner,2002-12,1.0
France,CHN->Partner,2003-01,3.299999999999999
France,CHN->Partner,2003-02,2.2212815906582364
France,CHN->Partner,2003-03,2.5636991982830057
France,CHN->Partner,2003-04,2.670445287159156
France,CHN->Partner,2003-05,2.5
France,CHN->Partner,2003-06,2.0735195999312026
France,CHN->Partner,2003-07,3.5
France,CHN->Partner,2003-08,5.033333333333331
France,CHN->Partner,2003-09,3.25
France,CHN->Partner,2003-10,2.158193537096029
France,CHN->Partner,2003-11,7.9999999999999964
France,CHN->Partner,2003-12,5.25
France,CHN->Partner,2004-01,1.8451177638180187
France,CHN->Partner,2004-02,5.227618952361901
France,CHN->Partner,2004-03,2.398841742264338
France,CHN->Partner,2004-04,1.7763568394002505e-15
France,CHN->Partner,2004-05,2.5651174982996423
France,CHN->Partner,2004-06,3.009763505470662
France,CHN->Partner,2004-07,4.523141830637746
France,CHN->Partner,2004-08,6.199999999999999
France,CHN->Partner,2004-09,0.40000000000000036
France,CHN->Partner,2004-10,3.9976706423287265
France,CHN->Partner,2004-11,3.5
France,CHN->Partner,2004-12,2.333333333333334
France,CHN->Partner,2005-01,1.9000000000000004
France,CHN->Partner,2005-02,3.4499134945507564
France,CHN->Partner,2005-03,3.747881203752627
France,CHN->Partner,2005-04,2.5538373669584598
France,CHN->Partner,2005-05,2.4142843630069706
France,CHN->Partner,2005-06,1.0
France,CHN->Partner,2005-07,-4.249999999999999
France,CHN->Partner,2005-08,5.800000000000001
France,CHN->Partner,2005-09,3.029354039009057
France,CHN->Partner,2005-10,3.7460367063467856
France,CHN->Partner,2005-11,1.9000000000000004
France,CHN->Partner,2005-12,5.720497008012188
France,CHN->Partner,2006-01,1.5399999999999991
France,CHN->Partner,2006-02,1.4499999999999993
France,CHN->Partner,2006-03,2.9999999999999964
France,CHN->Partner,2006-04,1.4499999999999993
France,CHN->Partner,2006-05,3.7343597113356566
France,CHN->Partner,2006-06,5.450000000000003
France,CHN->Partner,2006-07,2.9499999999999993
France,CHN->Partner,2006-08,2.833333333333332
France,CHN->Partner,2006-09,2.9499999999999993
France,CHN->Partner,2006-10,3.268561482431526
France,CHN->Partner,2006-11,4.825000000000001
France,CHN->Partner,2006-12,2.450000000000001
France,CHN->Partner,2007-01,3.6249999999999982
France,CHN->Partner,2007-02,3.5799999999999965
France,CHN->Partner,2007-03,2.0486830812661445
France,CHN->Partner,2007-04,1.0
France,CHN->Partner,2007-05,3.5180485863591944
France,CHN->Partner,2007-06,4.710086758770823
France,CHN->Partner,2007-07,6.0
France,CHN->Partner,2007-08,3.0830867828517388
France,CHN->Partner,2007-09,0.6666666666666661
France,CHN->Partner,2007-10,6.0
France,CHN->Partner,2007-11,2.8144436454582493
France,CHN->Partner,2007-12,0.6999999999999993
France,CHN->Partner,2008-01,3.5
France,CHN->Partner,2008-02,6.0
France,CHN->Partner,2008-03,3.075301792035697
France,CHN->Partner,2008-04,0.653771796287252
France,CHN->Partner,2008-05,5.199999999999996
France,CHN->Partner,2008-06,4.0
France,CHN->Partner,2008-07,2.6090465157330254
France,CHN->Partner,2008-08,3.7500000000000018
France,CHN->Partner,2008-09,3.9979165219706427
France,CHN->Partner,2008-10,4.249999999999998
France,CHN->Partner,2008-11,-1.9836107013964988
France,CHN->Partner,2008-12,-0.5944940944911412
France,CHN->Partner,2009-01,1.7763568394002505e-15
France,CHN->Partner,2009-02,-0.7000000000000011
France,CHN->Partner,2009-03,1.7799999999999976
France,CHN->Partner,2009-04,2.892663887699012
France,CHN->Partner,2009-05,3.6000000000000014
France,CHN->Partner,2009-06,3.2237188728066837
France,CHN->Partner,2009-07,2.8571355186737755
France,CHN->Partner,2009-08,2.5
France,CHN->Partner,2009-09,2.976137561231674
France,CHN->Partner,2009-10,2.433333333333332
France,CHN->Partner,2009-11,3.745182789264609
France,CHN->Partner,2009-12,3.4134535427336115
France,CHN->Partner,2010-01,4.0
France,CHN->Partner,2010-02,4.0
France,CHN->Partner,2010-03,1.9000000000000004
France,CHN->Partner,2010-04,2.6666666666666643
France,CHN->Partner,2010-05,3.3999999999999986
France,CHN->Partner,2010-06,3.5546925476836844
France,CHN->Partner,2010-07,3.711046885944384
France,CHN->Partner,2010-08,3.515088110349632
France,CHN->Partner,2010-09,3.3217396072956618
France,CHN->Partner,2010-10,4.599999999999998
France,CHN->Partner,2010-11,3.058337878430022
France,CHN->Partner,2010-12,4.58
France,CHN->Partner,2011-01,2.9273471989463946
France,CHN->Partner,2011-02,1.4499999999999993
France,CHN->Partner,2011-03,2.0318009963882453
France,CHN->Partner,2011-04,1.6359184748281486
France,CHN->Partner,2011-05,2.25
France,CHN->Partner,2011-06,2.893434230929053
France,CHN->Partner,2011-07,3.5681143191812215
France,CHN->Partner,2011-08,1.5352927470399838
France,CHN->Partner,2011-09,-0.21387073088093445
France,CHN->Partner,2011-10,2.5
France,CHN->Partner,2011-11,0.8142857142857132
France,CHN->Partner,2011-12,2.5
France,CHN->Partner,2012-01,2.583077707206124
France,CHN->Partner,2012-02,2.6666666666666643
France,CHN->Partner,2012-03,4.249999999999998
France,CHN->Partner,2012-04,6.0
France,CHN->Partner,2012-05,2.8000000000000025
France,CHN->Partner,2012-06,2.5
France,CHN->Partner,2012-07,1.2669078810196446
France,CHN->Partner,2012-08,1.9000000000000004
France,CHN->Partner,2012-09,2.5
France,CHN->Partner,2012-10,1.5809283706004926
France,CHN->Partner,2012-11,3.5
France,CHN->Partner,2012-12,6.0
France,CHN->Partner,2013-01,1.7763568394002505e-15
France,CHN->Partner,2013-02,6.0
France,CHN->Partner,2013-03,3.6999999999999993
France,CHN->Partner,2013-04,2.7745814788470327
France,CHN->Partner,2013-05,2.8000000000000025
France,CHN->Partner,2013-06,2.6992664817635106
France,CHN->Partner,2013-07,2.5992682708963226
France,CHN->Partner,2013-08,2.5
France,CHN->Partner,2013-09,2.7500000000000018
France,CHN->Partner,2013-10,-0.8749999999999982
France,CHN->Partner,2013-11,3.6727428770167645
France,CHN->Partner,2013-12,3.1456883730947194
France,CHN->Partner,2014-01,2.7500000000000018
France,CHN->Partner,2014-02,1.333333333333334
France,CHN->Partner,2014-03,0.9779856655998707
France,CHN->Partner,2014-04,2.3000000000000025
France,CHN->Partner,2014-05,2.966666666666667
France,CHN->Partner,2014-06,2.9583308457709254
France,CHN->Partner,2014-07,2.9499999999999993
France,CHN->Partner,2014-08,2.833333333333332
France,CHN->Partner,2014-09,1.0
France,CHN->Partner,2014-10,2.6666666666666643
France,CHN->Partner,2014-11,0.6666666666666661
France,CHN->Partner,2014-12,1.0421820259057775
France,CHN->Partner,2015-01,1.429784109575559
France,CHN->Partner,2015-02,3.7500000000000018
France,CHN->Partner,2015-03,3.624465802209663
France,CHN->Partner,2015-04,3.5
France,CHN->Partner,2015-05,-0.43333333333333357
France,CHN->Partner,2015-06,-0.1999999999999993
France,CHN->Partner,2015-07,3.822127263159869
France,CHN->Partner,2015-08,4.495756246895146
France,CHN->Partner,2015-09,5.199999999999996
France,CHN->Partner,2015-10,7.9999999999999964
France,CHN->Partner,2015-11,2.960409133145733
France,CHN->Partner,2015-12,-1.0999999999999996
France,CHN->Partner,2016-01,1.333333333333334
France,CHN->Partner,2016-02,1.3886405006345317
France,CHN->Partner,2016-03,1.4441956854564033
France,CHN->Partner,2016-04,1.5000000000000018
France,CHN->Partner,2016-05,-0.3053751818962791
France,CHN->Partner,2016-06,-1.8499999999999996
France,CHN->Partner,2016-07,1.1749743326218116
France,CHN->Partner,2016-08,5.199999999999996
France,CHN->Partner,2016-09,1.7763568394002505e-15
France,CHN->Partner,2016-10,-3.500000000000001
France,CHN->Partner,2016-11,4.999999999999998
France,CHN->Partner,2016-12,2.266499161421603
France,CHN->Partner,2017-01,1.7763568394002505e-15
France,CHN->Partner,2017-02,0.6666666666666661
France,CHN->Partner,2017-03,2.9999999999999964
France,CHN->Partner,2017-04,-1.3875081274416683
France,CHN->Partner,2017-05,-4.400000000000001
France,CHN->Partner,2017-06,1.4161564094498438
France,CHN->Partner,2017-07,4.0
France,CHN->Partner,2017-08,2.416407864998739
France,CHN->Partner,2017-09,1.0
France,CHN->Partner,2017-10,1.799999999999999
France,CHN->Partner,2017-11,2.7999999999999954
France,CHN->Partner,2017-12,1.7763568394002505e-15
France,CHN->Partner,2018-01,1.9127382951927547
France,CHN->Partner,2018-02,3.6999999999999993
France,CHN->Partner,2018-03,1.0
France,CHN->Partner,2018-04,-0.9333333333333336
France,CHN->Partner,2018-05,2.9978250586152093
France,CHN->Partner,2018-06,1.9000000000000004
France,CHN->Partner,2018-07,-5.304898001843668
France,CHN->Partner,2018-08,-2.5999999999999996
France,CHN->Partner,2018-09,2.9499999999999993
France,CHN->Partner,2018-10,4.0
France,CHN->Partner,2018-11,4.100159234053786
France,CHN->Partner,2018-12,2.7316597192475296
France,CHN->Partner,2019-01,6.0
France,CHN->Partner,2019-02,1.0
France,CHN->Partner,2019-03,-4.000000000000001
France,Partner->CHN,2002-01,
France,Partner->CHN,2002-02,
France,Partner->CHN,2002-03,5.199999999999996
France,Partner->CHN,2002-04,5.902435371406387
France,Partner->CHN,2002-05,6.6353284867018445
France,Partner->CHN,2002-06,7.400000000000002
France,Partner->CHN,2002-07,3.6432235895442897
France,Partner->CHN,2002-08,3.609071969759338
France,Partner->CHN,2002-09,3.5749999999999975
France,Partner->CHN,2002-10,4.0
France,Partner->CHN,2002-11,3.6000000000000014
France,Partner->CHN,2002-12,3.5964671467243363
France,Partner->CHN,2003-01,3.5929351483152576
France,Partner->CHN,2003-02,2.942563181316471
France,Partner->CHN,2003-03,3.0399999999999974
France,Partner->CHN,2003-04,2.1714590388565327
France,Partner->CHN,2003-05,0.6666666666666661
France,Partner->CHN,2003-06,4.1999999999999975
France,Partner->CHN,2003-07,4.0239808306586955
France,Partner->CHN,2003-08,3.849999999999998
France,Partner->CHN,2003-09,2.5
France,Partner->CHN,2003-10,2.15417576531544
France,Partner->CHN,2003-11,5.533333333333331
France,Partner->CHN,2003-12,1.599999999999996
France,Partner->CHN,2004-01,2.050545256134779
France,Partner->CHN,2004-02,4.337397165588676
France,Partner->CHN,2004-03,1.9636895265444085
France,Partner->CHN,2004-04,1.0
France,Partner->CHN,2004-05,-2.049999999999999
France,Partner->CHN,2004-06,2.7685185122449116
France,Partner->CHN,2004-07,1.7763568394002505e-15
France,Partner->CHN,2004-08,6.399999999999999
France,Partner->CHN,2004-09,1.9000000000000004
France,Partner->CHN,2004-10,2.3404426965943905
France,Partner->CHN,2004-11,4.366666666666667
France,Partner->CHN,2004-12,3.6000000000000014
France,Partner->CHN,2005-01,2.1999999999999993
France,Partner->CHN,2005-02,2.633333333333331
France,Partner->CHN,2005-03,2.777123018739932
France,Partner->CHN,2005-04,2.9224292425545464
France,Partner->CHN,2005-05,2.686127057287109
France,Partner->CHN,2005-06,-0.5
France,Partner->CHN,2005-07,4.0
France,Partner->CHN,2005-08,6.0
France,Partner->CHN,2005-09,5.550159234053787
France,Partner->CHN,2005-10,2.9000000000000004
France,Partner->CHN,2005-11,1.4000000000000004
France,Partner->CHN,2005-12,6.744739759480044
France,Partner->CHN,2006-01,3.0999999999999996
France,Partner->CHN,2006-02,1.5946417178100027
France,Partner->CHN,2006-03,0.2500000000000018
France,Partner->CHN,2006-04,1.6082555002794479
France,Partner->CHN,2006-05,2.5
France,Partner->CHN,2006-06,2.6491757992927916
France,Partner->CHN,2006-07,2.7999999999999954
France,Partner->CHN,2006-08,3.424999999999997
France,Partner->CHN,2006-09,2.133333333333333
France,Partner->CHN,2006-10,2.4445590257574565
France,Partner->CHN,2006-11,2.8000000000000025
France,Partner->CHN,2006-12,0.7799999999999994
France,Partner->CHN,2007-01,4.384776681126077
France,Partner->CHN,2007-02,3.6599999999999984
France,Partner->CHN,2007-03,2.6999999999999993
France,Partner->CHN,2007-04,6.0
France,Partner->CHN,2007-05,2.5
France,Partner->CHN,2007-06,5.199999999999996
France,Partner->CHN,2007-07,3.7056570027900975
France,Partner->CHN,2007-08,2.349157276772196
France,Partner->CHN,2007-09,1.1177856906488568
France,Partner->CHN,2007-10,1.7763568394002505e-15
France,Partner->CHN,2007-11,1.7061271666777476
France,Partner->CHN,2007-12,1.8026966085330223
France,Partner->CHN,2008-01,1.9000000000000004
France,Partner->CHN,2008-02,0.9121786420452889
France,Partner->CHN,2008-03,1.7763568394002505e-15
France,Partner->CHN,2008-04,0.5636548051314811
France,Partner->CHN,2008-05,-0.7780647091869728
France,Partner->CHN,2008-06,4.0
France,Partner->CHN,2008-07,1.9652910683371108
France,Partner->CHN,2008-08,0.4999999999999982
France,Partner->CHN,2008-09,1.7763568394002505e-15
France,Partner->CHN,2008-10,1.375
France,Partner->CHN,2008-11,3.299999999999999
France,Partner->CHN,2008-12,4.625000000000002
France,Partner->CHN,2009-01,-0.5
France,Partner->CHN,2009-02,-0.029553225320974263
France,Partner->CHN,2009-03,1.4833333333333343
France,Partner->CHN,2009-04,2.998847221024553
France,Partner->CHN,2009-05,3.0999999999999996
France,Partner->CHN,2009-06,-2.7500000000000018
France,Partner->CHN,2009-07,1.0
France,Partner->CHN,2009-08,2.5
France,Partner->CHN,2009-09,5.125
France,Partner->CHN,2009-10,0.528683298050515
France,Partner->CHN,2009-11,2.1994961575893957
France,Partner->CHN,2009-12,0.4365140219873638
France,Partner->CHN,2010-01,4.0
France,Partner->CHN,2010-02,2.0
France,Partner->CHN,2010-03,1.4499999999999993
France,Partner->CHN,2010-04,1.539219792684527
France,Partner->CHN,2010-05,3.3999999999999986
France,Partner->CHN,2010-06,3.073826019494666
France,Partner->CHN,2010-07,2.755040196319799
France,Partner->CHN,2010-08,0.9500000000000011
France,Partner->CHN,2010-09,2.422875472220733
France,Partner->CHN,2010-10,-9.2
France,Partner->CHN,2010-11,3.1110026794464485
France,Partner->CHN,2010-12,4.225000000000003
France,Partner->CHN,2011-01,-1.9999999999999982
France,Partner->CHN,2011-02,2.0728353579027985
France,Partner->CHN,2011-03,2.447471191587418
France,Partner->CHN,2011-04,3.6999999999999993
France,Partner->CHN,2011-05,1.7763568394002505e-15
France,Partner->CHN,2011-06,0.9750000000000014
France,Partner->CHN,2011-07,2.695617488919579
France,Partner->CHN,2011-08,4.0
France,Partner->CHN,2011-09,3.0769055779828314
France,Partner->CHN,2011-10,2.554883457813494
France,Partner->CHN,2011-11,3.125
France,Partner->CHN,2011-12,4.0
France,Partner->CHN,2012-01,3.719652542363276
France,Partner->CHN,2012-02,3.444544731193437
France,Partner->CHN,2012-03,3.1745786383861017
France,Partner->CHN,2012-04,2.5222802971681038
France,Partner->CHN,2012-05,1.9000000000000004
France,Partner->CHN,2012-06,2.5
France,Partner->CHN,2012-07,0.7885480092693395
France,Partner->CHN,2012-08,2.8000000000000025
France,Partner->CHN,2012-09,2.5
France,Partner->CHN,2012-10,2.0
France,Partner->CHN,2012-11,-0.75
France,Partner->CHN,2012-12,2.9999999999999964
France,Partner->CHN,2013-01,1.9000000000000004
France,Partner->CHN,2013-02,0.9121786420452889
France,Partner->CHN,2013-03,1.7763568394002505e-15
France,Partner->CHN,2013-04,2.4354083898602354
France,Partner->CHN,2013-05,1.4499999999999993
France,Partner->CHN,2013-06,-5.999999999999999
France,Partner->CHN,2013-07,-3.2572217304176467
France,Partner->CHN,2013-08,0.9901230663833385
France,Partner->CHN,2013-09,0.6666666666666661
France,Partner->CHN,2013-10,1.9000000000000004
France,Partner->CHN,2013-11,3.2696982662509004
France,Partner->CHN,2013-12,1.9000000000000004
France,Partner->CHN,2014-01,3.3999999999999986
France,Partner->CHN,2014-02,2.0
France,Partner->CHN,2014-03,3.1999999999999993
France,Partner->CHN,2014-04,1.3000000000000025
France,Partner->CHN,2014-05,3.1297084310253496
France,Partner->CHN,2014-06,-0.40000000000000036
France,Partner->CHN,2014-07,2.8000000000000025
France,Partner->CHN,2014-08,2.833333333333332
France,Partner->CHN,2014-09,3.7500000000000018
France,Partner->CHN,2014-10,1.8562233847250482
France,Partner->CHN,2014-11,3.6999999999999993
France,Partner->CHN,2014-12,2.703986766513168
France,Partner->CHN,2015-01,1.775459407943405
France,Partner->CHN,2015-02,2.9427400463466995
France,Partner->CHN,2015-03,1.7763568394002505e-15
France,Partner->CHN,2015-04,3.666666666666666
France,Partner->CHN,2015-05,3.6000000000000014
France,Partner->CHN,2015-06,-0.32500000000000107
France,Partner->CHN,2015-07,4.6721272631598705
France,Partner->CHN,2015-08,4.33238105929402
France,Partner->CHN,2015-09,4.0
France,Partner->CHN,2015-10,6.0
France,Partner->CHN,2015-11,5.266248898365955
France,Partner->CHN,2015-12,-1.733333333333336
France,Partner->CHN,2016-01,7.9999999999999964
France,Partner->CHN,2016-02,6.023803640025381
France,Partner->CHN,2016-03,4.253152124954809
France,Partner->CHN,2016-04,2.6666666666666643
France,Partner->CHN,2016-05,1.0
France,Partner->CHN,2016-06,3.5
France,Partner->CHN,2016-07,0.15389743566165848
France,Partner->CHN,2016-08,-2.4200394479131244
France,Partner->CHN,2016-09,-4.400000000000001
France,Partner->CHN,2016-10,-1.6999999999999993
France,Partner->CHN,2016-11,-1.2965554841516589
France,Partner->CHN,2016-12,-0.8756090890164216
France,Partner->CHN,2017-01,-0.43640156328081936
France,Partner->CHN,2017-02,0.021859281549126308
France,Partner->CHN,2017-03,0.4999999999999982
France,Partner->CHN,2017-04,-4.27525512860841
France,Partner->CHN,2017-05,-3.113055720979623
France,Partner->CHN,2017-06,-1.7499999999999982
France,Partner->CHN,2017-07,-0.9999999999999982
France,Partner->CHN,2017-08,1.0
France,Partner->CHN,2017-09,4.999999999999998
France,Partner->CHN,2017-10,3.3999999999999986
France,Partner->CHN,2017-11,-0.8000000000000025
France,Partner->CHN,2017-12,0.9425227308751634
France,Partner->CHN,2018-01,2.982730311516667
France,Partner->CHN,2018-02,4.0
France,Partner->CHN,2018-03,-1.5689903988410112
France,Partner->CHN,2018-04,-2.794928867912386
France,Partner->CHN,2018-05,4.750000000000002
France,Partner->CHN,2018-06,2.6000000000000014
France,Partner->CHN,2018-07,-10.0
France,Partner->CHN,2018-08,4.0
France,Partner->CHN,2018-09,2.9499999999999993
France,Partner->CHN,2018-10,-2.400000000000002
France,Partner->CHN,2018-11,-0.07363528518622608
France,Partner->CHN,2018-12,2.882028590828785
France,Partner->CHN,2019-01,4.96871942267131
France,Partner->CHN,2019-02,1.0
France,Partner->CHN,2019-03,1.0
Germany,Aggregated,2002-01,
Germany,Aggregated,2002-02,
Germany,Aggregated,2002-03,2.366666666666667
Germany,Aggregated,2002-04,2.3231602419489423
Germany,Aggregated,2002-05,5.199999999999996
Germany,Aggregated,2002-06,-1.5358983848622483
Germany,Aggregated,2002-07,6.0
Germany,Aggregated,2002-08,1.7763568394002505e-15
Germany,Aggregated,2002-09,2.063635319424309
Germany,Aggregated,2002-10,-4.1
Germany,Aggregated,2002-11,2.8000000000000025
Germany,Aggregated,2002-12,1.4182030548427509
Germany,Aggregated,2003-01,2.549999999999997
Germany,Aggregated,2003-02,3.333333333333334
Germany,Aggregated,2003-03,3.0050851431172596
Germany,Aggregated,2003-04,2.037494484853834
Germany,Aggregated,2003-05,1.1367532368147142
Germany,Aggregated,2003-06,5.266666666666666
Germany,Aggregated,2003-07,2.0
Germany,Aggregated,2003-08,1.8787061505542884
Germany,Aggregated,2003-09,1.7585440086403796
Germany,Aggregated,2003-10,1.7499999999999964
Germany,Aggregated,2003-11,4.0
Germany,Aggregated,2003-12,3.0308049020381276
Germany,Aggregated,2004-01,-0.5
Germany,Aggregated,2004-02,1.3568930472344096
Germany,Aggregated,2004-03,3.542171979122873
Germany,Aggregated,2004-04,3.5
Germany,Aggregated,2004-05,2.6038292731044876
Germany,Aggregated,2004-06,1.7499999999999964
Germany,Aggregated,2004-07,2.4905810137682938
Germany,Aggregated,2004-08,1.7234811339200515
Germany,Aggregated,2004-09,1.0
Germany,Aggregated,2004-10,4.055213871621778
Germany,Aggregated,2004-11,-0.09498055367456182
Germany,Aggregated,2004-12,0.7778821280323953
Germany,Aggregated,2005-01,1.9000000000000004
Germany,Aggregated,2005-02,6.0
Germany,Aggregated,2005-03,-2.299999999999999
Germany,Aggregated,2005-04,1.767801696845284
Germany,Aggregated,2005-05,-7.0
Germany,Aggregated,2005-06,-1.6250000000000018
Germany,Aggregated,2005-07,1.0
Germany,Aggregated,2005-08,6.399999999999999
Germany,Aggregated,2005-09,2.803260484392812
Germany,Aggregated,2005-10,-0.04999999999999716
Germany,Aggregated,2005-11,2.5115164186373384
Germany,Aggregated,2005-12,1.448156188767019
Germany,Aggregated,2006-01,0.46848271495245264
Germany,Aggregated,2006-02,2.716112917113051
Germany,Aggregated,2006-03,-0.5
Germany,Aggregated,2006-04,0.9925839090300279
Germany,Aggregated,2006-05,0.6237876750374056
Germany,Aggregated,2006-06,3.7500000000000018
Germany,Aggregated,2006-07,2.613353879668937
Germany,Aggregated,2006-08,1.5642985663116722
Germany,Aggregated,2006-09,2.492305621595156
Germany,Aggregated,2006-10,1.8459498417995324
Germany,Aggregated,2006-11,-0.9191954750792473
Germany,Aggregated,2006-12,-1.219195475079248
Germany,Aggregated,2007-01,-3.8287932126188737
Germany,Aggregated,2007-02,1.6066740362440513
Germany,Aggregated,2007-03,2.626276011906292
Germany,Aggregated,2007-04,-5.625631458127447
Germany,Aggregated,2007-05,1.5333333333333332
Germany,Aggregated,2007-06,2.9000000000000004
Germany,Aggregated,2007-07,5.305334046624289
Germany,Aggregated,2007-08,1.537445037509709
Germany,Aggregated,2007-09,-0.9799115438824568
Germany,Aggregated,2007-10,-0.6675438458802567
Germany,Aggregated,2007-11,3.6500000000000004
Germany,Aggregated,2007-12,2.133333333333333
Germany,Aggregated,2008-01,0.8487953849798604
Germany,Aggregated,2008-02,1.0
Germany,Aggregated,2008-03,3.146884979063639
Germany,Aggregated,2008-04,0.13333136186216699
Germany,Aggregated,2008-05,2.768331253021275
Germany,Aggregated,2008-06,2.080299461746927
Germany,Aggregated,2008-07,-1.034687897854706
Germany,Aggregated,2008-08,4.499999999999998
Germany,Aggregated,2008-09,2.8645187066768507
Germany,Aggregated,2008-10,1.7250000000000032
Germany,Aggregated,2008-11,6.0
Germany,Aggregated,2008-12,4.192123911393768
Germany,Aggregated,2009-01,2.576507584655422
Germany,Aggregated,2009-02,2.421206787381127
Germany,Aggregated,2009-03,2.6999999999999993
Germany,Aggregated,2009-04,7.9999999999999964
Germany,Aggregated,2009-05,-4.749999999999999
Germany,Aggregated,2009-06,1.0
Germany,Aggregated,2009-07,0.7289701082909819
Germany,Aggregated,2009-08,3.799999999999997
Germany,Aggregated,2009-09,3.7450615331916683
Germany,Aggregated,2009-10,1.4146621596357392
Germany,Aggregated,2009-11,3.5500000000000007
Germany,Aggregated,2009-12,-1.9999999999999982
Germany,Aggregated,2010-01,-4.331302701039986
Germany,Aggregated,2010-02,-0.7315172850475502
Germany,Aggregated,2010-03,-1.3666666666666654
Germany,Aggregated,2010-04,3.4749999999999996
Germany,Aggregated,2010-05,2.865723203362375
Germany,Aggregated,2010-06,2.9499999999999993
Germany,Aggregated,2010-07,1.7504188859067344
Germany,Aggregated,2010-08,2.5
Germany,Aggregated,2010-09,1.7763568394002505e-15
Germany,Aggregated,2010-10,2.9983141277249423
Germany,Aggregated,2010-11,1.5599999999999987
Germany,Aggregated,2010-12,1.666666666666666
Germany,Aggregated,2011-01,1.9327600753263248
Germany,Aggregated,2011-02,2.6000000000000014
Germany,Aggregated,2011-03,0.27849195285858386
Germany,Aggregated,2011-04,2.635867975783139
Germany,Aggregated,2011-05,2.050055946305509
Germany,Aggregated,2011-06,1.4894110520986317
Germany,Aggregated,2011-07,5.063699407000247
Germany,Aggregated,2011-08,1.7763568394002505e-15
Germany,Aggregated,2011-09,3.299999999999999
Germany,Aggregated,2011-10,-0.2500000000000018
Germany,Aggregated,2011-11,2.3589456934946806
Germany,Aggregated,2011-12,2.0
Germany,Aggregated,2012-01,-0.75
Germany,Aggregated,2012-02,0.9419489007436255
Germany,Aggregated,2012-03,6.0
Germany,Aggregated,2012-04,3.458983390111184
Germany,Aggregated,2012-05,1.0
Germany,Aggregated,2012-06,0.3428571428571434
Germany,Aggregated,2012-07,-0.7243043205809077
Germany,Aggregated,2012-08,-1.6910648378812976
Germany,Aggregated,2012-09,0.5722410394694606
Germany,Aggregated,2012-10,1.7666666666666675
Germany,Aggregated,2012-11,-2.35124009447415
Germany,Aggregated,2012-12,-8.059122595971425
Germany,Aggregated,2013-01,-10.0
Germany,Aggregated,2013-02,2.8497692171126285
Germany,Aggregated,2013-03,2.7999999999999954
Germany,Aggregated,2013-04,3.1005669951562904
Germany,Aggregated,2013-05,3.4076804047022424
Germany,Aggregated,2013-06,1.0
Germany,Aggregated,2013-07,-2.5147186257614305
Germany,Aggregated,2013-08,1.0
Germany,Aggregated,2013-09,2.6138065571837643
Germany,Aggregated,2013-10,1.0
Germany,Aggregated,2013-11,1.8065090036471094
Germany,Aggregated,2013-12,-0.5
Germany,Aggregated,2014-01,2.382798898786909
Germany,Aggregated,2014-02,-5.468273325624266
Germany,Aggregated,2014-03,3.759149431308943
Germany,Aggregated,2014-04,-0.6224961222603245
Germany,Aggregated,2014-05,4.899999999999997
Germany,Aggregated,2014-06,3.091523517211874
Germany,Aggregated,2014-07,1.4887443418953001
Germany,Aggregated,2014-08,0.8750000000000018
Germany,Aggregated,2014-09,1.1250000000000018
Germany,Aggregated,2014-10,2.404188639899658
Germany,Aggregated,2014-11,4.0
Germany,Aggregated,2014-12,3.696938456699071
Germany,Aggregated,2015-01,3.3999999999999986
Germany,Aggregated,2015-02,1.0999999999999996
Germany,Aggregated,2015-03,2.321661558028964
Germany,Aggregated,2015-04,3.666666666666666
Germany,Aggregated,2015-05,3.5
Germany,Aggregated,2015-06,1.7763568394002505e-15
Germany,Aggregated,2015-07,3.8194086842742845
Germany,Aggregated,2015-08,4.731628174711624
Germany,Aggregated,2015-09,5.700000000000003
Germany,Aggregated,2015-10,3.1818908593222606
Germany,Aggregated,2015-11,2.5
Germany,Aggregated,2015-12,7.400000000000002
Germany,Aggregated,2016-01,5.199999999999996
Germany,Aggregated,2016-02,4.3264477293337595
Germany,Aggregated,2016-03,3.5
Germany,Aggregated,2016-04,2.25
Germany,Aggregated,2016-05,2.783124816096908
Germany,Aggregated,2016-06,3.337700354423122
Germany,Aggregated,2016-07,1.7763568394002505e-15
Germany,Aggregated,2016-08,0.48912529307605546
Germany,Aggregated,2016-09,1.0
Germany,Aggregated,2016-10,-1.9999999999999982
Germany,Aggregated,2016-11,1.7763568394002505e-15
Germany,Aggregated,2016-12,-4.6
Germany,Aggregated,2017-01,-1.207488569221585
Germany,Aggregated,2017-02,1.5000000000000018
Germany,Aggregated,2017-03,-3.833333333333333
Germany,Aggregated,2017-04,0.48912529307605546
Germany,Aggregated,2017-05,1.3040300116652634
Germany,Aggregated,2017-06,0.5549044502465819
Germany,Aggregated,2017-07,1.9333333333333336
Germany,Aggregated,2017-08,-2.200000000000003
Germany,Aggregated,2017-09,3.233333333333329
Germany,Aggregated,2017-10,3.3999999999999986
Germany,Aggregated,2017-11,2.649999999999997
Germany,Aggregated,2017-12,-1.1779308804745554
Germany,Aggregated,2018-01,2.76375490051978
Germany,Aggregated,2018-02,1.9333333333333336
Germany,Aggregated,2018-03,2.2177714355937255
Germany,Aggregated,2018-04,2.5084650817214467
Germany,Aggregated,2018-05,2.8691501888882964
Germany,Aggregated,2018-06,-1.9999999999999982
Germany,Aggregated,2018-07,1.3833072783736604
Germany,Aggregated,2018-08,-2.5999999999999996
Germany,Aggregated,2018-09,3.3999999999999986
Germany,Aggregated,2018-10,4.0
Germany,Aggregated,2018-11,5.418713521262703
Germany,Aggregated,2018-12,-2.411246567284474
Germany,Aggregated,2019-01,6.099999999999994
Germany,Aggregated,2019-02,2.1999999999999993
Germany,Aggregated,2019-03,4.0
Germany,CHN->Partner,2002-01,
Germany,CHN->Partner,2002-02,
Germany,CHN->Partner,2002-03,3.5500000000000007
Germany,CHN->Partner,2002-04,1.8922348587981155
Germany,CHN->Partner,2002-05,5.199999999999996
Germany,CHN->Partner,2002-06,-1.5358983848622483
Germany,CHN->Partner,2002-07,-0.7968084519345009
Germany,CHN->Partner,2002-08,1.7763568394002505e-15
Germany,CHN->Partner,2002-09,2.5
Germany,CHN->Partner,2002-10,-4.1
Germany,CHN->Partner,2002-11,3.3999999999999986
Germany,CHN->Partner,2002-12,-0.0985494673824423
Germany,CHN->Partner,2003-01,1.4000000000000004
Germany,CHN->Partner,2003-02,3.333333333333334
Germany,CHN->Partner,2003-03,3.0382137159266467
Germany,CHN->Partner,2003-04,0.24028128844379815
Germany,CHN->Partner,2003-05,-1.9999999999999982
Germany,CHN->Partner,2003-06,6.199999999999999
Germany,CHN->Partner,2003-07,4.0
Germany,CHN->Partner,2003-08,3.212796685537704
Germany,CHN->Partner,2003-09,2.4669059749621027
Germany,CHN->Partner,2003-10,1.7499999999999964
Germany,CHN->Partner,2003-11,6.0
Germany,CHN->Partner,2003-12,2.691590019833285
Germany,CHN->Partner,2004-01,1.0
Germany,CHN->Partner,2004-02,2.5941163743731472
Germany,CHN->Partner,2004-03,4.400000000000002
Germany,CHN->Partner,2004-04,3.5
Germany,CHN->Partner,2004-05,2.4331709754554787
Germany,CHN->Partner,2004-06,1.0
Germany,CHN->Partner,2004-07,3.6999999999999993
Germany,CHN->Partner,2004-08,2.2815661727071923
Germany,CHN->Partner,2004-09,1.0
Germany,CHN->Partner,2004-10,0.9319052792601461
Germany,CHN->Partner,2004-11,0.8641969661030053
Germany,CHN->Partner,2004-12,2.650475889136599
Germany,CHN->Partner,2005-01,1.9000000000000004
Germany,CHN->Partner,2005-02,1.4418648119966324
Germany,CHN->Partner,2005-03,1.0
Germany,CHN->Partner,2005-04,1.6000000000000032
Germany,CHN->Partner,2005-05,-7.0
Germany,CHN->Partner,2005-06,-1.6250000000000018
Germany,CHN->Partner,2005-07,1.0
Germany,CHN->Partner,2005-08,0.6392644874820004
Germany,CHN->Partner,2005-09,0.28937315079663506
Germany,CHN->Partner,2005-10,-0.04999999999999716
Germany,CHN->Partner,2005-11,3.0223107522856534
Germany,CHN->Partner,2005-12,1.545933133665521
Germany,CHN->Partner,2006-01,0.22499999999999787
Germany,CHN->Partner,2006-02,2.5663507834695203
Germany,CHN->Partner,2006-03,-0.5
Germany,CHN->Partner,2006-04,1.8426406871192853
Germany,CHN->Partner,2006-05,0.5181047822018101
Germany,CHN->Partner,2006-06,3.7500000000000018
Germany,CHN->Partner,2006-07,2.6630631603859083
Germany,CHN->Partner,2006-08,1.6562233847250472
Germany,CHN->Partner,2006-09,2.0001045773325696
Germany,CHN->Partner,2006-10,1.6613081446662807
Germany,CHN->Partner,2006-11,-0.7666666666666657
Germany,CHN->Partner,2006-12,-1.0666666666666664
Germany,CHN->Partner,2007-01,-3.5999999999999988
Germany,CHN->Partner,2007-02,1.872616289332564
Germany,CHN->Partner,2007-03,3.299999999999999
Germany,CHN->Partner,2007-04,-4.999999999999999
Germany,CHN->Partner,2007-05,2.5
Germany,CHN->Partner,2007-06,1.7250000000000032
Germany,CHN->Partner,2007-07,6.0
Germany,CHN->Partner,2007-08,1.0997497821410072
Germany,CHN->Partner,2007-09,-2.2380959574163004
Germany,CHN->Partner,2007-10,-0.9508523828115845
Germany,CHN->Partner,2007-11,3.6500000000000004
Germany,CHN->Partner,2007-12,1.4499999999999993
Germany,CHN->Partner,2008-01,1.4507947776154921
Germany,CHN->Partner,2008-02,4.0
Germany,CHN->Partner,2008-03,6.399999999999999
Germany,CHN->Partner,2008-04,2.825000000000003
Germany,CHN->Partner,2008-05,-0.5941915867199601
Germany,CHN->Partner,2008-06,1.9531234756093951
Germany,CHN->Partner,2008-07,1.845232578665133
Germany,CHN->Partner,2008-08,6.0
Germany,CHN->Partner,2008-09,5.595180023127192
Germany,CHN->Partner,2008-10,2.966666666666667
Germany,CHN->Partner,2008-11,6.0
Germany,CHN->Partner,2008-12,4.298842801114084
Germany,CHN->Partner,2009-01,2.7679171207764828
Germany,CHN->Partner,2009-02,2.1999999999999993
Germany,CHN->Partner,2009-03,2.6999999999999993
Germany,CHN->Partner,2009-04,7.9999999999999964
Germany,CHN->Partner,2009-05,4.099668870541494
Germany,CHN->Partner,2009-06,1.0
Germany,CHN->Partner,2009-07,1.7763568394002505e-15
Germany,CHN->Partner,2009-08,2.5
Germany,CHN->Partner,2009-09,3.6819805153394647
Germany,CHN->Partner,2009-10,2.2340175356886025
Germany,CHN->Partner,2009-11,3.5500000000000007
Germany,CHN->Partner,2009-12,-10.0
Germany,CHN->Partner,2010-01,-4.724575401678458
Germany,CHN->Partner,2010-02,-2.6999999999999993
Germany,CHN->Partner,2010-03,-1.3666666666666654
Germany,CHN->Partner,2010-04,2.1999999999999993
Germany,CHN->Partner,2010-05,2.823940601876309
Germany,CHN->Partner,2010-06,2.5
Germany,CHN->Partner,2010-07,0.6073251433947977
Germany,CHN->Partner,2010-08,4.999999999999998
Germany,CHN->Partner,2010-09,3.9130815058457973
Germany,CHN->Partner,2010-10,2.9000000000000004
Germany,CHN->Partner,2010-11,1.5599999999999987
Germany,CHN->Partner,2010-12,1.666666666666666
Germany,CHN->Partner,2011-01,2.1937467231738133
Germany,CHN->Partner,2011-02,1.0
Germany,CHN->Partner,2011-03,-0.9522735104317714
Germany,CHN->Partner,2011-04,2.5655607079890785
Germany,CHN->Partner,2011-05,2.3320194344437635
Germany,CHN->Partner,2011-06,2.102498748592776
Germany,CHN->Partner,2011-07,4.843304733856895
Germany,CHN->Partner,2011-08,1.7763568394002505e-15
Germany,CHN->Partner,2011-09,3.299999999999999
Germany,CHN->Partner,2011-10,-0.2500000000000018
Germany,CHN->Partner,2011-11,2.364422094803471
Germany,CHN->Partner,2011-12,4.0
Germany,CHN->Partner,2012-01,2.5
Germany,CHN->Partner,2012-02,1.1577492208049875
Germany,CHN->Partner,2012-03,2.258532876783784
Germany,CHN->Partner,2012-04,3.458983390111184
Germany,CHN->Partner,2012-05,1.0
Germany,CHN->Partner,2012-06,0.34999999999999964
Germany,CHN->Partner,2012-07,0.4116967117460302
Germany,CHN->Partner,2012-08,0.47372879655287115
Germany,CHN->Partner,2012-09,2.8000000000000025
Germany,CHN->Partner,2012-10,3.3999999999999986
Germany,CHN->Partner,2012-11,-3.596056723534021
Germany,CHN->Partner,2012-12,-8.278981206153478
Germany,CHN->Partner,2013-01,-10.0
Germany,CHN->Partner,2013-02,3.8333333333333304
Germany,CHN->Partner,2013-03,1.0
Germany,CHN->Partner,2013-04,2.0944014927214205
Germany,CHN->Partner,2013-05,3.288612537715405
Germany,CHN->Partner,2013-06,2.480948671878469
Germany,CHN->Partner,2013-07,1.7189380084400803
Germany,CHN->Partner,2013-08,1.0
Germany,CHN->Partner,2013-09,1.9365678686205179
Germany,CHN->Partner,2013-10,1.0
Germany,CHN->Partner,2013-11,4.599999999999998
Germany,CHN->Partner,2013-12,-0.5
Germany,CHN->Partner,2014-01,3.5
Germany,CHN->Partner,2014-02,-9.2
Germany,CHN->Partner,2014-03,3.8039986053382506
Germany,CHN->Partner,2014-04,2.2690908484929313
Germany,CHN->Partner,2014-05,4.899999999999997
Germany,CHN->Partner,2014-06,2.798950073937286
Germany,CHN->Partner,2014-07,0.9755360467304328
Germany,CHN->Partner,2014-08,0.8750000000000018
Germany,CHN->Partner,2014-09,-2.7500000000000018
Germany,CHN->Partner,2014-10,2.333476355523535
Germany,CHN->Partner,2014-11,4.0
Germany,CHN->Partner,2014-12,3.696938456699071
Germany,CHN->Partner,2015-01,3.3999999999999986
Germany,CHN->Partner,2015-02,2.649999999999997
Germany,CHN->Partner,2015-03,3.0685820180997645
Germany,CHN->Partner,2015-04,3.5
Germany,CHN->Partner,2015-05,3.5
Germany,CHN->Partner,2015-06,3.6011765088212915
Germany,CHN->Partner,2015-07,3.7030589959830778
Germany,CHN->Partner,2015-08,4.669750643610046
Germany,CHN->Partner,2015-09,5.700000000000003
Germany,CHN->Partner,2015-10,1.648908670245877
Germany,CHN->Partner,2015-11,2.5
Germany,CHN->Partner,2015-12,7.400000000000002
Germany,CHN->Partner,2016-01,5.199999999999996
Germany,CHN->Partner,2016-02,4.150093127552234
Germany,CHN->Partner,2016-03,3.1682297391052714
Germany,CHN->Partner,2016-04,2.25
Germany,CHN->Partner,2016-05,2.7648473808330056
Germany,CHN->Partner,2016-06,3.2996998805754902
Germany,CHN->Partner,2016-07,3.1360571351431226
Germany,CHN->Partner,2016-08,2.974287082729221
Germany,CHN->Partner,2016-09,2.8143682926304
Germany,CHN->Partner,2016-10,2.6562795793916845
Germany,CHN->Partner,2016-11,2.5
Germany,CHN->Partner,2016-12,-9.2
Germany,CHN->Partner,2017-01,-4.819999999999999
Germany,CHN->Partner,2017-02,1.5000000000000018
Germany,CHN->Partner,2017-03,-3.833333333333333
Germany,CHN->Partner,2017-04,1.0
Germany,CHN->Partner,2017-05,1.9133040700956503
Germany,CHN->Partner,2017-06,0.19647440713328912
Germany,CHN->Partner,2017-07,0.3000000000000007
Germany,CHN->Partner,2017-08,3.3999999999999986
Germany,CHN->Partner,2017-09,3.233333333333329
Germany,CHN->Partner,2017-10,3.3999999999999986
Germany,CHN->Partner,2017-11,3.3999999999999986
Germany,CHN->Partner,2017-12,-1.9999999999999982
Germany,CHN->Partner,2018-01,6.399999999999999
Germany,CHN->Partner,2018-02,1.9000000000000004
Germany,CHN->Partner,2018-03,1.930403827694164
Germany,CHN->Partner,2018-04,1.9608793137401435
Germany,CHN->Partner,2018-05,3.25
Germany,CHN->Partner,2018-06,2.0377843478090565
Germany,CHN->Partner,2018-07,0.9286891719280543
Germany,CHN->Partner,2018-08,-2.5999999999999996
Germany,CHN->Partner,2018-09,3.3999999999999986
Germany,CHN->Partner,2018-10,4.0
Germany,CHN->Partner,2018-11,5.418713521262703
Germany,CHN->Partner,2018-12,-7.028116418211186
Germany,CHN->Partner,2019-01,6.099999999999994
Germany,CHN->Partner,2019-02,2.1999999999999993
Germany,CHN->Partner,2019-03,2.1999999999999993
Germany,Partner->CHN,2002-01,
Germany,Partner->CHN,2002-02,
Germany,Partner->CHN,2002-03,1.7763568394002505e-15
Germany,Partner->CHN,2002-04,3.8450210390194304
Germany,Partner->CHN,2002-05,4.0
Germany,Partner->CHN,2002-06,4.96871942267131
Germany,Partner->CHN,2002-07,6.0
Germany,Partner->CHN,2002-08,4.149257407543118
Germany,Partner->CHN,2002-09,2.5
Germany,Partner->CHN,2002-10,1.0
Germany,Partner->CHN,2002-11,2.8000000000000025
Germany,Partner->CHN,2002-12,2.1242346141747657
Germany,Partner->CHN,2003-01,6.0
Germany,Partner->CHN,2003-02,4.0
Germany,Partner->CHN,2003-03,2.7999999999999954
Germany,Partner->CHN,2003-04,3.518071130011938
Germany,Partner->CHN,2003-05,4.273506473629427
Germany,Partner->CHN,2003-06,5.400000000000002
Germany,Partner->CHN,2003-07,1.7763568394002505e-15
Germany,Partner->CHN,2003-08,0.7530121759586201
Germany,Partner->CHN,2003-09,1.557572291657415
Germany,Partner->CHN,2003-10,2.5
Germany,Partner->CHN,2003-11,1.7763568394002505e-15
Germany,Partner->CHN,2003-12,2.8793620527715706
Germany,Partner->CHN,2004-01,-1.9999999999999982
Germany,Partner->CHN,2004-02,0.13563657563419085
Germany,Partner->CHN,2004-03,2.7780446605113216
Germany,Partner->CHN,2004-04,6.0
Germany,Partner->CHN,2004-05,2.958805552018603
Germany,Partner->CHN,2004-06,2.5
Germany,Partner->CHN,2004-07,1.6952353926806065
Germany,Partner->CHN,2004-08,2.4376342165327056
Germany,Partner->CHN,2004-09,3.2234474392997505
Germany,Partner->CHN,2004-10,4.055213871621778
Germany,Partner->CHN,2004-11,3.166994566025023
Germany,Partner->CHN,2004-12,0.4037555162758313
Germany,Partner->CHN,2005-01,1.9000000000000004
Germany,Partner->CHN,2005-02,6.0
Germany,Partner->CHN,2005-03,-5.6
Germany,Partner->CHN,2005-04,2.649999999999997
Germany,Partner->CHN,2005-05,2.574792816098519
Germany,Partner->CHN,2005-06,2.5
Germany,Partner->CHN,2005-07,4.3264477293337595
Germany,Partner->CHN,2005-08,6.399999999999999
Germany,Partner->CHN,2005-09,3.9819891870205293
Germany,Partner->CHN,2005-10,1.9000000000000004
Germany,Partner->CHN,2005-11,1.7987914969119565
Germany,Partner->CHN,2005-12,1.8492961017389646
Germany,Partner->CHN,2006-01,1.9000000000000004
Germany,Partner->CHN,2006-02,2.964035140947024
Germany,Partner->CHN,2006-03,1.8907725981521235
Germany,Partner->CHN,2006-04,0.9000000000000004
Germany,Partner->CHN,2006-05,2.152056967319721
Germany,Partner->CHN,2006-06,4.0
Germany,Partner->CHN,2006-07,2.583077707206124
Germany,Partner->CHN,2006-08,1.3000000000000025
Germany,Partner->CHN,2006-09,3.2471613833491215
Germany,Partner->CHN,2006-10,1.9000000000000004
Germany,Partner->CHN,2006-11,1.9000000000000004
Germany,Partner->CHN,2006-12,1.4499999999999993
Germany,Partner->CHN,2007-01,1.9000000000000004
Germany,Partner->CHN,2007-02,1.9749999999999979
Germany,Partner->CHN,2007-03,2.2159356162583332
Germany,Partner->CHN,2007-04,-1.9999999999999982
Germany,Partner->CHN,2007-05,-0.40000000000000036
Germany,Partner->CHN,2007-06,5.25
Germany,Partner->CHN,2007-07,4.96871942267131
Germany,Partner->CHN,2007-08,1.6771459686149122
Germany,Partner->CHN,2007-09,1.650000000000004
Germany,Partner->CHN,2007-10,-0.40000000000000036
Germany,Partner->CHN,2007-11,1.9000000000000004
Germany,Partner->CHN,2007-12,3.5
Germany,Partner->CHN,2008-01,0.8073886348659887
Germany,Partner->CHN,2008-02,1.0
Germany,Partner->CHN,2008-03,2.6046991422409107
Germany,Partner->CHN,2008-04,-0.7833333333333332
Germany,Partner->CHN,2008-05,3.999937887599698
Germany,Partner->CHN,2008-06,2.7999999999999954
Germany,Partner->CHN,2008-07,-0.6663619340987594
Germany,Partner->CHN,2008-08,2.9999999999999964
Germany,Partner->CHN,2008-09,2.9999999999999964
Germany,Partner->CHN,2008-10,-1.9999999999999982
Germany,Partner->CHN,2008-11,6.0
Germany,Partner->CHN,2008-12,4.372395517773581
Germany,Partner->CHN,2009-01,2.9006202326391346
Germany,Partner->CHN,2009-02,2.8000000000000025
Germany,Partner->CHN,2009-03,1.9000000000000004
Germany,Partner->CHN,2009-04,7.9999999999999964
Germany,Partner->CHN,2009-05,-4.749999999999999
Germany,Partner->CHN,2009-06,1.0
Germany,Partner->CHN,2009-07,0.9719601443879728
Germany,Partner->CHN,2009-08,3.799999999999997
Germany,Partner->CHN,2009-09,4.833333333333332
Germany,Partner->CHN,2009-10,1.412317174822178
Germany,Partner->CHN,2009-11,3.5500000000000007
Germany,Partner->CHN,2009-12,6.0
Germany,Partner->CHN,2010-01,4.999999999999998
Germany,Partner->CHN,2010-02,2.2666666666666657
Germany,Partner->CHN,2010-03,2.9499999999999993
Germany,Partner->CHN,2010-04,4.499999999999998
Germany,Partner->CHN,2010-05,4.0
Germany,Partner->CHN,2010-06,2.9499999999999993
Germany,Partner->CHN,2010-07,3.10799224134699
Germany,Partner->CHN,2010-08,1.7763568394002505e-15
Germany,Partner->CHN,2010-09,1.7763568394002505e-15
Germany,Partner->CHN,2010-10,2.9285714285714306
Germany,Partner->CHN,2010-11,3.7500000000000018
Germany,Partner->CHN,2010-12,4.0
Germany,Partner->CHN,2011-01,1.5278566761215657
Germany,Partner->CHN,2011-02,2.6000000000000014
Germany,Partner->CHN,2011-03,2.350000000000003
Germany,Partner->CHN,2011-04,2.9159604012508744
Germany,Partner->CHN,2011-05,1.9589851977241146
Germany,Partner->CHN,2011-06,1.067819432695238
Germany,Partner->CHN,2011-07,5.290893987715741
Germany,Partner->CHN,2011-08,4.5100677373956835
Germany,Partner->CHN,2011-09,3.7666666666666657
Germany,Partner->CHN,2011-10,4.238936685194146
Germany,Partner->CHN,2011-11,4.726310922936076
Germany,Partner->CHN,2011-12,2.0
Germany,Partner->CHN,2012-01,-0.75
Germany,Partner->CHN,2012-02,1.5019934519025764
Germany,Partner->CHN,2012-03,6.0
Germany,Partner->CHN,2012-04,3.7500000000000018
Germany,Partner->CHN,2012-05,2.414544345597431
Germany,Partner->CHN,2012-06,1.1999999999999993
Germany,Partner->CHN,2012-07,-0.021549206077450478
Germany,Partner->CHN,2012-08,-1.1207883742148574
Germany,Partner->CHN,2012-09,0.60627970158931
Germany,Partner->CHN,2012-10,0.9500000000000011
Germany,Partner->CHN,2012-11,0.7500000000000018
Germany,Partner->CHN,2012-12,1.0741788716354463
Germany,Partner->CHN,2013-01,1.407301738233862
Germany,Partner->CHN,2013-02,1.749615361854385
Germany,Partner->CHN,2013-03,3.6999999999999993
Germany,Partner->CHN,2013-04,3.6749642631012467
Germany,Partner->CHN,2013-05,3.6499711648502533
Germany,Partner->CHN,2013-06,1.0
Germany,Partner->CHN,2013-07,-2.5147186257614305
Germany,Partner->CHN,2013-08,-0.1254563426129245
Germany,Partner->CHN,2013-09,2.9365678686205197
Germany,Partner->CHN,2013-10,1.9071361242887352
Germany,Partner->CHN,2013-11,0.9537438845342621
Germany,Partner->CHN,2013-12,1.3971023487468628
Germany,Partner->CHN,2014-01,1.8569047597001394
Germany,Partner->CHN,2014-02,6.0
Germany,Partner->CHN,2014-03,3.923082448104113
Germany,Partner->CHN,2014-04,-0.1999999999999993
Germany,Partner->CHN,2014-05,6.399999999999999
Germany,Partner->CHN,2014-06,4.628522344778565
Germany,Partner->CHN,2014-07,3.037397165588674
Germany,Partner->CHN,2014-08,3.7500000000000018
Germany,Partner->CHN,2014-09,4.999999999999998
Germany,Partner->CHN,2014-10,2.0286444808136466
Germany,Partner->CHN,2014-11,4.0
Germany,Partner->CHN,2014-12,2.506170019140553
Germany,Partner->CHN,2015-01,1.161108572395408
Germany,Partner->CHN,2015-02,-0.04999999999999716
Germany,Partner->CHN,2015-03,1.672805529952715
Germany,Partner->CHN,2015-04,3.666666666666666
Germany,Partner->CHN,2015-05,1.701705922171767
Germany,Partner->CHN,2015-06,1.7763568394002505e-15
Germany,Partner->CHN,2015-07,2.9999999999999964
Germany,Partner->CHN,2015-08,4.4272486205415085
Germany,Partner->CHN,2015-09,6.0
Germany,Partner->CHN,2015-10,3.6283798298198686
Germany,Partner->CHN,2015-11,2.5
Germany,Partner->CHN,2015-12,7.400000000000002
Germany,Partner->CHN,2016-01,5.995523619553197
Germany,Partner->CHN,2016-02,4.6982512555864435
Germany,Partner->CHN,2016-03,3.5
Germany,Partner->CHN,2016-04,3.466589743362226
Germany,Partner->CHN,2016-05,3.4332564691553973
Germany,Partner->CHN,2016-06,3.3999999999999986
Germany,Partner->CHN,2016-07,1.7763568394002505e-15
Germany,Partner->CHN,2016-08,0.48912529307605546
Germany,Partner->CHN,2016-09,1.0
Germany,Partner->CHN,2016-10,-1.9999999999999982
Germany,Partner->CHN,2016-11,1.7763568394002505e-15
Germany,Partner->CHN,2016-12,1.7763568394002505e-15
Germany,Partner->CHN,2017-01,3.4599999999999955
Germany,Partner->CHN,2017-02,2.97175722663402
Germany,Partner->CHN,2017-03,2.5
Germany,Partner->CHN,2017-04,0.3237134824019634
Germany,Partner->CHN,2017-05,-0.09999999999999964
Germany,Partner->CHN,2017-06,1.7716247880623843
Germany,Partner->CHN,2017-07,3.6000000000000014
Germany,Partner->CHN,2017-08,-5.0
Germany,Partner->CHN,2017-09,4.0
Germany,Partner->CHN,2017-10,3.3999999999999986
Germany,Partner->CHN,2017-11,2.4000000000000004
Germany,Partner->CHN,2017-12,-0.903907840632737
Germany,Partner->CHN,2018-01,1.210272907979709
Germany,Partner->CHN,2018-02,2.6666666666666696
Germany,Partner->CHN,2018-03,3.0771682758524523
Germany,Partner->CHN,2018-04,3.5
Germany,Partner->CHN,2018-05,3.5191555975123467
Germany,Partner->CHN,2018-06,-1.9999999999999982
Germany,Partner->CHN,2018-07,2.7984040746824395
Germany,Partner->CHN,2018-08,4.0
Germany,Partner->CHN,2018-09,3.3999999999999986
Germany,Partner->CHN,2018-10,4.0
Germany,Partner->CHN,2018-11,2.2287565553229562
Germany,Partner->CHN,2018-12,0.6666666666666661
Germany,Partner->CHN,2019-01,5.199999999999996
Germany,Partner->CHN,2019-02,4.588457268119894
Germany,Partner->CHN,2019-03,4.0
India,Aggregated,2002-01,1.2933319867108022
India,Aggregated,2002-02,1.575703152573503
India,Aggregated,2002-03,1.8645602309127334
India,Aggregated,2002-04,2.966666666666667
India,Aggregated,2002-05,2.6999999999999993
India,Aggregated,2002-06,3.194936836180837
India,Aggregated,2002-07,2.8000000000000025
India,Aggregated,2002-08,5.199999999999996
India,Aggregated,2002-09,1.4666666666666686
India,Aggregated,2002-10,3.1666666666666643
India,Aggregated,2002-11,-1.7533621710771854
India,Aggregated,2002-12,1.2859730604295798
India,Aggregated,2003-01,2.224407702624614
India,Aggregated,2003-02,2.5
India,Aggregated,2003-03,-0.6333333333333364
India,Aggregated,2003-04,1.4284827149524482
India,Aggregated,2003-05,3.277513973175296
India,Aggregated,2003-06,0.9792240967763313
India,Aggregated,2003-07,2.349999999999998
India,Aggregated,2003-08,2.6666666666666696
India,Aggregated,2003-09,2.5
India,Aggregated,2003-10,3.0917560663192756
India,Aggregated,2003-11,3.0654363409360794
India,Aggregated,2003-12,2.747471191587419
India,Aggregated,2004-01,2.4066533864014854
India,Aggregated,2004-02,1.3249999999999975
India,Aggregated,2004-03,-1.4393966063094368
India,Aggregated,2004-04,2.3424135747622508
India,Aggregated,2004-05,1.6166666666666671
India,Aggregated,2004-06,1.5086632481472027
India,Aggregated,2004-07,1.5673292192132475
India,Aggregated,2004-08,1.0
India,Aggregated,2004-09,-1.6400000000000006
India,Aggregated,2004-10,2.0
India,Aggregated,2004-11,3.371671843543872
India,Aggregated,2004-12,1.9047533263121732
India,Aggregated,2005-01,3.1742289548396503
India,Aggregated,2005-02,3.2440877741234484
India,Aggregated,2005-03,1.6565089459852533
India,Aggregated,2005-04,2.831769377497185
India,Aggregated,2005-05,1.599999999999996
India,Aggregated,2005-06,2.859911760779246
India,Aggregated,2005-07,2.6374999999999957
India,Aggregated,2005-08,3.7500000000000018
India,Aggregated,2005-09,4.06280727726835
India,Aggregated,2005-10,0.07946135782017016
India,Aggregated,2005-11,2.3257130604818492
India,Aggregated,2005-12,2.409349291397165
India,Aggregated,2006-01,1.9759048094846356
India,Aggregated,2006-02,-0.3434528380322348
India,Aggregated,2006-03,-0.5884226097472354
India,Aggregated,2006-04,-1.3060839815002296
India,Aggregated,2006-05,2.7372789108343785
India,Aggregated,2006-06,1.8301604705500747
India,Aggregated,2006-07,3.2439353187012383
India,Aggregated,2006-08,3.524234614174766
India,Aggregated,2006-09,3.608650471698555
India,Aggregated,2006-10,5.657400251870477
India,Aggregated,2006-11,2.824360549192887
India,Aggregated,2006-12,2.166666666666668
India,Aggregated,2007-01,1.560603393690565
India,Aggregated,2007-02,4.143291473185899
India,Aggregated,2007-03,0.6685322891691357
India,Aggregated,2007-04,0.1261286825260921
India,Aggregated,2007-05,1.854949454815662
India,Aggregated,2007-06,3.617352004479155
India,Aggregated,2007-07,2.093556263722327
India,Aggregated,2007-08,-0.45131576882038793
India,Aggregated,2007-09,2.5591848266002604
India,Aggregated,2007-10,2.0370653010530937
India,Aggregated,2007-11,3.047187990689917
India,Aggregated,2007-12,4.80598878164302
India,Aggregated,2008-01,0.9347871862315138
India,Aggregated,2008-02,4.999999999999998
India,Aggregated,2008-03,1.7658332525702036
India,Aggregated,2008-04,2.224478140682468
India,Aggregated,2008-05,0.45092913418517355
India,Aggregated,2008-06,1.7705713486851185
India,Aggregated,2008-07,3.918767590462739
India,Aggregated,2008-08,1.470771593068612
India,Aggregated,2008-09,1.8008295164244519
India,Aggregated,2008-10,2.132456154119744
India,Aggregated,2008-11,3.5420423089840636
India,Aggregated,2008-12,2.4654079005306215
India,Aggregated,2009-01,0.43811283839492
India,Aggregated,2009-02,1.015126109707051
India,Aggregated,2009-03,-1.576182804242805
India,Aggregated,2009-04,3.421437162401821
India,Aggregated,2009-05,-2.6277186767309875
India,Aggregated,2009-06,1.934141701211173
India,Aggregated,2009-07,2.4421491844441796
India,Aggregated,2009-08,1.4799713084858812
India,Aggregated,2009-09,0.6223677432958361
India,Aggregated,2009-10,-0.2454251881818621
India,Aggregated,2009-11,1.748747665304009
India,Aggregated,2009-12,1.1110744506295678
India,Aggregated,2010-01,-0.07735308523022333
India,Aggregated,2010-02,3.799999999999997
India,Aggregated,2010-03,2.159882493933189
India,Aggregated,2010-04,2.6219288141680526
India,Aggregated,2010-05,2.2613091610850784
India,Aggregated,2010-06,-3.5208734863857876
India,Aggregated,2010-07,0.9109934037589404
India,Aggregated,2010-08,2.775002477207554
India,Aggregated,2010-09,0.6952507764667093
India,Aggregated,2010-10,1.7941371241062267
India,Aggregated,2010-11,1.5728729287935597
India,Aggregated,2010-12,2.8401835649207055
India,Aggregated,2011-01,-0.31888906286191876
India,Aggregated,2011-02,0.4412649009293723
India,Aggregated,2011-03,1.9516578625149386
India,Aggregated,2011-04,3.9499208676581468
India,Aggregated,2011-05,1.3000000000000025
India,Aggregated,2011-06,3.0347397970071395
India,Aggregated,2011-07,0.27386337537059724
India,Aggregated,2011-08,-0.7731951617898449
India,Aggregated,2011-09,1.7204999068987004
India,Aggregated,2011-10,2.3149912544567446
India,Aggregated,2011-11,1.6375161746122213
India,Aggregated,2011-12,2.021938108560615
India,Aggregated,2012-01,1.872450407478464
India,Aggregated,2012-02,1.304876927774698
India,Aggregated,2012-03,2.064014027080809
India,Aggregated,2012-04,1.4659973384920733
India,Aggregated,2012-05,1.8769908050871198
India,Aggregated,2012-06,-0.5004492099435502
India,Aggregated,2012-07,2.009476196782016
India,Aggregated,2012-08,2.2750000000000004
India,Aggregated,2012-09,1.5643018894878278
India,Aggregated,2012-10,3.7500000000000018
India,Aggregated,2012-11,-0.7534796960503805
India,Aggregated,2012-12,-1.040000000000001
India,Aggregated,2013-01,0.8166666666666647
India,Aggregated,2013-02,2.8267198553192543
India,Aggregated,2013-03,2.2115963577181645
India,Aggregated,2013-04,-0.24836577658389913
India,Aggregated,2013-05,0.186142285407632
India,Aggregated,2013-06,3.4247551208148117
India,Aggregated,2013-07,1.6706625568314095
India,Aggregated,2013-08,-0.023477669744336183
India,Aggregated,2013-09,1.8333333333333321
India,Aggregated,2013-10,2.0533113362757316
India,Aggregated,2013-11,0.3064960809719892
India,Aggregated,2013-12,0.3249999999999993
India,Aggregated,2014-01,-1.0949125993828712
India,Aggregated,2014-02,3.561097152340688
India,Aggregated,2014-03,1.8927092152177636
India,Aggregated,2014-04,1.660655487180529
India,Aggregated,2014-05,0.9877680233652146
India,Aggregated,2014-06,3.1640558969691757
India,Aggregated,2014-07,-0.6069802740624226
India,Aggregated,2014-08,-0.3280620122978153
India,Aggregated,2014-09,2.1698928292753106
India,Aggregated,2014-10,1.6571428571428548
India,Aggregated,2014-11,0.637285580400329
India,Aggregated,2014-12,3.3982854349493508
India,Aggregated,2015-01,-2.081412738473242
India,Aggregated,2015-02,0.8352943532013946
India,Aggregated,2015-03,4.767263690244983
India,Aggregated,2015-04,0.16666666666666785
India,Aggregated,2015-05,1.8052121489321085
India,Aggregated,2015-06,-0.6799999999999997
India,Aggregated,2015-07,0.6741294454788811
India,Aggregated,2015-08,2.5
India,Aggregated,2015-09,-1.4744049642290857
India,Aggregated,2015-10,2.3819977150518508
India,Aggregated,2015-11,3.3225822131876104
India,Aggregated,2015-12,2.807562367689428
India,Aggregated,2016-01,4.578118510912759
India,Aggregated,2016-02,0.5245966692414843
India,Aggregated,2016-03,3.0999999999999996
India,Aggregated,2016-04,0.3057502219408814
India,Aggregated,2016-05,-0.3229153727760803
India,Aggregated,2016-06,0.2123490463515907
India,Aggregated,2016-07,0.8166247903554034
India,Aggregated,2016-08,2.109693845669904
India,Aggregated,2016-09,2.543421057223144
India,Aggregated,2016-10,3.0109509375619297
India,Aggregated,2016-11,-0.6357686960726223
India,Aggregated,2016-12,-3.333333333333332
India,Aggregated,2017-01,-4.8768943743823385
India,Aggregated,2017-02,1.2249999999999996
India,Aggregated,2017-03,1.7763568394002505e-15
India,Aggregated,2017-04,-1.7221172443478352
India,Aggregated,2017-05,1.9991440048831262
India,Aggregated,2017-06,0.40282493984548573
India,Aggregated,2017-07,-3.2398005776687624
India,Aggregated,2017-08,-0.33625281931058204
India,Aggregated,2017-09,1.1907243901477358
India,Aggregated,2017-10,2.7070345576971544
India,Aggregated,2017-11,0.6283260175239125
India,Aggregated,2017-12,1.489168481440986
India,Aggregated,2018-01,-1.780703115527821
India,Aggregated,2018-02,1.9420997883030822
India,Aggregated,2018-03,3.0926148832278617
India,Aggregated,2018-04,1.6799557710134074
India,Aggregated,2018-05,2.833333333333332
India,Aggregated,2018-06,1.1500024772075559
India,Aggregated,2018-07,1.666666666666666
India,Aggregated,2018-08,2.133333333333333
India,Aggregated,2018-09,-0.9999999999999982
India,Aggregated,2018-10,2.0
India,Aggregated,2018-11,1.8654641226757356
India,Aggregated,2018-12,1.7323205455274326
India,Aggregated,2019-01,4.275450455854619
India,Aggregated,2019-02,1.7499999999999964
India,Aggregated,2019-03,-1.9999999999999982
India,CHN->Partner,2002-01,1.290756321422867
India,CHN->Partner,2002-02,2.303642021209427
India,CHN->Partner,2002-03,3.3999999999999986
India,CHN->Partner,2002-04,2.9499999999999993
India,CHN->Partner,2002-05,2.6999999999999993
India,CHN->Partner,2002-06,3.3169338549395544
India,CHN->Partner,2002-07,3.6999999999999993
India,CHN->Partner,2002-08,5.199999999999996
India,CHN->Partner,2002-09,1.9000000000000004
India,CHN->Partner,2002-10,3.1666666666666643
India,CHN->Partner,2002-11,-0.9999999999999982
India,CHN->Partner,2002-12,1.7499999999999964
India,CHN->Partner,2003-01,1.6293309403150928
India,CHN->Partner,2003-02,2.5
India,CHN->Partner,2003-03,5.199999999999996
India,CHN->Partner,2003-04,2.1999999999999993
India,CHN->Partner,2003-05,2.938664100805333
India,CHN->Partner,2003-06,-0.41945673772496406
India,CHN->Partner,2003-07,2.349999999999998
India,CHN->Partner,2003-08,2.6666666666666696
India,CHN->Partner,2003-09,3.048879847490431
India,CHN->Partner,2003-10,3.4417823148211806
India,CHN->Partner,2003-11,3.2779959580405826
India,CHN->Partner,2003-12,2.350000000000003
India,CHN->Partner,2004-01,2.359980079602227
India,CHN->Partner,2004-02,1.799999999999999
India,CHN->Partner,2004-03,-1.3249999999999975
India,CHN->Partner,2004-04,1.9000000000000004
India,CHN->Partner,2004-05,3.849999999999998
India,CHN->Partner,2004-06,2.7055427448592315
India,CHN->Partner,2004-07,1.4564389589509918
India,CHN->Partner,2004-08,4.0
India,CHN->Partner,2004-09,-1.3999999999999986
India,CHN->Partner,2004-10,2.5
India,CHN->Partner,2004-11,3.0826942136736175
India,CHN->Partner,2004-12,1.3000000000000025
India,CHN->Partner,2005-01,3.193772351507288
India,CHN->Partner,2005-02,3.2826805232701126
India,CHN->Partner,2005-03,1.656356525121451
India,CHN->Partner,2005-04,2.827571398501938
India,CHN->Partner,2005-05,2.5
India,CHN->Partner,2005-06,2.898386676965936
India,CHN->Partner,2005-07,2.683333333333332
India,CHN->Partner,2005-08,4.0
India,CHN->Partner,2005-09,4.296250238301402
India,CHN->Partner,2005-10,0.07946135782017016
India,CHN->Partner,2005-11,3.034246265295865
India,CHN->Partner,2005-12,2.933333333333332
India,CHN->Partner,2006-01,3.2986731125918816
India,CHN->Partner,2006-02,-0.7360222050567771
India,CHN->Partner,2006-03,-0.5125702269356474
India,CHN->Partner,2006-04,-0.5999999999999996
India,CHN->Partner,2006-05,2.656581950943899
India,CHN->Partner,2006-06,2.7493675431998224
India,CHN->Partner,2006-07,3.044786570445213
India,CHN->Partner,2006-08,3.524234614174766
India,CHN->Partner,2006-09,3.4833333333333325
India,CHN->Partner,2006-10,5.657400251870477
India,CHN->Partner,2006-11,2.6067391761452257
India,CHN->Partner,2006-12,2.7500000000000018
India,CHN->Partner,2007-01,1.3000000000000025
India,CHN->Partner,2007-02,4.065110995975671
India,CHN->Partner,2007-03,4.799999999999997
India,CHN->Partner,2007-04,-0.3202319703224461
India,CHN->Partner,2007-05,1.1239753409884496
India,CHN->Partner,2007-06,3.202435728409057
India,CHN->Partner,2007-07,4.1999999999999975
India,CHN->Partner,2007-08,-0.7999999999999972
India,CHN->Partner,2007-09,3.8628190893732928
India,CHN->Partner,2007-10,2.9456933775616783
India,CHN->Partner,2007-11,3.376999863474312
India,CHN->Partner,2007-12,5.12622729679746
India,CHN->Partner,2008-01,2.1235353121772462
India,CHN->Partner,2008-02,4.999999999999998
India,CHN->Partner,2008-03,2.5906327172608528
India,CHN->Partner,2008-04,2.9499999999999993
India,CHN->Partner,2008-05,3.6371853628192383
India,CHN->Partner,2008-06,4.481110626572505
India,CHN->Partner,2008-07,3.8591427276599966
India,CHN->Partner,2008-08,1.8667978264100125
India,CHN->Partner,2008-09,2.0614025339164144
India,CHN->Partner,2008-10,2.2741476171884116
India,CHN->Partner,2008-11,2.9909054959817887
India,CHN->Partner,2008-12,3.851655965729517
India,CHN->Partner,2009-01,1.1846584384264922
India,CHN->Partner,2009-02,3.1472882706655447
India,CHN->Partner,2009-03,-2.5999999999999996
India,CHN->Partner,2009-04,3.4030862060490232
India,CHN->Partner,2009-05,-2.6277186767309875
India,CHN->Partner,2009-06,1.475432988009839
India,CHN->Partner,2009-07,2.618962456411616
India,CHN->Partner,2009-08,-1.5250000000000004
India,CHN->Partner,2009-09,0.5742371783841715
India,CHN->Partner,2009-10,0.19989643566704096
India,CHN->Partner,2009-11,2.9503289018204573
India,CHN->Partner,2009-12,3.045853905296859
India,CHN->Partner,2010-01,1.366666666666669
India,CHN->Partner,2010-02,4.0
India,CHN->Partner,2010-03,3.3518295822690902
India,CHN->Partner,2010-04,3.825032542712364
India,CHN->Partner,2010-05,3.018518179661804
India,CHN->Partner,2010-06,-4.633974596215561
India,CHN->Partner,2010-07,0.9351234792622627
India,CHN->Partner,2010-08,3.5
India,CHN->Partner,2010-09,0.3924148312796394
India,CHN->Partner,2010-10,0.9320196570621668
India,CHN->Partner,2010-11,3.584120100276225
India,CHN->Partner,2010-12,2.684803343061912
India,CHN->Partner,2011-01,1.1023257337332328
India,CHN->Partner,2011-02,2.583602340649504
India,CHN->Partner,2011-03,3.8329322380053945
India,CHN->Partner,2011-04,4.176158894417149
India,CHN->Partner,2011-05,2.9499999999999993
India,CHN->Partner,2011-06,1.6630417643586846
India,CHN->Partner,2011-07,2.0
India,CHN->Partner,2011-08,0.2556759606310752
India,CHN->Partner,2011-09,3.0884612335496744
India,CHN->Partner,2011-10,2.5
India,CHN->Partner,2011-11,1.4555555555555575
India,CHN->Partner,2011-12,4.033308668201233
India,CHN->Partner,2012-01,1.6497296901481882
India,CHN->Partner,2012-02,1.52704741618472
India,CHN->Partner,2012-03,1.5234971800954096
India,CHN->Partner,2012-04,2.3271906090305716
India,CHN->Partner,2012-05,3.011291118873091
India,CHN->Partner,2012-06,-1.9896677055933534
India,CHN->Partner,2012-07,1.580951949359756
India,CHN->Partner,2012-08,3.6999999999999993
India,CHN->Partner,2012-09,1.7567665321753676
India,CHN->Partner,2012-10,3.7500000000000018
India,CHN->Partner,2012-11,-0.6763142535833158
India,CHN->Partner,2012-12,1.7763568394002505e-15
India,CHN->Partner,2013-01,0.9800000000000004
India,CHN->Partner,2013-02,3.2799999999999976
India,CHN->Partner,2013-03,1.9351183388361388
India,CHN->Partner,2013-04,0.1800000000000015
India,CHN->Partner,2013-05,0.24370584677494556
India,CHN->Partner,2013-06,2.7629757075478345
India,CHN->Partner,2013-07,0.4142857142857146
India,CHN->Partner,2013-08,1.5000000000000018
India,CHN->Partner,2013-09,1.8333333333333321
India,CHN->Partner,2013-10,1.919402371342363
India,CHN->Partner,2013-11,0.8066264472597737
India,CHN->Partner,2013-12,0.3249999999999993
India,CHN->Partner,2014-01,3.1750000000000025
India,CHN->Partner,2014-02,3.4833333333333325
India,CHN->Partner,2014-03,0.8365889718756598
India,CHN->Partner,2014-04,2.6302994617469295
India,CHN->Partner,2014-05,3.283281572999744
India,CHN->Partner,2014-06,3.0345521159995155
India,CHN->Partner,2014-07,2.0
India,CHN->Partner,2014-08,2.056098401851999
India,CHN->Partner,2014-09,2.4072598923321706
India,CHN->Partner,2014-10,5.049999999999994
India,CHN->Partner,2014-11,0.7500000000000018
India,CHN->Partner,2014-12,3.3480766068853764
India,CHN->Partner,2015-01,-0.5881049961377727
India,CHN->Partner,2015-02,0.845143381315804
India,CHN->Partner,2015-03,3.939573582957431
India,CHN->Partner,2015-04,0.16666666666666785
India,CHN->Partner,2015-05,2.940279081760238
India,CHN->Partner,2015-06,-0.8000000000000025
India,CHN->Partner,2015-07,2.5
India,CHN->Partner,2015-08,1.351113310143342
India,CHN->Partner,2015-09,0.3000000000000007
India,CHN->Partner,2015-10,1.2453813408245988
India,CHN->Partner,2015-11,3.3855038849279833
India,CHN->Partner,2015-12,2.807562367689428
India,CHN->Partner,2016-01,2.820631603361134
India,CHN->Partner,2016-02,1.625
India,CHN->Partner,2016-03,2.9999999999999964
India,CHN->Partner,2016-04,0.1661241740804389
India,CHN->Partner,2016-05,-1.2499999999999982
India,CHN->Partner,2016-06,-0.01108129508567579
India,CHN->Partner,2016-07,1.1666666666666696
India,CHN->Partner,2016-08,3.899999999999997
India,CHN->Partner,2016-09,0.9231902349595238
India,CHN->Partner,2016-10,3.0303345966231667
India,CHN->Partner,2016-11,-0.6286018987741606
India,CHN->Partner,2016-12,-3.333333333333332
India,CHN->Partner,2017-01,-7.0
India,CHN->Partner,2017-02,2.9499999999999993
India,CHN->Partner,2017-03,2.4666254124780647
India,CHN->Partner,2017-04,2.0
India,CHN->Partner,2017-05,3.7500000000000018
India,CHN->Partner,2017-06,2.3940861233489574
India,CHN->Partner,2017-07,-2.6051801331064386
India,CHN->Partner,2017-08,1.999235485887887
India,CHN->Partner,2017-09,1.2996604562050589
India,CHN->Partner,2017-10,2.683789469016986
India,CHN->Partner,2017-11,-0.21999999999999886
India,CHN->Partner,2017-12,2.666586420496337
India,CHN->Partner,2018-01,-4.767949192431121
India,CHN->Partner,2018-02,1.9420997883030822
India,CHN->Partner,2018-03,2.84867220188943
India,CHN->Partner,2018-04,2.0085367703600436
India,CHN->Partner,2018-05,2.833333333333332
India,CHN->Partner,2018-06,3.299999999999999
India,CHN->Partner,2018-07,1.666666666666666
India,CHN->Partner,2018-08,5.699999999999996
India,CHN->Partner,2018-09,-1.9999999999999982
India,CHN->Partner,2018-10,2.0
India,CHN->Partner,2018-11,2.0241252315423743
India,CHN->Partner,2018-12,2.0482952343768286
India,CHN->Partner,2019-01,6.0
India,CHN->Partner,2019-02,1.0
India,CHN->Partner,2019-03,-1.9999999999999982
India,Partner->CHN,2002-01,2.370581708921554
India,Partner->CHN,2002-02,2.038596443081511
India,Partner->CHN,2002-03,1.7148542155126787
India,Partner->CHN,2002-04,2.450000000000001
India,Partner->CHN,2002-05,1.9000000000000004
India,Partner->CHN,2002-06,3.215223571935196
India,Partner->CHN,2002-07,1.9000000000000004
India,Partner->CHN,2002-08,1.5707994972475774
India,Partner->CHN,2002-09,1.2500000000000018
India,Partner->CHN,2002-10,3.1666666666666643
India,Partner->CHN,2002-11,-2.0666666666666647
India,Partner->CHN,2002-12,2.178959590644377
India,Partner->CHN,2003-01,3.5
India,Partner->CHN,2003-02,4.0
India,Partner->CHN,2003-03,-0.6333333333333364
India,Partner->CHN,2003-04,0.9666666666666668
India,Partner->CHN,2003-05,2.633333333333331
India,Partner->CHN,2003-06,2.9993727759864743
India,Partner->CHN,2003-07,3.9662942780029447
India,Partner->CHN,2003-08,4.999999999999998
India,Partner->CHN,2003-09,2.5
India,Partner->CHN,2003-10,3.262500000000001
India,Partner->CHN,2003-11,3.2583476735205785
India,Partner->CHN,2003-12,2.6000000000000014
India,Partner->CHN,2004-01,3.0799999999999983
India,Partner->CHN,2004-02,-0.09999999999999964
India,Partner->CHN,2004-03,1.9000000000000004
India,Partner->CHN,2004-04,2.8000000000000025
India,Partner->CHN,2004-05,1.575000000000001
India,Partner->CHN,2004-06,1.0002380709476206
India,Partner->CHN,2004-07,1.9000000000000004
India,Partner->CHN,2004-08,1.0
India,Partner->CHN,2004-09,1.7763568394002505e-15
India,Partner->CHN,2004-10,1.0
India,Partner->CHN,2004-11,3.6800000000000015
India,Partner->CHN,2004-12,2.674999999999999
India,Partner->CHN,2005-01,3.231195995528262
India,Partner->CHN,2005-02,3.560345605207589
India,Partner->CHN,2005-03,1.8499999999999996
India,Partner->CHN,2005-04,3.1147920406878296
India,Partner->CHN,2005-05,-1.9999999999999982
India,Partner->CHN,2005-06,3.899999999999997
India,Partner->CHN,2005-07,3.0399999999999974
India,Partner->CHN,2005-08,3.7500000000000018
India,Partner->CHN,2005-09,3.879471483350043
India,Partner->CHN,2005-10,1.531980515339466
India,Partner->CHN,2005-11,2.2338550087404965
India,Partner->CHN,2005-12,3.0399999999999974
India,Partner->CHN,2006-01,1.5831987439972455
India,Partner->CHN,2006-02,2.5
India,Partner->CHN,2006-03,2.096976945536385
India,Partner->CHN,2006-04,-0.6808626235005342
India,Partner->CHN,2006-05,2.6577421992659076
India,Partner->CHN,2006-06,1.97492357191099
India,Partner->CHN,2006-07,4.543575339888699
India,Partner->CHN,2006-08,4.256639233947732
India,Partner->CHN,2006-09,3.9749999999999996
India,Partner->CHN,2006-10,5.657400251870477
India,Partner->CHN,2006-11,2.926369371312262
India,Partner->CHN,2006-12,2.4000000000000004
India,Partner->CHN,2007-01,2.350000000000003
India,Partner->CHN,2007-02,3.827810804376531
India,Partner->CHN,2007-03,-2.9999999999999982
India,Partner->CHN,2007-04,3.3999999999999986
India,Partner->CHN,2007-05,3.6999999999999993
India,Partner->CHN,2007-06,4.849999999999998
India,Partner->CHN,2007-07,1.1243277820691375
India,Partner->CHN,2007-08,1.5982952343768293
India,Partner->CHN,2007-09,2.488369348365987
India,Partner->CHN,2007-10,1.8655949638473235
India,Partner->CHN,2007-11,3.891746556614393
India,Partner->CHN,2007-12,3.9204273143241277
India,Partner->CHN,2008-01,0.7506686807219154
India,Partner->CHN,2008-02,4.999999999999998
India,Partner->CHN,2008-03,1.083759559435931
India,Partner->CHN,2008-04,2.33
India,Partner->CHN,2008-05,0.25922354000961967
India,Partner->CHN,2008-06,1.526415900750992
India,Partner->CHN,2008-07,3.8369432662061023
India,Partner->CHN,2008-08,2.8978250586152114
India,Partner->CHN,2008-09,2.5936150141614913
India,Partner->CHN,2008-10,2.100000000000003
India,Partner->CHN,2008-11,4.93408461796813
India,Partner->CHN,2008-12,2.6999999999999993
India,Partner->CHN,2009-01,1.333333333333334
India,Partner->CHN,2009-02,0.35959179422654053
India,Partner->CHN,2009-03,-1.2349104056570734
India,Partner->CHN,2009-04,3.2241798531438057
India,Partner->CHN,2009-05,1.0
India,Partner->CHN,2009-06,2.0525709206800293
India,Partner->CHN,2009-07,2.032560294479696
India,Partner->CHN,2009-08,3.368979551012245
India,Partner->CHN,2009-09,3.3097170251932013
India,Partner->CHN,2009-10,0.19152185462234783
India,Partner->CHN,2009-11,2.2478054967508534
India,Partner->CHN,2009-12,0.9254173037980138
India,Partner->CHN,2010-01,-0.1999999999999993
India,Partner->CHN,2010-02,3.7333333333333343
India,Partner->CHN,2010-03,2.0751531681352713
India,Partner->CHN,2010-04,2.431975136597206
India,Partner->CHN,2010-05,1.6589694959699557
India,Partner->CHN,2010-06,-1.3026334038989713
India,Partner->CHN,2010-07,2.6802106608645673
India,Partner->CHN,2010-08,2.775002477207554
India,Partner->CHN,2010-09,-0.0761736162265727
India,Partner->CHN,2010-10,2.6593896731058564
India,Partner->CHN,2010-11,1.298084355615405
India,Partner->CHN,2010-12,3.3628319129093516
India,Partner->CHN,2011-01,-0.21228961766531818
India,Partner->CHN,2011-02,-1.5069969067358873
India,Partner->CHN,2011-03,0.4608775481667742
India,Partner->CHN,2011-04,3.6200000000000028
India,Partner->CHN,2011-05,1.0
India,Partner->CHN,2011-06,3.607284084624421
India,Partner->CHN,2011-07,1.7763568394002505e-15
India,Partner->CHN,2011-08,-1.3387903801559524
India,Partner->CHN,2011-09,1.8693022290962844
India,Partner->CHN,2011-10,2.5062239064340446
India,Partner->CHN,2011-11,2.1400000000000006
India,Partner->CHN,2011-12,-0.4256722179308614
India,Partner->CHN,2012-01,2.8166666666666664
India,Partner->CHN,2012-02,1.823559753700943
India,Partner->CHN,2012-03,3.2897806460008123
India,Partner->CHN,2012-04,1.674979268892315
India,Partner->CHN,2012-05,1.820620010311094
India,Partner->CHN,2012-06,1.1164428703110847
India,Partner->CHN,2012-07,3.219999999999997
India,Partner->CHN,2012-08,-0.04999999999999716
India,Partner->CHN,2012-09,2.560000000000004
India,Partner->CHN,2012-10,3.7500000000000018
India,Partner->CHN,2012-11,2.2055949075714008
India,Partner->CHN,2012-12,-1.3000000000000025
India,Partner->CHN,2013-01,0.6666666666666661
India,Partner->CHN,2013-02,2.4248076809271915
India,Partner->CHN,2013-03,2.5
India,Partner->CHN,2013-04,-0.31071826281116977
India,Partner->CHN,2013-05,0.6621891927274017
India,Partner->CHN,2013-06,4.1999999999999975
India,Partner->CHN,2013-07,3.924999999999997
India,Partner->CHN,2013-08,-0.43756427159094
India,Partner->CHN,2013-09,1.1605624785618556
India,Partner->CHN,2013-10,3.0004903790577124
India,Partner->CHN,2013-11,1.7374999999999954
India,Partner->CHN,2013-12,4.0
India,Partner->CHN,2014-01,-1.5016686001572808
India,Partner->CHN,2014-02,3.2399999999999967
India,Partner->CHN,2014-03,2.121416213507249
India,Partner->CHN,2014-04,1.7680412407945756
India,Partner->CHN,2014-05,0.8000000000000007
India,Partner->CHN,2014-06,3.560302035737452
India,Partner->CHN,2014-07,-0.8221096316192682
India,Partner->CHN,2014-08,-1.2067282016938456
India,Partner->CHN,2014-09,2.4174977315196386
India,Partner->CHN,2014-10,1.366666666666669
India,Partner->CHN,2014-11,2.0
India,Partner->CHN,2014-12,3.5
India,Partner->CHN,2015-01,-5.6
India,Partner->CHN,2015-02,2.1950464156253524
India,Partner->CHN,2015-03,4.78333333333333
India,Partner->CHN,2015-04,3.113072155235365
India,Partner->CHN,2015-05,1.6195653004570119
India,Partner->CHN,2015-06,-0.49999999999999645
India,Partner->CHN,2015-07,-0.03440503615267332
India,Partner->CHN,2015-08,2.5
India,Partner->CHN,2015-09,-3.2488099284581757
India,Partner->CHN,2015-10,4.349999999999998
India,Partner->CHN,2015-11,3.006402808635956
India,Partner->CHN,2015-12,3.7434164902525726
India,Partner->CHN,2016-01,5.238996881000627
India,Partner->CHN,2016-02,-0.29999999999999716
India,Partner->CHN,2016-03,3.1666666666666643
India,Partner->CHN,2016-04,2.174876234590519
India,Partner->CHN,2016-05,0.4833333333333325
India,Partner->CHN,2016-06,2.9637900077244517
India,Partner->CHN,2016-07,0.7500000000000018
India,Partner->CHN,2016-08,2.012117307087385
India,Partner->CHN,2016-09,3.8888888888888893
India,Partner->CHN,2016-10,2.875
India,Partner->CHN,2016-11,3.846986090384908
India,Partner->CHN,2016-12,4.887062772474447
India,Partner->CHN,2017-01,6.0
India,Partner->CHN,2017-02,1.2249999999999996
India,Partner->CHN,2017-03,1.7763568394002505e-15
India,Partner->CHN,2017-04,-5.308408135239472
India,Partner->CHN,2017-05,2.24871600732469
India,Partner->CHN,2017-06,-0.9167003949507873
India,Partner->CHN,2017-07,-1.7762027285277
India,Partner->CHN,2017-08,-0.34301084941991
India,Partner->CHN,2017-09,1.2456365691980924
India,Partner->CHN,2017-10,2.7999999999999954
India,Partner->CHN,2017-11,1.9041019662496836
India,Partner->CHN,2017-12,0.5918461019588293
India,Partner->CHN,2018-01,1.7082039324993694
India,Partner->CHN,2018-02,2.3146327346407194
India,Partner->CHN,2018-03,2.9499999999999993
India,Partner->CHN,2018-04,1.9341861959693354
India,Partner->CHN,2018-05,4.249999999999998
India,Partner->CHN,2018-06,1.0
India,Partner->CHN,2018-07,1.2474487139158885
India,Partner->CHN,2018-08,1.4999999999999964
India,Partner->CHN,2018-09,1.7763568394002505e-15
India,Partner->CHN,2018-10,4.0
India,Partner->CHN,2018-11,2.829316685939329
India,Partner->CHN,2018-12,1.7499999999999964
India,Partner->CHN,2019-01,3.5464227575196343
India,Partner->CHN,2019-02,1.7499999999999964
India,Partner->CHN,2019-03,1.7499999999999964
Indonesia,Aggregated,2002-01,5.199999999999996
Indonesia,Aggregated,2002-02,3.588639296153394
Indonesia,Aggregated,2002-03,2.1375553403253775
Indonesia,Aggregated,2002-04,1.485651122167635
Indonesia,Aggregated,2002-05,2.840500636588695
Indonesia,Aggregated,2002-06,3.3999999999999986
Indonesia,Aggregated,2002-07,2.1999999999999993
Indonesia,Aggregated,2002-08,1.9390320061795592
Indonesia,Aggregated,2002-09,2.702741588269861
Indonesia,Aggregated,2002-10,-1.950806661517035
Indonesia,Aggregated,2002-11,1.6200555766327795
Indonesia,Aggregated,2002-12,6.599999999999998
Indonesia,Aggregated,2003-01,5.593687204780423
Indonesia,Aggregated,2003-02,4.644912218755314
Indonesia,Aggregated,2003-03,3.7503852104700552
Indonesia,Aggregated,2003-04,2.9070044507136075
Indonesia,Aggregated,2003-05,2.111845557422205
Indonesia,Aggregated,2003-06,1.3621513555257891
Indonesia,Aggregated,2003-07,0.6553223165765498
Indonesia,Aggregated,2003-08,-1.9999999999999982
Indonesia,Aggregated,2003-09,1.0
Indonesia,Aggregated,2003-10,3.363408688312754
Indonesia,Aggregated,2003-11,4.0
Indonesia,Aggregated,2003-12,4.999999999999998
Indonesia,Aggregated,2004-01,1.9000000000000004
Indonesia,Aggregated,2004-02,4.966666666666667
Indonesia,Aggregated,2004-03,1.9000000000000004
Indonesia,Aggregated,2004-04,2.633333333333331
Indonesia,Aggregated,2004-05,-0.09999999999999964
Indonesia,Aggregated,2004-06,1.9000000000000004
Indonesia,Aggregated,2004-07,1.8749999999999982
Indonesia,Aggregated,2004-08,1.0
Indonesia,Aggregated,2004-09,2.1817804600413258
Indonesia,Aggregated,2004-10,0.5730687004946091
Indonesia,Aggregated,2004-11,-0.8393149884133262
Indonesia,Aggregated,2004-12,0.9599999999999973
Indonesia,Aggregated,2005-01,3.287289319193045
Indonesia,Aggregated,2005-02,1.0
Indonesia,Aggregated,2005-03,-2.3499999999999996
Indonesia,Aggregated,2005-04,2.734696900547487
Indonesia,Aggregated,2005-05,2.653436015120116
Indonesia,Aggregated,2005-06,0.4999999999999982
Indonesia,Aggregated,2005-07,1.0577587623935365
Indonesia,Aggregated,2005-08,3.850000000000005
Indonesia,Aggregated,2005-09,2.7999999999999954
Indonesia,Aggregated,2005-10,3.9735211205521033
Indonesia,Aggregated,2005-11,7.9999999999999964
Indonesia,Aggregated,2005-12,2.404390589373305
Indonesia,Aggregated,2006-01,4.999999999999998
Indonesia,Aggregated,2006-02,4.949999999999999
Indonesia,Aggregated,2006-03,3.973111894968305
Indonesia,Aggregated,2006-04,4.0
Indonesia,Aggregated,2006-05,1.610938576665827
Indonesia,Aggregated,2006-06,4.061308144666283
Indonesia,Aggregated,2006-07,2.0169011914316854
Indonesia,Aggregated,2006-08,0.2500000000000018
Indonesia,Aggregated,2006-09,4.599999999999998
Indonesia,Aggregated,2006-10,3.806858828407945
Indonesia,Aggregated,2006-11,1.4499999999999993
Indonesia,Aggregated,2006-12,5.699999999999996
Indonesia,Aggregated,2007-01,2.3424135747622508
Indonesia,Aggregated,2007-02,2.2701063818842204
Indonesia,Aggregated,2007-03,-9.5
Indonesia,Aggregated,2007-04,3.3999999999999986
Indonesia,Aggregated,2007-05,3.0722797454739865
Indonesia,Aggregated,2007-06,2.7520178635331565
Indonesia,Aggregated,2007-07,2.9999999999999964
Indonesia,Aggregated,2007-08,-0.048005567045866115
Indonesia,Aggregated,2007-09,0.8636895265444053
Indonesia,Aggregated,2007-10,4.17195700123766
Indonesia,Aggregated,2007-11,3.7413690353723563
Indonesia,Aggregated,2007-12,1.441236870641509
Indonesia,Aggregated,2008-01,-0.5
Indonesia,Aggregated,2008-02,7.9999999999999964
Indonesia,Aggregated,2008-03,-0.33333333333333215
Indonesia,Aggregated,2008-04,0.33333333333333215
Indonesia,Aggregated,2008-05,-0.12499999999999822
Indonesia,Aggregated,2008-06,5.199999999999996
Indonesia,Aggregated,2008-07,1.700000000000001
Indonesia,Aggregated,2008-08,5.999999999999993
Indonesia,Aggregated,2008-09,-1.1626028344113273
Indonesia,Aggregated,2008-10,2.4569762737684666
Indonesia,Aggregated,2008-11,5.672217086112948
Indonesia,Aggregated,2008-12,2.3684235362720774
Indonesia,Aggregated,2009-01,1.12652707492928
Indonesia,Aggregated,2009-02,1.7763568394002505e-15
Indonesia,Aggregated,2009-03,6.0
Indonesia,Aggregated,2009-04,3.395920937013736
Indonesia,Aggregated,2009-05,3.866666666666667
Indonesia,Aggregated,2009-06,-5.0
Indonesia,Aggregated,2009-07,-5.0
Indonesia,Aggregated,2009-08,-1.6085144945008842
Indonesia,Aggregated,2009-09,3.6999999999999993
Indonesia,Aggregated,2009-10,2.9999999999999964
Indonesia,Aggregated,2009-11,0.9744699387666902
Indonesia,Aggregated,2009-12,2.2049093216035747
Indonesia,Aggregated,2010-01,4.896790833529961
Indonesia,Aggregated,2010-02,-1.9663224255779905
Indonesia,Aggregated,2010-03,2.450000000000001
Indonesia,Aggregated,2010-04,1.0658683489574106
Indonesia,Aggregated,2010-05,2.6899826989101534
Indonesia,Aggregated,2010-06,1.2949882269035395
Indonesia,Aggregated,2010-07,3.703819946068137
Indonesia,Aggregated,2010-08,1.333333333333334
Indonesia,Aggregated,2010-09,3.6054804787194232
Indonesia,Aggregated,2010-10,2.7186823582422797
Indonesia,Aggregated,2010-11,4.367188001755354
Indonesia,Aggregated,2010-12,2.1999999999999993
Indonesia,Aggregated,2011-01,1.0573450074801656
Indonesia,Aggregated,2011-02,2.1999999999999993
Indonesia,Aggregated,2011-03,4.0
Indonesia,Aggregated,2011-04,2.5583406151973502
Indonesia,Aggregated,2011-05,3.20816803390942
Indonesia,Aggregated,2011-06,2.624974119833208
Indonesia,Aggregated,2011-07,-0.8200000000000021
Indonesia,Aggregated,2011-08,4.833333333333332
Indonesia,Aggregated,2011-09,1.0
Indonesia,Aggregated,2011-10,3.333333333333334
Indonesia,Aggregated,2011-11,2.0
Indonesia,Aggregated,2011-12,2.9999999999999964
Indonesia,Aggregated,2012-01,1.0
Indonesia,Aggregated,2012-02,2.3609522856952374
Indonesia,Aggregated,2012-03,4.125681250792569
Indonesia,Aggregated,2012-04,5.92011198473088
Indonesia,Aggregated,2012-05,4.0
Indonesia,Aggregated,2012-06,6.0
Indonesia,Aggregated,2012-07,1.0
Indonesia,Aggregated,2012-08,4.07741841149771
Indonesia,Aggregated,2012-09,1.0
Indonesia,Aggregated,2012-10,-7.0
Indonesia,Aggregated,2012-11,0.44747119158741633
Indonesia,Aggregated,2012-12,0.7204801223776247
Indonesia,Aggregated,2013-01,1.0
Indonesia,Aggregated,2013-02,2.416407864998739
Indonesia,Aggregated,2013-03,4.0
Indonesia,Aggregated,2013-04,1.0
Indonesia,Aggregated,2013-05,4.499999999999998
Indonesia,Aggregated,2013-06,5.146013994891767
Indonesia,Aggregated,2013-07,5.818952769241346
Indonesia,Aggregated,2013-08,-4.000000000000001
Indonesia,Aggregated,2013-09,1.7434164902525708
Indonesia,Aggregated,2013-10,3.9402951581922494
Indonesia,Aggregated,2013-11,6.0
Indonesia,Aggregated,2013-12,2.5
Indonesia,Aggregated,2014-01,4.149257407543118
Indonesia,Aggregated,2014-02,6.0
Indonesia,Aggregated,2014-03,3.2666666666666693
Indonesia,Aggregated,2014-04,1.0
Indonesia,Aggregated,2014-05,3.1999999999999993
Indonesia,Aggregated,2014-06,1.845232578665133
Indonesia,Aggregated,2014-07,1.0
Indonesia,Aggregated,2014-08,1.4079044941339856
Indonesia,Aggregated,2014-09,2.7500000000000018
Indonesia,Aggregated,2014-10,1.0
Indonesia,Aggregated,2014-11,3.6552577019546337
Indonesia,Aggregated,2014-12,1.522430171932065
Indonesia,Aggregated,2015-01,-0.3000000000000025
Indonesia,Aggregated,2015-02,2.91361776388559
Indonesia,Aggregated,2015-03,3.0591696608609418
Indonesia,Aggregated,2015-04,-0.3204121510247244
Indonesia,Aggregated,2015-05,0.8161385033127839
Indonesia,Aggregated,2015-06,3.9666666666666632
Indonesia,Aggregated,2015-07,3.25
Indonesia,Aggregated,2015-08,-4.400000000000001
Indonesia,Aggregated,2015-09,1.6127707625762024
Indonesia,Aggregated,2015-10,3.969982698910149
Indonesia,Aggregated,2015-11,4.349999999999998
Indonesia,Aggregated,2015-12,1.1249223594996227
Indonesia,Aggregated,2016-01,-1.466666666666665
Indonesia,Aggregated,2016-02,1.0
Indonesia,Aggregated,2016-03,-2.177628834917897
Indonesia,Aggregated,2016-04,0.09999999999999964
Indonesia,Aggregated,2016-05,1.7506924169199571
Indonesia,Aggregated,2016-06,-1.5333333333333314
Indonesia,Aggregated,2016-07,-4.999999999999999
Indonesia,Aggregated,2016-08,-2.5147186257614305
Indonesia,Aggregated,2016-09,1.0
Indonesia,Aggregated,2016-10,4.646085772486357
Indonesia,Aggregated,2016-11,4.2171636461200634
Indonesia,Aggregated,2016-12,3.799999999999997
Indonesia,Aggregated,2017-01,4.0
Indonesia,Aggregated,2017-02,-0.9999999999999982
Indonesia,Aggregated,2017-03,-1.074323996752371
Indonesia,Aggregated,2017-04,-1.148095587855419
Indonesia,Aggregated,2017-05,-1.2213188790087095
Indonesia,Aggregated,2017-06,2.9999999999999964
Indonesia,Aggregated,2017-07,6.0
Indonesia,Aggregated,2017-08,4.0
Indonesia,Aggregated,2017-09,-5.418219539958671
Indonesia,Aggregated,2017-10,2.6000000000000014
Indonesia,Aggregated,2017-11,2.8616023584242303
Indonesia,Aggregated,2017-12,3.1282367605200054
Indonesia,Aggregated,2018-01,3.3999999999999986
Indonesia,Aggregated,2018-02,2.9499999999999993
Indonesia,Aggregated,2018-03,-10.0
Indonesia,Aggregated,2018-04,-7.002500781738664
Indonesia,Aggregated,2018-05,4.979999999999993
Indonesia,Aggregated,2018-06,6.0
Indonesia,Aggregated,2018-07,-5.0
Indonesia,Aggregated,2018-08,1.7763568394002505e-15
Indonesia,Aggregated,2018-09,0.8890706112799247
Indonesia,Aggregated,2018-10,1.8499999999999996
Indonesia,Aggregated,2018-11,0.06812239421544142
Indonesia,Aggregated,2018-12,-1.466666666666665
Indonesia,Aggregated,2019-01,1.7763568394002505e-15
Indonesia,Aggregated,2019-02,1.7763568394002505e-15
Indonesia,Aggregated,2019-03,1.7763568394002505e-15
Indonesia,CHN->Partner,2002-01,5.199999999999996
Indonesia,CHN->Partner,2002-02,4.301521268647994
Indonesia,CHN->Partner,2002-03,3.4528736503016653
Indonesia,CHN->Partner,2002-04,1.485651122167635
Indonesia,CHN->Partner,2002-05,2.563246741604873
Indonesia,CHN->Partner,2002-06,3.3999999999999986
Indonesia,CHN->Partner,2002-07,6.399999999999999
Indonesia,CHN->Partner,2002-08,1.1475800154488986
Indonesia,CHN->Partner,2002-09,2.1445469208244994
Indonesia,CHN->Partner,2002-10,1.3000000000000025
Indonesia,CHN->Partner,2002-11,4.287249589118378
Indonesia,CHN->Partner,2002-12,7.9999999999999964
Indonesia,CHN->Partner,2003-01,6.628248651357666
Indonesia,CHN->Partner,2003-02,5.355534237583864
Indonesia,CHN->Partner,2003-03,4.174706545574839
Indonesia,CHN->Partner,2003-04,3.079131589304108
Indonesia,CHN->Partner,2003-05,2.062654339549331
Indonesia,CHN->Partner,2003-06,1.1195641444374687
Indonesia,CHN->Partner,2003-07,0.2445626465380304
Indonesia,CHN->Partner,2003-08,-1.9999999999999982
Indonesia,CHN->Partner,2003-09,1.0
Indonesia,CHN->Partner,2003-10,3.7906769834881455
Indonesia,CHN->Partner,2003-11,4.0
Indonesia,CHN->Partner,2003-12,6.0
Indonesia,CHN->Partner,2004-01,1.9000000000000004
Indonesia,CHN->Partner,2004-02,4.966666666666667
Indonesia,CHN->Partner,2004-03,3.951031179598724
Indonesia,CHN->Partner,2004-04,2.9999999999999964
Indonesia,CHN->Partner,2004-05,2.438749941865872
Indonesia,CHN->Partner,2004-06,1.9000000000000004
Indonesia,CHN->Partner,2004-07,2.166666666666668
Indonesia,CHN->Partner,2004-08,1.0
Indonesia,CHN->Partner,2004-09,2.1817804600413258
Indonesia,CHN->Partner,2004-10,0.5730687004946091
Indonesia,CHN->Partner,2004-11,-0.8393149884133262
Indonesia,CHN->Partner,2004-12,1.1999999999999993
Indonesia,CHN->Partner,2005-01,3.287289319193045
Indonesia,CHN->Partner,2005-02,1.0
Indonesia,CHN->Partner,2005-03,-0.1999999999999993
Indonesia,CHN->Partner,2005-04,2.6799409671113317
Indonesia,CHN->Partner,2005-05,2.3041019662496875
Indonesia,CHN->Partner,2005-06,-5.0
Indonesia,CHN->Partner,2005-07,1.866620140295323
Indonesia,CHN->Partner,2005-08,3.850000000000005
Indonesia,CHN->Partner,2005-09,2.7999999999999954
Indonesia,CHN->Partner,2005-10,3.9735211205521033
Indonesia,CHN->Partner,2005-11,7.9999999999999964
Indonesia,CHN->Partner,2005-12,2.071520178969804
Indonesia,CHN->Partner,2006-01,4.999999999999998
Indonesia,CHN->Partner,2006-02,6.399999999999999
Indonesia,CHN->Partner,2006-03,4.552645536602132
Indonesia,CHN->Partner,2006-04,4.0
Indonesia,CHN->Partner,2006-05,1.7763568394002505e-15
Indonesia,CHN->Partner,2006-06,4.0
Indonesia,CHN->Partner,2006-07,3.8993258256890275
Indonesia,CHN->Partner,2006-08,3.7993273373362744
Indonesia,CHN->Partner,2006-09,3.6999999999999993
Indonesia,CHN->Partner,2006-10,4.180063693621518
Indonesia,CHN->Partner,2006-11,1.4499999999999993
Indonesia,CHN->Partner,2006-12,7.9999999999999964
Indonesia,CHN->Partner,2007-01,1.9000000000000004
Indonesia,CHN->Partner,2007-02,2.2701063818842204
Indonesia,CHN->Partner,2007-03,2.823513732012305
Indonesia,CHN->Partner,2007-04,3.3999999999999986
Indonesia,CHN->Partner,2007-05,2.988918944250919
Indonesia,CHN->Partner,2007-06,2.5895731408904368
Indonesia,CHN->Partner,2007-07,1.6953667710295228
Indonesia,CHN->Partner,2007-08,0.8599999999999994
Indonesia,CHN->Partner,2007-09,0.8636895265444053
Indonesia,CHN->Partner,2007-10,4.6655844122715635
Indonesia,CHN->Partner,2007-11,4.249999999999998
Indonesia,CHN->Partner,2007-12,1.654050734843766
Indonesia,CHN->Partner,2008-01,-0.5
Indonesia,CHN->Partner,2008-02,-1.2788889523882094
Indonesia,CHN->Partner,2008-03,-1.9999999999999982
Indonesia,CHN->Partner,2008-04,-1.1257911709342512
Indonesia,CHN->Partner,2008-05,-0.1666666666666643
Indonesia,CHN->Partner,2008-06,5.199999999999996
Indonesia,CHN->Partner,2008-07,1.7763568394002505e-15
Indonesia,CHN->Partner,2008-08,4.0
Indonesia,CHN->Partner,2008-09,6.0
Indonesia,CHN->Partner,2008-10,2.68552542279075
Indonesia,CHN->Partner,2008-11,5.514743273552046
Indonesia,CHN->Partner,2008-12,2.602986928523684
Indonesia,CHN->Partner,2009-01,1.2324509487575934
Indonesia,CHN->Partner,2009-02,1.7763568394002505e-15
Indonesia,CHN->Partner,2009-03,7.9999999999999964
Indonesia,CHN->Partner,2009-04,4.676984851675096
Indonesia,CHN->Partner,2009-05,5.799999999999994
Indonesia,CHN->Partner,2009-06,5.948031923244184
Indonesia,CHN->Partner,2009-07,6.097368218530004
Indonesia,CHN->Partner,2009-08,6.248020379232571
Indonesia,CHN->Partner,2009-09,6.399999999999999
Indonesia,CHN->Partner,2009-10,2.9999999999999964
Indonesia,CHN->Partner,2009-11,0.6414284285428522
Indonesia,CHN->Partner,2009-12,2.713844771974708
Indonesia,CHN->Partner,2010-01,4.599999999999998
Indonesia,CHN->Partner,2010-02,-1.4999999999999982
Indonesia,CHN->Partner,2010-03,6.0
Indonesia,CHN->Partner,2010-04,1.1419871588754233
Indonesia,CHN->Partner,2010-05,4.0
Indonesia,CHN->Partner,2010-06,6.9999999999999964
Indonesia,CHN->Partner,2010-07,2.6747943311773454
Indonesia,CHN->Partner,2010-08,2.0
Indonesia,CHN->Partner,2010-09,2.076696830622023
Indonesia,CHN->Partner,2010-10,2.8991939546565764
Indonesia,CHN->Partner,2010-11,4.455611756508548
Indonesia,CHN->Partner,2010-12,2.1999999999999993
Indonesia,CHN->Partner,2011-01,1.5431266766402185
Indonesia,CHN->Partner,2011-02,2.1999999999999993
Indonesia,CHN->Partner,2011-03,4.0
Indonesia,CHN->Partner,2011-04,2.7731421457548375
Indonesia,CHN->Partner,2011-05,3.1265927899672477
Indonesia,CHN->Partner,2011-06,3.0999999999999996
Indonesia,CHN->Partner,2011-07,1.9666666666666668
Indonesia,CHN->Partner,2011-08,4.833333333333332
Indonesia,CHN->Partner,2011-09,1.0
Indonesia,CHN->Partner,2011-10,3.333333333333334
Indonesia,CHN->Partner,2011-11,2.0
Indonesia,CHN->Partner,2011-12,6.0
Indonesia,CHN->Partner,2012-01,1.0
Indonesia,CHN->Partner,2012-02,2.0924427338702216
Indonesia,CHN->Partner,2012-03,4.081490266855404
Indonesia,CHN->Partner,2012-04,6.399999999999999
Indonesia,CHN->Partner,2012-05,4.0
Indonesia,CHN->Partner,2012-06,6.0
Indonesia,CHN->Partner,2012-07,1.0
Indonesia,CHN->Partner,2012-08,3.724999999999998
Indonesia,CHN->Partner,2012-09,1.0
Indonesia,CHN->Partner,2012-10,-7.0
Indonesia,CHN->Partner,2012-11,3.400000000000004
Indonesia,CHN->Partner,2012-12,2.1453413801239893
Indonesia,CHN->Partner,2013-01,1.0
Indonesia,CHN->Partner,2013-02,2.416407864998739
Indonesia,CHN->Partner,2013-03,4.0
Indonesia,CHN->Partner,2013-04,1.0
Indonesia,CHN->Partner,2013-05,4.499999999999998
Indonesia,CHN->Partner,2013-06,4.792997059971132
Indonesia,CHN->Partner,2013-07,5.091532653952054
Indonesia,CHN->Partner,2013-08,-4.000000000000001
Indonesia,CHN->Partner,2013-09,2.1151247353788563
Indonesia,CHN->Partner,2013-10,4.02599428011913
Indonesia,CHN->Partner,2013-11,3.2425743031801755
Indonesia,CHN->Partner,2013-12,2.5
Indonesia,CHN->Partner,2014-01,4.149257407543118
Indonesia,CHN->Partner,2014-02,6.0
Indonesia,CHN->Partner,2014-03,3.2666666666666693
Indonesia,CHN->Partner,2014-04,3.1327043885214483
Indonesia,CHN->Partner,2014-05,2.9999999999999964
Indonesia,CHN->Partner,2014-06,4.0
Indonesia,CHN->Partner,2014-07,2.9168190014102997
Indonesia,CHN->Partner,2014-08,1.9118567412009835
Indonesia,CHN->Partner,2014-09,2.7500000000000018
Indonesia,CHN->Partner,2014-10,3.567372217848126
Indonesia,CHN->Partner,2014-11,4.433333333333332
Indonesia,CHN->Partner,2014-12,3.300058274939534
Indonesia,CHN->Partner,2015-01,2.25
Indonesia,CHN->Partner,2015-02,2.6766223900493795
Indonesia,CHN->Partner,2015-03,3.136212935761268
Indonesia,CHN->Partner,2015-04,1.4741476171884162
Indonesia,CHN->Partner,2015-05,3.7242077549691768
Indonesia,CHN->Partner,2015-06,4.999999999999998
Indonesia,CHN->Partner,2015-07,3.25
Indonesia,CHN->Partner,2015-08,-4.400000000000001
Indonesia,CHN->Partner,2015-09,5.199999999999996
Indonesia,CHN->Partner,2015-10,3.969982698910149
Indonesia,CHN->Partner,2015-11,4.349999999999998
Indonesia,CHN->Partner,2015-12,1.0969693174227153
Indonesia,CHN->Partner,2016-01,-1.466666666666665
Indonesia,CHN->Partner,2016-02,1.0
Indonesia,CHN->Partner,2016-03,-2.702718676730985
Indonesia,CHN->Partner,2016-04,3.4666666666666632
Indonesia,CHN->Partner,2016-05,3.8261134884559738
Indonesia,CHN->Partner,2016-06,7.400000000000002
Indonesia,CHN->Partner,2016-07,4.956548772913825
Indonesia,CHN->Partner,2016-08,2.837578735998795
Indonesia,CHN->Partner,2016-09,1.0
Indonesia,CHN->Partner,2016-10,3.3999999999999986
Indonesia,CHN->Partner,2016-11,3.5986300727157285
Indonesia,CHN->Partner,2016-12,3.799999999999997
Indonesia,CHN->Partner,2017-01,1.7593103261892669
Indonesia,CHN->Partner,2017-02,1.7763568394002505e-15
Indonesia,CHN->Partner,2017-03,0.28068880279723807
Indonesia,CHN->Partner,2017-04,0.5685399877777204
Indonesia,CHN->Partner,2017-05,0.8637363186214735
Indonesia,CHN->Partner,2017-06,2.9999999999999964
Indonesia,CHN->Partner,2017-07,6.0
Indonesia,CHN->Partner,2017-08,4.0
Indonesia,CHN->Partner,2017-09,3.696938456699071
Indonesia,CHN->Partner,2017-10,3.3999999999999986
Indonesia,CHN->Partner,2017-11,3.547711633671689
Indonesia,CHN->Partner,2017-12,3.696938456699071
Indonesia,CHN->Partner,2018-01,3.847696011519295
Indonesia,CHN->Partner,2018-02,4.0
Indonesia,CHN->Partner,2018-03,4.074628094089787
Indonesia,CHN->Partner,2018-04,4.149627478341404
Indonesia,CHN->Partner,2018-05,4.224999999999996
Indonesia,CHN->Partner,2018-06,6.0
Indonesia,CHN->Partner,2018-07,5.476292974616964
Indonesia,CHN->Partner,2018-08,4.96871942267131
Indonesia,CHN->Partner,2018-09,4.476782331611107
Indonesia,CHN->Partner,2018-10,4.0
Indonesia,CHN->Partner,2018-11,4.0
Indonesia,CHN->Partner,2018-12,4.0
Indonesia,CHN->Partner,2019-01,4.0
Indonesia,CHN->Partner,2019-02,4.0
Indonesia,CHN->Partner,2019-03,4.0
Indonesia,Partner->CHN,2002-01,
Indonesia,Partner->CHN,2002-02,
Indonesia,Partner->CHN,2002-03,2.0293770154041546
Indonesia,Partner->CHN,2002-04,1.9000000000000004
Indonesia,Partner->CHN,2002-05,3.0120709785870865
Indonesia,Partner->CHN,2002-06,0.22981027476794935
Indonesia,Partner->CHN,2002-07,-1.9999999999999982
Indonesia,Partner->CHN,2002-08,2.850000000000003
Indonesia,Partner->CHN,2002-09,3.7961524227066317
Indonesia,Partner->CHN,2002-10,-3.500000000000001
Indonesia,Partner->CHN,2002-11,0.48912529307605546
Indonesia,Partner->CHN,2002-12,6.599999999999998
Indonesia,Partner->CHN,2003-01,5.889683788703234
Indonesia,Partner->CHN,2003-02,5.208035141044604
Indonesia,Partner->CHN,2003-03,4.553897066388261
Indonesia,Partner->CHN,2003-04,3.9261592689395837
Indonesia,Partner->CHN,2003-05,3.3237562631938324
Indonesia,Partner->CHN,2003-06,2.7456655654432627
Indonesia,Partner->CHN,2003-07,2.1909059582729196
Indonesia,Partner->CHN,2003-08,2.214924909706701
Indonesia,Partner->CHN,2003-09,2.2389875965768304
Indonesia,Partner->CHN,2003-10,2.263094098519952
Indonesia,Partner->CHN,2003-11,7.9999999999999964
Indonesia,Partner->CHN,2003-12,4.999999999999998
Indonesia,Partner->CHN,2004-01,1.9000000000000004
Indonesia,Partner->CHN,2004-02,2.5
Indonesia,Partner->CHN,2004-03,1.9000000000000004
Indonesia,Partner->CHN,2004-04,0.9500000000000011
Indonesia,Partner->CHN,2004-05,-0.09999999999999964
Indonesia,Partner->CHN,2004-06,0.43678276439663755
Indonesia,Partner->CHN,2004-07,1.0
Indonesia,Partner->CHN,2004-08,0.7929792358737533
Indonesia,Partner->CHN,2004-09,0.589529938145791
Indonesia,Partner->CHN,2004-10,0.38959049284087754
Indonesia,Partner->CHN,2004-11,0.19310034893146444
Indonesia,Partner->CHN,2004-12,1.7763568394002505e-15
Indonesia,Partner->CHN,2005-01,-0.5862443689961232
Indonesia,Partner->CHN,2005-02,-1.1412448779759092
Indonesia,Partner->CHN,2005-03,-1.666666666666666
Indonesia,Partner->CHN,2005-04,3.9907335852038113
Indonesia,Partner->CHN,2005-05,3.299999999999999
Indonesia,Partner->CHN,2005-06,6.0
Indonesia,Partner->CHN,2005-07,1.8002217102340552
Indonesia,Partner->CHN,2005-08,4.0
Indonesia,Partner->CHN,2005-09,5.881943016134134
Indonesia,Partner->CHN,2005-10,7.9999999999999964
Indonesia,Partner->CHN,2005-11,7.9999999999999964
Indonesia,Partner->CHN,2005-12,6.0
Indonesia,Partner->CHN,2006-01,4.999999999999998
Indonesia,Partner->CHN,2006-02,3.5
Indonesia,Partner->CHN,2006-03,4.45211737716712
Indonesia,Partner->CHN,2006-04,4.0
Indonesia,Partner->CHN,2006-05,1.610938576665827
Indonesia,Partner->CHN,2006-06,3.1999999999999993
Indonesia,Partner->CHN,2006-07,1.639224659764535
Indonesia,Partner->CHN,2006-08,0.2500000000000018
Indonesia,Partner->CHN,2006-09,5.199999999999996
Indonesia,Partner->CHN,2006-10,3.7896069457916433
Indonesia,Partner->CHN,2006-11,1.4499999999999993
Indonesia,Partner->CHN,2006-12,5.699999999999996
Indonesia,Partner->CHN,2007-01,2.8000000000000025
Indonesia,Partner->CHN,2007-02,-6.450274733569069
Indonesia,Partner->CHN,2007-03,-9.5
Indonesia,Partner->CHN,2007-04,-7.803054887774101
Indonesia,Partner->CHN,2007-05,-4.186361299609954
Indonesia,Partner->CHN,2007-06,3.5218859597901258
Indonesia,Partner->CHN,2007-07,2.9999999999999964
Indonesia,Partner->CHN,2007-08,-0.7120129897736884
Indonesia,Partner->CHN,2007-09,0.9156844597710254
Indonesia,Partner->CHN,2007-10,2.800905464178401
Indonesia,Partner->CHN,2007-11,3.5
Indonesia,Partner->CHN,2007-12,4.867062599477379
Indonesia,Partner->CHN,2008-01,6.363012105912674
Indonesia,Partner->CHN,2008-02,7.9999999999999964
Indonesia,Partner->CHN,2008-03,4.499999999999998
Indonesia,Partner->CHN,2008-04,0.33333333333333215
Indonesia,Partner->CHN,2008-05,2.0
Indonesia,Partner->CHN,2008-06,2.7767920794356193
Indonesia,Partner->CHN,2008-07,3.6000000000000014
Indonesia,Partner->CHN,2008-08,6.9999999999999964
Indonesia,Partner->CHN,2008-09,-2.5
Indonesia,Partner->CHN,2008-10,1.2999999999999972
Indonesia,Partner->CHN,2008-11,6.0
Indonesia,Partner->CHN,2008-12,2.526578550556648
Indonesia,Partner->CHN,2009-01,3.000892645916112
Indonesia,Partner->CHN,2009-02,3.491838726978081
Indonesia,Partner->CHN,2009-03,4.0
Indonesia,Partner->CHN,2009-04,2.25
Indonesia,Partner->CHN,2009-05,3.1999999999999993
Indonesia,Partner->CHN,2009-06,-5.0
Indonesia,Partner->CHN,2009-07,-5.0
Indonesia,Partner->CHN,2009-08,-2.5147186257614305
Indonesia,Partner->CHN,2009-09,1.0
Indonesia,Partner->CHN,2009-10,2.7023001452251183
Indonesia,Partner->CHN,2009-11,4.646085772486357
Indonesia,Partner->CHN,2009-12,2.5
Indonesia,Partner->CHN,2010-01,4.8209885419124525
Indonesia,Partner->CHN,2010-02,-0.5808863781799047
Indonesia,Partner->CHN,2010-03,2.450000000000001
Indonesia,Partner->CHN,2010-04,1.3152471854310814
Indonesia,Partner->CHN,2010-05,2.3624783736376873
Indonesia,Partner->CHN,2010-06,-2.276957113756822
Indonesia,Partner->CHN,2010-07,6.0
Indonesia,Partner->CHN,2010-08,1.7763568394002505e-15
Indonesia,Partner->CHN,2010-09,5.699999999999996
Indonesia,Partner->CHN,2010-10,2.3367909046329736
Indonesia,Partner->CHN,2010-11,3.875
Indonesia,Partner->CHN,2010-12,1.0
Indonesia,Partner->CHN,2011-01,1.0764600099735535
Indonesia,Partner->CHN,2011-02,1.695824512116813
Indonesia,Partner->CHN,2011-03,2.3469543152007706
Indonesia,Partner->CHN,2011-04,3.031478563841185
Indonesia,Partner->CHN,2011-05,3.896149904665551
Indonesia,Partner->CHN,2011-06,1.7599999999999998
Indonesia,Partner->CHN,2011-07,-5.0
Indonesia,Partner->CHN,2011-08,-2.6796647077923836
Indonesia,Partner->CHN,2011-09,0.5379965624592664
Indonesia,Partner->CHN,2011-10,4.999999999999998
Indonesia,Partner->CHN,2011-11,2.266499161421603
Indonesia,Partner->CHN,2011-12,1.7763568394002505e-15
Indonesia,Partner->CHN,2012-01,1.5273035140581381
Indonesia,Partner->CHN,2012-02,3.2666666666666693
Indonesia,Partner->CHN,2012-03,3.543416490252568
Indonesia,Partner->CHN,2012-04,5.940971508067065
Indonesia,Partner->CHN,2012-05,5.970460089141369
Indonesia,Partner->CHN,2012-06,6.0
Indonesia,Partner->CHN,2012-07,4.4272486205415085
Indonesia,Partner->CHN,2012-08,2.9999999999999964
Indonesia,Partner->CHN,2012-09,1.0
Indonesia,Partner->CHN,2012-10,0.6447413024077129
Indonesia,Partner->CHN,2012-11,0.3000000000000007
Indonesia,Partner->CHN,2012-12,0.6447413024077129
Indonesia,Partner->CHN,2013-01,1.0
Indonesia,Partner->CHN,2013-02,2.416407864998739
Indonesia,Partner->CHN,2013-03,4.0
Indonesia,Partner->CHN,2013-04,4.693461980047303
Indonesia,Partner->CHN,2013-05,5.418983261279347
Indonesia,Partner->CHN,2013-06,6.178045970794702
Indonesia,Partner->CHN,2013-07,6.9722007556114285
Indonesia,Partner->CHN,2013-08,3.6855850774607255
Indonesia,Partner->CHN,2013-09,1.0
Indonesia,Partner->CHN,2013-10,3.5398015275604138
Indonesia,Partner->CHN,2013-11,6.0
Indonesia,Partner->CHN,2013-12,2.5
Indonesia,Partner->CHN,2014-01,3.5782531057486775
Indonesia,Partner->CHN,2014-02,4.742626934464509
Indonesia,Partner->CHN,2014-03,6.0
Indonesia,Partner->CHN,2014-04,1.0
Indonesia,Partner->CHN,2014-05,3.3999999999999986
Indonesia,Partner->CHN,2014-06,1.7763568394002505e-15
Indonesia,Partner->CHN,2014-07,1.0
Indonesia,Partner->CHN,2014-08,0.40000000000000036
Indonesia,Partner->CHN,2014-09,2.5
Indonesia,Partner->CHN,2014-10,1.0
Indonesia,Partner->CHN,2014-11,2.877182070575934
Indonesia,Partner->CHN,2014-12,-0.3651970457749467
Indonesia,Partner->CHN,2015-01,-2.8499999999999996
Indonesia,Partner->CHN,2015-02,3.3999999999999986
Indonesia,Partner->CHN,2015-03,2.982546276792368
Indonesia,Partner->CHN,2015-04,-3.500000000000001
Indonesia,Partner->CHN,2015-05,-5.0
Indonesia,Partner->CHN,2015-06,3.4499999999999975
Indonesia,Partner->CHN,2015-07,2.5
Indonesia,Partner->CHN,2015-08,1.4934886733567225
Indonesia,Partner->CHN,2015-09,0.5620192023179804
Indonesia,Partner->CHN,2015-10,4.499999999999998
Indonesia,Partner->CHN,2015-11,2.7089859789936366
Indonesia,Partner->CHN,2015-12,1.1249223594996227
Indonesia,Partner->CHN,2016-01,1.0622994621255994
Indonesia,Partner->CHN,2016-02,1.0
Indonesia,Partner->CHN,2016-03,-0.9674402333002305
Indonesia,Partner->CHN,2016-04,-3.3
Indonesia,Partner->CHN,2016-05,2.0989439066735063
Indonesia,Partner->CHN,2016-06,-5.999999999999999
Indonesia,Partner->CHN,2016-07,-4.999999999999999
Indonesia,Partner->CHN,2016-08,-2.5098152512244525
Indonesia,Partner->CHN,2016-09,1.0138728447234833
Indonesia,Partner->CHN,2016-10,6.0
Indonesia,Partner->CHN,2016-11,5.305334046624296
Indonesia,Partner->CHN,2016-12,4.639054021882664
Indonesia,Partner->CHN,2017-01,4.0
Indonesia,Partner->CHN,2017-02,-1.9999999999999982
Indonesia,Partner->CHN,2017-03,-1.6860770458102081
Indonesia,Partner->CHN,2017-04,-1.3612043559351648
Indonesia,Partner->CHN,2017-05,-1.0249999999999968
Indonesia,Partner->CHN,2017-06,2.0220966053857907
Indonesia,Partner->CHN,2017-07,6.0
Indonesia,Partner->CHN,2017-08,4.0
Indonesia,Partner->CHN,2017-09,-5.418219539958671
Indonesia,Partner->CHN,2017-10,2.6000000000000014
Indonesia,Partner->CHN,2017-11,2.8616023584242303
Indonesia,Partner->CHN,2017-12,3.1282367605200054
Indonesia,Partner->CHN,2018-01,3.3999999999999986
Indonesia,Partner->CHN,2018-02,1.9000000000000004
Indonesia,Partner->CHN,2018-03,-10.0
Indonesia,Partner->CHN,2018-04,-6.968871125850725
Indonesia,Partner->CHN,2018-05,5.25
Indonesia,Partner->CHN,2018-06,6.0
Indonesia,Partner->CHN,2018-07,-5.0
Indonesia,Partner->CHN,2018-08,1.7763568394002505e-15
Indonesia,Partner->CHN,2018-09,0.8890706112799247
Indonesia,Partner->CHN,2018-10,1.8499999999999996
Indonesia,Partner->CHN,2018-11,0.06812239421544142
Indonesia,Partner->CHN,2018-12,-1.466666666666665
Indonesia,Partner->CHN,2019-01,1.7763568394002505e-15
Indonesia,Partner->CHN,2019-02,1.7763568394002505e-15
Indonesia,Partner->CHN,2019-03,1.7763568394002505e-15
Iran,Aggregated,2002-01,
Iran,Aggregated,2002-02,4.499999999999998
Iran,Aggregated,2002-03,2.9999999999999964
Iran,Aggregated,2002-04,2.9176559025911892
Iran,Aggregated,2002-05,0.8267680209362958
Iran,Aggregated,2002-06,-0.9500000000000028
Iran,Aggregated,2002-07,6.0
Iran,Aggregated,2002-08,6.0
Iran,Aggregated,2002-09,6.0
Iran,Aggregated,2002-10,-5.468273325624266
Iran,Aggregated,2002-11,-9.2
Iran,Aggregated,2002-12,0.7072534977137828
Iran,Aggregated,2003-01,0.3481182790298618
Iran,Aggregated,2003-02,1.7763568394002505e-15
Iran,Aggregated,2003-03,3.3999999999999986
Iran,Aggregated,2003-04,0.3841995766061679
Iran,Aggregated,2003-05,-1.9999999999999982
Iran,Aggregated,2003-06,-1.0727647353354186
Iran,Aggregated,2003-07,-0.05000000000000249
Iran,Aggregated,2003-08,3.0622031559045997
Iran,Aggregated,2003-09,3.3999999999999986
Iran,Aggregated,2003-10,3.5
Iran,Aggregated,2003-11,2.964269012981948
Iran,Aggregated,2003-12,2.030732567001108
Iran,Aggregated,2004-01,4.0
Iran,Aggregated,2004-02,-1.1592002451355796
Iran,Aggregated,2004-03,-4.543910678977356
Iran,Aggregated,2004-04,3.684422507416704
Iran,Aggregated,2004-05,3.480000000000002
Iran,Aggregated,2004-06,2.771426544510451
Iran,Aggregated,2004-07,5.881943016134134
Iran,Aggregated,2004-08,3.0432815401715043
Iran,Aggregated,2004-09,0.6819347291981686
Iran,Aggregated,2004-10,3.0204918924225197
Iran,Aggregated,2004-11,2.6809858657124046
Iran,Aggregated,2004-12,1.9318076730235294
Iran,Aggregated,2005-01,4.26
Iran,Aggregated,2005-02,2.4231007939214653
Iran,Aggregated,2005-03,2.5
Iran,Aggregated,2005-04,1.6712067873811236
Iran,Aggregated,2005-05,-9.2
Iran,Aggregated,2005-06,1.0666666666666647
Iran,Aggregated,2005-07,3.849999999999998
Iran,Aggregated,2005-08,3.126027463996662
Iran,Aggregated,2005-09,1.0275826268037047
Iran,Aggregated,2005-10,3.02118115542258
Iran,Aggregated,2005-11,2.4124999999999996
Iran,Aggregated,2005-12,2.25
Iran,Aggregated,2006-01,2.912274481610611
Iran,Aggregated,2006-02,2.637367758825624
Iran,Aggregated,2006-03,2.242063416557148
Iran,Aggregated,2006-04,2.3622278832086074
Iran,Aggregated,2006-05,3.723506875504807
Iran,Aggregated,2006-06,1.7489464304014444
Iran,Aggregated,2006-07,3.200145400013726
Iran,Aggregated,2006-08,2.3867375479903803
Iran,Aggregated,2006-09,2.094782622140322
Iran,Aggregated,2006-10,2.1412793745749106
Iran,Aggregated,2006-11,3.6999999999999993
Iran,Aggregated,2006-12,4.599999999999998
Iran,Aggregated,2007-01,3.8923581403339362
Iran,Aggregated,2007-02,1.7763568394002505e-15
Iran,Aggregated,2007-03,2.2732634298747314
Iran,Aggregated,2007-04,4.499999999999998
Iran,Aggregated,2007-05,2.623967850813507
Iran,Aggregated,2007-06,0.9750000000000014
Iran,Aggregated,2007-07,0.9500000000000011
Iran,Aggregated,2007-08,-1.9999999999999982
Iran,Aggregated,2007-09,1.1519948748648776
Iran,Aggregated,2007-10,0.33333333333333215
Iran,Aggregated,2007-11,0.056111535157874926
Iran,Aggregated,2007-12,2.025590952828253
Iran,Aggregated,2008-01,3.1363496475428754
Iran,Aggregated,2008-02,4.750000000000002
Iran,Aggregated,2008-03,1.7763568394002505e-15
Iran,Aggregated,2008-04,4.499999999999998
Iran,Aggregated,2008-05,3.8700720290794894
Iran,Aggregated,2008-06,3.5
Iran,Aggregated,2008-07,2.849999999999996
Iran,Aggregated,2008-08,2.879356345914788
Iran,Aggregated,2008-09,-0.48219830315471945
Iran,Aggregated,2008-10,-0.8333333333333321
Iran,Aggregated,2008-11,3.2952590718640025
Iran,Aggregated,2008-12,2.5
Iran,Aggregated,2009-01,4.012610320366617
Iran,Aggregated,2009-02,3.5
Iran,Aggregated,2009-03,5.301571855893922
Iran,Aggregated,2009-04,1.4033233010231143
Iran,Aggregated,2009-05,1.5000000000000018
Iran,Aggregated,2009-06,4.0
Iran,Aggregated,2009-07,-1.4471388785456618
Iran,Aggregated,2009-08,2.1894925327619674
Iran,Aggregated,2009-09,3.2152853539971353
Iran,Aggregated,2009-10,2.426711201164851
Iran,Aggregated,2009-11,3.263601382486346
Iran,Aggregated,2009-12,0.7500000000000018
Iran,Aggregated,2010-01,-0.27500000000000036
Iran,Aggregated,2010-02,0.3556540723331434
Iran,Aggregated,2010-03,2.362499999999999
Iran,Aggregated,2010-04,3.4766424800999243
Iran,Aggregated,2010-05,2.519999999999998
Iran,Aggregated,2010-06,3.2924456032214557
Iran,Aggregated,2010-07,5.799999999999994
Iran,Aggregated,2010-08,1.8535420473110484
Iran,Aggregated,2010-09,1.4799999999999986
Iran,Aggregated,2010-10,2.5
Iran,Aggregated,2010-11,3.5159902576697295
Iran,Aggregated,2010-12,1.7789425608782832
Iran,Aggregated,2011-01,2.0879898350569874
Iran,Aggregated,2011-02,2.0
Iran,Aggregated,2011-03,4.7333333333333325
Iran,Aggregated,2011-04,2.097150499680936
Iran,Aggregated,2011-05,2.0848915240916455
Iran,Aggregated,2011-06,0.1307551333033068
Iran,Aggregated,2011-07,1.8758651096696966
Iran,Aggregated,2011-08,1.799999999999999
Iran,Aggregated,2011-09,3.799999999999997
Iran,Aggregated,2011-10,-6.4
Iran,Aggregated,2011-11,2.5935808207766655
Iran,Aggregated,2011-12,2.31666666666667
Iran,Aggregated,2012-01,2.6763470843130523
Iran,Aggregated,2012-02,3.0535330406098815
Iran,Aggregated,2012-03,1.7005221480760166
Iran,Aggregated,2012-04,2.3632365921985414
Iran,Aggregated,2012-05,3.8211368984343412
Iran,Aggregated,2012-06,2.0468379645457127
Iran,Aggregated,2012-07,2.3571428571428577
Iran,Aggregated,2012-08,3.060296840832253
Iran,Aggregated,2012-09,2.9203742051335517
Iran,Aggregated,2012-10,2.0369703009381546
Iran,Aggregated,2012-11,3.416132029896806
Iran,Aggregated,2012-12,1.0982132722552276
Iran,Aggregated,2013-01,2.1771412356083673
Iran,Aggregated,2013-02,0.8285714285714274
Iran,Aggregated,2013-03,3.313817113511103
Iran,Aggregated,2013-04,3.1714285714285726
Iran,Aggregated,2013-05,2.974343838416374
Iran,Aggregated,2013-06,2.780000000000003
Iran,Aggregated,2013-07,2.7608630695875664
Iran,Aggregated,2013-08,1.8166666666666647
Iran,Aggregated,2013-09,1.996431733734374
Iran,Aggregated,2013-10,2.2627829826653016
Iran,Aggregated,2013-11,2.3680708630489065
Iran,Aggregated,2013-12,1.2915177398662063
Iran,Aggregated,2014-01,2.678540806986213
Iran,Aggregated,2014-02,3.7991962228854916
Iran,Aggregated,2014-03,2.9498799949170866
Iran,Aggregated,2014-04,1.9878452419460935
Iran,Aggregated,2014-05,1.914094089104216
Iran,Aggregated,2014-06,2.6318665173741635
Iran,Aggregated,2014-07,2.947454404855378
Iran,Aggregated,2014-08,4.269331841670196
Iran,Aggregated,2014-09,4.000379535913433
Iran,Aggregated,2014-10,1.918404623873922
Iran,Aggregated,2014-11,2.457459091446829
Iran,Aggregated,2014-12,3.251439317960525
Iran,Aggregated,2015-01,3.946963770934543
Iran,Aggregated,2015-02,2.216708174247014
Iran,Aggregated,2015-03,3.4784608494428877
Iran,Aggregated,2015-04,2.273589153434072
Iran,Aggregated,2015-05,2.4083760054474883
Iran,Aggregated,2015-06,2.5445315524887313
Iran,Aggregated,2015-07,1.0460030855268805
Iran,Aggregated,2015-08,-0.24628747659637895
Iran,Aggregated,2015-09,3.0817180104360666
Iran,Aggregated,2015-10,3.3321900551048564
Iran,Aggregated,2015-11,3.799999999999997
Iran,Aggregated,2015-12,1.5059182108328582
Iran,Aggregated,2016-01,1.6490751487086026
Iran,Aggregated,2016-02,-2.0000000000000018
Iran,Aggregated,2016-03,4.0
Iran,Aggregated,2016-04,0.09807621135331601
Iran,Aggregated,2016-05,1.700000000000001
Iran,Aggregated,2016-06,1.7763568394002505e-15
Iran,Aggregated,2016-07,2.35371377857979
Iran,Aggregated,2016-08,2.7799999999999976
Iran,Aggregated,2016-09,5.199999999999996
Iran,Aggregated,2016-10,2.6666666666666643
Iran,Aggregated,2016-11,2.9227174811280427
Iran,Aggregated,2016-12,4.16666666666667
Iran,Aggregated,2017-01,2.3749999999999964
Iran,Aggregated,2017-02,-0.8333333333333321
Iran,Aggregated,2017-03,0.9090301872150786
Iran,Aggregated,2017-04,2.9499999999999993
Iran,Aggregated,2017-05,1.5000000000000018
Iran,Aggregated,2017-06,3.5
Iran,Aggregated,2017-07,-2.37787257490473
Iran,Aggregated,2017-08,3.5395178580186535
Iran,Aggregated,2017-09,3.4666666666666632
Iran,Aggregated,2017-10,4.999999999999998
Iran,Aggregated,2017-11,6.0
Iran,Aggregated,2017-12,2.6236074000163097
Iran,Aggregated,2018-01,-0.08219537707181601
Iran,Aggregated,2018-02,3.799999999999997
Iran,Aggregated,2018-03,2.733333333333329
Iran,Aggregated,2018-04,3.037200400228448
Iran,Aggregated,2018-05,3.347790903604892
Iran,Aggregated,2018-06,3.05720082684741
Iran,Aggregated,2018-07,1.7960492265533325
Iran,Aggregated,2018-08,0.03333333333333144
Iran,Aggregated,2018-09,3.3249999999999993
Iran,Aggregated,2018-10,3.286324029594123
Iran,Aggregated,2018-11,6.399999999999999
Iran,Aggregated,2018-12,2.1999999999999993
Iran,Aggregated,2019-01,1.7160072027337296
Iran,Aggregated,2019-02,1.2497605439375796
Iran,Aggregated,2019-03,1.7763568394002505e-15
Iran,CHN->Partner,2002-01,
Iran,CHN->Partner,2002-02,4.499999999999998
Iran,CHN->Partner,2002-03,2.9999999999999964
Iran,CHN->Partner,2002-04,2.3197606672356397
Iran,CHN->Partner,2002-05,0.5699435912936988
Iran,CHN->Partner,2002-06,-0.9500000000000028
Iran,CHN->Partner,2002-07,6.0
Iran,CHN->Partner,2002-08,6.0
Iran,CHN->Partner,2002-09,6.0
Iran,CHN->Partner,2002-10,4.781402034283451
Iran,CHN->Partner,2002-11,3.6501558922168105
Iran,CHN->Partner,2002-12,2.6000000000000014
Iran,CHN->Partner,2003-01,1.2311078811365253
Iran,CHN->Partner,2003-02,1.7763568394002505e-15
Iran,CHN->Partner,2003-03,-0.7117235218982252
Iran,CHN->Partner,2003-04,-1.3773970100125172
Iran,CHN->Partner,2003-05,-1.9999999999999982
Iran,CHN->Partner,2003-06,1.5139921687685227
Iran,CHN->Partner,2003-07,6.399999999999999
Iran,CHN->Partner,2003-08,3.696938456699071
Iran,CHN->Partner,2003-09,3.598137128487883
Iran,CHN->Partner,2003-10,3.5
Iran,CHN->Partner,2003-11,3.015156787896819
Iran,CHN->Partner,2003-12,2.2597635054706675
Iran,CHN->Partner,2004-01,4.0
Iran,CHN->Partner,2004-02,-1.5131670194948619
Iran,CHN->Partner,2004-03,-4.999999999999999
Iran,CHN->Partner,2004-04,4.574999999999999
Iran,CHN->Partner,2004-05,3.480000000000002
Iran,CHN->Partner,2004-06,2.771426544510451
Iran,CHN->Partner,2004-07,5.881943016134134
Iran,CHN->Partner,2004-08,3.0432815401715043
Iran,CHN->Partner,2004-09,0.6819347291981686
Iran,CHN->Partner,2004-10,3.5286886493915297
Iran,CHN->Partner,2004-11,3.188336885074275
Iran,CHN->Partner,2004-12,-0.7333333333333343
Iran,CHN->Partner,2005-01,4.633333333333336
Iran,CHN->Partner,2005-02,2.3112281127576217
Iran,CHN->Partner,2005-03,4.0
Iran,CHN->Partner,2005-04,2.8000000000000025
Iran,CHN->Partner,2005-05,1.3905205701778307
Iran,CHN->Partner,2005-06,0.125
Iran,CHN->Partner,2005-07,4.0
Iran,CHN->Partner,2005-08,3.016624790355401
Iran,CHN->Partner,2005-09,1.2126967841926444
Iran,CHN->Partner,2005-10,3.175080260522119
Iran,CHN->Partner,2005-11,1.8428571428571452
Iran,CHN->Partner,2005-12,2.9999999999999964
Iran,CHN->Partner,2006-01,2.846759668465774
Iran,CHN->Partner,2006-02,1.8174186582583705
Iran,CHN->Partner,2006-03,1.8407342369895794
Iran,CHN->Partner,2006-04,2.0155302679496696
Iran,CHN->Partner,2006-05,3.723506875504807
Iran,CHN->Partner,2006-06,1.739801114612371
Iran,CHN->Partner,2006-07,2.9690465157330284
Iran,CHN->Partner,2006-08,2.7041019662496844
Iran,CHN->Partner,2006-09,1.7489498899056812
Iran,CHN->Partner,2006-10,2.22760693581089
Iran,CHN->Partner,2006-11,3.25
Iran,CHN->Partner,2006-12,4.599999999999998
Iran,CHN->Partner,2007-01,4.3781731676700435
Iran,CHN->Partner,2007-02,1.7763568394002505e-15
Iran,CHN->Partner,2007-03,2.0282601888737
Iran,CHN->Partner,2007-04,1.5695453574090443
Iran,CHN->Partner,2007-05,1.126981515681706
Iran,CHN->Partner,2007-06,0.6999999999999993
Iran,CHN->Partner,2007-07,0.5025724475264521
Iran,CHN->Partner,2007-08,0.30847631714483903
Iran,CHN->Partner,2007-09,0.11765539393979907
Iran,CHN->Partner,2007-10,0.4999999999999982
Iran,CHN->Partner,2007-11,-0.7601484641731329
Iran,CHN->Partner,2007-12,2.8535420473110467
Iran,CHN->Partner,2008-01,3.06606303177516
Iran,CHN->Partner,2008-02,4.750000000000002
Iran,CHN->Partner,2008-03,1.7763568394002505e-15
Iran,CHN->Partner,2008-04,3.7500000000000018
Iran,CHN->Partner,2008-05,3.915884521103525
Iran,CHN->Partner,2008-06,6.0
Iran,CHN->Partner,2008-07,3.1999999999999993
Iran,CHN->Partner,2008-08,2.6925824035672505
Iran,CHN->Partner,2008-09,3.7333333333333343
Iran,CHN->Partner,2008-10,3.8875478900277027
Iran,CHN->Partner,2008-11,4.043376618407358
Iran,CHN->Partner,2008-12,2.5
Iran,CHN->Partner,2009-01,3.717336715588182
Iran,CHN->Partner,2009-02,3.5
Iran,CHN->Partner,2009-03,7.9999999999999964
Iran,CHN->Partner,2009-04,1.1873116709640232
Iran,CHN->Partner,2009-05,2.9999999999999964
Iran,CHN->Partner,2009-06,0.22497216032182443
Iran,CHN->Partner,2009-07,-1.9999999999999982
Iran,CHN->Partner,2009-08,2.554407954888962
Iran,CHN->Partner,2009-09,2.93652281365819
Iran,CHN->Partner,2009-10,2.4210283262752714
Iran,CHN->Partner,2009-11,3.3897561688963744
Iran,CHN->Partner,2009-12,-0.09999999999999964
Iran,CHN->Partner,2010-01,-2.5
Iran,CHN->Partner,2010-02,-0.10912790355581059
Iran,CHN->Partner,2010-03,2.9999999999999964
Iran,CHN->Partner,2010-04,4.291243980443284
Iran,CHN->Partner,2010-05,4.499999999999998
Iran,CHN->Partner,2010-06,4.916525356773763
Iran,CHN->Partner,2010-07,5.799999999999994
Iran,CHN->Partner,2010-08,4.249999999999998
Iran,CHN->Partner,2010-09,2.133333333333333
Iran,CHN->Partner,2010-10,3.333333333333334
Iran,CHN->Partner,2010-11,4.104653676892969
Iran,CHN->Partner,2010-12,2.74890164582969
Iran,CHN->Partner,2011-01,2.3287876255836206
Iran,CHN->Partner,2011-02,4.0
Iran,CHN->Partner,2011-03,4.499999999999998
Iran,CHN->Partner,2011-04,2.780022568361076
Iran,CHN->Partner,2011-05,2.404617724816484
Iran,CHN->Partner,2011-06,1.2492423616225086
Iran,CHN->Partner,2011-07,2.5790886951307286
Iran,CHN->Partner,2011-08,0.40000000000000036
Iran,CHN->Partner,2011-09,3.3999999999999986
Iran,CHN->Partner,2011-10,-6.4
Iran,CHN->Partner,2011-11,1.8488896267128503
Iran,CHN->Partner,2011-12,2.780000000000003
Iran,CHN->Partner,2012-01,2.63822126160618
Iran,CHN->Partner,2012-02,2.5784550376893858
Iran,CHN->Partner,2012-03,1.5199296961906779
Iran,CHN->Partner,2012-04,2.667141583605785
Iran,CHN->Partner,2012-05,3.904795423230997
Iran,CHN->Partner,2012-06,2.1199088680100804
Iran,CHN->Partner,2012-07,2.2750000000000004
Iran,CHN->Partner,2012-08,3.666666666666666
Iran,CHN->Partner,2012-09,2.6442619407162695
Iran,CHN->Partner,2012-10,2.7159604012508733
Iran,CHN->Partner,2012-11,4.632264059793615
Iran,CHN->Partner,2012-12,0.9771412356083644
Iran,CHN->Partner,2013-01,3.6000000000000014
Iran,CHN->Partner,2013-02,4.0
Iran,CHN->Partner,2013-03,3.133333333333331
Iran,CHN->Partner,2013-04,3.3999999999999986
Iran,CHN->Partner,2013-05,3.0865893671960194
Iran,CHN->Partner,2013-06,2.780000000000003
Iran,CHN->Partner,2013-07,2.9755671111817215
Iran,CHN->Partner,2013-08,2.4749999999999996
Iran,CHN->Partner,2013-09,1.9611317230511176
Iran,CHN->Partner,2013-10,1.9097936242202422
Iran,CHN->Partner,2013-11,2.7555792458550528
Iran,CHN->Partner,2013-12,1.4499999999999993
Iran,CHN->Partner,2014-01,2.368372962399331
Iran,CHN->Partner,2014-02,5.157701810527897
Iran,CHN->Partner,2014-03,3.429760765186618
Iran,CHN->Partner,2014-04,1.7428530890209064
Iran,CHN->Partner,2014-05,1.2694789429145512
Iran,CHN->Partner,2014-06,3.5333333333333314
Iran,CHN->Partner,2014-07,3.7592041728006578
Iran,CHN->Partner,2014-08,5.146330722922837
Iran,CHN->Partner,2014-09,2.510320876351418
Iran,CHN->Partner,2014-10,-1.9999999999999982
Iran,CHN->Partner,2014-11,2.33453091784755
Iran,CHN->Partner,2014-12,3.9333333333333282
Iran,CHN->Partner,2015-01,4.927260875202418
Iran,CHN->Partner,2015-02,2.4835284411047773
Iran,CHN->Partner,2015-03,2.5546393842751396
Iran,CHN->Partner,2015-04,2.4038598760463312
Iran,CHN->Partner,2015-05,2.5864012477333223
Iran,CHN->Partner,2015-06,2.7714285714285722
Iran,CHN->Partner,2015-07,1.9509336841161815
Iran,CHN->Partner,2015-08,-0.2500000000000018
Iran,CHN->Partner,2015-09,4.034961367436097
Iran,CHN->Partner,2015-10,3.511335345030993
Iran,CHN->Partner,2015-11,3.799999999999997
Iran,CHN->Partner,2015-12,3.799999999999997
Iran,CHN->Partner,2016-01,2.123871956107269
Iran,CHN->Partner,2016-02,-2.0000000000000018
Iran,CHN->Partner,2016-03,6.9999999999999964
Iran,CHN->Partner,2016-04,6.0
Iran,CHN->Partner,2016-05,3.6999999999999993
Iran,CHN->Partner,2016-06,1.7763568394002505e-15
Iran,CHN->Partner,2016-07,2.3070983302540213
Iran,CHN->Partner,2016-08,3.682472303740777
Iran,CHN->Partner,2016-09,5.199999999999996
Iran,CHN->Partner,2016-10,4.174795458807219
Iran,CHN->Partner,2016-11,3.2144701985577946
Iran,CHN->Partner,2016-12,3.25
Iran,CHN->Partner,2017-01,2.833333333333332
Iran,CHN->Partner,2017-02,-1.2499999999999982
Iran,CHN->Partner,2017-03,0.21494538551124798
Iran,CHN->Partner,2017-04,1.9000000000000004
Iran,CHN->Partner,2017-05,1.5000000000000018
Iran,CHN->Partner,2017-06,3.5
Iran,CHN->Partner,2017-07,-3.750000000000001
Iran,CHN->Partner,2017-08,3.5500000000000007
Iran,CHN->Partner,2017-09,1.7763568394002505e-15
Iran,CHN->Partner,2017-10,4.999999999999998
Iran,CHN->Partner,2017-11,6.0
Iran,CHN->Partner,2017-12,2.082530292649185
Iran,CHN->Partner,2018-01,-0.93220006717155
Iran,CHN->Partner,2018-02,4.0
Iran,CHN->Partner,2018-03,2.6000000000000014
Iran,CHN->Partner,2018-04,3.402702611742912
Iran,CHN->Partner,2018-05,4.2527825384048565
Iran,CHN->Partner,2018-06,3.0999999999999996
Iran,CHN->Partner,2018-07,2.681980515339463
Iran,CHN->Partner,2018-08,1.599999999999996
Iran,CHN->Partner,2018-09,3.799999999999997
Iran,CHN->Partner,2018-10,2.5
Iran,CHN->Partner,2018-11,6.399999999999999
Iran,CHN->Partner,2018-12,1.0
Iran,CHN->Partner,2019-01,1.0924229462712134
Iran,CHN->Partner,2019-02,1.1855577259588852
Iran,CHN->Partner,2019-03,1.1855577259588852
Iran,Partner->CHN,2002-01,
Iran,Partner->CHN,2002-02,7.9999999999999964
Iran,Partner->CHN,2002-03,5.436886562117639
Iran,Partner->CHN,2002-04,3.219538939785437
Iran,Partner->CHN,2002-05,2.85509926659147
Iran,Partner->CHN,2002-06,2.5
Iran,Partner->CHN,2002-07,6.0
Iran,Partner->CHN,2002-08,6.0
Iran,Partner->CHN,2002-09,-2.957517659644692
Iran,Partner->CHN,2002-10,-7.195204576769001
Iran,Partner->CHN,2002-11,-9.2
Iran,Partner->CHN,2002-12,0.8166666666666647
Iran,Partner->CHN,2003-01,1.6216893583778944
Iran,Partner->CHN,2003-02,2.4815550572121214
Iran,Partner->CHN,2003-03,3.3999999999999986
Iran,Partner->CHN,2003-04,-0.23348877520721167
Iran,Partner->CHN,2003-05,-2.9501552810007556
Iran,Partner->CHN,2003-06,-4.981337255212202
Iran,Partner->CHN,2003-07,-6.5
Iran,Partner->CHN,2003-08,2.8000000000000025
Iran,Partner->CHN,2003-09,3.3999999999999986
Iran,Partner->CHN,2003-10,2.629380029920654
Iran,Partner->CHN,2003-11,1.9000000000000004
Iran,Partner->CHN,2003-12,1.799999999999999
Iran,Partner->CHN,2004-01,1.8332469025868807
Iran,Partner->CHN,2004-02,1.8665801611528021
Iran,Partner->CHN,2004-03,1.9000000000000004
Iran,Partner->CHN,2004-04,3.633439489369188
Iran,Partner->CHN,2004-05,4.0
Iran,Partner->CHN,2004-06,4.249999999999998
Iran,Partner->CHN,2004-07,5.881943016134134
Iran,Partner->CHN,2004-08,5.435056685577511
Iran,Partner->CHN,2004-09,4.999999999999998
Iran,Partner->CHN,2004-10,4.5308635907763115
Iran,Partner->CHN,2004-11,3.19099025766973
Iran,Partner->CHN,2004-12,2.9749999999999996
Iran,Partner->CHN,2005-01,3.6999999999999993
Iran,Partner->CHN,2005-02,4.566666666666668
Iran,Partner->CHN,2005-03,1.0
Iran,Partner->CHN,2005-04,1.4499999999999993
Iran,Partner->CHN,2005-05,-9.2
Iran,Partner->CHN,2005-06,3.0999999999999996
Iran,Partner->CHN,2005-07,5.133333333333333
Iran,Partner->CHN,2005-08,2.5
Iran,Partner->CHN,2005-09,2.6666666666666696
Iran,Partner->CHN,2005-10,2.895902865909532
Iran,Partner->CHN,2005-11,3.299999999999999
Iran,Partner->CHN,2005-12,4.0
Iran,Partner->CHN,2006-01,2.946282821945296
Iran,Partner->CHN,2006-02,3.4599999999999955
Iran,Partner->CHN,2006-03,3.0570601323663578
Iran,Partner->CHN,2006-04,3.400000000000004
Iran,Partner->CHN,2006-05,2.643611356210682
Iran,Partner->CHN,2006-06,1.9269535305083991
Iran,Partner->CHN,2006-07,5.199999999999996
Iran,Partner->CHN,2006-08,1.7817441928883788
Iran,Partner->CHN,2006-09,2.0
Iran,Partner->CHN,2006-10,1.3000000000000025
Iran,Partner->CHN,2006-11,4.049999999999997
Iran,Partner->CHN,2006-12,4.038697045610796
Iran,Partner->CHN,2007-01,4.027402580044049
Iran,Partner->CHN,2007-02,3.676265543862465
Iran,Partner->CHN,2007-03,3.3333333333333286
Iran,Partner->CHN,2007-04,4.499999999999998
Iran,Partner->CHN,2007-05,2.77951377952067
Iran,Partner->CHN,2007-06,1.2500000000000018
Iran,Partner->CHN,2007-07,0.9500000000000011
Iran,Partner->CHN,2007-08,-1.9999999999999982
Iran,Partner->CHN,2007-09,2.166666666666668
Iran,Partner->CHN,2007-10,1.7763568394002505e-15
Iran,Partner->CHN,2007-11,2.2361264412997404
Iran,Partner->CHN,2007-12,2.7226422146412705
Iran,Partner->CHN,2008-01,2.9999999999999964
Iran,Partner->CHN,2008-02,6.0
Iran,Partner->CHN,2008-03,6.0
Iran,Partner->CHN,2008-04,6.0
Iran,Partner->CHN,2008-05,3.339970119403338
Iran,Partner->CHN,2008-06,1.0
Iran,Partner->CHN,2008-07,2.5
Iran,Partner->CHN,2008-08,2.5
Iran,Partner->CHN,2008-09,-2.116666666666667
Iran,Partner->CHN,2008-10,-0.8333333333333321
Iran,Partner->CHN,2008-11,2.599999999999996
Iran,Partner->CHN,2008-12,2.5
Iran,Partner->CHN,2009-01,5.5
Iran,Partner->CHN,2009-02,4.784312983590212
Iran,Partner->CHN,2009-03,4.099668870541494
Iran,Partner->CHN,2009-04,3.7500000000000018
Iran,Partner->CHN,2009-05,1.7763568394002505e-15
Iran,Partner->CHN,2009-06,4.0
Iran,Partner->CHN,2009-07,-1.1707083178184927
Iran,Partner->CHN,2009-08,4.666666666666666
Iran,Partner->CHN,2009-09,4.175423975790872
Iran,Partner->CHN,2009-10,4.348469228349533
Iran,Partner->CHN,2009-11,3.9429320379485464
Iran,Partner->CHN,2009-12,4.999999999999998
Iran,Partner->CHN,2010-01,6.399999999999999
Iran,Partner->CHN,2010-02,1.1666666666666696
Iran,Partner->CHN,2010-03,1.9749999999999979
Iran,Partner->CHN,2010-04,1.3800000000000026
Iran,Partner->CHN,2010-05,1.1999999999999993
Iran,Partner->CHN,2010-06,1.1029524607613936
Iran,Partner->CHN,2010-07,4.0
Iran,Partner->CHN,2010-08,-0.006301417205662574
Iran,Partner->CHN,2010-09,0.9750000000000014
Iran,Partner->CHN,2010-10,2.9999999999999964
Iran,Partner->CHN,2010-11,1.7499999999999964
Iran,Partner->CHN,2010-12,1.333333333333334
Iran,Partner->CHN,2011-01,0.7660493297848241
Iran,Partner->CHN,2011-02,1.7763568394002505e-15
Iran,Partner->CHN,2011-03,5.599999999999998
Iran,Partner->CHN,2011-04,2.0653841409022107
Iran,Partner->CHN,2011-05,0.6666666666666661
Iran,Partner->CHN,2011-06,1.7763568394002505e-15
Iran,Partner->CHN,2011-07,1.6787712922227929
Iran,Partner->CHN,2011-08,4.066666666666665
Iran,Partner->CHN,2011-09,4.0
Iran,Partner->CHN,2011-10,4.588457268119894
Iran,Partner->CHN,2011-11,5.199999999999996
Iran,Partner->CHN,2011-12,2.166666666666668
Iran,Partner->CHN,2012-01,3.1782753492378877
Iran,Partner->CHN,2012-02,3.0253246734842065
Iran,Partner->CHN,2012-03,4.192844494962596
Iran,Partner->CHN,2012-04,2.2081167174394913
Iran,Partner->CHN,2012-05,3.779999999999996
Iran,Partner->CHN,2012-06,1.8440889747577298
Iran,Partner->CHN,2012-07,2.4749999999999996
Iran,Partner->CHN,2012-08,2.8405964233183294
Iran,Partner->CHN,2012-09,3.9192695630078287
Iran,Partner->CHN,2012-10,1.5826270679175423
Iran,Partner->CHN,2012-11,3.4666666666666686
Iran,Partner->CHN,2012-12,2.0799999999999983
Iran,Partner->CHN,2013-01,0.6333333333333364
Iran,Partner->CHN,2013-02,0.8285714285714274
Iran,Partner->CHN,2013-03,3.2813648519858525
Iran,Partner->CHN,2013-04,3.133333333333331
Iran,Partner->CHN,2013-05,3.560219778561036
Iran,Partner->CHN,2013-06,4.0
Iran,Partner->CHN,2013-07,2.554729244975107
Iran,Partner->CHN,2013-08,1.666666666666666
Iran,Partner->CHN,2013-09,1.7467504897185684
Iran,Partner->CHN,2013-10,2.3057337586956486
Iran,Partner->CHN,2013-11,2.2890223302556603
Iran,Partner->CHN,2013-12,2.0372766097993065
Iran,Partner->CHN,2014-01,3.133333333333331
Iran,Partner->CHN,2014-02,2.919999999999998
Iran,Partner->CHN,2014-03,2.759318093750734
Iran,Partner->CHN,2014-04,2.4000000000000004
Iran,Partner->CHN,2014-05,2.529412876325253
Iran,Partner->CHN,2014-06,2.543007198882897
Iran,Partner->CHN,2014-07,2.988498490157763
Iran,Partner->CHN,2014-08,3.84
Iran,Partner->CHN,2014-09,4.292269355356273
Iran,Partner->CHN,2014-10,2.702085548648707
Iran,Partner->CHN,2014-11,1.9715337162060909
Iran,Partner->CHN,2014-12,4.20780868902348
Iran,Partner->CHN,2015-01,2.966666666666667
Iran,Partner->CHN,2015-02,2.2686571759428915
Iran,Partner->CHN,2015-03,3.8386285730161784
Iran,Partner->CHN,2015-04,1.943297800045455
Iran,Partner->CHN,2015-05,2.1319033509027445
Iran,Partner->CHN,2015-06,2.3232572008692447
Iran,Partner->CHN,2015-07,2.068859216419197
Iran,Partner->CHN,2015-08,1.1677020162178504
Iran,Partner->CHN,2015-09,2.595132585821938
Iran,Partner->CHN,2015-10,3.4142494558940566
Iran,Partner->CHN,2015-11,6.0
Iran,Partner->CHN,2015-12,-0.03397459621556287
Iran,Partner->CHN,2016-01,0.8410354815689907
Iran,Partner->CHN,2016-02,0.9202527564992469
Iran,Partner->CHN,2016-03,1.0
Iran,Partner->CHN,2016-04,0.09807621135331601
Iran,Partner->CHN,2016-05,-0.3000000000000025
Iran,Partner->CHN,2016-06,1.1221560238542825
Iran,Partner->CHN,2016-07,2.733333333333336
Iran,Partner->CHN,2016-08,2.7799999999999976
Iran,Partner->CHN,2016-09,4.0
Iran,Partner->CHN,2016-10,2.6666666666666643
Iran,Partner->CHN,2016-11,3.124917217635373
Iran,Partner->CHN,2016-12,4.16666666666667
Iran,Partner->CHN,2017-01,2.3749999999999964
Iran,Partner->CHN,2017-02,0.9500000000000011
Iran,Partner->CHN,2017-03,2.388427838995881
Iran,Partner->CHN,2017-04,4.0
Iran,Partner->CHN,2017-05,3.1717782400187584
Iran,Partner->CHN,2017-06,2.389286565617951
Iran,Partner->CHN,2017-07,1.6499999999999968
Iran,Partner->CHN,2017-08,1.8685663537163286
Iran,Partner->CHN,2017-09,5.199999999999996
Iran,Partner->CHN,2017-10,4.478173233710738
Iran,Partner->CHN,2017-11,3.788509052639487
Iran,Partner->CHN,2017-12,3.129574381793425
Iran,Partner->CHN,2018-01,2.5
Iran,Partner->CHN,2018-02,3.6999999999999993
Iran,Partner->CHN,2018-03,2.349999999999998
Iran,Partner->CHN,2018-04,2.6850207402000628
Iran,Partner->CHN,2018-05,3.028448888367482
Iran,Partner->CHN,2018-06,3.037397165588674
Iran,Partner->CHN,2018-07,2.1249999999999982
Iran,Partner->CHN,2018-08,-0.75
Iran,Partner->CHN,2018-09,2.649999999999997
Iran,Partner->CHN,2018-10,3.2304589153964756
Iran,Partner->CHN,2018-11,3.3149784624954712
Iran,Partner->CHN,2018-12,3.3999999999999986
Iran,Partner->CHN,2019-01,2.145341380123984
Iran,Partner->CHN,2019-02,1.0
Iran,Partner->CHN,2019-03,1.7763568394002505e-15
Italy,Aggregated,2002-01,
Italy,Aggregated,2002-02,
Italy,Aggregated,2002-03,
Italy,Aggregated,2002-04,1.0
Italy,Aggregated,2002-05,-3.4499999999999993
Italy,Aggregated,2002-06,3.1484080083051325
Italy,Aggregated,2002-07,3.307455766116231
Italy,Aggregated,2002-08,3.468291441638634
Italy,Aggregated,2002-09,3.6309351335507785
Italy,Aggregated,2002-10,3.795407166468193
Italy,Aggregated,2002-11,3.9617280934832806
Italy,Aggregated,2002-12,4.129918698733784
Italy,Aggregated,2003-01,4.299999999999994
Italy,Aggregated,2003-02,-0.8287932126188746
Italy,Aggregated,2003-03,5.199999999999996
Italy,Aggregated,2003-04,5.595180023127192
Italy,Aggregated,2003-05,6.0
Italy,Aggregated,2003-06,5.744288057185379
Italy,Aggregated,2003-07,5.492422502470639
Italy,Aggregated,2003-08,5.244345478951448
Italy,Aggregated,2003-09,4.999999999999998
Italy,Aggregated,2003-10,1.5798631948631083
Italy,Aggregated,2003-11,3.950000000000001
Italy,Aggregated,2003-12,2.3301479753250085
Italy,Aggregated,2004-01,1.0
Italy,Aggregated,2004-02,1.4418648119966324
Italy,Aggregated,2004-03,1.9000000000000004
Italy,Aggregated,2004-04,5.199999999999996
Italy,Aggregated,2004-05,1.257827430927163
Italy,Aggregated,2004-06,1.0
Italy,Aggregated,2004-07,2.730740698407862
Italy,Aggregated,2004-08,2.7848376974139057
Italy,Aggregated,2004-09,2.839147830246146
Italy,Aggregated,2004-10,2.8936719366189543
Italy,Aggregated,2004-11,2.948410859555045
Italy,Aggregated,2004-12,2.468548009269341
Italy,Aggregated,2005-01,-4.049999999999999
Italy,Aggregated,2005-02,3.3999999999999986
Italy,Aggregated,2005-03,1.9000000000000004
Italy,Aggregated,2005-04,1.9000000000000004
Italy,Aggregated,2005-05,4.750000000000002
Italy,Aggregated,2005-06,4.112081259707415
Italy,Aggregated,2005-07,3.5
Italy,Aggregated,2005-08,4.0
Italy,Aggregated,2005-09,-3.3
Italy,Aggregated,2005-10,1.4499999999999993
Italy,Aggregated,2005-11,2.2022725316515093
Italy,Aggregated,2005-12,2.9999999999999964
Italy,Aggregated,2006-01,2.667252468827499
Italy,Aggregated,2006-02,2.3424135747622508
Italy,Aggregated,2006-03,4.92186728749121
Italy,Aggregated,2006-04,7.9999999999999964
Italy,Aggregated,2006-05,-5.0
Italy,Aggregated,2006-06,2.333333333333334
Italy,Aggregated,2006-07,4.133333333333331
Italy,Aggregated,2006-08,3.8536020754135585
Italy,Aggregated,2006-09,3.57904149436542
Italy,Aggregated,2006-10,3.3193406301144144
Italy,Aggregated,2006-11,3.0642658957031994
Italy,Aggregated,2006-12,3.0231167604151956
Italy,Aggregated,2007-01,1.7763568394002505e-15
Italy,Aggregated,2007-02,2.3000000000000025
Italy,Aggregated,2007-03,2.538267990457493
Italy,Aggregated,2007-04,2.7808045249207485
Italy,Aggregated,2007-05,3.377484754775823
Italy,Aggregated,2007-06,4.0
Italy,Aggregated,2007-07,-0.7333333333333343
Italy,Aggregated,2007-08,1.7763568394002505e-15
Italy,Aggregated,2007-09,2.5
Italy,Aggregated,2007-10,2.1965904687536586
Italy,Aggregated,2007-11,1.9000000000000004
Italy,Aggregated,2007-12,2.2907340009963963
Italy,Aggregated,2008-01,2.6933031228869577
Italy,Aggregated,2008-02,3.108065845062317
Italy,Aggregated,2008-03,3.535391505059355
Italy,Aggregated,2008-04,3.975660627448569
Italy,Aggregated,2008-05,4.42926526268324
Italy,Aggregated,2008-06,4.0
Italy,Aggregated,2008-07,4.0
Italy,Aggregated,2008-08,4.0
Italy,Aggregated,2008-09,2.416407864998739
Italy,Aggregated,2008-10,1.0
Italy,Aggregated,2008-11,4.0
Italy,Aggregated,2008-12,0.929060931505763
Italy,Aggregated,2009-01,-1.5131670194948619
Italy,Aggregated,2009-02,-3.4553994219023894
Italy,Aggregated,2009-03,-5.0
Italy,Aggregated,2009-04,-1.7498532356525853
Italy,Aggregated,2009-05,3.260869193661156
Italy,Aggregated,2009-06,1.9000000000000004
Italy,Aggregated,2009-07,2.8820661648323807
Italy,Aggregated,2009-08,0.9500000000000011
Italy,Aggregated,2009-09,3.25
Italy,Aggregated,2009-10,1.9000000000000004
Italy,Aggregated,2009-11,1.9000000000000004
Italy,Aggregated,2009-12,1.1268297588446394
Italy,Aggregated,2010-01,0.40000000000000036
Italy,Aggregated,2010-02,7.400000000000002
Italy,Aggregated,2010-03,4.0
Italy,Aggregated,2010-04,2.0
Italy,Aggregated,2010-05,4.0
Italy,Aggregated,2010-06,1.7428530890209064
Italy,Aggregated,2010-07,-10.0
Italy,Aggregated,2010-08,-7.003911985119533
Italy,Aggregated,2010-09,4.96871942267131
Italy,Aggregated,2010-10,3.572628980565046
Italy,Aggregated,2010-11,2.25
Italy,Aggregated,2010-12,-10.0
Italy,Aggregated,2011-01,-7.535898384862245
Italy,Aggregated,2011-02,1.0
Italy,Aggregated,2011-03,1.179361769085686
Italy,Aggregated,2011-04,1.3614044251888267
Italy,Aggregated,2011-05,1.5461680390292827
Italy,Aggregated,2011-06,1.7336932802564977
Italy,Aggregated,2011-07,0.9750000000000014
Italy,Aggregated,2011-08,2.0860386224324667
Italy,Aggregated,2011-09,3.3001592340537886
Italy,Aggregated,2011-10,6.0
Italy,Aggregated,2011-11,4.808225706890697
Italy,Aggregated,2011-12,3.6999999999999993
Italy,Aggregated,2012-01,5.75
Italy,Aggregated,2012-02,2.099999999999998
Italy,Aggregated,2012-03,1.653958432711466
Italy,Aggregated,2012-04,-5.569777782160067
Italy,Aggregated,2012-05,-8.669716279540207
Italy,Aggregated,2012-06,-10.0
Italy,Aggregated,2012-07,1.7763568394002505e-15
Italy,Aggregated,2012-08,3.728070281894057
Italy,Aggregated,2012-09,-0.9191426483126452
Italy,Aggregated,2012-10,-4.1
Italy,Aggregated,2012-11,4.710237996054705
Italy,Aggregated,2012-12,-1.2911675276412247
Italy,Aggregated,2013-01,-5.0
Italy,Aggregated,2013-02,-1.5131670194948619
Italy,Aggregated,2013-03,4.0
Italy,Aggregated,2013-04,3.6872254354146516
Italy,Aggregated,2013-05,3.38097273271274
Italy,Aggregated,2013-06,3.08110590039354
Italy,Aggregated,2013-07,2.7874917826018226
Italy,Aggregated,2013-08,2.5
Italy,Aggregated,2013-09,-5.0
Italy,Aggregated,2013-10,5.084964680710616
Italy,Aggregated,2013-11,4.271934647264043
Italy,Aggregated,2013-12,3.5
Italy,Aggregated,2014-01,3.6999999999999993
Italy,Aggregated,2014-02,3.849242404917497
Italy,Aggregated,2014-03,4.0
Italy,Aggregated,2014-04,4.451934442275983
Italy,Aggregated,2014-05,4.9174852005596605
Italy,Aggregated,2014-06,5.397062520329737
Italy,Aggregated,2014-07,5.891089007335722
Italy,Aggregated,2014-08,6.400000000000006
Italy,Aggregated,2014-09,4.0
Italy,Aggregated,2014-10,2.9906341887680057
Italy,Aggregated,2014-11,0.9333333333333318
Italy,Aggregated,2014-12,1.7576920020173983
Italy,Aggregated,2015-01,2.6389976439948626
Italy,Aggregated,2015-02,3.581184175278832
Italy,Aggregated,2015-03,4.588457268119894
Italy,Aggregated,2015-04,3.133333333333331
Italy,Aggregated,2015-05,-4.400000000000001
Italy,Aggregated,2015-06,-3.3844389825314893
Italy,Aggregated,2015-07,-2.21261066503242
Italy,Aggregated,2015-08,-0.8604697477730792
Italy,Aggregated,2015-09,0.699728988530607
Italy,Aggregated,2015-10,2.5
Italy,Aggregated,2015-11,1.4540431770781463
Italy,Aggregated,2015-12,0.48912529307605546
Italy,Aggregated,2016-01,0.3648418214962188
Italy,Aggregated,2016-02,0.2419027848419244
Italy,Aggregated,2016-03,0.12029363970489726
Italy,Aggregated,2016-04,1.7763568394002505e-15
Italy,Aggregated,2016-05,2.113367697511496
Italy,Aggregated,2016-06,1.7312166292848836
Italy,Aggregated,2016-07,1.3602022455710063
Italy,Aggregated,2016-08,1.0
Italy,Aggregated,2016-09,1.9000000000000004
Italy,Aggregated,2016-10,1.4418648119966324
Italy,Aggregated,2016-11,1.0
Italy,Aggregated,2016-12,1.7763568394002505e-15
Italy,Aggregated,2017-01,-1.6150215499544363
Italy,Aggregated,2017-02,-2.9929254083800334
Italy,Aggregated,2017-03,-4.168525228158114
Italy,Aggregated,2017-04,-5.171523316748545
Italy,Aggregated,2017-05,-6.027261084644732
Italy,Aggregated,2017-06,-6.757359312880715
Italy,Aggregated,2017-07,-5.182317657539427
Italy,Aggregated,2017-08,-3.0225561545825173
Italy,Aggregated,2017-09,-0.061002894174336575
Italy,Aggregated,2017-10,4.0
Italy,Aggregated,2017-11,7.400000000000002
Italy,Aggregated,2017-12,-1.9999999999999982
Italy,Aggregated,2018-01,-3.6515307716504655
Italy,Aggregated,2018-02,-5.0
Italy,Aggregated,2018-03,-6.090867061999838
Italy,Aggregated,2018-04,-6.983402299506982
Italy,Aggregated,2018-05,-7.713664654969003
Italy,Aggregated,2018-06,-8.3111571520657
Italy,Aggregated,2018-07,-8.800018835016594
Italy,Aggregated,2018-08,-9.2
Italy,Aggregated,2018-09,4.0
Italy,Aggregated,2018-10,4.0
Italy,Aggregated,2018-11,-9.2
Italy,Aggregated,2018-12,6.399999999999999
Italy,Aggregated,2019-01,5.155494421403507
Italy,Aggregated,2019-02,4.0
Italy,Aggregated,2019-03,5.366600164965821
Italy,CHN->Partner,2002-01,
Italy,CHN->Partner,2002-02,
Italy,CHN->Partner,2002-03,
Italy,CHN->Partner,2002-04,1.0
Italy,CHN->Partner,2002-05,-3.4499999999999993
Italy,CHN->Partner,2002-06,1.0
Italy,CHN->Partner,2002-07,1.3166571550844726
Italy,CHN->Partner,2002-08,1.6416702896578013
Italy,CHN->Partner,2002-09,1.9752599021110466
Italy,CHN->Partner,2002-10,2.3176523093680625
Italy,CHN->Partner,2002-11,2.6690798004254486
Italy,CHN->Partner,2002-12,3.0297807939442354
Italy,CHN->Partner,2003-01,3.3999999999999986
Italy,CHN->Partner,2003-02,1.9000000000000004
Italy,CHN->Partner,2003-03,5.199999999999996
Italy,CHN->Partner,2003-04,5.595180023127192
Italy,CHN->Partner,2003-05,6.0
Italy,CHN->Partner,2003-06,6.0
Italy,CHN->Partner,2003-07,6.0
Italy,CHN->Partner,2003-08,6.0
Italy,CHN->Partner,2003-09,6.0
Italy,CHN->Partner,2003-10,1.5378462733984648
Italy,CHN->Partner,2003-11,-0.37735360371125815
Italy,CHN->Partner,2003-12,-1.9999999999999982
Italy,CHN->Partner,2004-01,1.0
Italy,CHN->Partner,2004-02,1.1076053085211903
Italy,CHN->Partner,2004-03,1.216175525577535
Italy,CHN->Partner,2004-04,1.3257193036091
Italy,CHN->Partner,2004-05,1.4362453726433024
Italy,CHN->Partner,2004-06,1.0
Italy,CHN->Partner,2004-07,1.961481396815719
Italy,CHN->Partner,2004-08,2.330086917778388
Italy,CHN->Partner,2004-09,2.7091750391417744
Italy,CHN->Partner,2004-10,3.0990438706869696
Italy,CHN->Partner,2004-11,3.5
Italy,CHN->Partner,2004-12,2.648380877051979
Italy,CHN->Partner,2005-01,-4.049999999999999
Italy,CHN->Partner,2005-02,3.3999999999999986
Italy,CHN->Partner,2005-03,1.9000000000000004
Italy,CHN->Partner,2005-04,1.9000000000000004
Italy,CHN->Partner,2005-05,6.0
Italy,CHN->Partner,2005-06,4.700318468107579
Italy,CHN->Partner,2005-07,3.5
Italy,CHN->Partner,2005-08,-3.3842268941360922
Italy,CHN->Partner,2005-09,-7.0
Italy,CHN->Partner,2005-10,1.9000000000000004
Italy,CHN->Partner,2005-11,2.438749941865872
Italy,CHN->Partner,2005-12,2.9999999999999964
Italy,CHN->Partner,2006-01,2.438749941865872
Italy,CHN->Partner,2006-02,1.9000000000000004
Italy,CHN->Partner,2006-03,4.655669899432597
Italy,CHN->Partner,2006-04,7.9999999999999964
Italy,CHN->Partner,2006-05,-5.0
Italy,CHN->Partner,2006-06,2.9999999999999964
Italy,CHN->Partner,2006-07,1.0
Italy,CHN->Partner,2006-08,1.7042002187139396
Italy,CHN->Partner,2006-09,2.449725266430935
Italy,CHN->Partner,2006-10,1.8582561666596824
Italy,CHN->Partner,2006-11,1.2927976871095996
Italy,CHN->Partner,2006-12,4.400000000000002
Italy,CHN->Partner,2007-01,1.7763568394002505e-15
Italy,CHN->Partner,2007-02,2.9499999999999993
Italy,CHN->Partner,2007-03,3.4413468900930457
Italy,CHN->Partner,2007-04,3.950000000000001
Italy,CHN->Partner,2007-05,3.974979131871942
Italy,CHN->Partner,2007-06,4.0
Italy,CHN->Partner,2007-07,3.5
Italy,CHN->Partner,2007-08,2.9910685796332253
Italy,CHN->Partner,2007-09,2.5
Italy,CHN->Partner,2007-10,2.1965904687536586
Italy,CHN->Partner,2007-11,1.9000000000000004
Italy,CHN->Partner,2007-12,2.078092252832878
Italy,CHN->Partner,2008-01,2.258643176248629
Italy,CHN->Partner,2008-02,2.4416867136723024
Italy,CHN->Partner,2008-03,2.6272572771383214
Italy,CHN->Partner,2008-04,2.8153897537599324
Italy,CHN->Partner,2008-05,3.0061195122879507
Italy,CHN->Partner,2008-06,3.1994824097600336
Italy,CHN->Partner,2008-07,3.3955147982418143
Italy,CHN->Partner,2008-08,3.594253531661032
Italy,CHN->Partner,2008-09,3.795735972736047
Italy,CHN->Partner,2008-10,4.0
Italy,CHN->Partner,2008-11,4.0
Italy,CHN->Partner,2008-12,0.929060931505763
Italy,CHN->Partner,2009-01,-1.5131670194948619
Italy,CHN->Partner,2009-02,-3.4553994219023894
Italy,CHN->Partner,2009-03,-5.0
Italy,CHN->Partner,2009-04,-1.5770698947541852
Italy,CHN->Partner,2009-05,3.7986019613913165
Italy,CHN->Partner,2009-06,1.9000000000000004
Italy,CHN->Partner,2009-07,2.7784160745257527
Italy,CHN->Partner,2009-08,0.9500000000000011
Italy,CHN->Partner,2009-09,3.25
Italy,CHN->Partner,2009-10,1.9000000000000004
Italy,CHN->Partner,2009-11,1.9000000000000004
Italy,CHN->Partner,2009-12,1.1268297588446394
Italy,CHN->Partner,2010-01,0.40000000000000036
Italy,CHN->Partner,2010-02,7.400000000000002
Italy,CHN->Partner,2010-03,4.0
Italy,CHN->Partner,2010-04,4.0
Italy,CHN->Partner,2010-05,2.7399269528854244
Italy,CHN->Partner,2010-06,1.5857061780418178
Italy,CHN->Partner,2010-07,2.060963012354831
Italy,CHN->Partner,2010-08,2.5541663214516905
Italy,CHN->Partner,2010-09,3.065993793550467
Italy,CHN->Partner,2010-10,3.597148707483898
Italy,CHN->Partner,2010-11,2.25
Italy,CHN->Partner,2010-12,-10.0
Italy,CHN->Partner,2011-01,-7.535898384862245
Italy,CHN->Partner,2011-02,1.0
Italy,CHN->Partner,2011-03,1.1342023723996846
Italy,CHN->Partner,2011-04,1.269905601195843
Italy,CHN->Partner,2011-05,1.4071264712625648
Italy,CHN->Partner,2011-06,1.5458819551880936
Italy,CHN->Partner,2011-07,0.4999999999999982
Italy,CHN->Partner,2011-08,1.823877385238001
Italy,CHN->Partner,2011-09,3.3001592340537886
Italy,CHN->Partner,2011-10,6.0
Italy,CHN->Partner,2011-11,4.808225706890697
Italy,CHN->Partner,2011-12,3.6999999999999993
Italy,CHN->Partner,2012-01,5.75
Italy,CHN->Partner,2012-02,2.099999999999998
Italy,CHN->Partner,2012-03,3.316456257749218
Italy,CHN->Partner,2012-04,-5.104006169011417
Italy,CHN->Partner,2012-05,-8.57183323657773
Italy,CHN->Partner,2012-06,-10.0
Italy,CHN->Partner,2012-07,1.7763568394002505e-15
Italy,CHN->Partner,2012-08,4.599999999999998
Italy,CHN->Partner,2012-09,-0.6250301205256505
Italy,CHN->Partner,2012-10,-4.1
Italy,CHN->Partner,2012-11,4.586626825871116
Italy,CHN->Partner,2012-12,-1.3294384364078038
Italy,CHN->Partner,2013-01,-5.0
Italy,CHN->Partner,2013-02,-1.5131670194948619
Italy,CHN->Partner,2013-03,4.0
Italy,CHN->Partner,2013-04,4.194870523363546
Italy,CHN->Partner,2013-05,4.392272681452159
Italy,CHN->Partner,2013-06,4.592239363664753
Italy,CHN->Partner,2013-07,4.794803886678556
Italy,CHN->Partner,2013-08,4.999999999999998
Italy,CHN->Partner,2013-09,-5.0
Italy,CHN->Partner,2013-10,6.0
Italy,CHN->Partner,2013-11,5.195898977157064
Italy,CHN->Partner,2013-12,4.429831981075129
Italy,CHN->Partner,2014-01,3.6999999999999993
Italy,CHN->Partner,2014-02,3.849242404917497
Italy,CHN->Partner,2014-03,4.0
Italy,CHN->Partner,2014-04,4.451934442275983
Italy,CHN->Partner,2014-05,4.9174852005596605
Italy,CHN->Partner,2014-06,5.397062520329737
Italy,CHN->Partner,2014-07,5.891089007335722
Italy,CHN->Partner,2014-08,6.400000000000006
Italy,CHN->Partner,2014-09,4.0
Italy,CHN->Partner,2014-10,3.9275294310406252
Italy,CHN->Partner,2014-11,6.0
Italy,CHN->Partner,2014-12,5.6355619229773914
Italy,CHN->Partner,2015-01,5.278936499600899
Italy,CHN->Partner,2015-02,4.92995624584279
Italy,CHN->Partner,2015-03,4.588457268119894
Italy,CHN->Partner,2015-04,-0.8568339277328558
Italy,CHN->Partner,2015-05,-4.400000000000001
Italy,CHN->Partner,2015-06,-3.3844389825314893
Italy,CHN->Partner,2015-07,-2.21261066503242
Italy,CHN->Partner,2015-08,-0.8604697477730792
Italy,CHN->Partner,2015-09,0.699728988530607
Italy,CHN->Partner,2015-10,2.5
Italy,CHN->Partner,2015-11,1.3640661601443416
Italy,CHN->Partner,2015-12,0.3237134824019634
Italy,CHN->Partner,2016-01,0.2419027848419244
Italy,CHN->Partner,2016-02,0.1606831469413894
Italy,CHN->Partner,2016-03,0.08005029845782374
Italy,CHN->Partner,2016-04,1.7763568394002505e-15
Italy,CHN->Partner,2016-05,2.113367697511496
Italy,CHN->Partner,2016-06,1.7312166292848836
Italy,CHN->Partner,2016-07,1.3602022455710063
Italy,CHN->Partner,2016-08,1.0
Italy,CHN->Partner,2016-09,1.9000000000000004
Italy,CHN->Partner,2016-10,1.4418648119966324
Italy,CHN->Partner,2016-11,1.0
Italy,CHN->Partner,2016-12,-0.6563261450362692
Italy,CHN->Partner,2017-01,-2.084034265178307
Italy,CHN->Partner,2017-02,-3.3146798614143638
Italy,CHN->Partner,2017-03,-4.375462917957127
Italy,CHN->Partner,2017-04,-5.289829081936283
Italy,CHN->Partner,2017-05,-6.0779878639541725
Italy,CHN->Partner,2017-06,-6.757359312880715
Italy,CHN->Partner,2017-07,-6.190824469656378
Italy,CHN->Partner,2017-08,-5.548638221503581
Italy,CHN->Partner,2017-09,-4.8206985682786465
Italy,CHN->Partner,2017-10,-3.9955545539659054
Italy,CHN->Partner,2017-11,-3.060226135820562
Italy,CHN->Partner,2017-12,-1.9999999999999982
Italy,CHN->Partner,2018-01,-3.6515307716504655
Italy,CHN->Partner,2018-02,-5.0
Italy,CHN->Partner,2018-03,-6.090867061999838
Italy,CHN->Partner,2018-04,-6.983402299506982
Italy,CHN->Partner,2018-05,-7.713664654969003
Italy,CHN->Partner,2018-06,-8.3111571520657
Italy,CHN->Partner,2018-07,-8.800018835016594
Italy,CHN->Partner,2018-08,-9.2
Italy,CHN->Partner,2018-09,-5.803847577293368
Italy,CHN->Partner,2018-10,4.0
Italy,CHN->Partner,2018-11,-9.2
Italy,CHN->Partner,2018-12,6.399999999999999
Italy,CHN->Partner,2019-01,5.155494421403507
Italy,CHN->Partner,2019-02,4.0
Italy,CHN->Partner,2019-03,5.166669699842068
Italy,Partner->CHN,2002-01,
Italy,Partner->CHN,2002-02,
Italy,Partner->CHN,2002-03,
Italy,Partner->CHN,2002-04,
Italy,Partner->CHN,2002-05,
Italy,Partner->CHN,2002-06,3.1874154642979367
Italy,Partner->CHN,2002-07,3.341259932428681
Italy,Partner->CHN,2002-08,3.496772648059057
Italy,Partner->CHN,2002-09,3.6539717012104447
Italy,Partner->CHN,2002-10,3.812875378067515
Italy,Partner->CHN,2002-11,3.973502163105321
Italy,Partner->CHN,2002-12,4.135870741239547
Italy,Partner->CHN,2003-01,4.299999999999994
Italy,Partner->CHN,2003-02,-0.5999999999999996
Italy,Partner->CHN,2003-03,5.199999999999996
Italy,Partner->CHN,2003-04,5.595180023127192
Italy,Partner->CHN,2003-05,6.0
Italy,Partner->CHN,2003-06,5.476292974616964
Italy,Partner->CHN,2003-07,4.96871942267131
Italy,Partner->CHN,2003-08,4.476782331611107
Italy,Partner->CHN,2003-09,4.0
Italy,Partner->CHN,2003-10,1.890750158623323
Italy,Partner->CHN,2003-11,3.950000000000001
Italy,Partner->CHN,2003-12,6.6602959506500135
Italy,Partner->CHN,2004-01,4.904812546524216
Italy,Partner->CHN,2004-02,3.3238291615811413
Italy,Partner->CHN,2004-03,1.9000000000000004
Italy,Partner->CHN,2004-04,5.199999999999996
Italy,Partner->CHN,2004-05,1.5714265445104552
Italy,Partner->CHN,2004-06,2.5013215981029617
Italy,Partner->CHN,2004-07,3.5
Italy,Partner->CHN,2004-08,3.0673241430309073
Italy,Partner->CHN,2004-09,2.647559210006907
Italy,Partner->CHN,2004-10,2.2403199426464813
Italy,Partner->CHN,2004-11,1.845232578665133
Italy,Partner->CHN,2004-12,2.3000000000000025
Italy,Partner->CHN,2005-01,1.9000000000000004
Italy,Partner->CHN,2005-02,1.9000000000000004
Italy,Partner->CHN,2005-03,1.9000000000000004
Italy,Partner->CHN,2005-04,2.6766223900493795
Italy,Partner->CHN,2005-05,3.5
Italy,Partner->CHN,2005-06,3.664786834369904
Italy,Partner->CHN,2005-07,3.831446406724755
Italy,Partner->CHN,2005-08,4.0
Italy,Partner->CHN,2005-09,-3.3
Italy,Partner->CHN,2005-10,1.4499999999999993
Italy,Partner->CHN,2005-11,1.7745845526929926
Italy,Partner->CHN,2005-12,2.1076313649720895
Italy,Partner->CHN,2006-01,2.4493610568165973
Italy,Partner->CHN,2006-02,2.8000000000000025
Italy,Partner->CHN,2006-03,5.192590898309017
Italy,Partner->CHN,2006-04,7.9999999999999964
Italy,Partner->CHN,2006-05,5.598192672697834
Italy,Partner->CHN,2006-06,3.5
Italy,Partner->CHN,2006-07,5.700000000000003
Italy,Partner->CHN,2006-08,4.570894023521056
Italy,Partner->CHN,2006-09,3.518128185133156
Italy,Partner->CHN,2006-10,3.732481677156116
Italy,Partner->CHN,2006-11,3.950000000000001
Italy,Partner->CHN,2006-12,2.2873971655886702
Italy,Partner->CHN,2007-01,2.29369708931001
Italy,Partner->CHN,2007-02,2.3000000000000025
Italy,Partner->CHN,2007-03,1.8421182053429224
Italy,Partner->CHN,2007-04,1.4000000000000004
Italy,Partner->CHN,2007-05,2.6381816969858587
Italy,Partner->CHN,2007-06,4.0
Italy,Partner->CHN,2007-07,-0.7333333333333343
Italy,Partner->CHN,2007-08,1.7763568394002505e-15
Italy,Partner->CHN,2007-09,2.5
Italy,Partner->CHN,2007-10,2.1965904687536586
Italy,Partner->CHN,2007-11,1.9000000000000004
Italy,Partner->CHN,2007-12,2.2907340009963963
Italy,Partner->CHN,2008-01,2.6933031228869577
Italy,Partner->CHN,2008-02,3.108065845062317
Italy,Partner->CHN,2008-03,3.535391505059355
Italy,Partner->CHN,2008-04,3.975660627448569
Italy,Partner->CHN,2008-05,4.42926526268324
Italy,Partner->CHN,2008-06,4.0
Italy,Partner->CHN,2008-07,4.0
Italy,Partner->CHN,2008-08,4.0
Italy,Partner->CHN,2008-09,2.416407864998739
Italy,Partner->CHN,2008-10,1.0
Italy,Partner->CHN,2008-11,1.2636261533359825
Italy,Partner->CHN,2008-12,1.5330438690655317
Italy,Partner->CHN,2009-01,1.8083803811316024
Italy,Partner->CHN,2009-02,2.0897657186600913
Italy,Partner->CHN,2009-03,2.377332767366722
Italy,Partner->CHN,2009-04,2.671217332313084
Italy,Partner->CHN,2009-05,2.971558202041244
Italy,Partner->CHN,2009-06,3.4719066220382473
Italy,Partner->CHN,2009-07,3.990173483040415
Italy,Partner->CHN,2009-08,1.9000000000000004
Italy,Partner->CHN,2009-09,3.25
Italy,Partner->CHN,2009-10,1.9000000000000004
Italy,Partner->CHN,2009-11,1.9000000000000004
Italy,Partner->CHN,2009-12,2.3956902729139653
Italy,Partner->CHN,2010-01,2.910427743243556
Italy,Partner->CHN,2010-02,3.444944311026381
Italy,Partner->CHN,2010-03,4.0
Italy,Partner->CHN,2010-04,2.0
Italy,Partner->CHN,2010-05,4.0
Italy,Partner->CHN,2010-06,1.9000000000000004
Italy,Partner->CHN,2010-07,-10.0
Italy,Partner->CHN,2010-08,-7.003911985119533
Italy,Partner->CHN,2010-09,4.96871942267131
Italy,Partner->CHN,2010-10,3.1629762311679332
Italy,Partner->CHN,2010-11,2.25
Italy,Partner->CHN,2010-12,1.8194974665970722
Italy,Partner->CHN,2011-01,1.4029822864972612
Italy,Partner->CHN,2011-02,1.0
Italy,Partner->CHN,2011-03,1.2723765100364997
Italy,Partner->CHN,2011-04,1.5509354336746313
Italy,Partner->CHN,2011-05,1.8358170996011083
Italy,Partner->CHN,2011-06,2.1271650216891214
Italy,Partner->CHN,2011-07,1.3000000000000025
Italy,Partner->CHN,2011-08,1.5964280651302136
Italy,Partner->CHN,2011-09,1.9000000000000004
Italy,Partner->CHN,2011-10,2.5651174982996423
Italy,Partner->CHN,2011-11,3.2645281195872276
Italy,Partner->CHN,2011-12,4.0
Italy,Partner->CHN,2012-01,7.9999999999999964
Italy,Partner->CHN,2012-02,1.9000000000000004
Italy,Partner->CHN,2012-03,0.6921318874518292
Italy,Partner->CHN,2012-04,1.1123888840763367
Italy,Partner->CHN,2012-05,1.5477514187594252
Italy,Partner->CHN,2012-06,1.9987624385117861
Italy,Partner->CHN,2012-07,2.4659844057996523
Italy,Partner->CHN,2012-08,2.9499999999999993
Italy,Partner->CHN,2012-09,1.9383151917086945
Italy,Partner->CHN,2012-10,1.0
Italy,Partner->CHN,2012-11,5.199999999999996
Italy,Partner->CHN,2012-12,4.891287164466641
Italy,Partner->CHN,2013-01,4.588457268119894
Italy,Partner->CHN,2013-02,4.291398203624102
Italy,Partner->CHN,2013-03,4.0
Italy,Partner->CHN,2013-04,3.097806465249832
Italy,Partner->CHN,2013-05,2.249876475442658
Italy,Partner->CHN,2013-06,1.4529462826171446
Italy,Partner->CHN,2013-07,0.7039484409659185
Italy,Partner->CHN,2013-08,1.7763568394002505e-15
Italy,Partner->CHN,2013-09,2.1189535976521405
Italy,Partner->CHN,2013-10,4.646085772486357
Italy,Partner->CHN,2013-11,4.062146052307824
Italy,Partner->CHN,2013-12,3.5
Italy,Partner->CHN,2014-01,3.664786834369904
Italy,Partner->CHN,2014-02,3.831446406724755
Italy,Partner->CHN,2014-03,4.0
Italy,Partner->CHN,2014-04,4.0
Italy,Partner->CHN,2014-05,4.0
Italy,Partner->CHN,2014-06,4.0
Italy,Partner->CHN,2014-07,4.0
Italy,Partner->CHN,2014-08,4.0
Italy,Partner->CHN,2014-09,4.0
Italy,Partner->CHN,2014-10,3.042193229801711
Italy,Partner->CHN,2014-11,-2.5999999999999996
Italy,Partner->CHN,2014-12,-1.6787887808167614
Italy,Partner->CHN,2015-01,-0.6565501675443493
Italy,Partner->CHN,2015-02,0.4777953123029288
Italy,Partner->CHN,2015-03,1.736542194824624
Italy,Partner->CHN,2015-04,3.133333333333331
Italy,Partner->CHN,2015-05,3.025751163680484
Italy,Partner->CHN,2015-06,2.9189879036899438
Italy,Partner->CHN,2015-07,2.8130373198656073
Italy,Partner->CHN,2015-08,2.7078932261604027
Italy,Partner->CHN,2015-09,2.603549483615126
Italy,Partner->CHN,2015-10,2.5
Italy,Partner->CHN,2015-11,1.7279220613578534
Italy,Partner->CHN,2015-12,1.0
Italy,Partner->CHN,2016-01,1.0968160166102656
Italy,Partner->CHN,2016-02,1.1944131449765543
Italy,Partner->CHN,2016-03,1.2927976871095996
Italy,Partner->CHN,2016-04,1.3919759958647528
Italy,Partner->CHN,2016-05,1.4919544753522231
Italy,Partner->CHN,2016-06,1.5927395813505871
Italy,Partner->CHN,2016-07,1.6943378217236589
Italy,Partner->CHN,2016-08,1.7967557568406853
Italy,Partner->CHN,2016-09,1.9000000000000004
Italy,Partner->CHN,2016-10,1.2327481713599386
Italy,Partner->CHN,2016-11,0.60000990883022
Italy,Partner->CHN,2016-12,1.7763568394002505e-15
Italy,Partner->CHN,2017-01,0.3465163310429862
Italy,Partner->CHN,2017-02,0.7039484409659185
Italy,Partner->CHN,2017-03,1.0726401930095335
Italy,Partner->CHN,2017-04,1.4529462826171446
Italy,Partner->CHN,2017-05,1.845232578665133
Italy,Partner->CHN,2017-06,2.249876475442658
Italy,Partner->CHN,2017-07,2.667267255719308
Italy,Partner->CHN,2017-08,3.097806465249832
Italy,Partner->CHN,2017-09,3.541908299076411
Italy,Partner->CHN,2017-10,4.0
Italy,Partner->CHN,2017-11,7.400000000000002
Italy,Partner->CHN,2017-12,7.027901088482299
Italy,Partner->CHN,2018-01,6.663327046527247
Italy,Partner->CHN,2018-02,6.306125700451496
Italy,Partner->CHN,2018-03,5.956147953944619
Italy,Partner->CHN,2018-04,5.613247725836146
Italy,Partner->CHN,2018-05,5.277281889121067
Italy,Partner->CHN,2018-06,4.948110211218426
Italy,Partner->CHN,2018-07,4.62559529543806
Italy,Partner->CHN,2018-08,4.309602523631069
Italy,Partner->CHN,2018-09,4.0
Italy,Partner->CHN,2018-10,4.0
Italy,Partner->CHN,2018-11,4.220111311254895
Italy,Partner->CHN,2018-12,4.4434525551326125
Italy,Partner->CHN,2019-01,4.670071127946812
Italy,Partner->CHN,2019-02,4.900015121508801
Italy,Partner->CHN,2019-03,5.133333333333333
Japan,Aggregated,2002-01,-0.19868562171089899
Japan,Aggregated,2002-02,0.623838116004249
Japan,Aggregated,2002-03,2.3062141182778664
Japan,Aggregated,2002-04,1.5950716764941273
Japan,Aggregated,2002-05,-0.21339966746895556
Japan,Aggregated,2002-06,1.5334095560160481
Japan,Aggregated,2002-07,1.6725264106634885
Japan,Aggregated,2002-08,-0.322201958238999
Japan,Aggregated,2002-09,1.741855418180327
Japan,Aggregated,2002-10,0.11979760040395071
Japan,Aggregated,2002-11,1.6814765536447904
Japan,Aggregated,2002-12,1.9991962228854927
Japan,Aggregated,2003-01,1.643368955456884
Japan,Aggregated,2003-02,1.8011483661561005
Japan,Aggregated,2003-03,2.2396233159725494
Japan,Aggregated,2003-04,1.853241390825053
Japan,Aggregated,2003-05,1.3963458322040196
Japan,Aggregated,2003-06,0.5706874516729208
Japan,Aggregated,2003-07,0.983187090027684
Japan,Aggregated,2003-08,1.1949511225720038
Japan,Aggregated,2003-09,1.1075662603748224
Japan,Aggregated,2003-10,1.9291183412401747
Japan,Aggregated,2003-11,0.8357220170116264
Japan,Aggregated,2003-12,0.042359939421677595
Japan,Aggregated,2004-01,1.2410814922615412
Japan,Aggregated,2004-02,2.5270367320477067
Japan,Aggregated,2004-03,-0.39139569775829663
Japan,Aggregated,2004-04,1.3534336783031051
Japan,Aggregated,2004-05,1.7341109565231907
Japan,Aggregated,2004-06,1.502568677445618
Japan,Aggregated,2004-07,0.25634062766545895
Japan,Aggregated,2004-08,-0.10060545570575918
Japan,Aggregated,2004-09,0.43107750942430556
Japan,Aggregated,2004-10,0.8437498945759199
Japan,Aggregated,2004-11,0.13243136290071966
Japan,Aggregated,2004-12,-0.8120887328520663
Japan,Aggregated,2005-01,-1.2432054338083223
Japan,Aggregated,2005-02,-0.017630702596891368
Japan,Aggregated,2005-03,-0.702325032981518
Japan,Aggregated,2005-04,-1.1065914857382708
Japan,Aggregated,2005-05,0.18790275996867933
Japan,Aggregated,2005-06,-0.7840091241513854
Japan,Aggregated,2005-07,-0.04279381669995175
Japan,Aggregated,2005-08,-0.28007236230550525
Japan,Aggregated,2005-09,-0.9499563740378907
Japan,Aggregated,2005-10,0.6008525240398139
Japan,Aggregated,2005-11,0.7136957535711961
Japan,Aggregated,2005-12,1.3049862256298148
Japan,Aggregated,2006-01,1.0982273721261357
Japan,Aggregated,2006-02,1.720974617566748
Japan,Aggregated,2006-03,0.11038132688159585
Japan,Aggregated,2006-04,1.389412789029043
Japan,Aggregated,2006-05,1.4167492292542576
Japan,Aggregated,2006-06,1.6460344524592223
Japan,Aggregated,2006-07,0.4280154818731283
Japan,Aggregated,2006-08,0.8649501538202138
Japan,Aggregated,2006-09,0.593060817219067
Japan,Aggregated,2006-10,1.1763891712755488
Japan,Aggregated,2006-11,2.0901320646070403
Japan,Aggregated,2006-12,0.30875077666807016
Japan,Aggregated,2007-01,0.979291603800295
Japan,Aggregated,2007-02,2.6986976806297296
Japan,Aggregated,2007-03,1.8605085785499647
Japan,Aggregated,2007-04,1.7733824412001198
Japan,Aggregated,2007-05,2.577816965240798
Japan,Aggregated,2007-06,1.0959387921356925
Japan,Aggregated,2007-07,1.0234511602321188
Japan,Aggregated,2007-08,-0.3331955772005557
Japan,Aggregated,2007-09,0.04821456026651205
Japan,Aggregated,2007-10,1.5856539989707414
Japan,Aggregated,2007-11,2.72464250982744
Japan,Aggregated,2007-12,2.443978408771338
Japan,Aggregated,2008-01,-0.7535817119521653
Japan,Aggregated,2008-02,2.2053842428576864
Japan,Aggregated,2008-03,2.645007670912518
Japan,Aggregated,2008-04,1.3524058240732373
Japan,Aggregated,2008-05,2.69617102219493
Japan,Aggregated,2008-06,1.7302467199003448
Japan,Aggregated,2008-07,1.367733048752422
Japan,Aggregated,2008-08,0.5246682673171232
Japan,Aggregated,2008-09,2.930331911674262
Japan,Aggregated,2008-10,2.4836037888124682
Japan,Aggregated,2008-11,1.1999999999999993
Japan,Aggregated,2008-12,0.4844236353311242
Japan,Aggregated,2009-01,1.4333333333333318
Japan,Aggregated,2009-02,1.2552179596202553
Japan,Aggregated,2009-03,2.7405479334259404
Japan,Aggregated,2009-04,2.6473209535189923
Japan,Aggregated,2009-05,1.4067260519302014
Japan,Aggregated,2009-06,1.3456853756845266
Japan,Aggregated,2009-07,1.2107428828886544
Japan,Aggregated,2009-08,2.731768998933596
Japan,Aggregated,2009-09,1.3123238946355986
Japan,Aggregated,2009-10,1.2567106944277544
Japan,Aggregated,2009-11,3.025722942772129
Japan,Aggregated,2009-12,1.5245793723798489
Japan,Aggregated,2010-01,1.8835853436702923
Japan,Aggregated,2010-02,1.2444444444444454
Japan,Aggregated,2010-03,1.9919166170741942
Japan,Aggregated,2010-04,2.284695065766158
Japan,Aggregated,2010-05,0.1280891140731022
Japan,Aggregated,2010-06,0.1277782742695841
Japan,Aggregated,2010-07,0.718564143331319
Japan,Aggregated,2010-08,-0.903927910557071
Japan,Aggregated,2010-09,-2.67664152357807
Japan,Aggregated,2010-10,-0.6254702997740207
Japan,Aggregated,2010-11,-0.8083500022251382
Japan,Aggregated,2010-12,0.47086146887552793
Japan,Aggregated,2011-01,2.960503814365678
Japan,Aggregated,2011-02,-0.007117729477675638
Japan,Aggregated,2011-03,0.9208132558669568
Japan,Aggregated,2011-04,1.5248966117255076
Japan,Aggregated,2011-05,-1.0417267170064708
Japan,Aggregated,2011-06,1.053069351704801
Japan,Aggregated,2011-07,2.0613817974973614
Japan,Aggregated,2011-08,-0.15420523404909936
Japan,Aggregated,2011-09,0.6238231455017775
Japan,Aggregated,2011-10,0.09295736687398204
Japan,Aggregated,2011-11,0.23953326923312623
Japan,Aggregated,2011-12,1.8843881273088723
Japan,Aggregated,2012-01,-0.11723989143148295
Japan,Aggregated,2012-02,0.35469679006476973
Japan,Aggregated,2012-03,1.1111276429233126
Japan,Aggregated,2012-04,2.6582275687153096
Japan,Aggregated,2012-05,1.1407408415788645
Japan,Aggregated,2012-06,-1.7907933947360952
Japan,Aggregated,2012-07,0.009835559994177956
Japan,Aggregated,2012-08,-1.3112679326462846
Japan,Aggregated,2012-09,-1.4729261707357786
Japan,Aggregated,2012-10,-0.1917346005800269
Japan,Aggregated,2012-11,-1.7120285647318756
Japan,Aggregated,2012-12,0.9953519501924379
Japan,Aggregated,2013-01,0.3548436834084949
Japan,Aggregated,2013-02,-0.08870101485154969
Japan,Aggregated,2013-03,-0.7504039879513087
Japan,Aggregated,2013-04,-0.3361469404087636
Japan,Aggregated,2013-05,0.22939470949940244
Japan,Aggregated,2013-06,0.04896138705820263
Japan,Aggregated,2013-07,-0.37345927340467533
Japan,Aggregated,2013-08,0.03836941434391328
Japan,Aggregated,2013-09,-1.328537298585612
Japan,Aggregated,2013-10,0.7217631177746391
Japan,Aggregated,2013-11,-0.4624434358955387
Japan,Aggregated,2013-12,-0.7931639809108262
Japan,Aggregated,2014-01,-1.573129750703158
Japan,Aggregated,2014-02,-1.8451294277037977
Japan,Aggregated,2014-03,0.5725322408226106
Japan,Aggregated,2014-04,0.030796390736606227
Japan,Aggregated,2014-05,0.583064671221587
Japan,Aggregated,2014-06,-1.2398535936603654
Japan,Aggregated,2014-07,-0.4417902160759226
Japan,Aggregated,2014-08,-1.0112489235756144
Japan,Aggregated,2014-09,-1.9203553918296947
Japan,Aggregated,2014-10,0.5201472000788758
Japan,Aggregated,2014-11,1.7605676702065072
Japan,Aggregated,2014-12,0.18493704073071449
Japan,Aggregated,2015-01,0.48040748121005095
Japan,Aggregated,2015-02,1.5195561192646938
Japan,Aggregated,2015-03,1.7729763836918533
Japan,Aggregated,2015-04,1.0340279349013617
Japan,Aggregated,2015-05,-0.10440623847218156
Japan,Aggregated,2015-06,1.162766425603932
Japan,Aggregated,2015-07,0.23915548816795607
Japan,Aggregated,2015-08,1.0196055983298162
Japan,Aggregated,2015-09,-1.8290309928001882
Japan,Aggregated,2015-10,0.7815016626189681
Japan,Aggregated,2015-11,0.8269339996348393
Japan,Aggregated,2015-12,0.8922742524685532
Japan,Aggregated,2016-01,-0.40048084827865793
Japan,Aggregated,2016-02,-0.47499999999999787
Japan,Aggregated,2016-03,0.1331516745328578
Japan,Aggregated,2016-04,0.13860229907446175
Japan,Aggregated,2016-05,-0.08333333333333215
Japan,Aggregated,2016-06,-0.18901333127150544
Japan,Aggregated,2016-07,-0.06842309232778732
Japan,Aggregated,2016-08,-1.481561550327518
Japan,Aggregated,2016-09,0.362613519136179
Japan,Aggregated,2016-10,1.3603451544950698
Japan,Aggregated,2016-11,1.5219912546827246
Japan,Aggregated,2016-12,-0.008373172270545126
Japan,Aggregated,2017-01,0.7334966291258933
Japan,Aggregated,2017-02,2.114604140208975
Japan,Aggregated,2017-03,-0.40000000000000036
Japan,Aggregated,2017-04,1.18470695205934
Japan,Aggregated,2017-05,2.125166616322181
Japan,Aggregated,2017-06,1.6801970638501142
Japan,Aggregated,2017-07,-0.26769075026707867
Japan,Aggregated,2017-08,-0.30300934737601537
Japan,Aggregated,2017-09,0.39968851381334325
Japan,Aggregated,2017-10,-1.6313651508788602
Japan,Aggregated,2017-11,2.4044239015333044
Japan,Aggregated,2017-12,0.06297805712486415
Japan,Aggregated,2018-01,0.29373579959493057
Japan,Aggregated,2018-02,0.8333333333333339
Japan,Aggregated,2018-03,0.2375000000000007
Japan,Aggregated,2018-04,-1.3408763262672725
Japan,Aggregated,2018-05,1.0872092473482518
Japan,Aggregated,2018-06,-1.1999999999999975
Japan,Aggregated,2018-07,-5.2250000000000005
Japan,Aggregated,2018-08,0.8324645684671701
Japan,Aggregated,2018-09,0.7981999825411492
Japan,Aggregated,2018-10,1.1741241312008697
Japan,Aggregated,2018-11,1.9224307858866094
Japan,Aggregated,2018-12,2.8075080801186765
Japan,Aggregated,2019-01,1.2583236658802637
Japan,Aggregated,2019-02,-0.30828838292140404
Japan,Aggregated,2019-03,-2.5
Japan,CHN->Partner,2002-01,-0.39598992965968804
Japan,CHN->Partner,2002-02,-0.42061783933796626
Japan,CHN->Partner,2002-03,3.0812948286393276
Japan,CHN->Partner,2002-04,1.3627727900011628
Japan,CHN->Partner,2002-05,-0.7678696850159223
Japan,CHN->Partner,2002-06,2.325876948695779
Japan,CHN->Partner,2002-07,2.215468273580349
Japan,CHN->Partner,2002-08,-1.316294409434132
Japan,CHN->Partner,2002-09,2.190980212192647
Japan,CHN->Partner,2002-10,0.04052530068728721
Japan,CHN->Partner,2002-11,2.06792749411232
Japan,CHN->Partner,2002-12,1.9856850115866767
Japan,CHN->Partner,2003-01,1.5022199911190892
Japan,CHN->Partner,2003-02,1.1428571428571441
Japan,CHN->Partner,2003-03,3.380528727582016
Japan,CHN->Partner,2003-04,1.0309909310984224
Japan,CHN->Partner,2003-05,2.685009032870651
Japan,CHN->Partner,2003-06,3.107068483560024
Japan,CHN->Partner,2003-07,0.7736441762117998
Japan,CHN->Partner,2003-08,0.7539928601167514
Japan,CHN->Partner,2003-09,2.817341217014146
Japan,CHN->Partner,2003-10,1.890537330582962
Japan,CHN->Partner,2003-11,0.8372814586818915
Japan,CHN->Partner,2003-12,0.9211525511813736
Japan,CHN->Partner,2004-01,1.2591828198050425
Japan,CHN->Partner,2004-02,2.752473111669916
Japan,CHN->Partner,2004-03,-0.04309861848669527
Japan,CHN->Partner,2004-04,1.7582293965058664
Japan,CHN->Partner,2004-05,3.060075246000139
Japan,CHN->Partner,2004-06,2.187521375020477
Japan,CHN->Partner,2004-07,-0.19950167706105937
Japan,CHN->Partner,2004-08,-1.4005880059434688
Japan,CHN->Partner,2004-09,1.1979030469467151
Japan,CHN->Partner,2004-10,1.580233374515446
Japan,CHN->Partner,2004-11,0.4790587457643998
Japan,CHN->Partner,2004-12,-0.7278769847307593
Japan,CHN->Partner,2005-01,0.444764802165043
Japan,CHN->Partner,2005-02,-0.7582055656913145
Japan,CHN->Partner,2005-03,1.1720182754354997
Japan,CHN->Partner,2005-04,-1.2950358278995608
Japan,CHN->Partner,2005-05,1.0337611746760285
Japan,CHN->Partner,2005-06,-0.9697475765768324
Japan,CHN->Partner,2005-07,1.0731745075453265
Japan,CHN->Partner,2005-08,-0.35544023547478076
Japan,CHN->Partner,2005-09,0.12725739389203916
Japan,CHN->Partner,2005-10,0.08428151632725367
Japan,CHN->Partner,2005-11,1.8976132134755392
Japan,CHN->Partner,2005-12,2.1537965404030057
Japan,CHN->Partner,2006-01,1.5755300789271427
Japan,CHN->Partner,2006-02,1.1620159207378098
Japan,CHN->Partner,2006-03,0.3064262366668693
Japan,CHN->Partner,2006-04,0.48954791788214536
Japan,CHN->Partner,2006-05,2.0653341256800832
Japan,CHN->Partner,2006-06,2.1034382703860484
Japan,CHN->Partner,2006-07,0.21120555994650836
Japan,CHN->Partner,2006-08,0.7362859054440367
Japan,CHN->Partner,2006-09,0.7704699260962844
Japan,CHN->Partner,2006-10,1.1726694015084238
Japan,CHN->Partner,2006-11,1.96298224260447
Japan,CHN->Partner,2006-12,1.1629162537736892
Japan,CHN->Partner,2007-01,0.6101060905120601
Japan,CHN->Partner,2007-02,3.255624367523959
Japan,CHN->Partner,2007-03,1.4588335465806885
Japan,CHN->Partner,2007-04,1.8142712816517523
Japan,CHN->Partner,2007-05,2.9395958019307162
Japan,CHN->Partner,2007-06,0.8549874371066224
Japan,CHN->Partner,2007-07,2.718523815896754
Japan,CHN->Partner,2007-08,-0.22706700759456133
Japan,CHN->Partner,2007-09,-0.1698387007663058
Japan,CHN->Partner,2007-10,1.773571404757142
Japan,CHN->Partner,2007-11,2.687759120051922
Japan,CHN->Partner,2007-12,3.198896721229538
Japan,CHN->Partner,2008-01,0.361787393648072
Japan,CHN->Partner,2008-02,2.1834097450659744
Japan,CHN->Partner,2008-03,3.0258892668814923
Japan,CHN->Partner,2008-04,2.208868699380478
Japan,CHN->Partner,2008-05,1.9287149319110934
Japan,CHN->Partner,2008-06,2.4159698737101234
Japan,CHN->Partner,2008-07,2.463005534148879
Japan,CHN->Partner,2008-08,1.8349306669171366
Japan,CHN->Partner,2008-09,3.240968824741252
Japan,CHN->Partner,2008-10,3.374711363716166
Japan,CHN->Partner,2008-11,2.25
Japan,CHN->Partner,2008-12,1.0264855914832403
Japan,CHN->Partner,2009-01,2.1200000000000028
Japan,CHN->Partner,2009-02,-0.5606819062492665
Japan,CHN->Partner,2009-03,3.268424900090137
Japan,CHN->Partner,2009-04,3.048508450183707
Japan,CHN->Partner,2009-05,3.7183862379432693
Japan,CHN->Partner,2009-06,2.629720640067818
Japan,CHN->Partner,2009-07,1.8618103743364625
Japan,CHN->Partner,2009-08,2.0699748742132424
Japan,CHN->Partner,2009-09,1.5527244148195525
Japan,CHN->Partner,2009-10,1.464626604408469
Japan,CHN->Partner,2009-11,3.02686023571753
Japan,CHN->Partner,2009-12,2.396736782282323
Japan,CHN->Partner,2010-01,2.5608261834642256
Japan,CHN->Partner,2010-02,0.6935586535436915
Japan,CHN->Partner,2010-03,1.5222222222222204
Japan,CHN->Partner,2010-04,2.4651910369500243
Japan,CHN->Partner,2010-05,-0.5421464007729817
Japan,CHN->Partner,2010-06,-0.30872227200457125
Japan,CHN->Partner,2010-07,1.4119993711518841
Japan,CHN->Partner,2010-08,-0.3992619564725093
Japan,CHN->Partner,2010-09,-1.211897022970808
Japan,CHN->Partner,2010-10,0.09081819571150618
Japan,CHN->Partner,2010-11,-0.4141515317393001
Japan,CHN->Partner,2010-12,0.03174214369327366
Japan,CHN->Partner,2011-01,2.2952619276138755
Japan,CHN->Partner,2011-02,0.7909944487358072
Japan,CHN->Partner,2011-03,0.3603648456625326
Japan,CHN->Partner,2011-04,1.4833601679544124
Japan,CHN->Partner,2011-05,-0.24366411127866705
Japan,CHN->Partner,2011-06,1.0723508298624598
Japan,CHN->Partner,2011-07,0.7825442705780326
Japan,CHN->Partner,2011-08,2.1999999999999993
Japan,CHN->Partner,2011-09,2.264772708486751
Japan,CHN->Partner,2011-10,4.982627067917541
Japan,CHN->Partner,2011-11,-0.3605953892555913
Japan,CHN->Partner,2011-12,2.1583109887371013
Japan,CHN->Partner,2012-01,0.45904886795935695
Japan,CHN->Partner,2012-02,-0.060191924778292716
Japan,CHN->Partner,2012-03,1.0081845176861801
Japan,CHN->Partner,2012-04,1.9035843589307966
Japan,CHN->Partner,2012-05,1.17596170417138
Japan,CHN->Partner,2012-06,-4.267353614243368
Japan,CHN->Partner,2012-07,-0.16839294883140532
Japan,CHN->Partner,2012-08,-0.7488345413048894
Japan,CHN->Partner,2012-09,-1.921079122577554
Japan,CHN->Partner,2012-10,-0.2642844880438613
Japan,CHN->Partner,2012-11,-2.201522478948524
Japan,CHN->Partner,2012-12,2.014859572599006
Japan,CHN->Partner,2013-01,0.48737749354505766
Japan,CHN->Partner,2013-02,0.6006650747959466
Japan,CHN->Partner,2013-03,-0.7000000000000011
Japan,CHN->Partner,2013-04,-0.19782327314307935
Japan,CHN->Partner,2013-05,-0.41999999999999993
Japan,CHN->Partner,2013-06,-2.274999999999997
Japan,CHN->Partner,2013-07,-0.037959606293206605
Japan,CHN->Partner,2013-08,-0.3402127820128307
Japan,CHN->Partner,2013-09,-0.431640362182522
Japan,CHN->Partner,2013-10,1.3935228773659212
Japan,CHN->Partner,2013-11,-0.24893925563634767
Japan,CHN->Partner,2013-12,0.008092119993770908
Japan,CHN->Partner,2014-01,-1.775147497428918
Japan,CHN->Partner,2014-02,-1.3983649108380938
Japan,CHN->Partner,2014-03,1.1902373517175615
Japan,CHN->Partner,2014-04,-1.4563860565725868
Japan,CHN->Partner,2014-05,1.0278990522843827
Japan,CHN->Partner,2014-06,-0.5203289955303028
Japan,CHN->Partner,2014-07,0.20361913765118267
Japan,CHN->Partner,2014-08,-0.9393862333998513
Japan,CHN->Partner,2014-09,-1.2546612730138573
Japan,CHN->Partner,2014-10,-0.24645755866629315
Japan,CHN->Partner,2014-11,1.6057913641706527
Japan,CHN->Partner,2014-12,2.50407697299463
Japan,CHN->Partner,2015-01,0.9601461567078964
Japan,CHN->Partner,2015-02,3.3724455718627233
Japan,CHN->Partner,2015-03,1.8811257070571141
Japan,CHN->Partner,2015-04,0.8697580409095984
Japan,CHN->Partner,2015-05,0.19821981203863182
Japan,CHN->Partner,2015-06,0.27230360392463027
Japan,CHN->Partner,2015-07,0.9431464545910231
Japan,CHN->Partner,2015-08,0.283654385871003
Japan,CHN->Partner,2015-09,-0.8238535328840015
Japan,CHN->Partner,2015-10,0.6976860521998045
Japan,CHN->Partner,2015-11,0.9588813154178588
Japan,CHN->Partner,2015-12,0.8194013108331237
Japan,CHN->Partner,2016-01,-0.9166666666666696
Japan,CHN->Partner,2016-02,0.20000000000000284
Japan,CHN->Partner,2016-03,0.13737243569579505
Japan,CHN->Partner,2016-04,0.27573028097132735
Japan,CHN->Partner,2016-05,2.333333333333334
Japan,CHN->Partner,2016-06,1.0
Japan,CHN->Partner,2016-07,-0.07424411149564669
Japan,CHN->Partner,2016-08,-1.7184535555551186
Japan,CHN->Partner,2016-09,0.6228823975774436
Japan,CHN->Partner,2016-10,0.9000000000000004
Japan,CHN->Partner,2016-11,1.7763568394002505e-15
Japan,CHN->Partner,2016-12,0.5000000000000036
Japan,CHN->Partner,2017-01,-0.9000000000000004
Japan,CHN->Partner,2017-02,0.6333333333333364
Japan,CHN->Partner,2017-03,-2.599999999999996
Japan,CHN->Partner,2017-04,2.2333333333333307
Japan,CHN->Partner,2017-05,0.2646070918691521
Japan,CHN->Partner,2017-06,-3.656579537950039
Japan,CHN->Partner,2017-07,-1.2202368503153789
Japan,CHN->Partner,2017-08,0.4027071483746063
Japan,CHN->Partner,2017-09,1.3877115661690258
Japan,CHN->Partner,2017-10,-1.6313651508788602
Japan,CHN->Partner,2017-11,1.4000000000000004
Japan,CHN->Partner,2017-12,0.6974508190410944
Japan,CHN->Partner,2018-01,-1.1271894791441621
Japan,CHN->Partner,2018-02,0.7500000000000018
Japan,CHN->Partner,2018-03,3.333333333333334
Japan,CHN->Partner,2018-04,0.304317955037849
Japan,CHN->Partner,2018-05,1.5113666606020573
Japan,CHN->Partner,2018-06,-2.3358093301444285
Japan,CHN->Partner,2018-07,-5.0
Japan,CHN->Partner,2018-08,-0.9965841973793541
Japan,CHN->Partner,2018-09,1.772336706501715
Japan,CHN->Partner,2018-10,0.8739729198549426
Japan,CHN->Partner,2018-11,3.5
Japan,CHN->Partner,2018-12,2.0437059728320346
Japan,CHN->Partner,2019-01,-0.8525190879459927
Japan,CHN->Partner,2019-02,1.1333333333333364
Japan,CHN->Partner,2019-03,1.1333333333333364
Japan,Partner->CHN,2002-01,1.6957552045134836
Japan,Partner->CHN,2002-02,2.1491476171884116
Japan,Partner->CHN,2002-03,2.5081512479446264
Japan,Partner->CHN,2002-04,2.3210971578834645
Japan,Partner->CHN,2002-05,0.29356244146989496
Japan,Partner->CHN,2002-06,1.359968756575201
Japan,Partner->CHN,2002-07,1.0978566943467296
Japan,Partner->CHN,2002-08,-0.6176909654595519
Japan,Partner->CHN,2002-09,1.4849066525028825
Japan,Partner->CHN,2002-10,0.5366294943644299
Japan,Partner->CHN,2002-11,0.9013038224443886
Japan,Partner->CHN,2002-12,2.366666666666667
Japan,Partner->CHN,2003-01,2.117481254608167
Japan,Partner->CHN,2003-02,3.0865190767342288
Japan,Partner->CHN,2003-03,1.9873233673369661
Japan,Partner->CHN,2003-04,3.2264268828478713
Japan,Partner->CHN,2003-05,0.4529520257740369
Japan,Partner->CHN,2003-06,0.5618050478271286
Japan,Partner->CHN,2003-07,2.552195388065824
Japan,Partner->CHN,2003-08,2.189000033560962
Japan,Partner->CHN,2003-09,0.9185098297300271
Japan,Partner->CHN,2003-10,2.8254720971005565
Japan,Partner->CHN,2003-11,0.9201248861080416
Japan,Partner->CHN,2003-12,0.6399103795724379
Japan,Partner->CHN,2004-01,2.3699851949720223
Japan,Partner->CHN,2004-02,2.870029882042285
Japan,Partner->CHN,2004-03,0.462364419102288
Japan,Partner->CHN,2004-04,1.6108164893526933
Japan,Partner->CHN,2004-05,1.3894385248544605
Japan,Partner->CHN,2004-06,1.4178846962421066
Japan,Partner->CHN,2004-07,1.07783623787331
Japan,Partner->CHN,2004-08,2.5151642900152957
Japan,Partner->CHN,2004-09,0.7298673104139475
Japan,Partner->CHN,2004-10,0.6831475842285215
Japan,Partner->CHN,2004-11,1.4705011472246223
Japan,Partner->CHN,2004-12,1.8215936156543808
Japan,Partner->CHN,2005-01,-1.9633561169062137
Japan,Partner->CHN,2005-02,2.2215989609158573
Japan,Partner->CHN,2005-03,-0.9752601724266512
Japan,Partner->CHN,2005-04,-0.7056702925155207
Japan,Partner->CHN,2005-05,-0.21185271452436538
Japan,Partner->CHN,2005-06,0.5980778021936075
Japan,Partner->CHN,2005-07,0.90929109573894
Japan,Partner->CHN,2005-08,0.20122226924624798
Japan,Partner->CHN,2005-09,-0.1658368301752411
Japan,Partner->CHN,2005-10,1.7834980900416948
Japan,Partner->CHN,2005-11,0.664277362155735
Japan,Partner->CHN,2005-12,0.8002504160139061
Japan,Partner->CHN,2006-01,0.8862171849458829
Japan,Partner->CHN,2006-02,1.9114828405411366
Japan,Partner->CHN,2006-03,0.9336281628831316
Japan,Partner->CHN,2006-04,2.7493089758505853
Japan,Partner->CHN,2006-05,0.8669805558137167
Japan,Partner->CHN,2006-06,1.9611603543729323
Japan,Partner->CHN,2006-07,0.9857459132504438
Japan,Partner->CHN,2006-08,0.6512757107573002
Japan,Partner->CHN,2006-09,1.458657361956293
Japan,Partner->CHN,2006-10,1.7880091157721392
Japan,Partner->CHN,2006-11,2.7841075841724887
Japan,Partner->CHN,2006-12,0.65656464327256
Japan,Partner->CHN,2007-01,2.106262249396865
Japan,Partner->CHN,2007-02,2.865540580718326
Japan,Partner->CHN,2007-03,2.342795139443826
Japan,Partner->CHN,2007-04,2.786920066762118
Japan,Partner->CHN,2007-05,3.1634063021267522
Japan,Partner->CHN,2007-06,1.8129164935260498
Japan,Partner->CHN,2007-07,0.5130663697331972
Japan,Partner->CHN,2007-08,0.2440888662924685
Japan,Partner->CHN,2007-09,1.2734506204054004
Japan,Partner->CHN,2007-10,2.2787584119722997
Japan,Partner->CHN,2007-11,3.1171213435760894
Japan,Partner->CHN,2007-12,2.3722473613891015
Japan,Partner->CHN,2008-01,-0.4571428571428573
Japan,Partner->CHN,2008-02,1.9402132365085158
Japan,Partner->CHN,2008-03,2.6985917745375936
Japan,Partner->CHN,2008-04,1.3009012645938238
Japan,Partner->CHN,2008-05,3.612155337315654
Japan,Partner->CHN,2008-06,1.9563035206057968
Japan,Partner->CHN,2008-07,0.8464301391652658
Japan,Partner->CHN,2008-08,0.38406070684505167
Japan,Partner->CHN,2008-09,2.6426545567947386
Japan,Partner->CHN,2008-10,2.0905040063472544
Japan,Partner->CHN,2008-11,1.5444444444444407
Japan,Partner->CHN,2008-12,0.4376993075674509
Japan,Partner->CHN,2009-01,1.799999999999999
Japan,Partner->CHN,2009-02,2.9166666666666643
Japan,Partner->CHN,2009-03,2.947272757777542
Japan,Partner->CHN,2009-04,3.151266268409321
Japan,Partner->CHN,2009-05,0.8950169314534087
Japan,Partner->CHN,2009-06,1.0690405038876225
Japan,Partner->CHN,2009-07,1.387152204053482
Japan,Partner->CHN,2009-08,3.1166378315169165
Japan,Partner->CHN,2009-09,1.2108496900991739
Japan,Partner->CHN,2009-10,1.8144769974973602
Japan,Partner->CHN,2009-11,2.8415564642259152
Japan,Partner->CHN,2009-12,1.2238720209128644
Japan,Partner->CHN,2010-01,1.362499999999999
Japan,Partner->CHN,2010-02,3.1750000000000025
Japan,Partner->CHN,2010-03,3.015271363808484
Japan,Partner->CHN,2010-04,2.3895995777469192
Japan,Partner->CHN,2010-05,1.480037377537185
Japan,Partner->CHN,2010-06,2.4765341439266333
Japan,Partner->CHN,2010-07,1.0798651749449188
Japan,Partner->CHN,2010-08,0.1285059531453001
Japan,Partner->CHN,2010-09,-2.2394308653547697
Japan,Partner->CHN,2010-10,-0.18718486908663934
Japan,Partner->CHN,2010-11,-0.47323002064671904
Japan,Partner->CHN,2010-12,0.8646654439316315
Japan,Partner->CHN,2011-01,3.527426192331788
Japan,Partner->CHN,2011-02,-0.40064126288223
Japan,Partner->CHN,2011-03,3.296638540390603
Japan,Partner->CHN,2011-04,2.3898514815086234
Japan,Partner->CHN,2011-05,0.31841677095445675
Japan,Partner->CHN,2011-06,0.47853218091870175
Japan,Partner->CHN,2011-07,4.084520445437551
Japan,Partner->CHN,2011-08,-1.9198591595859185
Japan,Partner->CHN,2011-09,0.12998034031426187
Japan,Partner->CHN,2011-10,0.05999999999999872
Japan,Partner->CHN,2011-11,2.027813874958504
Japan,Partner->CHN,2011-12,2.4766844042950726
Japan,Partner->CHN,2012-01,0.6056541157481377
Japan,Partner->CHN,2012-02,1.375
Japan,Partner->CHN,2012-03,2.2592282309315443
Japan,Partner->CHN,2012-04,2.9424283929458017
Japan,Partner->CHN,2012-05,2.0360039786176216
Japan,Partner->CHN,2012-06,0.685766824771175
Japan,Partner->CHN,2012-07,0.3639242226202981
Japan,Partner->CHN,2012-08,-1.2292967571707933
Japan,Partner->CHN,2012-09,-0.23652800175220712
Japan,Partner->CHN,2012-10,-0.725724134088459
Japan,Partner->CHN,2012-11,-0.7817190880953948
Japan,Partner->CHN,2012-12,-0.03171283610154063
Japan,Partner->CHN,2013-01,0.6644456426222369
Japan,Partner->CHN,2013-02,-0.10871155716853487
Japan,Partner->CHN,2013-03,-0.4181818181818162
Japan,Partner->CHN,2013-04,1.1191760525921044
Japan,Partner->CHN,2013-05,0.5352347638064057
Japan,Partner->CHN,2013-06,2.656243040080458
Japan,Partner->CHN,2013-07,0.6222097421986845
Japan,Partner->CHN,2013-08,0.4166467588460545
Japan,Partner->CHN,2013-09,-1.242676434364327
Japan,Partner->CHN,2013-10,1.1999999999999993
Japan,Partner->CHN,2013-11,0.19261168879799762
Japan,Partner->CHN,2013-12,-0.5965490074517561
Japan,Partner->CHN,2014-01,-0.295928166693999
Japan,Partner->CHN,2014-02,0.3142857142857167
Japan,Partner->CHN,2014-03,0.048694705153884854
Japan,Partner->CHN,2014-04,1.6787467895869188
Japan,Partner->CHN,2014-05,0.3448743988762022
Japan,Partner->CHN,2014-06,-2.2624224107028965
Japan,Partner->CHN,2014-07,-0.6354252628028085
Japan,Partner->CHN,2014-08,1.2823112491207098
Japan,Partner->CHN,2014-09,-1.414000854346595
Japan,Partner->CHN,2014-10,1.0690287039219886
Japan,Partner->CHN,2014-11,2.195871719077852
Japan,Partner->CHN,2014-12,0.3642223915587799
Japan,Partner->CHN,2015-01,1.1017398060064707
Japan,Partner->CHN,2015-02,-0.33333333333333215
Japan,Partner->CHN,2015-03,1.8410447078968737
Japan,Partner->CHN,2015-04,1.799999999999999
Japan,Partner->CHN,2015-05,0.6787943128022569
Japan,Partner->CHN,2015-06,2.1498492149419963
Japan,Partner->CHN,2015-07,-0.2673768740288711
Japan,Partner->CHN,2015-08,1.2325602944796934
Japan,Partner->CHN,2015-09,-1.4790468012441984
Japan,Partner->CHN,2015-10,1.4435313899401905
Japan,Partner->CHN,2015-11,2.0004364653076383
Japan,Partner->CHN,2015-12,1.1568113100169644
Japan,Partner->CHN,2016-01,1.0
Japan,Partner->CHN,2016-02,-1.5999999999999979
Japan,Partner->CHN,2016-03,-0.1285714285714299
Japan,Partner->CHN,2016-04,0.7488467096461608
Japan,Partner->CHN,2016-05,-2.5
Japan,Partner->CHN,2016-06,-2.126226552146786
Japan,Partner->CHN,2016-07,1.9083475648046733
Japan,Partner->CHN,2016-08,-1.307968533997796
Japan,Partner->CHN,2016-09,0.9773991921542482
Japan,Partner->CHN,2016-10,1.9765522471921084
Japan,Partner->CHN,2016-11,3.0123875737386534
Japan,Partner->CHN,2016-12,-0.1285714285714299
Japan,Partner->CHN,2017-01,2.9584609690826493
Japan,Partner->CHN,2017-02,4.466925822503178
Japan,Partner->CHN,2017-03,4.0
Japan,Partner->CHN,2017-04,1.1745786383860999
Japan,Partner->CHN,2017-05,3.931239186818841
Japan,Partner->CHN,2017-06,3.014391214300149
Japan,Partner->CHN,2017-07,-0.08333333333333215
Japan,Partner->CHN,2017-08,0.03148224414208478
Japan,Partner->CHN,2017-09,-0.3948361188036049
Japan,Partner->CHN,2017-10,1.1194611151711982
Japan,Partner->CHN,2017-11,2.8499828354917085
Japan,Partner->CHN,2017-12,1.151384223066744
Japan,Partner->CHN,2018-01,2.071158581956441
Japan,Partner->CHN,2018-02,1.0
Japan,Partner->CHN,2018-03,-0.9333333333333336
Japan,Partner->CHN,2018-04,-0.3754916021602277
Japan,Partner->CHN,2018-05,1.5948658060939245
Japan,Partner->CHN,2018-06,-1.1999999999999975
Japan,Partner->CHN,2018-07,-5.299999999999999
Japan,Partner->CHN,2018-08,3.1799435671097864
Japan,Partner->CHN,2018-09,1.297066338331188
Japan,Partner->CHN,2018-10,1.8283740383457712
Japan,Partner->CHN,2018-11,1.133646178829915
Japan,Partner->CHN,2018-12,3.362908478551102
Japan,Partner->CHN,2019-01,1.9666666666666668
Japan,Partner->CHN,2019-02,-1.0921134470680443
Japan,Partner->CHN,2019-03,-2.5
Malaysia,Aggregated,2002-01,1.6712067873811236
Malaysia,Aggregated,2002-02,1.8859706414158754
Malaysia,Aggregated,2002-03,2.1043745207279123
Malaysia,Aggregated,2002-04,2.3264801199822056
Malaysia,Aggregated,2002-05,2.9499999999999993
Malaysia,Aggregated,2002-06,2.974977638622537
Malaysia,Aggregated,2002-07,2.9999999999999964
Malaysia,Aggregated,2002-08,2.3424135747622508
Malaysia,Aggregated,2002-09,1.0
Malaysia,Aggregated,2002-10,0.47201225351771825
Malaysia,Aggregated,2002-11,-0.03274457126160968
Malaysia,Aggregated,2002-12,1.7187663542456502
Malaysia,Aggregated,2003-01,3.7500000000000018
Malaysia,Aggregated,2003-02,2.8000000000000025
Malaysia,Aggregated,2003-03,5.199999999999996
Malaysia,Aggregated,2003-04,2.833333333333332
Malaysia,Aggregated,2003-05,2.166666666666668
Malaysia,Aggregated,2003-06,2.416407864998739
Malaysia,Aggregated,2003-07,1.7763568394002505e-15
Malaysia,Aggregated,2003-08,1.3115838962843096
Malaysia,Aggregated,2003-09,2.7795543668406477
Malaysia,Aggregated,2003-10,1.0
Malaysia,Aggregated,2003-11,1.7763568394002505e-15
Malaysia,Aggregated,2003-12,1.1162316596761013
Malaysia,Aggregated,2004-01,2.3457336028124995
Malaysia,Aggregated,2004-02,3.6999999999999993
Malaysia,Aggregated,2004-03,2.0958008537087967
Malaysia,Aggregated,2004-04,0.6666666666666661
Malaysia,Aggregated,2004-05,2.3684446822080947
Malaysia,Aggregated,2004-06,1.9000000000000004
Malaysia,Aggregated,2004-07,2.587844700616756
Malaysia,Aggregated,2004-08,3.6999999999999993
Malaysia,Aggregated,2004-09,3.6244190899537916
Malaysia,Aggregated,2004-10,3.549226783578572
Malaysia,Aggregated,2004-11,3.474421082845815
Malaysia,Aggregated,2004-12,3.3999999999999986
Malaysia,Aggregated,2005-01,3.5120639469373884
Malaysia,Aggregated,2005-02,3.6249999999999982
Malaysia,Aggregated,2005-03,3.196152422706632
Malaysia,Aggregated,2005-04,4.999999999999998
Malaysia,Aggregated,2005-05,3.285651122167634
Malaysia,Aggregated,2005-06,3.500000000000007
Malaysia,Aggregated,2005-07,-7.0
Malaysia,Aggregated,2005-08,1.7499999999999964
Malaysia,Aggregated,2005-09,1.9372035332911892
Malaysia,Aggregated,2005-10,4.100000000000003
Malaysia,Aggregated,2005-11,1.536078977624804
Malaysia,Aggregated,2005-12,2.8256483774243684
Malaysia,Aggregated,2006-01,4.6999999999999975
Malaysia,Aggregated,2006-02,2.725887949418791
Malaysia,Aggregated,2006-03,1.0
Malaysia,Aggregated,2006-04,3.6141378582540877
Malaysia,Aggregated,2006-05,3.0999999999999996
Malaysia,Aggregated,2006-06,2.696138777236248
Malaysia,Aggregated,2006-07,2.303845206050669
Malaysia,Aggregated,2006-08,4.3408362637175255
Malaysia,Aggregated,2006-09,1.9666666666666668
Malaysia,Aggregated,2006-10,4.99864239468808
Malaysia,Aggregated,2006-11,1.4499999999999993
Malaysia,Aggregated,2006-12,3.7712067873811232
Malaysia,Aggregated,2007-01,2.3424135747622508
Malaysia,Aggregated,2007-02,3.146950329361932
Malaysia,Aggregated,2007-03,4.0
Malaysia,Aggregated,2007-04,0.9500000000000011
Malaysia,Aggregated,2007-05,6.0
Malaysia,Aggregated,2007-06,-5.0
Malaysia,Aggregated,2007-07,4.0
Malaysia,Aggregated,2007-08,4.588457268119894
Malaysia,Aggregated,2007-09,5.199999999999996
Malaysia,Aggregated,2007-10,4.224999999999996
Malaysia,Aggregated,2007-11,6.0
Malaysia,Aggregated,2007-12,5.17120678738112
Malaysia,Aggregated,2008-01,1.7763568394002505e-15
Malaysia,Aggregated,2008-02,-1.9999999999999982
Malaysia,Aggregated,2008-03,4.999999999999998
Malaysia,Aggregated,2008-04,1.9000000000000004
Malaysia,Aggregated,2008-05,-7.0
Malaysia,Aggregated,2008-06,5.199999999999996
Malaysia,Aggregated,2008-07,1.7763568394002505e-15
Malaysia,Aggregated,2008-08,1.4633593687395052
Malaysia,Aggregated,2008-09,3.121393341304252
Malaysia,Aggregated,2008-10,4.999999999999998
Malaysia,Aggregated,2008-11,2.0230564768797645
Malaysia,Aggregated,2008-12,-0.40000000000000036
Malaysia,Aggregated,2009-01,2.550159234053794
Malaysia,Aggregated,2009-02,3.5
Malaysia,Aggregated,2009-03,6.9999999999999964
Malaysia,Aggregated,2009-04,3.506126824523337
Malaysia,Aggregated,2009-05,0.6904286360641922
Malaysia,Aggregated,2009-06,3.6809402758540344
Malaysia,Aggregated,2009-07,4.0
Malaysia,Aggregated,2009-08,-1.0501256289338006
Malaysia,Aggregated,2009-09,-4.400000000000001
Malaysia,Aggregated,2009-10,1.666666666666666
Malaysia,Aggregated,2009-11,2.5252234800200757
Malaysia,Aggregated,2009-12,3.5
Malaysia,Aggregated,2010-01,2.6666666666666696
Malaysia,Aggregated,2010-02,4.4650142795494006
Malaysia,Aggregated,2010-03,6.5000000000000036
Malaysia,Aggregated,2010-04,1.666666666666666
Malaysia,Aggregated,2010-05,2.1844828423522724
Malaysia,Aggregated,2010-06,2.7234674594959056
Malaysia,Aggregated,2010-07,0.11355960687048139
Malaysia,Aggregated,2010-08,-1.9999999999999982
Malaysia,Aggregated,2010-09,-5.0
Malaysia,Aggregated,2010-10,2.5
Malaysia,Aggregated,2010-11,2.9999999999999964
Malaysia,Aggregated,2010-12,1.0
Malaysia,Aggregated,2011-01,1.599999999999996
Malaysia,Aggregated,2011-02,-3.9007042602804614
Malaysia,Aggregated,2011-03,-7.0
Malaysia,Aggregated,2011-04,2.4597867943186724
Malaysia,Aggregated,2011-05,1.6712067873811236
Malaysia,Aggregated,2011-06,-2.0999999999999996
Malaysia,Aggregated,2011-07,-0.33333333333333215
Malaysia,Aggregated,2011-08,0.6666666666666661
Malaysia,Aggregated,2011-09,1.4499999999999993
Malaysia,Aggregated,2011-10,4.0
Malaysia,Aggregated,2011-11,3.794442844885438
Malaysia,Aggregated,2011-12,3.591702606038801
Malaysia,Aggregated,2012-01,3.391740680973795
Malaysia,Aggregated,2012-02,3.1945189962053018
Malaysia,Aggregated,2012-03,2.9999999999999964
Malaysia,Aggregated,2012-04,2.5
Malaysia,Aggregated,2012-05,-1.0500000000000007
Malaysia,Aggregated,2012-06,3.3999999999999986
Malaysia,Aggregated,2012-07,-1.9999999999999982
Malaysia,Aggregated,2012-08,3.73712529419309
Malaysia,Aggregated,2012-09,0.19523539268060475
Malaysia,Aggregated,2012-10,-1.9999999999999982
Malaysia,Aggregated,2012-11,1.8356033936905618
Malaysia,Aggregated,2012-12,-1.9999999999999982
Malaysia,Aggregated,2013-01,4.0
Malaysia,Aggregated,2013-02,2.3424135747622508
Malaysia,Aggregated,2013-03,4.0
Malaysia,Aggregated,2013-04,1.0
Malaysia,Aggregated,2013-05,3.3999999999999986
Malaysia,Aggregated,2013-06,-0.4700427351294536
Malaysia,Aggregated,2013-07,-3.3
Malaysia,Aggregated,2013-08,-1.5287929634549595
Malaysia,Aggregated,2013-09,0.6498393154675721
Malaysia,Aggregated,2013-10,3.329615597308509
Malaysia,Aggregated,2013-11,-0.279703998135572
Malaysia,Aggregated,2013-12,-2.979914214225225
Malaysia,Aggregated,2014-01,-5.0
Malaysia,Aggregated,2014-02,3.7500000000000018
Malaysia,Aggregated,2014-03,0.5519797534508992
Malaysia,Aggregated,2014-04,-0.5390583564819469
Malaysia,Aggregated,2014-05,-1.4047646073193967
Malaysia,Aggregated,2014-06,2.9489955583078533
Malaysia,Aggregated,2014-07,-8.196056723534022
Malaysia,Aggregated,2014-08,-1.9999999999999982
Malaysia,Aggregated,2014-09,0.9176699783675453
Malaysia,Aggregated,2014-10,1.832393417184953
Malaysia,Aggregated,2014-11,-0.5
Malaysia,Aggregated,2014-12,4.734335077087577
Malaysia,Aggregated,2015-01,1.0435779523769924
Malaysia,Aggregated,2015-02,0.24533541073624043
Malaysia,Aggregated,2015-03,-0.5
Malaysia,Aggregated,2015-04,1.7499999999999964
Malaysia,Aggregated,2015-05,-0.7554373534619732
Malaysia,Aggregated,2015-06,0.20158121469250645
Malaysia,Aggregated,2015-07,1.2480017974954105
Malaysia,Aggregated,2015-08,2.3921760826664453
Malaysia,Aggregated,2015-09,1.0
Malaysia,Aggregated,2015-10,1.7763568394002505e-15
Malaysia,Aggregated,2015-11,3.3647999068600445
Malaysia,Aggregated,2015-12,-5.0
Malaysia,Aggregated,2016-01,2.5
Malaysia,Aggregated,2016-02,2.222140522623409
Malaysia,Aggregated,2016-03,1.9499999999999975
Malaysia,Aggregated,2016-04,0.8213672050459166
Malaysia,Aggregated,2016-05,2.9999999999999964
Malaysia,Aggregated,2016-06,2.9999999999999964
Malaysia,Aggregated,2016-07,1.0
Malaysia,Aggregated,2016-08,2.042239071570492
Malaysia,Aggregated,2016-09,3.1750000000000025
Malaysia,Aggregated,2016-10,2.0
Malaysia,Aggregated,2016-11,3.7195543299066234
Malaysia,Aggregated,2016-12,3.849999999999998
Malaysia,Aggregated,2017-01,3.126966771450558
Malaysia,Aggregated,2017-02,1.1557040769851206
Malaysia,Aggregated,2017-03,-0.5404906093609672
Malaysia,Aggregated,2017-04,-1.9999999999999982
Malaysia,Aggregated,2017-05,-1.9999999999999982
Malaysia,Aggregated,2017-06,-0.8525190879459927
Malaysia,Aggregated,2017-07,0.44126320672226704
Malaysia,Aggregated,2017-08,1.9000000000000004
Malaysia,Aggregated,2017-09,0.3558774633162809
Malaysia,Aggregated,2017-10,-1.0034144990810336
Malaysia,Aggregated,2017-11,-2.200000000000003
Malaysia,Aggregated,2017-12,-0.4180316106628119
Malaysia,Aggregated,2018-01,1.7247789764694943
Malaysia,Aggregated,2018-02,4.3015010102616635
Malaysia,Aggregated,2018-03,7.400000000000002
Malaysia,Aggregated,2018-04,-1.9999999999999982
Malaysia,Aggregated,2018-05,-1.9999999999999982
Malaysia,Aggregated,2018-06,6.0
Malaysia,Aggregated,2018-07,1.2500000000000018
Malaysia,Aggregated,2018-08,3.34888119285392
Malaysia,Aggregated,2018-09,0.6999999999999993
Malaysia,Aggregated,2018-10,-2.385046584300225
Malaysia,Aggregated,2018-11,-0.40000000000000036
Malaysia,Aggregated,2018-12,-1.2327076423401753
Malaysia,Aggregated,2019-01,-1.9999999999999982
Malaysia,Aggregated,2019-02,1.7763568394002505e-15
Malaysia,Aggregated,2019-03,-1.9999999999999982
Malaysia,CHN->Partner,2002-01,1.4499999999999993
Malaysia,CHN->Partner,2002-02,1.7378827258666867
Malaysia,CHN->Partner,2002-03,2.0324221958179027
Malaysia,CHN->Partner,2002-04,2.3337723344827683
Malaysia,CHN->Partner,2002-05,1.9000000000000004
Malaysia,CHN->Partner,2002-06,2.1932817051921187
Malaysia,CHN->Partner,2002-07,2.4932311746168185
Malaysia,CHN->Partner,2002-08,2.8000000000000025
Malaysia,CHN->Partner,2002-09,2.5826630964036745
Malaysia,CHN->Partner,2002-10,2.3687490427830546
Malaysia,CHN->Partner,2002-11,2.1582039324993705
Malaysia,CHN->Partner,2002-12,2.9313857173062914
Malaysia,CHN->Partner,2003-01,3.7500000000000018
Malaysia,CHN->Partner,2003-02,2.8000000000000025
Malaysia,CHN->Partner,2003-03,2.8166566143911975
Malaysia,CHN->Partner,2003-04,2.833333333333332
Malaysia,CHN->Partner,2003-05,2.166666666666668
Malaysia,CHN->Partner,2003-06,1.926608140191302
Malaysia,CHN->Partner,2003-07,1.7763568394002505e-15
Malaysia,CHN->Partner,2003-08,1.7161314872094682
Malaysia,CHN->Partner,2003-09,3.6999999999999993
Malaysia,CHN->Partner,2003-10,1.0
Malaysia,CHN->Partner,2003-11,1.7763568394002505e-15
Malaysia,CHN->Partner,2003-12,1.1162316596761013
Malaysia,CHN->Partner,2004-01,2.3457336028124995
Malaysia,CHN->Partner,2004-02,3.6999999999999993
Malaysia,CHN->Partner,2004-03,2.2815661727071923
Malaysia,CHN->Partner,2004-04,1.0
Malaysia,CHN->Partner,2004-05,3.4343597113356523
Malaysia,CHN->Partner,2004-06,2.1610150268141464
Malaysia,CHN->Partner,2004-07,1.0
Malaysia,CHN->Partner,2004-08,4.0
Malaysia,CHN->Partner,2004-09,3.8679941312879347
Malaysia,CHN->Partner,2004-10,3.7371499658674967
Malaysia,CHN->Partner,2004-11,3.6074572802952076
Malaysia,CHN->Partner,2004-12,3.4789059410978957
Malaysia,CHN->Partner,2005-01,3.351485903980901
Malaysia,CHN->Partner,2005-02,3.225187213043302
Malaysia,CHN->Partner,2005-03,3.0999999999999996
Malaysia,CHN->Partner,2005-04,3.1647057462362227
Malaysia,CHN->Partner,2005-05,3.2297084310253528
Malaysia,CHN->Partner,2005-06,6.0
Malaysia,CHN->Partner,2005-07,-7.0
Malaysia,CHN->Partner,2005-08,3.5
Malaysia,CHN->Partner,2005-09,3.7742020373412224
Malaysia,CHN->Partner,2005-10,4.149999999999997
Malaysia,CHN->Partner,2005-11,1.536078977624804
Malaysia,CHN->Partner,2005-12,2.817083664978
Malaysia,CHN->Partner,2006-01,6.0
Malaysia,CHN->Partner,2006-02,3.2828568570857044
Malaysia,CHN->Partner,2006-03,1.0
Malaysia,CHN->Partner,2006-04,3.950000000000001
Malaysia,CHN->Partner,2006-05,3.0999999999999996
Malaysia,CHN->Partner,2006-06,3.1499116605016297
Malaysia,CHN->Partner,2006-07,3.1999999999999993
Malaysia,CHN->Partner,2006-08,3.951992239076315
Malaysia,CHN->Partner,2006-09,1.9666666666666668
Malaysia,CHN->Partner,2006-10,1.7057073789695014
Malaysia,CHN->Partner,2006-11,1.4499999999999993
Malaysia,CHN->Partner,2006-12,3.5500000000000007
Malaysia,CHN->Partner,2007-01,1.9000000000000004
Malaysia,CHN->Partner,2007-02,2.910427743243556
Malaysia,CHN->Partner,2007-03,4.0
Malaysia,CHN->Partner,2007-04,4.96871942267131
Malaysia,CHN->Partner,2007-05,6.0
Malaysia,CHN->Partner,2007-06,4.96871942267131
Malaysia,CHN->Partner,2007-07,4.0
Malaysia,CHN->Partner,2007-08,4.588457268119894
Malaysia,CHN->Partner,2007-09,5.199999999999996
Malaysia,CHN->Partner,2007-10,4.224999999999996
Malaysia,CHN->Partner,2007-11,6.0
Malaysia,CHN->Partner,2007-12,4.949999999999999
Malaysia,CHN->Partner,2008-01,1.7763568394002505e-15
Malaysia,CHN->Partner,2008-02,-1.9999999999999982
Malaysia,CHN->Partner,2008-03,6.0
Malaysia,CHN->Partner,2008-04,-2.753788748764677
Malaysia,CHN->Partner,2008-05,-7.0
Malaysia,CHN->Partner,2008-06,5.199999999999996
Malaysia,CHN->Partner,2008-07,5.14976683718918
Malaysia,CHN->Partner,2008-08,5.099689437998482
Malaysia,CHN->Partner,2008-09,5.049767319434128
Malaysia,CHN->Partner,2008-10,4.999999999999998
Malaysia,CHN->Partner,2008-11,4.1377543963489405
Malaysia,CHN->Partner,2008-12,3.3219755102613497
Malaysia,CHN->Partner,2009-01,2.5501592340537886
Malaysia,CHN->Partner,2009-02,3.5
Malaysia,CHN->Partner,2009-03,6.9999999999999964
Malaysia,CHN->Partner,2009-04,3.055863779194535
Malaysia,CHN->Partner,2009-05,-0.024038523373731024
Malaysia,CHN->Partner,2009-06,3.5618600309332855
Malaysia,CHN->Partner,2009-07,4.0
Malaysia,CHN->Partner,2009-08,2.526696144976201
Malaysia,CHN->Partner,2009-09,1.1981005732342727
Malaysia,CHN->Partner,2009-10,1.7763568394002505e-15
Malaysia,CHN->Partner,2009-11,3.868849002304877
Malaysia,CHN->Partner,2009-12,3.5
Malaysia,CHN->Partner,2010-01,4.0
Malaysia,CHN->Partner,2010-02,5.201851746019649
Malaysia,CHN->Partner,2010-03,6.5000000000000036
Malaysia,CHN->Partner,2010-04,1.5000000000000018
Malaysia,CHN->Partner,2010-05,2.2532878637774427
Malaysia,CHN->Partner,2010-06,3.0519711360120336
Malaysia,CHN->Partner,2010-07,0.24578766579328537
Malaysia,CHN->Partner,2010-08,-1.9999999999999982
Malaysia,CHN->Partner,2010-09,-5.0
Malaysia,CHN->Partner,2010-10,2.5
Malaysia,CHN->Partner,2010-11,2.9999999999999964
Malaysia,CHN->Partner,2010-12,1.0
Malaysia,CHN->Partner,2011-01,1.4499999999999993
Malaysia,CHN->Partner,2011-02,1.7726533308081223
Malaysia,CHN->Partner,2011-03,2.1036685228115584
Malaysia,CHN->Partner,2011-04,2.4432622814212532
Malaysia,CHN->Partner,2011-05,1.4499999999999993
Malaysia,CHN->Partner,2011-06,-1.9999999999999982
Malaysia,CHN->Partner,2011-07,-0.9719122990906364
Malaysia,CHN->Partner,2011-08,0.17361588190329869
Malaysia,CHN->Partner,2011-09,1.4499999999999993
Malaysia,CHN->Partner,2011-10,1.695869961513953
Malaysia,CHN->Partner,2011-11,1.9465955084074231
Malaysia,CHN->Partner,2011-12,2.2022725316515093
Malaysia,CHN->Partner,2012-01,2.4629988159289304
Malaysia,CHN->Partner,2012-02,2.72887407703214
Malaysia,CHN->Partner,2012-03,2.9999999999999964
Malaysia,CHN->Partner,2012-04,2.5
Malaysia,CHN->Partner,2012-05,-0.7333333333333343
Malaysia,CHN->Partner,2012-06,0.6972867295820429
Malaysia,CHN->Partner,2012-07,2.3272581331872892
Malaysia,CHN->Partner,2012-08,4.184359711335652
Malaysia,CHN->Partner,2012-09,1.0
Malaysia,CHN->Partner,2012-10,-1.9999999999999982
Malaysia,CHN->Partner,2012-11,2.6000000000000014
Malaysia,CHN->Partner,2012-12,-1.9999999999999982
Malaysia,CHN->Partner,2013-01,4.0
Malaysia,CHN->Partner,2013-02,1.9000000000000004
Malaysia,CHN->Partner,2013-03,4.0
Malaysia,CHN->Partner,2013-04,1.0
Malaysia,CHN->Partner,2013-05,-5.758517211582206
Malaysia,CHN->Partner,2013-06,-8.710571514893337
Malaysia,CHN->Partner,2013-07,-10.0
Malaysia,CHN->Partner,2013-08,-8.561642664970341
Malaysia,CHN->Partner,2013-09,-5.054413506707056
Malaysia,CHN->Partner,2013-10,3.49746443697412
Malaysia,CHN->Partner,2013-11,3.6214974825825923
Malaysia,CHN->Partner,2013-12,3.7465916928153877
Malaysia,CHN->Partner,2014-01,3.8727561464656173
Malaysia,CHN->Partner,2014-02,4.0
Malaysia,CHN->Partner,2014-03,-0.05976165761214247
Malaysia,CHN->Partner,2014-04,1.4000000000000004
Malaysia,CHN->Partner,2014-05,3.3999999999999986
Malaysia,CHN->Partner,2014-06,2.3593833693675794
Malaysia,CHN->Partner,2014-07,-7.192113447068046
Malaysia,CHN->Partner,2014-08,-1.9999999999999982
Malaysia,CHN->Partner,2014-09,4.33333333333333
Malaysia,CHN->Partner,2014-10,2.564659966250538
Malaysia,CHN->Partner,2014-11,1.0
Malaysia,CHN->Partner,2014-12,4.1999999999999975
Malaysia,CHN->Partner,2015-01,3.8760612221237185
Malaysia,CHN->Partner,2015-02,1.4979455444604586
Malaysia,CHN->Partner,2015-03,-0.5
Malaysia,CHN->Partner,2015-04,-0.016566312063494237
Malaysia,CHN->Partner,2015-05,0.48912529307605546
Malaysia,CHN->Partner,2015-06,1.7168767301092664
Malaysia,CHN->Partner,2015-07,3.0758281978398117
Malaysia,CHN->Partner,2015-08,4.58
Malaysia,CHN->Partner,2015-09,4.252861158759691
Malaysia,CHN->Partner,2015-10,3.9325913689602086
Malaysia,CHN->Partner,2015-11,3.619046398667738
Malaysia,CHN->Partner,2015-12,-5.0
Malaysia,CHN->Partner,2016-01,2.5
Malaysia,CHN->Partner,2016-02,2.222140522623409
Malaysia,CHN->Partner,2016-03,1.9499999999999975
Malaysia,CHN->Partner,2016-04,0.8213672050459166
Malaysia,CHN->Partner,2016-05,2.9999999999999964
Malaysia,CHN->Partner,2016-06,1.0
Malaysia,CHN->Partner,2016-07,2.1801354101664483
Malaysia,CHN->Partner,2016-08,3.476330785860295
Malaysia,CHN->Partner,2016-09,4.899999999999997
Malaysia,CHN->Partner,2016-10,4.0
Malaysia,CHN->Partner,2016-11,3.9637689802747786
Malaysia,CHN->Partner,2016-12,3.799999999999997
Malaysia,CHN->Partner,2017-01,2.8493901531919175
Malaysia,CHN->Partner,2017-02,2.70960056059816
Malaysia,CHN->Partner,2017-03,2.571221942060401
Malaysia,CHN->Partner,2017-04,2.434240055833241
Malaysia,CHN->Partner,2017-05,2.2986408039211383
Malaysia,CHN->Partner,2017-06,2.164410230627455
Malaysia,CHN->Partner,2017-07,2.0315345211181555
Malaysia,CHN->Partner,2017-08,1.9000000000000004
Malaysia,CHN->Partner,2017-09,0.44126320672226704
Malaysia,CHN->Partner,2017-10,-0.8525190879459927
Malaysia,CHN->Partner,2017-11,-1.9999999999999982
Malaysia,CHN->Partner,2017-12,-1.9999999999999982
Malaysia,CHN->Partner,2018-01,-1.9999999999999982
Malaysia,CHN->Partner,2018-02,-1.9999999999999982
Malaysia,CHN->Partner,2018-03,-1.9999999999999982
Malaysia,CHN->Partner,2018-04,-1.9999999999999982
Malaysia,CHN->Partner,2018-05,-1.9999999999999982
Malaysia,CHN->Partner,2018-06,6.0
Malaysia,CHN->Partner,2018-07,2.5
Malaysia,CHN->Partner,2018-08,4.345699724696724
Malaysia,CHN->Partner,2018-09,0.3253380560781274
Malaysia,CHN->Partner,2018-10,-2.641744307167045
Malaysia,CHN->Partner,2018-11,-2.5171649116784582
Malaysia,CHN->Partner,2018-12,-2.3907286663457583
Malaysia,CHN->Partner,2019-01,-2.2624078949121316
Malaysia,CHN->Partner,2019-02,-2.1321745086074895
Malaysia,CHN->Partner,2019-03,-1.9999999999999982
Malaysia,Partner->CHN,2002-01,2.8000000000000025
Malaysia,Partner->CHN,2002-02,2.441308853876219
Malaysia,Partner->CHN,2002-03,2.091940848209509
Malaysia,Partner->CHN,2002-04,1.751653654888564
Malaysia,Partner->CHN,2002-05,2.9499999999999993
Malaysia,Partner->CHN,2002-06,2.974977638622537
Malaysia,Partner->CHN,2002-07,2.9999999999999964
Malaysia,Partner->CHN,2002-08,1.9000000000000004
Malaysia,Partner->CHN,2002-09,1.0
Malaysia,Partner->CHN,2002-10,0.41052146047673155
Malaysia,Partner->CHN,2002-11,-0.1499999999999968
Malaysia,Partner->CHN,2002-12,0.9936413344254262
Malaysia,Partner->CHN,2003-01,2.2578278763906123
Malaysia,Partner->CHN,2003-02,3.655265661103792
Malaysia,Partner->CHN,2003-03,5.199999999999996
Malaysia,Partner->CHN,2003-04,4.717824276915676
Malaysia,Partner->CHN,2003-05,4.249999999999998
Malaysia,Partner->CHN,2003-06,4.0
Malaysia,Partner->CHN,2003-07,3.5839676074599414
Malaysia,Partner->CHN,2003-08,3.179474078362718
Malaysia,Partner->CHN,2003-09,2.786199376643985
Malaysia,Partner->CHN,2003-10,2.3486438205647477
Malaysia,Partner->CHN,2003-11,1.9249756934588813
Malaysia,Partner->CHN,2003-12,1.5147542268780931
Malaysia,Partner->CHN,2004-01,1.1175526417759887
Malaysia,Partner->CHN,2004-02,0.7329577045031144
Malaysia,Partner->CHN,2004-03,0.3605692968941625
Malaysia,Partner->CHN,2004-04,1.7763568394002505e-15
Malaysia,Partner->CHN,2004-05,2.6000000000000014
Malaysia,Partner->CHN,2004-06,1.9000000000000004
Malaysia,Partner->CHN,2004-07,2.813954937332211
Malaysia,Partner->CHN,2004-08,3.6999999999999993
Malaysia,Partner->CHN,2004-09,3.6244190899537916
Malaysia,Partner->CHN,2004-10,3.549226783578572
Malaysia,Partner->CHN,2004-11,3.474421082845815
Malaysia,Partner->CHN,2004-12,3.3999999999999986
Malaysia,Partner->CHN,2005-01,3.5120639469373884
Malaysia,Partner->CHN,2005-02,3.6249999999999982
Malaysia,Partner->CHN,2005-03,4.0
Malaysia,Partner->CHN,2005-04,4.999999999999998
Malaysia,Partner->CHN,2005-05,2.5
Malaysia,Partner->CHN,2005-06,3.5
Malaysia,Partner->CHN,2005-07,2.5968746408871457
Malaysia,Partner->CHN,2005-08,1.7499999999999964
Malaysia,Partner->CHN,2005-09,1.7799999999999976
Malaysia,Partner->CHN,2005-10,2.9499999999999993
Malaysia,Partner->CHN,2005-11,3.400996094708848
Malaysia,Partner->CHN,2005-12,3.8665726537505023
Malaysia,Partner->CHN,2006-01,4.6999999999999975
Malaysia,Partner->CHN,2006-02,4.382511866034207
Malaysia,Partner->CHN,2006-03,4.071444032400207
Malaysia,Partner->CHN,2006-04,3.7666666666666657
Malaysia,Partner->CHN,2006-05,5.199999999999996
Malaysia,Partner->CHN,2006-06,4.059880477613357
Malaysia,Partner->CHN,2006-07,2.9999999999999964
Malaysia,Partner->CHN,2006-08,6.0
Malaysia,Partner->CHN,2006-09,1.2500000000000018
Malaysia,Partner->CHN,2006-10,4.99864239468808
Malaysia,Partner->CHN,2006-11,1.4499999999999993
Malaysia,Partner->CHN,2006-12,4.0
Malaysia,Partner->CHN,2007-01,2.8000000000000025
Malaysia,Partner->CHN,2007-02,3.3874945699381627
Malaysia,Partner->CHN,2007-03,4.0
Malaysia,Partner->CHN,2007-04,0.9500000000000011
Malaysia,Partner->CHN,2007-05,-2.5324147479933785
Malaysia,Partner->CHN,2007-06,-5.0
Malaysia,Partner->CHN,2007-07,4.0
Malaysia,Partner->CHN,2007-08,4.588457268119894
Malaysia,Partner->CHN,2007-09,5.199999999999996
Malaysia,Partner->CHN,2007-10,3.25
Malaysia,Partner->CHN,2007-11,4.287249589118378
Malaysia,Partner->CHN,2007-12,5.400000000000002
Malaysia,Partner->CHN,2008-01,5.265567724140936
Malaysia,Partner->CHN,2008-02,5.132237401744831
Malaysia,Partner->CHN,2008-03,4.999999999999998
Malaysia,Partner->CHN,2008-04,1.9000000000000004
Malaysia,Partner->CHN,2008-05,3.456140563788109
Malaysia,Partner->CHN,2008-06,5.199999999999996
Malaysia,Partner->CHN,2008-07,1.7763568394002505e-15
Malaysia,Partner->CHN,2008-08,1.1981005732342727
Malaysia,Partner->CHN,2008-09,2.526696144976201
Malaysia,Partner->CHN,2008-10,4.0
Malaysia,Partner->CHN,2008-11,1.6095202129184916
Malaysia,Partner->CHN,2008-12,-0.40000000000000036
Malaysia,Partner->CHN,2009-01,4.700318468107579
Malaysia,Partner->CHN,2009-02,3.5
Malaysia,Partner->CHN,2009-03,6.0
Malaysia,Partner->CHN,2009-04,3.04279174523357
Malaysia,Partner->CHN,2009-05,0.6000000000000014
Malaysia,Partner->CHN,2009-06,3.863961030678926
Malaysia,Partner->CHN,2009-07,0.339772729095408
Malaysia,Partner->CHN,2009-08,-2.3488440071843772
Malaysia,Partner->CHN,2009-09,-4.400000000000001
Malaysia,Partner->CHN,2009-10,2.5
Malaysia,Partner->CHN,2009-11,2.53197990794855
Malaysia,Partner->CHN,2009-12,3.5
Malaysia,Partner->CHN,2010-01,2.6666666666666696
Malaysia,Partner->CHN,2010-02,4.4650142795494006
Malaysia,Partner->CHN,2010-03,6.5000000000000036
Malaysia,Partner->CHN,2010-04,1.666666666666666
Malaysia,Partner->CHN,2010-05,1.4141496330240528
Malaysia,Partner->CHN,2010-06,1.1666666666666696
Malaysia,Partner->CHN,2010-07,1.4871160942807364
Malaysia,Partner->CHN,2010-08,1.8160056179762982
Malaysia,Partner->CHN,2010-09,2.1535575356129417
Malaysia,Partner->CHN,2010-10,2.5
Malaysia,Partner->CHN,2010-11,6.0
Malaysia,Partner->CHN,2010-12,1.0
Malaysia,Partner->CHN,2011-01,1.599999999999996
Malaysia,Partner->CHN,2011-02,-3.9007042602804614
Malaysia,Partner->CHN,2011-03,-7.0
Malaysia,Partner->CHN,2011-04,2.981418175439911
Malaysia,Partner->CHN,2011-05,2.8000000000000025
Malaysia,Partner->CHN,2011-06,-2.1249999999999982
Malaysia,Partner->CHN,2011-07,-0.33333333333333215
Malaysia,Partner->CHN,2011-08,0.6666666666666661
Malaysia,Partner->CHN,2011-09,1.9000000000000004
Malaysia,Partner->CHN,2011-10,4.0
Malaysia,Partner->CHN,2011-11,3.6420340931008006
Malaysia,Partner->CHN,2011-12,3.2926108255684134
Malaysia,Partner->CHN,2012-01,2.9515263324929517
Malaysia,Partner->CHN,2012-02,2.6185816140770264
Malaysia,Partner->CHN,2012-03,2.29358241953277
Malaysia,Partner->CHN,2012-04,1.976339133749617
Malaysia,Partner->CHN,2012-05,1.666666666666666
Malaysia,Partner->CHN,2012-06,3.3999999999999986
Malaysia,Partner->CHN,2012-07,-1.9999999999999982
Malaysia,Partner->CHN,2012-08,3.3373971655886763
Malaysia,Partner->CHN,2012-09,-0.20714691097908933
Malaysia,Partner->CHN,2012-10,0.8299335749461338
Malaysia,Partner->CHN,2012-11,1.9666666666666668
Malaysia,Partner->CHN,2012-12,2.2386975329453502
Malaysia,Partner->CHN,2013-01,2.516435401193835
Malaysia,Partner->CHN,2013-02,2.8000000000000025
Malaysia,Partner->CHN,2013-03,4.0
Malaysia,Partner->CHN,2013-04,3.696938456699071
Malaysia,Partner->CHN,2013-05,3.3999999999999986
Malaysia,Partner->CHN,2013-06,3.3999999999999986
Malaysia,Partner->CHN,2013-07,3.3999999999999986
Malaysia,Partner->CHN,2013-08,3.4135089500311206
Malaysia,Partner->CHN,2013-09,3.4270305730991204
Malaysia,Partner->CHN,2013-10,3.4405648810928326
Malaysia,Partner->CHN,2013-11,-0.2244394518313797
Malaysia,Partner->CHN,2013-12,-2.9592684854540927
Malaysia,Partner->CHN,2014-01,-5.0
Malaysia,Partner->CHN,2014-02,3.5
Malaysia,Partner->CHN,2014-03,2.7786516497794125
Malaysia,Partner->CHN,2014-04,-1.7741456437107708
Malaysia,Partner->CHN,2014-05,-1.9333333333333336
Malaysia,Partner->CHN,2014-06,2.881558623178604
Malaysia,Partner->CHN,2014-07,-9.2
Malaysia,Partner->CHN,2014-08,-7.325765385825233
Malaysia,Partner->CHN,2014-09,-3.500000000000001
Malaysia,Partner->CHN,2014-10,1.832393417184953
Malaysia,Partner->CHN,2014-11,-1.9999999999999982
Malaysia,Partner->CHN,2014-12,5.0190908484929295
Malaysia,Partner->CHN,2015-01,-4.3999999999999995
Malaysia,Partner->CHN,2015-02,-2.780109756913328
Malaysia,Partner->CHN,2015-03,-0.7626370290315947
Malaysia,Partner->CHN,2015-04,1.7499999999999964
Malaysia,Partner->CHN,2015-05,-1.9999999999999982
Malaysia,Partner->CHN,2015-06,-0.7830730884663772
Malaysia,Partner->CHN,2015-07,0.5983995017355443
Malaysia,Partner->CHN,2015-08,2.166666666666668
Malaysia,Partner->CHN,2015-09,1.0
Malaysia,Partner->CHN,2015-10,1.7763568394002505e-15
Malaysia,Partner->CHN,2015-11,2.4832914570220677
Malaysia,Partner->CHN,2015-12,2.8474484338981974
Malaysia,Partner->CHN,2016-01,3.221440568920263
Malaysia,Partner->CHN,2016-02,3.6055334902154073
Malaysia,Partner->CHN,2016-03,4.0
Malaysia,Partner->CHN,2016-04,3.6589720887823773
Malaysia,Partner->CHN,2016-05,3.3256975133133793
Malaysia,Partner->CHN,2016-06,2.9999999999999964
Malaysia,Partner->CHN,2016-07,1.0
Malaysia,Partner->CHN,2016-08,2.042239071570492
Malaysia,Partner->CHN,2016-09,3.1750000000000025
Malaysia,Partner->CHN,2016-10,2.0
Malaysia,Partner->CHN,2016-11,3.5022060939776853
Malaysia,Partner->CHN,2016-12,4.0
Malaysia,Partner->CHN,2017-01,4.0
Malaysia,Partner->CHN,2017-02,1.6514899795262412
Malaysia,Partner->CHN,2017-03,-0.3293200865298118
Malaysia,Partner->CHN,2017-04,-1.9999999999999982
Malaysia,Partner->CHN,2017-05,-1.9999999999999982
Malaysia,Partner->CHN,2017-06,-2.1206377690967635
Malaysia,Partner->CHN,2017-07,-2.2396584858232345
Malaysia,Partner->CHN,2017-08,-2.3570838254672406
Malaysia,Partner->CHN,2017-09,-2.4729351727767934
Malaysia,Partner->CHN,2017-10,-2.5872336258545374
Malaysia,Partner->CHN,2017-11,-2.700000000000003
Malaysia,Partner->CHN,2017-12,-0.8722487724890957
Malaysia,Partner->CHN,2018-01,1.3579933646203273
Malaysia,Partner->CHN,2018-02,4.0793593335066465
Malaysia,Partner->CHN,2018-03,7.400000000000002
Malaysia,Partner->CHN,2018-04,-1.9999999999999982
Malaysia,Partner->CHN,2018-05,1.3693168768529809
Malaysia,Partner->CHN,2018-06,6.0
Malaysia,Partner->CHN,2018-07,1.2500000000000018
Malaysia,Partner->CHN,2018-08,3.1224732615704553
Malaysia,Partner->CHN,2018-09,0.6999999999999993
Malaysia,Partner->CHN,2018-10,-1.9999999999999982
Malaysia,Partner->CHN,2018-11,-0.40000000000000036
Malaysia,Partner->CHN,2018-12,-1.2327076423401753
Malaysia,Partner->CHN,2019-01,-1.9999999999999982
Malaysia,Partner->CHN,2019-02,1.7763568394002505e-15
Malaysia,Partner->CHN,2019-03,1.7763568394002505e-15
Mexico,Aggregated,2002-01,-5.0
Mexico,Aggregated,2002-02,2.4773282016106712
Mexico,Aggregated,2002-03,3.2828568570857044
Mexico,Aggregated,2002-04,4.13653128782752
Mexico,Aggregated,2002-05,5.041229126630785
Mexico,Aggregated,2002-06,6.0
Mexico,Aggregated,2002-07,1.3693168768529809
Mexico,Aggregated,2002-08,-1.9999999999999982
Mexico,Aggregated,2002-09,-0.023263910447340663
Mexico,Aggregated,2002-10,2.387637242187532
Mexico,Aggregated,2002-11,-0.42410162013031716
Mexico,Aggregated,2002-12,-2.6453049542703297
Mexico,Aggregated,2003-01,-4.400000000000001
Mexico,Aggregated,2003-02,-3.8678810293494186
Mexico,Aggregated,2003-03,-3.292860452800922
Mexico,Aggregated,2003-04,-2.67147936757123
Mexico,Aggregated,2003-05,-1.9999999999999982
Mexico,Aggregated,2003-06,-10.0
Mexico,Aggregated,2003-07,-8.776019909430683
Mexico,Aggregated,2003-08,-6.053912556751299
Mexico,Aggregated,2003-09,1.7763568394002505e-15
Mexico,Aggregated,2003-10,2.880867720714619
Mexico,Aggregated,2003-11,1.9000000000000004
Mexico,Aggregated,2003-12,1.826001116311561
Mexico,Aggregated,2004-01,1.7871261488179488
Mexico,Aggregated,2004-02,1.7483690094052786
Mexico,Aggregated,2004-03,1.7097293409425287
Mexico,Aggregated,2004-04,1.6712067873811236
Mexico,Aggregated,2004-05,1.0
Mexico,Aggregated,2004-06,0.7004386295853173
Mexico,Aggregated,2004-07,0.40835534372435767
Mexico,Aggregated,2004-08,0.1235634636457128
Mexico,Aggregated,2004-09,6.544229820656135
Mexico,Aggregated,2004-10,4.894555967923367
Mexico,Aggregated,2004-11,3.3999999999999986
Mexico,Aggregated,2004-12,3.162332500986615
Mexico,Aggregated,2005-01,2.9285876297570645
Mexico,Aggregated,2005-02,2.8178399036198893
Mexico,Aggregated,2005-03,2.7079727447857724
Mexico,Aggregated,2005-04,5.199999999999996
Mexico,Aggregated,2005-05,2.707441250898606
Mexico,Aggregated,2005-06,4.0
Mexico,Aggregated,2005-07,1.9000000000000004
Mexico,Aggregated,2005-08,2.366666666666667
Mexico,Aggregated,2005-09,2.595396833559489
Mexico,Aggregated,2005-10,-2.0999999999999996
Mexico,Aggregated,2005-11,1.7763568394002505e-15
Mexico,Aggregated,2005-12,1.845232578665133
Mexico,Aggregated,2006-01,4.0
Mexico,Aggregated,2006-02,3.4666666666666686
Mexico,Aggregated,2006-03,2.3034155586054155
Mexico,Aggregated,2006-04,1.233700381908612
Mexico,Aggregated,2006-05,0.2500000000000018
Mexico,Aggregated,2006-06,1.0
Mexico,Aggregated,2006-07,2.549999999999997
Mexico,Aggregated,2006-08,3.3218633073641506
Mexico,Aggregated,2006-09,4.137695099248971
Mexico,Aggregated,2006-10,4.999999999999998
Mexico,Aggregated,2006-11,2.599999999999996
Mexico,Aggregated,2006-12,2.7233127042809038
Mexico,Aggregated,2007-01,2.8477434984910026
Mexico,Aggregated,2007-02,2.9733025204753627
Mexico,Aggregated,2007-03,3.0999999999999996
Mexico,Aggregated,2007-04,2.990114393874734
Mexico,Aggregated,2007-05,2.8810851598369567
Mexico,Aggregated,2007-06,2.7729056239174454
Mexico,Aggregated,2007-07,1.3086133200735421
Mexico,Aggregated,2007-08,1.7763568394002505e-15
Mexico,Aggregated,2007-09,-10.0
Mexico,Aggregated,2007-10,2.9999999999999964
Mexico,Aggregated,2007-11,0.4307527645871634
Mexico,Aggregated,2007-12,0.6923514011131946
Mexico,Aggregated,2008-01,0.9599368565339788
Mexico,Aggregated,2008-02,1.2336461422688263
Mexico,Aggregated,2008-03,1.5136194053135945
Mexico,Aggregated,2008-04,1.799999999999999
Mexico,Aggregated,2008-05,3.250634276730441
Mexico,Aggregated,2008-06,4.100004914823275
Mexico,Aggregated,2008-07,4.999999999999998
Mexico,Aggregated,2008-08,1.7763568394002505e-15
Mexico,Aggregated,2008-09,1.515075145224296
Mexico,Aggregated,2008-10,3.238827808237364
Mexico,Aggregated,2008-11,5.199999999999996
Mexico,Aggregated,2008-12,4.193454029363254
Mexico,Aggregated,2009-01,3.2494472433564514
Mexico,Aggregated,2009-02,2.3640939281341495
Mexico,Aggregated,2009-03,1.1245632172658375
Mexico,Aggregated,2009-04,1.7763568394002505e-15
Mexico,Aggregated,2009-05,-0.4736389560127314
Mexico,Aggregated,2009-06,0.8934058609825133
Mexico,Aggregated,2009-07,2.437987010226305
Mexico,Aggregated,2009-08,1.9404653233257818
Mexico,Aggregated,2009-09,1.4613636444776539
Mexico,Aggregated,2009-10,1.0
Mexico,Aggregated,2009-11,-1.9999999999999982
Mexico,Aggregated,2009-12,0.3169008671464191
Mexico,Aggregated,2010-01,3.2302494707577107
Mexico,Aggregated,2010-02,2.0676315240785925
Mexico,Aggregated,2010-03,1.0
Mexico,Aggregated,2010-04,0.13333333333333286
Mexico,Aggregated,2010-05,0.8266364784453337
Mexico,Aggregated,2010-06,1.563113508379688
Mexico,Aggregated,2010-07,2.345452979136459
Mexico,Aggregated,2010-08,1.1161042736723346
Mexico,Aggregated,2010-09,1.7763568394002505e-15
Mexico,Aggregated,2010-10,0.48912529307605546
Mexico,Aggregated,2010-11,1.0
Mexico,Aggregated,2010-12,1.4418648119966324
Mexico,Aggregated,2011-01,1.9000000000000004
Mexico,Aggregated,2011-02,1.3323633010126947
Mexico,Aggregated,2011-03,0.7897042316406804
Mexico,Aggregated,2011-04,0.2709237051224491
Mexico,Aggregated,2011-05,-0.22502900235921608
Mexico,Aggregated,2011-06,-0.699158379784393
Mexico,Aggregated,2011-07,-1.1524247157603806
Mexico,Aggregated,2011-08,-1.5857460434638462
Mexico,Aggregated,2011-09,-1.9999999999999982
Mexico,Aggregated,2011-10,-7.325765385825233
Mexico,Aggregated,2011-11,3.253107355601651
Mexico,Aggregated,2011-12,0.3259863235135043
Mexico,Aggregated,2012-01,-1.9999999999999982
Mexico,Aggregated,2012-02,2.852317788834309
Mexico,Aggregated,2012-03,3.172459487968114
Mexico,Aggregated,2012-04,3.5
Mexico,Aggregated,2012-05,6.0
Mexico,Aggregated,2012-06,2.921206787381127
Mexico,Aggregated,2012-07,2.7999999999999954
Mexico,Aggregated,2012-08,1.7763568394002505e-15
Mexico,Aggregated,2012-09,2.057564857200596
Mexico,Aggregated,2012-10,4.499999999999998
Mexico,Aggregated,2012-11,2.9999999999999964
Mexico,Aggregated,2012-12,1.7763568394002505e-15
Mexico,Aggregated,2013-01,0.5778509956076636
Mexico,Aggregated,2013-02,1.1860576069539412
Mexico,Aggregated,2013-03,1.826214472473092
Mexico,Aggregated,2013-04,2.5
Mexico,Aggregated,2013-05,2.966818025348573
Mexico,Aggregated,2013-06,3.4497782039408715
Mexico,Aggregated,2013-07,2.923509541162371
Mexico,Aggregated,2013-08,2.416407864998739
Mexico,Aggregated,2013-09,2.7312118683544657
Mexico,Aggregated,2013-10,5.152183304393706
Mexico,Aggregated,2013-11,7.9999999999999964
Mexico,Aggregated,2013-12,6.599143878665931
Mexico,Aggregated,2014-01,5.301571855893922
Mexico,Aggregated,2014-02,4.099668870541494
Mexico,Aggregated,2014-03,2.986381314361738
Mexico,Aggregated,2014-04,1.9551756364914201
Mexico,Aggregated,2014-05,1.0
Mexico,Aggregated,2014-06,1.1109517078442792
Mexico,Aggregated,2014-07,1.2229292724780176
Mexico,Aggregated,2014-08,1.3359421789481178
Mexico,Aggregated,2014-09,1.4499999999999993
Mexico,Aggregated,2014-10,2.9943652848863636
Mexico,Aggregated,2014-11,4.730301986090973
Mexico,Aggregated,2014-12,4.502085674765576
Mexico,Aggregated,2015-01,4.277180341500289
Mexico,Aggregated,2015-02,4.05553795039598
Mexico,Aggregated,2015-03,3.837111162461646
Mexico,Aggregated,2015-04,3.621853325503654
Mexico,Aggregated,2015-05,3.409718464161637
Mexico,Aggregated,2015-06,3.2006612700889345
Mexico,Aggregated,2015-07,2.9946370922755143
Mexico,Aggregated,2015-08,2.791601927511307
Mexico,Aggregated,2015-09,2.5915124109878533
Mexico,Aggregated,2015-10,2.394325807036335
Mexico,Aggregated,2015-11,2.1999999999999993
Mexico,Aggregated,2015-12,1.5857061780418178
Mexico,Aggregated,2016-01,1.0
Mexico,Aggregated,2016-02,-3.3326827490447286
Mexico,Aggregated,2016-03,-6.101020514433643
Mexico,Aggregated,2016-04,-7.869830839853425
Mexico,Aggregated,2016-05,-9.0
Mexico,Aggregated,2016-06,-7.333666567822263
Mexico,Aggregated,2016-07,-4.278999582047907
Mexico,Aggregated,2016-08,1.320714265009153
Mexico,Aggregated,2016-09,-2.613838733854138
Mexico,Aggregated,2016-10,-5.291913661082464
Mexico,Aggregated,2016-11,-7.114759945761065
Mexico,Aggregated,2016-12,-8.355490197100778
Mexico,Aggregated,2017-01,-9.2
Mexico,Aggregated,2017-02,-8.530604635310686
Mexico,Aggregated,2017-03,-7.612270296028297
Mexico,Aggregated,2017-04,-6.3524199845511
Mexico,Aggregated,2017-05,-4.624048584904334
Mexico,Aggregated,2017-06,-2.2529195167102785
Mexico,Aggregated,2017-07,1.0
Mexico,Aggregated,2017-08,4.0
Mexico,Aggregated,2017-09,4.185164807134504
Mexico,Aggregated,2017-10,2.498962096606318
Mexico,Aggregated,2017-11,1.0
Mexico,Aggregated,2017-12,1.0
Mexico,Aggregated,2018-01,1.0
Mexico,Aggregated,2018-02,1.0
Mexico,Aggregated,2018-03,1.0
Mexico,Aggregated,2018-04,1.0
Mexico,Aggregated,2018-05,1.0
Mexico,Aggregated,2018-06,1.0
Mexico,Aggregated,2018-07,1.0
Mexico,Aggregated,2018-08,1.0
Mexico,Aggregated,2018-09,1.7763568394002505e-15
Mexico,Aggregated,2018-10,2.5
Mexico,Aggregated,2018-11,2.793569783083953
Mexico,Aggregated,2018-12,3.093523508207909
Mexico,Aggregated,2019-01,3.3999999999999986
Mexico,Aggregated,2019-02,3.3999999999999986
Mexico,Aggregated,2019-03,3.3999999999999986
Mexico,CHN->Partner,2002-01,-5.0
Mexico,CHN->Partner,2002-02,2.477328201610664
Mexico,CHN->Partner,2002-03,3.2828568570856973
Mexico,CHN->Partner,2002-04,4.13653128782752
Mexico,CHN->Partner,2002-05,5.041229126630785
Mexico,CHN->Partner,2002-06,6.0
Mexico,CHN->Partner,2002-07,5.045030852713349
Mexico,CHN->Partner,2002-08,4.143706768501367
Mexico,CHN->Partner,2002-09,3.2930142544146115
Mexico,CHN->Partner,2002-10,2.490109099432594
Mexico,CHN->Partner,2002-11,-0.3702034307236417
Mexico,CHN->Partner,2002-12,-2.6240428990339275
Mexico,CHN->Partner,2003-01,-4.400000000000001
Mexico,CHN->Partner,2003-02,-3.8678810293494186
Mexico,CHN->Partner,2003-03,-3.292860452800922
Mexico,CHN->Partner,2003-04,-2.67147936757123
Mexico,CHN->Partner,2003-05,-1.9999999999999982
Mexico,CHN->Partner,2003-06,-10.0
Mexico,CHN->Partner,2003-07,-9.141798134360135
Mexico,CHN->Partner,2003-08,-7.547085826532527
Mexico,CHN->Partner,2003-09,-4.58378844096841
Mexico,CHN->Partner,2003-10,0.9226162893325647
Mexico,CHN->Partner,2003-11,1.9000000000000004
Mexico,CHN->Partner,2003-12,2.407739289598414
Mexico,CHN->Partner,2004-01,2.161609621700096
Mexico,CHN->Partner,2004-02,1.919998225831927
Mexico,CHN->Partner,2004-03,1.6828221587944512
Mexico,CHN->Partner,2004-04,1.4499999999999993
Mexico,CHN->Partner,2004-05,1.0
Mexico,CHN->Partner,2004-06,0.881203472031407
Mexico,CHN->Partner,2004-07,0.7635829953176003
Mexico,CHN->Partner,2004-08,0.6471269272914242
Mexico,CHN->Partner,2004-09,6.544229820656135
Mexico,CHN->Partner,2004-10,4.894555967923367
Mexico,CHN->Partner,2004-11,3.3999999999999986
Mexico,CHN->Partner,2004-12,3.3934001560385667
Mexico,CHN->Partner,2005-01,3.3868033369341006
Mexico,CHN->Partner,2005-02,2.6231333784283937
Mexico,CHN->Partner,2005-03,1.9000000000000004
Mexico,CHN->Partner,2005-04,5.199999999999996
Mexico,CHN->Partner,2005-05,2.72084375352841
Mexico,CHN->Partner,2005-06,4.0
Mexico,CHN->Partner,2005-07,1.9000000000000004
Mexico,CHN->Partner,2005-08,3.5500000000000007
Mexico,CHN->Partner,2005-09,2.047862535485221
Mexico,CHN->Partner,2005-10,4.999999999999998
Mexico,CHN->Partner,2005-11,4.6594705646754555
Mexico,CHN->Partner,2005-12,4.32618864787106
Mexico,CHN->Partner,2006-01,4.0
Mexico,CHN->Partner,2006-02,4.249999999999998
Mexico,CHN->Partner,2006-03,2.7794136183598965
Mexico,CHN->Partner,2006-04,1.450638666612603
Mexico,CHN->Partner,2006-05,0.2500000000000018
Mexico,CHN->Partner,2006-06,1.0
Mexico,CHN->Partner,2006-07,3.3999999999999986
Mexico,CHN->Partner,2006-08,3.9147160285785194
Mexico,CHN->Partner,2006-09,4.447830153690077
Mexico,CHN->Partner,2006-10,4.999999999999998
Mexico,CHN->Partner,2006-11,1.7763568394002505e-15
Mexico,CHN->Partner,2006-12,1.1177856906488568
Mexico,CHN->Partner,2007-01,2.349157276772196
Mexico,CHN->Partner,2007-02,3.7056570027900975
Mexico,CHN->Partner,2007-03,5.199999999999996
Mexico,CHN->Partner,2007-04,4.568217073626913
Mexico,CHN->Partner,2007-05,3.9610730155289264
Mexico,CHN->Partner,2007-06,3.3776069358108867
Mexico,CHN->Partner,2007-07,2.495203804756457
Mexico,CHN->Partner,2007-08,1.666956785297712
Mexico,CHN->Partner,2007-09,0.8895421308159612
Mexico,CHN->Partner,2007-10,0.15984008444103281
Mexico,CHN->Partner,2007-11,-0.5250776405003812
Mexico,CHN->Partner,2007-12,-0.10511408133847056
Mexico,CHN->Partner,2008-01,0.3316867759886133
Mexico,CHN->Partner,2008-02,0.7859999772159529
Mexico,CHN->Partner,2008-03,1.258527632203771
Mexico,CHN->Partner,2008-04,1.7499999999999964
Mexico,CHN->Partner,2008-05,2.9999999999999964
Mexico,CHN->Partner,2008-06,3.9666295470957635
Mexico,CHN->Partner,2008-07,4.999999999999998
Mexico,CHN->Partner,2008-08,4.743917370123443
Mexico,CHN->Partner,2008-09,4.491933384829666
Mexico,CHN->Partner,2008-10,4.243982444638442
Mexico,CHN->Partner,2008-11,4.0
Mexico,CHN->Partner,2008-12,3.2645281195872276
Mexico,CHN->Partner,2009-01,2.5651174982996423
Mexico,CHN->Partner,2009-02,1.9000000000000004
Mexico,CHN->Partner,2009-03,0.9121786420452889
Mexico,CHN->Partner,2009-04,1.7763568394002505e-15
Mexico,CHN->Partner,2009-05,-1.0723463327896212
Mexico,CHN->Partner,2009-06,0.6731678830167382
Mexico,CHN->Partner,2009-07,2.7255844122715693
Mexico,CHN->Partner,2009-08,2.1244459511562024
Mexico,CHN->Partner,2009-09,1.5496355092040233
Mexico,CHN->Partner,2009-10,1.0
Mexico,CHN->Partner,2009-11,1.7015971781527526
Mexico,CHN->Partner,2009-12,2.4442142396714956
Mexico,CHN->Partner,2010-01,3.2302494707577107
Mexico,CHN->Partner,2010-02,3.4823407690844483
Mexico,CHN->Partner,2010-03,3.7388979077903493
Mexico,CHN->Partner,2010-04,4.0
Mexico,CHN->Partner,2010-05,3.426864268192743
Mexico,CHN->Partner,2010-06,2.8756275075237614
Mexico,CHN->Partner,2010-07,2.345452979136459
Mexico,CHN->Partner,2010-08,1.1161042736723346
Mexico,CHN->Partner,2010-09,1.7763568394002505e-15
Mexico,CHN->Partner,2010-10,0.48912529307605546
Mexico,CHN->Partner,2010-11,1.0
Mexico,CHN->Partner,2010-12,1.4418648119966324
Mexico,CHN->Partner,2011-01,1.9000000000000004
Mexico,CHN->Partner,2011-02,1.3323633010126947
Mexico,CHN->Partner,2011-03,0.7897042316406804
Mexico,CHN->Partner,2011-04,0.2709237051224491
Mexico,CHN->Partner,2011-05,-0.22502900235921608
Mexico,CHN->Partner,2011-06,-0.699158379784393
Mexico,CHN->Partner,2011-07,-1.1524247157603806
Mexico,CHN->Partner,2011-08,-1.5857460434638462
Mexico,CHN->Partner,2011-09,-1.9999999999999982
Mexico,CHN->Partner,2011-10,-7.325765385825233
Mexico,CHN->Partner,2011-11,1.9000000000000004
Mexico,CHN->Partner,2011-12,2.1921264263196427
Mexico,CHN->Partner,2012-01,2.4908681897675162
Mexico,CHN->Partner,2012-02,2.796375097692021
Mexico,CHN->Partner,2012-03,3.1438127432646077
Mexico,CHN->Partner,2012-04,3.5
Mexico,CHN->Partner,2012-05,6.0
Mexico,CHN->Partner,2012-06,2.6999999999999993
Mexico,CHN->Partner,2012-07,1.9999999999999947
Mexico,CHN->Partner,2012-08,1.7763568394002505e-15
Mexico,CHN->Partner,2012-09,2.057564857200596
Mexico,CHN->Partner,2012-10,4.499999999999998
Mexico,CHN->Partner,2012-11,6.0
Mexico,CHN->Partner,2012-12,1.7763568394002505e-15
Mexico,CHN->Partner,2013-01,0.5778509956076636
Mexico,CHN->Partner,2013-02,1.1860576069539412
Mexico,CHN->Partner,2013-03,1.826214472473092
Mexico,CHN->Partner,2013-04,2.5
Mexico,CHN->Partner,2013-05,2.870983803797108
Mexico,CHN->Partner,2013-06,3.2521623470519696
Mexico,CHN->Partner,2013-07,2.8279724835648565
Mexico,CHN->Partner,2013-08,2.416407864998739
Mexico,CHN->Partner,2013-09,1.5927395813505925
Mexico,CHN->Partner,2013-10,4.46809788065945
Mexico,CHN->Partner,2013-11,7.9999999999999964
Mexico,CHN->Partner,2013-12,6.599143878665931
Mexico,CHN->Partner,2014-01,5.301571855893922
Mexico,CHN->Partner,2014-02,4.099668870541494
Mexico,CHN->Partner,2014-03,2.986381314361738
Mexico,CHN->Partner,2014-04,1.9551756364914201
Mexico,CHN->Partner,2014-05,1.0
Mexico,CHN->Partner,2014-06,1.2189352131828404
Mexico,CHN->Partner,2014-07,1.4418648119966324
Mexico,CHN->Partner,2014-08,1.668861672413847
Mexico,CHN->Partner,2014-09,1.9000000000000004
Mexico,CHN->Partner,2014-10,2.484485286093065
Mexico,CHN->Partner,2014-11,3.0954529791364607
Mexico,CHN->Partner,2014-12,2.9076650042697985
Mexico,CHN->Partner,2015-01,2.7223788520516727
Mexico,CHN->Partner,2015-02,2.539561191718647
Mexico,CHN->Partner,2015-03,2.359179136559476
Mexico,CHN->Partner,2015-04,2.181200237999162
Mexico,CHN->Partner,2015-05,2.005592479761832
Mexico,CHN->Partner,2015-06,1.8323242721114248
Mexico,CHN->Partner,2015-07,1.6613644461690544
Mexico,CHN->Partner,2015-08,1.4926822483060853
Mexico,CHN->Partner,2015-09,1.3262473346119652
Mexico,CHN->Partner,2015-10,1.1620297654356886
Mexico,CHN->Partner,2015-11,1.0
Mexico,CHN->Partner,2015-12,1.0
Mexico,CHN->Partner,2016-01,1.0
Mexico,CHN->Partner,2016-02,1.0
Mexico,CHN->Partner,2016-03,1.0
Mexico,CHN->Partner,2016-04,1.0
Mexico,CHN->Partner,2016-05,1.0
Mexico,CHN->Partner,2016-06,1.0
Mexico,CHN->Partner,2016-07,1.0
Mexico,CHN->Partner,2016-08,1.0
Mexico,CHN->Partner,2016-09,1.0
Mexico,CHN->Partner,2016-10,1.0
Mexico,CHN->Partner,2016-11,1.0
Mexico,CHN->Partner,2016-12,1.0
Mexico,CHN->Partner,2017-01,1.0
Mexico,CHN->Partner,2017-02,1.0
Mexico,CHN->Partner,2017-03,1.0
Mexico,CHN->Partner,2017-04,1.0
Mexico,CHN->Partner,2017-05,1.0
Mexico,CHN->Partner,2017-06,1.0
Mexico,CHN->Partner,2017-07,1.0
Mexico,CHN->Partner,2017-08,4.0
Mexico,CHN->Partner,2017-09,4.185164807134504
Mexico,CHN->Partner,2017-10,2.498962096606318
Mexico,CHN->Partner,2017-11,1.0
Mexico,CHN->Partner,2017-12,1.0
Mexico,CHN->Partner,2018-01,1.0
Mexico,CHN->Partner,2018-02,1.0
Mexico,CHN->Partner,2018-03,1.0
Mexico,CHN->Partner,2018-04,1.0
Mexico,CHN->Partner,2018-05,1.0
Mexico,CHN->Partner,2018-06,1.0
Mexico,CHN->Partner,2018-07,1.0
Mexico,CHN->Partner,2018-08,1.0
Mexico,CHN->Partner,2018-09,1.7763568394002505e-15
Mexico,CHN->Partner,2018-10,2.5
Mexico,CHN->Partner,2018-11,2.5
Mexico,CHN->Partner,2018-12,2.5
Mexico,CHN->Partner,2019-01,2.5
Mexico,CHN->Partner,2019-02,2.5
Mexico,CHN->Partner,2019-03,2.5
Mexico,Partner->CHN,2002-01,
Mexico,Partner->CHN,2002-02,2.477328201610664
Mexico,Partner->CHN,2002-03,1.6001850106134476
Mexico,Partner->CHN,2002-04,0.7801288153473944
Mexico,Partner->CHN,2002-05,0.01344423032577069
Mexico,Partner->CHN,2002-06,-0.7033423219897941
Mexico,Partner->CHN,2002-07,-1.3734783487444489
Mexico,Partner->CHN,2002-08,-1.9999999999999982
Mexico,Partner->CHN,2002-09,-0.07296929628181203
Mexico,Partner->CHN,2002-10,2.2666666666666657
Mexico,Partner->CHN,2002-11,2.0426134630851855
Mexico,Partner->CHN,2002-12,1.8223441668932878
Mexico,Partner->CHN,2003-01,1.6057948738266994
Mexico,Partner->CHN,2003-02,1.3929027588639968
Mexico,Partner->CHN,2003-03,1.1836060579998833
Mexico,Partner->CHN,2003-04,0.9778440503262971
Mexico,Partner->CHN,2003-05,0.775557040416123
Mexico,Partner->CHN,2003-06,0.5766863410044394
Mexico,Partner->CHN,2003-07,0.3811742559622271
Mexico,Partner->CHN,2003-08,0.18896406355765016
Mexico,Partner->CHN,2003-09,1.7763568394002505e-15
Mexico,Partner->CHN,2003-10,4.0
Mexico,Partner->CHN,2003-11,2.829316685939329
Mexico,Partner->CHN,2003-12,1.7499999999999964
Mexico,Partner->CHN,2004-01,2.004762047656662
Mexico,Partner->CHN,2004-02,2.2646145816604886
Mexico,Partner->CHN,2004-03,2.529659316735021
Mexico,Partner->CHN,2004-04,2.8000000000000025
Mexico,Partner->CHN,2004-05,2.5163753936834254
Mexico,Partner->CHN,2004-06,2.238579984273242
Mexico,Partner->CHN,2004-07,1.9664939671551203
Mexico,Partner->CHN,2004-08,1.700000000000001
Mexico,Partner->CHN,2004-09,6.544229820656135
Mexico,Partner->CHN,2004-10,4.894555967923367
Mexico,Partner->CHN,2004-11,3.3999999999999986
Mexico,Partner->CHN,2004-12,3.1693421564530446
Mexico,Partner->CHN,2005-01,2.942378968516495
Mexico,Partner->CHN,2005-02,2.8341867821394704
Mexico,Partner->CHN,2005-03,2.7268341618952743
Mexico,Partner->CHN,2005-04,2.8246885033188036
Mexico,Partner->CHN,2005-05,2.9232404179789953
Mexico,Partner->CHN,2005-06,4.0
Mexico,Partner->CHN,2005-07,1.845232578665133
Mexico,Partner->CHN,2005-08,1.7763568394002505e-15
Mexico,Partner->CHN,2005-09,2.9479095089580802
Mexico,Partner->CHN,2005-10,-2.0999999999999996
Mexico,Partner->CHN,2005-11,1.7763568394002505e-15
Mexico,Partner->CHN,2005-12,1.845232578665133
Mexico,Partner->CHN,2006-01,4.0
Mexico,Partner->CHN,2006-02,3.4666666666666686
Mexico,Partner->CHN,2006-03,3.1369885427493163
Mexico,Partner->CHN,2006-04,2.814823391093922
Mexico,Partner->CHN,2006-05,2.5
Mexico,Partner->CHN,2006-06,1.0
Mexico,Partner->CHN,2006-07,2.0
Mexico,Partner->CHN,2006-08,2.6351312017490276
Mexico,Partner->CHN,2006-09,3.30129252991615
Mexico,Partner->CHN,2006-10,4.0
Mexico,Partner->CHN,2006-11,5.199999999999996
Mexico,Partner->CHN,2006-12,4.029051492054201
Mexico,Partner->CHN,2007-01,2.9427400463466995
Mexico,Partner->CHN,2007-02,1.9349480306710287
Mexico,Partner->CHN,2007-03,1.0
Mexico,Partner->CHN,2007-04,1.6527393860107154
Mexico,Partner->CHN,2007-05,2.340984497525561
Mexico,Partner->CHN,2007-06,3.066666666666668
Mexico,Partner->CHN,2007-07,1.439185396694329
Mexico,Partner->CHN,2007-08,1.7763568394002505e-15
Mexico,Partner->CHN,2007-09,-10.0
Mexico,Partner->CHN,2007-10,2.9999999999999964
Mexico,Partner->CHN,2007-11,2.350000000000003
Mexico,Partner->CHN,2007-12,2.238141122669246
Mexico,Partner->CHN,2008-01,2.127219504397491
Mexico,Partner->CHN,2008-02,2.0172272919453267
Mexico,Partner->CHN,2008-03,1.9081566978751923
Mexico,Partner->CHN,2008-04,1.799999999999999
Mexico,Partner->CHN,2008-05,3.3817804600413304
Mexico,Partner->CHN,2008-06,4.169327188793218
Mexico,Partner->CHN,2008-07,4.999999999999998
Mexico,Partner->CHN,2008-08,1.7763568394002505e-15
Mexico,Partner->CHN,2008-09,1.515075145224296
Mexico,Partner->CHN,2008-10,3.238827808237364
Mexico,Partner->CHN,2008-11,5.199999999999996
Mexico,Partner->CHN,2008-12,4.308190655479816
Mexico,Partner->CHN,2009-01,3.4654753792913358
Mexico,Partner->CHN,2009-02,2.6691515449593233
Mexico,Partner->CHN,2009-03,1.5263869789524538
Mexico,Partner->CHN,2009-04,0.479159495040669
Mexico,Partner->CHN,2009-05,-0.480517971064474
Mexico,Partner->CHN,2009-06,0.9370235735848311
Mexico,Partner->CHN,2009-07,2.5455844122715714
Mexico,Partner->CHN,2009-08,2.0094493130272575
Mexico,Partner->CHN,2009-09,1.4945344753747065
Mexico,Partner->CHN,2009-10,1.0
Mexico,Partner->CHN,2009-11,-1.9999999999999982
Mexico,Partner->CHN,2009-12,-1.3288706135881192
Mexico,Partner->CHN,2010-01,-0.607695154586736
Mexico,Partner->CHN,2010-02,0.16725830922519336
Mexico,Partner->CHN,2010-03,1.0
Mexico,Partner->CHN,2010-04,0.13333333333333286
Mexico,Partner->CHN,2010-05,0.3170276915128376
Mexico,Partner->CHN,2010-06,0.5037529135151253
Mexico,Partner->CHN,2010-07,0.6935590070573809
Mexico,Partner->CHN,2010-08,0.8864968049587798
Mexico,Partner->CHN,2010-09,1.0826179787542571
Mexico,Partner->CHN,2010-10,1.2819750525328875
Mexico,Partner->CHN,2010-11,1.4846214170045986
Mexico,Partner->CHN,2010-12,1.6906113437989791
Mexico,Partner->CHN,2011-01,1.9000000000000004
Mexico,Partner->CHN,2011-02,2.094462829899962
Mexico,Partner->CHN,2011-03,2.291857116560596
Mexico,Partner->CHN,2011-04,2.4922270506313176
Mexico,Partner->CHN,2011-05,2.695617488919579
Mexico,Partner->CHN,2011-06,2.902073964432967
Mexico,Partner->CHN,2011-07,3.111642696572666
Mexico,Partner->CHN,2011-08,3.324370601480622
Mexico,Partner->CHN,2011-09,3.540305302542615
Mexico,Partner->CHN,2011-10,3.759495141049735
Mexico,Partner->CHN,2011-11,3.9819891870205293
Mexico,Partner->CHN,2011-12,0.6119723855676096
Mexico,Partner->CHN,2012-01,-1.9999999999999982
Mexico,Partner->CHN,2012-02,2.966666666666667
Mexico,Partner->CHN,2012-03,3.9123064285761906
Mexico,Partner->CHN,2012-04,4.92197253124735
Mexico,Partner->CHN,2012-05,6.0
Mexico,Partner->CHN,2012-06,2.8000000000000025
Mexico,Partner->CHN,2012-07,5.199999999999996
Mexico,Partner->CHN,2012-08,3.7056570027900975
Mexico,Partner->CHN,2012-09,2.349157276772196
Mexico,Partner->CHN,2012-10,1.1177856906488568
Mexico,Partner->CHN,2012-11,1.7763568394002505e-15
Mexico,Partner->CHN,2012-12,0.4599019491290868
Mexico,Partner->CHN,2013-01,0.9390320621502433
Mexico,Partner->CHN,2013-02,1.438194254522747
Mexico,Partner->CHN,2013-03,1.9582260528228606
Mexico,Partner->CHN,2013-04,2.5
Mexico,Partner->CHN,2013-05,3.142662297729016
Mexico,Partner->CHN,2013-06,3.8159182864893175
Mexico,Partner->CHN,2013-07,3.5733284697229593
Mexico,Partner->CHN,2013-08,3.3347107198957318
Mexico,Partner->CHN,2013-09,3.0999999999999996
Mexico,Partner->CHN,2013-10,5.367651022672739
Mexico,Partner->CHN,2013-11,7.9999999999999964
Mexico,Partner->CHN,2013-12,6.599143878665931
Mexico,Partner->CHN,2014-01,5.301571855893922
Mexico,Partner->CHN,2014-02,4.099668870541494
Mexico,Partner->CHN,2014-03,2.986381314361738
Mexico,Partner->CHN,2014-04,1.9551756364914201
Mexico,Partner->CHN,2014-05,1.0
Mexico,Partner->CHN,2014-06,1.0
Mexico,Partner->CHN,2014-07,1.0
Mexico,Partner->CHN,2014-08,1.0
Mexico,Partner->CHN,2014-09,1.0
Mexico,Partner->CHN,2014-10,2.7391274771395757
Mexico,Partner->CHN,2014-11,4.730301986090973
Mexico,Partner->CHN,2014-12,4.502085674765576
Mexico,Partner->CHN,2015-01,4.277180341500289
Mexico,Partner->CHN,2015-02,4.05553795039598
Mexico,Partner->CHN,2015-03,3.837111162461646
Mexico,Partner->CHN,2015-04,3.621853325503654
Mexico,Partner->CHN,2015-05,3.409718464161637
Mexico,Partner->CHN,2015-06,3.2006612700889345
Mexico,Partner->CHN,2015-07,2.9946370922755143
Mexico,Partner->CHN,2015-08,2.791601927511307
Mexico,Partner->CHN,2015-09,2.5915124109878533
Mexico,Partner->CHN,2015-10,2.394325807036335
Mexico,Partner->CHN,2015-11,2.1999999999999993
Mexico,Partner->CHN,2015-12,-1.362080927998191
Mexico,Partner->CHN,2016-01,-3.9629178758745303
Mexico,Partner->CHN,2016-02,-5.861906968533948
Mexico,Partner->CHN,2016-03,-7.248445089266193
Mexico,Partner->CHN,2016-04,-8.260819498195197
Mexico,Partner->CHN,2016-05,-9.0
Mexico,Partner->CHN,2016-06,-7.333666567822263
Mexico,Partner->CHN,2016-07,-4.278999582047907
Mexico,Partner->CHN,2016-08,1.320714265009153
Mexico,Partner->CHN,2016-09,-2.613838733854138
Mexico,Partner->CHN,2016-10,-5.291913661082464
Mexico,Partner->CHN,2016-11,-7.114759945761065
Mexico,Partner->CHN,2016-12,-8.355490197100778
Mexico,Partner->CHN,2017-01,-9.2
Mexico,Partner->CHN,2017-02,-8.530604635310686
Mexico,Partner->CHN,2017-03,-7.612270296028297
Mexico,Partner->CHN,2017-04,-6.3524199845511
Mexico,Partner->CHN,2017-05,-4.624048584904334
Mexico,Partner->CHN,2017-06,-2.2529195167102785
Mexico,Partner->CHN,2017-07,1.0
Mexico,Partner->CHN,2017-08,4.0
Mexico,Partner->CHN,2017-09,2.924766500838336
Mexico,Partner->CHN,2017-10,1.926608140191302
Mexico,Partner->CHN,2017-11,1.0
Mexico,Partner->CHN,2017-12,1.0
Mexico,Partner->CHN,2018-01,1.0
Mexico,Partner->CHN,2018-02,1.0
Mexico,Partner->CHN,2018-03,1.0
Mexico,Partner->CHN,2018-04,1.0
Mexico,Partner->CHN,2018-05,1.0
Mexico,Partner->CHN,2018-06,1.0
Mexico,Partner->CHN,2018-07,1.0
Mexico,Partner->CHN,2018-08,1.0
Mexico,Partner->CHN,2018-09,1.7279220613578534
Mexico,Partner->CHN,2018-10,2.5
Mexico,Partner->CHN,2018-11,2.793569783083953
Mexico,Partner->CHN,2018-12,3.093523508207909
Mexico,Partner->CHN,2019-01,3.3999999999999986
Mexico,Partner->CHN,2019-02,3.3999999999999986
Mexico,Partner->CHN,2019-03,3.3999999999999986
Netherlands,Aggregated,2002-01,
Netherlands,Aggregated,2002-02,
Netherlands,Aggregated,2002-03,
Netherlands,Aggregated,2002-04,-7.1
Netherlands,Aggregated,2002-05,-7.050316468373701
Netherlands,Aggregated,2002-06,-7.0
Netherlands,Aggregated,2002-07,-5.939120931129515
Netherlands,Aggregated,2002-08,-4.596875762567151
Netherlands,Aggregated,2002-09,-2.8986406428497027
Netherlands,Aggregated,2002-10,-0.75
Netherlands,Aggregated,2002-11,-2.0123626529243186
Netherlands,Aggregated,2002-12,-0.5861118507051888
Netherlands,Aggregated,2003-01,1.0664711089293224
Netherlands,Aggregated,2003-02,2.981302942310311
Netherlands,Aggregated,2003-03,5.199999999999996
Netherlands,Aggregated,2003-04,-1.140993964907011
Netherlands,Aggregated,2003-05,-5.0
Netherlands,Aggregated,2003-06,5.199999999999996
Netherlands,Aggregated,2003-07,1.0
Netherlands,Aggregated,2003-08,1.9000000000000004
Netherlands,Aggregated,2003-09,2.558207846172003
Netherlands,Aggregated,2003-10,3.25
Netherlands,Aggregated,2003-11,6.0
Netherlands,Aggregated,2003-12,4.949999999999999
Netherlands,Aggregated,2004-01,4.467708298258019
Netherlands,Aggregated,2004-02,4.0
Netherlands,Aggregated,2004-03,4.499999999999998
Netherlands,Aggregated,2004-04,2.247471191587419
Netherlands,Aggregated,2004-05,2.231628522340685
Netherlands,Aggregated,2004-06,2.2158047993641734
Netherlands,Aggregated,2004-07,2.1999999999999993
Netherlands,Aggregated,2004-08,1.787226841199331
Netherlands,Aggregated,2004-09,1.3873613854764049
Netherlands,Aggregated,2004-10,1.0
Netherlands,Aggregated,2004-11,1.2465594655826422
Netherlands,Aggregated,2004-12,1.498184895337646
Netherlands,Aggregated,2005-01,7.9999999999999964
Netherlands,Aggregated,2005-02,6.399999999999999
Netherlands,Aggregated,2005-03,5.351758315239369
Netherlands,Aggregated,2005-04,4.366666666666667
Netherlands,Aggregated,2005-05,1.0
Netherlands,Aggregated,2005-06,1.3310373224872514
Netherlands,Aggregated,2005-07,1.6712067873811236
Netherlands,Aggregated,2005-08,1.8670558418154712
Netherlands,Aggregated,2005-09,2.0659319837850756
Netherlands,Aggregated,2005-10,2.2678820006434677
Netherlands,Aggregated,2005-11,2.4729534029001403
Netherlands,Aggregated,2005-12,2.6811944353978276
Netherlands,Aggregated,2006-01,2.8926540886625425
Netherlands,Aggregated,2006-02,3.1073821104289916
Netherlands,Aggregated,2006-03,3.3254290173442076
Netherlands,Aggregated,2006-04,3.5468461068519925
Netherlands,Aggregated,2006-05,3.771685469261108
Netherlands,Aggregated,2006-06,4.0
Netherlands,Aggregated,2006-07,3.4281989663721877
Netherlands,Aggregated,2006-08,2.878195027548225
Netherlands,Aggregated,2006-09,2.349157276772196
Netherlands,Aggregated,2006-10,3.3999999999999986
Netherlands,Aggregated,2006-11,2.1635357258382815
Netherlands,Aggregated,2006-12,1.0332411670431156
Netherlands,Aggregated,2007-01,1.7763568394002505e-15
Netherlands,Aggregated,2007-02,1.3255724189063862
Netherlands,Aggregated,2007-03,2.8108850412459834
Netherlands,Aggregated,2007-04,4.475187613188025
Netherlands,Aggregated,2007-05,3.209379501024845
Netherlands,Aggregated,2007-06,2.0471094018969698
Netherlands,Aggregated,2007-07,0.9799083227237855
Netherlands,Aggregated,2007-08,1.7763568394002505e-15
Netherlands,Aggregated,2007-09,-1.3187708952726709
Netherlands,Aggregated,2007-10,-2.4794366383436817
Netherlands,Aggregated,2007-11,-3.5009521813145055
Netherlands,Aggregated,2007-12,-4.400000000000001
Netherlands,Aggregated,2008-01,-3.292860452800922
Netherlands,Aggregated,2008-02,-1.9999999999999982
Netherlands,Aggregated,2008-03,6.5000000000000036
Netherlands,Aggregated,2008-04,4.948100947716963
Netherlands,Aggregated,2008-05,3.5338242193468865
Netherlands,Aggregated,2008-06,2.2449654746581587
Netherlands,Aggregated,2008-07,1.070402653649948
Netherlands,Aggregated,2008-08,1.7763568394002505e-15
Netherlands,Aggregated,2008-09,-9.2
Netherlands,Aggregated,2008-10,3.3999999999999986
Netherlands,Aggregated,2008-11,3.893361379871683
Netherlands,Aggregated,2008-12,4.403625916073144
Netherlands,Aggregated,2009-01,4.931372731141275
Netherlands,Aggregated,2009-02,5.477200789050016
Netherlands,Aggregated,2009-03,6.041729575001998
Netherlands,Aggregated,2009-04,6.625599798510535
Netherlands,Aggregated,2009-05,7.229474120570206
Netherlands,Aggregated,2009-06,7.854037905741009
Netherlands,Aggregated,2009-07,8.499999999999996
Netherlands,Aggregated,2009-08,6.244564360980533
Netherlands,Aggregated,2009-09,4.249999999999998
Netherlands,Aggregated,2009-10,3.8958886945358184
Netherlands,Aggregated,2009-11,3.5500000000000007
Netherlands,Aggregated,2009-12,3.5248919301452712
Netherlands,Aggregated,2010-01,3.499827187793768
Netherlands,Aggregated,2010-02,3.474805698177782
Netherlands,Aggregated,2010-03,3.4498273866586437
Netherlands,Aggregated,2010-04,3.424892178726486
Netherlands,Aggregated,2010-05,3.3999999999999986
Netherlands,Aggregated,2010-06,2.4623240550731857
Netherlands,Aggregated,2010-07,1.5857061780418178
Netherlands,Aggregated,2010-08,0.7661704882455282
Netherlands,Aggregated,2010-09,1.7763568394002505e-15
Netherlands,Aggregated,2010-10,0.6656161730130865
Netherlands,Aggregated,2010-11,1.3715091541876792
Netherlands,Aggregated,2010-12,2.120116115788292
Netherlands,Aggregated,2011-01,2.9140217047408647
Netherlands,Aggregated,2011-02,3.755966966407291
Netherlands,Aggregated,2011-03,4.648858808342521
Netherlands,Aggregated,2011-04,5.59578003670898
Netherlands,Aggregated,2011-05,6.599999999999998
Netherlands,Aggregated,2011-06,5.539717074361228
Netherlands,Aggregated,2011-07,4.543309142040702
Netherlands,Aggregated,2011-08,3.6069281595844007
Netherlands,Aggregated,2011-09,2.7269579025594304
Netherlands,Aggregated,2011-10,1.9000000000000004
Netherlands,Aggregated,2011-11,1.8951001789071587
Netherlands,Aggregated,2011-12,1.8902022189187218
Netherlands,Aggregated,2012-01,1.8853061193277725
Netherlands,Aggregated,2012-02,1.880411879427685
Netherlands,Aggregated,2012-03,1.8755194985120802
Netherlands,Aggregated,2012-04,1.8706289758748689
Netherlands,Aggregated,2012-05,1.8657403108102084
Netherlands,Aggregated,2012-06,1.6436189102076764
Netherlands,Aggregated,2012-07,1.4253323388037593
Netherlands,Aggregated,2012-08,1.210814389943252
Netherlands,Aggregated,2012-09,1.0
Netherlands,Aggregated,2012-10,3.3999999999999986
Netherlands,Aggregated,2012-11,4.0
Netherlands,Aggregated,2012-12,4.0
Netherlands,Aggregated,2013-01,4.0
Netherlands,Aggregated,2013-02,4.0
Netherlands,Aggregated,2013-03,4.0
Netherlands,Aggregated,2013-04,4.0
Netherlands,Aggregated,2013-05,4.0
Netherlands,Aggregated,2013-06,4.0
Netherlands,Aggregated,2013-07,4.0
Netherlands,Aggregated,2013-08,4.0
Netherlands,Aggregated,2013-09,4.0
Netherlands,Aggregated,2013-10,4.0
Netherlands,Aggregated,2013-11,4.0
Netherlands,Aggregated,2013-12,-5.803847577293367
Netherlands,Aggregated,2014-01,-9.2
Netherlands,Aggregated,2014-02,-6.129516972314087
Netherlands,Aggregated,2014-03,2.178669401653636
Netherlands,Aggregated,2014-04,2.506705432394167
Netherlands,Aggregated,2014-05,2.842906751615992
Netherlands,Aggregated,2014-06,3.187476605090101
Netherlands,Aggregated,2014-07,3.5406232976669667
Netherlands,Aggregated,2014-08,3.902560319204321
Netherlands,Aggregated,2014-09,4.273506473629427
Netherlands,Aggregated,2014-10,4.136135474566865
Netherlands,Aggregated,2014-11,4.0
Netherlands,Aggregated,2014-12,3.097806465249832
Netherlands,Aggregated,2015-01,2.249876475442658
Netherlands,Aggregated,2015-02,1.4529462826171446
Netherlands,Aggregated,2015-03,0.7039484409659185
Netherlands,Aggregated,2015-04,1.7763568394002505e-15
Netherlands,Aggregated,2015-05,0.9121786420452889
Netherlands,Aggregated,2015-06,1.9000000000000004
Netherlands,Aggregated,2015-07,1.0
Netherlands,Aggregated,2015-08,-1.6094925195602734
Netherlands,Aggregated,2015-09,-3.6515307716504655
Netherlands,Aggregated,2015-10,-5.249512061783547
Netherlands,Aggregated,2015-11,-6.5
Netherlands,Aggregated,2015-12,-5.781055406478848
Netherlands,Aggregated,2016-01,-4.947248295501407
Netherlands,Aggregated,2016-02,-3.9802276035291415
Netherlands,Aggregated,2016-03,-2.8587104008198647
Netherlands,Aggregated,2016-04,-1.558013480459742
Netherlands,Aggregated,2016-05,-0.049510111499063925
Netherlands,Aggregated,2016-06,1.700000000000001
Netherlands,Aggregated,2016-07,1.4738633753705948
Netherlands,Aggregated,2016-08,2.9292171544972714
Netherlands,Aggregated,2016-09,0.12321392113397778
Netherlands,Aggregated,2016-10,0.6123198634283309
Netherlands,Aggregated,2016-11,1.1229325954404583
Netherlands,Aggregated,2016-12,1.655997805954664
Netherlands,Aggregated,2017-01,2.2125027672406787
Netherlands,Aggregated,2017-02,2.793478163547645
Netherlands,Aggregated,2017-03,3.3999999999999986
Netherlands,Aggregated,2017-04,1.5857061780418178
Netherlands,Aggregated,2017-05,1.7763568394002505e-15
Netherlands,Aggregated,2017-06,-0.7117235218982252
Netherlands,Aggregated,2017-07,-1.3773970100125172
Netherlands,Aggregated,2017-08,-1.9999999999999982
Netherlands,Aggregated,2017-09,-1.4669854305606886
Netherlands,Aggregated,2017-10,-0.9024036909842046
Netherlands,Aggregated,2017-11,-0.3043852522039767
Netherlands,Aggregated,2017-12,0.3290501355388251
Netherlands,Aggregated,2018-01,1.0
Netherlands,Aggregated,2018-02,0.7473401244707283
Netherlands,Aggregated,2018-03,0.4999999999999982
Netherlands,Aggregated,2018-04,1.3869994796869936
Netherlands,Aggregated,2018-05,2.3424135747622508
Netherlands,Aggregated,2018-06,3.048476188055476
Netherlands,Aggregated,2018-07,3.791902686907868
Netherlands,Aggregated,2018-08,4.574670317979704
Netherlands,Aggregated,2018-09,5.398860961169923
Netherlands,Aggregated,2018-10,6.266666666666669
Netherlands,Aggregated,2018-11,1.7763568394002505e-15
Netherlands,Aggregated,2018-12,1.7763568394002505e-15
Netherlands,Aggregated,2019-01,1.7763568394002505e-15
Netherlands,Aggregated,2019-02,1.7763568394002505e-15
Netherlands,Aggregated,2019-03,1.7763568394002505e-15
Netherlands,CHN->Partner,2002-01,
Netherlands,CHN->Partner,2002-02,
Netherlands,CHN->Partner,2002-03,
Netherlands,CHN->Partner,2002-04,-7.1
Netherlands,CHN->Partner,2002-05,-7.050316468373701
Netherlands,CHN->Partner,2002-06,-7.0
Netherlands,CHN->Partner,2002-07,-5.939120931129515
Netherlands,CHN->Partner,2002-08,-4.596875762567151
Netherlands,CHN->Partner,2002-09,-2.8986406428497027
Netherlands,CHN->Partner,2002-10,-0.75
Netherlands,CHN->Partner,2002-11,-2.0123626529243186
Netherlands,CHN->Partner,2002-12,-0.5861118507051888
Netherlands,CHN->Partner,2003-01,1.0664711089293224
Netherlands,CHN->Partner,2003-02,2.981302942310311
Netherlands,CHN->Partner,2003-03,5.199999999999996
Netherlands,CHN->Partner,2003-04,5.199999999999996
Netherlands,CHN->Partner,2003-05,5.199999999999996
Netherlands,CHN->Partner,2003-06,5.199999999999996
Netherlands,CHN->Partner,2003-07,1.0
Netherlands,CHN->Partner,2003-08,2.091763910376187
Netherlands,CHN->Partner,2003-09,3.2828568570857044
Netherlands,CHN->Partner,2003-10,4.582315828221972
Netherlands,CHN->Partner,2003-11,6.0
Netherlands,CHN->Partner,2003-12,4.949999999999999
Netherlands,CHN->Partner,2004-01,4.467708298258019
Netherlands,CHN->Partner,2004-02,4.0
Netherlands,CHN->Partner,2004-03,3.309088021254185
Netherlands,CHN->Partner,2004-04,2.650000000000002
Netherlands,CHN->Partner,2004-05,2.4983207787901023
Netherlands,CHN->Partner,2004-06,2.348327021766785
Netherlands,CHN->Partner,2004-07,2.1999999999999993
Netherlands,CHN->Partner,2004-08,1.787226841199331
Netherlands,CHN->Partner,2004-09,1.3873613854764049
Netherlands,CHN->Partner,2004-10,1.0
Netherlands,CHN->Partner,2004-11,1.4888333452489615
Netherlands,CHN->Partner,2004-12,1.9975798604501982
Netherlands,CHN->Partner,2005-01,7.9999999999999964
Netherlands,CHN->Partner,2005-02,6.707458230621619
Netherlands,CHN->Partner,2005-03,5.5028461573268075
Netherlands,CHN->Partner,2005-04,4.380182053538899
Netherlands,CHN->Partner,2005-05,3.3338911206524386
Netherlands,CHN->Partner,2005-06,2.358777805327957
Netherlands,CHN->Partner,2005-07,1.4499999999999993
Netherlands,CHN->Partner,2005-08,1.6626874810811856
Netherlands,CHN->Partner,2005-09,1.8790083729743063
Netherlands,CHN->Partner,2005-10,2.0990247464418914
Netherlands,CHN->Partner,2005-11,2.3227997326218794
Netherlands,CHN->Partner,2005-12,2.5503975411423916
Netherlands,CHN->Partner,2006-01,2.7818834785459483
Netherlands,CHN->Partner,2006-02,3.017323967028382
Netherlands,CHN->Partner,2006-03,3.2567865634979576
Netherlands,CHN->Partner,2006-04,3.500339978960005
Netherlands,CHN->Partner,2006-05,3.748054098232755
Netherlands,CHN->Partner,2006-06,4.0
Netherlands,CHN->Partner,2006-07,3.847696011519295
Netherlands,CHN->Partner,2006-08,3.696938456699071
Netherlands,CHN->Partner,2006-09,3.547711633671689
Netherlands,CHN->Partner,2006-10,3.3999999999999986
Netherlands,CHN->Partner,2006-11,2.1635357258382815
Netherlands,CHN->Partner,2006-12,1.0332411670431156
Netherlands,CHN->Partner,2007-01,1.7763568394002505e-15
Netherlands,CHN->Partner,2007-02,1.24749988694413
Netherlands,CHN->Partner,2007-03,2.636477589154218
Netherlands,CHN->Partner,2007-04,4.182977975589312
Netherlands,CHN->Partner,2007-05,2.6813934877113397
Netherlands,CHN->Partner,2007-06,1.3283145155405602
Netherlands,CHN->Partner,2007-07,0.10905398127781929
Netherlands,CHN->Partner,2007-08,-0.9896226525225611
Netherlands,CHN->Partner,2007-09,-1.9796410380424625
Netherlands,CHN->Partner,2007-10,-2.8717473899151553
Netherlands,CHN->Partner,2007-11,-3.675625130664053
Netherlands,CHN->Partner,2007-12,-4.400000000000001
Netherlands,CHN->Partner,2008-01,-1.952840141143012
Netherlands,CHN->Partner,2008-02,1.4016820472292686
Netherlands,CHN->Partner,2008-03,6.0
Netherlands,CHN->Partner,2008-04,0.6928268517942353
Netherlands,CHN->Partner,2008-05,-2.957517659644692
Netherlands,CHN->Partner,2008-06,-5.468273325624266
Netherlands,CHN->Partner,2008-07,-7.195204576769001
Netherlands,CHN->Partner,2008-08,-8.383010935862398
Netherlands,CHN->Partner,2008-09,-9.2
Netherlands,CHN->Partner,2008-10,-8.849172321618319
Netherlands,CHN->Partner,2008-11,-8.429966832170706
Netherlands,CHN->Partner,2008-12,-7.929056404596558
Netherlands,CHN->Partner,2009-01,-7.3305163979207375
Netherlands,CHN->Partner,2009-02,-6.615318390711231
Netherlands,CHN->Partner,2009-03,-5.760725241028105
Netherlands,CHN->Partner,2009-04,-4.739568240975968
Netherlands,CHN->Partner,2009-05,-3.5193833855952255
Netherlands,CHN->Partner,2009-06,-2.061379296875753
Netherlands,CHN->Partner,2009-07,-0.3192039917582541
Netherlands,CHN->Partner,2009-08,1.7625287120416147
Netherlands,CHN->Partner,2009-09,4.249999999999998
Netherlands,CHN->Partner,2009-10,3.8958886945358184
Netherlands,CHN->Partner,2009-11,3.5500000000000007
Netherlands,CHN->Partner,2009-12,3.5248919301452712
Netherlands,CHN->Partner,2010-01,3.499827187793768
Netherlands,CHN->Partner,2010-02,3.474805698177782
Netherlands,CHN->Partner,2010-03,3.4498273866586437
Netherlands,CHN->Partner,2010-04,3.424892178726486
Netherlands,CHN->Partner,2010-05,3.3999999999999986
Netherlands,CHN->Partner,2010-06,3.5420355599662443
Netherlands,CHN->Partner,2010-07,3.6854720991196395
Netherlands,CHN->Partner,2010-08,3.8303234361312466
Netherlands,CHN->Partner,2010-09,3.97660352597371
Netherlands,CHN->Partner,2010-10,4.124326461265664
Netherlands,CHN->Partner,2010-11,4.273506473629427
Netherlands,CHN->Partner,2010-12,4.424157935062063
Netherlands,CHN->Partner,2011-01,4.576295359320005
Netherlands,CHN->Partner,2011-02,4.729933403317274
Netherlands,CHN->Partner,2011-03,4.885086868537547
Netherlands,CHN->Partner,2011-04,5.041770702460131
Netherlands,CHN->Partner,2011-05,5.199999999999996
Netherlands,CHN->Partner,2011-06,4.478538569721914
Netherlands,CHN->Partner,2011-07,3.7892071761956085
Netherlands,CHN->Partner,2011-08,3.1305749192809813
Netherlands,CHN->Partner,2011-09,2.5012746234836882
Netherlands,CHN->Partner,2011-10,1.9000000000000004
Netherlands,CHN->Partner,2011-11,1.9809360224470414
Netherlands,CHN->Partner,2011-12,2.0623798464235037
Netherlands,CHN->Partner,2012-01,2.1443346579321787
Netherlands,CHN->Partner,2012-02,2.226803662965187
Netherlands,CHN->Partner,2012-03,2.3097900876294
Netherlands,CHN->Partner,2012-04,2.393297178272638
Netherlands,CHN->Partner,2012-05,2.477328201610664
Netherlands,CHN->Partner,2012-06,2.091763910376187
Netherlands,CHN->Partner,2012-07,1.7172299821670283
Netherlands,CHN->Partner,2012-08,1.3534108563588365
Netherlands,CHN->Partner,2012-09,1.0
Netherlands,CHN->Partner,2012-10,2.416407864998739
Netherlands,CHN->Partner,2012-11,4.0
Netherlands,CHN->Partner,2012-12,4.0
Netherlands,CHN->Partner,2013-01,4.0
Netherlands,CHN->Partner,2013-02,4.0
Netherlands,CHN->Partner,2013-03,4.0
Netherlands,CHN->Partner,2013-04,4.0
Netherlands,CHN->Partner,2013-05,4.0
Netherlands,CHN->Partner,2013-06,4.0
Netherlands,CHN->Partner,2013-07,4.0
Netherlands,CHN->Partner,2013-08,4.0
Netherlands,CHN->Partner,2013-09,4.0
Netherlands,CHN->Partner,2013-10,4.0
Netherlands,CHN->Partner,2013-11,4.0
Netherlands,CHN->Partner,2013-12,-5.803847577293367
Netherlands,CHN->Partner,2014-01,-9.2
Netherlands,CHN->Partner,2014-02,-6.10825596044971
Netherlands,CHN->Partner,2014-03,2.293977638042101
Netherlands,CHN->Partner,2014-04,2.4961371600646043
Netherlands,CHN->Partner,2014-05,2.70137089158686
Netherlands,CHN->Partner,2014-06,2.9097255816511787
Netherlands,CHN->Partner,2014-07,3.1212486902055367
Netherlands,CHN->Partner,2014-08,3.3359883989142105
Netherlands,CHN->Partner,2014-09,3.5539936221328254
Netherlands,CHN->Partner,2014-10,3.7753140180502562
Netherlands,CHN->Partner,2014-11,4.0
Netherlands,CHN->Partner,2014-12,2.568068586759358
Netherlands,CHN->Partner,2015-01,1.2728323450004044
Netherlands,CHN->Partner,2015-02,0.10124206738427866
Netherlands,CHN->Partner,2015-03,-0.9585057487674575
Netherlands,CHN->Partner,2015-04,-1.9170878190484704
Netherlands,CHN->Partner,2015-05,-2.7841616374225087
Netherlands,CHN->Partner,2015-06,-3.5684627732546597
Netherlands,CHN->Partner,2015-07,-4.277892880164252
Netherlands,CHN->Partner,2015-08,-4.9195993033683445
Netherlands,CHN->Partner,2015-09,-5.500047087541488
Netherlands,CHN->Partner,2015-10,-6.025084110654402
Netherlands,CHN->Partner,2015-11,-6.5
Netherlands,CHN->Partner,2015-12,-5.876857750731075
Netherlands,CHN->Partner,2016-01,-5.167425220834608
Netherlands,CHN->Partner,2016-02,-4.3597532726305355
Netherlands,CHN->Partner,2016-03,-3.440238098987508
Netherlands,CHN->Partner,2016-04,-2.393392091224296
Netherlands,CHN->Partner,2016-05,-1.201582977702028
Netherlands,CHN->Partner,2016-06,0.15526316064234713
Netherlands,CHN->Partner,2016-07,1.700000000000001
Netherlands,CHN->Partner,2016-08,3.3999999999999986
Netherlands,CHN->Partner,2016-09,-1.9999999999999982
Netherlands,CHN->Partner,2016-10,-1.2666462759182089
Netherlands,CHN->Partner,2016-11,-0.4735361424336837
Netherlands,CHN->Partner,2016-12,0.3841995766061679
Netherlands,CHN->Partner,2017-01,1.3118268160722195
Netherlands,CHN->Partner,2017-02,2.3150405989407314
Netherlands,CHN->Partner,2017-03,3.3999999999999986
Netherlands,CHN->Partner,2017-04,1.5857061780418178
Netherlands,CHN->Partner,2017-05,1.7763568394002505e-15
Netherlands,CHN->Partner,2017-06,-0.6469445113186225
Netherlands,CHN->Partner,2017-07,-1.2558401862076707
Netherlands,CHN->Partner,2017-08,-1.828924796111707
Netherlands,CHN->Partner,2017-09,-2.368304502115876
Netherlands,CHN->Partner,2017-10,-2.875961595364041
Netherlands,CHN->Partner,2017-11,-3.353761782238669
Netherlands,CHN->Partner,2017-12,-3.80346104107643
Netherlands,CHN->Partner,2018-01,-4.226712075618815
Netherlands,CHN->Partner,2018-02,-4.6250703889150975
Netherlands,CHN->Partner,2018-03,-5.0
Netherlands,CHN->Partner,2018-04,-1.9005494671381413
Netherlands,CHN->Partner,2018-05,2.8000000000000025
Netherlands,CHN->Partner,2018-06,3.4326131208923663
Netherlands,CHN->Partner,2018-07,4.094226195460459
Netherlands,CHN->Partner,2018-08,4.786168625965205
Netherlands,CHN->Partner,2018-09,5.509830756501788
Netherlands,CHN->Partner,2018-10,6.266666666666669
Netherlands,CHN->Partner,2018-11,1.7763568394002505e-15
Netherlands,CHN->Partner,2018-12,1.7763568394002505e-15
Netherlands,CHN->Partner,2019-01,1.7763568394002505e-15
Netherlands,CHN->Partner,2019-02,1.7763568394002505e-15
Netherlands,CHN->Partner,2019-03,1.7763568394002505e-15
Netherlands,Partner->CHN,2002-01,
Netherlands,Partner->CHN,2002-02,
Netherlands,Partner->CHN,2002-03,
Netherlands,Partner->CHN,2002-04,
Netherlands,Partner->CHN,2002-05,
Netherlands,Partner->CHN,2002-06,
Netherlands,Partner->CHN,2002-07,
Netherlands,Partner->CHN,2002-08,
Netherlands,Partner->CHN,2002-09,
Netherlands,Partner->CHN,2002-10,
Netherlands,Partner->CHN,2002-11,
Netherlands,Partner->CHN,2002-12,
Netherlands,Partner->CHN,2003-01,
Netherlands,Partner->CHN,2003-02,
Netherlands,Partner->CHN,2003-03,5.199999999999996
Netherlands,Partner->CHN,2003-04,-1.140993964907011
Netherlands,Partner->CHN,2003-05,-5.0
Netherlands,Partner->CHN,2003-06,-3.2560227159558046
Netherlands,Partner->CHN,2003-07,-1.005135970701243
Netherlands,Partner->CHN,2003-08,1.9000000000000004
Netherlands,Partner->CHN,2003-09,2.558207846172003
Netherlands,Partner->CHN,2003-10,3.25
Netherlands,Partner->CHN,2003-11,4.076057176861598
Netherlands,Partner->CHN,2003-12,4.949999999999999
Netherlands,Partner->CHN,2004-01,4.798566806389552
Netherlands,Partner->CHN,2004-02,4.648571356486123
Netherlands,Partner->CHN,2004-03,4.499999999999998
Netherlands,Partner->CHN,2004-04,2.099999999999998
Netherlands,Partner->CHN,2004-05,1.9906055153267364
Netherlands,Partner->CHN,2004-06,1.8821245538043847
Netherlands,Partner->CHN,2004-07,1.774549486853223
Netherlands,Partner->CHN,2004-08,1.6678727495977022
Netherlands,Partner->CHN,2004-09,1.5620868403344428
Netherlands,Partner->CHN,2004-10,1.4571843200047372
Netherlands,Partner->CHN,2004-11,1.3531578116713963
Netherlands,Partner->CHN,2004-12,1.2500000000000018
Netherlands,Partner->CHN,2005-01,7.9999999999999964
Netherlands,Partner->CHN,2005-02,6.399999999999999
Netherlands,Partner->CHN,2005-03,5.351758315239369
Netherlands,Partner->CHN,2005-04,4.366666666666667
Netherlands,Partner->CHN,2005-05,1.0
Netherlands,Partner->CHN,2005-06,1.8685663537163286
Netherlands,Partner->CHN,2005-07,2.8000000000000025
Netherlands,Partner->CHN,2005-08,2.767297978639137
Netherlands,Partner->CHN,2005-09,2.7346734516406634
Netherlands,Partner->CHN,2005-10,2.702126235365297
Netherlands,Partner->CHN,2005-11,2.669656146608906
Netherlands,Partner->CHN,2005-12,2.6372630026015074
Netherlands,Partner->CHN,2006-01,2.604946621006226
Netherlands,Partner->CHN,2006-02,2.5727068199182845
Netherlands,Partner->CHN,2006-03,2.5405434178639563
Netherlands,Partner->CHN,2006-04,2.508456233799551
Netherlands,Partner->CHN,2006-05,2.4764450871104184
Netherlands,Partner->CHN,2006-06,2.4445097976098964
Netherlands,Partner->CHN,2006-07,2.4126501855383164
Netherlands,Partner->CHN,2006-08,2.380866071561986
Netherlands,Partner->CHN,2006-09,2.349157276772196
Netherlands,Partner->CHN,2006-10,2.8600253269244487
Netherlands,Partner->CHN,2006-11,3.3904441366681333
Netherlands,Partner->CHN,2006-12,3.9411619074233357
Netherlands,Partner->CHN,2007-01,4.512955474043155
Netherlands,Partner->CHN,2007-02,5.106631400606172
Netherlands,Partner->CHN,2007-03,5.723027118144554
Netherlands,Partner->CHN,2007-04,6.363012105912674
Netherlands,Partner->CHN,2007-05,4.490554795293379
Netherlands,Partner->CHN,2007-06,2.820026525482481
Netherlands,Partner->CHN,2007-07,1.3296509188341297
Netherlands,Partner->CHN,2007-08,1.7763568394002505e-15
Netherlands,Partner->CHN,2007-09,-0.36181212521984385
Netherlands,Partner->CHN,2007-10,-0.7117235218982252
Netherlands,Partner->CHN,2007-11,-1.050125628933797
Netherlands,Partner->CHN,2007-12,-1.3773970100125172
Netherlands,Partner->CHN,2008-01,-1.6939037770992638
Netherlands,Partner->CHN,2008-02,-1.9999999999999982
Netherlands,Partner->CHN,2008-03,6.5000000000000036
Netherlands,Partner->CHN,2008-04,4.948100947716963
Netherlands,Partner->CHN,2008-05,3.5338242193468865
Netherlands,Partner->CHN,2008-06,2.2449654746581587
Netherlands,Partner->CHN,2008-07,1.070402653649948
Netherlands,Partner->CHN,2008-08,1.7763568394002505e-15
Netherlands,Partner->CHN,2008-09,1.5857061780418178
Netherlands,Partner->CHN,2008-10,3.3999999999999986
Netherlands,Partner->CHN,2008-11,3.893361379871683
Netherlands,Partner->CHN,2008-12,4.403625916073144
Netherlands,Partner->CHN,2009-01,4.931372731141275
Netherlands,Partner->CHN,2009-02,5.477200789050016
Netherlands,Partner->CHN,2009-03,6.041729575001998
Netherlands,Partner->CHN,2009-04,6.625599798510535
Netherlands,Partner->CHN,2009-05,7.229474120570206
Netherlands,Partner->CHN,2009-06,7.854037905741009
Netherlands,Partner->CHN,2009-07,8.499999999999996
Netherlands,Partner->CHN,2009-08,6.244564360980533
Netherlands,Partner->CHN,2009-09,4.249999999999998
Netherlands,Partner->CHN,2009-10,3.8958886945358184
Netherlands,Partner->CHN,2009-11,3.5500000000000007
Netherlands,Partner->CHN,2009-12,3.5248919301452712
Netherlands,Partner->CHN,2010-01,3.499827187793768
Netherlands,Partner->CHN,2010-02,3.474805698177782
Netherlands,Partner->CHN,2010-03,3.4498273866586437
Netherlands,Partner->CHN,2010-04,3.424892178726486
Netherlands,Partner->CHN,2010-05,3.3999999999999986
Netherlands,Partner->CHN,2010-06,2.4623240550731857
Netherlands,Partner->CHN,2010-07,1.5857061780418178
Netherlands,Partner->CHN,2010-08,0.7661704882455282
Netherlands,Partner->CHN,2010-09,1.7763568394002505e-15
Netherlands,Partner->CHN,2010-10,0.7777626942056983
Netherlands,Partner->CHN,2010-11,1.6105176437294038
Netherlands,Partner->CHN,2010-12,2.502153114448989
Netherlands,Partner->CHN,2011-01,3.456832294800959
Netherlands,Partner->CHN,2011-02,4.47901273437226
Netherlands,Partner->CHN,2011-03,5.57346715691132
Netherlands,Partner->CHN,2011-04,6.745305744937589
Netherlands,Partner->CHN,2011-05,7.9999999999999964
Netherlands,Partner->CHN,2011-06,7.28616235558059
Netherlands,Partner->CHN,2011-07,6.599143878665931
Netherlands,Partner->CHN,2011-08,5.937936962342501
Netherlands,Partner->CHN,2011-09,5.301571855893922
Netherlands,Partner->CHN,2011-10,4.689115242528395
Netherlands,Partner->CHN,2011-11,4.099668870541494
Netherlands,Partner->CHN,2011-12,3.532368235906736
Netherlands,Partner->CHN,2012-01,2.986381314361738
Netherlands,Partner->CHN,2012-02,2.4609073411303903
Netherlands,Partner->CHN,2012-03,1.9551756364914201
Netherlands,Partner->CHN,2012-04,1.4684444754707489
Netherlands,Partner->CHN,2012-05,1.0
Netherlands,Partner->CHN,2012-06,1.4456474720397754
Netherlands,Partner->CHN,2012-07,1.9078450831908391
Netherlands,Partner->CHN,2012-08,2.3872074607579314
Netherlands,Partner->CHN,2012-09,2.8843720576378313
Netherlands,Partner->CHN,2012-10,3.3999999999999986
Netherlands,Partner->CHN,2012-11,4.0
Netherlands,Partner->CHN,2012-12,4.0
Netherlands,Partner->CHN,2013-01,4.0
Netherlands,Partner->CHN,2013-02,4.0
Netherlands,Partner->CHN,2013-03,4.0
Netherlands,Partner->CHN,2013-04,4.0
Netherlands,Partner->CHN,2013-05,4.0
Netherlands,Partner->CHN,2013-06,4.0
Netherlands,Partner->CHN,2013-07,4.0
Netherlands,Partner->CHN,2013-08,4.0
Netherlands,Partner->CHN,2013-09,4.0
Netherlands,Partner->CHN,2013-10,4.0
Netherlands,Partner->CHN,2013-11,4.0
Netherlands,Partner->CHN,2013-12,3.2594398794584265
Netherlands,Partner->CHN,2014-01,2.5554417117259636
Netherlands,Partner->CHN,2014-02,1.88620040852396
Netherlands,Partner->CHN,2014-03,1.2500000000000018
Netherlands,Partner->CHN,2014-04,1.7087606196910095
Netherlands,Partner->CHN,2014-05,2.1847017541721705
Netherlands,Partner->CHN,2014-06,2.6784668110852436
Netherlands,Partner->CHN,2014-07,3.1907232935894356
Netherlands,Partner->CHN,2014-08,3.7221637027348073
Netherlands,Partner->CHN,2014-09,4.273506473629427
Netherlands,Partner->CHN,2014-10,4.136135474566865
Netherlands,Partner->CHN,2014-11,4.0
Netherlands,Partner->CHN,2014-12,3.097806465249832
Netherlands,Partner->CHN,2015-01,2.249876475442658
Netherlands,Partner->CHN,2015-02,1.4529462826171446
Netherlands,Partner->CHN,2015-03,0.7039484409659185
Netherlands,Partner->CHN,2015-04,1.7763568394002505e-15
Netherlands,Partner->CHN,2015-05,0.9121786420452889
Netherlands,Partner->CHN,2015-06,1.9000000000000004
Netherlands,Partner->CHN,2015-07,1.0
Netherlands,Partner->CHN,2015-08,1.062009129871397
Netherlands,Partner->CHN,2015-09,1.1243386874250785
Netherlands,Partner->CHN,2015-10,1.1869903284478571
Netherlands,Partner->CHN,2015-11,1.2499657172827057
Netherlands,Partner->CHN,2015-12,1.313266526872967
Netherlands,Partner->CHN,2016-01,1.376894438806806
Netherlands,Partner->CHN,2016-02,1.4408511433618507
Netherlands,Partner->CHN,2016-03,1.5051383395501379
Netherlands,Partner->CHN,2016-04,1.5697577351632166
Netherlands,Partner->CHN,2016-05,1.6347110468175288
Netherlands,Partner->CHN,2016-06,1.700000000000001
Netherlands,Partner->CHN,2016-07,1.323105625617659
Netherlands,Partner->CHN,2016-08,3.1999999999999993
Netherlands,Partner->CHN,2016-09,2.2464278422679484
Netherlands,Partner->CHN,2016-10,1.7890745009301163
Netherlands,Partner->CHN,2016-11,1.3475119887368336
Netherlands,Partner->CHN,2016-12,0.921195102969472
Netherlands,Partner->CHN,2017-01,0.5095974648737194
Netherlands,Partner->CHN,2017-02,0.11221086973319849
Netherlands,Partner->CHN,2017-03,-0.27145534061720333
Netherlands,Partner->CHN,2017-04,-0.6418748836130916
Netherlands,Partner->CHN,2017-05,-0.9995051208653258
Netherlands,Partner->CHN,2017-06,-1.3447876228701112
Netherlands,Partner->CHN,2017-07,-1.6781487142215674
Netherlands,Partner->CHN,2017-08,-1.9999999999999982
Netherlands,Partner->CHN,2017-09,-1.4669854305606886
Netherlands,Partner->CHN,2017-10,-0.9024036909842046
Netherlands,Partner->CHN,2017-11,-0.3043852522039767
Netherlands,Partner->CHN,2017-12,0.3290501355388251
Netherlands,Partner->CHN,2018-01,1.0
Netherlands,Partner->CHN,2018-02,3.2828568570857044
Netherlands,Partner->CHN,2018-03,6.0
Netherlands,Partner->CHN,2018-04,3.808781178746619
Netherlands,Partner->CHN,2018-05,1.9000000000000004
Netherlands,Partner->CHN,2018-06,2.6320619960011875
Netherlands,Partner->CHN,2018-07,3.4056677723116255
Netherlands,Partner->CHN,2018-08,4.223174896585148
Netherlands,Partner->CHN,2018-09,5.0870747260633955
Netherlands,Partner->CHN,2018-10,6.0
Netherlands,Partner->CHN,2018-11,6.0
Netherlands,Partner->CHN,2018-12,6.0
Netherlands,Partner->CHN,2019-01,6.0
Netherlands,Partner->CHN,2019-02,6.0
Netherlands,Partner->CHN,2019-03,6.0
Philippines,Aggregated,2002-01,4.0
Philippines,Aggregated,2002-02,-3.500000000000001
Philippines,Aggregated,2002-03,-5.0
Philippines,Aggregated,2002-04,1.2327481713599333
Philippines,Aggregated,2002-05,1.9666666666666668
Philippines,Aggregated,2002-06,1.8367848125900235
Philippines,Aggregated,2002-07,1.7082039324993747
Philippines,Aggregated,2002-08,2.387611289729074
Philippines,Aggregated,2002-09,3.1033411957240933
Philippines,Aggregated,2002-10,2.5
Philippines,Aggregated,2002-11,4.0
Philippines,Aggregated,2002-12,6.399999999999999
Philippines,Aggregated,2003-01,1.5139921687685227
Philippines,Aggregated,2003-02,-1.9999999999999982
Philippines,Aggregated,2003-03,-4.400000000000001
Philippines,Aggregated,2003-04,1.0
Philippines,Aggregated,2003-05,-5.0
Philippines,Aggregated,2003-06,-3.203812759175321
Philippines,Aggregated,2003-07,-0.8699107510004183
Philippines,Aggregated,2003-08,2.1626787585776324
Philippines,Aggregated,2003-09,1.0996104166089218
Philippines,Aggregated,2003-10,2.2666666666666657
Philippines,Aggregated,2003-11,2.056826945115702
Philippines,Aggregated,2003-12,1.8503062719622694
Philippines,Aggregated,2004-01,0.6158605301373967
Philippines,Aggregated,2004-02,-0.5
Philippines,Aggregated,2004-03,0.22497216032182443
Philippines,Aggregated,2004-04,1.0
Philippines,Aggregated,2004-05,-0.09999999999999964
Philippines,Aggregated,2004-06,1.0
Philippines,Aggregated,2004-07,4.0
Philippines,Aggregated,2004-08,2.9499999999999993
Philippines,Aggregated,2004-09,3.6621719791228724
Philippines,Aggregated,2004-10,3.5
Philippines,Aggregated,2004-11,2.0666666666666664
Philippines,Aggregated,2004-12,3.3846418742875013
Philippines,Aggregated,2005-01,4.835555243737655
Philippines,Aggregated,2005-02,4.480463042877508
Philippines,Aggregated,2005-03,4.133333333333331
Philippines,Aggregated,2005-04,-3.76
Philippines,Aggregated,2005-05,1.0
Philippines,Aggregated,2005-06,3.2828568570856973
Philippines,Aggregated,2005-07,5.666666666666668
Philippines,Aggregated,2005-08,4.874010519681997
Philippines,Aggregated,2005-09,4.119052598738474
Philippines,Aggregated,2005-10,3.3999999999999986
Philippines,Aggregated,2005-11,6.099999999999994
Philippines,Aggregated,2005-12,1.139999999999997
Philippines,Aggregated,2006-01,7.9999999999999964
Philippines,Aggregated,2006-02,-4.400000000000001
Philippines,Aggregated,2006-03,-1.8684069393460039
Philippines,Aggregated,2006-04,1.6342411856642798
Philippines,Aggregated,2006-05,2.4413410400524835
Philippines,Aggregated,2006-06,3.299999999999999
Philippines,Aggregated,2006-07,1.5419296760905201
Philippines,Aggregated,2006-08,1.7763568394002505e-15
Philippines,Aggregated,2006-09,3.6333333333333346
Philippines,Aggregated,2006-10,1.9790852234317775
Philippines,Aggregated,2006-11,0.9750000000000014
Philippines,Aggregated,2006-12,4.33333333333333
Philippines,Aggregated,2007-01,2.9540433577574703
Philippines,Aggregated,2007-02,1.6617436588445944
Philippines,Aggregated,2007-03,0.48912529307605546
Philippines,Aggregated,2007-04,1.3297449182210297
Philippines,Aggregated,2007-05,2.2318697786344064
Philippines,Aggregated,2007-06,3.1999999999999993
Philippines,Aggregated,2007-07,1.0
Philippines,Aggregated,2007-08,0.7663303541968016
Philippines,Aggregated,2007-09,2.7543489338117286
Philippines,Aggregated,2007-10,3.799999999999997
Philippines,Aggregated,2007-11,1.0
Philippines,Aggregated,2007-12,2.9999999999999964
Philippines,Aggregated,2008-01,1.171206787381129
Philippines,Aggregated,2008-02,-3.0000000000000018
Philippines,Aggregated,2008-03,7.25
Philippines,Aggregated,2008-04,-2.4559962546824696
Philippines,Aggregated,2008-05,-7.0
Philippines,Aggregated,2008-06,5.199999999999996
Philippines,Aggregated,2008-07,1.7763568394002505e-15
Philippines,Aggregated,2008-08,2.9499999999999993
Philippines,Aggregated,2008-09,-5.0
Philippines,Aggregated,2008-10,-2.9854431703933724
Philippines,Aggregated,2008-11,-0.2944798041676311
Philippines,Aggregated,2008-12,3.299999999999999
Philippines,Aggregated,2009-01,1.7763568394002505e-15
Philippines,Aggregated,2009-02,-2.2499999999999982
Philippines,Aggregated,2009-03,-1.040208019435882
Philippines,Aggregated,2009-04,-0.02500000000000213
Philippines,Aggregated,2009-05,-10.0
Philippines,Aggregated,2009-06,-7.127016653792583
Philippines,Aggregated,2009-07,4.0
Philippines,Aggregated,2009-08,0.8000000000000007
Philippines,Aggregated,2009-09,1.914137858254085
Philippines,Aggregated,2009-10,-0.6666666666666696
Philippines,Aggregated,2009-11,2.6272392120449517
Philippines,Aggregated,2009-12,1.7877625308159164
Philippines,Aggregated,2010-01,1.0
Philippines,Aggregated,2010-02,-5.0
Philippines,Aggregated,2010-03,2.3424135747622508
Philippines,Aggregated,2010-04,0.8000000000000007
Philippines,Aggregated,2010-05,0.884776405417254
Philippines,Aggregated,2010-06,0.9701618819290374
Philippines,Aggregated,2010-07,1.0561608053707836
Philippines,Aggregated,2010-08,1.1427775830158442
Philippines,Aggregated,2010-09,2.679999999999998
Philippines,Aggregated,2010-10,2.574958866235466
Philippines,Aggregated,2010-11,4.0
Philippines,Aggregated,2010-12,0.6846181659297503
Philippines,Aggregated,2011-01,1.0
Philippines,Aggregated,2011-02,-1.9449495366961074
Philippines,Aggregated,2011-03,-1.0953168681888439
Philippines,Aggregated,2011-04,0.6666666666666661
Philippines,Aggregated,2011-05,-1.507702033432171
Philippines,Aggregated,2011-06,-0.9766562820685376
Philippines,Aggregated,2011-07,-2.3480489047706286
Philippines,Aggregated,2011-08,1.5982486657839097
Philippines,Aggregated,2011-09,0.8660262071226228
Philippines,Aggregated,2011-10,-4.935859692854117
Philippines,Aggregated,2011-11,-4.999999999999999
Philippines,Aggregated,2011-12,2.349999999999998
Philippines,Aggregated,2012-01,-4.999999999999999
Philippines,Aggregated,2012-02,-3.7973227708675745
Philippines,Aggregated,2012-03,-2.3535734554895456
Philippines,Aggregated,2012-04,-2.1585166114447
Philippines,Aggregated,2012-05,-0.8526397394089891
Philippines,Aggregated,2012-06,-0.35791149562267854
Philippines,Aggregated,2012-07,-2.0569075688671603
Philippines,Aggregated,2012-08,-3.166666666666668
Philippines,Aggregated,2012-09,-0.6500000000000021
Philippines,Aggregated,2012-10,0.5820855486487115
Philippines,Aggregated,2012-11,-5.5
Philippines,Aggregated,2012-12,-0.9428680581485516
Philippines,Aggregated,2013-01,-5.189928515481593
Philippines,Aggregated,2013-02,1.0
Philippines,Aggregated,2013-03,3.3999999999999986
Philippines,Aggregated,2013-04,-3.500000000000001
Philippines,Aggregated,2013-05,-1.1728650844809483
Philippines,Aggregated,2013-06,1.9200000000000017
Philippines,Aggregated,2013-07,-4.786955114767117
Philippines,Aggregated,2013-08,-2.112517806303938
Philippines,Aggregated,2013-09,-2.9238576250846045
Philippines,Aggregated,2013-10,-1.5666666666666664
Philippines,Aggregated,2013-11,-1.9648097169808665
Philippines,Aggregated,2013-12,-4.000000000000001
Philippines,Aggregated,2014-01,-1.9999999999999982
Philippines,Aggregated,2014-02,-1.2202196688252887
Philippines,Aggregated,2014-03,-0.2844439543433239
Philippines,Aggregated,2014-04,-0.8300950753939844
Philippines,Aggregated,2014-05,-5.205508764062636
Philippines,Aggregated,2014-06,-1.637022822557796
Philippines,Aggregated,2014-07,-1.7774191677498
Philippines,Aggregated,2014-08,0.6999999999999993
Philippines,Aggregated,2014-09,1.3836461788299115
Philippines,Aggregated,2014-10,-1.466666666666665
Philippines,Aggregated,2014-11,1.2434411704421144
Philippines,Aggregated,2014-12,-0.12415641035041958
Philippines,Aggregated,2015-01,-1.7386914127682775
Philippines,Aggregated,2015-02,-3.1135463156568246
Philippines,Aggregated,2015-03,-1.1999999999999975
Philippines,Aggregated,2015-04,-0.3500418763112645
Philippines,Aggregated,2015-05,-4.879999999999999
Philippines,Aggregated,2015-06,-4.305640048832164
Philippines,Aggregated,2015-07,-0.625
Philippines,Aggregated,2015-08,-2.5857616583742704
Philippines,Aggregated,2015-09,-5.6
Philippines,Aggregated,2015-10,-10.0
Philippines,Aggregated,2015-11,-2.7372358785168576
Philippines,Aggregated,2015-12,-4.567720798612584
Philippines,Aggregated,2016-01,-1.1380979406527274
Philippines,Aggregated,2016-02,4.0
Philippines,Aggregated,2016-03,-5.512512940083396
Philippines,Aggregated,2016-04,-0.076456132212952
Philippines,Aggregated,2016-05,-2.688888888888888
Philippines,Aggregated,2016-06,1.4032371008927491
Philippines,Aggregated,2016-07,1.6910537313070346
Philippines,Aggregated,2016-08,-3.9019237886466813
Philippines,Aggregated,2016-09,1.1389571102289668
Philippines,Aggregated,2016-10,0.9141934079191731
Philippines,Aggregated,2016-11,1.3530353256386114
Philippines,Aggregated,2016-12,-0.1999999999999993
Philippines,Aggregated,2017-01,-3.791207992047073
Philippines,Aggregated,2017-02,-1.1825213295461126
Philippines,Aggregated,2017-03,2.370185648092626
Philippines,Aggregated,2017-04,-0.5773841200076042
Philippines,Aggregated,2017-05,-0.9343538477669746
Philippines,Aggregated,2017-06,-1.4999999999999982
Philippines,Aggregated,2017-07,0.6569533665029113
Philippines,Aggregated,2017-08,-2.775140453871302
Philippines,Aggregated,2017-09,-0.13333333333333286
Philippines,Aggregated,2017-10,5.199999999999996
Philippines,Aggregated,2017-11,0.2708214854393134
Philippines,Aggregated,2017-12,0.48340591373657027
Philippines,Aggregated,2018-01,0.6999999999999993
Philippines,Aggregated,2018-02,0.01628784747791734
Philippines,Aggregated,2018-03,0.46991053595297494
Philippines,Aggregated,2018-04,4.249999999999998
Philippines,Aggregated,2018-05,-3.7333333333333316
Philippines,Aggregated,2018-06,-4.396970392312328
Philippines,Aggregated,2018-07,-5.0
Philippines,Aggregated,2018-08,2.9999999999999964
Philippines,Aggregated,2018-09,0.5856033936905618
Philippines,Aggregated,2018-10,3.154282471216728
Philippines,Aggregated,2018-11,2.7030065828586434
Philippines,Aggregated,2018-12,3.419508662449818
Philippines,Aggregated,2019-01,4.173475164680967
Philippines,Aggregated,2019-02,-3.1999999999999984
Philippines,Aggregated,2019-03,-3.1999999999999984
Philippines,CHN->Partner,2002-01,
Philippines,CHN->Partner,2002-02,
Philippines,CHN->Partner,2002-03,-5.0
Philippines,CHN->Partner,2002-04,0.9121786420452889
Philippines,CHN->Partner,2002-05,2.9499999999999993
Philippines,CHN->Partner,2002-06,2.3146327346407194
Philippines,CHN->Partner,2002-07,1.7082039324993694
Philippines,CHN->Partner,2002-08,2.561032451597571
Philippines,CHN->Partner,2002-09,3.4710930144094565
Philippines,CHN->Partner,2002-10,2.5
Philippines,CHN->Partner,2002-11,7.9999999999999964
Philippines,CHN->Partner,2002-12,6.399999999999999
Philippines,CHN->Partner,2003-01,1.5954632192815978
Philippines,CHN->Partner,2003-02,-1.8824313960761145
Philippines,CHN->Partner,2003-03,-4.400000000000001
Philippines,CHN->Partner,2003-04,-4.707146910979091
Philippines,CHN->Partner,2003-05,-5.0
Philippines,CHN->Partner,2003-06,-3.0380043346578054
Philippines,CHN->Partner,2003-07,-0.4344375041786783
Philippines,CHN->Partner,2003-08,3.0204937989385723
Philippines,CHN->Partner,2003-09,1.002415275988385
Philippines,CHN->Partner,2003-10,1.700000000000001
Philippines,CHN->Partner,2003-11,1.7749320802077406
Philippines,CHN->Partner,2003-12,1.8503062719622694
Philippines,CHN->Partner,2004-01,2.883608827658392
Philippines,CHN->Partner,2004-02,4.0
Philippines,CHN->Partner,2004-03,2.416407864998739
Philippines,CHN->Partner,2004-04,1.0
Philippines,CHN->Partner,2004-05,1.0
Philippines,CHN->Partner,2004-06,1.0
Philippines,CHN->Partner,2004-07,4.0
Philippines,CHN->Partner,2004-08,3.594519519326427
Philippines,CHN->Partner,2004-09,3.1999999999999993
Philippines,CHN->Partner,2004-10,3.5
Philippines,CHN->Partner,2004-11,2.0666666666666664
Philippines,CHN->Partner,2004-12,2.744184539363035
Philippines,CHN->Partner,2005-01,3.456832294800959
Philippines,CHN->Partner,2005-02,3.9693320014426448
Philippines,CHN->Partner,2005-03,4.499999999999998
Philippines,CHN->Partner,2005-04,-4.999999999999999
Philippines,CHN->Partner,2005-05,1.0
Philippines,CHN->Partner,2005-06,4.136531287827513
Philippines,CHN->Partner,2005-07,6.0
Philippines,CHN->Partner,2005-08,6.479342460327111
Philippines,CHN->Partner,2005-09,6.9722007556114285
Philippines,CHN->Partner,2005-10,7.478955986651876
Philippines,CHN->Partner,2005-11,7.9999999999999964
Philippines,CHN->Partner,2005-12,3.6333333333333346
Philippines,CHN->Partner,2006-01,7.9999999999999964
Philippines,CHN->Partner,2006-02,-4.400000000000001
Philippines,CHN->Partner,2006-03,-1.9301008462106282
Philippines,CHN->Partner,2006-04,1.4641016151377535
Philippines,CHN->Partner,2006-05,2.268588293930174
Philippines,CHN->Partner,2006-06,3.125
Philippines,CHN->Partner,2006-07,1.4649508623179095
Philippines,CHN->Partner,2006-08,1.7763568394002505e-15
Philippines,CHN->Partner,2006-09,3.6333333333333346
Philippines,CHN->Partner,2006-10,3.105349382704661
Philippines,CHN->Partner,2006-11,1.3000000000000025
Philippines,CHN->Partner,2006-12,4.33333333333333
Philippines,CHN->Partner,2007-01,3.093543252812264
Philippines,CHN->Partner,2007-02,2.0047114167807365
Philippines,CHN->Partner,2007-03,1.0
Philippines,CHN->Partner,2007-04,2.582214351555411
Philippines,CHN->Partner,2007-05,4.373045557633139
Philippines,CHN->Partner,2007-06,6.399999999999999
Philippines,CHN->Partner,2007-07,1.0
Philippines,CHN->Partner,2007-08,3.785425145124428
Philippines,CHN->Partner,2007-09,3.914690014960323
Philippines,CHN->Partner,2007-10,3.799999999999997
Philippines,CHN->Partner,2007-11,1.0
Philippines,CHN->Partner,2007-12,2.9999999999999964
Philippines,CHN->Partner,2008-01,0.9500000000000011
Philippines,CHN->Partner,2008-02,-3.0000000000000018
Philippines,CHN->Partner,2008-03,7.25
Philippines,CHN->Partner,2008-04,-2.4559962546824696
Philippines,CHN->Partner,2008-05,-7.0
Philippines,CHN->Partner,2008-06,5.199999999999996
Philippines,CHN->Partner,2008-07,5.486985765167731
Philippines,CHN->Partner,2008-08,5.7790555321508315
Philippines,CHN->Partner,2008-09,6.076299364909243
Philippines,CHN->Partner,2008-10,6.378808922901335
Philippines,CHN->Partner,2008-11,6.6866774893484155
Philippines,CHN->Partner,2008-12,6.9999999999999964
Philippines,CHN->Partner,2009-01,-5.803847577293368
Philippines,CHN->Partner,2009-02,-9.5
Philippines,CHN->Partner,2009-03,-1.0177210217267039
Philippines,CHN->Partner,2009-04,1.4499999999999993
Philippines,CHN->Partner,2009-05,1.2842180118851196
Philippines,CHN->Partner,2009-06,1.1206435472709142
Philippines,CHN->Partner,2009-07,0.9592472111666304
Philippines,CHN->Partner,2009-08,0.8000000000000007
Philippines,CHN->Partner,2009-09,0.9500000000000011
Philippines,CHN->Partner,2009-10,-0.6666666666666696
Philippines,CHN->Partner,2009-11,3.6944705232541573
Philippines,CHN->Partner,2009-12,3.8464493347336237
Philippines,CHN->Partner,2010-01,4.0
Philippines,CHN->Partner,2010-02,2.910427743243556
Philippines,CHN->Partner,2010-03,1.9000000000000004
Philippines,CHN->Partner,2010-04,1.0
Philippines,CHN->Partner,2010-05,0.9549117494373007
Philippines,CHN->Partner,2010-06,0.9099929114028384
Philippines,CHN->Partner,2010-07,0.865242849353729
Philippines,CHN->Partner,2010-08,0.8206609291388158
Philippines,CHN->Partner,2010-09,2.350000000000003
Philippines,CHN->Partner,2010-10,1.2500000000000018
Philippines,CHN->Partner,2010-11,4.0
Philippines,CHN->Partner,2010-12,-0.6666666666666643
Philippines,CHN->Partner,2011-01,1.0
Philippines,CHN->Partner,2011-02,-0.3333333333333375
Philippines,CHN->Partner,2011-03,-1.2541783151702557
Philippines,CHN->Partner,2011-04,1.7763568394002505e-15
Philippines,CHN->Partner,2011-05,-1.1355298014422033
Philippines,CHN->Partner,2011-06,0.1581737377512109
Philippines,CHN->Partner,2011-07,1.2570194691219214
Philippines,CHN->Partner,2011-08,2.3000000000000025
Philippines,CHN->Partner,2011-09,0.9776065513178374
Philippines,CHN->Partner,2011-10,-4.1464302264004615
Philippines,CHN->Partner,2011-11,-0.3659085360152954
Philippines,CHN->Partner,2011-12,5.5
Philippines,CHN->Partner,2012-01,0.9657105700509963
Philippines,CHN->Partner,2012-02,-2.322531548713327
Philippines,CHN->Partner,2012-03,-4.707146910979091
Philippines,CHN->Partner,2012-04,-4.24046218380223
Philippines,CHN->Partner,2012-05,-0.8015728541230835
Philippines,CHN->Partner,2012-06,-0.8835733099039285
Philippines,CHN->Partner,2012-07,-0.7639239690752753
Philippines,CHN->Partner,2012-08,-1.4999999999999982
Philippines,CHN->Partner,2012-09,-1.9999999999999982
Philippines,CHN->Partner,2012-10,0.7276069358108899
Philippines,CHN->Partner,2012-11,-1.9999999999999982
Philippines,CHN->Partner,2012-12,-1.265686516701555
Philippines,CHN->Partner,2013-01,-4.500000000000001
Philippines,CHN->Partner,2013-02,1.5000000000000018
Philippines,CHN->Partner,2013-03,3.3999999999999986
Philippines,CHN->Partner,2013-04,-5.0
Philippines,CHN->Partner,2013-05,2.9999999999999964
Philippines,CHN->Partner,2013-06,-0.5
Philippines,CHN->Partner,2013-07,-7.8568323274845016
Philippines,CHN->Partner,2013-08,-4.000000000000001
Philippines,CHN->Partner,2013-09,-2.8000000000000007
Philippines,CHN->Partner,2013-10,-1.5999999999999979
Philippines,CHN->Partner,2013-11,2.9999999999999964
Philippines,CHN->Partner,2013-12,-1.9999999999999982
Philippines,CHN->Partner,2014-01,-1.9999999999999982
Philippines,CHN->Partner,2014-02,-2.833333333333334
Philippines,CHN->Partner,2014-03,0.4999999999999982
Philippines,CHN->Partner,2014-04,0.5664793948382627
Philippines,CHN->Partner,2014-05,-3.7003401714778814
Philippines,CHN->Partner,2014-06,-0.4128826929126159
Philippines,CHN->Partner,2014-07,3.2445626465380304
Philippines,CHN->Partner,2014-08,2.1249999999999982
Philippines,CHN->Partner,2014-09,-0.25290736989766316
Philippines,CHN->Partner,2014-10,-2.200000000000003
Philippines,CHN->Partner,2014-11,6.0
Philippines,CHN->Partner,2014-12,1.6217235138788695
Philippines,CHN->Partner,2015-01,-0.3418804836448839
Philippines,CHN->Partner,2015-02,-1.9999999999999982
Philippines,CHN->Partner,2015-03,-1.1999999999999975
Philippines,CHN->Partner,2015-04,1.7763568394002505e-15
Philippines,CHN->Partner,2015-05,-1.9999999999999982
Philippines,CHN->Partner,2015-06,2.3836461788299115
Philippines,CHN->Partner,2015-07,0.40000000000000036
Philippines,CHN->Partner,2015-08,-0.5
Philippines,CHN->Partner,2015-09,-1.025900358273537
Philippines,CHN->Partner,2015-10,-1.5254606035154286
Philippines,CHN->Partner,2015-11,-1.9999999999999982
Philippines,CHN->Partner,2015-12,-5.0
Philippines,CHN->Partner,2016-01,1.5857061780418178
Philippines,CHN->Partner,2016-02,-3.6093325867888266
Philippines,CHN->Partner,2016-03,-6.659999999999999
Philippines,CHN->Partner,2016-04,0.4999999999999982
Philippines,CHN->Partner,2016-05,-4.674999999999999
Philippines,CHN->Partner,2016-06,2.0478515899884098
Philippines,CHN->Partner,2016-07,4.316135893740936
Philippines,CHN->Partner,2016-08,2.3189215110713786
Philippines,CHN->Partner,2016-09,0.5821426140893191
Philippines,CHN->Partner,2016-10,1.0040834552569304
Philippines,CHN->Partner,2016-11,2.9999999999999964
Philippines,CHN->Partner,2016-12,6.9999999999999964
Philippines,CHN->Partner,2017-01,2.829972393137929
Philippines,CHN->Partner,2017-02,3.0336717182024753
Philippines,CHN->Partner,2017-03,3.240371296185259
Philippines,CHN->Partner,2017-04,1.9000000000000004
Philippines,CHN->Partner,2017-05,0.07023034990690746
Philippines,CHN->Partner,2017-06,-1.4999999999999982
Philippines,CHN->Partner,2017-07,1.0
Philippines,CHN->Partner,2017-08,-2.775140453871302
Philippines,CHN->Partner,2017-09,-0.13333333333333286
Philippines,CHN->Partner,2017-10,0.9305164931265786
Philippines,CHN->Partner,2017-11,2.0985175269415883
Philippines,CHN->Partner,2017-12,2.733850603088664
Philippines,CHN->Partner,2018-01,3.3999999999999986
Philippines,CHN->Partner,2018-02,0.3000000000000007
Philippines,CHN->Partner,2018-03,6.399999999999999
Philippines,CHN->Partner,2018-04,4.249999999999998
Philippines,CHN->Partner,2018-05,4.669841842488246
Philippines,CHN->Partner,2018-06,5.101242188104617
Philippines,CHN->Partner,2018-07,5.54451924952123
Philippines,CHN->Partner,2018-08,6.0
Philippines,CHN->Partner,2018-09,2.9499999999999993
Philippines,CHN->Partner,2018-10,3.149999999999997
Philippines,CHN->Partner,2018-11,3.0658894327173716
Philippines,CHN->Partner,2018-12,3.666975091077795
Philippines,CHN->Partner,2019-01,4.293747284969081
Philippines,CHN->Partner,2019-02,-3.1999999999999984
Philippines,CHN->Partner,2019-03,-3.1999999999999984
Philippines,Partner->CHN,2002-01,4.0
Philippines,Partner->CHN,2002-02,-3.500000000000001
Philippines,Partner->CHN,2002-03,-1.1638422135469995
Philippines,Partner->CHN,2002-04,1.9000000000000004
Philippines,Partner->CHN,2002-05,0.9500000000000011
Philippines,Partner->CHN,2002-06,1.66199328647488
Philippines,Partner->CHN,2002-07,2.416407864998739
Philippines,Partner->CHN,2002-08,2.6143739298433886
Philippines,Partner->CHN,2002-09,2.815261086773523
Philippines,Partner->CHN,2002-10,2.5
Philippines,Partner->CHN,2002-11,4.0
Philippines,Partner->CHN,2002-12,1.6514899795262412
Philippines,Partner->CHN,2003-01,-0.3293200865298118
Philippines,Partner->CHN,2003-02,-1.9999999999999982
Philippines,Partner->CHN,2003-03,-0.607695154586736
Philippines,Partner->CHN,2003-04,1.0
Philippines,Partner->CHN,2003-05,1.3125737477830377
Philippines,Partner->CHN,2003-06,1.6332893578830063
Philippines,Partner->CHN,2003-07,1.9623589080014323
Philippines,Partner->CHN,2003-08,2.3000000000000025
Philippines,Partner->CHN,2003-09,2.8000000000000025
Philippines,Partner->CHN,2003-10,3.3999999999999986
Philippines,Partner->CHN,2003-11,0.5693692328029822
Philippines,Partner->CHN,2003-12,-1.7048399691022027
Philippines,Partner->CHN,2004-01,-3.53200427253826
Philippines,Partner->CHN,2004-02,-5.0
Philippines,Partner->CHN,2004-03,-3.678900102570841
Philippines,Partner->CHN,2004-04,-2.066916048643794
Philippines,Partner->CHN,2004-05,-0.09999999999999964
Philippines,Partner->CHN,2004-06,0.8342952776601233
Philippines,Partner->CHN,2004-07,1.8486738274173167
Philippines,Partner->CHN,2004-08,2.9499999999999993
Philippines,Partner->CHN,2004-09,3.637392880681764
Philippines,Partner->CHN,2004-10,4.623782972941363
Philippines,Partner->CHN,2004-11,5.676644288733673
Philippines,Partner->CHN,2004-12,6.800456215668735
Philippines,Partner->CHN,2005-01,7.9999999999999964
Philippines,Partner->CHN,2005-02,6.812916661793487
Philippines,Partner->CHN,2005-03,5.699999999999996
Philippines,Partner->CHN,2005-04,-2.1999999999999993
Philippines,Partner->CHN,2005-05,1.0
Philippines,Partner->CHN,2005-06,1.0
Philippines,Partner->CHN,2005-07,4.499999999999998
Philippines,Partner->CHN,2005-08,4.12430044803139
Philippines,Partner->CHN,2005-09,3.757707357569199
Philippines,Partner->CHN,2005-10,3.3999999999999986
Philippines,Partner->CHN,2005-11,6.099999999999994
Philippines,Partner->CHN,2005-12,1.174999999999999
Philippines,Partner->CHN,2006-01,7.9999999999999964
Philippines,Partner->CHN,2006-02,5.301571855893922
Philippines,Partner->CHN,2006-03,2.986381314361738
Philippines,Partner->CHN,2006-04,1.0
Philippines,Partner->CHN,2006-05,1.884098726725128
Philippines,Partner->CHN,2006-06,2.833333333333332
Philippines,Partner->CHN,2006-07,2.4055639625358367
Philippines,Partner->CHN,2006-08,1.9910225412269469
Philippines,Partner->CHN,2006-09,1.5893000203732015
Philippines,Partner->CHN,2006-10,1.1999999999999993
Philippines,Partner->CHN,2006-11,0.4999999999999982
Philippines,Partner->CHN,2006-12,6.0
Philippines,Partner->CHN,2007-01,3.9639405236074143
Philippines,Partner->CHN,2007-02,1.8297835429784843
Philippines,Partner->CHN,2007-03,1.7763568394002505e-15
Philippines,Partner->CHN,2007-04,0.977271794381565
Philippines,Partner->CHN,2007-05,2.041367239680749
Philippines,Partner->CHN,2007-06,3.1999999999999993
Philippines,Partner->CHN,2007-07,1.7232071428551379
Philippines,Partner->CHN,2007-08,0.40000000000000036
Philippines,Partner->CHN,2007-09,2.4000000000000004
Philippines,Partner->CHN,2007-10,1.0
Philippines,Partner->CHN,2007-11,1.572274638059767
Philippines,Partner->CHN,2007-12,2.1718407979000744
Philippines,Partner->CHN,2008-01,2.8000000000000025
Philippines,Partner->CHN,2008-02,4.3166575988366365
Philippines,Partner->CHN,2008-03,6.0
Philippines,Partner->CHN,2008-04,4.247016220559837
Philippines,Partner->CHN,2008-05,2.6747943311773454
Philippines,Partner->CHN,2008-06,1.2646947635459274
Philippines,Partner->CHN,2008-07,1.7763568394002505e-15
Philippines,Partner->CHN,2008-08,2.9499999999999993
Philippines,Partner->CHN,2008-09,-5.0
Philippines,Partner->CHN,2008-10,-3.746691957508407
Philippines,Partner->CHN,2008-11,-2.2315870734544614
Philippines,Partner->CHN,2008-12,-0.40000000000000036
Philippines,Partner->CHN,2009-01,1.7763568394002505e-15
Philippines,Partner->CHN,2009-02,4.999999999999998
Philippines,Partner->CHN,2009-03,0.22932420089069439
Philippines,Partner->CHN,2009-04,-1.4999999999999982
Philippines,Partner->CHN,2009-05,-10.0
Philippines,Partner->CHN,2009-06,-7.127016653792583
Philippines,Partner->CHN,2009-07,4.0
Philippines,Partner->CHN,2009-08,6.0
Philippines,Partner->CHN,2009-09,3.0999999999999996
Philippines,Partner->CHN,2009-10,7.9999999999999964
Philippines,Partner->CHN,2009-11,1.8499999999999996
Philippines,Partner->CHN,2009-12,1.4177292610203072
Philippines,Partner->CHN,2010-01,1.0
Philippines,Partner->CHN,2010-02,-5.0
Philippines,Partner->CHN,2010-03,2.8000000000000025
Philippines,Partner->CHN,2010-04,0.6999999999999993
Philippines,Partner->CHN,2010-05,1.3841885448513178
Philippines,Partner->CHN,2010-06,2.1083868302928703
Philippines,Partner->CHN,2010-07,2.8749345320677584
Philippines,Partner->CHN,2010-08,3.686308144666283
Philippines,Partner->CHN,2010-09,1.333333333333334
Philippines,Partner->CHN,2010-10,4.049999999999997
Philippines,Partner->CHN,2010-11,4.0
Philippines,Partner->CHN,2010-12,2.3512812921102064
Philippines,Partner->CHN,2011-01,1.0
Philippines,Partner->CHN,2011-02,-5.0
Philippines,Partner->CHN,2011-03,-0.8333333333333321
Philippines,Partner->CHN,2011-04,1.0
Philippines,Partner->CHN,2011-05,-1.879874265422142
Philippines,Partner->CHN,2011-06,-1.183955450407188
Philippines,Partner->CHN,2011-07,-2.301064384256682
Philippines,Partner->CHN,2011-08,1.58735044323047
Philippines,Partner->CHN,2011-09,1.485654530723643
Philippines,Partner->CHN,2011-10,-4.000000000000001
Philippines,Partner->CHN,2011-11,-4.999999999999999
Philippines,Partner->CHN,2011-12,0.8000000000000007
Philippines,Partner->CHN,2012-01,-4.999999999999999
Philippines,Partner->CHN,2012-02,-2.8759615953640374
Philippines,Partner->CHN,2012-03,1.7763568394002505e-15
Philippines,Partner->CHN,2012-04,-0.3759995890640493
Philippines,Partner->CHN,2012-05,-0.32129800752423066
Philippines,Partner->CHN,2012-06,-0.5499999999999989
Philippines,Partner->CHN,2012-07,-2.5666666666666664
Philippines,Partner->CHN,2012-08,-6.5
Philippines,Partner->CHN,2012-09,0.6999999999999993
Philippines,Partner->CHN,2012-10,0.4999999999999982
Philippines,Partner->CHN,2012-11,-5.5
Philippines,Partner->CHN,2012-12,-0.2171769238834873
Philippines,Partner->CHN,2013-01,-5.525025880166791
Philippines,Partner->CHN,2013-02,1.7763568394002505e-15
Philippines,Partner->CHN,2013-03,-1.050125628933797
Philippines,Partner->CHN,2013-04,-1.9999999999999982
Philippines,Partner->CHN,2013-05,-3.259297626721418
Philippines,Partner->CHN,2013-06,3.5333333333333314
Philippines,Partner->CHN,2013-07,-3.1399999999999997
Philippines,Partner->CHN,2013-08,-0.9999999999999982
Philippines,Partner->CHN,2013-09,-5.5
Philippines,Partner->CHN,2013-10,-1.5333333333333314
Philippines,Partner->CHN,2013-11,-6.5174733281837005
Philippines,Partner->CHN,2013-12,-4.000000000000001
Philippines,Partner->CHN,2014-01,-2.490009378195303
Philippines,Partner->CHN,2014-02,-0.6542942309708728
Philippines,Partner->CHN,2014-03,1.7763568394002505e-15
Philippines,Partner->CHN,2014-04,-1.1071881801324253
Philippines,Partner->CHN,2014-05,-5.190407183885444
Philippines,Partner->CHN,2014-06,-1.2667916705692583
Philippines,Partner->CHN,2014-07,-4.143784870485769
Philippines,Partner->CHN,2014-08,-5.0
Philippines,Partner->CHN,2014-09,1.3836461788299115
Philippines,Partner->CHN,2014-10,1.7763568394002505e-15
Philippines,Partner->CHN,2014-11,0.054301463052645715
Philippines,Partner->CHN,2014-12,-1.8750777918989527
Philippines,Partner->CHN,2015-01,-2.6866079952757325
Philippines,Partner->CHN,2015-02,-3.425964293388085
Philippines,Partner->CHN,2015-03,-1.9999999999999982
Philippines,Partner->CHN,2015-04,-0.9999999999999982
Philippines,Partner->CHN,2015-05,-5.6
Philippines,Partner->CHN,2015-06,-7.317238094576592
Philippines,Partner->CHN,2015-07,-0.2500000000000018
Philippines,Partner->CHN,2015-08,-1.1143488778323647
Philippines,Partner->CHN,2015-09,-5.6
Philippines,Partner->CHN,2015-10,-10.0
Philippines,Partner->CHN,2015-11,-2.5666666666666664
Philippines,Partner->CHN,2015-12,-4.3515811979188745
Philippines,Partner->CHN,2016-01,-2.5
Philippines,Partner->CHN,2016-02,4.0
Philippines,Partner->CHN,2016-03,-1.9999999999999982
Philippines,Partner->CHN,2016-04,-0.18125725058980358
Philippines,Partner->CHN,2016-05,-1.0999999999999996
Philippines,Partner->CHN,2016-06,1.3026857407955408
Philippines,Partner->CHN,2016-07,-1.033518963490378
Philippines,Partner->CHN,2016-08,-3.9019237886466813
Philippines,Partner->CHN,2016-09,1.7270509831248404
Philippines,Partner->CHN,2016-10,2.423353212260711
Philippines,Partner->CHN,2016-11,0.879999999999999
Philippines,Partner->CHN,2016-12,-5.0
Philippines,Partner->CHN,2017-01,-4.1853345298424545
Philippines,Partner->CHN,2017-02,-1.232435483591333
Philippines,Partner->CHN,2017-03,2.9999999999999964
Philippines,Partner->CHN,2017-04,-0.40000000000000036
Philippines,Partner->CHN,2017-05,-0.9343538477669746
Philippines,Partner->CHN,2017-06,6.0
Philippines,Partner->CHN,2017-07,0.48912529307605546
Philippines,Partner->CHN,2017-08,1.8833750141136463
Philippines,Partner->CHN,2017-09,3.4468223228722845
Philippines,Partner->CHN,2017-10,5.199999999999996
Philippines,Partner->CHN,2017-11,-1.2613017237175814
Philippines,Partner->CHN,2017-12,-1.6379337490839259
Philippines,Partner->CHN,2018-01,-1.9999999999999982
Philippines,Partner->CHN,2018-02,0.3000000000000007
Philippines,Partner->CHN,2018-03,-0.935966737232306
Philippines,Partner->CHN,2018-04,2.5
Philippines,Partner->CHN,2018-05,-3.7333333333333316
Philippines,Partner->CHN,2018-06,-4.396970392312328
Philippines,Partner->CHN,2018-07,-5.0
Philippines,Partner->CHN,2018-08,1.7763568394002505e-15
Philippines,Partner->CHN,2018-09,-0.40000000000000036
Philippines,Partner->CHN,2018-10,4.496426544510454
Philippines,Partner->CHN,2018-11,3.253131575874077
Philippines,Partner->CHN,2018-12,3.0807370865711263
Philippines,Partner->CHN,2019-01,2.910427743243556
Philippines,Partner->CHN,2019-02,2.910427743243556
Philippines,Partner->CHN,2019-03,2.910427743243556
Russia,Aggregated,2002-01,4.258969705531598
Russia,Aggregated,2002-02,4.0
Russia,Aggregated,2002-03,1.6738366277931682
Russia,Aggregated,2002-04,0.9816205434157563
Russia,Aggregated,2002-05,2.389716296066915
Russia,Aggregated,2002-06,1.7020723675422431
Russia,Aggregated,2002-07,3.023284640651161
Russia,Aggregated,2002-08,2.9654304901514976
Russia,Aggregated,2002-09,1.979830254568851
Russia,Aggregated,2002-10,2.249765632923099
Russia,Aggregated,2002-11,1.3495392525851475
Russia,Aggregated,2002-12,1.5903260917327966
Russia,Aggregated,2003-01,1.2943016808368704
Russia,Aggregated,2003-02,2.277545211452397
Russia,Aggregated,2003-03,1.5512121098479987
Russia,Aggregated,2003-04,1.820782415359913
Russia,Aggregated,2003-05,1.9052033022351278
Russia,Aggregated,2003-06,2.675616197466992
Russia,Aggregated,2003-07,0.9684730258411438
Russia,Aggregated,2003-08,1.713774818901788
Russia,Aggregated,2003-09,2.5062720568048498
Russia,Aggregated,2003-10,1.9375894734601644
Russia,Aggregated,2003-11,1.954995243830684
Russia,Aggregated,2003-12,-0.37769512337725075
Russia,Aggregated,2004-01,1.761272820200368
Russia,Aggregated,2004-02,1.666902115072686
Russia,Aggregated,2004-03,0.7598635557400968
Russia,Aggregated,2004-04,2.5853784422549406
Russia,Aggregated,2004-05,1.4851809365685895
Russia,Aggregated,2004-06,2.089652530815057
Russia,Aggregated,2004-07,1.4178711605158778
Russia,Aggregated,2004-08,-0.04936583402385786
Russia,Aggregated,2004-09,1.8130740464614306
Russia,Aggregated,2004-10,2.0962427189413404
Russia,Aggregated,2004-11,1.7171057197809834
Russia,Aggregated,2004-12,3.2390810413532662
Russia,Aggregated,2005-01,3.418792581530619
Russia,Aggregated,2005-02,2.3551747258737112
Russia,Aggregated,2005-03,2.449907689806743
Russia,Aggregated,2005-04,3.5557721224540124
Russia,Aggregated,2005-05,2.1937032274407766
Russia,Aggregated,2005-06,1.1295857029478231
Russia,Aggregated,2005-07,2.4678655867056456
Russia,Aggregated,2005-08,2.1161767273932544
Russia,Aggregated,2005-09,1.638265482969807
Russia,Aggregated,2005-10,1.4677682842641033
Russia,Aggregated,2005-11,2.54571745247471
Russia,Aggregated,2005-12,2.6430333845876515
Russia,Aggregated,2006-01,2.495495078327073
Russia,Aggregated,2006-02,2.0211998131121973
Russia,Aggregated,2006-03,2.618883696679207
Russia,Aggregated,2006-04,2.3988712510854278
Russia,Aggregated,2006-05,2.636790787918283
Russia,Aggregated,2006-06,1.1574910853770444
Russia,Aggregated,2006-07,1.8032604371183396
Russia,Aggregated,2006-08,2.967421889833817
Russia,Aggregated,2006-09,2.559173729951219
Russia,Aggregated,2006-10,2.5532634593860646
Russia,Aggregated,2006-11,3.3434770600464514
Russia,Aggregated,2006-12,2.2558702214598068
Russia,Aggregated,2007-01,0.9047853668333712
Russia,Aggregated,2007-02,3.222739943705726
Russia,Aggregated,2007-03,2.86868943085185
Russia,Aggregated,2007-04,3.4695431318327756
Russia,Aggregated,2007-05,4.294758169076156
Russia,Aggregated,2007-06,2.8734688248422398
Russia,Aggregated,2007-07,3.266864998106115
Russia,Aggregated,2007-08,2.254168728342327
Russia,Aggregated,2007-09,2.576728275398544
Russia,Aggregated,2007-10,2.761890214955086
Russia,Aggregated,2007-11,2.580766795575556
Russia,Aggregated,2007-12,3.0091899220023937
Russia,Aggregated,2008-01,1.5830075479001255
Russia,Aggregated,2008-02,3.799999999999997
Russia,Aggregated,2008-03,1.468215139865956
Russia,Aggregated,2008-04,0.6330192472830838
Russia,Aggregated,2008-05,1.656526375844635
Russia,Aggregated,2008-06,2.7038011628844743
Russia,Aggregated,2008-07,1.5214540842327438
Russia,Aggregated,2008-08,2.05525563075582
Russia,Aggregated,2008-09,2.6300712580505543
Russia,Aggregated,2008-10,3.200757903594445
Russia,Aggregated,2008-11,3.2404022624603765
Russia,Aggregated,2008-12,2.6407677529323106
Russia,Aggregated,2009-01,0.1097957606578781
Russia,Aggregated,2009-02,2.508718507396816
Russia,Aggregated,2009-03,2.2262428578300053
Russia,Aggregated,2009-04,3.610262974205318
Russia,Aggregated,2009-05,1.867329840599016
Russia,Aggregated,2009-06,3.14082617465632
Russia,Aggregated,2009-07,2.664711642212243
Russia,Aggregated,2009-08,0.3638261687152866
Russia,Aggregated,2009-09,3.0667093476614404
Russia,Aggregated,2009-10,2.6571481977998683
Russia,Aggregated,2009-11,1.8058579631985996
Russia,Aggregated,2009-12,1.5912675232608962
Russia,Aggregated,2010-01,2.3761067237635523
Russia,Aggregated,2010-02,3.9504902707159353
Russia,Aggregated,2010-03,1.6467960995845274
Russia,Aggregated,2010-04,2.027854236127583
Russia,Aggregated,2010-05,-0.2232931189822871
Russia,Aggregated,2010-06,1.7221910990450464
Russia,Aggregated,2010-07,2.968152319451951
Russia,Aggregated,2010-08,-0.6194948963088152
Russia,Aggregated,2010-09,1.335320034924223
Russia,Aggregated,2010-10,1.5421399262730375
Russia,Aggregated,2010-11,2.2844895142357053
Russia,Aggregated,2010-12,1.1509509974845624
Russia,Aggregated,2011-01,-0.007939577138049714
Russia,Aggregated,2011-02,4.182085548648713
Russia,Aggregated,2011-03,3.0847996782337184
Russia,Aggregated,2011-04,2.9204368135424463
Russia,Aggregated,2011-05,1.8094922277504875
Russia,Aggregated,2011-06,2.038597278222639
Russia,Aggregated,2011-07,1.4369076095485056
Russia,Aggregated,2011-08,-0.9898424200951013
Russia,Aggregated,2011-09,2.415884075840708
Russia,Aggregated,2011-10,1.0781639971126413
Russia,Aggregated,2011-11,2.51757132730266
Russia,Aggregated,2011-12,3.1942124835902383
Russia,Aggregated,2012-01,-1.6515009411737633
Russia,Aggregated,2012-02,0.6486505468760999
Russia,Aggregated,2012-03,2.334692119714095
Russia,Aggregated,2012-04,2.613777143626688
Russia,Aggregated,2012-05,3.6909104420339904
Russia,Aggregated,2012-06,2.436929239442817
Russia,Aggregated,2012-07,-2.3827491931731597
Russia,Aggregated,2012-08,0.8368475862803528
Russia,Aggregated,2012-09,1.5555080918329196
Russia,Aggregated,2012-10,1.2500000000000018
Russia,Aggregated,2012-11,2.482579955648328
Russia,Aggregated,2012-12,0.9334872305656194
Russia,Aggregated,2013-01,1.953999815900696
Russia,Aggregated,2013-02,3.8174321513995757
Russia,Aggregated,2013-03,1.3688078185799455
Russia,Aggregated,2013-04,0.5641382909804289
Russia,Aggregated,2013-05,2.5500000000000043
Russia,Aggregated,2013-06,3.0288405619380665
Russia,Aggregated,2013-07,2.1282909804022463
Russia,Aggregated,2013-08,2.271300127089683
Russia,Aggregated,2013-09,2.057118100965045
Russia,Aggregated,2013-10,1.7599948145914563
Russia,Aggregated,2013-11,3.2231208556143827
Russia,Aggregated,2013-12,2.7039072593392817
Russia,Aggregated,2014-01,2.170878228775015
Russia,Aggregated,2014-02,2.2338058656858397
Russia,Aggregated,2014-03,1.065178096605539
Russia,Aggregated,2014-04,1.7916273990297942
Russia,Aggregated,2014-05,1.765762703003901
Russia,Aggregated,2014-06,3.4641532710867313
Russia,Aggregated,2014-07,2.606629343333614
Russia,Aggregated,2014-08,3.1383848350941896
Russia,Aggregated,2014-09,2.2003745178319267
Russia,Aggregated,2014-10,1.9105467560563163
Russia,Aggregated,2014-11,2.7411650466225286
Russia,Aggregated,2014-12,2.3460994685228673
Russia,Aggregated,2015-01,3.901717669578135
Russia,Aggregated,2015-02,1.710845746325795
Russia,Aggregated,2015-03,0.914285714285711
Russia,Aggregated,2015-04,2.849263000832506
Russia,Aggregated,2015-05,2.499482844015283
Russia,Aggregated,2015-06,1.6136584884473049
Russia,Aggregated,2015-07,3.2369253764695465
Russia,Aggregated,2015-08,2.2046508847056607
Russia,Aggregated,2015-09,2.151467844868346
Russia,Aggregated,2015-10,2.9065508896794707
Russia,Aggregated,2015-11,3.169517333509214
Russia,Aggregated,2015-12,3.440568205940856
Russia,Aggregated,2016-01,3.1372123215173158
Russia,Aggregated,2016-02,1.7763568394002505e-15
Russia,Aggregated,2016-03,2.0728539813699616
Russia,Aggregated,2016-04,-0.4331012788650188
Russia,Aggregated,2016-05,1.719999999999997
Russia,Aggregated,2016-06,2.2110206988475216
Russia,Aggregated,2016-07,0.6535483501127164
Russia,Aggregated,2016-08,3.25
Russia,Aggregated,2016-09,1.2756867538909393
Russia,Aggregated,2016-10,0.9342413574762265
Russia,Aggregated,2016-11,1.458536960549063
Russia,Aggregated,2016-12,1.5834354680272806
Russia,Aggregated,2017-01,1.8750245847134508
Russia,Aggregated,2017-02,1.725726373330092
Russia,Aggregated,2017-03,2.549999999999997
Russia,Aggregated,2017-04,1.5205868454432405
Russia,Aggregated,2017-05,0.3099281203978599
Russia,Aggregated,2017-06,1.4623832504191672
Russia,Aggregated,2017-07,1.4253949487420385
Russia,Aggregated,2017-08,2.1295762407505254
Russia,Aggregated,2017-09,1.4101280085566792
Russia,Aggregated,2017-10,-1.4270710657233252
Russia,Aggregated,2017-11,0.3582028388758758
Russia,Aggregated,2017-12,1.4447331922020545
Russia,Aggregated,2018-01,-4.666666666666667
Russia,Aggregated,2018-02,2.273743884534264
Russia,Aggregated,2018-03,2.5705184904674816
Russia,Aggregated,2018-04,0.7124642935605863
Russia,Aggregated,2018-05,2.912279972976881
Russia,Aggregated,2018-06,1.8005258492441172
Russia,Aggregated,2018-07,2.948446125956888
Russia,Aggregated,2018-08,2.2677331014995765
Russia,Aggregated,2018-09,2.5827873720447094
Russia,Aggregated,2018-10,1.2511130191540616
Russia,Aggregated,2018-11,2.0
Russia,Aggregated,2018-12,2.4749999999999996
Russia,Aggregated,2019-01,5.700000000000003
Russia,Aggregated,2019-02,4.0
Russia,Aggregated,2019-03,2.25
Russia,CHN->Partner,2002-01,4.608688302107506
Russia,CHN->Partner,2002-02,4.16666666666667
Russia,CHN->Partner,2002-03,3.579516545425834
Russia,CHN->Partner,2002-04,0.8368287756467101
Russia,CHN->Partner,2002-05,2.587500000000002
Russia,CHN->Partner,2002-06,1.5306327355887959
Russia,CHN->Partner,2002-07,3.204057841243305
Russia,CHN->Partner,2002-08,2.9592447867050087
Russia,CHN->Partner,2002-09,1.8729916391359644
Russia,CHN->Partner,2002-10,2.8099095094219653
Russia,CHN->Partner,2002-11,1.660561735894177
Russia,CHN->Partner,2002-12,1.4310193280933614
Russia,CHN->Partner,2003-01,3.3455844122715686
Russia,CHN->Partner,2003-02,2.091530042114952
Russia,CHN->Partner,2003-03,0.988743731322165
Russia,CHN->Partner,2003-04,2.0642230950431664
Russia,CHN->Partner,2003-05,2.2999470064967866
Russia,CHN->Partner,2003-06,2.724999999999998
Russia,CHN->Partner,2003-07,0.11111111111110894
Russia,CHN->Partner,2003-08,1.5540301299660726
Russia,CHN->Partner,2003-09,2.966456456955873
Russia,CHN->Partner,2003-10,2.590094166542034
Russia,CHN->Partner,2003-11,2.512498688844632
Russia,CHN->Partner,2003-12,0.010640096613336425
Russia,CHN->Partner,2004-01,2.1715524908204493
Russia,CHN->Partner,2004-02,2.5040384526366584
Russia,CHN->Partner,2004-03,1.1319474626265063
Russia,CHN->Partner,2004-04,2.4832838688937784
Russia,CHN->Partner,2004-05,2.2624518710818435
Russia,CHN->Partner,2004-06,2.5289541619471123
Russia,CHN->Partner,2004-07,2.3713679535573977
Russia,CHN->Partner,2004-08,-0.7010457818735691
Russia,CHN->Partner,2004-09,1.649101724377811
Russia,CHN->Partner,2004-10,2.6904463941194123
Russia,CHN->Partner,2004-11,1.7978125921924235
Russia,CHN->Partner,2004-12,2.6931061602445094
Russia,CHN->Partner,2005-01,2.64581004383904
Russia,CHN->Partner,2005-02,1.8201539323762308
Russia,CHN->Partner,2005-03,2.193015641377274
Russia,CHN->Partner,2005-04,3.179388187595329
Russia,CHN->Partner,2005-05,2.039851617237675
Russia,CHN->Partner,2005-06,1.91253445641145
Russia,CHN->Partner,2005-07,3.0163037686899994
Russia,CHN->Partner,2005-08,2.3179646441076542
Russia,CHN->Partner,2005-09,2.834107151134683
Russia,CHN->Partner,2005-10,3.292567159681692
Russia,CHN->Partner,2005-11,3.296898280326907
Russia,CHN->Partner,2005-12,4.015767419819891
Russia,CHN->Partner,2006-01,3.168294506309234
Russia,CHN->Partner,2006-02,2.45885687587457
Russia,CHN->Partner,2006-03,3.5571941041227415
Russia,CHN->Partner,2006-04,2.249302373335947
Russia,CHN->Partner,2006-05,2.81442992694293
Russia,CHN->Partner,2006-06,2.384101609149429
Russia,CHN->Partner,2006-07,2.013870520744181
Russia,CHN->Partner,2006-08,2.842733641449666
Russia,CHN->Partner,2006-09,2.6064319767141555
Russia,CHN->Partner,2006-10,2.740305372015797
Russia,CHN->Partner,2006-11,3.688224655223671
Russia,CHN->Partner,2006-12,2.54508575933243
Russia,CHN->Partner,2007-01,2.2076895980229434
Russia,CHN->Partner,2007-02,4.218157616517345
Russia,CHN->Partner,2007-03,3.2711772502058256
Russia,CHN->Partner,2007-04,4.2384563434730556
Russia,CHN->Partner,2007-05,3.992029173509584
Russia,CHN->Partner,2007-06,3.3074238624614516
Russia,CHN->Partner,2007-07,3.9451753230063833
Russia,CHN->Partner,2007-08,2.3553701610994207
Russia,CHN->Partner,2007-09,3.268850392699429
Russia,CHN->Partner,2007-10,3.549875471507601
Russia,CHN->Partner,2007-11,2.2970564283948036
Russia,CHN->Partner,2007-12,3.5625000000000018
Russia,CHN->Partner,2008-01,4.615077526221709
Russia,CHN->Partner,2008-02,3.4333333333333353
Russia,CHN->Partner,2008-03,2.402908838306539
Russia,CHN->Partner,2008-04,4.338304036647793
Russia,CHN->Partner,2008-05,2.396444198728471
Russia,CHN->Partner,2008-06,2.6000000000000014
Russia,CHN->Partner,2008-07,2.421088802514962
Russia,CHN->Partner,2008-08,2.5022119101705975
Russia,CHN->Partner,2008-09,5.249293734584207
Russia,CHN->Partner,2008-10,3.2669006440885937
Russia,CHN->Partner,2008-11,3.119999999999999
Russia,CHN->Partner,2008-12,2.513635563285604
Russia,CHN->Partner,2009-01,0.39407383983000166
Russia,CHN->Partner,2009-02,2.0607181445185905
Russia,CHN->Partner,2009-03,2.356658828864191
Russia,CHN->Partner,2009-04,2.9284572206993538
Russia,CHN->Partner,2009-05,2.973972288318425
Russia,CHN->Partner,2009-06,2.80503706934884
Russia,CHN->Partner,2009-07,3.0983696119831947
Russia,CHN->Partner,2009-08,1.4000348584365199
Russia,CHN->Partner,2009-09,2.782821751346235
Russia,CHN->Partner,2009-10,2.867801072580356
Russia,CHN->Partner,2009-11,3.513033871712585
Russia,CHN->Partner,2009-12,0.3843864832996218
Russia,CHN->Partner,2010-01,2.523110025818827
Russia,CHN->Partner,2010-02,4.599999999999998
Russia,CHN->Partner,2010-03,1.9238112860207153
Russia,CHN->Partner,2010-04,3.829927840030086
Russia,CHN->Partner,2010-05,0.8841375338996507
Russia,CHN->Partner,2010-06,2.5726077052770133
Russia,CHN->Partner,2010-07,2.8952682438160853
Russia,CHN->Partner,2010-08,-1.0833333333333357
Russia,CHN->Partner,2010-09,2.287133112862641
Russia,CHN->Partner,2010-10,1.8061381275609971
Russia,CHN->Partner,2010-11,2.370359309694754
Russia,CHN->Partner,2010-12,2.0816784978443614
Russia,CHN->Partner,2011-01,-1.3723930641891098
Russia,CHN->Partner,2011-02,4.499999999999998
Russia,CHN->Partner,2011-03,2.5664380398576334
Russia,CHN->Partner,2011-04,3.7652347576401066
Russia,CHN->Partner,2011-05,1.5599999999999987
Russia,CHN->Partner,2011-06,2.7044357594753308
Russia,CHN->Partner,2011-07,0.5688580389871838
Russia,CHN->Partner,2011-08,1.603475914414517
Russia,CHN->Partner,2011-09,2.4925017770157964
Russia,CHN->Partner,2011-10,1.015926746471763
Russia,CHN->Partner,2011-11,2.6325871778143632
Russia,CHN->Partner,2011-12,3.1942124835902383
Russia,CHN->Partner,2012-01,-1.520898033750317
Russia,CHN->Partner,2012-02,1.5981811916545858
Russia,CHN->Partner,2012-03,2.770016727410466
Russia,CHN->Partner,2012-04,2.8504429263480695
Russia,CHN->Partner,2012-05,3.892416437130814
Russia,CHN->Partner,2012-06,2.698897284330066
Russia,CHN->Partner,2012-07,0.02607572550046733
Russia,CHN->Partner,2012-08,1.3138483509570076
Russia,CHN->Partner,2012-09,2.433809513901089
Russia,CHN->Partner,2012-10,2.3749999999999964
Russia,CHN->Partner,2012-11,2.0718679419175956
Russia,CHN->Partner,2012-12,2.0070715807241974
Russia,CHN->Partner,2013-01,2.065410110915966
Russia,CHN->Partner,2013-02,3.83024452840127
Russia,CHN->Partner,2013-03,1.579761572872446
Russia,CHN->Partner,2013-04,2.1832652652979565
Russia,CHN->Partner,2013-05,3.3499999999999996
Russia,CHN->Partner,2013-06,3.6343749109822436
Russia,CHN->Partner,2013-07,3.2999750562704246
Russia,CHN->Partner,2013-08,2.5138435903366076
Russia,CHN->Partner,2013-09,2.162325633212676
Russia,CHN->Partner,2013-10,1.8337110078058814
Russia,CHN->Partner,2013-11,3.6833395729585554
Russia,CHN->Partner,2013-12,0.6549804226424847
Russia,CHN->Partner,2014-01,2.3932570551074512
Russia,CHN->Partner,2014-02,2.9831282873072524
Russia,CHN->Partner,2014-03,1.3799999999999972
Russia,CHN->Partner,2014-04,0.8918077032094498
Russia,CHN->Partner,2014-05,3.791642185923335
Russia,CHN->Partner,2014-06,2.4959073331777315
Russia,CHN->Partner,2014-07,3.5153811832561903
Russia,CHN->Partner,2014-08,3.011308144666282
Russia,CHN->Partner,2014-09,1.8821231773860685
Russia,CHN->Partner,2014-10,2.2021420853507614
Russia,CHN->Partner,2014-11,2.5330959814156326
Russia,CHN->Partner,2014-12,2.0766537089859334
Russia,CHN->Partner,2015-01,4.270275500464921
Russia,CHN->Partner,2015-02,1.567008009141455
Russia,CHN->Partner,2015-03,1.2999999999999972
Russia,CHN->Partner,2015-04,2.2698676468104946
Russia,CHN->Partner,2015-05,2.9907583623557397
Russia,CHN->Partner,2015-06,1.3171581150546174
Russia,CHN->Partner,2015-07,3.84703235727269
Russia,CHN->Partner,2015-08,2.2945879114080157
Russia,CHN->Partner,2015-09,2.612073053958836
Russia,CHN->Partner,2015-10,3.084731931759171
Russia,CHN->Partner,2015-11,3.207381314737754
Russia,CHN->Partner,2015-12,3.5601020378584494
Russia,CHN->Partner,2016-01,2.2074612405955634
Russia,CHN->Partner,2016-02,3.5
Russia,CHN->Partner,2016-03,2.6026069358108916
Russia,CHN->Partner,2016-04,-1.30966360495216
Russia,CHN->Partner,2016-05,1.7763568394002505e-15
Russia,CHN->Partner,2016-06,2.592530039070718
Russia,CHN->Partner,2016-07,0.23846153846153761
Russia,CHN->Partner,2016-08,3.5
Russia,CHN->Partner,2016-09,2.294596108635437
Russia,CHN->Partner,2016-10,1.575000000000001
Russia,CHN->Partner,2016-11,2.5269034062309075
Russia,CHN->Partner,2016-12,1.5143981288038297
Russia,CHN->Partner,2017-01,1.0228571071357138
Russia,CHN->Partner,2017-02,2.411264500857339
Russia,CHN->Partner,2017-03,2.549999999999997
Russia,CHN->Partner,2017-04,1.936297264768541
Russia,CHN->Partner,2017-05,1.116156409449843
Russia,CHN->Partner,2017-06,2.0
Russia,CHN->Partner,2017-07,1.9364824960843876
Russia,CHN->Partner,2017-08,2.1295762407505254
Russia,CHN->Partner,2017-09,3.934271851775156
Russia,CHN->Partner,2017-10,1.8249999999999993
Russia,CHN->Partner,2017-11,2.1208617716504694
Russia,CHN->Partner,2017-12,2.58946638440411
Russia,CHN->Partner,2018-01,-4.666666666666667
Russia,CHN->Partner,2018-02,2.142179855667827
Russia,CHN->Partner,2018-03,2.5095148963917318
Russia,CHN->Partner,2018-04,1.3166666666666664
Russia,CHN->Partner,2018-05,2.9240730665374084
Russia,CHN->Partner,2018-06,2.3832605277599335
Russia,CHN->Partner,2018-07,3.4044346900318843
Russia,CHN->Partner,2018-08,4.0142857142857125
Russia,CHN->Partner,2018-09,2.5653363114784025
Russia,CHN->Partner,2018-10,2.2600000000000016
Russia,CHN->Partner,2018-11,2.333333333333334
Russia,CHN->Partner,2018-12,3.299999999999999
Russia,CHN->Partner,2019-01,6.399999999999999
Russia,CHN->Partner,2019-02,6.799999999999994
Russia,CHN->Partner,2019-03,2.25
Russia,Partner->CHN,2002-01,3.6956663942828225
Russia,Partner->CHN,2002-02,4.0
Russia,Partner->CHN,2002-03,1.4606794148679132
Russia,Partner->CHN,2002-04,1.030965213107173
Russia,Partner->CHN,2002-05,2.8771412356083648
Russia,Partner->CHN,2002-06,2.6969898011211875
Russia,Partner->CHN,2002-07,2.7021391075217736
Russia,Partner->CHN,2002-08,3.3795919385753006
Russia,Partner->CHN,2002-09,2.773863244784117
Russia,Partner->CHN,2002-10,2.813148872742401
Russia,Partner->CHN,2002-11,1.973287991855189
Russia,Partner->CHN,2002-12,2.209753656807047
Russia,Partner->CHN,2003-01,0.7196340445548657
Russia,Partner->CHN,2003-02,2.961245586855659
Russia,Partner->CHN,2003-03,2.945149703170518
Russia,Partner->CHN,2003-04,0.8973665961010298
Russia,Partner->CHN,2003-05,2.1173275673345575
Russia,Partner->CHN,2003-06,2.3094720491334915
Russia,Partner->CHN,2003-07,2.635430542803297
Russia,Partner->CHN,2003-08,1.8651902812672674
Russia,Partner->CHN,2003-09,2.289507812145633
Russia,Partner->CHN,2003-10,2.037566931009472
Russia,Partner->CHN,2003-11,1.7808222292359606
Russia,Partner->CHN,2003-12,0.8765393439387008
Russia,Partner->CHN,2004-01,1.7689587449764126
Russia,Partner->CHN,2004-02,1.6785410320756906
Russia,Partner->CHN,2004-03,1.7001348073081513
Russia,Partner->CHN,2004-04,3.4299539962491377
Russia,Partner->CHN,2004-05,1.5864263605925792
Russia,Partner->CHN,2004-06,2.031705209529237
Russia,Partner->CHN,2004-07,1.3933282458308138
Russia,Partner->CHN,2004-08,1.4188495737403883
Russia,Partner->CHN,2004-09,3.2376143405639617
Russia,Partner->CHN,2004-10,2.305233464763802
Russia,Partner->CHN,2004-11,2.09842130963691
Russia,Partner->CHN,2004-12,3.165398777557197
Russia,Partner->CHN,2005-01,4.257172224547617
Russia,Partner->CHN,2005-02,2.648147028844436
Russia,Partner->CHN,2005-03,3.4751833842251507
Russia,Partner->CHN,2005-04,4.249576240750521
Russia,Partner->CHN,2005-05,3.013107954366335
Russia,Partner->CHN,2005-06,2.26625530331175
Russia,Partner->CHN,2005-07,2.54242815768524
Russia,Partner->CHN,2005-08,2.2944981615383284
Russia,Partner->CHN,2005-09,1.6075379057130554
Russia,Partner->CHN,2005-10,1.2658538782052862
Russia,Partner->CHN,2005-11,2.503276139985797
Russia,Partner->CHN,2005-12,1.8888469915420423
Russia,Partner->CHN,2006-01,2.554764681379538
Russia,Partner->CHN,2006-02,2.9138094761809494
Russia,Partner->CHN,2006-03,2.631937020822342
Russia,Partner->CHN,2006-04,2.7681692484204756
Russia,Partner->CHN,2006-05,3.020551012291536
Russia,Partner->CHN,2006-06,0.3003550998463407
Russia,Partner->CHN,2006-07,2.1995814044955004
Russia,Partner->CHN,2006-08,3.1236842297186875
Russia,Partner->CHN,2006-09,3.294671495156072
Russia,Partner->CHN,2006-10,2.352659362792295
Russia,Partner->CHN,2006-11,3.59700537175355
Russia,Partner->CHN,2006-12,2.3237220644423378
Russia,Partner->CHN,2007-01,2.089271335305183
Russia,Partner->CHN,2007-02,3.0361395772001654
Russia,Partner->CHN,2007-03,2.788023937554401
Russia,Partner->CHN,2007-04,3.3667527640951196
Russia,Partner->CHN,2007-05,5.141022529248847
Russia,Partner->CHN,2007-06,2.416666666666668
Russia,Partner->CHN,2007-07,2.7624325382254558
Russia,Partner->CHN,2007-08,2.7199405631893807
Russia,Partner->CHN,2007-09,2.6552739896877107
Russia,Partner->CHN,2007-10,2.4554809892146228
Russia,Partner->CHN,2007-11,3.3187059583288026
Russia,Partner->CHN,2007-12,3.1351863757539036
Russia,Partner->CHN,2008-01,2.1249999999999982
Russia,Partner->CHN,2008-02,4.499999999999998
Russia,Partner->CHN,2008-03,1.61872633676888
Russia,Partner->CHN,2008-04,-0.08461986152639689
Russia,Partner->CHN,2008-05,1.0912977969560433
Russia,Partner->CHN,2008-06,3.3027346441664562
Russia,Partner->CHN,2008-07,1.5431105044150026
Russia,Partner->CHN,2008-08,1.9384754235106385
Russia,Partner->CHN,2008-09,2.7696603864549107
Russia,Partner->CHN,2008-10,3.3610570271428646
Russia,Partner->CHN,2008-11,3.299999999999999
Russia,Partner->CHN,2008-12,2.6282864822549623
Russia,Partner->CHN,2009-01,1.5499999999999972
Russia,Partner->CHN,2009-02,2.889999999999999
Russia,Partner->CHN,2009-03,1.8285550435789002
Russia,Partner->CHN,2009-04,5.281147487107408
Russia,Partner->CHN,2009-05,1.7342084962978284
Russia,Partner->CHN,2009-06,3.738919601164204
Russia,Partner->CHN,2009-07,2.5401181773739943
Russia,Partner->CHN,2009-08,0.3741918474042283
Russia,Partner->CHN,2009-09,3.4070769304071398
Russia,Partner->CHN,2009-10,3.2733784983378023
Russia,Partner->CHN,2009-11,1.4780866613244665
Russia,Partner->CHN,2009-12,3.309530366135192
Russia,Partner->CHN,2010-01,2.5582965682296663
Russia,Partner->CHN,2010-02,3.5923292192132443
Russia,Partner->CHN,2010-03,3.0644498354678795
Russia,Partner->CHN,2010-04,1.666666666666666
Russia,Partner->CHN,2010-05,0.2773168527907224
Russia,Partner->CHN,2010-06,2.0046764644977806
Russia,Partner->CHN,2010-07,3.299999999999999
Russia,Partner->CHN,2010-08,3.015883931459573
Russia,Partner->CHN,2010-09,2.2172313734704456
Russia,Partner->CHN,2010-10,1.330740239074542
Russia,Partner->CHN,2010-11,2.5800711841540203
Russia,Partner->CHN,2010-12,1.6419189364932638
Russia,Partner->CHN,2011-01,2.25
Russia,Partner->CHN,2011-02,3.133333333333331
Russia,Partner->CHN,2011-03,3.6298514815086254
Russia,Partner->CHN,2011-04,2.214516125059644
Russia,Partner->CHN,2011-05,2.6297084310253513
Russia,Partner->CHN,2011-06,2.000197386723915
Russia,Partner->CHN,2011-07,3.5464625897770343
Russia,Partner->CHN,2011-08,-1.0429296978655938
Russia,Partner->CHN,2011-09,2.683399416454959
Russia,Partner->CHN,2011-10,2.86120444739095
Russia,Partner->CHN,2011-11,2.8436982889254754
Russia,Partner->CHN,2011-12,3.2132194189181575
Russia,Partner->CHN,2012-01,2.528536178219454
Russia,Partner->CHN,2012-02,0.2699295739719556
Russia,Partner->CHN,2012-03,2.2661918300400448
Russia,Partner->CHN,2012-04,2.9846626120691937
Russia,Partner->CHN,2012-05,3.8943833320920653
Russia,Partner->CHN,2012-06,2.512053586719608
Russia,Partner->CHN,2012-07,-2.149371301203809
Russia,Partner->CHN,2012-08,0.4575387631108576
Russia,Partner->CHN,2012-09,2.0470670948411946
Russia,Partner->CHN,2012-10,1.333333333333334
Russia,Partner->CHN,2012-11,3.211308144666285
Russia,Partner->CHN,2012-12,1.4023439807141056
Russia,Partner->CHN,2013-01,2.9999999999999964
Russia,Partner->CHN,2013-02,3.454036157964099
Russia,Partner->CHN,2013-03,2.1265259138040538
Russia,Partner->CHN,2013-04,1.3304243794653932
Russia,Partner->CHN,2013-05,2.2600000000000016
Russia,Partner->CHN,2013-06,2.2137933403403736
Russia,Partner->CHN,2013-07,1.9034645562763952
Russia,Partner->CHN,2013-08,2.249472329881012
Russia,Partner->CHN,2013-09,2.420725658663109
Russia,Partner->CHN,2013-10,2.0323124516184112
Russia,Partner->CHN,2013-11,3.1416089648674994
Russia,Partner->CHN,2013-12,4.633333333333336
Russia,Partner->CHN,2014-01,2.0232815729997498
Russia,Partner->CHN,2014-02,2.315838353621718
Russia,Partner->CHN,2014-03,1.1666666666666696
Russia,Partner->CHN,2014-04,2.429201090567041
Russia,Partner->CHN,2014-05,1.7704797500002023
Russia,Partner->CHN,2014-06,3.9915271759720987
Russia,Partner->CHN,2014-07,3.2506185776254597
Russia,Partner->CHN,2014-08,3.364528297487862
Russia,Partner->CHN,2014-09,2.997593057737163
Russia,Partner->CHN,2014-10,1.7737685599859478
Russia,Partner->CHN,2014-11,3.0589885307989295
Russia,Partner->CHN,2014-12,3.9988632447841166
Russia,Partner->CHN,2015-01,4.870448075431842
Russia,Partner->CHN,2015-02,1.2420361050758437
Russia,Partner->CHN,2015-03,1.9000000000000004
Russia,Partner->CHN,2015-04,3.8050510488337412
Russia,Partner->CHN,2015-05,2.4102414694750554
Russia,Partner->CHN,2015-06,1.8728516954793033
Russia,Partner->CHN,2015-07,3.1859876898013226
Russia,Partner->CHN,2015-08,2.9395509831248425
Russia,Partner->CHN,2015-09,2.3847492072729395
Russia,Partner->CHN,2015-10,2.724775356054044
Russia,Partner->CHN,2015-11,3.8560379529895688
Russia,Partner->CHN,2015-12,2.9789831526546937
Russia,Partner->CHN,2016-01,3.799999999999997
Russia,Partner->CHN,2016-02,-0.33333333333333215
Russia,Partner->CHN,2016-03,1.7690465157330273
Russia,Partner->CHN,2016-04,2.350000000000003
Russia,Partner->CHN,2016-05,3.1999999999999993
Russia,Partner->CHN,2016-06,2.503117079535473
Russia,Partner->CHN,2016-07,2.697649715139109
Russia,Partner->CHN,2016-08,3.25
Russia,Partner->CHN,2016-09,1.2930312423298513
Russia,Partner->CHN,2016-10,0.9888888888888889
Russia,Partner->CHN,2016-11,2.4176969758785933
Russia,Partner->CHN,2016-12,2.103361052306413
Russia,Partner->CHN,2017-01,3.226122408155099
Russia,Partner->CHN,2017-02,1.633333333333331
Russia,Partner->CHN,2017-03,2.0
Russia,Partner->CHN,2017-04,1.2800000000000047
Russia,Partner->CHN,2017-05,0.431952469945287
Russia,Partner->CHN,2017-06,2.416407864998739
Russia,Partner->CHN,2017-07,2.2142857142857117
Russia,Partner->CHN,2017-08,2.9159604012508744
Russia,Partner->CHN,2017-09,1.0641633461591127
Russia,Partner->CHN,2017-10,-2.3000000000000025
Russia,Partner->CHN,2017-11,0.5410427743243567
Russia,Partner->CHN,2017-12,1.5929775896027394
Russia,Partner->CHN,2018-01,2.717380801823591
Russia,Partner->CHN,2018-02,3.942179855667826
Russia,Partner->CHN,2018-03,3.636083959714462
Russia,Partner->CHN,2018-04,1.2500000000000018
Russia,Partner->CHN,2018-05,2.897532463781447
Russia,Partner->CHN,2018-06,1.831712437121162
Russia,Partner->CHN,2018-07,3.0434339953636567
Russia,Partner->CHN,2018-08,1.5000000000000018
Russia,Partner->CHN,2018-09,3.193631704549384
Russia,Partner->CHN,2018-10,1.2299857268645926
Russia,Partner->CHN,2018-11,2.5
Russia,Partner->CHN,2018-12,2.6666666666666696
Russia,Partner->CHN,2019-01,5.700000000000003
Russia,Partner->CHN,2019-02,3.3999999999999986
Russia,Partner->CHN,2019-03,3.3999999999999986
Saudi Arabia,Aggregated,2002-01,1.6712067873811236
Saudi Arabia,Aggregated,2002-02,3.5
Saudi Arabia,Aggregated,2002-03,1.0
Saudi Arabia,Aggregated,2002-04,2.506338930014339
Saudi Arabia,Aggregated,2002-05,3.142295233148401
Saudi Arabia,Aggregated,2002-06,3.8081960254287512
Saudi Arabia,Aggregated,2002-07,4.505451266039396
Saudi Arabia,Aggregated,2002-08,5.235537303171391
Saudi Arabia,Aggregated,2002-09,6.0
Saudi Arabia,Aggregated,2002-10,1.0
Saudi Arabia,Aggregated,2002-11,4.099668870541494
Saudi Arabia,Aggregated,2002-12,7.9999999999999964
Saudi Arabia,Aggregated,2003-01,5.937936962342501
Saudi Arabia,Aggregated,2003-02,4.099668870541494
Saudi Arabia,Aggregated,2003-03,2.4609073411303903
Saudi Arabia,Aggregated,2003-04,1.0
Saudi Arabia,Aggregated,2003-05,4.999999999999998
Saudi Arabia,Aggregated,2003-06,2.8564064605510175
Saudi Arabia,Aggregated,2003-07,1.0
Saudi Arabia,Aggregated,2003-08,1.1490740387899567
Saudi Arabia,Aggregated,2003-09,1.3000000000000025
Saudi Arabia,Aggregated,2003-10,-0.29881807681457495
Saudi Arabia,Aggregated,2003-11,-1.6898134509666267
Saudi Arabia,Aggregated,2003-12,-2.8999999999999986
Saudi Arabia,Aggregated,2004-01,1.7333333333333343
Saudi Arabia,Aggregated,2004-02,2.5410487038486025
Saudi Arabia,Aggregated,2004-03,3.3999999999999986
Saudi Arabia,Aggregated,2004-04,2.2204308244101316
Saudi Arabia,Aggregated,2004-05,1.137485498820391
Saudi Arabia,Aggregated,2004-06,-0.26392397843341264
Saudi Arabia,Aggregated,2004-07,-1.503524939159826
Saudi Arabia,Aggregated,2004-08,-2.5999999999999996
Saudi Arabia,Aggregated,2004-09,1.795235392680608
Saudi Arabia,Aggregated,2004-10,2.4317839111860575
Saudi Arabia,Aggregated,2004-11,3.0999999999999996
Saudi Arabia,Aggregated,2004-12,1.7763568394002505e-15
Saudi Arabia,Aggregated,2005-01,2.966666666666667
Saudi Arabia,Aggregated,2005-02,1.394891420796446
Saudi Arabia,Aggregated,2005-03,1.7763568394002505e-15
Saudi Arabia,Aggregated,2005-04,1.9000000000000004
Saudi Arabia,Aggregated,2005-05,2.5
Saudi Arabia,Aggregated,2005-06,1.0
Saudi Arabia,Aggregated,2005-07,1.0976278141550804
Saudi Arabia,Aggregated,2005-08,1.1960498941515443
Saudi Arabia,Aggregated,2005-09,7.9999999999999964
Saudi Arabia,Aggregated,2005-10,5.787892462525882
Saudi Arabia,Aggregated,2005-11,3.8333333333333304
Saudi Arabia,Aggregated,2005-12,1.0
Saudi Arabia,Aggregated,2006-01,1.9475414220826721
Saudi Arabia,Aggregated,2006-02,2.3424135747622508
Saudi Arabia,Aggregated,2006-03,1.0
Saudi Arabia,Aggregated,2006-04,0.03383957192370879
Saudi Arabia,Aggregated,2006-05,3.67267069006199
Saudi Arabia,Aggregated,2006-06,3.5
Saudi Arabia,Aggregated,2006-07,3.6999999999999993
Saudi Arabia,Aggregated,2006-08,2.5
Saudi Arabia,Aggregated,2006-09,1.7763568394002505e-15
Saudi Arabia,Aggregated,2006-10,4.524961059095546
Saudi Arabia,Aggregated,2006-11,-1.1211359208537992
Saudi Arabia,Aggregated,2006-12,-4.713867936752775
Saudi Arabia,Aggregated,2007-01,-7.0
Saudi Arabia,Aggregated,2007-02,-9.2
Saudi Arabia,Aggregated,2007-03,-6.333095244168785
Saudi Arabia,Aggregated,2007-04,1.0999999999999996
Saudi Arabia,Aggregated,2007-05,-7.521494573814783
Saudi Arabia,Aggregated,2007-06,-10.0
Saudi Arabia,Aggregated,2007-07,2.5
Saudi Arabia,Aggregated,2007-08,-9.2
Saudi Arabia,Aggregated,2007-09,-6.126817562480775
Saudi Arabia,Aggregated,2007-10,2.1932817051921134
Saudi Arabia,Aggregated,2007-11,3.4749999999999996
Saudi Arabia,Aggregated,2007-12,5.199999999999996
Saudi Arabia,Aggregated,2008-01,4.168009736247779
Saudi Arabia,Aggregated,2008-02,3.2017604542535487
Saudi Arabia,Aggregated,2008-03,2.297064249504725
Saudi Arabia,Aggregated,2008-04,1.4499999999999993
Saudi Arabia,Aggregated,2008-05,2.2526331332331235
Saudi Arabia,Aggregated,2008-06,3.1070108404874297
Saudi Arabia,Aggregated,2008-07,3.3999999999999986
Saudi Arabia,Aggregated,2008-08,-5.908831175456857
Saudi Arabia,Aggregated,2008-09,-9.2
Saudi Arabia,Aggregated,2008-10,4.0
Saudi Arabia,Aggregated,2008-11,-5.0
Saudi Arabia,Aggregated,2008-12,-3.165453782154609
Saudi Arabia,Aggregated,2009-01,-0.7699809267407467
Saudi Arabia,Aggregated,2009-02,2.357926206481583
Saudi Arabia,Aggregated,2009-03,3.1551719557631603
Saudi Arabia,Aggregated,2009-04,4.0
Saudi Arabia,Aggregated,2009-05,4.499999999999998
Saudi Arabia,Aggregated,2009-06,2.3510299228186877
Saudi Arabia,Aggregated,2009-07,0.4999999999999982
Saudi Arabia,Aggregated,2009-08,1.4599357943771114
Saudi Arabia,Aggregated,2009-09,2.5
Saudi Arabia,Aggregated,2009-10,2.1183406376885223
Saudi Arabia,Aggregated,2009-11,1.7474711915874153
Saudi Arabia,Aggregated,2009-12,1.5978576089453949
Saudi Arabia,Aggregated,2010-01,1.4499999999999993
Saudi Arabia,Aggregated,2010-02,4.0
Saudi Arabia,Aggregated,2010-03,3.2302494707577107
Saudi Arabia,Aggregated,2010-04,2.5
Saudi Arabia,Aggregated,2010-05,1.5857061780418178
Saudi Arabia,Aggregated,2010-06,3.6272692265751
Saudi Arabia,Aggregated,2010-07,6.0
Saudi Arabia,Aggregated,2010-08,4.102282400517431
Saudi Arabia,Aggregated,2010-09,2.416407864998739
Saudi Arabia,Aggregated,2010-10,1.4212998694776502
Saudi Arabia,Aggregated,2010-11,0.4999999999999982
Saudi Arabia,Aggregated,2010-12,3.333333333333334
Saudi Arabia,Aggregated,2011-01,2.509062654330153
Saudi Arabia,Aggregated,2011-02,1.7321935208337855
Saudi Arabia,Aggregated,2011-03,1.0
Saudi Arabia,Aggregated,2011-04,-9.2
Saudi Arabia,Aggregated,2011-05,-5.67834612173997
Saudi Arabia,Aggregated,2011-06,4.7333333333333325
Saudi Arabia,Aggregated,2011-07,-5.390484275209965
Saudi Arabia,Aggregated,2011-08,-9.0
Saudi Arabia,Aggregated,2011-09,1.0
Saudi Arabia,Aggregated,2011-10,2.8327380477785145
Saudi Arabia,Aggregated,2011-11,2.1065774137967512
Saudi Arabia,Aggregated,2011-12,1.4185371623830338
Saudi Arabia,Aggregated,2012-01,3.539188952834497
Saudi Arabia,Aggregated,2012-02,3.2267353950229936
Saudi Arabia,Aggregated,2012-03,4.249999999999998
Saudi Arabia,Aggregated,2012-04,2.78556611813306
Saudi Arabia,Aggregated,2012-05,1.4617595539290686
Saudi Arabia,Aggregated,2012-06,0.2650760838665942
Saudi Arabia,Aggregated,2012-07,0.8320447037590473
Saudi Arabia,Aggregated,2012-08,1.427548720443287
Saudi Arabia,Aggregated,2012-09,2.053024313703329
Saudi Arabia,Aggregated,2012-10,2.7099799459126857
Saudi Arabia,Aggregated,2012-11,3.3999999999999986
Saudi Arabia,Aggregated,2012-12,5.199999999999996
Saudi Arabia,Aggregated,2013-01,5.428207707836034
Saudi Arabia,Aggregated,2013-02,5.65963015381503
Saudi Arabia,Aggregated,2013-03,5.894312623617392
Saudi Arabia,Aggregated,2013-04,6.132301040858202
Saudi Arabia,Aggregated,2013-05,6.113338040228832
Saudi Arabia,Aggregated,2013-06,6.094396028922038
Saudi Arabia,Aggregated,2013-07,6.075474983705632
Saudi Arabia,Aggregated,2013-08,6.0565748813731695
Saudi Arabia,Aggregated,2013-09,6.037695698743878
Saudi Arabia,Aggregated,2013-10,6.018837412662656
Saudi Arabia,Aggregated,2013-11,6.0
Saudi Arabia,Aggregated,2013-12,3.5
Saudi Arabia,Aggregated,2014-01,3.3100957279862318
Saudi Arabia,Aggregated,2014-02,3.1226786030434397
Saudi Arabia,Aggregated,2014-03,2.937716051388584
Saudi Arabia,Aggregated,2014-04,3.4591058081345007
Saudi Arabia,Aggregated,2014-05,4.0
Saudi Arabia,Aggregated,2014-06,3.6100561963794497
Saudi Arabia,Aggregated,2014-07,3.2302494707577107
Saudi Arabia,Aggregated,2014-08,2.860316297084605
Saudi Arabia,Aggregated,2014-09,2.5
Saudi Arabia,Aggregated,2014-10,2.6491757992927916
Saudi Arabia,Aggregated,2014-11,2.8000000000000025
Saudi Arabia,Aggregated,2014-12,2.649999999999997
Saudi Arabia,Aggregated,2015-01,-0.125576957218426
Saudi Arabia,Aggregated,2015-02,3.3740751985249435
Saudi Arabia,Aggregated,2015-03,7.9999999999999964
Saudi Arabia,Aggregated,2015-04,6.880520868717536
Saudi Arabia,Aggregated,2015-05,5.827001396665434
Saudi Arabia,Aggregated,2015-06,4.835555243737655
Saudi Arabia,Aggregated,2015-07,3.902525052809498
Saudi Arabia,Aggregated,2015-08,3.0244689580708517
Saudi Arabia,Aggregated,2015-09,2.1981478882877408
Saudi Arabia,Aggregated,2015-10,1.4205136181552245
Saudi Arabia,Aggregated,2015-11,0.6886975236639366
Saudi Arabia,Aggregated,2015-12,1.7763568394002505e-15
Saudi Arabia,Aggregated,2016-01,2.492910209457156
Saudi Arabia,Aggregated,2016-02,2.124068855046417
Saudi Arabia,Aggregated,2016-03,1.765310124962948
Saudi Arabia,Aggregated,2016-04,1.4163584012151418
Saudi Arabia,Aggregated,2016-05,1.076945600087667
Saudi Arabia,Aggregated,2016-06,1.5542791092066484
Saudi Arabia,Aggregated,2016-07,2.0504789183382908
Saudi Arabia,Aggregated,2016-08,2.566290705859174
Saudi Arabia,Aggregated,2016-09,-0.7620130418982036
Saudi Arabia,Aggregated,2016-10,1.9000000000000004
Saudi Arabia,Aggregated,2016-11,-7.408343000786406
Saudi Arabia,Aggregated,2016-12,-10.0
Saudi Arabia,Aggregated,2017-01,-8.61057184521445
Saudi Arabia,Aggregated,2017-02,-5.290633093118119
Saudi Arabia,Aggregated,2017-03,2.6421220333044584
Saudi Arabia,Aggregated,2017-04,2.0672464228923726
Saudi Arabia,Aggregated,2017-05,1.516595926919214
Saudi Arabia,Aggregated,2017-06,0.9891497051215481
Saudi Arabia,Aggregated,2017-07,0.4839299351893036
Saudi Arabia,Aggregated,2017-08,1.7763568394002505e-15
Saudi Arabia,Aggregated,2017-09,1.7763568394002505e-15
Saudi Arabia,Aggregated,2017-10,1.6074996902660423
Saudi Arabia,Aggregated,2017-11,3.4499134945507564
Saudi Arabia,Aggregated,2017-12,1.0
Saudi Arabia,Aggregated,2018-01,2.416407864998739
Saudi Arabia,Aggregated,2018-02,4.0
Saudi Arabia,Aggregated,2018-03,3.3498911125561683
Saudi Arabia,Aggregated,2018-04,2.7279583294812397
Saudi Arabia,Aggregated,2018-05,2.1329804817176186
Saudi Arabia,Aggregated,2018-06,1.5637893263982239
Saudi Arabia,Aggregated,2018-07,1.0192672529939948
Saudi Arabia,Aggregated,2018-08,0.49834508887840023
Saudi Arabia,Aggregated,2018-09,1.7763568394002505e-15
Saudi Arabia,Aggregated,2018-10,-2.950155281000759
Saudi Arabia,Aggregated,2018-11,3.8045884939746237
Saudi Arabia,Aggregated,2018-12,2.9999999999999964
Saudi Arabia,Aggregated,2019-01,4.0
Saudi Arabia,Aggregated,2019-02,3.881728524187867
Saudi Arabia,Aggregated,2019-03,3.881728524187867
Saudi Arabia,CHN->Partner,2002-01,1.9000000000000004
Saudi Arabia,CHN->Partner,2002-02,3.5
Saudi Arabia,CHN->Partner,2002-03,1.0
Saudi Arabia,CHN->Partner,2002-04,1.9472882706655419
Saudi Arabia,CHN->Partner,2002-05,2.6720248285621384
Saudi Arabia,CHN->Partner,2002-06,3.437329192424862
Saudi Arabia,CHN->Partner,2002-07,4.24547218309608
Saudi Arabia,CHN->Partner,2002-08,5.098851732736517
Saudi Arabia,CHN->Partner,2002-09,6.0
Saudi Arabia,CHN->Partner,2002-10,1.0
Saudi Arabia,CHN->Partner,2002-11,4.099668870541494
Saudi Arabia,CHN->Partner,2002-12,7.9999999999999964
Saudi Arabia,CHN->Partner,2003-01,5.937936962342501
Saudi Arabia,CHN->Partner,2003-02,4.099668870541494
Saudi Arabia,CHN->Partner,2003-03,2.4609073411303903
Saudi Arabia,CHN->Partner,2003-04,1.0
Saudi Arabia,CHN->Partner,2003-05,4.999999999999998
Saudi Arabia,CHN->Partner,2003-06,2.8564064605510175
Saudi Arabia,CHN->Partner,2003-07,1.0
Saudi Arabia,CHN->Partner,2003-08,1.615473068468921
Saudi Arabia,CHN->Partner,2003-09,2.262513395105394
Saudi Arabia,CHN->Partner,2003-10,2.9427400463466995
Saudi Arabia,CHN->Partner,2003-11,3.657855129612491
Saudi Arabia,CHN->Partner,2003-12,4.409648052428791
Saudi Arabia,CHN->Partner,2004-01,5.199999999999996
Saudi Arabia,CHN->Partner,2004-02,2.9861083462012967
Saudi Arabia,CHN->Partner,2004-03,1.0747670784988639
Saudi Arabia,CHN->Partner,2004-04,-0.5753703324055781
Saudi Arabia,CHN->Partner,2004-05,-1.9999999999999982
Saudi Arabia,CHN->Partner,2004-06,-5.736768071216839
Saudi Arabia,CHN->Partner,2004-07,-7.922043295981944
Saudi Arabia,CHN->Partner,2004-08,-9.2
Saudi Arabia,CHN->Partner,2004-09,1.2666666666666693
Saudi Arabia,CHN->Partner,2004-10,2.151425778218881
Saudi Arabia,CHN->Partner,2004-11,3.0999999999999996
Saudi Arabia,CHN->Partner,2004-12,3.033174979312415
Saudi Arabia,CHN->Partner,2005-01,2.966666666666667
Saudi Arabia,CHN->Partner,2005-02,2.8485090228138183
Saudi Arabia,CHN->Partner,2005-03,2.7313509896149704
Saudi Arabia,CHN->Partner,2005-04,2.6151841103894764
Saudi Arabia,CHN->Partner,2005-05,2.5
Saudi Arabia,CHN->Partner,2005-06,2.1912363858948645
Saudi Arabia,CHN->Partner,2005-07,1.8895346213745636
Saudi Arabia,CHN->Partner,2005-08,1.594733192202055
Saudi Arabia,CHN->Partner,2005-09,7.9999999999999964
Saudi Arabia,CHN->Partner,2005-10,6.161002301730512
Saudi Arabia,CHN->Partner,2005-11,4.499999999999998
Saudi Arabia,CHN->Partner,2005-12,1.0
Saudi Arabia,CHN->Partner,2006-01,2.63302378109627
Saudi Arabia,CHN->Partner,2006-02,1.9000000000000004
Saudi Arabia,CHN->Partner,2006-03,1.0
Saudi Arabia,CHN->Partner,2006-04,-0.7830461095968673
Saudi Arabia,CHN->Partner,2006-05,3.0999999999999996
Saudi Arabia,CHN->Partner,2006-06,3.5
Saudi Arabia,CHN->Partner,2006-07,6.399999999999999
Saudi Arabia,CHN->Partner,2006-08,2.5
Saudi Arabia,CHN->Partner,2006-09,2.747727084867522
Saudi Arabia,CHN->Partner,2006-10,2.9999999999999964
Saudi Arabia,CHN->Partner,2006-11,-1.77912741588311
Saudi Arabia,CHN->Partner,2006-12,-4.9268220562486755
Saudi Arabia,CHN->Partner,2007-01,-7.0
Saudi Arabia,CHN->Partner,2007-02,-9.2
Saudi Arabia,CHN->Partner,2007-03,-6.181286478737297
Saudi Arabia,CHN->Partner,2007-04,1.9000000000000004
Saudi Arabia,CHN->Partner,2007-05,2.096976945536385
Saudi Arabia,CHN->Partner,2007-06,2.2969616365822905
Saudi Arabia,CHN->Partner,2007-07,2.5
Saudi Arabia,CHN->Partner,2007-08,2.5992682708963226
Saudi Arabia,CHN->Partner,2007-09,2.6992664817635106
Saudi Arabia,CHN->Partner,2007-10,2.8000000000000025
Saudi Arabia,CHN->Partner,2007-11,3.4749999999999996
Saudi Arabia,CHN->Partner,2007-12,5.199999999999996
Saudi Arabia,CHN->Partner,2008-01,4.168009736247779
Saudi Arabia,CHN->Partner,2008-02,3.2017604542535487
Saudi Arabia,CHN->Partner,2008-03,2.297064249504725
Saudi Arabia,CHN->Partner,2008-04,1.4499999999999993
Saudi Arabia,CHN->Partner,2008-05,2.2824306672827497
Saudi Arabia,CHN->Partner,2008-06,3.170519231419542
Saudi Arabia,CHN->Partner,2008-07,-3.8766982111120605
Saudi Arabia,CHN->Partner,2008-08,-7.419225890956217
Saudi Arabia,CHN->Partner,2008-09,-9.2
Saudi Arabia,CHN->Partner,2008-10,-7.713664654969003
Saudi Arabia,CHN->Partner,2008-11,-5.0
Saudi Arabia,CHN->Partner,2008-12,-3.177682609746493
Saudi Arabia,CHN->Partner,2009-01,-0.8018917743562657
Saudi Arabia,CHN->Partner,2009-02,2.2954732201900523
Saudi Arabia,CHN->Partner,2009-03,3.1220429932375833
Saudi Arabia,CHN->Partner,2009-04,4.0
Saudi Arabia,CHN->Partner,2009-05,4.499999999999998
Saudi Arabia,CHN->Partner,2009-06,2.6381816969858587
Saudi Arabia,CHN->Partner,2009-07,1.0
Saudi Arabia,CHN->Partner,2009-08,1.7279220613578534
Saudi Arabia,CHN->Partner,2009-09,2.5
Saudi Arabia,CHN->Partner,2009-10,2.042239071570492
Saudi Arabia,CHN->Partner,2009-11,1.599999999999996
Saudi Arabia,CHN->Partner,2009-12,1.524775447088862
Saudi Arabia,CHN->Partner,2010-01,1.4499999999999993
Saudi Arabia,CHN->Partner,2010-02,4.0
Saudi Arabia,CHN->Partner,2010-03,3.2302494707577107
Saudi Arabia,CHN->Partner,2010-04,2.5
Saudi Arabia,CHN->Partner,2010-05,1.7763568394002505e-15
Saudi Arabia,CHN->Partner,2010-06,2.6747943311773454
Saudi Arabia,CHN->Partner,2010-07,6.0
Saudi Arabia,CHN->Partner,2010-08,4.102282400517431
Saudi Arabia,CHN->Partner,2010-09,2.416407864998739
Saudi Arabia,CHN->Partner,2010-10,1.6884551612867735
Saudi Arabia,CHN->Partner,2010-11,1.0
Saudi Arabia,CHN->Partner,2010-12,6.9999999999999964
Saudi Arabia,CHN->Partner,2011-01,4.724448365253378
Saudi Arabia,CHN->Partner,2011-02,2.7365709106399816
Saudi Arabia,CHN->Partner,2011-03,1.0
Saudi Arabia,CHN->Partner,2011-04,2.068670154175148
Saudi Arabia,CHN->Partner,2011-05,3.232511633219019
Saudi Arabia,CHN->Partner,2011-06,4.499999999999998
Saudi Arabia,CHN->Partner,2011-07,3.232511633219019
Saudi Arabia,CHN->Partner,2011-08,2.068670154175148
Saudi Arabia,CHN->Partner,2011-09,1.0
Saudi Arabia,CHN->Partner,2011-10,2.7666666666666657
Saudi Arabia,CHN->Partner,2011-11,2.091791321282198
Saudi Arabia,CHN->Partner,2011-12,1.4499999999999993
Saudi Arabia,CHN->Partner,2012-01,3.743429368611979
Saudi Arabia,CHN->Partner,2012-02,7.400000000000002
Saudi Arabia,CHN->Partner,2012-03,4.249999999999998
Saudi Arabia,CHN->Partner,2012-04,2.6765783409745403
Saudi Arabia,CHN->Partner,2012-05,1.2654947617582835
Saudi Arabia,CHN->Partner,2012-06,1.7763568394002505e-15
Saudi Arabia,CHN->Partner,2012-07,0.7331081388295093
Saudi Arabia,CHN->Partner,2012-08,1.515075145224296
Saudi Arabia,CHN->Partner,2012-09,2.349157276772196
Saudi Arabia,CHN->Partner,2012-10,3.238827808237364
Saudi Arabia,CHN->Partner,2012-11,4.18779149492925
Saudi Arabia,CHN->Partner,2012-12,5.199999999999996
Saudi Arabia,CHN->Partner,2013-01,5.396399494238381
Saudi Arabia,CHN->Partner,2013-02,5.595180023127192
Saudi Arabia,CHN->Partner,2013-03,5.796370452962815
Saudi Arabia,CHN->Partner,2013-04,6.0
Saudi Arabia,CHN->Partner,2013-05,5.66532572840417
Saudi Arabia,CHN->Partner,2013-06,5.337240096106466
Saudi Arabia,CHN->Partner,2013-07,5.015613394397608
Saudi Arabia,CHN->Partner,2013-08,4.700318468107579
Saudi Arabia,CHN->Partner,2013-09,4.391230665334852
Saudi Arabia,CHN->Partner,2013-10,4.088227788165183
Saudi Arabia,CHN->Partner,2013-11,3.791190044360702
Saudi Arabia,CHN->Partner,2013-12,3.5
Saudi Arabia,CHN->Partner,2014-01,3.231822997005052
Saudi Arabia,CHN->Partner,2014-02,2.968605918488409
Saudi Arabia,CHN->Partner,2014-03,2.7102570308168428
Saudi Arabia,CHN->Partner,2014-04,3.3406365082674316
Saudi Arabia,CHN->Partner,2014-05,4.0
Saudi Arabia,CHN->Partner,2014-06,3.186124135047635
Saudi Arabia,CHN->Partner,2014-07,2.416407864998739
Saudi Arabia,CHN->Partner,2014-08,1.6884551612867735
Saudi Arabia,CHN->Partner,2014-09,1.0
Saudi Arabia,CHN->Partner,2014-10,1.5265568719806932
Saudi Arabia,CHN->Partner,2014-11,2.076218922247227
Saudi Arabia,CHN->Partner,2014-12,2.649999999999997
Saudi Arabia,CHN->Partner,2015-01,-0.125576957218426
Saudi Arabia,CHN->Partner,2015-02,0.09852433525333915
Saudi Arabia,CHN->Partner,2015-03,0.3272439315275175
Saudi Arabia,CHN->Partner,2015-04,0.5606770061110211
Saudi Arabia,CHN->Partner,2015-05,0.7989206948773742
Saudi Arabia,CHN->Partner,2015-06,1.0420741354867182
Saudi Arabia,CHN->Partner,2015-07,1.2902385086388808
Saudi Arabia,CHN->Partner,2015-08,1.5435170801765672
Saudi Arabia,CHN->Partner,2015-09,1.802015244056184
Saudi Arabia,CHN->Partner,2015-10,2.065840566204253
Saudi Arabia,CHN->Partner,2015-11,2.3351028292776057
Saudi Arabia,CHN->Partner,2015-12,2.6099140783460015
Saudi Arabia,CHN->Partner,2016-01,2.8903886675161914
Saudi Arabia,CHN->Partner,2016-02,2.7917456928675186
Saudi Arabia,CHN->Partner,2016-03,2.6938032339985263
Saudi Arabia,CHN->Partner,2016-04,2.5965563161772724
Saudi Arabia,CHN->Partner,2016-05,2.5
Saudi Arabia,CHN->Partner,2016-06,2.2969616365822905
Saudi Arabia,CHN->Partner,2016-07,2.096976945536385
Saudi Arabia,CHN->Partner,2016-08,1.9000000000000004
Saudi Arabia,CHN->Partner,2016-09,-2.8999999999999986
Saudi Arabia,CHN->Partner,2016-10,-6.966735728098551
Saudi Arabia,CHN->Partner,2016-11,-8.991701149753492
Saudi Arabia,CHN->Partner,2016-12,-10.0
Saudi Arabia,CHN->Partner,2017-01,-8.621409590242289
Saudi Arabia,CHN->Partner,2017-02,-5.3423076626086425
Saudi Arabia,CHN->Partner,2017-03,2.457332735078772
Saudi Arabia,CHN->Partner,2017-04,1.925451710372549
Saudi Arabia,CHN->Partner,2017-05,1.4145924906563376
Saudi Arabia,CHN->Partner,2017-06,0.9239242204107505
Saudi Arabia,CHN->Partner,2017-07,0.4526488824427979
Saudi Arabia,CHN->Partner,2017-08,1.7763568394002505e-15
Saudi Arabia,CHN->Partner,2017-09,1.04712840060931
Saudi Arabia,CHN->Partner,2017-10,2.193936609160666
Saudi Arabia,CHN->Partner,2017-11,3.4499134945507564
Saudi Arabia,CHN->Partner,2017-12,1.0
Saudi Arabia,CHN->Partner,2018-01,2.416407864998739
Saudi Arabia,CHN->Partner,2018-02,4.0
Saudi Arabia,CHN->Partner,2018-03,3.3498911125561683
Saudi Arabia,CHN->Partner,2018-04,2.7279583294812397
Saudi Arabia,CHN->Partner,2018-05,2.1329804817176186
Saudi Arabia,CHN->Partner,2018-06,1.5637893263982239
Saudi Arabia,CHN->Partner,2018-07,1.0192672529939948
Saudi Arabia,CHN->Partner,2018-08,0.49834508887840023
Saudi Arabia,CHN->Partner,2018-09,1.7763568394002505e-15
Saudi Arabia,CHN->Partner,2018-10,-7.0
Saudi Arabia,CHN->Partner,2018-11,4.249999999999998
Saudi Arabia,CHN->Partner,2018-12,4.124483462254171
Saudi Arabia,CHN->Partner,2019-01,4.0
Saudi Arabia,CHN->Partner,2019-02,4.011191647724695
Saudi Arabia,CHN->Partner,2019-03,4.011191647724695
Saudi Arabia,Partner->CHN,2002-01,1.9000000000000004
Saudi Arabia,Partner->CHN,2002-02,2.412040912058588
Saudi Arabia,Partner->CHN,2002-03,2.944406312149864
Saudi Arabia,Partner->CHN,2002-04,3.4979029420869754
Saudi Arabia,Partner->CHN,2002-05,3.996373195405406
Saudi Arabia,Partner->CHN,2002-06,4.511981968303942
Saudi Arabia,Partner->CHN,2002-07,5.045318521328102
Saudi Arabia,Partner->CHN,2002-08,5.596992375115814
Saudi Arabia,Partner->CHN,2002-09,6.167634006984617
Saudi Arabia,Partner->CHN,2002-10,6.75789557146906
Saudi Arabia,Partner->CHN,2002-11,7.368451645631762
Saudi Arabia,Partner->CHN,2002-12,7.9999999999999964
Saudi Arabia,Partner->CHN,2003-01,5.937936962342501
Saudi Arabia,Partner->CHN,2003-02,4.099668870541494
Saudi Arabia,Partner->CHN,2003-03,2.4609073411303903
Saudi Arabia,Partner->CHN,2003-04,1.0
Saudi Arabia,Partner->CHN,2003-05,4.999999999999998
Saudi Arabia,Partner->CHN,2003-06,3.981878297943899
Saudi Arabia,Partner->CHN,2003-07,3.028542333400143
Saudi Arabia,Partner->CHN,2003-08,2.135869621034681
Saudi Arabia,Partner->CHN,2003-09,1.3000000000000025
Saudi Arabia,Partner->CHN,2003-10,-0.29881807681457495
Saudi Arabia,Partner->CHN,2003-11,-1.6898134509666267
Saudi Arabia,Partner->CHN,2003-12,-2.8999999999999986
Saudi Arabia,Partner->CHN,2004-01,1.7333333333333343
Saudi Arabia,Partner->CHN,2004-02,2.5410487038486025
Saudi Arabia,Partner->CHN,2004-03,3.3999999999999986
Saudi Arabia,Partner->CHN,2004-04,2.786950351691271
Saudi Arabia,Partner->CHN,2004-05,2.1999999999999993
Saudi Arabia,Partner->CHN,2004-06,2.7746225479933315
Saudi Arabia,Partner->CHN,2004-07,3.3742595711883503
Saudi Arabia,Partner->CHN,2004-08,4.0
Saudi Arabia,Partner->CHN,2004-09,3.3999999999999986
Saudi Arabia,Partner->CHN,2004-10,2.1635357258382815
Saudi Arabia,Partner->CHN,2004-11,1.0332411670431156
Saudi Arabia,Partner->CHN,2004-12,1.7763568394002505e-15
Saudi Arabia,Partner->CHN,2005-01,2.966666666666667
Saudi Arabia,Partner->CHN,2005-02,1.394891420796446
Saudi Arabia,Partner->CHN,2005-03,1.7763568394002505e-15
Saudi Arabia,Partner->CHN,2005-04,1.9000000000000004
Saudi Arabia,Partner->CHN,2005-05,2.5
Saudi Arabia,Partner->CHN,2005-06,1.0
Saudi Arabia,Partner->CHN,2005-07,0.48912529307605546
Saudi Arabia,Partner->CHN,2005-08,1.7763568394002505e-15
Saudi Arabia,Partner->CHN,2005-09,7.9999999999999964
Saudi Arabia,Partner->CHN,2005-10,5.787892462525882
Saudi Arabia,Partner->CHN,2005-11,3.8333333333333304
Saudi Arabia,Partner->CHN,2005-12,3.397037897739615
Saudi Arabia,Partner->CHN,2006-01,2.973575296333756
Saudi Arabia,Partner->CHN,2006-02,2.8000000000000025
Saudi Arabia,Partner->CHN,2006-03,1.0
Saudi Arabia,Partner->CHN,2006-04,4.27462870377156
Saudi Arabia,Partner->CHN,2006-05,4.299999999999994
Saudi Arabia,Partner->CHN,2006-06,2.5499077487634594
Saudi Arabia,Partner->CHN,2006-07,1.0
Saudi Arabia,Partner->CHN,2006-08,2.5
Saudi Arabia,Partner->CHN,2006-09,1.7763568394002505e-15
Saudi Arabia,Partner->CHN,2006-10,5.700000000000003
Saudi Arabia,Partner->CHN,2006-11,4.826854908249963
Saudi Arabia,Partner->CHN,2006-12,3.999361454299164
Saudi Arabia,Partner->CHN,2007-01,3.2151327816520947
Saudi Arabia,Partner->CHN,2007-02,2.4719068285458317
Saudi Arabia,Partner->CHN,2007-03,1.7675398031650804
Saudi Arabia,Partner->CHN,2007-04,1.0999999999999996
Saudi Arabia,Partner->CHN,2007-05,-7.521494573814783
Saudi Arabia,Partner->CHN,2007-06,-10.0
Saudi Arabia,Partner->CHN,2007-07,2.5
Saudi Arabia,Partner->CHN,2007-08,-9.2
Saudi Arabia,Partner->CHN,2007-09,-6.181286478737297
Saudi Arabia,Partner->CHN,2007-10,1.9000000000000004
Saudi Arabia,Partner->CHN,2007-11,3.299999999999999
Saudi Arabia,Partner->CHN,2007-12,6.9999999999999964
Saudi Arabia,Partner->CHN,2008-01,5.750887463837795
Saudi Arabia,Partner->CHN,2008-02,4.588457268119894
Saudi Arabia,Partner->CHN,2008-03,3.5066940796178123
Saudi Arabia,Partner->CHN,2008-04,2.5
Saudi Arabia,Partner->CHN,2008-05,2.698540068197051
Saudi Arabia,Partner->CHN,2008-06,2.9000000000000004
Saudi Arabia,Partner->CHN,2008-07,3.3999999999999986
Saudi Arabia,Partner->CHN,2008-08,3.5972847893761593
Saudi Arabia,Partner->CHN,2008-09,3.79727244598282
Saudi Arabia,Partner->CHN,2008-10,4.0
Saudi Arabia,Partner->CHN,2008-11,-5.0
Saudi Arabia,Partner->CHN,2008-12,-3.2560227159558046
Saudi Arabia,Partner->CHN,2009-01,-1.005135970701243
Saudi Arabia,Partner->CHN,2009-02,1.9000000000000004
Saudi Arabia,Partner->CHN,2009-03,2.910427743243556
Saudi Arabia,Partner->CHN,2009-04,4.0
Saudi Arabia,Partner->CHN,2009-05,4.499999999999998
Saudi Arabia,Partner->CHN,2009-06,2.3510299228186877
Saudi Arabia,Partner->CHN,2009-07,0.4999999999999982
Saudi Arabia,Partner->CHN,2009-08,1.4599357943771114
Saudi Arabia,Partner->CHN,2009-09,2.5
Saudi Arabia,Partner->CHN,2009-10,2.4247905011586663
Saudi Arabia,Partner->CHN,2009-11,2.350000000000003
Saudi Arabia,Partner->CHN,2009-12,2.8787791020839766
Saudi Arabia,Partner->CHN,2010-01,3.428502574115571
Saudi Arabia,Partner->CHN,2010-02,4.0
Saudi Arabia,Partner->CHN,2010-03,4.0
Saudi Arabia,Partner->CHN,2010-04,4.0
Saudi Arabia,Partner->CHN,2010-05,3.3999999999999986
Saudi Arabia,Partner->CHN,2010-06,2.767894336174697
Saudi Arabia,Partner->CHN,2010-07,2.1635357258382815
Saudi Arabia,Partner->CHN,2010-08,1.5857061780418178
Saudi Arabia,Partner->CHN,2010-09,1.0332411670431156
Saudi Arabia,Partner->CHN,2010-10,0.5050272853859088
Saudi Arabia,Partner->CHN,2010-11,1.7763568394002505e-15
Saudi Arabia,Partner->CHN,2010-12,3.333333333333334
Saudi Arabia,Partner->CHN,2011-01,-2.4674561880947987
Saudi Arabia,Partner->CHN,2011-02,-5.92062996031988
Saudi Arabia,Partner->CHN,2011-03,-7.97628273950354
Saudi Arabia,Partner->CHN,2011-04,-9.2
Saudi Arabia,Partner->CHN,2011-05,-5.6000000000000005
Saudi Arabia,Partner->CHN,2011-06,5.199999999999996
Saudi Arabia,Partner->CHN,2011-07,-5.307900211696918
Saudi Arabia,Partner->CHN,2011-08,-9.0
Saudi Arabia,Partner->CHN,2011-09,1.0
Saudi Arabia,Partner->CHN,2011-10,0.40000000000000036
Saudi Arabia,Partner->CHN,2011-11,1.077514530544585
Saudi Arabia,Partner->CHN,2011-12,1.795294494343473
Saudi Arabia,Partner->CHN,2012-01,2.8416115260804258
Saudi Arabia,Partner->CHN,2012-02,1.7763568394002505e-15
Saudi Arabia,Partner->CHN,2012-03,2.5
Saudi Arabia,Partner->CHN,2012-04,1.760199451159222
Saudi Arabia,Partner->CHN,2012-05,1.0609400024714102
Saudi Arabia,Partner->CHN,2012-06,0.40000000000000036
Saudi Arabia,Partner->CHN,2012-07,0.9452812466514349
Saudi Arabia,Partner->CHN,2012-08,1.5166442159300395
Saudi Arabia,Partner->CHN,2012-09,2.115336440662917
Saudi Arabia,Partner->CHN,2012-10,2.742665125278501
Saudi Arabia,Partner->CHN,2012-11,3.3999999999999986
Saudi Arabia,Partner->CHN,2012-12,3.920721034144906
Saudi Arabia,Partner->CHN,2013-01,4.460271956859332
Saudi Arabia,Partner->CHN,2013-02,5.0193336791883105
Saudi Arabia,Partner->CHN,2013-03,5.598611734725772
Saudi Arabia,Partner->CHN,2013-04,6.1988371699949525
Saudi Arabia,Partner->CHN,2013-05,6.170290103142062
Saudi Arabia,Partner->CHN,2013-06,6.141790419435935
Saudi Arabia,Partner->CHN,2013-07,6.113338040228832
Saudi Arabia,Partner->CHN,2013-08,6.084932887003536
Saudi Arabia,Partner->CHN,2013-09,6.0565748813731695
Saudi Arabia,Partner->CHN,2013-10,6.028263945080948
Saudi Arabia,Partner->CHN,2013-11,6.0
Saudi Arabia,Partner->CHN,2013-12,5.370482416194349
Saudi Arabia,Partner->CHN,2014-01,4.764276149348728
Saudi Arabia,Partner->CHN,2014-02,4.180517970996776
Saudi Arabia,Partner->CHN,2014-03,3.618376618407355
Saudi Arabia,Partner->CHN,2014-04,3.8079589841446513
Saudi Arabia,Partner->CHN,2014-05,4.0
Saudi Arabia,Partner->CHN,2014-06,4.0
Saudi Arabia,Partner->CHN,2014-07,4.0
Saudi Arabia,Partner->CHN,2014-08,4.0
Saudi Arabia,Partner->CHN,2014-09,4.0
Saudi Arabia,Partner->CHN,2014-10,3.3874945699381627
Saudi Arabia,Partner->CHN,2014-11,2.8000000000000025
Saudi Arabia,Partner->CHN,2014-12,2.649999999999997
Saudi Arabia,Partner->CHN,2015-01,4.240748666385166
Saudi Arabia,Partner->CHN,2015-02,6.016880579627923
Saudi Arabia,Partner->CHN,2015-03,7.9999999999999964
Saudi Arabia,Partner->CHN,2015-04,6.880520868717536
Saudi Arabia,Partner->CHN,2015-05,5.827001396665434
Saudi Arabia,Partner->CHN,2015-06,4.835555243737655
Saudi Arabia,Partner->CHN,2015-07,3.902525052809498
Saudi Arabia,Partner->CHN,2015-08,3.0244689580708517
Saudi Arabia,Partner->CHN,2015-09,2.1981478882877408
Saudi Arabia,Partner->CHN,2015-10,1.4205136181552245
Saudi Arabia,Partner->CHN,2015-11,0.6886975236639366
Saudi Arabia,Partner->CHN,2015-12,1.7763568394002505e-15
Saudi Arabia,Partner->CHN,2016-01,2.233266231398499
Saudi Arabia,Partner->CHN,2016-02,1.9189936359300557
Saudi Arabia,Partner->CHN,2016-03,1.612184599535798
Saudi Arabia,Partner->CHN,2016-04,1.3126618725450356
Saudi Arabia,Partner->CHN,2016-05,1.0202524147326582
Saudi Arabia,Partner->CHN,2016-06,1.6558041220941657
Saudi Arabia,Partner->CHN,2016-07,2.3249596140346984
Saudi Arabia,Partner->CHN,2016-08,3.029495637158739
Saudi Arabia,Partner->CHN,2016-09,0.9565644363545438
Saudi Arabia,Partner->CHN,2016-10,1.9000000000000004
Saudi Arabia,Partner->CHN,2016-11,2.1343979901491323
Saudi Arabia,Partner->CHN,2016-12,2.3730550824522076
Saudi Arabia,Partner->CHN,2017-01,2.616048666442939
Saudi Arabia,Partner->CHN,2017-02,2.863457537852776
Saudi Arabia,Partner->CHN,2017-03,3.1153619241621193
Saudi Arabia,Partner->CHN,2017-04,2.5407315866177242
Saudi Arabia,Partner->CHN,2017-05,1.9894942039688903
Saudi Arabia,Partner->CHN,2017-06,1.4606974590423043
Saudi Arabia,Partner->CHN,2017-07,0.953427803088859
Saudi Arabia,Partner->CHN,2017-08,0.46680887753770506
Saudi Arabia,Partner->CHN,2017-09,1.7763568394002505e-15
Saudi Arabia,Partner->CHN,2017-10,0.3324854996322646
Saudi Arabia,Partner->CHN,2017-11,0.675020690852314
Saudi Arabia,Partner->CHN,2017-12,1.0279093351809543
Saudi Arabia,Partner->CHN,2018-01,1.3914643756208758
Saudi Arabia,Partner->CHN,2018-02,1.7660082141757574
Saudi Arabia,Partner->CHN,2018-03,2.1518729977575504
Saudi Arabia,Partner->CHN,2018-04,2.5494009127356865
Saudi Arabia,Partner->CHN,2018-05,2.9589444883892035
Saudi Arabia,Partner->CHN,2018-06,3.3808669095311217
Saudi Arabia,Partner->CHN,2018-07,3.8155423385820733
Saudi Arabia,Partner->CHN,2018-08,4.2633562473790185
Saudi Arabia,Partner->CHN,2018-09,4.724705759013107
Saudi Arabia,Partner->CHN,2018-10,5.199999999999996
Saudi Arabia,Partner->CHN,2018-11,3.593028803476967
Saudi Arabia,Partner->CHN,2018-12,2.9999999999999964
Saudi Arabia,Partner->CHN,2019-01,4.0
Saudi Arabia,Partner->CHN,2019-02,3.5
Saudi Arabia,Partner->CHN,2019-03,3.5
Singapore,Aggregated,2002-01,
Singapore,Aggregated,2002-02,4.499999999999998
Singapore,Aggregated,2002-03,3.8580845942712827
Singapore,Aggregated,2002-04,3.2427534071304223
Singapore,Aggregated,2002-05,2.6000000000000014
Singapore,Aggregated,2002-06,2.4689422368108787
Singapore,Aggregated,2002-07,2.339147424893243
Singapore,Aggregated,2002-08,2.2106033936905636
Singapore,Aggregated,2002-09,1.13434572393383
Singapore,Aggregated,2002-10,1.0
Singapore,Aggregated,2002-11,1.8656461522330243
Singapore,Aggregated,2002-12,1.5857061780418178
Singapore,Aggregated,2003-01,1.2893642690133387
Singapore,Aggregated,2003-02,1.0
Singapore,Aggregated,2003-03,1.7763568394002505e-15
Singapore,Aggregated,2003-04,1.9000000000000004
Singapore,Aggregated,2003-05,2.910427743243556
Singapore,Aggregated,2003-06,4.0
Singapore,Aggregated,2003-07,1.7763568394002505e-15
Singapore,Aggregated,2003-08,0.8254041085382209
Singapore,Aggregated,2003-09,1.7127438482029653
Singapore,Aggregated,2003-10,2.6666666666666643
Singapore,Aggregated,2003-11,1.846789734711141
Singapore,Aggregated,2003-12,4.0
Singapore,Aggregated,2004-01,2.3424135747622508
Singapore,Aggregated,2004-02,4.149999999999997
Singapore,Aggregated,2004-03,4.0
Singapore,Aggregated,2004-04,1.0
Singapore,Aggregated,2004-05,-0.09999999999999964
Singapore,Aggregated,2004-06,3.4666666666666632
Singapore,Aggregated,2004-07,2.234244683891241
Singapore,Aggregated,2004-08,0.6999999999999993
Singapore,Aggregated,2004-09,-7.1
Singapore,Aggregated,2004-10,-3.4302134223726135
Singapore,Aggregated,2004-11,3.692735597648138
Singapore,Aggregated,2004-12,2.084594160778991
Singapore,Aggregated,2005-01,0.4999999999999982
Singapore,Aggregated,2005-02,0.8333333333333339
Singapore,Aggregated,2005-03,6.0
Singapore,Aggregated,2005-04,-3.1000000000000014
Singapore,Aggregated,2005-05,2.4971116202515233
Singapore,Aggregated,2005-06,2.742640687119282
Singapore,Aggregated,2005-07,-0.41919547507924904
Singapore,Aggregated,2005-08,-5.0
Singapore,Aggregated,2005-09,2.9633040700956528
Singapore,Aggregated,2005-10,-2.6710766251383014
Singapore,Aggregated,2005-11,2.924766500838336
Singapore,Aggregated,2005-12,2.9499999999999993
Singapore,Aggregated,2006-01,4.999999999999998
Singapore,Aggregated,2006-02,0.6518025209757621
Singapore,Aggregated,2006-03,-2.5147186257614305
Singapore,Aggregated,2006-04,1.770016652832492
Singapore,Aggregated,2006-05,3.3999999999999986
Singapore,Aggregated,2006-06,1.0
Singapore,Aggregated,2006-07,1.2754594079434085
Singapore,Aggregated,2006-08,-0.03333333333333499
Singapore,Aggregated,2006-09,2.4833333333333307
Singapore,Aggregated,2006-10,2.4088159097779176
Singapore,Aggregated,2006-11,1.9749999999999979
Singapore,Aggregated,2006-12,5.699999999999996
Singapore,Aggregated,2007-01,1.0
Singapore,Aggregated,2007-02,6.399999999999999
Singapore,Aggregated,2007-03,1.0
Singapore,Aggregated,2007-04,2.174602283342722
Singapore,Aggregated,2007-05,2.333333333333334
Singapore,Aggregated,2007-06,0.8726706900619927
Singapore,Aggregated,2007-07,3.3499999999999996
Singapore,Aggregated,2007-08,-2.1999999999999993
Singapore,Aggregated,2007-09,2.5
Singapore,Aggregated,2007-10,2.8605112044077146
Singapore,Aggregated,2007-11,2.5846199986922116
Singapore,Aggregated,2007-12,-0.5
Singapore,Aggregated,2008-01,-6.6
Singapore,Aggregated,2008-02,4.848469228349533
Singapore,Aggregated,2008-03,2.9999999999999964
Singapore,Aggregated,2008-04,3.4666666666666632
Singapore,Aggregated,2008-05,0.27156333832010837
Singapore,Aggregated,2008-06,3.9712067873811243
Singapore,Aggregated,2008-07,0.2977264895682321
Singapore,Aggregated,2008-08,-0.5966760325254121
Singapore,Aggregated,2008-09,-1.4202717535988594
Singapore,Aggregated,2008-10,3.965656433314173
Singapore,Aggregated,2008-11,7.9999999999999964
Singapore,Aggregated,2008-12,-0.40000000000000036
Singapore,Aggregated,2009-01,4.299999999999994
Singapore,Aggregated,2009-02,2.5
Singapore,Aggregated,2009-03,1.4056438768812
Singapore,Aggregated,2009-04,0.40000000000000036
Singapore,Aggregated,2009-05,2.4660335244114204
Singapore,Aggregated,2009-06,0.4999999999999982
Singapore,Aggregated,2009-07,1.7763568394002505e-15
Singapore,Aggregated,2009-08,4.666666666666666
Singapore,Aggregated,2009-09,2.8776090061650805
Singapore,Aggregated,2009-10,1.292853089020909
Singapore,Aggregated,2009-11,1.895920893307725
Singapore,Aggregated,2009-12,3.219844344696927
Singapore,Aggregated,2010-01,4.679684673960892
Singapore,Aggregated,2010-02,6.260185653846737
Singapore,Aggregated,2010-03,7.9999999999999964
Singapore,Aggregated,2010-04,2.3858604707478044
Singapore,Aggregated,2010-05,1.0
Singapore,Aggregated,2010-06,1.7279220613578534
Singapore,Aggregated,2010-07,2.5
Singapore,Aggregated,2010-08,3.130561944687031
Singapore,Aggregated,2010-09,3.0752987129445497
Singapore,Aggregated,2010-10,2.645803178980376
Singapore,Aggregated,2010-11,2.770778494154067
Singapore,Aggregated,2010-12,-0.33333333333333215
Singapore,Aggregated,2011-01,1.0
Singapore,Aggregated,2011-02,2.5055544129073084
Singapore,Aggregated,2011-03,4.1999999999999975
Singapore,Aggregated,2011-04,4.599999999999998
Singapore,Aggregated,2011-05,1.135251263550332
Singapore,Aggregated,2011-06,1.7763568394002505e-15
Singapore,Aggregated,2011-07,3.5
Singapore,Aggregated,2011-08,4.289559568140312
Singapore,Aggregated,2011-09,5.122112537083506
Singapore,Aggregated,2011-10,6.0
Singapore,Aggregated,2011-11,1.0
Singapore,Aggregated,2011-12,1.4820670023881668
Singapore,Aggregated,2012-01,1.9834997210089576
Singapore,Aggregated,2012-02,2.5050761202601564
Singapore,Aggregated,2012-03,2.305202469986332
Singapore,Aggregated,2012-04,2.1082869278873932
Singapore,Aggregated,2012-05,1.9142857142857164
Singapore,Aggregated,2012-06,4.233333333333331
Singapore,Aggregated,2012-07,1.0
Singapore,Aggregated,2012-08,1.9434014706431668
Singapore,Aggregated,2012-09,2.960970135853975
Singapore,Aggregated,2012-10,4.0
Singapore,Aggregated,2012-11,-5.0
Singapore,Aggregated,2012-12,-0.1999999999999993
Singapore,Aggregated,2013-01,2.708391590555035
Singapore,Aggregated,2013-02,6.399999999999999
Singapore,Aggregated,2013-03,3.9819891870205293
Singapore,Aggregated,2013-04,1.9000000000000004
Singapore,Aggregated,2013-05,1.7763568394002505e-15
Singapore,Aggregated,2013-06,-2.4331252496148004
Singapore,Aggregated,2013-07,-4.328059728292052
Singapore,Aggregated,2013-08,-5.803847577293367
Singapore,Aggregated,2013-09,-2.3198957305084065
Singapore,Aggregated,2013-10,3.5
Singapore,Aggregated,2013-11,6.399999999999999
Singapore,Aggregated,2013-12,5.550306944895134
Singapore,Aggregated,2014-01,4.7421068948416245
Singapore,Aggregated,2014-02,3.973373624653968
Singapore,Aggregated,2014-03,3.24217985566783
Singapore,Aggregated,2014-04,1.7082039324993694
Singapore,Aggregated,2014-05,1.7763568394002505e-15
Singapore,Aggregated,2014-06,1.926608140191302
Singapore,Aggregated,2014-07,7.400000000000002
Singapore,Aggregated,2014-08,3.3999999999999986
Singapore,Aggregated,2014-09,1.333333333333334
Singapore,Aggregated,2014-10,1.3499999999999996
Singapore,Aggregated,2014-11,1.5954529791364607
Singapore,Aggregated,2014-12,-0.8993480838608559
Singapore,Aggregated,2015-01,-2.8999999999999986
Singapore,Aggregated,2015-02,-3.596056723534021
Singapore,Aggregated,2015-03,3.4808217570051188
Singapore,Aggregated,2015-04,3.1952353926806047
Singapore,Aggregated,2015-05,-0.12355635322829883
Singapore,Aggregated,2015-06,7.9999999999999964
Singapore,Aggregated,2015-07,0.4999999999999982
Singapore,Aggregated,2015-08,1.1297084310253496
Singapore,Aggregated,2015-09,1.5077405055826603
Singapore,Aggregated,2015-10,1.8975542524041238
Singapore,Aggregated,2015-11,1.7157775956930887
Singapore,Aggregated,2015-12,1.6723261309631994
Singapore,Aggregated,2016-01,1.6290231455357347
Singapore,Aggregated,2016-02,1.5858681320376125
Singapore,Aggregated,2016-03,1.5428605848295298
Singapore,Aggregated,2016-04,1.5000000000000018
Singapore,Aggregated,2016-05,0.7260393995585748
Singapore,Aggregated,2016-06,1.7763568394002505e-15
Singapore,Aggregated,2016-07,0.362986642418921
Singapore,Aggregated,2016-08,0.7379514032537084
Singapore,Aggregated,2016-09,1.1252895458667531
Singapore,Aggregated,2016-10,-2.47053710511614
Singapore,Aggregated,2016-11,-5.0
Singapore,Aggregated,2016-12,-3.2255098335643746
Singapore,Aggregated,2017-01,-0.9262171086659592
Singapore,Aggregated,2017-02,2.053087671247324
Singapore,Aggregated,2017-03,1.515472506260716
Singapore,Aggregated,2017-04,1.0
Singapore,Aggregated,2017-05,1.2346914486357896
Singapore,Aggregated,2017-06,1.4739729036101377
Singapore,Aggregated,2017-07,1.717934134526125
Singapore,Aggregated,2017-08,1.9666666666666668
Singapore,Aggregated,2017-09,1.1225685658775415
Singapore,Aggregated,2017-10,2.7076552616084495
Singapore,Aggregated,2017-11,4.499999999999998
Singapore,Aggregated,2017-12,2.825643699720363
Singapore,Aggregated,2018-01,1.3321563684914377
Singapore,Aggregated,2018-02,1.7763568394002505e-15
Singapore,Aggregated,2018-03,1.9000000000000004
Singapore,Aggregated,2018-04,2.5
Singapore,Aggregated,2018-05,-9.2
Singapore,Aggregated,2018-06,0.16062058508883048
Singapore,Aggregated,2018-07,1.4169446224740572
Singapore,Aggregated,2018-08,2.814690014960325
Singapore,Aggregated,2018-09,4.774999999999995
Singapore,Aggregated,2018-10,-0.1999999999999993
Singapore,Aggregated,2018-11,2.027615156302142
Singapore,Aggregated,2018-12,-4.2650540373915335
Singapore,Aggregated,2019-01,-7.518204093762065
Singapore,Aggregated,2019-02,-9.2
Singapore,Aggregated,2019-03,-9.2
Singapore,CHN->Partner,2002-01,
Singapore,CHN->Partner,2002-02,4.499999999999998
Singapore,CHN->Partner,2002-03,3.8603277178852498
Singapore,CHN->Partner,2002-04,3.2470541859966797
Singapore,CHN->Partner,2002-05,1.0
Singapore,CHN->Partner,2002-06,1.250298479468924
Singapore,CHN->Partner,2002-07,1.5058177363398855
Singapore,CHN->Partner,2002-08,1.7666666666666675
Singapore,CHN->Partner,2002-09,0.6166247903554005
Singapore,CHN->Partner,2002-10,1.0
Singapore,CHN->Partner,2002-11,1.9000000000000004
Singapore,CHN->Partner,2002-12,1.3962536470654836
Singapore,CHN->Partner,2003-01,0.9121786420452889
Singapore,CHN->Partner,2003-02,0.4470068167402701
Singapore,CHN->Partner,2003-03,1.7763568394002505e-15
Singapore,CHN->Partner,2003-04,0.2500000000000018
Singapore,CHN->Partner,2003-05,1.99038105676658
Singapore,CHN->Partner,2003-06,4.0
Singapore,CHN->Partner,2003-07,1.7763568394002505e-15
Singapore,CHN->Partner,2003-08,1.1981005732342727
Singapore,CHN->Partner,2003-09,2.526696144976201
Singapore,CHN->Partner,2003-10,4.0
Singapore,CHN->Partner,2003-11,1.6399884488086958
Singapore,CHN->Partner,2003-12,2.207264690069632
Singapore,CHN->Partner,2004-01,2.8000000000000025
Singapore,CHN->Partner,2004-02,6.399999999999999
Singapore,CHN->Partner,2004-03,4.0
Singapore,CHN->Partner,2004-04,1.0
Singapore,CHN->Partner,2004-05,2.416407864998739
Singapore,CHN->Partner,2004-06,4.0
Singapore,CHN->Partner,2004-07,2.6061482297819563
Singapore,CHN->Partner,2004-08,-1.9999999999999982
Singapore,CHN->Partner,2004-09,-7.1
Singapore,CHN->Partner,2004-10,-3.4080913587893047
Singapore,CHN->Partner,2004-11,3.7787376452537558
Singapore,CHN->Partner,2004-12,2.1999999999999993
Singapore,CHN->Partner,2005-01,1.497999839974396
Singapore,CHN->Partner,2005-02,0.8333333333333339
Singapore,CHN->Partner,2005-03,-6.384807696314268
Singapore,CHN->Partner,2005-04,-9.2
Singapore,CHN->Partner,2005-05,2.611591395607878
Singapore,CHN->Partner,2005-06,4.499999999999998
Singapore,CHN->Partner,2005-07,-0.5666666666666664
Singapore,CHN->Partner,2005-08,1.5099960031968074
Singapore,CHN->Partner,2005-09,4.0
Singapore,CHN->Partner,2005-10,-2.1715233167485444
Singapore,CHN->Partner,2005-11,2.416407864998739
Singapore,CHN->Partner,2005-12,2.9499999999999993
Singapore,CHN->Partner,2006-01,4.999999999999998
Singapore,CHN->Partner,2006-02,-1.2020410288672885
Singapore,CHN->Partner,2006-03,-5.0
Singapore,CHN->Partner,2006-04,1.7499999999999964
Singapore,CHN->Partner,2006-05,2.1999999999999993
Singapore,CHN->Partner,2006-06,1.0
Singapore,CHN->Partner,2006-07,1.0726706900619938
Singapore,CHN->Partner,2006-08,-5.0
Singapore,CHN->Partner,2006-09,2.4833333333333307
Singapore,CHN->Partner,2006-10,2.2267248402618556
Singapore,CHN->Partner,2006-11,1.9749999999999979
Singapore,CHN->Partner,2006-12,7.9999999999999964
Singapore,CHN->Partner,2007-01,1.0
Singapore,CHN->Partner,2007-02,1.0
Singapore,CHN->Partner,2007-03,1.0
Singapore,CHN->Partner,2007-04,0.10881590977792044
Singapore,CHN->Partner,2007-05,2.0
Singapore,CHN->Partner,2007-06,0.3000000000000007
Singapore,CHN->Partner,2007-07,3.133333333333331
Singapore,CHN->Partner,2007-08,-2.1999999999999993
Singapore,CHN->Partner,2007-09,2.5
Singapore,CHN->Partner,2007-10,4.099999999999996
Singapore,CHN->Partner,2007-11,2.935573574110002
Singapore,CHN->Partner,2007-12,3.5460699826605886
Singapore,CHN->Partner,2008-01,4.183311315836717
Singapore,CHN->Partner,2008-02,4.848469228349533
Singapore,CHN->Partner,2008-03,1.5000000000000018
Singapore,CHN->Partner,2008-04,3.5
Singapore,CHN->Partner,2008-05,-1.4999999999999982
Singapore,CHN->Partner,2008-06,4.1999999999999975
Singapore,CHN->Partner,2008-07,1.095452979136459
Singapore,CHN->Partner,2008-08,-1.8644307481119924
Singapore,CHN->Partner,2008-09,-4.1
Singapore,CHN->Partner,2008-10,3.3286186927643353
Singapore,CHN->Partner,2008-11,3.9270695116916254
Singapore,CHN->Partner,2008-12,4.55051529980291
Singapore,CHN->Partner,2009-01,5.199999999999996
Singapore,CHN->Partner,2009-02,2.5
Singapore,CHN->Partner,2009-03,1.4056438768812
Singapore,CHN->Partner,2009-04,0.40000000000000036
Singapore,CHN->Partner,2009-05,2.599999999999996
Singapore,CHN->Partner,2009-06,1.0
Singapore,CHN->Partner,2009-07,1.7763568394002505e-15
Singapore,CHN->Partner,2009-08,4.666666666666666
Singapore,CHN->Partner,2009-09,2.127579111676809
Singapore,CHN->Partner,2009-10,1.7763568394002505e-15
Singapore,CHN->Partner,2009-11,2.403379801903741
Singapore,CHN->Partner,2009-12,3.864256927348647
Singapore,CHN->Partner,2010-01,5.484359711335657
Singapore,CHN->Partner,2010-02,4.3081586528621685
Singapore,CHN->Partner,2010-03,3.2158825362232673
Singapore,CHN->Partner,2010-04,2.2015431030245125
Singapore,CHN->Partner,2010-05,2.245327801391298
Singapore,CHN->Partner,2010-06,2.2892577176160334
Singapore,CHN->Partner,2010-07,2.333333333333334
Singapore,CHN->Partner,2010-08,2.629380029920654
Singapore,CHN->Partner,2010-09,1.4418648119966324
Singapore,CHN->Partner,2010-10,2.702008686113615
Singapore,CHN->Partner,2010-11,3.1902329917637076
Singapore,CHN->Partner,2010-12,-0.33333333333333215
Singapore,CHN->Partner,2011-01,1.0
Singapore,CHN->Partner,2011-02,3.8593404968053715
Singapore,CHN->Partner,2011-03,7.400000000000002
Singapore,CHN->Partner,2011-04,5.199999999999996
Singapore,CHN->Partner,2011-05,2.0328638264796943
Singapore,CHN->Partner,2011-06,1.7763568394002505e-15
Singapore,CHN->Partner,2011-07,6.0
Singapore,CHN->Partner,2011-08,6.0
Singapore,CHN->Partner,2011-09,6.0
Singapore,CHN->Partner,2011-10,6.0
Singapore,CHN->Partner,2011-11,1.0
Singapore,CHN->Partner,2011-12,1.7281270195425638
Singapore,CHN->Partner,2012-01,2.5004347854674602
Singapore,CHN->Partner,2012-02,3.3196040640400586
Singapore,CHN->Partner,2012-03,2.9713343822119658
Singapore,CHN->Partner,2012-04,2.6315350303411975
Singapore,CHN->Partner,2012-05,2.3000000000000025
Singapore,CHN->Partner,2012-06,4.599999999999998
Singapore,CHN->Partner,2012-07,4.106793428739881
Singapore,CHN->Partner,2012-08,3.6291799806806804
Singapore,CHN->Partner,2012-09,3.1666666666666643
Singapore,CHN->Partner,2012-10,4.0
Singapore,CHN->Partner,2012-11,1.7279220613578534
Singapore,CHN->Partner,2012-12,-0.1999999999999993
Singapore,CHN->Partner,2013-01,2.708391590555035
Singapore,CHN->Partner,2013-02,6.399999999999999
Singapore,CHN->Partner,2013-03,6.007935200011612
Singapore,CHN->Partner,2013-04,5.624704584355978
Singapore,CHN->Partner,2013-05,5.250109097130029
Singapore,CHN->Partner,2013-06,4.883954167649813
Singapore,CHN->Partner,2013-07,4.526049609387503
Singapore,CHN->Partner,2013-08,4.176209521185532
Singapore,CHN->Partner,2013-09,3.834252190696713
Singapore,CHN->Partner,2013-10,3.5
Singapore,CHN->Partner,2013-11,6.399999999999999
Singapore,CHN->Partner,2013-12,5.550306944895134
Singapore,CHN->Partner,2014-01,4.7421068948416245
Singapore,CHN->Partner,2014-02,3.973373624653968
Singapore,CHN->Partner,2014-03,3.24217985566783
Singapore,CHN->Partner,2014-04,1.0
Singapore,CHN->Partner,2014-05,1.7763568394002505e-15
Singapore,CHN->Partner,2014-06,1.926608140191302
Singapore,CHN->Partner,2014-07,7.400000000000002
Singapore,CHN->Partner,2014-08,3.3999999999999986
Singapore,CHN->Partner,2014-09,1.333333333333334
Singapore,CHN->Partner,2014-10,2.1999999999999993
Singapore,CHN->Partner,2014-11,1.5954529791364607
Singapore,CHN->Partner,2014-12,2.467535888185523
Singapore,CHN->Partner,2015-01,3.3999999999999986
Singapore,CHN->Partner,2015-02,1.7763568394002505e-15
Singapore,CHN->Partner,2015-03,0.8833102917607807
Singapore,CHN->Partner,2015-04,4.0
Singapore,CHN->Partner,2015-05,-0.12355635322829883
Singapore,CHN->Partner,2015-06,7.9999999999999964
Singapore,CHN->Partner,2015-07,0.4999999999999982
Singapore,CHN->Partner,2015-08,1.1297084310253496
Singapore,CHN->Partner,2015-09,1.5441901842945924
Singapore,CHN->Partner,2015-10,1.9728351076655724
Singapore,CHN->Partner,2015-11,1.7890021715505604
Singapore,CHN->Partner,2015-12,1.5166330925432323
Singapore,CHN->Partner,2016-01,1.2500646940115292
Singapore,CHN->Partner,2016-02,0.9891734380924149
Singapore,CHN->Partner,2016-03,0.7338384179251207
Singapore,CHN->Partner,2016-04,0.4839413016183851
Singapore,CHN->Partner,2016-05,0.2393662774109373
Singapore,CHN->Partner,2016-06,1.7763568394002505e-15
Singapore,CHN->Partner,2016-07,1.2544434250227834
Singapore,CHN->Partner,2016-08,2.6519439688258295
Singapore,CHN->Partner,2016-09,4.20881590977792
Singapore,CHN->Partner,2016-10,-1.4473618586974872
Singapore,CHN->Partner,2016-11,-5.0
Singapore,CHN->Partner,2016-12,-3.3098800411295457
Singapore,CHN->Partner,2017-01,-1.1436758363637178
Singapore,CHN->Partner,2017-02,1.6327191953127542
Singapore,CHN->Partner,2017-03,1.8432933844206154
Singapore,CHN->Partner,2017-04,2.0573776245660085
Singapore,CHN->Partner,2017-05,2.2750304246209883
Singapore,CHN->Partner,2017-06,2.496311268739168
Singapore,CHN->Partner,2017-07,2.721280632612661
Singapore,CHN->Partner,2017-08,2.9499999999999993
Singapore,CHN->Partner,2017-09,1.35136177849642
Singapore,CHN->Partner,2017-10,2.836405153315452
Singapore,CHN->Partner,2017-11,4.499999999999998
Singapore,CHN->Partner,2017-12,4.0775963438144665
Singapore,CHN->Partner,2018-01,3.6667039681940334
Singapore,CHN->Partner,2018-02,3.267009169461387
Singapore,CHN->Partner,2018-03,2.8782067929444253
Singapore,CHN->Partner,2018-04,2.5
Singapore,CHN->Partner,2018-05,-9.2
Singapore,CHN->Partner,2018-06,0.9692171544972723
Singapore,CHN->Partner,2018-07,1.8588889376619626
Singapore,CHN->Partner,2018-08,2.814690014960325
Singapore,CHN->Partner,2018-09,4.774999999999995
Singapore,CHN->Partner,2018-10,-0.40000000000000036
Singapore,CHN->Partner,2018-11,1.468451799490488
Singapore,CHN->Partner,2018-12,-4.459175113498661
Singapore,CHN->Partner,2019-01,-7.568748800262153
Singapore,CHN->Partner,2019-02,-9.2
Singapore,CHN->Partner,2019-03,-9.2
Singapore,Partner->CHN,2002-01,
Singapore,Partner->CHN,2002-02,6.0
Singapore,Partner->CHN,2002-03,4.583437900618986
Singapore,Partner->CHN,2002-04,3.2849139295557777
Singapore,Partner->CHN,2002-05,2.9999999999999964
Singapore,Partner->CHN,2002-06,2.983313452601914
Singapore,Partner->CHN,2002-07,2.966646793836974
Singapore,Partner->CHN,2002-08,2.9499999999999993
Singapore,Partner->CHN,2002-09,1.674999999999999
Singapore,Partner->CHN,2002-10,1.7699673053439593
Singapore,Partner->CHN,2002-11,1.8656461522330243
Singapore,Partner->CHN,2002-12,1.5857061780418178
Singapore,Partner->CHN,2003-01,1.2893642690133387
Singapore,Partner->CHN,2003-02,1.0
Singapore,Partner->CHN,2003-03,2.9427400463466995
Singapore,Partner->CHN,2003-04,5.199999999999996
Singapore,Partner->CHN,2003-05,4.588457268119894
Singapore,Partner->CHN,2003-06,4.0
Singapore,Partner->CHN,2003-07,3.472857377053579
Singapore,Partner->CHN,2003-08,2.9642400437689407
Singapore,Partner->CHN,2003-09,2.473496968827215
Singapore,Partner->CHN,2003-10,2.0
Singapore,Partner->CHN,2003-11,2.914835384316431
Singapore,Partner->CHN,2003-12,4.0
Singapore,Partner->CHN,2004-01,1.9000000000000004
Singapore,Partner->CHN,2004-02,4.149999999999997
Singapore,Partner->CHN,2004-03,2.575336011136942
Singapore,Partner->CHN,2004-04,1.164339789786892
Singapore,Partner->CHN,2004-05,-0.09999999999999964
Singapore,Partner->CHN,2004-06,3.1999999999999993
Singapore,Partner->CHN,2004-07,1.700000000000001
Singapore,Partner->CHN,2004-08,3.3999999999999986
Singapore,Partner->CHN,2004-09,3.093523508207909
Singapore,Partner->CHN,2004-10,2.793569783083953
Singapore,Partner->CHN,2004-11,2.5
Singapore,Partner->CHN,2004-12,2.0217171299705576
Singapore,Partner->CHN,2005-01,0.4999999999999982
Singapore,Partner->CHN,2005-02,3.25
Singapore,Partner->CHN,2005-03,6.0
Singapore,Partner->CHN,2005-04,2.9999999999999964
Singapore,Partner->CHN,2005-05,2.7988634895845514
Singapore,Partner->CHN,2005-06,-5.0
Singapore,Partner->CHN,2005-07,2.8000000000000025
Singapore,Partner->CHN,2005-08,-5.0
Singapore,Partner->CHN,2005-09,1.926608140191302
Singapore,Partner->CHN,2005-10,-2.495321619684324
Singapore,Partner->CHN,2005-11,4.0
Singapore,Partner->CHN,2005-12,2.9499999999999993
Singapore,Partner->CHN,2006-01,4.999999999999998
Singapore,Partner->CHN,2006-02,2.8564064605510175
Singapore,Partner->CHN,2006-03,1.0
Singapore,Partner->CHN,2006-04,2.2787618120015303
Singapore,Partner->CHN,2006-05,4.599999999999998
Singapore,Partner->CHN,2006-06,1.0
Singapore,Partner->CHN,2006-07,3.3999999999999986
Singapore,Partner->CHN,2006-08,2.450000000000001
Singapore,Partner->CHN,2006-09,1.7499999999999964
Singapore,Partner->CHN,2006-10,2.4088159097779176
Singapore,Partner->CHN,2006-11,1.4499999999999993
Singapore,Partner->CHN,2006-12,5.699999999999996
Singapore,Partner->CHN,2007-01,6.0464072461032
Singapore,Partner->CHN,2007-02,6.399999999999999
Singapore,Partner->CHN,2007-03,4.439559579210799
Singapore,Partner->CHN,2007-04,2.6999999999999993
Singapore,Partner->CHN,2007-05,2.9999999999999964
Singapore,Partner->CHN,2007-06,3.3999999999999986
Singapore,Partner->CHN,2007-07,4.0
Singapore,Partner->CHN,2007-08,2.9252608167634158
Singapore,Partner->CHN,2007-09,1.9275259209924336
Singapore,Partner->CHN,2007-10,1.0012780110192896
Singapore,Partner->CHN,2007-11,3.1513500094556512
Singapore,Partner->CHN,2007-12,-0.5
Singapore,Partner->CHN,2008-01,-6.6
Singapore,Partner->CHN,2008-02,6.0
Singapore,Partner->CHN,2008-03,6.0
Singapore,Partner->CHN,2008-04,3.6999999999999993
Singapore,Partner->CHN,2008-05,1.72587600598413
Singapore,Partner->CHN,2008-06,3.2666666666666693
Singapore,Partner->CHN,2008-07,-0.5
Singapore,Partner->CHN,2008-08,0.47888932386774385
Singapore,Partner->CHN,2008-09,1.5490381056766598
Singapore,Partner->CHN,2008-10,5.056288330934571
Singapore,Partner->CHN,2008-11,7.9999999999999964
Singapore,Partner->CHN,2008-12,-0.40000000000000036
Singapore,Partner->CHN,2009-01,3.3999999999999986
Singapore,Partner->CHN,2009-02,3.169525633111098
Singapore,Partner->CHN,2009-03,2.9427400463466995
Singapore,Partner->CHN,2009-04,2.7195842001745962
Singapore,Partner->CHN,2009-05,2.5
Singapore,Partner->CHN,2009-06,1.7763568394002505e-15
Singapore,Partner->CHN,2009-07,2.266499161421603
Singapore,Partner->CHN,2009-08,4.999999999999998
Singapore,Partner->CHN,2009-09,3.5327216996679596
Singapore,Partner->CHN,2009-10,2.1999999999999993
Singapore,Partner->CHN,2009-11,2.1561799864923277
Singapore,Partner->CHN,2009-12,3.264720482986972
Singapore,Partner->CHN,2010-01,4.466666666666665
Singapore,Partner->CHN,2010-02,6.142539679600183
Singapore,Partner->CHN,2010-03,7.9999999999999964
Singapore,Partner->CHN,2010-04,4.999999999999998
Singapore,Partner->CHN,2010-05,1.0
Singapore,Partner->CHN,2010-06,2.416407864998739
Singapore,Partner->CHN,2010-07,4.0
Singapore,Partner->CHN,2010-08,3.2484040746824405
Singapore,Partner->CHN,2010-09,3.381241072508624
Singapore,Partner->CHN,2010-10,2.7421798556678283
Singapore,Partner->CHN,2010-11,3.0454757843524245
Singapore,Partner->CHN,2010-12,1.0
Singapore,Partner->CHN,2011-01,1.0
Singapore,Partner->CHN,2011-02,1.0
Singapore,Partner->CHN,2011-03,1.0
Singapore,Partner->CHN,2011-04,4.0
Singapore,Partner->CHN,2011-05,0.40000000000000036
Singapore,Partner->CHN,2011-06,1.7763568394002505e-15
Singapore,Partner->CHN,2011-07,1.0
Singapore,Partner->CHN,2011-08,2.477328201610664
Singapore,Partner->CHN,2011-09,4.13653128782752
Singapore,Partner->CHN,2011-10,6.0
Singapore,Partner->CHN,2011-11,4.958062947319341
Singapore,Partner->CHN,2011-12,3.9799866488592013
Singapore,Partner->CHN,2012-01,3.061857052499912
Singapore,Partner->CHN,2012-02,2.1999999999999993
Singapore,Partner->CHN,2012-03,1.7694420799434614
Singapore,Partner->CHN,2012-04,1.3529281085629403
Singapore,Partner->CHN,2012-05,0.9500000000000011
Singapore,Partner->CHN,2012-06,3.5
Singapore,Partner->CHN,2012-07,1.0
Singapore,Partner->CHN,2012-08,2.2429423533315873
Singapore,Partner->CHN,2012-09,3.614626847805301
Singapore,Partner->CHN,2012-10,4.0
Singapore,Partner->CHN,2012-11,-5.0
Singapore,Partner->CHN,2012-12,-4.007395869977447
Singapore,Partner->CHN,2013-01,-2.8505812467985905
Singapore,Partner->CHN,2013-02,-1.502390128180096
Singapore,Partner->CHN,2013-03,0.06883766917180978
Singapore,Partner->CHN,2013-04,1.9000000000000004
Singapore,Partner->CHN,2013-05,1.7763568394002505e-15
Singapore,Partner->CHN,2013-06,-2.4331252496148004
Singapore,Partner->CHN,2013-07,-4.328059728292052
Singapore,Partner->CHN,2013-08,-5.803847577293367
Singapore,Partner->CHN,2013-09,-2.3198957305084065
Singapore,Partner->CHN,2013-10,3.5
Singapore,Partner->CHN,2013-11,6.399999999999999
Singapore,Partner->CHN,2013-12,6.299126184808067
Singapore,Partner->CHN,2014-01,6.1988371699949525
Singapore,Partner->CHN,2014-02,6.09912956527069
Singapore,Partner->CHN,2014-03,6.0
Singapore,Partner->CHN,2014-04,2.5
Singapore,Partner->CHN,2014-05,1.7763568394002505e-15
Singapore,Partner->CHN,2014-06,3.2267353950229936
Singapore,Partner->CHN,2014-07,7.400000000000002
Singapore,Partner->CHN,2014-08,3.3999999999999986
Singapore,Partner->CHN,2014-09,1.7763568394002505e-15
Singapore,Partner->CHN,2014-10,0.6666666666666661
Singapore,Partner->CHN,2014-11,-4.742675254324025
Singapore,Partner->CHN,2014-12,-7.6439331737558085
Singapore,Partner->CHN,2015-01,-9.2
Singapore,Partner->CHN,2015-02,-7.192113447068046
Singapore,Partner->CHN,2015-03,5.3113081446662775
Singapore,Partner->CHN,2015-04,1.5857061780418178
Singapore,Partner->CHN,2015-05,4.46377759096381
Singapore,Partner->CHN,2015-06,7.9999999999999964
Singapore,Partner->CHN,2015-07,6.223063117316972
Singapore,Partner->CHN,2015-08,4.612310691741282
Singapore,Partner->CHN,2015-09,3.1522006553169923
Singapore,Partner->CHN,2015-10,1.828644480813642
Singapore,Partner->CHN,2015-11,2.5931417566835027
Singapore,Partner->CHN,2015-12,2.367121001758127
Singapore,Partner->CHN,2016-01,2.144858420077137
Singapore,Partner->CHN,2016-02,1.926291522396383
Singapore,Partner->CHN,2016-03,1.7113588585152808
Singapore,Partner->CHN,2016-04,1.5000000000000018
Singapore,Partner->CHN,2016-05,1.424142788885943
Singapore,Partner->CHN,2016-06,1.3487459230901226
Singapore,Partner->CHN,2016-07,1.2738066089715847
Singapore,Partner->CHN,2016-08,1.1993220698427915
Singapore,Partner->CHN,2016-09,1.1252895458667531
Singapore,Partner->CHN,2016-10,1.5494933545098313
Singapore,Partner->CHN,2016-11,1.9885379527758342
Singapore,Partner->CHN,2016-12,2.4429425463676484
Singapore,Partner->CHN,2017-01,2.913244505423389
Singapore,Partner->CHN,2017-02,3.3999999999999986
Singapore,Partner->CHN,2017-03,2.145341380123984
Singapore,Partner->CHN,2017-04,1.0
Singapore,Partner->CHN,2017-05,1.2425467922961833
Singapore,Partner->CHN,2017-06,1.4899959967967966
Singapore,Partner->CHN,2017-07,1.742446702198066
Singapore,Partner->CHN,2017-08,2.0
Singapore,Partner->CHN,2017-09,1.9000000000000004
Singapore,Partner->CHN,2017-10,1.495404086922834
Singapore,Partner->CHN,2017-11,1.1034979298827796
Singapore,Partner->CHN,2017-12,0.72388352706351
Singapore,Partner->CHN,2018-01,0.3561753595873398
Singapore,Partner->CHN,2018-02,1.7763568394002505e-15
Singapore,Partner->CHN,2018-03,1.9000000000000004
Singapore,Partner->CHN,2018-04,2.5
Singapore,Partner->CHN,2018-05,2.042239071570492
Singapore,Partner->CHN,2018-06,1.6000000000000032
Singapore,Partner->CHN,2018-07,2.7009926998364424
Singapore,Partner->CHN,2018-08,3.8981905524580505
Singapore,Partner->CHN,2018-09,5.199999999999996
Singapore,Partner->CHN,2018-10,1.7763568394002505e-15
Singapore,Partner->CHN,2018-11,4.521904571390467
Singapore,Partner->CHN,2018-12,4.521904571390467
Singapore,Partner->CHN,2019-01,4.521904571390467
Singapore,Partner->CHN,2019-02,4.521904571390467
Singapore,Partner->CHN,2019-03,4.521904571390467
South Korea,Aggregated,2002-01,1.6070689291270437
South Korea,Aggregated,2002-02,4.039999999999997
South Korea,Aggregated,2002-03,2.4632815729997457
South Korea,Aggregated,2002-04,1.7252335123106644
South Korea,Aggregated,2002-05,3.5681425116915495
South Korea,Aggregated,2002-06,0.2071760633590074
South Korea,Aggregated,2002-07,1.5477428770167645
South Korea,Aggregated,2002-08,1.0454234174143444
South Korea,Aggregated,2002-09,1.4474711915874163
South Korea,Aggregated,2002-10,2.2206686296062195
South Korea,Aggregated,2002-11,-0.4692203687280916
South Korea,Aggregated,2002-12,4.146450677153769
South Korea,Aggregated,2003-01,0.6316810516904496
South Korea,Aggregated,2003-02,0.5103332854294855
South Korea,Aggregated,2003-03,1.4666666666666632
South Korea,Aggregated,2003-04,2.605135402157501
South Korea,Aggregated,2003-05,0.09999999999999964
South Korea,Aggregated,2003-06,1.0178425057933396
South Korea,Aggregated,2003-07,2.3432706691139895
South Korea,Aggregated,2003-08,2.25890447013815
South Korea,Aggregated,2003-09,1.3157328576051643
South Korea,Aggregated,2003-10,3.205042084366136
South Korea,Aggregated,2003-11,1.2786577461092747
South Korea,Aggregated,2003-12,0.87157516571604
South Korea,Aggregated,2004-01,3.0856024363388332
South Korea,Aggregated,2004-02,2.5261430479316243
South Korea,Aggregated,2004-03,1.7634170085411043
South Korea,Aggregated,2004-04,2.2847762100280775
South Korea,Aggregated,2004-05,-0.5210500710502064
South Korea,Aggregated,2004-06,1.6821773526343158
South Korea,Aggregated,2004-07,0.20530169684528055
South Korea,Aggregated,2004-08,0.2364739800881086
South Korea,Aggregated,2004-09,1.8840404052426436
South Korea,Aggregated,2004-10,1.1342938456495943
South Korea,Aggregated,2004-11,2.536341660409766
South Korea,Aggregated,2004-12,1.1268780313191566
South Korea,Aggregated,2005-01,1.3512092057488587
South Korea,Aggregated,2005-02,1.2668550571970805
South Korea,Aggregated,2005-03,0.7700284815100424
South Korea,Aggregated,2005-04,1.9219277271911483
South Korea,Aggregated,2005-05,0.13132095289551415
South Korea,Aggregated,2005-06,3.0342351054834147
South Korea,Aggregated,2005-07,2.478683425381563
South Korea,Aggregated,2005-08,1.8745043026326353
South Korea,Aggregated,2005-09,2.069781808661638
South Korea,Aggregated,2005-10,1.6901609704734746
South Korea,Aggregated,2005-11,2.6606162149564554
South Korea,Aggregated,2005-12,2.731205246733836
South Korea,Aggregated,2006-01,2.223125397228692
South Korea,Aggregated,2006-02,1.333333333333334
South Korea,Aggregated,2006-03,0.7375000000000007
South Korea,Aggregated,2006-04,1.3329892378218062
South Korea,Aggregated,2006-05,3.666666666666666
South Korea,Aggregated,2006-06,1.8302213561895684
South Korea,Aggregated,2006-07,2.1562692633054255
South Korea,Aggregated,2006-08,2.0600000000000005
South Korea,Aggregated,2006-09,0.8746780921309032
South Korea,Aggregated,2006-10,1.1648542274758302
South Korea,Aggregated,2006-11,3.369575462530541
South Korea,Aggregated,2006-12,2.9501477725270853
South Korea,Aggregated,2007-01,1.7274883764805065
South Korea,Aggregated,2007-02,2.2539199090432014
South Korea,Aggregated,2007-03,3.2843894188177067
South Korea,Aggregated,2007-04,2.6037504740971666
South Korea,Aggregated,2007-05,1.3014896776062237
South Korea,Aggregated,2007-06,-1.176209992275549
South Korea,Aggregated,2007-07,3.30095285917756
South Korea,Aggregated,2007-08,2.2351540942255657
South Korea,Aggregated,2007-09,1.4863498100930368
South Korea,Aggregated,2007-10,2.6666666666666643
South Korea,Aggregated,2007-11,2.7114052574702576
South Korea,Aggregated,2007-12,1.7495281640922347
South Korea,Aggregated,2008-01,0.2091229182759271
South Korea,Aggregated,2008-02,1.3259982695885206
South Korea,Aggregated,2008-03,2.371428571428572
South Korea,Aggregated,2008-04,1.796323579509414
South Korea,Aggregated,2008-05,1.2909555044870427
South Korea,Aggregated,2008-06,1.4789656057156186
South Korea,Aggregated,2008-07,4.203538071548335
South Korea,Aggregated,2008-08,2.6612079484306452
South Korea,Aggregated,2008-09,0.23588674859751357
South Korea,Aggregated,2008-10,-0.14965529085303864
South Korea,Aggregated,2008-11,2.2125000000000004
South Korea,Aggregated,2008-12,2.885654729199816
South Korea,Aggregated,2009-01,4.0
South Korea,Aggregated,2009-02,2.135994951998761
South Korea,Aggregated,2009-03,4.367253540319782
South Korea,Aggregated,2009-04,1.7048479002637222
South Korea,Aggregated,2009-05,1.1309283706004898
South Korea,Aggregated,2009-06,3.87213595499958
South Korea,Aggregated,2009-07,-0.012499999999997513
South Korea,Aggregated,2009-08,1.4499999999999993
South Korea,Aggregated,2009-09,1.1184109925631773
South Korea,Aggregated,2009-10,2.1733699104166284
South Korea,Aggregated,2009-11,3.6113681764337873
South Korea,Aggregated,2009-12,2.860000000000001
South Korea,Aggregated,2010-01,2.724999999999998
South Korea,Aggregated,2010-02,0.695217257226016
South Korea,Aggregated,2010-03,5.186636123669306
South Korea,Aggregated,2010-04,1.8761664672463905
South Korea,Aggregated,2010-05,1.6478536814441327
South Korea,Aggregated,2010-06,0.306448801597595
South Korea,Aggregated,2010-07,-1.0420197993745628
South Korea,Aggregated,2010-08,0.4513327826728375
South Korea,Aggregated,2010-09,0.8202011312301849
South Korea,Aggregated,2010-10,3.020794416806389
South Korea,Aggregated,2010-11,1.3602375037291061
South Korea,Aggregated,2010-12,1.9505912300560908
South Korea,Aggregated,2011-01,1.679999999999998
South Korea,Aggregated,2011-02,1.87142857142857
South Korea,Aggregated,2011-03,0.8749666429769025
South Korea,Aggregated,2011-04,2.425057829571255
South Korea,Aggregated,2011-05,2.3729530008608837
South Korea,Aggregated,2011-06,2.6777678917909267
South Korea,Aggregated,2011-07,1.2268309912444835
South Korea,Aggregated,2011-08,2.0142857142857142
South Korea,Aggregated,2011-09,1.5677738573546005
South Korea,Aggregated,2011-10,1.2312613184974666
South Korea,Aggregated,2011-11,0.1606033936905611
South Korea,Aggregated,2011-12,1.4030798732963472
South Korea,Aggregated,2012-01,2.1035638319518757
South Korea,Aggregated,2012-02,0.366899828742957
South Korea,Aggregated,2012-03,2.160046813132926
South Korea,Aggregated,2012-04,1.9469366327002948
South Korea,Aggregated,2012-05,1.9434323486811884
South Korea,Aggregated,2012-06,1.275625718560093
South Korea,Aggregated,2012-07,-0.01741779639123564
South Korea,Aggregated,2012-08,2.3080204393663077
South Korea,Aggregated,2012-09,1.6673253975862181
South Korea,Aggregated,2012-10,1.1436530033094439
South Korea,Aggregated,2012-11,2.4712759120328354
South Korea,Aggregated,2012-12,0.7357847657376784
South Korea,Aggregated,2013-01,2.994503969632829
South Korea,Aggregated,2013-02,-0.10758943776446017
South Korea,Aggregated,2013-03,-1.9999999999999982
South Korea,Aggregated,2013-04,1.6237954724330965
South Korea,Aggregated,2013-05,1.7714285714285722
South Korea,Aggregated,2013-06,2.768941458679569
South Korea,Aggregated,2013-07,2.2729155301926305
South Korea,Aggregated,2013-08,2.7521107182608215
South Korea,Aggregated,2013-09,3.384362741771321
South Korea,Aggregated,2013-10,2.906164801215901
South Korea,Aggregated,2013-11,0.4026359941627238
South Korea,Aggregated,2013-12,1.9358915694178265
South Korea,Aggregated,2014-01,1.3428571428571452
South Korea,Aggregated,2014-02,2.4264864415033784
South Korea,Aggregated,2014-03,1.080030200735612
South Korea,Aggregated,2014-04,3.497005102291043
South Korea,Aggregated,2014-05,1.2829529001418987
South Korea,Aggregated,2014-06,3.007772579418786
South Korea,Aggregated,2014-07,1.6262078375877032
South Korea,Aggregated,2014-08,2.945848912236558
South Korea,Aggregated,2014-09,2.7492087822420395
South Korea,Aggregated,2014-10,1.1672921110367422
South Korea,Aggregated,2014-11,0.8154915313757236
South Korea,Aggregated,2014-12,2.24197703962858
South Korea,Aggregated,2015-01,1.5635107942695363
South Korea,Aggregated,2015-02,0.029101966249681865
South Korea,Aggregated,2015-03,-0.004829336034820386
South Korea,Aggregated,2015-04,1.8248820947543507
South Korea,Aggregated,2015-05,2.488548806676315
South Korea,Aggregated,2015-06,1.9171422695981875
South Korea,Aggregated,2015-07,2.0757196589802636
South Korea,Aggregated,2015-08,3.392690093964683
South Korea,Aggregated,2015-09,1.7377090423952648
South Korea,Aggregated,2015-10,2.9456211200875284
South Korea,Aggregated,2015-11,1.679184538256628
South Korea,Aggregated,2015-12,3.3216419544827698
South Korea,Aggregated,2016-01,1.6178118449069743
South Korea,Aggregated,2016-02,0.5600161925882912
South Korea,Aggregated,2016-03,-0.6009705221485095
South Korea,Aggregated,2016-04,1.5305581047151158
South Korea,Aggregated,2016-05,-3.500000000000001
South Korea,Aggregated,2016-06,-0.3365409026422732
South Korea,Aggregated,2016-07,-2.2752158726486567
South Korea,Aggregated,2016-08,-1.8762339315126173
South Korea,Aggregated,2016-09,0.1187607036601861
South Korea,Aggregated,2016-10,-0.7119532196833731
South Korea,Aggregated,2016-11,-4.999999999999999
South Korea,Aggregated,2016-12,-0.026777840057217617
South Korea,Aggregated,2017-01,0.3823055093805756
South Korea,Aggregated,2017-02,-0.8529034338570778
South Korea,Aggregated,2017-03,-1.1698110941945128
South Korea,Aggregated,2017-04,2.117056274847714
South Korea,Aggregated,2017-05,-0.7323085474786666
South Korea,Aggregated,2017-06,-5.221583454237411
South Korea,Aggregated,2017-07,0.40000000000000036
South Korea,Aggregated,2017-08,1.0
South Korea,Aggregated,2017-09,-2.1011402204875065
South Korea,Aggregated,2017-10,1.0847054183120015
South Korea,Aggregated,2017-11,1.836991234025529
South Korea,Aggregated,2017-12,0.10843750855581824
South Korea,Aggregated,2018-01,3.0165195460614314
South Korea,Aggregated,2018-02,2.341369696545602
South Korea,Aggregated,2018-03,1.2860906537999561
South Korea,Aggregated,2018-04,3.0382514278165385
South Korea,Aggregated,2018-05,1.95940829501237
South Korea,Aggregated,2018-06,2.129217154497267
South Korea,Aggregated,2018-07,1.666666666666666
South Korea,Aggregated,2018-08,2.01982500643704
South Korea,Aggregated,2018-09,2.125461636947879
South Korea,Aggregated,2018-10,-0.4399999999999995
South Korea,Aggregated,2018-11,2.633333333333331
South Korea,Aggregated,2018-12,3.183898609864972
South Korea,Aggregated,2019-01,1.8249999999999993
South Korea,Aggregated,2019-02,0.4999999999999982
South Korea,Aggregated,2019-03,3.470142581081186
South Korea,CHN->Partner,2002-01,1.599999999999996
South Korea,CHN->Partner,2002-02,4.0
South Korea,CHN->Partner,2002-03,1.9388026216662464
South Korea,CHN->Partner,2002-04,2.770142581081185
South Korea,CHN->Partner,2002-05,4.047805496750854
South Korea,CHN->Partner,2002-06,1.4304544286130607
South Korea,CHN->Partner,2002-07,2.9833333333333325
South Korea,CHN->Partner,2002-08,3.200721736150175
South Korea,CHN->Partner,2002-09,1.4499999999999993
South Korea,CHN->Partner,2002-10,1.6161725037400831
South Korea,CHN->Partner,2002-11,-0.23538001614526394
South Korea,CHN->Partner,2002-12,5.099999999999998
South Korea,CHN->Partner,2003-01,0.5817047489991367
South Korea,CHN->Partner,2003-02,-0.1700173010898478
South Korea,CHN->Partner,2003-03,2.599999999999996
South Korea,CHN->Partner,2003-04,2.634983550023275
South Korea,CHN->Partner,2003-05,2.649999999999997
South Korea,CHN->Partner,2003-06,1.9749999999999979
South Korea,CHN->Partner,2003-07,2.279928492927935
South Korea,CHN->Partner,2003-08,2.0252766325620364
South Korea,CHN->Partner,2003-09,2.320892331008876
South Korea,CHN->Partner,2003-10,2.94465523682997
South Korea,CHN->Partner,2003-11,2.205974967737104
South Korea,CHN->Partner,2003-12,-0.6060048266773723
South Korea,CHN->Partner,2004-01,3.1166666666666707
South Korea,CHN->Partner,2004-02,2.792774616681516
South Korea,CHN->Partner,2004-03,2.0658875115629236
South Korea,CHN->Partner,2004-04,2.437627591314447
South Korea,CHN->Partner,2004-05,3.5765092553584754
South Korea,CHN->Partner,2004-06,2.3220999361181356
South Korea,CHN->Partner,2004-07,1.3250000000000028
South Korea,CHN->Partner,2004-08,1.2478976207120098
South Korea,CHN->Partner,2004-09,2.200838644588151
South Korea,CHN->Partner,2004-10,0.9895710340216866
South Korea,CHN->Partner,2004-11,2.1730299457083397
South Korea,CHN->Partner,2004-12,1.2402389990100477
South Korea,CHN->Partner,2005-01,2.9999999999999964
South Korea,CHN->Partner,2005-02,0.8484843263788182
South Korea,CHN->Partner,2005-03,3.0307216603609035
South Korea,CHN->Partner,2005-04,1.692972184051552
South Korea,CHN->Partner,2005-05,0.3258058378209707
South Korea,CHN->Partner,2005-06,2.5942163994752097
South Korea,CHN->Partner,2005-07,3.4711399899185587
South Korea,CHN->Partner,2005-08,1.5314474508208527
South Korea,CHN->Partner,2005-09,3.193463818426343
South Korea,CHN->Partner,2005-10,1.93873097638639
South Korea,CHN->Partner,2005-11,2.9524523746919797
South Korea,CHN->Partner,2005-12,2.8203878104165376
South Korea,CHN->Partner,2006-01,3.5979037600119934
South Korea,CHN->Partner,2006-02,1.5000000000000018
South Korea,CHN->Partner,2006-03,3.2249999999999996
South Korea,CHN->Partner,2006-04,1.2924803663575997
South Korea,CHN->Partner,2006-05,3.5
South Korea,CHN->Partner,2006-06,3.539756820556766
South Korea,CHN->Partner,2006-07,2.19757251162104
South Korea,CHN->Partner,2006-08,2.242857142857142
South Korea,CHN->Partner,2006-09,2.5249999782236507
South Korea,CHN->Partner,2006-10,0.9999127918113562
South Korea,CHN->Partner,2006-11,3.2756114375901557
South Korea,CHN->Partner,2006-12,3.198197453790616
South Korea,CHN->Partner,2007-01,2.2830817519277495
South Korea,CHN->Partner,2007-02,2.6675690494582014
South Korea,CHN->Partner,2007-03,3.5500000000000007
South Korea,CHN->Partner,2007-04,2.507326399731946
South Korea,CHN->Partner,2007-05,2.351737957207261
South Korea,CHN->Partner,2007-06,-1.176209992275549
South Korea,CHN->Partner,2007-07,3.7163579982257424
South Korea,CHN->Partner,2007-08,2.5797084310253506
South Korea,CHN->Partner,2007-09,1.0
South Korea,CHN->Partner,2007-10,2.5
South Korea,CHN->Partner,2007-11,2.892787260834428
South Korea,CHN->Partner,2007-12,1.862478373637689
South Korea,CHN->Partner,2008-01,0.7954972243679013
South Korea,CHN->Partner,2008-02,0.8400000000000034
South Korea,CHN->Partner,2008-03,3.5
South Korea,CHN->Partner,2008-04,1.7599999999999998
South Korea,CHN->Partner,2008-05,1.9402361800117909
South Korea,CHN->Partner,2008-06,1.5826022829250004
South Korea,CHN->Partner,2008-07,4.249999999999998
South Korea,CHN->Partner,2008-08,3.4984175620473543
South Korea,CHN->Partner,2008-09,-1.9999999999999982
South Korea,CHN->Partner,2008-10,3.062383816204237
South Korea,CHN->Partner,2008-11,2.6666666666666643
South Korea,CHN->Partner,2008-12,2.380013990373275
South Korea,CHN->Partner,2009-01,4.0
South Korea,CHN->Partner,2009-02,2.2249999999999996
South Korea,CHN->Partner,2009-03,5.419999999999995
South Korea,CHN->Partner,2009-04,3.474746500439535
South Korea,CHN->Partner,2009-05,1.0666666666666647
South Korea,CHN->Partner,2009-06,2.5
South Korea,CHN->Partner,2009-07,3.9666666666666686
South Korea,CHN->Partner,2009-08,1.9000000000000004
South Korea,CHN->Partner,2009-09,2.6856142327265697
South Korea,CHN->Partner,2009-10,2.4104250986120235
South Korea,CHN->Partner,2009-11,3.362499999999999
South Korea,CHN->Partner,2009-12,2.450000000000001
South Korea,CHN->Partner,2010-01,2.9499999999999993
South Korea,CHN->Partner,2010-02,1.1586954287100273
South Korea,CHN->Partner,2010-03,5.300000000000004
South Korea,CHN->Partner,2010-04,0.9800000000000004
South Korea,CHN->Partner,2010-05,2.201857779805831
South Korea,CHN->Partner,2010-06,0.15669956010395225
South Korea,CHN->Partner,2010-07,-2.7500000000000018
South Korea,CHN->Partner,2010-08,-0.16249999999999964
South Korea,CHN->Partner,2010-09,0.8000000000000007
South Korea,CHN->Partner,2010-10,2.029101966249687
South Korea,CHN->Partner,2010-11,0.9528931682887087
South Korea,CHN->Partner,2010-12,2.7700454035549935
South Korea,CHN->Partner,2011-01,2.6000000000000014
South Korea,CHN->Partner,2011-02,2.0399999999999974
South Korea,CHN->Partner,2011-03,0.14328157299974542
South Korea,CHN->Partner,2011-04,2.6195825325767483
South Korea,CHN->Partner,2011-05,2.8860405647886775
South Korea,CHN->Partner,2011-06,2.6761364890520714
South Korea,CHN->Partner,2011-07,2.6233946243797934
South Korea,CHN->Partner,2011-08,3.25
South Korea,CHN->Partner,2011-09,2.133333333333333
South Korea,CHN->Partner,2011-10,2.465086535250599
South Korea,CHN->Partner,2011-11,3.899999999999997
South Korea,CHN->Partner,2011-12,0.9651152914051302
South Korea,CHN->Partner,2012-01,3.578669009226811
South Korea,CHN->Partner,2012-02,1.256409213458383
South Korea,CHN->Partner,2012-03,2.090693798567802
South Korea,CHN->Partner,2012-04,2.8166666666666664
South Korea,CHN->Partner,2012-05,3.2215313094837477
South Korea,CHN->Partner,2012-06,5.799999999999994
South Korea,CHN->Partner,2012-07,1.664472163417523
South Korea,CHN->Partner,2012-08,1.9166666666666679
South Korea,CHN->Partner,2012-09,2.271428571428574
South Korea,CHN->Partner,2012-10,0.8056676725154954
South Korea,CHN->Partner,2012-11,2.9331676725154967
South Korea,CHN->Partner,2012-12,0.9707400033038844
South Korea,CHN->Partner,2013-01,3.0595777987561714
South Korea,CHN->Partner,2013-02,0.22332495807107833
South Korea,CHN->Partner,2013-03,0.9857648676798973
South Korea,CHN->Partner,2013-04,1.799999999999999
South Korea,CHN->Partner,2013-05,2.100000000000003
South Korea,CHN->Partner,2013-06,3.5938266464993305
South Korea,CHN->Partner,2013-07,2.468698582794339
South Korea,CHN->Partner,2013-08,2.0
South Korea,CHN->Partner,2013-09,3.613801937386766
South Korea,CHN->Partner,2013-10,2.9847799544487223
South Korea,CHN->Partner,2013-11,1.8043365409539192
South Korea,CHN->Partner,2013-12,2.1001678618004256
South Korea,CHN->Partner,2014-01,1.5666666666666664
South Korea,CHN->Partner,2014-02,1.9522296622550677
South Korea,CHN->Partner,2014-03,0.536363636363637
South Korea,CHN->Partner,2014-04,3.6599999999999984
South Korea,CHN->Partner,2014-05,1.5634521006530093
South Korea,CHN->Partner,2014-06,3.037854758131793
South Korea,CHN->Partner,2014-07,2.6338743843909302
South Korea,CHN->Partner,2014-08,2.8352455185459924
South Korea,CHN->Partner,2014-09,2.383574972071891
South Korea,CHN->Partner,2014-10,1.2537281990791111
South Korea,CHN->Partner,2014-11,1.2740480578749729
South Korea,CHN->Partner,2014-12,2.4323327350787736
South Korea,CHN->Partner,2015-01,1.6319805153394675
South Korea,CHN->Partner,2015-02,-2.3917960675006302
South Korea,CHN->Partner,2015-03,-0.9870092259660499
South Korea,CHN->Partner,2015-04,2.697055356152381
South Korea,CHN->Partner,2015-05,0.1800000000000015
South Korea,CHN->Partner,2015-06,-0.5
South Korea,CHN->Partner,2015-07,1.5725992956937809
South Korea,CHN->Partner,2015-08,2.1999999999999993
South Korea,CHN->Partner,2015-09,2.540000000000001
South Korea,CHN->Partner,2015-10,2.8695504707668498
South Korea,CHN->Partner,2015-11,1.1081475425919738
South Korea,CHN->Partner,2015-12,3.64604989415154
South Korea,CHN->Partner,2016-01,1.7857142857142883
South Korea,CHN->Partner,2016-02,0.1575174680667324
South Korea,CHN->Partner,2016-03,-0.8399999999999981
South Korea,CHN->Partner,2016-04,0.125
South Korea,CHN->Partner,2016-05,-1.9999999999999982
South Korea,CHN->Partner,2016-06,0.975919089425231
South Korea,CHN->Partner,2016-07,-4.775192319072808
South Korea,CHN->Partner,2016-08,-3.110192294486403
South Korea,CHN->Partner,2016-09,1.184649077605295
South Korea,CHN->Partner,2016-10,0.04542677990756694
South Korea,CHN->Partner,2016-11,-1.9999999999999982
South Korea,CHN->Partner,2016-12,0.7369703009381574
South Korea,CHN->Partner,2017-01,1.9358898943540694
South Korea,CHN->Partner,2017-02,-2.1808068677141605
South Korea,CHN->Partner,2017-03,-0.698879995659988
South Korea,CHN->Partner,2017-04,1.620000000000001
South Korea,CHN->Partner,2017-05,-0.47165961101424614
South Korea,CHN->Partner,2017-06,-6.53895251912847
South Korea,CHN->Partner,2017-07,0.4999999999999982
South Korea,CHN->Partner,2017-08,1.0
South Korea,CHN->Partner,2017-09,-0.3950086505449235
South Korea,CHN->Partner,2017-10,-5.018477785343487
South Korea,CHN->Partner,2017-11,2.424999999999997
South Korea,CHN->Partner,2017-12,-1.870483996910222
South Korea,CHN->Partner,2018-01,3.2915129714401186
South Korea,CHN->Partner,2018-02,1.562920508220703
South Korea,CHN->Partner,2018-03,1.8250033490238948
South Korea,CHN->Partner,2018-04,3.103490257669735
South Korea,CHN->Partner,2018-05,2.2328674013646648
South Korea,CHN->Partner,2018-06,4.999999999999998
South Korea,CHN->Partner,2018-07,2.9522996909708983
South Korea,CHN->Partner,2018-08,1.1666666666666643
South Korea,CHN->Partner,2018-09,2.666719744684597
South Korea,CHN->Partner,2018-10,2.6000000000000014
South Korea,CHN->Partner,2018-11,2.1999999999999993
South Korea,CHN->Partner,2018-12,3.2302494707577107
South Korea,CHN->Partner,2019-01,3.5
South Korea,CHN->Partner,2019-02,2.9999999999999964
South Korea,CHN->Partner,2019-03,3.7500000000000018
South Korea,Partner->CHN,2002-01,1.799999999999999
South Korea,Partner->CHN,2002-02,4.066666666666665
South Korea,Partner->CHN,2002-03,2.972135954999576
South Korea,Partner->CHN,2002-04,1.1754833883605436
South Korea,Partner->CHN,2002-05,3.538424859011956
South Korea,Partner->CHN,2002-06,0.5714285714285694
South Korea,Partner->CHN,2002-07,0.7750000000000004
South Korea,Partner->CHN,2002-08,-0.7104778820945601
South Korea,Partner->CHN,2002-09,1.9000000000000004
South Korea,Partner->CHN,2002-10,3.799999999999997
South Korea,Partner->CHN,2002-11,1.8953525356513143
South Korea,Partner->CHN,2002-12,1.9000000000000004
South Korea,Partner->CHN,2003-01,1.929708431025352
South Korea,Partner->CHN,2003-02,1.4250000000000025
South Korea,Partner->CHN,2003-03,1.7599999999999998
South Korea,Partner->CHN,2003-04,2.4087148452429172
South Korea,Partner->CHN,2003-05,-5.0
South Korea,Partner->CHN,2003-06,0.8499999999999996
South Korea,Partner->CHN,2003-07,2.71262828800719
South Korea,Partner->CHN,2003-08,3.115857249568702
South Korea,Partner->CHN,2003-09,1.1997100429370402
South Korea,Partner->CHN,2003-10,3.6422494124550386
South Korea,Partner->CHN,2003-11,1.239669092937234
South Korea,Partner->CHN,2003-12,3.4814390138476927
South Korea,Partner->CHN,2004-01,3.0251698209982223
South Korea,Partner->CHN,2004-02,3.068112436687377
South Korea,Partner->CHN,2004-03,1.5000000000000018
South Korea,Partner->CHN,2004-04,3.4278319472082934
South Korea,Partner->CHN,2004-05,-3.6472457283656974
South Korea,Partner->CHN,2004-06,1.5090954713365505
South Korea,Partner->CHN,2004-07,0.3571428571428594
South Korea,Partner->CHN,2004-08,0.5681291738453442
South Korea,Partner->CHN,2004-09,3.1882049325242594
South Korea,Partner->CHN,2004-10,1.8578709005114895
South Korea,Partner->CHN,2004-11,2.971706087279335
South Korea,Partner->CHN,2004-12,2.2114688962061564
South Korea,Partner->CHN,2005-01,0.7333333333333343
South Korea,Partner->CHN,2005-02,2.3334725799624785
South Korea,Partner->CHN,2005-03,0.13433301795656405
South Korea,Partner->CHN,2005-04,2.185915835518001
South Korea,Partner->CHN,2005-05,1.0647618730095214
South Korea,Partner->CHN,2005-06,3.4785108366372555
South Korea,Partner->CHN,2005-07,2.1660211759959207
South Korea,Partner->CHN,2005-08,1.9862273787816047
South Korea,Partner->CHN,2005-09,1.846762209517081
South Korea,Partner->CHN,2005-10,1.9629435519165508
South Korea,Partner->CHN,2005-11,2.8767620374748404
South Korea,Partner->CHN,2005-12,3.0870187561805835
South Korea,Partner->CHN,2006-01,2.4132661457244637
South Korea,Partner->CHN,2006-02,1.0
South Korea,Partner->CHN,2006-03,-0.5833333333333339
South Korea,Partner->CHN,2006-04,0.857968820954838
South Korea,Partner->CHN,2006-05,4.0
South Korea,Partner->CHN,2006-06,1.842725506598267
South Korea,Partner->CHN,2006-07,3.411463733252381
South Korea,Partner->CHN,2006-08,1.700000000000001
South Korea,Partner->CHN,2006-09,0.6333333333333311
South Korea,Partner->CHN,2006-10,1.7179222869869601
South Korea,Partner->CHN,2006-11,3.4700000000000006
South Korea,Partner->CHN,2006-12,2.7749586088176876
South Korea,Partner->CHN,2007-01,1.6800311839868396
South Korea,Partner->CHN,2007-02,3.0285714285714285
South Korea,Partner->CHN,2007-03,3.6615521162830102
South Korea,Partner->CHN,2007-04,4.141341903394492
South Korea,Partner->CHN,2007-05,1.622085548648709
South Korea,Partner->CHN,2007-06,4.0
South Korea,Partner->CHN,2007-07,3.557142857142855
South Korea,Partner->CHN,2007-08,1.9981875488460084
South Korea,Partner->CHN,2007-09,1.4863498100930368
South Korea,Partner->CHN,2007-10,2.9999999999999964
South Korea,Partner->CHN,2007-11,3.311882189313325
South Korea,Partner->CHN,2007-12,2.2097769801050315
South Korea,Partner->CHN,2008-01,1.4750000000000014
South Korea,Partner->CHN,2008-02,2.349879610967456
South Korea,Partner->CHN,2008-03,2.371428571428572
South Korea,Partner->CHN,2008-04,3.0099748742132384
South Korea,Partner->CHN,2008-05,1.122478390342911
South Korea,Partner->CHN,2008-06,1.9800000000000004
South Korea,Partner->CHN,2008-07,4.130915409285533
South Korea,Partner->CHN,2008-08,2.689098796430857
South Korea,Partner->CHN,2008-09,2.2695974903951885
South Korea,Partner->CHN,2008-10,-0.3000000000000025
South Korea,Partner->CHN,2008-11,2.3857142857142843
South Korea,Partner->CHN,2008-12,3.6335200072426357
South Korea,Partner->CHN,2009-01,4.0
South Korea,Partner->CHN,2009-02,1.4227264895682321
South Korea,Partner->CHN,2009-03,3.9136592496851463
South Korea,Partner->CHN,2009-04,0.7265804143912113
South Korea,Partner->CHN,2009-05,2.4000000000000004
South Korea,Partner->CHN,2009-06,4.399999999999995
South Korea,Partner->CHN,2009-07,-0.2857142857142865
South Korea,Partner->CHN,2009-08,1.4499999999999993
South Korea,Partner->CHN,2009-09,-2.443811215427891
South Korea,Partner->CHN,2009-10,1.9217691423400272
South Korea,Partner->CHN,2009-11,4.2569652827922635
South Korea,Partner->CHN,2009-12,4.499999999999998
South Korea,Partner->CHN,2010-01,2.724999999999998
South Korea,Partner->CHN,2010-02,0.33333333333333215
South Korea,Partner->CHN,2010-03,5.946211251235319
South Korea,Partner->CHN,2010-04,2.892440330485842
South Korea,Partner->CHN,2010-05,1.3734435899940483
South Korea,Partner->CHN,2010-06,0.7921297978201931
South Korea,Partner->CHN,2010-07,1.915960401250878
South Korea,Partner->CHN,2010-08,1.3121156521129418
South Korea,Partner->CHN,2010-09,1.3285714285714274
South Korea,Partner->CHN,2010-10,3.4600000000000026
South Korea,Partner->CHN,2010-11,3.525246616016897
South Korea,Partner->CHN,2010-12,1.827801102345509
South Korea,Partner->CHN,2011-01,1.2249999999999996
South Korea,Partner->CHN,2011-02,1.4499999999999993
South Korea,Partner->CHN,2011-03,2.850000000000003
South Korea,Partner->CHN,2011-04,2.611140661634506
South Korea,Partner->CHN,2011-05,2.4124999999999996
South Korea,Partner->CHN,2011-06,2.9166666666666643
South Korea,Partner->CHN,2011-07,1.106434551662847
South Korea,Partner->CHN,2011-08,1.8499999999999996
South Korea,Partner->CHN,2011-09,1.5721537291245031
South Korea,Partner->CHN,2011-10,1.2851290258685601
South Korea,Partner->CHN,2011-11,0.05000000000000249
South Korea,Partner->CHN,2011-12,2.3823964061383585
South Korea,Partner->CHN,2012-01,1.4898596105274429
South Korea,Partner->CHN,2012-02,0.6181691387786667
South Korea,Partner->CHN,2012-03,2.5194589908230363
South Korea,Partner->CHN,2012-04,1.416058994357149
South Korea,Partner->CHN,2012-05,1.3989698234188133
South Korea,Partner->CHN,2012-06,0.03333333333333677
South Korea,Partner->CHN,2012-07,-0.6668560762610429
South Korea,Partner->CHN,2012-08,2.79596497830984
South Korea,Partner->CHN,2012-09,1.8692479261115729
South Korea,Partner->CHN,2012-10,3.1527346441664523
South Korea,Partner->CHN,2012-11,2.432700191821562
South Korea,Partner->CHN,2012-12,2.868581421598943
South Korea,Partner->CHN,2013-01,2.874095291578513
South Korea,Partner->CHN,2013-02,0.8546536768929762
South Korea,Partner->CHN,2013-03,-1.9999999999999982
South Korea,Partner->CHN,2013-04,2.7620855486487113
South Korea,Partner->CHN,2013-05,2.0666666666666664
South Korea,Partner->CHN,2013-06,2.676631073261289
South Korea,Partner->CHN,2013-07,2.658141014260522
South Korea,Partner->CHN,2013-08,2.8985501480321165
South Korea,Partner->CHN,2013-09,3.151801207018597
South Korea,Partner->CHN,2013-10,3.1377796288103337
South Korea,Partner->CHN,2013-11,-0.07339174554443062
South Korea,Partner->CHN,2013-12,1.837303726677435
South Korea,Partner->CHN,2014-01,0.4999999999999982
South Korea,Partner->CHN,2014-02,3.3554938954457008
South Korea,Partner->CHN,2014-03,3.155555555555555
South Korea,Partner->CHN,2014-04,3.5069774686661006
South Korea,Partner->CHN,2014-05,2.160000000000002
South Korea,Partner->CHN,2014-06,3.178352582601738
South Korea,Partner->CHN,2014-07,1.690007793076937
South Korea,Partner->CHN,2014-08,2.8955342898166148
South Korea,Partner->CHN,2014-09,2.631978177568696
South Korea,Partner->CHN,2014-10,1.8585644017919947
South Korea,Partner->CHN,2014-11,1.5040393736791433
South Korea,Partner->CHN,2014-12,2.859582041421543
South Korea,Partner->CHN,2015-01,1.54302880347697
South Korea,Partner->CHN,2015-02,2.438802621666243
South Korea,Partner->CHN,2015-03,1.3712415962041185
South Korea,Partner->CHN,2015-04,1.620000000000001
South Korea,Partner->CHN,2015-05,4.237027543543361
South Korea,Partner->CHN,2015-06,2.1954911252023344
South Korea,Partner->CHN,2015-07,3.333333333333334
South Korea,Partner->CHN,2015-08,3.6912281127576243
South Korea,Partner->CHN,2015-09,1.7443783895193992
South Korea,Partner->CHN,2015-10,3.257158793314604
South Korea,Partner->CHN,2015-11,3.1539728239013165
South Korea,Partner->CHN,2015-12,3.2822974682223602
South Korea,Partner->CHN,2016-01,1.99620837168308
South Korea,Partner->CHN,2016-02,3.924999999999997
South Korea,Partner->CHN,2016-03,0.6934851504690798
South Korea,Partner->CHN,2016-04,2.709215731915794
South Korea,Partner->CHN,2016-05,-5.0
South Korea,Partner->CHN,2016-06,0.31956954445771935
South Korea,Partner->CHN,2016-07,1.375
South Korea,Partner->CHN,2016-08,1.1222813232690125
South Korea,Partner->CHN,2016-09,0.6041120526059203
South Korea,Partner->CHN,2016-10,-0.7297878901198995
South Korea,Partner->CHN,2016-11,-8.0
South Korea,Partner->CHN,2016-12,0.2692955176439842
South Korea,Partner->CHN,2017-01,-1.3857142857142843
South Korea,Partner->CHN,2017-02,0.4750000000000014
South Korea,Partner->CHN,2017-03,-2.862623765409479
South Korea,Partner->CHN,2017-04,1.0
South Korea,Partner->CHN,2017-05,-0.1833621684830824
South Korea,Partner->CHN,2017-06,4.0
South Korea,Partner->CHN,2017-07,0.4999999999999982
South Korea,Partner->CHN,2017-08,6.0
South Korea,Partner->CHN,2017-09,-3.8
South Korea,Partner->CHN,2017-10,4.083193942398513
South Korea,Partner->CHN,2017-11,2.2275252316519474
South Korea,Partner->CHN,2017-12,1.8142857142857132
South Korea,Partner->CHN,2018-01,2.679999999999998
South Korea,Partner->CHN,2018-02,3.751281292110205
South Korea,Partner->CHN,2018-03,1.9182453358766072
South Korea,Partner->CHN,2018-04,2.4468460087654087
South Korea,Partner->CHN,2018-05,2.0285099283702603
South Korea,Partner->CHN,2018-06,1.879999999999999
South Korea,Partner->CHN,2018-07,1.666666666666666
South Korea,Partner->CHN,2018-08,2.5
South Korea,Partner->CHN,2018-09,1.6346584384264915
South Korea,Partner->CHN,2018-10,-1.9999999999999982
South Korea,Partner->CHN,2018-11,2.25
South Korea,Partner->CHN,2018-12,3.1530819409495976
South Korea,Partner->CHN,2019-01,1.2666666666666693
South Korea,Partner->CHN,2019-02,-1.9999999999999982
South Korea,Partner->CHN,2019-03,3.4552138716217815
Spain,Aggregated,2002-01,
Spain,Aggregated,2002-02,
Spain,Aggregated,2002-03,
Spain,Aggregated,2002-04,1.6712067873811236
Spain,Aggregated,2002-05,6.0
Spain,Aggregated,2002-06,-2.6278559714073086
Spain,Aggregated,2002-07,-6.876894374382339
Spain,Aggregated,2002-08,-8.96945681513107
Spain,Aggregated,2002-09,-10.0
Spain,Aggregated,2002-10,3.133333333333331
Spain,Aggregated,2002-11,3.7166282345776924
Spain,Aggregated,2002-12,3.221988123539818
Spain,Aggregated,2003-01,2.7439733451221358
Spain,Aggregated,2003-02,2.2820251058128296
Spain,Aggregated,2003-03,1.8356033936905618
Spain,Aggregated,2003-04,2.8756639807022726
Spain,Aggregated,2003-05,4.0
Spain,Aggregated,2003-06,3.44788704320778
Spain,Aggregated,2003-07,2.916096000886082
Spain,Aggregated,2003-08,2.626236024299491
Spain,Aggregated,2003-09,2.3424135747622508
Spain,Aggregated,2003-10,1.9000000000000004
Spain,Aggregated,2003-11,1.0
Spain,Aggregated,2003-12,1.5000000000000018
Spain,Aggregated,2004-01,1.9858232005200112
Spain,Aggregated,2004-02,2.4905283356130994
Spain,Aggregated,2004-03,-0.32423501986331793
Spain,Aggregated,2004-04,0.19300456699344615
Spain,Aggregated,2004-05,0.7353043524129852
Spain,Aggregated,2004-06,1.3038785001367597
Spain,Aggregated,2004-07,1.9000000000000004
Spain,Aggregated,2004-08,1.9000000000000004
Spain,Aggregated,2004-09,2.1141378582540824
Spain,Aggregated,2004-10,1.0
Spain,Aggregated,2004-11,1.700000000000001
Spain,Aggregated,2004-12,2.1422981247573283
Spain,Aggregated,2005-01,2.599999999999996
Spain,Aggregated,2005-02,2.8239122004652817
Spain,Aggregated,2005-03,3.0515109210421336
Spain,Aggregated,2005-04,3.2828568570857044
Spain,Aggregated,2005-05,2.043062618967495
Spain,Aggregated,2005-06,0.4999999999999982
Spain,Aggregated,2005-07,2.296049188353951
Spain,Aggregated,2005-08,2.237511041984126
Spain,Aggregated,2005-09,2.179230619885013
Spain,Aggregated,2005-10,2.121206787381123
Spain,Aggregated,2005-11,3.2399168524346464
Spain,Aggregated,2005-12,1.0
Spain,Aggregated,2006-01,1.292035050863145
Spain,Aggregated,2006-02,1.5911771409706805
Spain,Aggregated,2006-03,1.8975992290365333
Spain,Aggregated,2006-04,1.7763568394002505e-15
Spain,Aggregated,2006-05,6.0
Spain,Aggregated,2006-06,1.0
Spain,Aggregated,2006-07,2.8975992290365316
Spain,Aggregated,2006-08,2.9962326663359136
Spain,Aggregated,2006-09,3.095566120580175
Spain,Aggregated,2006-10,3.1956045598991594
Spain,Aggregated,2006-11,3.296352987682294
Spain,Aggregated,2006-12,3.3978164428288657
Spain,Aggregated,2007-01,3.5
Spain,Aggregated,2007-02,3.024771075684084
Spain,Aggregated,2007-03,2.5651174982996423
Spain,Aggregated,2007-04,2.3424135747622508
Spain,Aggregated,2007-05,2.5368800457973713
Spain,Aggregated,2007-06,2.7341808772085177
Spain,Aggregated,2007-07,-9.2
Spain,Aggregated,2007-08,-5.795194528130759
Spain,Aggregated,2007-09,4.049999999999997
Spain,Aggregated,2007-10,2.645023347363166
Spain,Aggregated,2007-11,1.3712067873811264
Spain,Aggregated,2007-12,6.0
Spain,Aggregated,2008-01,3.8660687473185096
Spain,Aggregated,2008-02,2.0
Spain,Aggregated,2008-03,2.0
Spain,Aggregated,2008-04,1.4639480101611486
Spain,Aggregated,2008-05,0.9500000000000011
Spain,Aggregated,2008-06,2.2423537410020806
Spain,Aggregated,2008-07,6.0
Spain,Aggregated,2008-08,-0.1999999999999993
Spain,Aggregated,2008-09,3.5
Spain,Aggregated,2008-10,3.8611938980416287
Spain,Aggregated,2008-11,-3.6499999999999995
Spain,Aggregated,2008-12,-0.8922292272384738
Spain,Aggregated,2009-01,2.9002761897540363
Spain,Aggregated,2009-02,2.451031278941496
Spain,Aggregated,2009-03,-5.0
Spain,Aggregated,2009-04,-3.4404737006307604
Spain,Aggregated,2009-05,-1.4755936881908038
Spain,Aggregated,2009-06,1.0
Spain,Aggregated,2009-07,1.9624161018987198
Spain,Aggregated,2009-08,3.002019266563593
Spain,Aggregated,2009-09,4.125
Spain,Aggregated,2009-10,4.845346319976722
Spain,Aggregated,2009-11,5.599999999999998
Spain,Aggregated,2009-12,5.040573555830228
Spain,Aggregated,2010-01,4.499999999999998
Spain,Aggregated,2010-02,4.247950681976903
Spain,Aggregated,2010-03,4.0
Spain,Aggregated,2010-04,3.270895848376785
Spain,Aggregated,2010-05,3.1913118905133526
Spain,Aggregated,2010-06,3.1121717454572284
Spain,Aggregated,2010-07,3.0334729382145316
Spain,Aggregated,2010-08,2.955213007593599
Spain,Aggregated,2010-09,2.877389506128006
Spain,Aggregated,2010-10,2.7999999999999954
Spain,Aggregated,2010-11,3.43037262021528
Spain,Aggregated,2010-12,3.626639301907881
Spain,Aggregated,2011-01,3.8255753956355214
Spain,Aggregated,2011-02,1.0
Spain,Aggregated,2011-03,1.7702950507395165
Spain,Aggregated,2011-04,2.5900363069118484
Spain,Aggregated,2011-05,4.0
Spain,Aggregated,2011-06,2.910427743243556
Spain,Aggregated,2011-07,1.9000000000000004
Spain,Aggregated,2011-08,3.1430403579396025
Spain,Aggregated,2011-09,4.505859733822344
Spain,Aggregated,2011-10,6.0
Spain,Aggregated,2011-11,3.6999999999999993
Spain,Aggregated,2011-12,3.6020388467301903
Spain,Aggregated,2012-01,3.504730508939975
Spain,Aggregated,2012-02,3.4080706362512974
Spain,Aggregated,2012-03,3.312054907277144
Spain,Aggregated,2012-04,3.2166790294283274
Spain,Aggregated,2012-05,3.121938738721557
Spain,Aggregated,2012-06,1.9802461327666734
Spain,Aggregated,2012-07,2.449083246753652
Spain,Aggregated,2012-08,2.9348544186316285
Spain,Aggregated,2012-09,3.438171294339236
Spain,Aggregated,2012-10,3.959667612024612
Spain,Aggregated,2012-11,4.499999999999998
Spain,Aggregated,2012-12,1.0
Spain,Aggregated,2013-01,6.132301040858202
Spain,Aggregated,2013-02,4.824198453678104
Spain,Aggregated,2013-03,3.6159734237803782
Spain,Aggregated,2013-04,2.5
Spain,Aggregated,2013-05,1.9462212137423744
Spain,Aggregated,2013-06,1.4151587937150438
Spain,Aggregated,2013-07,0.9058808997906542
Spain,Aggregated,2013-08,0.41749391653036483
Spain,Aggregated,2013-09,-0.050859114817782825
Spain,Aggregated,2013-10,-0.5
Spain,Aggregated,2013-11,-3.183733250808432
Spain,Aggregated,2013-12,1.0
Spain,Aggregated,2014-01,-2.5147186257614305
Spain,Aggregated,2014-02,-5.0
Spain,Aggregated,2014-03,-4.167519617302389
Spain,Aggregated,2014-04,-3.2195353033420506
Spain,Aggregated,2014-05,-2.1400212653022095
Spain,Aggregated,2014-06,-0.9107281840098924
Spain,Aggregated,2014-07,0.48912529307605546
Spain,Aggregated,2014-08,1.6030614208126597
Spain,Aggregated,2014-09,2.8249999999999975
Spain,Aggregated,2014-10,1.0
Spain,Aggregated,2014-11,6.0
Spain,Aggregated,2014-12,5.563079115995009
Spain,Aggregated,2015-01,5.137387635453528
Spain,Aggregated,2015-02,4.722636948911562
Spain,Aggregated,2015-03,4.318545864522857
Spain,Aggregated,2015-04,3.924840417417073
Spain,Aggregated,2015-05,3.541253683957585
Spain,Aggregated,2015-06,1.64728391883148
Spain,Aggregated,2015-07,1.7763568394002505e-15
Spain,Aggregated,2015-08,-6.550280907742601
Spain,Aggregated,2015-09,-9.2
Spain,Aggregated,2015-10,-8.977133939153376
Spain,Aggregated,2015-11,-8.72667383326381
Spain,Aggregated,2015-12,-8.44520314004156
Spain,Aggregated,2016-01,-8.128882299795858
Spain,Aggregated,2016-02,-7.773396359756127
Spain,Aggregated,2016-03,-7.3738961135258325
Spain,Aggregated,2016-04,-6.924931952748537
Spain,Aggregated,2016-05,-6.420379528652493
Spain,Aggregated,2016-06,-5.853356209418171
Spain,Aggregated,2016-07,-5.21612719375833
Spain,Aggregated,2016-08,-4.500000000000001
Spain,Aggregated,2016-09,-1.9999999999999982
Spain,Aggregated,2016-10,-0.607695154586736
Spain,Aggregated,2016-11,1.0
Spain,Aggregated,2016-12,-4.000000000000001
Spain,Aggregated,2017-01,-2.8473896895424033
Spain,Aggregated,2017-02,-1.504992160831499
Spain,Aggregated,2017-03,0.05844268678297837
Spain,Aggregated,2017-04,1.8793105522673361
Spain,Aggregated,2017-05,4.0
Spain,Aggregated,2017-06,4.96871942267131
Spain,Aggregated,2017-07,6.0
Spain,Aggregated,2017-08,6.0
Spain,Aggregated,2017-09,4.646085772486357
Spain,Aggregated,2017-10,3.3999999999999986
Spain,Aggregated,2017-11,3.6183809903990714
Spain,Aggregated,2017-12,3.8400738041986777
Spain,Aggregated,2018-01,4.065128666348418
Spain,Aggregated,2018-02,4.2935965634766635
Spain,Aggregated,2018-03,4.525529255441658
Spain,Aggregated,2018-04,4.760979287057847
Spain,Aggregated,2018-05,4.999999999999998
Spain,Aggregated,2018-06,4.794803886678556
Spain,Aggregated,2018-07,4.592239363664753
Spain,Aggregated,2018-08,4.392272681452159
Spain,Aggregated,2018-09,4.194870523363546
Spain,Aggregated,2018-10,4.0
Spain,Aggregated,2018-11,0.7440073844260038
Spain,Aggregated,2018-12,5.763283959452512
Spain,Aggregated,2019-01,5.763283959452512
Spain,Aggregated,2019-02,5.763283959452512
Spain,Aggregated,2019-03,5.763283959452512
Spain,CHN->Partner,2002-01,
Spain,CHN->Partner,2002-02,
Spain,CHN->Partner,2002-03,
Spain,CHN->Partner,2002-04,1.4499999999999993
Spain,CHN->Partner,2002-05,-3.4814259548284294
Spain,CHN->Partner,2002-06,-6.459521632712642
Spain,CHN->Partner,2002-07,-8.25799816827713
Spain,CHN->Partner,2002-08,-9.344100899292814
Spain,CHN->Partner,2002-09,-10.0
Spain,CHN->Partner,2002-10,4.0
Spain,CHN->Partner,2002-11,6.399999999999999
Spain,CHN->Partner,2002-12,4.943863852876927
Spain,CHN->Partner,2003-01,3.6095858941997427
Spain,CHN->Partner,2003-02,2.386968301381142
Spain,CHN->Partner,2003-03,1.2666666666666693
Spain,CHN->Partner,2003-04,2.564659966250538
Spain,CHN->Partner,2003-05,4.0
Spain,CHN->Partner,2003-06,3.643753409615492
Spain,CHN->Partner,2003-07,3.295967594775016
Spain,CHN->Partner,2003-08,2.5800582462888446
Spain,CHN->Partner,2003-09,1.9000000000000004
Spain,CHN->Partner,2003-10,1.9000000000000004
Spain,CHN->Partner,2003-11,1.0
Spain,CHN->Partner,2003-12,1.7499999999999964
Spain,CHN->Partner,2004-01,1.6675867382083958
Spain,CHN->Partner,2004-02,1.5857061780418178
Spain,CHN->Partner,2004-03,-0.7656466931510888
Spain,CHN->Partner,2004-04,-0.15591952981080404
Spain,CHN->Partner,2004-05,0.49013305659908113
Spain,CHN->Partner,2004-06,1.174675208404052
Spain,CHN->Partner,2004-07,1.9000000000000004
Spain,CHN->Partner,2004-08,1.9000000000000004
Spain,CHN->Partner,2004-09,2.450000000000001
Spain,CHN->Partner,2004-10,1.0
Spain,CHN->Partner,2004-11,1.700000000000001
Spain,CHN->Partner,2004-12,2.0018752122627372
Spain,CHN->Partner,2005-01,2.3109259082875724
Spain,CHN->Partner,2005-02,2.6273226471834725
Spain,CHN->Partner,2005-03,2.9512400421985348
Spain,CHN->Partner,2005-04,3.2828568570857044
Spain,CHN->Partner,2005-05,1.9000000000000004
Spain,CHN->Partner,2005-06,2.1961293124889387
Spain,CHN->Partner,2005-07,2.499056498599213
Spain,CHN->Partner,2005-08,2.2963420885294887
Spain,CHN->Partner,2005-09,2.0966718269196285
Spain,CHN->Partner,2005-10,1.9000000000000004
Spain,CHN->Partner,2005-11,2.9145750156064647
Spain,CHN->Partner,2005-12,1.0
Spain,CHN->Partner,2006-01,1.2449653057520447
Spain,CHN->Partner,2006-02,1.494931278255935
Spain,CHN->Partner,2006-03,1.7499999999999964
Spain,CHN->Partner,2006-04,1.7763568394002505e-15
Spain,CHN->Partner,2006-05,6.0
Spain,CHN->Partner,2006-06,1.0
Spain,CHN->Partner,2006-07,2.5
Spain,CHN->Partner,2006-08,2.661743928225823
Spain,CHN->Partner,2006-09,2.825425715586313
Spain,CHN->Partner,2006-10,2.9910685796332253
Spain,CHN->Partner,2006-11,3.158696016088541
Spain,CHN->Partner,2006-12,3.3283318021772423
Spain,CHN->Partner,2007-01,3.5
Spain,CHN->Partner,2007-02,3.2628078139895624
Spain,CHN->Partner,2007-03,3.029495637158732
Spain,CHN->Partner,2007-04,2.8000000000000025
Spain,CHN->Partner,2007-05,2.7433776726400225
Spain,CHN->Partner,2007-06,2.6869876704942257
Spain,CHN->Partner,2007-07,2.9206468063565847
Spain,CHN->Partner,2007-08,3.1582948836198064
Spain,CHN->Partner,2007-09,3.3999999999999986
Spain,CHN->Partner,2007-10,2.227244611029157
Spain,CHN->Partner,2007-11,1.1499999999999986
Spain,CHN->Partner,2007-12,6.0
Spain,CHN->Partner,2008-01,3.8660687473185096
Spain,CHN->Partner,2008-02,2.0
Spain,CHN->Partner,2008-03,1.468255277315997
Spain,CHN->Partner,2008-04,0.9582607431013965
Spain,CHN->Partner,2008-05,0.46912673982266995
Spain,CHN->Partner,2008-06,1.7763568394002505e-15
Spain,CHN->Partner,2008-07,6.0
Spain,CHN->Partner,2008-08,-0.1999999999999993
Spain,CHN->Partner,2008-09,3.5
Spain,CHN->Partner,2008-10,3.848469228349538
Spain,CHN->Partner,2008-11,1.9000000000000004
Spain,CHN->Partner,2008-12,2.476037857848585
Spain,CHN->Partner,2009-01,3.077798166369634
Spain,CHN->Partner,2009-02,3.0622031559045997
Spain,CHN->Partner,2009-03,-5.0
Spain,CHN->Partner,2009-04,-3.4404737006307604
Spain,CHN->Partner,2009-05,-1.4755936881908038
Spain,CHN->Partner,2009-06,1.0
Spain,CHN->Partner,2009-07,1.9624161018987198
Spain,CHN->Partner,2009-08,3.002019266563593
Spain,CHN->Partner,2009-09,4.125
Spain,CHN->Partner,2009-10,4.6532744178334795
Spain,CHN->Partner,2009-11,5.199999999999996
Spain,CHN->Partner,2009-12,4.891287164466641
Spain,CHN->Partner,2010-01,4.588457268119894
Spain,CHN->Partner,2010-02,4.291398203624102
Spain,CHN->Partner,2010-03,4.0
Spain,CHN->Partner,2010-04,3.338311195024694
Spain,CHN->Partner,2010-05,3.2471561000099065
Spain,CHN->Partner,2010-06,3.156580518944436
Spain,CHN->Partner,2010-07,3.066580767597385
Spain,CHN->Partner,2010-08,2.9771531851601765
Spain,CHN->Partner,2010-09,2.8882941340976203
Spain,CHN->Partner,2010-10,2.7999999999999954
Spain,CHN->Partner,2010-11,3.415628348776343
Spain,CHN->Partner,2010-12,3.5040814468105683
Spain,CHN->Partner,2011-01,3.59307728570648
Spain,CHN->Partner,2011-02,1.0
Spain,CHN->Partner,2011-03,1.828813267163719
Spain,CHN->Partner,2011-04,2.714870820312985
Spain,CHN->Partner,2011-05,4.0
Spain,CHN->Partner,2011-06,2.910427743243556
Spain,CHN->Partner,2011-07,1.9000000000000004
Spain,CHN->Partner,2011-08,3.1430403579396025
Spain,CHN->Partner,2011-09,4.505859733822344
Spain,CHN->Partner,2011-10,6.0
Spain,CHN->Partner,2011-11,6.399999999999999
Spain,CHN->Partner,2011-12,5.783052823623823
Spain,CHN->Partner,2012-01,5.1879805793418186
Spain,CHN->Partner,2012-02,4.614007653499442
Spain,CHN->Partner,2012-03,4.060385933169417
Spain,CHN->Partner,2012-04,3.5263938310657217
Spain,CHN->Partner,2012-05,3.0113353450309948
Spain,CHN->Partner,2012-06,1.7279220613578534
Spain,CHN->Partner,2012-07,2.2395232145922606
Spain,CHN->Partner,2012-08,2.771688269674046
Spain,CHN->Partner,2012-09,3.3252437963959274
Spain,CHN->Partner,2012-10,3.901049588674516
Spain,CHN->Partner,2012-11,4.499999999999998
Spain,CHN->Partner,2012-12,1.0
Spain,CHN->Partner,2013-01,6.1988371699949525
Spain,CHN->Partner,2013-02,4.865142577362862
Spain,CHN->Partner,2013-03,3.634870166639626
Spain,CHN->Partner,2013-04,2.5
Spain,CHN->Partner,2013-05,1.9462212137423744
Spain,CHN->Partner,2013-06,1.4151587937150438
Spain,CHN->Partner,2013-07,0.9058808997906542
Spain,CHN->Partner,2013-08,0.41749391653036483
Spain,CHN->Partner,2013-09,-0.050859114817782825
Spain,CHN->Partner,2013-10,-0.5
Spain,CHN->Partner,2013-11,-3.183733250808432
Spain,CHN->Partner,2013-12,-2.798178345538153
Spain,CHN->Partner,2014-01,-2.39360507897751
Spain,CHN->Partner,2014-02,-1.969075327758791
Spain,CHN->Partner,2014-03,-1.5236046934730396
Spain,CHN->Partner,2014-04,-1.0561602200497617
Spain,CHN->Partner,2014-05,-0.5656579985412531
Spain,CHN->Partner,2014-06,-0.05096065375754044
Spain,CHN->Partner,2014-07,0.48912529307605546
Spain,CHN->Partner,2014-08,2.1277141725488864
Spain,CHN->Partner,2014-09,4.0
Spain,CHN->Partner,2014-10,1.0
Spain,CHN->Partner,2014-11,6.0
Spain,CHN->Partner,2014-12,5.592366504490808
Spain,CHN->Partner,2015-01,5.194507424667552
Spain,CHN->Partner,2015-02,4.806188385281265
Spain,CHN->Partner,2015-03,4.42718063103603
Spain,CHN->Partner,2015-04,4.05726089183127
Spain,CHN->Partner,2015-05,3.6962112512353205
Spain,CHN->Partner,2015-06,1.7144926663862066
Spain,CHN->Partner,2015-07,1.7763568394002505e-15
Spain,CHN->Partner,2015-08,-6.550280907742601
Spain,CHN->Partner,2015-09,-9.2
Spain,CHN->Partner,2015-10,-8.977133939153376
Spain,CHN->Partner,2015-11,-8.72667383326381
Spain,CHN->Partner,2015-12,-8.44520314004156
Spain,CHN->Partner,2016-01,-8.128882299795858
Spain,CHN->Partner,2016-02,-7.773396359756127
Spain,CHN->Partner,2016-03,-7.3738961135258325
Spain,CHN->Partner,2016-04,-6.924931952748537
Spain,CHN->Partner,2016-05,-6.420379528652493
Spain,CHN->Partner,2016-06,-5.853356209418171
Spain,CHN->Partner,2016-07,-5.21612719375833
Spain,CHN->Partner,2016-08,-4.500000000000001
Spain,CHN->Partner,2016-09,-1.9999999999999982
Spain,CHN->Partner,2016-10,-0.607695154586736
Spain,CHN->Partner,2016-11,1.0
Spain,CHN->Partner,2016-12,-4.000000000000001
Spain,CHN->Partner,2017-01,-2.452695970164635
Spain,CHN->Partner,2017-02,-0.5633705459371576
Spain,CHN->Partner,2017-03,1.7435778558014032
Spain,CHN->Partner,2017-04,4.560462051630299
Spain,CHN->Partner,2017-05,7.9999999999999964
Spain,CHN->Partner,2017-06,7.308469508668498
Spain,CHN->Partner,2017-07,6.642108197360212
Spain,CHN->Partner,2017-08,6.0
Spain,CHN->Partner,2017-09,4.646085772486357
Spain,CHN->Partner,2017-10,3.3999999999999986
Spain,CHN->Partner,2017-11,3.6183809903990714
Spain,CHN->Partner,2017-12,3.8400738041986777
Spain,CHN->Partner,2018-01,4.065128666348418
Spain,CHN->Partner,2018-02,4.2935965634766635
Spain,CHN->Partner,2018-03,4.525529255441658
Spain,CHN->Partner,2018-04,4.760979287057847
Spain,CHN->Partner,2018-05,4.999999999999998
Spain,CHN->Partner,2018-06,4.794803886678556
Spain,CHN->Partner,2018-07,4.592239363664753
Spain,CHN->Partner,2018-08,4.392272681452159
Spain,CHN->Partner,2018-09,4.194870523363546
Spain,CHN->Partner,2018-10,4.0
Spain,CHN->Partner,2018-11,2.0
Spain,CHN->Partner,2018-12,5.71004340906887
Spain,CHN->Partner,2019-01,5.71004340906887
Spain,CHN->Partner,2019-02,5.71004340906887
Spain,CHN->Partner,2019-03,5.71004340906887
Spain,Partner->CHN,2002-01,
Spain,Partner->CHN,2002-02,
Spain,Partner->CHN,2002-03,
Spain,Partner->CHN,2002-04,2.8000000000000025
Spain,Partner->CHN,2002-05,6.0
Spain,Partner->CHN,2002-06,5.383551757944218
Spain,Partner->CHN,2002-07,4.789456953249232
Spain,Partner->CHN,2002-08,4.2169050131406465
Spain,Partner->CHN,2002-09,3.66511475755944
Spain,Partner->CHN,2002-10,3.133333333333331
Spain,Partner->CHN,2002-11,3.072670690061994
Spain,Partner->CHN,2002-12,3.0419022565709675
Spain,Partner->CHN,2003-01,3.0112010950655055
Spain,Partner->CHN,2003-02,2.980567058462391
Spain,Partner->CHN,2003-03,2.9499999999999993
Spain,Partner->CHN,2003-04,2.840614383082981
Spain,Partner->CHN,2003-05,2.7320864875414763
Spain,Partner->CHN,2003-06,2.624409587756711
Spain,Partner->CHN,2003-07,2.5175770108472566
Spain,Partner->CHN,2003-08,2.6580585278322815
Spain,Partner->CHN,2003-09,2.8000000000000025
Spain,Partner->CHN,2003-10,2.4407277985979725
Spain,Partner->CHN,2003-11,2.090808967826405
Spain,Partner->CHN,2003-12,1.7499999999999964
Spain,Partner->CHN,2004-01,3.0579159195095436
Spain,Partner->CHN,2004-02,4.499999999999998
Spain,Partner->CHN,2004-03,1.0
Spain,Partner->CHN,2004-04,1.145516549135122
Spain,Partner->CHN,2004-05,1.2927976871095996
Spain,Partner->CHN,2004-06,1.4418648119966324
Spain,Partner->CHN,2004-07,1.5927395813505871
Spain,Partner->CHN,2004-08,1.745443915353544
Spain,Partner->CHN,2004-09,1.9000000000000004
Spain,Partner->CHN,2004-10,1.0
Spain,Partner->CHN,2004-11,1.5112432175061326
Spain,Partner->CHN,2004-12,2.0442672372994313
Spain,Partner->CHN,2005-01,2.599999999999996
Spain,Partner->CHN,2005-02,2.8239122004652817
Spain,Partner->CHN,2005-03,3.0515109210421336
Spain,Partner->CHN,2005-04,3.2828568570857044
Spain,Partner->CHN,2005-05,2.043062618967495
Spain,Partner->CHN,2005-06,0.4999999999999982
Spain,Partner->CHN,2005-07,2.174999999999997
Spain,Partner->CHN,2005-08,2.233076947156171
Spain,Partner->CHN,2005-09,2.2914099043154508
Spain,Partner->CHN,2005-10,2.350000000000003
Spain,Partner->CHN,2005-11,4.363867209794767
Spain,Partner->CHN,2005-12,3.7204170072081233
Spain,Partner->CHN,2006-01,3.1039149783823756
Spain,Partner->CHN,2006-02,2.513232513727953
Spain,Partner->CHN,2006-03,1.9472882706655419
Spain,Partner->CHN,2006-04,1.623495428874886
Spain,Partner->CHN,2006-05,1.3078001749499748
Spain,Partner->CHN,2006-06,1.0
Spain,Partner->CHN,2006-07,2.649999999999997
Spain,Partner->CHN,2006-08,3.2940718353071183
Spain,Partner->CHN,2006-09,3.968534039041778
Spain,Partner->CHN,2006-10,4.674820573135754
Spain,Partner->CHN,2006-11,5.414433060655856
Spain,Partner->CHN,2006-12,6.188943978377651
Spain,Partner->CHN,2007-01,6.9999999999999964
Spain,Partner->CHN,2007-02,4.626007646529343
Spain,Partner->CHN,2007-03,2.5651174982996423
Spain,Partner->CHN,2007-04,1.9000000000000004
Spain,Partner->CHN,2007-05,2.832459471739064
Spain,Partner->CHN,2007-06,3.832320545527427
Spain,Partner->CHN,2007-07,-9.2
Spain,Partner->CHN,2007-08,-5.468273325624266
Spain,Partner->CHN,2007-09,6.0
Spain,Partner->CHN,2007-10,4.3166575988366365
Spain,Partner->CHN,2007-11,2.8000000000000025
Spain,Partner->CHN,2007-12,3.1889353732865846
Spain,Partner->CHN,2008-01,3.5888323932828374
Spain,Partner->CHN,2008-02,4.0
Spain,Partner->CHN,2008-03,2.0
Spain,Partner->CHN,2008-04,1.4639480101611486
Spain,Partner->CHN,2008-05,0.9500000000000011
Spain,Partner->CHN,2008-06,2.7787824286002962
Spain,Partner->CHN,2008-07,6.0
Spain,Partner->CHN,2008-08,4.0
Spain,Partner->CHN,2008-09,3.873406403924065
Spain,Partner->CHN,2008-10,3.747881203752627
Spain,Partner->CHN,2008-11,-3.6499999999999995
Spain,Partner->CHN,2008-12,-0.9879754558408074
Spain,Partner->CHN,2009-01,2.6381816969858587
Spain,Partner->CHN,2009-02,2.2666666666666657
Spain,Partner->CHN,2009-03,1.9379859304749854
Spain,Partner->CHN,2009-04,1.6174482364700022
Spain,Partner->CHN,2009-05,1.3048518413526633
Spain,Partner->CHN,2009-06,1.0
Spain,Partner->CHN,2009-07,1.9743082334327031
Spain,Partner->CHN,2009-08,3.0277228446766316
Spain,Partner->CHN,2009-09,4.16666666666667
Spain,Partner->CHN,2009-10,4.867156855173095
Spain,Partner->CHN,2009-11,5.599999999999998
Spain,Partner->CHN,2009-12,5.040573555830228
Spain,Partner->CHN,2010-01,4.499999999999998
Spain,Partner->CHN,2010-02,4.247950681976903
Spain,Partner->CHN,2010-03,4.0
Spain,Partner->CHN,2010-04,3.0999999999999996
Spain,Partner->CHN,2010-05,2.726067645989513
Spain,Partner->CHN,2010-06,2.36205198739575
Spain,Partner->CHN,2010-07,2.0076900332072825
Spain,Partner->CHN,2010-08,1.6627257669408984
Spain,Partner->CHN,2010-09,1.3269099616769644
Spain,Partner->CHN,2010-10,1.0
Spain,Partner->CHN,2010-11,3.25
Spain,Partner->CHN,2010-12,3.5615933194139107
Spain,Partner->CHN,2011-01,3.8799999999999972
Spain,Partner->CHN,2011-02,1.0
Spain,Partner->CHN,2011-03,2.4628642780123595
Spain,Partner->CHN,2011-04,4.104059547348431
Spain,Partner->CHN,2011-05,4.0
Spain,Partner->CHN,2011-06,2.910427743243556
Spain,Partner->CHN,2011-07,1.9000000000000004
Spain,Partner->CHN,2011-08,1.668861672413847
Spain,Partner->CHN,2011-09,1.4418648119966324
Spain,Partner->CHN,2011-10,1.2189352131828404
Spain,Partner->CHN,2011-11,1.0
Spain,Partner->CHN,2011-12,1.2828048774177478
Spain,Partner->CHN,2012-01,1.572274638059767
Spain,Partner->CHN,2012-02,1.8685663537163286
Spain,Partner->CHN,2012-03,2.1718407979000744
Spain,Partner->CHN,2012-04,2.482262533084759
Spain,Partner->CHN,2012-05,2.8000000000000025
Spain,Partner->CHN,2012-06,2.5
Spain,Partner->CHN,2012-07,2.9519828321864807
Spain,Partner->CHN,2012-08,3.419098144416761
Spain,Partner->CHN,2012-09,3.9018525752973776
Spain,Partner->CHN,2012-10,4.400769725801704
Spain,Partner->CHN,2012-11,4.91639072717353
Spain,Partner->CHN,2012-12,5.4492748278442384
Spain,Partner->CHN,2013-01,6.0
Spain,Partner->CHN,2013-02,4.742626934464509
Spain,Partner->CHN,2013-03,3.5782531057486775
Spain,Partner->CHN,2013-04,2.5
Spain,Partner->CHN,2013-05,2.302697124542803
Spain,Partner->CHN,2013-06,2.108277836097731
Spain,Partner->CHN,2013-07,1.916699990960403
Spain,Partner->CHN,2013-08,1.7279220613578534
Spain,Partner->CHN,2013-09,1.5419031264466732
Spain,Partner->CHN,2013-10,1.3586028634427088
Spain,Partner->CHN,2013-11,1.1779815388804273
Spain,Partner->CHN,2013-12,1.0
Spain,Partner->CHN,2014-01,-2.5147186257614305
Spain,Partner->CHN,2014-02,-5.0
Spain,Partner->CHN,2014-03,-4.267817212800242
Spain,Partner->CHN,2014-04,-3.446285819955217
Spain,Partner->CHN,2014-05,-2.5245025696126255
Spain,Partner->CHN,2014-06,-1.4902336810317234
Spain,Partner->CHN,2014-07,-0.3297524795249611
Spain,Partner->CHN,2014-08,0.9723427820838264
Spain,Partner->CHN,2014-09,2.433333333333332
Spain,Partner->CHN,2014-10,1.0
Spain,Partner->CHN,2014-11,4.0
Spain,Partner->CHN,2014-12,3.905106768335866
Spain,Partner->CHN,2015-01,3.810813851699441
Spain,Partner->CHN,2015-02,3.7171174523685284
Spain,Partner->CHN,2015-03,3.62401379664613
Spain,Partner->CHN,2015-04,3.531499134708488
Spain,Partner->CHN,2015-05,3.439569740454017
Spain,Partner->CHN,2015-06,3.4624974230558543
Spain,Partner->CHN,2015-07,3.48546151107967
Spain,Partner->CHN,2015-08,3.5084620623313256
Spain,Partner->CHN,2015-09,3.531499134708488
Spain,Partner->CHN,2015-10,3.554572786200751
Spain,Partner->CHN,2015-11,3.5776830748897925
Spain,Partner->CHN,2015-12,3.6008300589494944
Spain,Partner->CHN,2016-01,3.62401379664613
Spain,Partner->CHN,2016-02,3.6472343463384895
Spain,Partner->CHN,2016-03,3.670491766478005
Spain,Partner->CHN,2016-04,3.693786115608944
Spain,Partner->CHN,2016-05,3.7171174523685284
Spain,Partner->CHN,2016-06,3.740485835487073
Spain,Partner->CHN,2016-07,3.76389132378816
Spain,Partner->CHN,2016-08,3.787333976188771
Spain,Partner->CHN,2016-09,3.810813851699441
Spain,Partner->CHN,2016-10,3.8343310094243908
Spain,Partner->CHN,2016-11,3.8578855085617025
Spain,Partner->CHN,2016-12,3.881477408403459
Spain,Partner->CHN,2017-01,3.905106768335866
Spain,Partner->CHN,2017-02,3.9287736478394475
Spain,Partner->CHN,2017-03,3.952478106489167
Spain,Partner->CHN,2017-04,3.976220203954588
Spain,Partner->CHN,2017-05,4.0
Spain,Partner->CHN,2017-06,4.96871942267131
Spain,Partner->CHN,2017-07,6.0
Spain,Partner->CHN,2017-08,5.858738614902535
Spain,Partner->CHN,2017-09,5.718651040329753
Spain,Partner->CHN,2017-10,5.579727522511039
Spain,Partner->CHN,2017-11,5.441958388724657
Spain,Partner->CHN,2017-12,5.305334046624296
Spain,Partner->CHN,2018-01,5.169844983571178
Spain,Partner->CHN,2018-02,5.035481765971731
Spain,Partner->CHN,2018-03,4.902235038620763
Spain,Partner->CHN,2018-04,4.770095524050115
Spain,Partner->CHN,2018-05,4.639054021882664
Spain,Partner->CHN,2018-06,4.509101408191768
Spain,Partner->CHN,2018-07,4.38022863486599
Spain,Partner->CHN,2018-08,4.252426728979113
Spain,Partner->CHN,2018-09,4.125686792165396
Spain,Partner->CHN,2018-10,4.0
Spain,Partner->CHN,2018-11,0.3817804600413286
Spain,Partner->CHN,2018-12,5.725689481340584
Spain,Partner->CHN,2019-01,5.725689481340584
Spain,Partner->CHN,2019-02,5.725689481340584
Spain,Partner->CHN,2019-03,5.725689481340584
Thailand,Aggregated,2002-01,2.5
Thailand,Aggregated,2002-02,2.7649665678876136
Thailand,Aggregated,2002-03,3.035133675189904
Thailand,Aggregated,2002-04,3.3106033936905668
Thailand,Aggregated,2002-05,-1.5500000000000007
Thailand,Aggregated,2002-06,4.966666666666667
Thailand,Aggregated,2002-07,6.2565676437179825
Thailand,Aggregated,2002-08,-2.5
Thailand,Aggregated,2002-09,1.46534199706225
Thailand,Aggregated,2002-10,1.7499999999999964
Thailand,Aggregated,2002-11,1.4750000000000014
Thailand,Aggregated,2002-12,5.9081707701869774
Thailand,Aggregated,2003-01,4.660601983666087
Thailand,Aggregated,2003-02,2.709444311561075
Thailand,Aggregated,2003-03,2.9771091946705965
Thailand,Aggregated,2003-04,3.25
Thailand,Aggregated,2003-05,2.4291713072566576
Thailand,Aggregated,2003-06,1.655623999975127
Thailand,Aggregated,2003-07,1.7763568394002505e-15
Thailand,Aggregated,2003-08,2.535603393690563
Thailand,Aggregated,2003-09,1.6290682760247996
Thailand,Aggregated,2003-10,2.0917094432327854
Thailand,Aggregated,2003-11,3.55211947742921
Thailand,Aggregated,2003-12,4.999999999999998
Thailand,Aggregated,2004-01,1.0
Thailand,Aggregated,2004-02,4.012177095942505
Thailand,Aggregated,2004-03,3.583967610063775
Thailand,Aggregated,2004-04,1.768698582794336
Thailand,Aggregated,2004-05,1.5500000000000025
Thailand,Aggregated,2004-06,2.2249999999999996
Thailand,Aggregated,2004-07,1.7763568394002505e-15
Thailand,Aggregated,2004-08,3.3999999999999986
Thailand,Aggregated,2004-09,2.7999999999999954
Thailand,Aggregated,2004-10,2.0
Thailand,Aggregated,2004-11,5.199999999999996
Thailand,Aggregated,2004-12,1.164550983124844
Thailand,Aggregated,2005-01,3.0857142857142854
Thailand,Aggregated,2005-02,5.199999999999996
Thailand,Aggregated,2005-03,3.6000000000000014
Thailand,Aggregated,2005-04,1.9000000000000004
Thailand,Aggregated,2005-05,3.0999999999999996
Thailand,Aggregated,2005-06,3.5045273878482046
Thailand,Aggregated,2005-07,1.43232391367855
Thailand,Aggregated,2005-08,2.4907582126865915
Thailand,Aggregated,2005-09,1.5763335116560722
Thailand,Aggregated,2005-10,1.5523177888343067
Thailand,Aggregated,2005-11,1.0837784941508275
Thailand,Aggregated,2005-12,3.928482714952448
Thailand,Aggregated,2006-01,3.9613081446662832
Thailand,Aggregated,2006-02,3.724999999999998
Thailand,Aggregated,2006-03,3.0992021050838154
Thailand,Aggregated,2006-04,2.5
Thailand,Aggregated,2006-05,2.6264206590029016
Thailand,Aggregated,2006-06,1.0
Thailand,Aggregated,2006-07,1.4499999999999993
Thailand,Aggregated,2006-08,-1.9999999999999982
Thailand,Aggregated,2006-09,-0.2833333333333332
Thailand,Aggregated,2006-10,0.2764155184224659
Thailand,Aggregated,2006-11,2.454189661949611
Thailand,Aggregated,2006-12,4.0
Thailand,Aggregated,2007-01,1.228782428600299
Thailand,Aggregated,2007-02,-2.1406432393686483
Thailand,Aggregated,2007-03,1.9000000000000004
Thailand,Aggregated,2007-04,1.879999999999999
Thailand,Aggregated,2007-05,3.1887173031266904
Thailand,Aggregated,2007-06,4.0
Thailand,Aggregated,2007-07,2.6666666666666643
Thailand,Aggregated,2007-08,4.0
Thailand,Aggregated,2007-09,3.5
Thailand,Aggregated,2007-10,5.199999999999996
Thailand,Aggregated,2007-11,2.466666666666665
Thailand,Aggregated,2007-12,2.4554299478071826
Thailand,Aggregated,2008-01,4.235030902485031
Thailand,Aggregated,2008-02,6.2500000000000036
Thailand,Aggregated,2008-03,1.4839229263087486
Thailand,Aggregated,2008-04,1.660000000000002
Thailand,Aggregated,2008-05,-0.6026334038989702
Thailand,Aggregated,2008-06,0.8104630443488645
Thailand,Aggregated,2008-07,2.1906791750333934
Thailand,Aggregated,2008-08,1.0
Thailand,Aggregated,2008-09,2.3480766068853782
Thailand,Aggregated,2008-10,1.0666666666666647
Thailand,Aggregated,2008-11,2.0500000000000007
Thailand,Aggregated,2008-12,-0.40000000000000036
Thailand,Aggregated,2009-01,-3.081111267027354
Thailand,Aggregated,2009-02,-0.47078149805898306
Thailand,Aggregated,2009-03,2.9999999999999964
Thailand,Aggregated,2009-04,2.2688518194671
Thailand,Aggregated,2009-05,2.9032815729997488
Thailand,Aggregated,2009-06,3.0481814142342625
Thailand,Aggregated,2009-07,5.199999999999996
Thailand,Aggregated,2009-08,2.9999999999999964
Thailand,Aggregated,2009-09,1.688577540449522
Thailand,Aggregated,2009-10,0.5000000000000036
Thailand,Aggregated,2009-11,3.496241170177651
Thailand,Aggregated,2009-12,2.8224621042324216
Thailand,Aggregated,2010-01,2.1799999999999997
Thailand,Aggregated,2010-02,5.199999999999996
Thailand,Aggregated,2010-03,1.0
Thailand,Aggregated,2010-04,3.133333333333331
Thailand,Aggregated,2010-05,3.2660436001016073
Thailand,Aggregated,2010-06,3.3999999999999986
Thailand,Aggregated,2010-07,3.1229064742237718
Thailand,Aggregated,2010-08,3.0749999999999975
Thailand,Aggregated,2010-09,2.4000000000000004
Thailand,Aggregated,2010-10,4.3199999999999985
Thailand,Aggregated,2010-11,3.5942856190285717
Thailand,Aggregated,2010-12,1.0
Thailand,Aggregated,2011-01,2.0142857142857142
Thailand,Aggregated,2011-02,4.499999999999998
Thailand,Aggregated,2011-03,-1.2999999999999972
Thailand,Aggregated,2011-04,3.0166666666666675
Thailand,Aggregated,2011-05,4.292851116062916
Thailand,Aggregated,2011-06,3.8397121289904366
Thailand,Aggregated,2011-07,3.3999999999999986
Thailand,Aggregated,2011-08,3.3999999999999986
Thailand,Aggregated,2011-09,1.8410921043646251
Thailand,Aggregated,2011-10,0.4509476689427476
Thailand,Aggregated,2011-11,4.117821752857946
Thailand,Aggregated,2011-12,2.183187042839986
Thailand,Aggregated,2012-01,1.0422197900237595
Thailand,Aggregated,2012-02,1.7763568394002505e-15
Thailand,Aggregated,2012-03,6.0
Thailand,Aggregated,2012-04,3.073644135332774
Thailand,Aggregated,2012-05,0.4999999999999982
Thailand,Aggregated,2012-06,4.149999999999997
Thailand,Aggregated,2012-07,3.7494425056817224
Thailand,Aggregated,2012-08,1.4666666666666686
Thailand,Aggregated,2012-09,2.368746475339277
Thailand,Aggregated,2012-10,-0.7182558071116247
Thailand,Aggregated,2012-11,5.599999999999998
Thailand,Aggregated,2012-12,3.1564943914455412
Thailand,Aggregated,2013-01,1.0726706900619938
Thailand,Aggregated,2013-02,1.479481235283771
Thailand,Aggregated,2013-03,1.9000000000000004
Thailand,Aggregated,2013-04,-0.5278640450004204
Thailand,Aggregated,2013-05,1.7763568394002505e-15
Thailand,Aggregated,2013-06,0.48912529307605546
Thailand,Aggregated,2013-07,1.0
Thailand,Aggregated,2013-08,0.9901230663833385
Thailand,Aggregated,2013-09,5.199999999999996
Thailand,Aggregated,2013-10,3.677877528958069
Thailand,Aggregated,2013-11,2.4000000000000004
Thailand,Aggregated,2013-12,2.466666666666665
Thailand,Aggregated,2014-01,2.9999999999999964
Thailand,Aggregated,2014-02,-1.5333333333333314
Thailand,Aggregated,2014-03,6.0
Thailand,Aggregated,2014-04,4.0
Thailand,Aggregated,2014-05,3.3249999999999993
Thailand,Aggregated,2014-06,3.8318546864527043
Thailand,Aggregated,2014-07,4.35664317208022
Thailand,Aggregated,2014-08,4.899999999999997
Thailand,Aggregated,2014-09,2.099999999999998
Thailand,Aggregated,2014-10,1.4499999999999993
Thailand,Aggregated,2014-11,5.199999999999996
Thailand,Aggregated,2014-12,3.2291078594419655
Thailand,Aggregated,2015-01,-5.0
Thailand,Aggregated,2015-02,-2.875961595364041
Thailand,Aggregated,2015-03,1.7763568394002505e-15
Thailand,Aggregated,2015-04,3.5555273761465127
Thailand,Aggregated,2015-05,2.51143856985356
Thailand,Aggregated,2015-06,1.5422437476296906
Thailand,Aggregated,2015-07,0.6425706568313263
Thailand,Aggregated,2015-08,3.7249567472753817
Thailand,Aggregated,2015-09,-1.4200000000000017
Thailand,Aggregated,2015-10,0.7180772029088995
Thailand,Aggregated,2015-11,3.333333333333334
Thailand,Aggregated,2015-12,4.0
Thailand,Aggregated,2016-01,-0.8000000000000025
Thailand,Aggregated,2016-02,-2.9282978719170423
Thailand,Aggregated,2016-03,-4.612512230931476
Thailand,Aggregated,2016-04,-5.945304056990757
Thailand,Aggregated,2016-05,-7.0
Thailand,Aggregated,2016-06,8.999999999999996
Thailand,Aggregated,2016-07,7.400000000000002
Thailand,Aggregated,2016-08,4.0
Thailand,Aggregated,2016-09,1.6322077659916392
Thailand,Aggregated,2016-10,-1.6099522530815058
Thailand,Aggregated,2016-11,4.499999999999998
Thailand,Aggregated,2016-12,2.1999999999999993
Thailand,Aggregated,2017-01,4.413933674056615
Thailand,Aggregated,2017-02,4.5301185421762735
Thailand,Aggregated,2017-03,4.6471791714004915
Thailand,Aggregated,2017-04,4.765122162911716
Thailand,Aggregated,2017-05,4.883954167649813
Thailand,Aggregated,2017-06,4.7624454982649915
Thailand,Aggregated,2017-07,4.64186634281479
Thailand,Aggregated,2017-08,4.317571450534244
Thailand,Aggregated,2017-09,4.0
Thailand,Aggregated,2017-10,2.416407864998739
Thailand,Aggregated,2017-11,1.0
Thailand,Aggregated,2017-12,-6.757359312880715
Thailand,Aggregated,2018-01,-9.5
Thailand,Aggregated,2018-02,-6.3524199845511005
Thailand,Aggregated,2018-03,3.3999999999999986
Thailand,Aggregated,2018-04,1.7763568394002505e-15
Thailand,Aggregated,2018-05,0.48912529307605546
Thailand,Aggregated,2018-06,1.0
Thailand,Aggregated,2018-07,3.7038471368172594
Thailand,Aggregated,2018-08,2.0118580380644744
Thailand,Aggregated,2018-09,0.5145681281471042
Thailand,Aggregated,2018-10,-0.8104268591095636
Thailand,Aggregated,2018-11,-1.2234679014289735
Thailand,Aggregated,2018-12,-1.6197660537095722
Thailand,Aggregated,2019-01,-1.9999999999999982
Thailand,Aggregated,2019-02,-1.9999999999999982
Thailand,Aggregated,2019-03,-1.9999999999999982
Thailand,CHN->Partner,2002-01,1.0
Thailand,CHN->Partner,2002-02,1.7592781371162225
Thailand,CHN->Partner,2002-03,2.566598215024335
Thailand,CHN->Partner,2002-04,3.424999999999997
Thailand,CHN->Partner,2002-05,1.9000000000000004
Thailand,CHN->Partner,2002-06,4.966666666666667
Thailand,CHN->Partner,2002-07,6.368660229796543
Thailand,CHN->Partner,2002-08,3.4040999108882897
Thailand,CHN->Partner,2002-09,0.9455439566326529
Thailand,CHN->Partner,2002-10,1.7499999999999964
Thailand,CHN->Partner,2002-11,2.5
Thailand,CHN->Partner,2002-12,7.199999999999992
Thailand,CHN->Partner,2003-01,4.8246978002247065
Thailand,CHN->Partner,2003-02,2.7593989268371804
Thailand,CHN->Partner,2003-03,3.0025510071354464
Thailand,CHN->Partner,2003-04,3.25
Thailand,CHN->Partner,2003-05,2.7616192169725
Thailand,CHN->Partner,2003-06,2.2899763840664384
Thailand,CHN->Partner,2003-07,1.7763568394002505e-15
Thailand,CHN->Partner,2003-08,2.9000000000000004
Thailand,CHN->Partner,2003-09,2.0363353450309987
Thailand,CHN->Partner,2003-10,1.6791883133238592
Thailand,CHN->Partner,2003-11,3.338311195024694
Thailand,CHN->Partner,2003-12,4.999999999999998
Thailand,CHN->Partner,2004-01,1.0
Thailand,CHN->Partner,2004-02,4.64142842854285
Thailand,CHN->Partner,2004-03,3.8759514150956598
Thailand,CHN->Partner,2004-04,2.3582647770591105
Thailand,CHN->Partner,2004-05,1.4499999999999993
Thailand,CHN->Partner,2004-06,1.4499999999999993
Thailand,CHN->Partner,2004-07,1.7763568394002505e-15
Thailand,CHN->Partner,2004-08,1.1860576069539412
Thailand,CHN->Partner,2004-09,2.5
Thailand,CHN->Partner,2004-10,3.788509052639487
Thailand,CHN->Partner,2004-11,5.199999999999996
Thailand,CHN->Partner,2004-12,1.059486837856964
Thailand,CHN->Partner,2005-01,5.133333333333333
Thailand,CHN->Partner,2005-02,5.199999999999996
Thailand,CHN->Partner,2005-03,6.9999999999999964
Thailand,CHN->Partner,2005-04,1.9000000000000004
Thailand,CHN->Partner,2005-05,1.9000000000000004
Thailand,CHN->Partner,2005-06,4.095452979136459
Thailand,CHN->Partner,2005-07,2.67944947177034
Thailand,CHN->Partner,2005-08,1.8685663537163286
Thailand,CHN->Partner,2005-09,5.484359711335657
Thailand,CHN->Partner,2005-10,0.4999999999999982
Thailand,CHN->Partner,2005-11,1.7709748334522448
Thailand,CHN->Partner,2005-12,3.9333333333333353
Thailand,CHN->Partner,2006-01,3.9484108595550484
Thailand,CHN->Partner,2006-02,4.966666666666667
Thailand,CHN->Partner,2006-03,4.475787540542159
Thailand,CHN->Partner,2006-04,4.0
Thailand,CHN->Partner,2006-05,2.85521387162178
Thailand,CHN->Partner,2006-06,1.0
Thailand,CHN->Partner,2006-07,1.4499999999999993
Thailand,CHN->Partner,2006-08,0.07957580415423493
Thailand,CHN->Partner,2006-09,-1.1400000000000006
Thailand,CHN->Partner,2006-10,-1.033333333333335
Thailand,CHN->Partner,2006-11,2.333333333333334
Thailand,CHN->Partner,2006-12,4.0
Thailand,CHN->Partner,2007-01,2.057564857200596
Thailand,CHN->Partner,2007-02,-2.1406432393686483
Thailand,CHN->Partner,2007-03,-1.1281752260818116
Thailand,CHN->Partner,2007-04,1.7763568394002505e-15
Thailand,CHN->Partner,2007-05,2.715785498941619
Thailand,CHN->Partner,2007-06,4.0
Thailand,CHN->Partner,2007-07,2.6666666666666643
Thailand,CHN->Partner,2007-08,4.0
Thailand,CHN->Partner,2007-09,4.588457268119894
Thailand,CHN->Partner,2007-10,5.199999999999996
Thailand,CHN->Partner,2007-11,4.499999999999998
Thailand,CHN->Partner,2007-12,2.1560893210226464
Thailand,CHN->Partner,2008-01,3.047823312361942
Thailand,CHN->Partner,2008-02,4.0
Thailand,CHN->Partner,2008-03,2.3611938980416287
Thailand,CHN->Partner,2008-04,3.3917086211503342
Thailand,CHN->Partner,2008-05,4.501704310005627
Thailand,CHN->Partner,2008-06,5.6973111282765565
Thailand,CHN->Partner,2008-07,1.9635246529297046
Thailand,CHN->Partner,2008-08,2.081227978239358
Thailand,CHN->Partner,2008-09,2.1999999999999993
Thailand,CHN->Partner,2008-10,1.599999999999996
Thailand,CHN->Partner,2008-11,4.066666666666665
Thailand,CHN->Partner,2008-12,-1.0280393101456706
Thailand,CHN->Partner,2009-01,-4.400000000000001
Thailand,CHN->Partner,2009-02,-1.3875081274416683
Thailand,CHN->Partner,2009-03,2.9999999999999964
Thailand,CHN->Partner,2009-04,2.6115796281389994
Thailand,CHN->Partner,2009-05,3.7749999999999986
Thailand,CHN->Partner,2009-06,3.6436493657399023
Thailand,CHN->Partner,2009-07,5.199999999999996
Thailand,CHN->Partner,2009-08,6.0
Thailand,CHN->Partner,2009-09,3.7224318643354533
Thailand,CHN->Partner,2009-10,1.7499999999999964
Thailand,CHN->Partner,2009-11,4.182028590828786
Thailand,CHN->Partner,2009-12,3.9221229275692817
Thailand,CHN->Partner,2010-01,3.666666666666666
Thailand,CHN->Partner,2010-02,3.5772335487663245
Thailand,CHN->Partner,2010-03,3.4883457683144474
Thailand,CHN->Partner,2010-04,3.3999999999999986
Thailand,CHN->Partner,2010-05,3.4993134831526547
Thailand,CHN->Partner,2010-06,3.59931190852309
Thailand,CHN->Partner,2010-07,3.6999999999999993
Thailand,CHN->Partner,2010-08,2.966666666666667
Thailand,CHN->Partner,2010-09,1.666666666666666
Thailand,CHN->Partner,2010-10,4.33333333333333
Thailand,CHN->Partner,2010-11,2.833333333333332
Thailand,CHN->Partner,2010-12,1.0
Thailand,CHN->Partner,2011-01,3.525000000000002
Thailand,CHN->Partner,2011-02,4.499999999999998
Thailand,CHN->Partner,2011-03,-1.2999999999999972
Thailand,CHN->Partner,2011-04,4.266666666666664
Thailand,CHN->Partner,2011-05,4.450000000000001
Thailand,CHN->Partner,2011-06,3.9157634735872637
Thailand,CHN->Partner,2011-07,3.3999999999999986
Thailand,CHN->Partner,2011-08,3.3999999999999986
Thailand,CHN->Partner,2011-09,2.3209949469954445
Thailand,CHN->Partner,2011-10,1.3228407206859902
Thailand,CHN->Partner,2011-11,3.4437472849690813
Thailand,CHN->Partner,2011-12,2.183187042839986
Thailand,CHN->Partner,2012-01,1.0422197900237595
Thailand,CHN->Partner,2012-02,1.7763568394002505e-15
Thailand,CHN->Partner,2012-03,6.0
Thailand,CHN->Partner,2012-04,2.6000000000000014
Thailand,CHN->Partner,2012-05,1.7763568394002505e-15
Thailand,CHN->Partner,2012-06,6.399999999999999
Thailand,CHN->Partner,2012-07,4.887419506041317
Thailand,CHN->Partner,2012-08,3.5063275035024244
Thailand,CHN->Partner,2012-09,2.245293709205063
Thailand,CHN->Partner,2012-10,3.5226162893325643
Thailand,CHN->Partner,2012-11,5.599999999999998
Thailand,CHN->Partner,2012-12,3.7720231149987704
Thailand,CHN->Partner,2013-01,2.145341380123984
Thailand,CHN->Partner,2013-02,1.1859578045456978
Thailand,CHN->Partner,2013-03,0.29659271068452675
Thailand,CHN->Partner,2013-04,-0.5278640450004204
Thailand,CHN->Partner,2013-05,-0.04151300500207533
Thailand,CHN->Partner,2013-06,0.46742534050146567
Thailand,CHN->Partner,2013-07,1.0
Thailand,CHN->Partner,2013-08,2.5
Thailand,CHN->Partner,2013-09,5.199999999999996
Thailand,CHN->Partner,2013-10,4.400106156035861
Thailand,CHN->Partner,2013-11,-0.40000000000000036
Thailand,CHN->Partner,2013-12,2.466666666666665
Thailand,CHN->Partner,2014-01,2.9999999999999964
Thailand,CHN->Partner,2014-02,-1.5333333333333314
Thailand,CHN->Partner,2014-03,6.0
Thailand,CHN->Partner,2014-04,4.605287565437557
Thailand,CHN->Partner,2014-05,3.3249999999999993
Thailand,CHN->Partner,2014-06,4.284321694231991
Thailand,CHN->Partner,2014-07,5.307887584835644
Thailand,CHN->Partner,2014-08,6.399999999999999
Thailand,CHN->Partner,2014-09,4.466666666666665
Thailand,CHN->Partner,2014-10,1.9000000000000004
Thailand,CHN->Partner,2014-11,5.199999999999996
Thailand,CHN->Partner,2014-12,3.42777023064672
Thailand,CHN->Partner,2015-01,-5.0
Thailand,CHN->Partner,2015-02,-3.1583579133552586
Thailand,CHN->Partner,2015-03,-0.7514415641603183
Thailand,CHN->Partner,2015-04,2.3942545263197434
Thailand,CHN->Partner,2015-05,1.757696094544512
Thailand,CHN->Partner,2015-06,1.151389935209517
Thailand,CHN->Partner,2015-07,0.573898317005094
Thailand,CHN->Partner,2015-08,3.7249567472753817
Thailand,CHN->Partner,2015-09,1.0
Thailand,CHN->Partner,2015-10,2.114877048603999
Thailand,CHN->Partner,2015-11,3.333333333333334
Thailand,CHN->Partner,2015-12,4.0
Thailand,CHN->Partner,2016-01,4.7367259513247255
Thailand,CHN->Partner,2016-02,5.509636244473128
Thailand,CHN->Partner,2016-03,6.320508075688771
Thailand,CHN->Partner,2016-04,7.171205928321399
Thailand,CHN->Partner,2016-05,8.063685859938726
Thailand,CHN->Partner,2016-06,8.999999999999996
Thailand,CHN->Partner,2016-07,6.320508075688771
Thailand,CHN->Partner,2016-08,4.0
Thailand,CHN->Partner,2016-09,-0.40000000000000036
Thailand,CHN->Partner,2016-10,-1.6099522530815058
Thailand,CHN->Partner,2016-11,4.499999999999998
Thailand,CHN->Partner,2016-12,2.1999999999999993
Thailand,CHN->Partner,2017-01,3.6278673481132344
Thailand,CHN->Partner,2017-02,3.843256514445091
Thailand,CHN->Partner,2017-03,4.061817195247853
Thailand,CHN->Partner,2017-04,4.283596089732127
Thailand,CHN->Partner,2017-05,4.508640584734662
Thailand,CHN->Partner,2017-06,4.736998764843348
Thailand,CHN->Partner,2017-07,4.96871942267131
Thailand,CHN->Partner,2017-08,4.476782331611107
Thailand,CHN->Partner,2017-09,4.0
Thailand,CHN->Partner,2017-10,2.416407864998739
Thailand,CHN->Partner,2017-11,1.0
Thailand,CHN->Partner,2017-12,1.0
Thailand,CHN->Partner,2018-01,1.0
Thailand,CHN->Partner,2018-02,1.0
Thailand,CHN->Partner,2018-03,1.0
Thailand,CHN->Partner,2018-04,1.0
Thailand,CHN->Partner,2018-05,1.0
Thailand,CHN->Partner,2018-06,1.0
Thailand,CHN->Partner,2018-07,4.499999999999998
Thailand,CHN->Partner,2018-08,2.627297632701781
Thailand,CHN->Partner,2018-09,0.9808542432412573
Thailand,CHN->Partner,2018-10,-0.466666666666665
Thailand,CHN->Partner,2018-11,-0.466666666666665
Thailand,CHN->Partner,2018-12,-0.466666666666665
Thailand,CHN->Partner,2019-01,-0.466666666666665
Thailand,CHN->Partner,2019-02,-0.466666666666665
Thailand,CHN->Partner,2019-03,-0.466666666666665
Thailand,Partner->CHN,2002-01,2.5
Thailand,Partner->CHN,2002-02,2.6429259323956984
Thailand,Partner->CHN,2002-03,2.7873650368026013
Thailand,Partner->CHN,2002-04,2.933333333333332
Thailand,Partner->CHN,2002-05,-1.5500000000000007
Thailand,Partner->CHN,2002-06,7.9999999999999964
Thailand,Partner->CHN,2002-07,4.219181692923991
Thailand,Partner->CHN,2002-08,-2.5
Thailand,Partner->CHN,2002-09,3.133334774745494
Thailand,Partner->CHN,2002-10,1.7499999999999964
Thailand,Partner->CHN,2002-11,1.4750000000000014
Thailand,Partner->CHN,2002-12,5.744227693582641
Thailand,Partner->CHN,2003-01,4.660601983666087
Thailand,Partner->CHN,2003-02,3.097402653932816
Thailand,Partner->CHN,2003-03,3.541700031598511
Thailand,Partner->CHN,2003-04,4.0
Thailand,Partner->CHN,2003-05,3.152180255461241
Thailand,Partner->CHN,2003-06,2.3522803988711285
Thailand,Partner->CHN,2003-07,2.2255386742926966
Thailand,Partner->CHN,2003-08,2.099999999999998
Thailand,Partner->CHN,2003-09,1.7763568394002505e-15
Thailand,Partner->CHN,2003-10,2.949667804442184
Thailand,Partner->CHN,2003-11,4.0
Thailand,Partner->CHN,2003-12,4.999999999999998
Thailand,Partner->CHN,2004-01,4.466091943344967
Thailand,Partner->CHN,2004-02,3.950000000000001
Thailand,Partner->CHN,2004-03,4.499999999999998
Thailand,Partner->CHN,2004-04,1.7763568394002505e-15
Thailand,Partner->CHN,2004-05,1.5500000000000025
Thailand,Partner->CHN,2004-06,2.633333333333331
Thailand,Partner->CHN,2004-07,4.0
Thailand,Partner->CHN,2004-08,3.3999999999999986
Thailand,Partner->CHN,2004-09,3.6999999999999993
Thailand,Partner->CHN,2004-10,2.0
Thailand,Partner->CHN,2004-11,5.199999999999996
Thailand,Partner->CHN,2004-12,2.9499999999999993
Thailand,Partner->CHN,2005-01,-9.2
Thailand,Partner->CHN,2005-02,-5.873597752809481
Thailand,Partner->CHN,2005-03,3.6000000000000014
Thailand,Partner->CHN,2005-04,1.9000000000000004
Thailand,Partner->CHN,2005-05,3.0999999999999996
Thailand,Partner->CHN,2005-06,3.799999999999997
Thailand,Partner->CHN,2005-07,2.1944401511222846
Thailand,Partner->CHN,2005-08,2.3000000000000025
Thailand,Partner->CHN,2005-09,1.7499999999999964
Thailand,Partner->CHN,2005-10,2.0
Thailand,Partner->CHN,2005-11,1.441452290914512
Thailand,Partner->CHN,2005-12,3.1750000000000025
Thailand,Partner->CHN,2006-01,4.666666666666666
Thailand,Partner->CHN,2006-02,1.7763568394002505e-15
Thailand,Partner->CHN,2006-03,1.1860576069539412
Thailand,Partner->CHN,2006-04,2.5
Thailand,Partner->CHN,2006-05,1.9000000000000004
Thailand,Partner->CHN,2006-06,1.0
Thailand,Partner->CHN,2006-07,-0.607695154586736
Thailand,Partner->CHN,2006-08,-1.9999999999999982
Thailand,Partner->CHN,2006-09,2.9749999999999996
Thailand,Partner->CHN,2006-10,3.400000000000004
Thailand,Partner->CHN,2006-11,1.6115796281390047
Thailand,Partner->CHN,2006-12,0.9904965602257096
Thailand,Partner->CHN,2007-01,0.40000000000000036
Thailand,Partner->CHN,2007-02,1.1268297588446394
Thailand,Partner->CHN,2007-03,1.9000000000000004
Thailand,Partner->CHN,2007-04,3.6000000000000014
Thailand,Partner->CHN,2007-05,3.396968652757641
Thailand,Partner->CHN,2007-06,3.422657651118259
Thailand,Partner->CHN,2007-07,3.4483924872279754
Thailand,Partner->CHN,2007-08,3.4741732428766277
Thailand,Partner->CHN,2007-09,3.5
Thailand,Partner->CHN,2007-10,2.97378497997828
Thailand,Partner->CHN,2007-11,2.466666666666665
Thailand,Partner->CHN,2007-12,2.8000000000000025
Thailand,Partner->CHN,2008-01,4.42886904474855
Thailand,Partner->CHN,2008-02,6.2500000000000036
Thailand,Partner->CHN,2008-03,1.3953747116825461
Thailand,Partner->CHN,2008-04,1.660000000000002
Thailand,Partner->CHN,2008-05,-0.6026334038989702
Thailand,Partner->CHN,2008-06,-1.1750000000000007
Thailand,Partner->CHN,2008-07,4.0
Thailand,Partner->CHN,2008-08,1.0
Thailand,Partner->CHN,2008-09,1.0
Thailand,Partner->CHN,2008-10,1.7763568394002505e-15
Thailand,Partner->CHN,2008-11,-4.000000000000001
Thailand,Partner->CHN,2008-12,-0.40000000000000036
Thailand,Partner->CHN,2009-01,0.40000000000000036
Thailand,Partner->CHN,2009-02,1.6332893578830063
Thailand,Partner->CHN,2009-03,2.9999999999999964
Thailand,Partner->CHN,2009-04,1.754760106459246
Thailand,Partner->CHN,2009-05,1.0
Thailand,Partner->CHN,2009-06,2.971971734477682
Thailand,Partner->CHN,2009-07,2.9859788460689263
Thailand,Partner->CHN,2009-08,2.9999999999999964
Thailand,Partner->CHN,2009-09,0.22497216032182443
Thailand,Partner->CHN,2009-10,-1.9999999999999982
Thailand,Partner->CHN,2009-11,3.724999999999998
Thailand,Partner->CHN,2009-12,2.4579901917039635
Thailand,Partner->CHN,2010-01,1.3000000000000025
Thailand,Partner->CHN,2010-02,5.199999999999996
Thailand,Partner->CHN,2010-03,1.0
Thailand,Partner->CHN,2010-04,2.9999999999999964
Thailand,Partner->CHN,2010-05,3.198591479439079
Thailand,Partner->CHN,2010-06,3.3999999999999986
Thailand,Partner->CHN,2010-07,3.5
Thailand,Partner->CHN,2010-08,3.950000000000001
Thailand,Partner->CHN,2010-09,3.5
Thailand,Partner->CHN,2010-10,3.3999999999999986
Thailand,Partner->CHN,2010-11,4.499999999999998
Thailand,Partner->CHN,2010-12,1.0
Thailand,Partner->CHN,2011-01,0.5800000000000001
Thailand,Partner->CHN,2011-02,0.9627643002851869
Thailand,Partner->CHN,2011-03,1.3581804580464407
Thailand,Partner->CHN,2011-04,1.7666666666666675
Thailand,Partner->CHN,2011-05,1.9802461327666734
Thailand,Partner->CHN,2011-06,1.4485902624872597
Thailand,Partner->CHN,2011-07,0.9387104018082404
Thailand,Partner->CHN,2011-08,0.4497146305597681
Thailand,Partner->CHN,2011-09,-0.019252439409317645
Thailand,Partner->CHN,2011-10,-0.4690111605407523
Thailand,Partner->CHN,2011-11,3.7888632477874093
Thailand,Partner->CHN,2011-12,4.3131072812953395
Thailand,Partner->CHN,2012-01,4.855935015393635
Thailand,Partner->CHN,2012-02,5.418005215667705
Thailand,Partner->CHN,2012-03,6.0
Thailand,Partner->CHN,2012-04,3.5472882706655415
Thailand,Partner->CHN,2012-05,1.0
Thailand,Partner->CHN,2012-06,1.9000000000000004
Thailand,Partner->CHN,2012-07,3.7494425056817224
Thailand,Partner->CHN,2012-08,1.4666666666666686
Thailand,Partner->CHN,2012-09,3.401107515130983
Thailand,Partner->CHN,2012-10,-9.2
Thailand,Partner->CHN,2012-11,6.0
Thailand,Partner->CHN,2012-12,2.6747943311773454
Thailand,Partner->CHN,2013-01,1.7763568394002505e-15
Thailand,Partner->CHN,2013-02,0.9121786420452889
Thailand,Partner->CHN,2013-03,1.9000000000000004
Thailand,Partner->CHN,2013-04,0.9121786420452889
Thailand,Partner->CHN,2013-05,1.7763568394002505e-15
Thailand,Partner->CHN,2013-06,0.28076002518221266
Thailand,Partner->CHN,2013-07,0.5686860677953547
Thailand,Partner->CHN,2013-08,0.8639610306789294
Thailand,Partner->CHN,2013-09,2.2255733423815
Thailand,Partner->CHN,2013-10,3.7434562354342518
Thailand,Partner->CHN,2013-11,5.199999999999996
Thailand,Partner->CHN,2013-12,3.6999999999999993
Thailand,Partner->CHN,2014-01,2.770620901034201
Thailand,Partner->CHN,2014-02,1.9000000000000004
Thailand,Partner->CHN,2014-03,6.0
Thailand,Partner->CHN,2014-04,4.0
Thailand,Partner->CHN,2014-05,3.847696011519295
Thailand,Partner->CHN,2014-06,3.696938456699071
Thailand,Partner->CHN,2014-07,3.547711633671689
Thailand,Partner->CHN,2014-08,3.3999999999999986
Thailand,Partner->CHN,2014-09,-5.0
Thailand,Partner->CHN,2014-10,1.4499999999999993
Thailand,Partner->CHN,2014-11,2.6799063201476923
Thailand,Partner->CHN,2014-12,4.031312203053558
Thailand,Partner->CHN,2015-01,2.545514075373937
Thailand,Partner->CHN,2015-02,1.2065824385498392
Thailand,Partner->CHN,2015-03,1.7763568394002505e-15
Thailand,Partner->CHN,2015-04,4.80299807768022
Thailand,Partner->CHN,2015-05,4.1049521434871
Thailand,Partner->CHN,2015-06,3.437740113332211
Thailand,Partner->CHN,2015-07,2.8000000000000025
Thailand,Partner->CHN,2015-08,0.12901612902057202
Thailand,Partner->CHN,2015-09,-2.0249999999999986
Thailand,Partner->CHN,2015-10,-0.3490897645888591
Thailand,Partner->CHN,2015-11,1.6397647735694498
Thailand,Partner->CHN,2015-12,4.0
Thailand,Partner->CHN,2016-01,-0.8000000000000025
Thailand,Partner->CHN,2016-02,-2.9282978719170423
Thailand,Partner->CHN,2016-03,-4.612512230931476
Thailand,Partner->CHN,2016-04,-5.945304056990757
Thailand,Partner->CHN,2016-05,-7.0
Thailand,Partner->CHN,2016-06,-2.420955764189113
Thailand,Partner->CHN,2016-07,7.400000000000002
Thailand,Partner->CHN,2016-08,4.090611753689755
Thailand,Partner->CHN,2016-09,1.3764436467716994
Thailand,Partner->CHN,2016-10,1.7763568394002505e-15
Thailand,Partner->CHN,2016-11,4.499999999999998
Thailand,Partner->CHN,2016-12,4.846135175493103
Thailand,Partner->CHN,2017-01,5.199999999999996
Thailand,Partner->CHN,2017-02,5.120403836143446
Thailand,Partner->CHN,2017-03,5.041198755577053
Thailand,Partner->CHN,2017-04,4.962382836774312
Thailand,Partner->CHN,2017-05,4.883954167649813
Thailand,Partner->CHN,2017-06,4.654159627039155
Thailand,Partner->CHN,2017-07,4.427689543949409
Thailand,Partner->CHN,2017-08,3.4884184165985044
Thailand,Partner->CHN,2017-09,2.60633214820926
Thailand,Partner->CHN,2017-10,1.777949200811186
Thailand,Partner->CHN,2017-11,1.0
Thailand,Partner->CHN,2017-12,-6.757359312880715
Thailand,Partner->CHN,2018-01,-9.5
Thailand,Partner->CHN,2018-02,-6.3524199845511005
Thailand,Partner->CHN,2018-03,3.3999999999999986
Thailand,Partner->CHN,2018-04,1.7763568394002505e-15
Thailand,Partner->CHN,2018-05,1.7763568394002505e-15
Thailand,Partner->CHN,2018-06,1.7763568394002505e-15
Thailand,Partner->CHN,2018-07,1.7763568394002505e-15
Thailand,Partner->CHN,2018-08,1.1981005732342727
Thailand,Partner->CHN,2018-09,2.526696144976201
Thailand,Partner->CHN,2018-10,4.0
Thailand,Partner->CHN,2018-11,1.6514899795262412
Thailand,Partner->CHN,2018-12,-0.3293200865298118
Thailand,Partner->CHN,2019-01,-1.9999999999999982
Thailand,Partner->CHN,2019-02,-1.9999999999999982
Thailand,Partner->CHN,2019-03,-1.9999999999999982
United Arab Emirates,Aggregated,2002-01,
United Arab Emirates,Aggregated,2002-02,
United Arab Emirates,Aggregated,2002-03,1.0
United Arab Emirates,Aggregated,2002-04,1.4805029383114263
United Arab Emirates,Aggregated,2002-05,1.9802461327666734
United Arab Emirates,Aggregated,2002-06,2.5
United Arab Emirates,Aggregated,2002-07,2.465946242119543
United Arab Emirates,Aggregated,2002-08,2.431978384863223
United Arab Emirates,Aggregated,2002-09,2.3980962115466617
United Arab Emirates,Aggregated,2002-10,2.3642995060320633
United Arab Emirates,Aggregated,2002-11,2.3305880527268528
United Arab Emirates,Aggregated,2002-12,2.2969616365822905
United Arab Emirates,Aggregated,2003-01,2.263420043092081
United Arab Emirates,Aggregated,2003-02,2.229963058291025
United Arab Emirates,Aggregated,2003-03,2.1965904687536586
United Arab Emirates,Aggregated,2003-04,2.163302061592889
United Arab Emirates,Aggregated,2003-05,2.130097624458612
United Arab Emirates,Aggregated,2003-06,2.096976945536385
United Arab Emirates,Aggregated,2003-07,2.063939813546071
United Arab Emirates,Aggregated,2003-08,2.030986017740494
United Arab Emirates,Aggregated,2003-09,1.9981153479040739
United Arab Emirates,Aggregated,2003-10,1.965327594351498
United Arab Emirates,Aggregated,2003-11,1.932622547926396
United Arab Emirates,Aggregated,2003-12,1.9000000000000004
United Arab Emirates,Aggregated,2004-01,1.668861672413847
United Arab Emirates,Aggregated,2004-02,1.4418648119966324
United Arab Emirates,Aggregated,2004-03,1.2189352131828404
United Arab Emirates,Aggregated,2004-04,1.0
United Arab Emirates,Aggregated,2004-05,1.7279220613578534
United Arab Emirates,Aggregated,2004-06,2.5
United Arab Emirates,Aggregated,2004-07,2.145359670976113
United Arab Emirates,Aggregated,2004-08,1.8000356206907515
United Arab Emirates,Aggregated,2004-09,1.4637831137248813
United Arab Emirates,Aggregated,2004-10,1.1363638437742267
United Arab Emirates,Aggregated,2004-11,0.8175457647586946
United Arab Emirates,Aggregated,2004-12,0.6971347166978425
United Arab Emirates,Aggregated,2005-01,0.5779505579407154
United Arab Emirates,Aggregated,2005-02,0.4599807874968569
United Arab Emirates,Aggregated,2005-03,0.34321303175058127
United Arab Emirates,Aggregated,2005-04,0.2276350431631613
United Arab Emirates,Aggregated,2005-05,0.11323469898817251
United Arab Emirates,Aggregated,2005-06,1.7763568394002505e-15
United Arab Emirates,Aggregated,2005-07,1.0332411670431156
United Arab Emirates,Aggregated,2005-08,2.1635357258382815
United Arab Emirates,Aggregated,2005-09,3.3999999999999986
United Arab Emirates,Aggregated,2005-10,1.7763568394002505e-15
United Arab Emirates,Aggregated,2005-11,0.30776810997284976
United Arab Emirates,Aggregated,2005-12,0.6241472389926379
United Arab Emirates,Aggregated,2006-01,0.9493783140645355
United Arab Emirates,Aggregated,2006-02,1.283709003070916
United Arab Emirates,Aggregated,2006-03,1.6273939033737896
United Arab Emirates,Aggregated,2006-04,1.9806947356941613
United Arab Emirates,Aggregated,2006-05,2.3438805434158976
United Arab Emirates,Aggregated,2006-06,3.176657246802959
United Arab Emirates,Aggregated,2006-07,4.061406615521346
United Arab Emirates,Aggregated,2006-08,5.001372205653581
United Arab Emirates,Aggregated,2006-09,6.0
United Arab Emirates,Aggregated,2006-10,5.275729448469381
United Arab Emirates,Aggregated,2006-11,4.582315828221972
United Arab Emirates,Aggregated,2006-12,3.918444505926052
United Arab Emirates,Aggregated,2007-01,3.2828568570857044
United Arab Emirates,Aggregated,2007-02,2.6743478798319185
United Arab Emirates,Aggregated,2007-03,2.091763910376187
United Arab Emirates,Aggregated,2007-04,1.5340004357952015
United Arab Emirates,Aggregated,2007-05,1.0
United Arab Emirates,Aggregated,2007-06,1.9349480306710287
United Arab Emirates,Aggregated,2007-07,2.9427400463466995
United Arab Emirates,Aggregated,2007-08,4.029051492054201
United Arab Emirates,Aggregated,2007-09,5.199999999999996
United Arab Emirates,Aggregated,2007-10,5.153477447332644
United Arab Emirates,Aggregated,2007-11,5.107088496387927
United Arab Emirates,Aggregated,2007-12,5.060832763493426
United Arab Emirates,Aggregated,2008-01,5.01470986607854
United Arab Emirates,Aggregated,2008-02,4.968719422671317
United Arab Emirates,Aggregated,2008-03,1.9000000000000004
United Arab Emirates,Aggregated,2008-04,3.041333141717949
United Arab Emirates,Aggregated,2008-05,3.3999999999999986
United Arab Emirates,Aggregated,2008-06,3.5180485863591944
United Arab Emirates,Aggregated,2008-07,3.6370649136032114
United Arab Emirates,Aggregated,2008-08,3.7570569150961806
United Arab Emirates,Aggregated,2008-09,3.8780325892384955
United Arab Emirates,Aggregated,2008-10,4.0
United Arab Emirates,Aggregated,2008-11,1.570509954861123
United Arab Emirates,Aggregated,2008-12,2.3346483828071545
United Arab Emirates,Aggregated,2009-01,3.1452373954279995
United Arab Emirates,Aggregated,2009-02,4.00510063924858
United Arab Emirates,Aggregated,2009-03,4.9172334051284174
United Arab Emirates,Aggregated,2009-04,5.884813062208391
United Arab Emirates,Aggregated,2009-05,6.911210126118206
United Arab Emirates,Aggregated,2009-06,7.9999999999999964
United Arab Emirates,Aggregated,2009-07,5.188397347835188
United Arab Emirates,Aggregated,2009-08,2.7928530890209107
United Arab Emirates,Aggregated,2009-09,-3.3500000000000005
United Arab Emirates,Aggregated,2009-10,-0.28785735718572525
United Arab Emirates,Aggregated,2009-11,4.0
United Arab Emirates,Aggregated,2009-12,3.8982914016924166
United Arab Emirates,Aggregated,2010-01,3.79727244598282
United Arab Emirates,Aggregated,2010-02,3.696938456699071
United Arab Emirates,Aggregated,2010-03,3.5972847893761593
United Arab Emirates,Aggregated,2010-04,3.498306831041223
United Arab Emirates,Aggregated,2010-05,3.3999999999999986
United Arab Emirates,Aggregated,2010-06,3.3999999999999986
United Arab Emirates,Aggregated,2010-07,1.9000000000000004
United Arab Emirates,Aggregated,2010-08,1.5927395813505871
United Arab Emirates,Aggregated,2010-09,1.2927976871095996
United Arab Emirates,Aggregated,2010-10,1.0
United Arab Emirates,Aggregated,2010-11,2.3424135747622508
United Arab Emirates,Aggregated,2010-12,2.6540392945615583
United Arab Emirates,Aggregated,2011-01,2.972943351874269
United Arab Emirates,Aggregated,2011-02,3.299295739719538
United Arab Emirates,Aggregated,2011-03,-0.2948312976194778
United Arab Emirates,Aggregated,2011-04,-2.9855747421113783
United Arab Emirates,Aggregated,2011-05,-5.0
United Arab Emirates,Aggregated,2011-06,-4.375462917957127
United Arab Emirates,Aggregated,2011-07,-3.685918074773147
United Arab Emirates,Aggregated,2011-08,-2.924598844205864
United Arab Emirates,Aggregated,2011-09,-2.084034265178307
United Arab Emirates,Aggregated,2011-10,-1.1559757279083431
United Arab Emirates,Aggregated,2011-11,-0.131316028833119
United Arab Emirates,Aggregated,2011-12,1.0
United Arab Emirates,Aggregated,2012-01,2.7280550978494347
United Arab Emirates,Aggregated,2012-02,1.8549720518355404
United Arab Emirates,Aggregated,2012-03,1.0374157355589357
United Arab Emirates,Aggregated,2012-04,1.2601681484107061
United Arab Emirates,Aggregated,2012-05,1.4870425953037785
United Arab Emirates,Aggregated,2012-06,1.7181153544899583
United Arab Emirates,Aggregated,2012-07,1.9534641157503199
United Arab Emirates,Aggregated,2012-08,2.1931680065155597
United Arab Emirates,Aggregated,2012-09,2.437307618469708
United Arab Emirates,Aggregated,2012-10,2.685965034646138
United Arab Emirates,Aggregated,2012-11,2.939223857024995
United Arab Emirates,Aggregated,2012-12,3.197169234641306
United Arab Emirates,Aggregated,2013-01,3.459887892213235
United Arab Emirates,Aggregated,2013-02,3.727468159300109
United Arab Emirates,Aggregated,2013-03,4.0
United Arab Emirates,Aggregated,2013-04,3.6276423867213925
United Arab Emirates,Aggregated,2013-05,3.2645281195872276
United Arab Emirates,Aggregated,2013-06,2.910427743243556
United Arab Emirates,Aggregated,2013-07,2.5651174982996423
United Arab Emirates,Aggregated,2013-08,2.2283791799322668
United Arab Emirates,Aggregated,2013-09,1.9000000000000004
United Arab Emirates,Aggregated,2013-10,1.7763568394002505e-15
United Arab Emirates,Aggregated,2013-11,0.17066878907030159
United Arab Emirates,Aggregated,2013-12,0.3439855631917528
United Arab Emirates,Aggregated,2014-01,0.5199914067645608
United Arab Emirates,Aggregated,2014-02,0.6987280416275397
United Arab Emirates,Aggregated,2014-03,0.8802378369482007
United Arab Emirates,Aggregated,2014-04,1.0645638192663007
United Arab Emirates,Aggregated,2014-05,1.251749682693168
United Arab Emirates,Aggregated,2014-06,1.441839799269319
United Arab Emirates,Aggregated,2014-07,1.634879229482765
United Arab Emirates,Aggregated,2014-08,1.8309137329505187
United Arab Emirates,Aggregated,2014-09,2.029989779265806
United Arab Emirates,Aggregated,2014-10,2.2321545590135887
United Arab Emirates,Aggregated,2014-11,2.4374559949570322
United Arab Emirates,Aggregated,2014-12,2.645942753397465
United Arab Emirates,Aggregated,2015-01,2.857664255710638
United Arab Emirates,Aggregated,2015-02,3.072670690061994
United Arab Emirates,Aggregated,2015-03,1.4045103492951938
United Arab Emirates,Aggregated,2015-04,-0.06590792930054512
United Arab Emirates,Aggregated,2015-05,-1.3620242924521673
United Arab Emirates,Aggregated,2015-06,-3.739147759018808
United Arab Emirates,Aggregated,2015-07,-5.529974253403154
United Arab Emirates,Aggregated,2015-08,-6.879108860038035
United Arab Emirates,Aggregated,2015-09,-7.895491068212586
United Arab Emirates,Aggregated,2015-10,-8.661191383076236
United Arab Emirates,Aggregated,2015-11,-9.238038328513525
United Arab Emirates,Aggregated,2015-12,-9.672610956996227
United Arab Emirates,Aggregated,2016-01,-10.0
United Arab Emirates,Aggregated,2016-02,-9.761090404832526
United Arab Emirates,Aggregated,2016-03,-9.465103015001965
United Arab Emirates,Aggregated,2016-04,-9.098401397692308
United Arab Emirates,Aggregated,2016-05,-8.644091245443942
United Arab Emirates,Aggregated,2016-06,-8.081242038641445
United Arab Emirates,Aggregated,2016-07,-7.383922755701432
United Arab Emirates,Aggregated,2016-08,-6.520007205171745
United Arab Emirates,Aggregated,2016-09,-5.449693940206125
United Arab Emirates,Aggregated,2016-10,-4.123672566405192
United Arab Emirates,Aggregated,2016-11,-2.4808519630060584
United Arab Emirates,Aggregated,2016-12,-0.44554575431605414
United Arab Emirates,Aggregated,2017-01,2.0760146367339267
United Arab Emirates,Aggregated,2017-02,5.199999999999996
United Arab Emirates,Aggregated,2017-03,4.989371788117028
United Arab Emirates,Aggregated,2017-04,4.781482109792147
United Arab Emirates,Aggregated,2017-05,4.576295359320005
United Arab Emirates,Aggregated,2017-06,4.373776393931452
United Arab Emirates,Aggregated,2017-07,4.173890527774516
United Arab Emirates,Aggregated,2017-08,3.97660352597371
United Arab Emirates,Aggregated,2017-09,3.7818815987665424
United Arab Emirates,Aggregated,2017-10,3.5896913957162973
United Arab Emirates,Aggregated,2017-11,3.3999999999999986
United Arab Emirates,Aggregated,2017-12,3.3999999999999986
United Arab Emirates,Aggregated,2018-01,3.3999999999999986
United Arab Emirates,Aggregated,2018-02,3.3999999999999986
United Arab Emirates,Aggregated,2018-03,3.3999999999999986
United Arab Emirates,Aggregated,2018-04,3.3999999999999986
United Arab Emirates,Aggregated,2018-05,3.3999999999999986
United Arab Emirates,Aggregated,2018-06,5.199999999999996
United Arab Emirates,Aggregated,2018-07,2.4961151102270307
United Arab Emirates,Aggregated,2018-08,2.790923409325627
United Arab Emirates,Aggregated,2018-09,3.09217148257461
United Arab Emirates,Aggregated,2018-10,3.3999999999999986
United Arab Emirates,Aggregated,2018-11,2.1635357258382815
United Arab Emirates,Aggregated,2018-12,1.0332411670431156
United Arab Emirates,Aggregated,2019-01,1.7763568394002505e-15
United Arab Emirates,Aggregated,2019-02,1.7763568394002505e-15
United Arab Emirates,Aggregated,2019-03,1.7763568394002505e-15
United Arab Emirates,CHN->Partner,2002-01,
United Arab Emirates,CHN->Partner,2002-02,
United Arab Emirates,CHN->Partner,2002-03,1.0
United Arab Emirates,CHN->Partner,2002-04,1.4805029383114263
United Arab Emirates,CHN->Partner,2002-05,1.9802461327666734
United Arab Emirates,CHN->Partner,2002-06,2.5
United Arab Emirates,CHN->Partner,2002-07,2.465946242119543
United Arab Emirates,CHN->Partner,2002-08,2.431978384863223
United Arab Emirates,CHN->Partner,2002-09,2.3980962115466617
United Arab Emirates,CHN->Partner,2002-10,2.3642995060320633
United Arab Emirates,CHN->Partner,2002-11,2.3305880527268528
United Arab Emirates,CHN->Partner,2002-12,2.2969616365822905
United Arab Emirates,CHN->Partner,2003-01,2.263420043092081
United Arab Emirates,CHN->Partner,2003-02,2.229963058291025
United Arab Emirates,CHN->Partner,2003-03,2.1965904687536586
United Arab Emirates,CHN->Partner,2003-04,2.163302061592889
United Arab Emirates,CHN->Partner,2003-05,2.130097624458612
United Arab Emirates,CHN->Partner,2003-06,2.096976945536385
United Arab Emirates,CHN->Partner,2003-07,2.063939813546071
United Arab Emirates,CHN->Partner,2003-08,2.030986017740494
United Arab Emirates,CHN->Partner,2003-09,1.9981153479040739
United Arab Emirates,CHN->Partner,2003-10,1.965327594351498
United Arab Emirates,CHN->Partner,2003-11,1.932622547926396
United Arab Emirates,CHN->Partner,2003-12,1.9000000000000004
United Arab Emirates,CHN->Partner,2004-01,1.668861672413847
United Arab Emirates,CHN->Partner,2004-02,1.4418648119966324
United Arab Emirates,CHN->Partner,2004-03,1.2189352131828404
United Arab Emirates,CHN->Partner,2004-04,1.0
United Arab Emirates,CHN->Partner,2004-05,2.416407864998739
United Arab Emirates,CHN->Partner,2004-06,4.0
United Arab Emirates,CHN->Partner,2004-07,3.2960782661157673
United Arab Emirates,CHN->Partner,2004-08,2.6251902527271795
United Arab Emirates,CHN->Partner,2004-09,1.9857857495803604
United Arab Emirates,CHN->Partner,2004-10,1.376387294867449
United Arab Emirates,CHN->Partner,2004-11,0.7955867612790559
United Arab Emirates,CHN->Partner,2004-12,0.7209432097423321
United Arab Emirates,CHN->Partner,2005-01,0.6467720094246516
United Arab Emirates,CHN->Partner,2005-02,0.5730701712443107
United Arab Emirates,CHN->Partner,2005-03,0.4998347250347912
United Arab Emirates,CHN->Partner,2005-04,0.427062719425054
United Arab Emirates,CHN->Partner,2005-05,0.3547512217206066
United Arab Emirates,CHN->Partner,2005-06,0.2828973177853289
United Arab Emirates,CHN->Partner,2005-07,0.2114981119240067
United Arab Emirates,CHN->Partner,2005-08,0.14055072676564961
United Arab Emirates,CHN->Partner,2005-09,0.07005230314753952
United Arab Emirates,CHN->Partner,2005-10,1.7763568394002505e-15
United Arab Emirates,CHN->Partner,2005-11,0.49834508887840023
United Arab Emirates,CHN->Partner,2005-12,1.0192672529939948
United Arab Emirates,CHN->Partner,2006-01,1.5637893263982239
United Arab Emirates,CHN->Partner,2006-02,2.1329804817176186
United Arab Emirates,CHN->Partner,2006-03,2.7279583294812397
United Arab Emirates,CHN->Partner,2006-04,3.3498911125561754
United Arab Emirates,CHN->Partner,2006-05,4.0
United Arab Emirates,CHN->Partner,2006-06,4.476782331611107
United Arab Emirates,CHN->Partner,2006-07,4.96871942267131
United Arab Emirates,CHN->Partner,2006-08,5.476292974616964
United Arab Emirates,CHN->Partner,2006-09,6.0
United Arab Emirates,CHN->Partner,2006-10,5.275729448469381
United Arab Emirates,CHN->Partner,2006-11,4.582315828221972
United Arab Emirates,CHN->Partner,2006-12,3.918444505926052
United Arab Emirates,CHN->Partner,2007-01,3.2828568570857044
United Arab Emirates,CHN->Partner,2007-02,2.6743478798319185
United Arab Emirates,CHN->Partner,2007-03,2.091763910376187
United Arab Emirates,CHN->Partner,2007-04,1.5340004357952015
United Arab Emirates,CHN->Partner,2007-05,1.0
United Arab Emirates,CHN->Partner,2007-06,1.3870786587108679
United Arab Emirates,CHN->Partner,2007-07,1.7866431414241841
United Arab Emirates,CHN->Partner,2007-08,2.1990961978072665
United Arab Emirates,CHN->Partner,2007-09,2.6248535688441788
United Arab Emirates,CHN->Partner,2007-10,3.064344405890859
United Arab Emirates,CHN->Partner,2007-11,3.5180117032475184
United Arab Emirates,CHN->Partner,2007-12,3.9863127446843283
United Arab Emirates,CHN->Partner,2008-01,4.469719564370493
United Arab Emirates,CHN->Partner,2008-02,4.96871942267131
United Arab Emirates,CHN->Partner,2008-03,3.9740478582228977
United Arab Emirates,CHN->Partner,2008-04,3.041333141717949
United Arab Emirates,CHN->Partner,2008-05,3.1967465598604914
United Arab Emirates,CHN->Partner,2008-06,3.3538801373564926
United Arab Emirates,CHN->Partner,2008-07,3.512752913412717
United Arab Emirates,CHN->Partner,2008-08,3.6733841379672008
United Arab Emirates,CHN->Partner,2008-09,3.835793274021718
United Arab Emirates,CHN->Partner,2008-10,4.0
United Arab Emirates,CHN->Partner,2008-11,0.3672188462309105
United Arab Emirates,CHN->Partner,2008-12,1.2327911537949117
United Arab Emirates,CHN->Partner,2009-01,2.1642736395438025
United Arab Emirates,CHN->Partner,2009-02,3.166685123454137
United Arab Emirates,CHN->Partner,2009-03,4.2454265903615624
United Arab Emirates,CHN->Partner,2009-04,5.406310290422663
United Arab Emirates,CHN->Partner,2009-05,6.655591055471088
United Arab Emirates,CHN->Partner,2009-06,7.9999999999999964
United Arab Emirates,CHN->Partner,2009-07,5.188397347835188
United Arab Emirates,CHN->Partner,2009-08,2.7928530890209107
United Arab Emirates,CHN->Partner,2009-09,2.5
United Arab Emirates,CHN->Partner,2009-10,2.6093492387533743
United Arab Emirates,CHN->Partner,2009-11,2.7195842001745962
United Arab Emirates,CHN->Partner,2009-12,2.8307120585673324
United Arab Emirates,CHN->Partner,2010-01,2.9427400463466995
United Arab Emirates,CHN->Partner,2010-02,3.0556754545099736
United Arab Emirates,CHN->Partner,2010-03,3.169525633111098
United Arab Emirates,CHN->Partner,2010-04,3.2842979917390327
United Arab Emirates,CHN->Partner,2010-05,3.3999999999999986
United Arab Emirates,CHN->Partner,2010-06,3.3999999999999986
United Arab Emirates,CHN->Partner,2010-07,1.9000000000000004
United Arab Emirates,CHN->Partner,2010-08,1.5927395813505871
United Arab Emirates,CHN->Partner,2010-09,1.2927976871095996
United Arab Emirates,CHN->Partner,2010-10,1.0
United Arab Emirates,CHN->Partner,2010-11,1.9000000000000004
United Arab Emirates,CHN->Partner,2010-12,2.381782625607247
United Arab Emirates,CHN->Partner,2011-01,2.8815586231786092
United Arab Emirates,CHN->Partner,2011-02,3.3999999999999986
United Arab Emirates,CHN->Partner,2011-03,3.139835841691541
United Arab Emirates,CHN->Partner,2011-04,2.8843720576378313
United Arab Emirates,CHN->Partner,2011-05,2.633523726386665
United Arab Emirates,CHN->Partner,2011-06,2.3872074607579314
United Arab Emirates,CHN->Partner,2011-07,2.145341380123984
United Arab Emirates,CHN->Partner,2011-08,1.9078450831908391
United Arab Emirates,CHN->Partner,2011-09,1.674639621271096
United Arab Emirates,CHN->Partner,2011-10,1.4456474720397754
United Arab Emirates,CHN->Partner,2011-11,1.220792513764291
United Arab Emirates,CHN->Partner,2011-12,1.0
United Arab Emirates,CHN->Partner,2012-01,1.6053223165765473
United Arab Emirates,CHN->Partner,2012-02,1.3180966551391684
United Arab Emirates,CHN->Partner,2012-03,1.0374157355589357
United Arab Emirates,CHN->Partner,2012-04,1.2601681484107061
United Arab Emirates,CHN->Partner,2012-05,1.4870425953037785
United Arab Emirates,CHN->Partner,2012-06,1.7181153544899583
United Arab Emirates,CHN->Partner,2012-07,1.9534641157503199
United Arab Emirates,CHN->Partner,2012-08,2.1931680065155597
United Arab Emirates,CHN->Partner,2012-09,2.437307618469708
United Arab Emirates,CHN->Partner,2012-10,2.685965034646138
United Arab Emirates,CHN->Partner,2012-11,2.939223857024995
United Arab Emirates,CHN->Partner,2012-12,3.197169234641306
United Arab Emirates,CHN->Partner,2013-01,3.459887892213235
United Arab Emirates,CHN->Partner,2013-02,3.727468159300109
United Arab Emirates,CHN->Partner,2013-03,4.0
United Arab Emirates,CHN->Partner,2013-04,3.3498911125561683
United Arab Emirates,CHN->Partner,2013-05,2.7279583294812397
United Arab Emirates,CHN->Partner,2013-06,2.1329804817176186
United Arab Emirates,CHN->Partner,2013-07,1.5637893263982239
United Arab Emirates,CHN->Partner,2013-08,1.0192672529939948
United Arab Emirates,CHN->Partner,2013-09,0.49834508887840023
United Arab Emirates,CHN->Partner,2013-10,1.7763568394002505e-15
United Arab Emirates,CHN->Partner,2013-11,0.21531164501374533
United Arab Emirates,CHN->Partner,2013-12,0.43483775407099046
United Arab Emirates,CHN->Partner,2014-01,0.6586608201886595
United Arab Emirates,CHN->Partner,2014-02,0.8868649510843056
United Arab Emirates,CHN->Partner,2014-03,1.1195359007819583
United Arab Emirates,CHN->Partner,2014-04,1.3567611018365469
United Arab Emirates,CHN->Partner,2014-05,1.598629698189118
United Arab Emirates,CHN->Partner,2014-06,1.845232578665133
United Arab Emirates,CHN->Partner,2014-07,2.0966624111284524
United Arab Emirates,CHN->Partner,2014-08,2.353013677303883
United Arab Emirates,CHN->Partner,2014-09,2.6143827082812763
United Arab Emirates,CHN->Partner,2014-10,2.8808677207146136
United Arab Emirates,CHN->Partner,2014-11,3.152568853729642
United Arab Emirates,CHN->Partner,2014-12,3.4295882065538965
United Arab Emirates,CHN->Partner,2015-01,3.7120298768833546
United Arab Emirates,CHN->Partner,2015-02,4.0
United Arab Emirates,CHN->Partner,2015-03,1.5445932631355124
United Arab Emirates,CHN->Partner,2015-04,-0.5088786574996789
United Arab Emirates,CHN->Partner,2015-05,-2.2262099922755514
United Arab Emirates,CHN->Partner,2015-06,-4.312114466944128
United Arab Emirates,CHN->Partner,2015-07,-5.902110391987996
United Arab Emirates,CHN->Partner,2015-08,-7.1140964020653685
United Arab Emirates,CHN->Partner,2015-09,-8.03794159278983
United Arab Emirates,CHN->Partner,2015-10,-8.74214933885963
United Arab Emirates,CHN->Partner,2015-11,-9.278936838111346
United Arab Emirates,CHN->Partner,2015-12,-9.688107031084984
United Arab Emirates,CHN->Partner,2016-01,-10.0
United Arab Emirates,CHN->Partner,2016-02,-9.761090404832526
United Arab Emirates,CHN->Partner,2016-03,-9.465103015001965
United Arab Emirates,CHN->Partner,2016-04,-9.098401397692308
United Arab Emirates,CHN->Partner,2016-05,-8.644091245443942
United Arab Emirates,CHN->Partner,2016-06,-8.081242038641445
United Arab Emirates,CHN->Partner,2016-07,-7.383922755701432
United Arab Emirates,CHN->Partner,2016-08,-6.520007205171745
United Arab Emirates,CHN->Partner,2016-09,-5.449693940206125
United Arab Emirates,CHN->Partner,2016-10,-4.123672566405192
United Arab Emirates,CHN->Partner,2016-11,-2.4808519630060584
United Arab Emirates,CHN->Partner,2016-12,-0.44554575431605414
United Arab Emirates,CHN->Partner,2017-01,2.0760146367339267
United Arab Emirates,CHN->Partner,2017-02,5.199999999999996
United Arab Emirates,CHN->Partner,2017-03,4.989371788117028
United Arab Emirates,CHN->Partner,2017-04,4.781482109792147
United Arab Emirates,CHN->Partner,2017-05,4.576295359320005
United Arab Emirates,CHN->Partner,2017-06,4.373776393931452
United Arab Emirates,CHN->Partner,2017-07,4.173890527774516
United Arab Emirates,CHN->Partner,2017-08,3.97660352597371
United Arab Emirates,CHN->Partner,2017-09,3.7818815987665424
United Arab Emirates,CHN->Partner,2017-10,3.5896913957162973
United Arab Emirates,CHN->Partner,2017-11,3.3999999999999986
United Arab Emirates,CHN->Partner,2017-12,3.3343795432651593
United Arab Emirates,CHN->Partner,2018-01,3.2690581173874094
United Arab Emirates,CHN->Partner,2018-02,3.2040343596902545
United Arab Emirates,CHN->Partner,2018-03,3.139306913706907
United Arab Emirates,CHN->Partner,2018-04,3.07487442915194
United Arab Emirates,CHN->Partner,2018-05,3.010735561893153
United Arab Emirates,CHN->Partner,2018-06,2.946888973923535
United Arab Emirates,CHN->Partner,2018-07,2.8833333333333293
United Arab Emirates,CHN->Partner,2018-08,3.0534622487885095
United Arab Emirates,CHN->Partner,2018-09,3.225675955206995
United Arab Emirates,CHN->Partner,2018-10,3.3999999999999986
United Arab Emirates,CHN->Partner,2018-11,3.3999999999999986
United Arab Emirates,CHN->Partner,2018-12,3.3999999999999986
United Arab Emirates,CHN->Partner,2019-01,3.3999999999999986
United Arab Emirates,CHN->Partner,2019-02,3.3999999999999986
United Arab Emirates,CHN->Partner,2019-03,3.3999999999999986
United Arab Emirates,Partner->CHN,2002-01,
United Arab Emirates,Partner->CHN,2002-02,
United Arab Emirates,Partner->CHN,2002-03,
United Arab Emirates,Partner->CHN,2002-04,
United Arab Emirates,Partner->CHN,2002-05,
United Arab Emirates,Partner->CHN,2002-06,
United Arab Emirates,Partner->CHN,2002-07,
United Arab Emirates,Partner->CHN,2002-08,
United Arab Emirates,Partner->CHN,2002-09,
United Arab Emirates,Partner->CHN,2002-10,
United Arab Emirates,Partner->CHN,2002-11,
United Arab Emirates,Partner->CHN,2002-12,
United Arab Emirates,Partner->CHN,2003-01,
United Arab Emirates,Partner->CHN,2003-02,
United Arab Emirates,Partner->CHN,2003-03,
United Arab Emirates,Partner->CHN,2003-04,
United Arab Emirates,Partner->CHN,2003-05,
United Arab Emirates,Partner->CHN,2003-06,
United Arab Emirates,Partner->CHN,2003-07,
United Arab Emirates,Partner->CHN,2003-08,
United Arab Emirates,Partner->CHN,2003-09,
United Arab Emirates,Partner->CHN,2003-10,
United Arab Emirates,Partner->CHN,2003-11,
United Arab Emirates,Partner->CHN,2003-12,1.9000000000000004
United Arab Emirates,Partner->CHN,2004-01,1.745443915353544
United Arab Emirates,Partner->CHN,2004-02,1.5927395813505871
United Arab Emirates,Partner->CHN,2004-03,1.4418648119966324
United Arab Emirates,Partner->CHN,2004-04,1.2927976871095996
United Arab Emirates,Partner->CHN,2004-05,1.145516549135122
United Arab Emirates,Partner->CHN,2004-06,1.0
United Arab Emirates,Partner->CHN,2004-07,0.8960392917342439
United Arab Emirates,Partner->CHN,2004-08,0.7929792358737533
United Arab Emirates,Partner->CHN,2004-09,0.6908120297133546
United Arab Emirates,Partner->CHN,2004-10,0.589529938145791
United Arab Emirates,Partner->CHN,2004-11,0.48912529307605546
United Arab Emirates,Partner->CHN,2004-12,0.4179406881509138
United Arab Emirates,Partner->CHN,2005-01,0.3471971305508852
United Arab Emirates,Partner->CHN,2005-02,0.2768918876241031
United Arab Emirates,Partner->CHN,2005-03,0.20702224364974064
United Arab Emirates,Partner->CHN,2005-04,0.1375854997331043
United Arab Emirates,Partner->CHN,2005-05,0.068578973701376
United Arab Emirates,Partner->CHN,2005-06,1.7763568394002505e-15
United Arab Emirates,Partner->CHN,2005-07,1.0332411670431156
United Arab Emirates,Partner->CHN,2005-08,2.1635357258382815
United Arab Emirates,Partner->CHN,2005-09,3.3999999999999986
United Arab Emirates,Partner->CHN,2005-10,3.1596291538177415
United Arab Emirates,Partner->CHN,2005-11,2.9232706787253786
United Arab Emirates,Partner->CHN,2005-12,2.6908575985399796
United Arab Emirates,Partner->CHN,2006-01,2.4623240550731857
United Arab Emirates,Partner->CHN,2006-02,2.2376052894691796
United Arab Emirates,Partner->CHN,2006-03,2.016637623854157
United Arab Emirates,Partner->CHN,2006-04,1.799358443292105
United Arab Emirates,Partner->CHN,2006-05,1.5857061780418178
United Arab Emirates,Partner->CHN,2006-06,2.56814330233828
United Arab Emirates,Partner->CHN,2006-07,3.6272692265751
United Arab Emirates,Partner->CHN,2006-08,4.7690702595865435
United Arab Emirates,Partner->CHN,2006-09,6.0
United Arab Emirates,Partner->CHN,2006-10,5.9318506532967525
United Arab Emirates,Partner->CHN,2006-11,5.863974502679156
United Arab Emirates,Partner->CHN,2006-12,5.796370452962815
United Arab Emirates,Partner->CHN,2007-01,5.729037413353687
United Arab Emirates,Partner->CHN,2007-02,5.661974297430497
United Arab Emirates,Partner->CHN,2007-03,5.595180023127192
United Arab Emirates,Partner->CHN,2007-04,5.5286535127155005
United Arab Emirates,Partner->CHN,2007-05,5.462393692787504
United Arab Emirates,Partner->CHN,2007-06,5.396399494238381
United Arab Emirates,Partner->CHN,2007-07,5.330669852249095
United Arab Emirates,Partner->CHN,2007-08,5.265203706269261
United Arab Emirates,Partner->CHN,2007-09,5.199999999999996
United Arab Emirates,Partner->CHN,2007-10,5.153477447332644
United Arab Emirates,Partner->CHN,2007-11,5.107088496387927
United Arab Emirates,Partner->CHN,2007-12,5.060832763493419
United Arab Emirates,Partner->CHN,2008-01,5.014709866078533
United Arab Emirates,Partner->CHN,2008-02,4.96871942267131
United Arab Emirates,Partner->CHN,2008-03,1.9000000000000004
United Arab Emirates,Partner->CHN,2008-04,2.629380029920654
United Arab Emirates,Partner->CHN,2008-05,3.3999999999999986
United Arab Emirates,Partner->CHN,2008-06,3.5180485863591944
United Arab Emirates,Partner->CHN,2008-07,3.6370649136032114
United Arab Emirates,Partner->CHN,2008-08,3.7570569150961806
United Arab Emirates,Partner->CHN,2008-09,3.8780325892384955
United Arab Emirates,Partner->CHN,2008-10,4.0
United Arab Emirates,Partner->CHN,2008-11,6.0
United Arab Emirates,Partner->CHN,2008-12,4.695319932346253
United Arab Emirates,Partner->CHN,2009-01,3.490768692865039
United Arab Emirates,Partner->CHN,2009-02,2.378661805890811
United Arab Emirates,Partner->CHN,2009-03,1.351904547653973
United Arab Emirates,Partner->CHN,2009-04,0.4039466852489255
United Arab Emirates,Partner->CHN,2009-05,-0.4712593107999119
United Arab Emirates,Partner->CHN,2009-06,-1.279296846958399
United Arab Emirates,Partner->CHN,2009-07,-2.0253208262144167
United Arab Emirates,Partner->CHN,2009-08,-2.71409053395708
United Arab Emirates,Partner->CHN,2009-09,-3.3500000000000005
United Arab Emirates,Partner->CHN,2009-10,-0.28785735718572525
United Arab Emirates,Partner->CHN,2009-11,4.0
United Arab Emirates,Partner->CHN,2009-12,3.896134260575508
United Arab Emirates,Partner->CHN,2010-01,3.792987727272763
United Arab Emirates,Partner->CHN,2010-02,3.6905554200333874
United Arab Emirates,Partner->CHN,2010-03,3.5888323932828374
United Arab Emirates,Partner->CHN,2010-04,3.487813735691619
United Arab Emirates,Partner->CHN,2010-05,3.3874945699381627
United Arab Emirates,Partner->CHN,2010-06,3.2878700524733304
United Arab Emirates,Partner->CHN,2010-07,3.1889353732865846
United Arab Emirates,Partner->CHN,2010-08,3.090685755673734
United Arab Emirates,Partner->CHN,2010-09,2.9931164560063213
United Arab Emirates,Partner->CHN,2010-10,2.8962227635025783
United Arab Emirates,Partner->CHN,2010-11,2.8000000000000025
United Arab Emirates,Partner->CHN,2010-12,2.866347173769661
United Arab Emirates,Partner->CHN,2011-01,2.9330133292398486
United Arab Emirates,Partner->CHN,2011-02,2.9999999999999964
United Arab Emirates,Partner->CHN,2011-03,-0.4447358241918469
United Arab Emirates,Partner->CHN,2011-04,-3.0418855842072183
United Arab Emirates,Partner->CHN,2011-05,-5.0
United Arab Emirates,Partner->CHN,2011-06,-4.289205887201736
United Arab Emirates,Partner->CHN,2011-07,-3.4942070626053594
United Arab Emirates,Partner->CHN,2011-08,-2.605028157308208
United Arab Emirates,Partner->CHN,2011-09,-1.6105120634927843
United Arab Emirates,Partner->CHN,2011-10,-0.49817993891617895
United Arab Emirates,Partner->CHN,2011-11,0.745925373264674
United Arab Emirates,Partner->CHN,2011-12,2.1374144740453893
United Arab Emirates,Partner->CHN,2012-01,3.693747284969083
United Arab Emirates,Partner->CHN,2012-02,3.7154135902458574
United Arab Emirates,Partner->CHN,2012-03,3.7371118430425607
United Arab Emirates,Partner->CHN,2012-04,3.7588420904666435
United Arab Emirates,Partner->CHN,2012-05,3.7806043796949904
United Arab Emirates,Partner->CHN,2012-06,3.8023987579740552
United Arab Emirates,Partner->CHN,2012-07,3.824225272619973
United Arab Emirates,Partner->CHN,2012-08,3.8460839710186256
United Arab Emirates,Partner->CHN,2012-09,3.8679749006257893
United Arab Emirates,Partner->CHN,2012-10,3.889898108967195
United Arab Emirates,Partner->CHN,2012-11,3.9118536436386577
United Arab Emirates,Partner->CHN,2012-12,3.933841552306186
United Arab Emirates,Partner->CHN,2013-01,3.9558618827060563
United Arab Emirates,Partner->CHN,2013-02,3.9779146826449363
United Arab Emirates,Partner->CHN,2013-03,4.0
United Arab Emirates,Partner->CHN,2013-04,3.6276423867213925
United Arab Emirates,Partner->CHN,2013-05,3.2645281195872276
United Arab Emirates,Partner->CHN,2013-06,2.910427743243556
United Arab Emirates,Partner->CHN,2013-07,2.5651174982996423
United Arab Emirates,Partner->CHN,2013-08,2.2283791799322668
United Arab Emirates,Partner->CHN,2013-09,1.9000000000000004
United Arab Emirates,Partner->CHN,2013-10,1.9661924738438508
United Arab Emirates,Partner->CHN,2013-11,2.0327245944778998
United Arab Emirates,Partner->CHN,2013-12,2.0995981046975913
United Arab Emirates,Partner->CHN,2014-01,2.1668147562410134
United Arab Emirates,Partner->CHN,2014-02,2.234376309834758
United Arab Emirates,Partner->CHN,2014-03,2.3022845352400605
United Arab Emirates,Partner->CHN,2014-04,2.3705412112991517
United Arab Emirates,Partner->CHN,2014-05,2.439148125981868
United Arab Emirates,Partner->CHN,2014-06,2.508107076432463
United Arab Emirates,Partner->CHN,2014-07,2.577419869016703
United Arab Emirates,Partner->CHN,2014-08,2.647088319369166
United Arab Emirates,Partner->CHN,2014-09,2.7171142524408367
United Arab Emirates,Partner->CHN,2014-10,2.7874995025468685
United Arab Emirates,Partner->CHN,2014-11,2.8582459134146543
United Arab Emirates,Partner->CHN,2014-12,2.9293553382321225
United Arab Emirates,Partner->CHN,2015-01,3.000829639696274
United Arab Emirates,Partner->CHN,2015-02,3.072670690061994
United Arab Emirates,Partner->CHN,2015-03,2.5095474326168787
United Arab Emirates,Partner->CHN,2015-04,1.968957765991842
United Arab Emirates,Partner->CHN,2015-05,1.4499999999999993
United Arab Emirates,Partner->CHN,2015-06,1.510532327099435
United Arab Emirates,Partner->CHN,2015-07,1.5713589644498072
United Arab Emirates,Partner->CHN,2015-08,1.6324813429976466
United Arab Emirates,Partner->CHN,2015-09,1.693900900646792
United Arab Emirates,Partner->CHN,2015-10,1.7556190822922364
United Arab Emirates,Partner->CHN,2015-11,1.8176373398541
United Arab Emirates,Partner->CHN,2015-12,1.8799571323117767
United Arab Emirates,Partner->CHN,2016-01,1.9425799257382685
United Arab Emirates,Partner->CHN,2016-02,2.0055071933346866
United Arab Emirates,Partner->CHN,2016-03,2.0687404154648927
United Arab Emirates,Partner->CHN,2016-04,2.1322810796903244
United Arab Emirates,Partner->CHN,2016-05,2.1961306808049894
United Arab Emirates,Partner->CHN,2016-06,2.2602907208706426
United Arab Emirates,Partner->CHN,2016-07,2.3247627092521252
United Arab Emirates,Partner->CHN,2016-08,2.38954816265284
United Arab Emirates,Partner->CHN,2016-09,2.45464860515046
United Arab Emirates,Partner->CHN,2016-10,2.520065568232784
United Arab Emirates,Partner->CHN,2016-11,2.585800590833763
United Arab Emirates,Partner->CHN,2016-12,2.6518552193696774
United Arab Emirates,Partner->CHN,2017-01,2.718231007775545
United Arab Emirates,Partner->CHN,2017-02,2.7849295175416735
United Arab Emirates,Partner->CHN,2017-03,2.8519523177503956
United Arab Emirates,Partner->CHN,2017-04,2.9193009851129617
United Arab Emirates,Partner->CHN,2017-05,2.9869771040066464
United Arab Emirates,Partner->CHN,2017-06,3.0549822665120328
United Arab Emirates,Partner->CHN,2017-07,3.1233180724504557
United Arab Emirates,Partner->CHN,2017-08,3.1919861294216236
United Arab Emirates,Partner->CHN,2017-09,3.2609880528414497
United Arab Emirates,Partner->CHN,2017-10,3.3303254659800636
United Arab Emirates,Partner->CHN,2017-11,3.3999999999999986
United Arab Emirates,Partner->CHN,2017-12,3.3999999999999986
United Arab Emirates,Partner->CHN,2018-01,3.3999999999999986
United Arab Emirates,Partner->CHN,2018-02,3.3999999999999986
United Arab Emirates,Partner->CHN,2018-03,3.3999999999999986
United Arab Emirates,Partner->CHN,2018-04,3.3999999999999986
United Arab Emirates,Partner->CHN,2018-05,3.3999999999999986
United Arab Emirates,Partner->CHN,2018-06,5.199999999999996
United Arab Emirates,Partner->CHN,2018-07,2.1557502664542003
United Arab Emirates,Partner->CHN,2018-08,2.558071228871004
United Arab Emirates,Partner->CHN,2018-09,2.972695720430698
United Arab Emirates,Partner->CHN,2018-10,3.3999999999999986
United Arab Emirates,Partner->CHN,2018-11,2.1635357258382815
United Arab Emirates,Partner->CHN,2018-12,1.0332411670431156
United Arab Emirates,Partner->CHN,2019-01,1.7763568394002505e-15
United Arab Emirates,Partner->CHN,2019-02,1.7763568394002505e-15
United Arab Emirates,Partner->CHN,2019-03,1.7763568394002505e-15
United Kingdom,Aggregated,2002-01,4.098295234376826
United Kingdom,Aggregated,2002-02,2.1489939146459953
United Kingdom,Aggregated,2002-03,0.4513617784964197
United Kingdom,Aggregated,2002-04,4.0
United Kingdom,Aggregated,2002-05,2.0964900033832734
United Kingdom,Aggregated,2002-06,-7.0
United Kingdom,Aggregated,2002-07,2.131426808148049
United Kingdom,Aggregated,2002-08,3.5
United Kingdom,Aggregated,2002-09,7.9999999999999964
United Kingdom,Aggregated,2002-10,2.233333333333336
United Kingdom,Aggregated,2002-11,1.0
United Kingdom,Aggregated,2002-12,-4.500000000000001
United Kingdom,Aggregated,2003-01,4.999999999999998
United Kingdom,Aggregated,2003-02,0.6666666666666661
United Kingdom,Aggregated,2003-03,1.4265879643688493
United Kingdom,Aggregated,2003-04,-4.000000000000001
United Kingdom,Aggregated,2003-05,1.4499999999999993
United Kingdom,Aggregated,2003-06,2.685466202999155
United Kingdom,Aggregated,2003-07,2.494424980238053
United Kingdom,Aggregated,2003-08,5.199999999999996
United Kingdom,Aggregated,2003-09,3.333333333333334
United Kingdom,Aggregated,2003-10,1.0
United Kingdom,Aggregated,2003-11,1.7904357020769162
United Kingdom,Aggregated,2003-12,1.2901721269387671
United Kingdom,Aggregated,2004-01,0.809475019311126
United Kingdom,Aggregated,2004-02,-2.448356424073987
United Kingdom,Aggregated,2004-03,-0.49079713310583806
United Kingdom,Aggregated,2004-04,1.9148676411688648
United Kingdom,Aggregated,2004-05,2.0029513299716744
United Kingdom,Aggregated,2004-06,3.6620855486487116
United Kingdom,Aggregated,2004-07,1.0
United Kingdom,Aggregated,2004-08,1.7345849676795133
United Kingdom,Aggregated,2004-09,2.5141378582540845
United Kingdom,Aggregated,2004-10,0.6666666666666661
United Kingdom,Aggregated,2004-11,2.0609522856952367
United Kingdom,Aggregated,2004-12,1.375
United Kingdom,Aggregated,2005-01,1.4805158305254214
United Kingdom,Aggregated,2005-02,2.5067381050881252
United Kingdom,Aggregated,2005-03,4.6999999999999975
United Kingdom,Aggregated,2005-04,2.25
United Kingdom,Aggregated,2005-05,3.780804524920752
United Kingdom,Aggregated,2005-06,-0.5
United Kingdom,Aggregated,2005-07,1.3188362439395753
United Kingdom,Aggregated,2005-08,5.099999999999998
United Kingdom,Aggregated,2005-09,1.5442627940121714
United Kingdom,Aggregated,2005-10,-0.06778522801516651
United Kingdom,Aggregated,2005-11,3.6334944626841565
United Kingdom,Aggregated,2005-12,2.6666666666666643
United Kingdom,Aggregated,2006-01,1.2833720104050652
United Kingdom,Aggregated,2006-02,2.9284827149524517
United Kingdom,Aggregated,2006-03,1.8975992290365333
United Kingdom,Aggregated,2006-04,2.649999999999997
United Kingdom,Aggregated,2006-05,-1.9262099922755471
United Kingdom,Aggregated,2006-06,-2.5639403432040044
United Kingdom,Aggregated,2006-07,-4.999999999999999
United Kingdom,Aggregated,2006-08,2.0800440959130615
United Kingdom,Aggregated,2006-09,1.6046999638030552
United Kingdom,Aggregated,2006-10,1.6216476722053645
United Kingdom,Aggregated,2006-11,2.9544079548889624
United Kingdom,Aggregated,2006-12,1.292853089020909
United Kingdom,Aggregated,2007-01,1.940971508067065
United Kingdom,Aggregated,2007-02,2.349999999999998
United Kingdom,Aggregated,2007-03,4.3772942469873115
United Kingdom,Aggregated,2007-04,1.0
United Kingdom,Aggregated,2007-05,1.0629187509427442
United Kingdom,Aggregated,2007-06,2.5867261175326455
United Kingdom,Aggregated,2007-07,3.333333333333334
United Kingdom,Aggregated,2007-08,3.5
United Kingdom,Aggregated,2007-09,1.7666666666666675
United Kingdom,Aggregated,2007-10,-3.3500000000000005
United Kingdom,Aggregated,2007-11,2.9499999999999993
United Kingdom,Aggregated,2007-12,1.4463740856975331
United Kingdom,Aggregated,2008-01,2.2639536947693255
United Kingdom,Aggregated,2008-02,1.733243890612913
United Kingdom,Aggregated,2008-03,2.2311446595965236
United Kingdom,Aggregated,2008-04,-0.4026446298661934
United Kingdom,Aggregated,2008-05,4.450000000000001
United Kingdom,Aggregated,2008-06,-2.7500000000000018
United Kingdom,Aggregated,2008-07,-2.99332596375595
United Kingdom,Aggregated,2008-08,-2.801827505606008
United Kingdom,Aggregated,2008-09,1.9600000000000044
United Kingdom,Aggregated,2008-10,3.6357924396619588
United Kingdom,Aggregated,2008-11,-0.8500009588604787
United Kingdom,Aggregated,2008-12,3.994335081419452
United Kingdom,Aggregated,2009-01,0.6452011235712476
United Kingdom,Aggregated,2009-02,2.0911264277000896
United Kingdom,Aggregated,2009-03,1.5996590468753649
United Kingdom,Aggregated,2009-04,2.4060875434082813
United Kingdom,Aggregated,2009-05,3.087544045834324
United Kingdom,Aggregated,2009-06,-3.4287932126188743
United Kingdom,Aggregated,2009-07,1.8670836285972072
United Kingdom,Aggregated,2009-08,1.2069774686661034
United Kingdom,Aggregated,2009-09,3.4399999999999977
United Kingdom,Aggregated,2009-10,1.6984464704394338
United Kingdom,Aggregated,2009-11,3.0625000000000018
United Kingdom,Aggregated,2009-12,-4.666666666666667
United Kingdom,Aggregated,2010-01,1.2749999999999986
United Kingdom,Aggregated,2010-02,1.4666666666666686
United Kingdom,Aggregated,2010-03,3.032739403985211
United Kingdom,Aggregated,2010-04,2.1999999999999993
United Kingdom,Aggregated,2010-05,2.861335345030996
United Kingdom,Aggregated,2010-06,2.752451353579689
United Kingdom,Aggregated,2010-07,0.4696852987991402
United Kingdom,Aggregated,2010-08,1.7763568394002505e-15
United Kingdom,Aggregated,2010-09,2.360000000000003
United Kingdom,Aggregated,2010-10,2.9999999999999964
United Kingdom,Aggregated,2010-11,2.0188810170045794
United Kingdom,Aggregated,2010-12,0.09999999999999964
United Kingdom,Aggregated,2011-01,3.3910248351436376
United Kingdom,Aggregated,2011-02,-0.0317541634481433
United Kingdom,Aggregated,2011-03,2.3000000000000025
United Kingdom,Aggregated,2011-04,3.9142857142857164
United Kingdom,Aggregated,2011-05,2.6769813097960853
United Kingdom,Aggregated,2011-06,1.5423249448235623
United Kingdom,Aggregated,2011-07,2.4089130026590535
United Kingdom,Aggregated,2011-08,-0.40000000000000036
United Kingdom,Aggregated,2011-09,2.5285714285714285
United Kingdom,Aggregated,2011-10,2.4305976181610145
United Kingdom,Aggregated,2011-11,2.333333333333334
United Kingdom,Aggregated,2011-12,2.966666666666667
United Kingdom,Aggregated,2012-01,0.6115796281389994
United Kingdom,Aggregated,2012-02,1.0
United Kingdom,Aggregated,2012-03,3.373940601876308
United Kingdom,Aggregated,2012-04,0.6038722968301755
United Kingdom,Aggregated,2012-05,-0.9999999999999982
United Kingdom,Aggregated,2012-06,1.0
United Kingdom,Aggregated,2012-07,-0.4338260380047103
United Kingdom,Aggregated,2012-08,-0.6833333333333336
United Kingdom,Aggregated,2012-09,1.86077506224008
United Kingdom,Aggregated,2012-10,-4.800000000000001
United Kingdom,Aggregated,2012-11,-1.8847975143534121
United Kingdom,Aggregated,2012-12,2.0
United Kingdom,Aggregated,2013-01,6.199999999999999
United Kingdom,Aggregated,2013-02,0.16666666666666785
United Kingdom,Aggregated,2013-03,4.0
United Kingdom,Aggregated,2013-04,3.3999999999999986
United Kingdom,Aggregated,2013-05,-7.0
United Kingdom,Aggregated,2013-06,-0.26713617352030994
United Kingdom,Aggregated,2013-07,-0.1666666666666643
United Kingdom,Aggregated,2013-08,-4.195118737638159
United Kingdom,Aggregated,2013-09,2.318181191654581
United Kingdom,Aggregated,2013-10,2.2018459207304115
United Kingdom,Aggregated,2013-11,2.833333333333332
United Kingdom,Aggregated,2013-12,2.208877958642276
United Kingdom,Aggregated,2014-01,1.5121390655630904
United Kingdom,Aggregated,2014-02,1.7763568394002505e-15
United Kingdom,Aggregated,2014-03,2.599999999999996
United Kingdom,Aggregated,2014-04,2.747471191587419
United Kingdom,Aggregated,2014-05,1.3499999999999996
United Kingdom,Aggregated,2014-06,3.2351134461953936
United Kingdom,Aggregated,2014-07,1.799999999999999
United Kingdom,Aggregated,2014-08,3.4333333333333353
United Kingdom,Aggregated,2014-09,2.4076965639615278
United Kingdom,Aggregated,2014-10,1.7173292192132479
United Kingdom,Aggregated,2014-11,4.114137858254081
United Kingdom,Aggregated,2014-12,1.4170152503717546
United Kingdom,Aggregated,2015-01,1.0
United Kingdom,Aggregated,2015-02,1.4056438768812
United Kingdom,Aggregated,2015-03,1.8249999999999993
United Kingdom,Aggregated,2015-04,3.666666666666666
United Kingdom,Aggregated,2015-05,3.5
United Kingdom,Aggregated,2015-06,-1.09636499535935
United Kingdom,Aggregated,2015-07,4.1666666666666625
United Kingdom,Aggregated,2015-08,3.171206787381127
United Kingdom,Aggregated,2015-09,2.0
United Kingdom,Aggregated,2015-10,3.268669113607654
United Kingdom,Aggregated,2015-11,2.7106033936905582
United Kingdom,Aggregated,2015-12,2.8400000000000016
United Kingdom,Aggregated,2016-01,-2.3952573035196068
United Kingdom,Aggregated,2016-02,1.3118268160722195
United Kingdom,Aggregated,2016-03,1.3948478931747363
United Kingdom,Aggregated,2016-04,-4.999999999999999
United Kingdom,Aggregated,2016-05,1.0
United Kingdom,Aggregated,2016-06,5.240795932027748
United Kingdom,Aggregated,2016-07,-0.3833333333333364
United Kingdom,Aggregated,2016-08,4.3264477293337595
United Kingdom,Aggregated,2016-09,1.7599999999999998
United Kingdom,Aggregated,2016-10,3.25
United Kingdom,Aggregated,2016-11,1.340599939515167
United Kingdom,Aggregated,2016-12,-3.666666666666666
United Kingdom,Aggregated,2017-01,4.0
United Kingdom,Aggregated,2017-02,3.138802621666244
United Kingdom,Aggregated,2017-03,2.104234126638165
United Kingdom,Aggregated,2017-04,1.7763568394002505e-15
United Kingdom,Aggregated,2017-05,0.7500000000000018
United Kingdom,Aggregated,2017-06,-0.9666666666666668
United Kingdom,Aggregated,2017-07,1.4159276236038725
United Kingdom,Aggregated,2017-08,-5.333333333333333
United Kingdom,Aggregated,2017-09,1.7799999999999976
United Kingdom,Aggregated,2017-10,1.5632815729997454
United Kingdom,Aggregated,2017-11,6.0
United Kingdom,Aggregated,2017-12,2.955529914454079
United Kingdom,Aggregated,2018-01,3.0160671211966132
United Kingdom,Aggregated,2018-02,-0.44601644121063444
United Kingdom,Aggregated,2018-03,0.6854765002040146
United Kingdom,Aggregated,2018-04,1.9382768389004141
United Kingdom,Aggregated,2018-05,2.0491078359884725
United Kingdom,Aggregated,2018-06,4.0
United Kingdom,Aggregated,2018-07,-1.0857142857142872
United Kingdom,Aggregated,2018-08,-2.0999999999999996
United Kingdom,Aggregated,2018-09,0.6999999999999993
United Kingdom,Aggregated,2018-10,0.4963750976920185
United Kingdom,Aggregated,2018-11,4.266666666666664
United Kingdom,Aggregated,2018-12,2.9999999999999964
United Kingdom,Aggregated,2019-01,-1.5384750970905987
United Kingdom,Aggregated,2019-02,1.7763568394002505e-15
United Kingdom,Aggregated,2019-03,-4.000000000000001
United Kingdom,CHN->Partner,2002-01,3.950000000000001
United Kingdom,CHN->Partner,2002-02,2.394028520202573
United Kingdom,CHN->Partner,2002-03,1.0
United Kingdom,CHN->Partner,2002-04,7.9999999999999964
United Kingdom,CHN->Partner,2002-05,2.224695118371139
United Kingdom,CHN->Partner,2002-06,-7.0
United Kingdom,CHN->Partner,2002-07,2.433333333333332
United Kingdom,CHN->Partner,2002-08,4.976023702202411
United Kingdom,CHN->Partner,2002-09,7.9999999999999964
United Kingdom,CHN->Partner,2002-10,1.5000000000000018
United Kingdom,CHN->Partner,2002-11,-1.9861218113400287
United Kingdom,CHN->Partner,2002-12,-4.500000000000001
United Kingdom,CHN->Partner,2003-01,4.999999999999998
United Kingdom,CHN->Partner,2003-02,0.6666666666666661
United Kingdom,CHN->Partner,2003-03,0.33128225857419835
United Kingdom,CHN->Partner,2003-04,1.0902250241923586
United Kingdom,CHN->Partner,2003-05,1.9000000000000004
United Kingdom,CHN->Partner,2003-06,2.947288270665547
United Kingdom,CHN->Partner,2003-07,2.1476472471717383
United Kingdom,CHN->Partner,2003-08,5.199999999999996
United Kingdom,CHN->Partner,2003-09,2.5
United Kingdom,CHN->Partner,2003-10,1.0
United Kingdom,CHN->Partner,2003-11,2.2655236232995684
United Kingdom,CHN->Partner,2003-12,1.6169046710988066
United Kingdom,CHN->Partner,2004-01,1.0
United Kingdom,CHN->Partner,2004-02,6.399999999999999
United Kingdom,CHN->Partner,2004-03,2.957544632029496
United Kingdom,CHN->Partner,2004-04,0.1961524227066338
United Kingdom,CHN->Partner,2004-05,1.750579787874102
United Kingdom,CHN->Partner,2004-06,4.133333333333331
United Kingdom,CHN->Partner,2004-07,-1.9999999999999982
United Kingdom,CHN->Partner,2004-08,0.14450537260402996
United Kingdom,CHN->Partner,2004-09,2.8000000000000025
United Kingdom,CHN->Partner,2004-10,1.0
United Kingdom,CHN->Partner,2004-11,2.141428428542852
United Kingdom,CHN->Partner,2004-12,1.5000000000000018
United Kingdom,CHN->Partner,2005-01,0.9500000000000011
United Kingdom,CHN->Partner,2005-02,2.460866222834877
United Kingdom,CHN->Partner,2005-03,6.0
United Kingdom,CHN->Partner,2005-04,2.25
United Kingdom,CHN->Partner,2005-05,4.949999999999999
United Kingdom,CHN->Partner,2005-06,-0.5
United Kingdom,CHN->Partner,2005-07,1.3533255993708764
United Kingdom,CHN->Partner,2005-08,6.700000000000006
United Kingdom,CHN->Partner,2005-09,1.6000000000000032
United Kingdom,CHN->Partner,2005-10,1.4499999999999993
United Kingdom,CHN->Partner,2005-11,3.725894291629549
United Kingdom,CHN->Partner,2005-12,2.6666666666666643
United Kingdom,CHN->Partner,2006-01,1.1181388390473348
United Kingdom,CHN->Partner,2006-02,3.299999999999999
United Kingdom,CHN->Partner,2006-03,1.7499999999999964
United Kingdom,CHN->Partner,2006-04,1.9000000000000004
United Kingdom,CHN->Partner,2006-05,-1.9262099922755471
United Kingdom,CHN->Partner,2006-06,3.149999999999997
United Kingdom,CHN->Partner,2006-07,-4.999999999999999
United Kingdom,CHN->Partner,2006-08,0.5053842517776204
United Kingdom,CHN->Partner,2006-09,3.1377532287903076
United Kingdom,CHN->Partner,2006-10,1.60830647718433
United Kingdom,CHN->Partner,2006-11,5.908815909777925
United Kingdom,CHN->Partner,2006-12,1.0
United Kingdom,CHN->Partner,2007-01,1.9409715080670704
United Kingdom,CHN->Partner,2007-02,2.8000000000000025
United Kingdom,CHN->Partner,2007-03,4.271514401738486
United Kingdom,CHN->Partner,2007-04,1.0
United Kingdom,CHN->Partner,2007-05,2.446024138006397
United Kingdom,CHN->Partner,2007-06,2.1151247353788563
United Kingdom,CHN->Partner,2007-07,2.9999999999999964
United Kingdom,CHN->Partner,2007-08,3.5
United Kingdom,CHN->Partner,2007-09,1.7666666666666675
United Kingdom,CHN->Partner,2007-10,-3.3500000000000005
United Kingdom,CHN->Partner,2007-11,2.9499999999999993
United Kingdom,CHN->Partner,2007-12,1.1726319754161114
United Kingdom,CHN->Partner,2008-01,3.160591100503309
United Kingdom,CHN->Partner,2008-02,0.48007667087689754
United Kingdom,CHN->Partner,2008-03,1.7499999999999964
United Kingdom,CHN->Partner,2008-04,-0.21600504510761454
United Kingdom,CHN->Partner,2008-05,3.3999999999999986
United Kingdom,CHN->Partner,2008-06,4.0
United Kingdom,CHN->Partner,2008-07,-1.0515891404449533
United Kingdom,CHN->Partner,2008-08,-1.6496194339617372
United Kingdom,CHN->Partner,2008-09,6.399999999999999
United Kingdom,CHN->Partner,2008-10,0.48912529307605546
United Kingdom,CHN->Partner,2008-11,1.5666666666666664
United Kingdom,CHN->Partner,2008-12,4.999999999999998
United Kingdom,CHN->Partner,2009-01,1.5000000000000018
United Kingdom,CHN->Partner,2009-02,2.6920135294201444
United Kingdom,CHN->Partner,2009-03,1.999512924107668
United Kingdom,CHN->Partner,2009-04,2.2981337564957105
United Kingdom,CHN->Partner,2009-05,3.142563181316472
United Kingdom,CHN->Partner,2009-06,-3.1999999999999984
United Kingdom,CHN->Partner,2009-07,3.1889039729558917
United Kingdom,CHN->Partner,2009-08,1.2483729623993263
United Kingdom,CHN->Partner,2009-09,3.424999999999997
United Kingdom,CHN->Partner,2009-10,3.677825058615209
United Kingdom,CHN->Partner,2009-11,2.7571428571428545
United Kingdom,CHN->Partner,2009-12,-5.333333333333333
United Kingdom,CHN->Partner,2010-01,3.5500000000000007
United Kingdom,CHN->Partner,2010-02,6.399999999999999
United Kingdom,CHN->Partner,2010-03,2.7952445082372694
United Kingdom,CHN->Partner,2010-04,1.0
United Kingdom,CHN->Partner,2010-05,2.4817804600413265
United Kingdom,CHN->Partner,2010-06,6.0
United Kingdom,CHN->Partner,2010-07,0.29851497793624304
United Kingdom,CHN->Partner,2010-08,1.273828513242444
United Kingdom,CHN->Partner,2010-09,2.333333333333334
United Kingdom,CHN->Partner,2010-10,2.0
United Kingdom,CHN->Partner,2010-11,2.260449740478343
United Kingdom,CHN->Partner,2010-12,0.8333333333333339
United Kingdom,CHN->Partner,2011-01,3.112841539621673
United Kingdom,CHN->Partner,2011-02,-3.06350832689629
United Kingdom,CHN->Partner,2011-03,1.0
United Kingdom,CHN->Partner,2011-04,3.6999999999999993
United Kingdom,CHN->Partner,2011-05,3.3253456466823916
United Kingdom,CHN->Partner,2011-06,2.960239992987903
United Kingdom,CHN->Partner,2011-07,4.2414284285428465
United Kingdom,CHN->Partner,2011-08,-0.40000000000000036
United Kingdom,CHN->Partner,2011-09,2.5285714285714285
United Kingdom,CHN->Partner,2011-10,2.4305976181610145
United Kingdom,CHN->Partner,2011-11,2.333333333333334
United Kingdom,CHN->Partner,2011-12,1.0
United Kingdom,CHN->Partner,2012-01,1.799999999999999
United Kingdom,CHN->Partner,2012-02,1.0
United Kingdom,CHN->Partner,2012-03,3.747881203752627
United Kingdom,CHN->Partner,2012-04,2.868356902320537
United Kingdom,CHN->Partner,2012-05,-0.9999999999999982
United Kingdom,CHN->Partner,2012-06,1.0
United Kingdom,CHN->Partner,2012-07,-0.7954592314951405
United Kingdom,CHN->Partner,2012-08,-1.9999999999999982
United Kingdom,CHN->Partner,2012-09,2.1999999999999993
United Kingdom,CHN->Partner,2012-10,-8.066666666666666
United Kingdom,CHN->Partner,2012-11,-6.102633403898973
United Kingdom,CHN->Partner,2012-12,1.0
United Kingdom,CHN->Partner,2013-01,6.399999999999999
United Kingdom,CHN->Partner,2013-02,6.0
United Kingdom,CHN->Partner,2013-03,4.0
United Kingdom,CHN->Partner,2013-04,3.3999999999999986
United Kingdom,CHN->Partner,2013-05,0.38419957660616255
United Kingdom,CHN->Partner,2013-06,-2.0000000000000018
United Kingdom,CHN->Partner,2013-07,-1.3999999999999986
United Kingdom,CHN->Partner,2013-08,-2.2499999999999982
United Kingdom,CHN->Partner,2013-09,1.8977264895682282
United Kingdom,CHN->Partner,2013-10,2.1400000000000006
United Kingdom,CHN->Partner,2013-11,3.0625000000000018
United Kingdom,CHN->Partner,2013-12,3.000578718438657
United Kingdom,CHN->Partner,2014-01,4.266666666666664
United Kingdom,CHN->Partner,2014-02,1.7763568394002505e-15
United Kingdom,CHN->Partner,2014-03,2.599999999999996
United Kingdom,CHN->Partner,2014-04,2.6000000000000014
United Kingdom,CHN->Partner,2014-05,1.3499999999999996
United Kingdom,CHN->Partner,2014-06,3.09396154431605
United Kingdom,CHN->Partner,2014-07,1.799999999999999
United Kingdom,CHN->Partner,2014-08,3.7500000000000018
United Kingdom,CHN->Partner,2014-09,1.7523145023384448
United Kingdom,CHN->Partner,2014-10,-1.2499999999999982
United Kingdom,CHN->Partner,2014-11,3.400000000000004
United Kingdom,CHN->Partner,2014-12,0.8000000000000007
United Kingdom,CHN->Partner,2015-01,1.0
United Kingdom,CHN->Partner,2015-02,1.7984374046209215
United Kingdom,CHN->Partner,2015-03,2.649999999999997
United Kingdom,CHN->Partner,2015-04,3.1666666666666696
United Kingdom,CHN->Partner,2015-05,3.5
United Kingdom,CHN->Partner,2015-06,2.5
United Kingdom,CHN->Partner,2015-07,5.75
United Kingdom,CHN->Partner,2015-08,3.400000000000004
United Kingdom,CHN->Partner,2015-09,4.999999999999998
United Kingdom,CHN->Partner,2015-10,3.2349262315667424
United Kingdom,CHN->Partner,2015-11,3.4666666666666686
United Kingdom,CHN->Partner,2015-12,4.049999999999997
United Kingdom,CHN->Partner,2016-01,-2.2600000000000016
United Kingdom,CHN->Partner,2016-02,3.3999999999999986
United Kingdom,CHN->Partner,2016-03,5.199999999999996
United Kingdom,CHN->Partner,2016-04,-4.999999999999999
United Kingdom,CHN->Partner,2016-05,-1.1311663853625475
United Kingdom,CHN->Partner,2016-06,5.232312818899686
United Kingdom,CHN->Partner,2016-07,-1.2599999999999998
United Kingdom,CHN->Partner,2016-08,5.199999999999996
United Kingdom,CHN->Partner,2016-09,2.299999999999997
United Kingdom,CHN->Partner,2016-10,3.25
United Kingdom,CHN->Partner,2016-11,1.7499999999999964
United Kingdom,CHN->Partner,2016-12,-3.666666666666666
United Kingdom,CHN->Partner,2017-01,4.0
United Kingdom,CHN->Partner,2017-02,2.6666666666666643
United Kingdom,CHN->Partner,2017-03,1.363921303458726
United Kingdom,CHN->Partner,2017-04,1.7763568394002505e-15
United Kingdom,CHN->Partner,2017-05,1.0
United Kingdom,CHN->Partner,2017-06,-0.9666666666666668
United Kingdom,CHN->Partner,2017-07,0.9497190922573981
United Kingdom,CHN->Partner,2017-08,-10.0
United Kingdom,CHN->Partner,2017-09,1.9749999999999979
United Kingdom,CHN->Partner,2017-10,1.2799999999999976
United Kingdom,CHN->Partner,2017-11,1.9705820995050143
United Kingdom,CHN->Partner,2017-12,2.6999999999999993
United Kingdom,CHN->Partner,2018-01,3.286927907627055
United Kingdom,CHN->Partner,2018-02,2.682558749149825
United Kingdom,CHN->Partner,2018-03,2.0779197261786546
United Kingdom,CHN->Partner,2018-04,1.5000000000000018
United Kingdom,CHN->Partner,2018-05,1.4695707048785707
United Kingdom,CHN->Partner,2018-06,3.645020181751587
United Kingdom,CHN->Partner,2018-07,6.199999999999999
United Kingdom,CHN->Partner,2018-08,-9.2
United Kingdom,CHN->Partner,2018-09,0.6999999999999993
United Kingdom,CHN->Partner,2018-10,0.7445626465380268
United Kingdom,CHN->Partner,2018-11,1.7763568394002505e-15
United Kingdom,CHN->Partner,2018-12,1.7763568394002505e-15
United Kingdom,CHN->Partner,2019-01,1.7763568394002505e-15
United Kingdom,CHN->Partner,2019-02,1.7763568394002505e-15
United Kingdom,CHN->Partner,2019-03,-4.000000000000001
United Kingdom,Partner->CHN,2002-01,4.249999999999998
United Kingdom,Partner->CHN,2002-02,1.5889891926457818
United Kingdom,Partner->CHN,2002-03,-0.607695154586736
United Kingdom,Partner->CHN,2002-04,4.0
United Kingdom,Partner->CHN,2002-05,2.739337234415842
United Kingdom,Partner->CHN,2002-06,2.5115502606063504
United Kingdom,Partner->CHN,2002-07,2.287539808513447
United Kingdom,Partner->CHN,2002-08,3.5
United Kingdom,Partner->CHN,2002-09,7.9999999999999964
United Kingdom,Partner->CHN,2002-10,3.0999999999999996
United Kingdom,Partner->CHN,2002-11,1.0
United Kingdom,Partner->CHN,2002-12,2.8564064605510175
United Kingdom,Partner->CHN,2003-01,4.999999999999998
United Kingdom,Partner->CHN,2003-02,1.0
United Kingdom,Partner->CHN,2003-03,3.599999999999996
United Kingdom,Partner->CHN,2003-04,-4.000000000000001
United Kingdom,Partner->CHN,2003-05,1.0
United Kingdom,Partner->CHN,2003-06,4.650000000000004
United Kingdom,Partner->CHN,2003-07,2.4779851496967833
United Kingdom,Partner->CHN,2003-08,5.199999999999996
United Kingdom,Partner->CHN,2003-09,4.999999999999998
United Kingdom,Partner->CHN,2003-10,3.2111400377416626
United Kingdom,Partner->CHN,2003-11,1.6222813232690143
United Kingdom,Partner->CHN,2003-12,1.1102293978478173
United Kingdom,Partner->CHN,2004-01,0.618950038622252
United Kingdom,Partner->CHN,2004-02,-2.964376360264856
United Kingdom,Partner->CHN,2004-03,-0.3934581056645978
United Kingdom,Partner->CHN,2004-04,2.9999999999999964
United Kingdom,Partner->CHN,2004-05,3.8189918242110803
United Kingdom,Partner->CHN,2004-06,3.970142581081186
United Kingdom,Partner->CHN,2004-07,4.0
United Kingdom,Partner->CHN,2004-08,3.1598022585062964
United Kingdom,Partner->CHN,2004-09,2.366666666666667
United Kingdom,Partner->CHN,2004-10,1.7763568394002505e-15
United Kingdom,Partner->CHN,2004-11,1.9000000000000004
United Kingdom,Partner->CHN,2004-12,1.5000000000000018
United Kingdom,Partner->CHN,2005-01,2.6999999999999993
United Kingdom,Partner->CHN,2005-02,2.672726489568232
United Kingdom,Partner->CHN,2005-03,4.6999999999999975
United Kingdom,Partner->CHN,2005-04,4.311869034619303
United Kingdom,Partner->CHN,2005-05,3.9333333333333353
United Kingdom,Partner->CHN,2005-06,2.5
United Kingdom,Partner->CHN,2005-07,0.8983866769659326
United Kingdom,Partner->CHN,2005-08,3.950000000000001
United Kingdom,Partner->CHN,2005-09,1.666666666666666
United Kingdom,Partner->CHN,2005-10,-0.25429401995109835
United Kingdom,Partner->CHN,2005-11,2.8854880870370287
United Kingdom,Partner->CHN,2005-12,3.0665633770398077
United Kingdom,Partner->CHN,2006-01,3.25
United Kingdom,Partner->CHN,2006-02,3.2666666666666693
United Kingdom,Partner->CHN,2006-03,2.099999999999998
United Kingdom,Partner->CHN,2006-04,2.649999999999997
United Kingdom,Partner->CHN,2006-05,-1.9313622739040994
United Kingdom,Partner->CHN,2006-06,-4.97507764050038
United Kingdom,Partner->CHN,2006-07,-1.6103941938965782
United Kingdom,Partner->CHN,2006-08,3.6333333333333346
United Kingdom,Partner->CHN,2006-09,1.3694780808014198
United Kingdom,Partner->CHN,2006-10,2.354693836726529
United Kingdom,Partner->CHN,2006-11,1.0816119323334412
United Kingdom,Partner->CHN,2006-12,1.292853089020909
United Kingdom,Partner->CHN,2007-01,5.881943016134134
United Kingdom,Partner->CHN,2007-02,2.349999999999998
United Kingdom,Partner->CHN,2007-03,4.0
United Kingdom,Partner->CHN,2007-04,1.9272088013424096
United Kingdom,Partner->CHN,2007-05,0.1408484929003091
United Kingdom,Partner->CHN,2007-06,2.9999999999999964
United Kingdom,Partner->CHN,2007-07,4.0
United Kingdom,Partner->CHN,2007-08,3.5
United Kingdom,Partner->CHN,2007-09,1.9000000000000004
United Kingdom,Partner->CHN,2007-10,2.5
United Kingdom,Partner->CHN,2007-11,1.9000000000000004
United Kingdom,Partner->CHN,2007-12,3.3999999999999986
United Kingdom,Partner->CHN,2008-01,1.3398350118013926
United Kingdom,Partner->CHN,2008-02,3.3710214923355615
United Kingdom,Partner->CHN,2008-03,2.7428571428571384
United Kingdom,Partner->CHN,2008-04,0.13592265531230296
United Kingdom,Partner->CHN,2008-05,4.450000000000001
United Kingdom,Partner->CHN,2008-06,-2.7500000000000018
United Kingdom,Partner->CHN,2008-07,-2.7500000000000018
United Kingdom,Partner->CHN,2008-08,-2.866666666666669
United Kingdom,Partner->CHN,2008-09,0.8499999999999996
United Kingdom,Partner->CHN,2008-10,4.499999999999998
United Kingdom,Partner->CHN,2008-11,-0.9721269171307103
United Kingdom,Partner->CHN,2008-12,2.7999999999999954
United Kingdom,Partner->CHN,2009-01,1.4200000000000017
United Kingdom,Partner->CHN,2009-02,1.3727731345435554
United Kingdom,Partner->CHN,2009-03,0.9800000000000004
United Kingdom,Partner->CHN,2009-04,4.03333333333333
United Kingdom,Partner->CHN,2009-05,3.033113547800564
United Kingdom,Partner->CHN,2009-06,1.9000000000000004
United Kingdom,Partner->CHN,2009-07,1.889868417249021
United Kingdom,Partner->CHN,2009-08,2.1472882706655483
United Kingdom,Partner->CHN,2009-09,4.899999999999997
United Kingdom,Partner->CHN,2009-10,0.9815208821793409
United Kingdom,Partner->CHN,2009-11,3.2285714285714295
United Kingdom,Partner->CHN,2009-12,-1.9999999999999982
United Kingdom,Partner->CHN,2010-01,-0.9999999999999982
United Kingdom,Partner->CHN,2010-02,1.4666666666666686
United Kingdom,Partner->CHN,2010-03,2.998167855081771
United Kingdom,Partner->CHN,2010-04,3.6000000000000014
United Kingdom,Partner->CHN,2010-05,3.0999999999999996
United Kingdom,Partner->CHN,2010-06,1.3693168768529809
United Kingdom,Partner->CHN,2010-07,4.412560633954094
United Kingdom,Partner->CHN,2010-08,1.7763568394002505e-15
United Kingdom,Partner->CHN,2010-09,2.933333333333332
United Kingdom,Partner->CHN,2010-10,4.999999999999998
United Kingdom,Partner->CHN,2010-11,2.3475460899181986
United Kingdom,Partner->CHN,2010-12,1.375
United Kingdom,Partner->CHN,2011-01,4.11062155994513
United Kingdom,Partner->CHN,2011-02,2.333333333333334
United Kingdom,Partner->CHN,2011-03,2.3000000000000025
United Kingdom,Partner->CHN,2011-04,4.149999999999997
United Kingdom,Partner->CHN,2011-05,2.6800323840399614
United Kingdom,Partner->CHN,2011-06,1.3526921470879287
United Kingdom,Partner->CHN,2011-07,1.799999999999999
United Kingdom,Partner->CHN,2011-08,2.9392969693596847
United Kingdom,Partner->CHN,2011-09,4.1800000000000015
United Kingdom,Partner->CHN,2011-10,4.102942835349085
United Kingdom,Partner->CHN,2011-11,4.026276830554831
United Kingdom,Partner->CHN,2011-12,3.950000000000001
United Kingdom,Partner->CHN,2012-01,1.7763568394002505e-15
United Kingdom,Partner->CHN,2012-02,1.574312968136251
United Kingdom,Partner->CHN,2012-03,3.373940601876308
United Kingdom,Partner->CHN,2012-04,-0.08571428571428719
United Kingdom,Partner->CHN,2012-05,0.4442749255437146
United Kingdom,Partner->CHN,2012-06,1.0
United Kingdom,Partner->CHN,2012-07,1.471370023173348
United Kingdom,Partner->CHN,2012-08,0.7249999999999979
United Kingdom,Partner->CHN,2012-09,2.31193177121688
United Kingdom,Partner->CHN,2012-10,4.999999999999998
United Kingdom,Partner->CHN,2012-11,0.6666666666666661
United Kingdom,Partner->CHN,2012-12,2.9999999999999964
United Kingdom,Partner->CHN,2013-01,6.0
United Kingdom,Partner->CHN,2013-02,-2.7500000000000018
United Kingdom,Partner->CHN,2013-03,4.0
United Kingdom,Partner->CHN,2013-04,-3.254033307585167
United Kingdom,Partner->CHN,2013-05,-7.0
United Kingdom,Partner->CHN,2013-06,3.198591479439079
United Kingdom,Partner->CHN,2013-07,4.999999999999998
United Kingdom,Partner->CHN,2013-08,-6.007359312880715
United Kingdom,Partner->CHN,2013-09,2.396968652757641
United Kingdom,Partner->CHN,2013-10,2.3630131765188604
United Kingdom,Partner->CHN,2013-11,3.3571428571428594
United Kingdom,Partner->CHN,2013-12,0.5578639596835515
United Kingdom,Partner->CHN,2014-01,-1.0666666666666664
United Kingdom,Partner->CHN,2014-02,1.6854247071195836
United Kingdom,Partner->CHN,2014-03,5.199999999999996
United Kingdom,Partner->CHN,2014-04,2.9000000000000004
United Kingdom,Partner->CHN,2014-05,2.466666666666665
United Kingdom,Partner->CHN,2014-06,3.150933325019036
United Kingdom,Partner->CHN,2014-07,3.291435815122801
United Kingdom,Partner->CHN,2014-08,3.4333333333333353
United Kingdom,Partner->CHN,2014-09,2.9999999999999964
United Kingdom,Partner->CHN,2014-10,3.9564389589509883
United Kingdom,Partner->CHN,2014-11,3.9666666666666686
United Kingdom,Partner->CHN,2014-12,2.8166666666666664
United Kingdom,Partner->CHN,2015-01,1.0
United Kingdom,Partner->CHN,2015-02,1.0
United Kingdom,Partner->CHN,2015-03,1.0
United Kingdom,Partner->CHN,2015-04,4.0
United Kingdom,Partner->CHN,2015-05,1.1882945923377513
United Kingdom,Partner->CHN,2015-06,-1.09636499535935
United Kingdom,Partner->CHN,2015-07,4.1666666666666625
United Kingdom,Partner->CHN,2015-08,2.9499999999999993
United Kingdom,Partner->CHN,2015-09,1.5000000000000018
United Kingdom,Partner->CHN,2015-10,2.343517523712576
United Kingdom,Partner->CHN,2015-11,2.2666666666666657
United Kingdom,Partner->CHN,2015-12,-1.9999999999999982
United Kingdom,Partner->CHN,2016-01,0.4999999999999982
United Kingdom,Partner->CHN,2016-02,-1.9999999999999982
United Kingdom,Partner->CHN,2016-03,1.294228634059948
United Kingdom,Partner->CHN,2016-04,1.146223429886323
United Kingdom,Partner->CHN,2016-05,1.0
United Kingdom,Partner->CHN,2016-06,3.747881203752627
United Kingdom,Partner->CHN,2016-07,4.0
United Kingdom,Partner->CHN,2016-08,3.5
United Kingdom,Partner->CHN,2016-09,1.4666666666666686
United Kingdom,Partner->CHN,2016-10,3.25
United Kingdom,Partner->CHN,2016-11,0.7947331922020577
United Kingdom,Partner->CHN,2016-12,1.0
United Kingdom,Partner->CHN,2017-01,2.8564064605510175
United Kingdom,Partner->CHN,2017-02,4.999999999999998
United Kingdom,Partner->CHN,2017-03,-0.5027453632079375
United Kingdom,Partner->CHN,2017-04,-0.2543124461618227
United Kingdom,Partner->CHN,2017-05,1.7763568394002505e-15
United Kingdom,Partner->CHN,2017-06,3.5
United Kingdom,Partner->CHN,2017-07,2.5
United Kingdom,Partner->CHN,2017-08,4.0
United Kingdom,Partner->CHN,2017-09,1.7499999999999964
United Kingdom,Partner->CHN,2017-10,3.6999999999999993
United Kingdom,Partner->CHN,2017-11,6.0
United Kingdom,Partner->CHN,2017-12,3.474956747275378
United Kingdom,Partner->CHN,2018-01,2.752313989777287
United Kingdom,Partner->CHN,2018-02,-0.4777661566783511
United Kingdom,Partner->CHN,2018-03,1.2993276100316233
United Kingdom,Partner->CHN,2018-04,3.376553677800823
United Kingdom,Partner->CHN,2018-05,3.5
United Kingdom,Partner->CHN,2018-06,4.0
United Kingdom,Partner->CHN,2018-07,-4.000000000000001
United Kingdom,Partner->CHN,2018-08,4.999999999999998
United Kingdom,Partner->CHN,2018-09,3.3999999999999986
United Kingdom,Partner->CHN,2018-10,0.4999999999999982
United Kingdom,Partner->CHN,2018-11,6.399999999999999
United Kingdom,Partner->CHN,2018-12,2.9999999999999964
United Kingdom,Partner->CHN,2019-01,-1.5384750970905987
United Kingdom,Partner->CHN,2019-02,-1.5384750970905987
United Kingdom,Partner->CHN,2019-03,-1.5384750970905987
United States,Aggregated,2002-01,0.2913164820612586
United States,Aggregated,2002-02,1.463691880410094
United States,Aggregated,2002-03,0.992483019159689
United States,Aggregated,2002-04,1.7150521447894853
United States,Aggregated,2002-05,0.8226577978794243
United States,Aggregated,2002-06,0.8450537014726791
United States,Aggregated,2002-07,2.0690017214323504
United States,Aggregated,2002-08,-0.2608245998235912
United States,Aggregated,2002-09,0.9330033327406877
United States,Aggregated,2002-10,2.575387904921765
United States,Aggregated,2002-11,-0.11730444067643475
United States,Aggregated,2002-12,2.5790198380031946
United States,Aggregated,2003-01,1.6069532793976204
United States,Aggregated,2003-02,0.431824946167767
United States,Aggregated,2003-03,0.026462699181372784
United States,Aggregated,2003-04,1.1851487834209813
United States,Aggregated,2003-05,0.9735050247904535
United States,Aggregated,2003-06,1.0777436035646613
United States,Aggregated,2003-07,0.5153101221754408
United States,Aggregated,2003-08,1.4744341371920804
United States,Aggregated,2003-09,1.9887019136303454
United States,Aggregated,2003-10,0.45538370370900694
United States,Aggregated,2003-11,0.08458427189731133
United States,Aggregated,2003-12,1.730972579855342
United States,Aggregated,2004-01,1.9491929115889928
United States,Aggregated,2004-02,1.7911455690115154
United States,Aggregated,2004-03,0.2599864457160095
United States,Aggregated,2004-04,-0.4554533369890361
United States,Aggregated,2004-05,1.4529420843329408
United States,Aggregated,2004-06,0.9271359869572606
United States,Aggregated,2004-07,0.5075685658784082
United States,Aggregated,2004-08,0.9013255327243321
United States,Aggregated,2004-09,2.2188146391581114
United States,Aggregated,2004-10,1.3514951138343179
United States,Aggregated,2004-11,0.7743295353497306
United States,Aggregated,2004-12,0.9070228048487365
United States,Aggregated,2005-01,2.108594285090465
United States,Aggregated,2005-02,1.6530798922950698
United States,Aggregated,2005-03,1.2649565429391405
United States,Aggregated,2005-04,1.0332232630758291
United States,Aggregated,2005-05,0.16021518153733716
United States,Aggregated,2005-06,-0.3761071764586763
United States,Aggregated,2005-07,1.5144170587062682
United States,Aggregated,2005-08,1.65675420896482
United States,Aggregated,2005-09,2.2795757661203933
United States,Aggregated,2005-10,2.361625912408817
United States,Aggregated,2005-11,1.9103969688624733
United States,Aggregated,2005-12,0.9238966873923093
United States,Aggregated,2006-01,1.6722716926712664
United States,Aggregated,2006-02,2.1841376020076275
United States,Aggregated,2006-03,-0.21190702542872764
United States,Aggregated,2006-04,2.4983815785160726
United States,Aggregated,2006-05,0.7939684961920381
United States,Aggregated,2006-06,0.8242300967856391
United States,Aggregated,2006-07,1.5599929114067468
United States,Aggregated,2006-08,1.5479757917061594
United States,Aggregated,2006-09,0.2856845167292157
United States,Aggregated,2006-10,0.40879547286266416
United States,Aggregated,2006-11,1.4344495178928547
United States,Aggregated,2006-12,1.0218672527761665
United States,Aggregated,2007-01,0.7575881275665992
United States,Aggregated,2007-02,1.54195952834435
United States,Aggregated,2007-03,1.896626706627396
United States,Aggregated,2007-04,-0.6916331418570891
United States,Aggregated,2007-05,1.989521970430335
United States,Aggregated,2007-06,0.44280901717925225
United States,Aggregated,2007-07,-0.363427431765702
United States,Aggregated,2007-08,1.5194966767937466
United States,Aggregated,2007-09,0.17611039171279508
United States,Aggregated,2007-10,1.0061942597502185
United States,Aggregated,2007-11,0.5250094089826938
United States,Aggregated,2007-12,2.4040672459785792
United States,Aggregated,2008-01,2.0309393454832794
United States,Aggregated,2008-02,1.2053132934162445
United States,Aggregated,2008-03,1.426714464272914
United States,Aggregated,2008-04,0.323099521188162
United States,Aggregated,2008-05,1.3748312367831446
United States,Aggregated,2008-06,1.9864581007057804
United States,Aggregated,2008-07,0.6495337619896606
United States,Aggregated,2008-08,-0.82146705258846
United States,Aggregated,2008-09,1.700843425724047
United States,Aggregated,2008-10,1.2072237009937936
United States,Aggregated,2008-11,1.0154481162692033
United States,Aggregated,2008-12,0.4523102420649838
United States,Aggregated,2009-01,0.08867064324362772
United States,Aggregated,2009-02,0.5668971932138458
United States,Aggregated,2009-03,0.5720406961414035
United States,Aggregated,2009-04,1.1965764279512214
United States,Aggregated,2009-05,1.8848341647146256
United States,Aggregated,2009-06,0.8947571799953877
United States,Aggregated,2009-07,0.735849836235623
United States,Aggregated,2009-08,0.6438478261745431
United States,Aggregated,2009-09,1.395962477681179
United States,Aggregated,2009-10,-0.5948615696744035
United States,Aggregated,2009-11,0.9322381874697143
United States,Aggregated,2009-12,-0.25024105514991035
United States,Aggregated,2010-01,-0.7387968048370368
United States,Aggregated,2010-02,0.42773082395512674
United States,Aggregated,2010-03,-0.10636670529536829
United States,Aggregated,2010-04,1.983836001791225
United States,Aggregated,2010-05,1.8042729549373249
United States,Aggregated,2010-06,-0.12986482717747094
United States,Aggregated,2010-07,-0.10560450643808039
United States,Aggregated,2010-08,-1.5661620714026334
United States,Aggregated,2010-09,-0.28361593258320283
United States,Aggregated,2010-10,-0.7018610239299328
United States,Aggregated,2010-11,0.412885597856981
United States,Aggregated,2010-12,0.7226258304111042
United States,Aggregated,2011-01,1.477841245115366
United States,Aggregated,2011-02,0.728348822789604
United States,Aggregated,2011-03,3.4371344783017843
United States,Aggregated,2011-04,1.0807089979656688
United States,Aggregated,2011-05,0.3303542000223718
United States,Aggregated,2011-06,-1.486765298000222
United States,Aggregated,2011-07,1.1232016697402631
United States,Aggregated,2011-08,0.8130892868186059
United States,Aggregated,2011-09,0.20429712723193383
United States,Aggregated,2011-10,0.17669150742467643
United States,Aggregated,2011-11,1.1205046411889423
United States,Aggregated,2011-12,1.1273901931553763
United States,Aggregated,2012-01,0.4627574504512335
United States,Aggregated,2012-02,-0.5625390803559984
United States,Aggregated,2012-03,1.6750317259302925
United States,Aggregated,2012-04,0.02880960601587823
United States,Aggregated,2012-05,1.2683755384475042
United States,Aggregated,2012-06,0.4446036003077687
United States,Aggregated,2012-07,0.7718861708468108
United States,Aggregated,2012-08,-0.6277250903910527
United States,Aggregated,2012-09,-1.5146917544576937
United States,Aggregated,2012-10,-0.2125683558874929
United States,Aggregated,2012-11,-1.0199991032228546
United States,Aggregated,2012-12,0.1795386789001494
United States,Aggregated,2013-01,1.0003136896919198
United States,Aggregated,2013-02,-0.9377080814116194
United States,Aggregated,2013-03,0.11857447232975105
United States,Aggregated,2013-04,1.126923125359113
United States,Aggregated,2013-05,0.05794892920996908
United States,Aggregated,2013-06,1.2214260829146895
United States,Aggregated,2013-07,0.41933420369186436
United States,Aggregated,2013-08,0.915657434876179
United States,Aggregated,2013-09,1.5466806171947933
United States,Aggregated,2013-10,-0.8706228710311699
United States,Aggregated,2013-11,-1.2867081494241024
United States,Aggregated,2013-12,0.03533729403040908
United States,Aggregated,2014-01,-0.11466789658758181
United States,Aggregated,2014-02,1.8692479357277278
United States,Aggregated,2014-03,1.120870627845548
United States,Aggregated,2014-04,0.2671851407741386
United States,Aggregated,2014-05,-2.230024598646331
United States,Aggregated,2014-06,-0.0360384568033556
United States,Aggregated,2014-07,0.7278148219169953
United States,Aggregated,2014-08,-0.9357751945420514
United States,Aggregated,2014-09,1.2797049377831637
United States,Aggregated,2014-10,1.2813042737817355
United States,Aggregated,2014-11,1.420047864087298
United States,Aggregated,2014-12,1.302228860378131
United States,Aggregated,2015-01,2.711489631237905
United States,Aggregated,2015-02,2.1643350766058624
United States,Aggregated,2015-03,-1.4170093188919033
United States,Aggregated,2015-04,-1.2409023506005603
United States,Aggregated,2015-05,-1.4508357545838546
United States,Aggregated,2015-06,0.29162268430652283
United States,Aggregated,2015-07,2.4324164916185964
United States,Aggregated,2015-08,1.891412085241523
United States,Aggregated,2015-09,-0.05720854099961237
United States,Aggregated,2015-10,0.8825764355888222
United States,Aggregated,2015-11,-0.5829326218795181
United States,Aggregated,2015-12,0.45200487815368184
United States,Aggregated,2016-01,1.017470444441587
United States,Aggregated,2016-02,0.6218829889854014
United States,Aggregated,2016-03,-0.38898483711432164
United States,Aggregated,2016-04,0.5693939749161547
United States,Aggregated,2016-05,1.1707189153171225
United States,Aggregated,2016-06,-1.246078272151724
United States,Aggregated,2016-07,0.0831825758639404
United States,Aggregated,2016-08,-0.7504125488032809
United States,Aggregated,2016-09,-0.2711657036570472
United States,Aggregated,2016-10,1.0220351878132288
United States,Aggregated,2016-11,0.4055562291409558
United States,Aggregated,2016-12,-0.1827759217788376
United States,Aggregated,2017-01,-1.994714910627284
United States,Aggregated,2017-02,0.3455812759288168
United States,Aggregated,2017-03,0.47684471732546285
United States,Aggregated,2017-04,0.6667793114831273
United States,Aggregated,2017-05,-0.13563832031785594
United States,Aggregated,2017-06,-1.7053953245037619
United States,Aggregated,2017-07,-0.6755944078588687
United States,Aggregated,2017-08,-0.3630696364481256
United States,Aggregated,2017-09,0.2222908407569104
United States,Aggregated,2017-10,0.4721674101199156
United States,Aggregated,2017-11,0.2467908568462498
United States,Aggregated,2017-12,0.37082616590410744
United States,Aggregated,2018-01,-1.6237578784945033
United States,Aggregated,2018-02,-0.5594616448189225
United States,Aggregated,2018-03,-1.5920189977676156
United States,Aggregated,2018-04,-2.4103895011886607
United States,Aggregated,2018-05,-0.24645730400686894
United States,Aggregated,2018-06,-0.8725331938482785
United States,Aggregated,2018-07,-2.659568362840817
United States,Aggregated,2018-08,-1.7496904630941028
United States,Aggregated,2018-09,-1.7788746237586963
United States,Aggregated,2018-10,-0.2895179939009562
United States,Aggregated,2018-11,-0.8830634745180621
United States,Aggregated,2018-12,-1.2553258612674796
United States,Aggregated,2019-01,0.19142868934122603
United States,Aggregated,2019-02,1.3371244339083077
United States,Aggregated,2019-03,-0.31576487227451366
United States,CHN->Partner,2002-01,0.3060235778614526
United States,CHN->Partner,2002-02,1.1669389106651682
United States,CHN->Partner,2002-03,0.648169204725006
United States,CHN->Partner,2002-04,0.8854275921291652
United States,CHN->Partner,2002-05,1.7370185612343914
United States,CHN->Partner,2002-06,1.1024572122586722
United States,CHN->Partner,2002-07,3.1606732719310298
United States,CHN->Partner,2002-08,1.3290905879818542
United States,CHN->Partner,2002-09,1.6087387593074318
United States,CHN->Partner,2002-10,3.3248151841099443
United States,CHN->Partner,2002-11,-0.30458222094166487
United States,CHN->Partner,2002-12,2.371899399621503
United States,CHN->Partner,2003-01,1.7429208065610329
United States,CHN->Partner,2003-02,0.0045273050851193375
United States,CHN->Partner,2003-03,0.5341599391637093
United States,CHN->Partner,2003-04,1.9348560623158981
United States,CHN->Partner,2003-05,2.176765687442499
United States,CHN->Partner,2003-06,1.322729085541205
United States,CHN->Partner,2003-07,0.25218583822953455
United States,CHN->Partner,2003-08,2.1861855119960723
United States,CHN->Partner,2003-09,2.1215096943351384
United States,CHN->Partner,2003-10,1.1261881209883455
United States,CHN->Partner,2003-11,-0.32552284852274127
United States,CHN->Partner,2003-12,1.7669850319176348
United States,CHN->Partner,2004-01,2.219011658755022
United States,CHN->Partner,2004-02,3.01529471003235
United States,CHN->Partner,2004-03,1.1587502769294442
United States,CHN->Partner,2004-04,0.0626701910627574
United States,CHN->Partner,2004-05,1.4531102649987346
United States,CHN->Partner,2004-06,0.9766262992927661
United States,CHN->Partner,2004-07,-0.493592262889468
United States,CHN->Partner,2004-08,0.9535599976705367
United States,CHN->Partner,2004-09,2.0704329590534076
United States,CHN->Partner,2004-10,1.4691443725056796
United States,CHN->Partner,2004-11,1.3421058414189826
United States,CHN->Partner,2004-12,0.9009438011148081
United States,CHN->Partner,2005-01,2.3681403455030665
United States,CHN->Partner,2005-02,1.5841983807576074
United States,CHN->Partner,2005-03,1.8373721841294675
United States,CHN->Partner,2005-04,1.8795315565729283
United States,CHN->Partner,2005-05,0.5453948044567181
United States,CHN->Partner,2005-06,1.7983334135643165
United States,CHN->Partner,2005-07,1.4798609675266512
United States,CHN->Partner,2005-08,1.7652874371750436
United States,CHN->Partner,2005-09,2.8852875136599945
United States,CHN->Partner,2005-10,2.9619168352885215
United States,CHN->Partner,2005-11,1.8656669385459885
United States,CHN->Partner,2005-12,3.0261939361589594
United States,CHN->Partner,2006-01,2.9182433752693786
United States,CHN->Partner,2006-02,3.029940097431366
United States,CHN->Partner,2006-03,0.6743691811568375
United States,CHN->Partner,2006-04,2.844217168931861
United States,CHN->Partner,2006-05,1.4287764789756316
United States,CHN->Partner,2006-06,1.4515891861156085
United States,CHN->Partner,2006-07,2.1655523290057026
United States,CHN->Partner,2006-08,2.2387854694864746
United States,CHN->Partner,2006-09,0.5029571482404336
United States,CHN->Partner,2006-10,0.02460410843133687
United States,CHN->Partner,2006-11,2.0561832140469765
United States,CHN->Partner,2006-12,2.1492912200054644
United States,CHN->Partner,2007-01,1.0362870150630332
United States,CHN->Partner,2007-02,2.4239493755539616
United States,CHN->Partner,2007-03,0.9520296446123773
United States,CHN->Partner,2007-04,0.44115455795654235
United States,CHN->Partner,2007-05,2.3520864173399936
United States,CHN->Partner,2007-06,2.1561043563091076
United States,CHN->Partner,2007-07,0.2643904148312384
United States,CHN->Partner,2007-08,1.7291007844341042
United States,CHN->Partner,2007-09,1.2524214729110241
United States,CHN->Partner,2007-10,1.6749060666107702
United States,CHN->Partner,2007-11,1.405324338564096
United States,CHN->Partner,2007-12,3.3325985972151475
United States,CHN->Partner,2008-01,2.2437688345605853
United States,CHN->Partner,2008-02,2.155161808951986
United States,CHN->Partner,2008-03,2.8452963954527792
United States,CHN->Partner,2008-04,1.5887825189938454
United States,CHN->Partner,2008-05,2.3052116172758073
United States,CHN->Partner,2008-06,2.332871323914258
United States,CHN->Partner,2008-07,1.775484657303057
United States,CHN->Partner,2008-08,-1.9743449764147467
United States,CHN->Partner,2008-09,2.68453145033903
United States,CHN->Partner,2008-10,0.7899981808630585
United States,CHN->Partner,2008-11,1.80987590892191
United States,CHN->Partner,2008-12,0.003887464594150458
United States,CHN->Partner,2009-01,1.0133525856849541
United States,CHN->Partner,2009-02,0.5614179180788721
United States,CHN->Partner,2009-03,0.16538564193339234
United States,CHN->Partner,2009-04,2.155208727097607
United States,CHN->Partner,2009-05,1.6576820138540018
United States,CHN->Partner,2009-06,1.4389191821963898
United States,CHN->Partner,2009-07,2.0612170479831313
United States,CHN->Partner,2009-08,0.10886641498932725
United States,CHN->Partner,2009-09,1.2517269483140403
United States,CHN->Partner,2009-10,-1.2446584956147237
United States,CHN->Partner,2009-11,1.4041223910359228
United States,CHN->Partner,2009-12,0.9563300731438957
United States,CHN->Partner,2010-01,-0.7416381480562837
United States,CHN->Partner,2010-02,0.937660360583596
United States,CHN->Partner,2010-03,1.5095535138219613
United States,CHN->Partner,2010-04,1.8666423133087946
United States,CHN->Partner,2010-05,2.720400966582323
United States,CHN->Partner,2010-06,0.024898135801771915
United States,CHN->Partner,2010-07,0.31537725472295186
United States,CHN->Partner,2010-08,-1.3778844762758844
United States,CHN->Partner,2010-09,0.2493113015558226
United States,CHN->Partner,2010-10,0.5587319273660114
United States,CHN->Partner,2010-11,0.6672053568019702
United States,CHN->Partner,2010-12,2.5591789422884563
United States,CHN->Partner,2011-01,2.362308037282242
United States,CHN->Partner,2011-02,1.167366570637471
United States,CHN->Partner,2011-03,3.4589742010084397
United States,CHN->Partner,2011-04,1.695781045357574
United States,CHN->Partner,2011-05,0.899809661121564
United States,CHN->Partner,2011-06,0.8330259731260785
United States,CHN->Partner,2011-07,1.725293127379338
United States,CHN->Partner,2011-08,1.411689910589093
United States,CHN->Partner,2011-09,0.8693482278323774
United States,CHN->Partner,2011-10,-0.5327452916678048
United States,CHN->Partner,2011-11,1.777796300687374
United States,CHN->Partner,2011-12,1.1545322675948508
United States,CHN->Partner,2012-01,1.7729626264928076
United States,CHN->Partner,2012-02,-0.7955460377550612
United States,CHN->Partner,2012-03,0.5276170827854312
United States,CHN->Partner,2012-04,0.4138996684816707
United States,CHN->Partner,2012-05,1.7241964490100141
United States,CHN->Partner,2012-06,0.345503959197595
United States,CHN->Partner,2012-07,0.7998851569161651
United States,CHN->Partner,2012-08,-0.44287956237004167
United States,CHN->Partner,2012-09,-0.08146918421991778
United States,CHN->Partner,2012-10,0.43386714513074587
United States,CHN->Partner,2012-11,-0.9416315598248577
United States,CHN->Partner,2012-12,1.319772583808529
United States,CHN->Partner,2013-01,0.8503619601573043
United States,CHN->Partner,2013-02,-0.38247915307297653
United States,CHN->Partner,2013-03,0.13179745301397716
United States,CHN->Partner,2013-04,1.2370319986880762
United States,CHN->Partner,2013-05,0.3423233201591902
United States,CHN->Partner,2013-06,1.3696088559866961
United States,CHN->Partner,2013-07,-0.3518669930628775
United States,CHN->Partner,2013-08,0.46263706966274754
United States,CHN->Partner,2013-09,1.7866969555064731
United States,CHN->Partner,2013-10,-0.11830595053758408
United States,CHN->Partner,2013-11,-1.5080359737209896
United States,CHN->Partner,2013-12,1.2984991929048526
United States,CHN->Partner,2014-01,1.0542717820113765
United States,CHN->Partner,2014-02,2.128640925065584
United States,CHN->Partner,2014-03,0.8678733111136232
United States,CHN->Partner,2014-04,-0.01672534949578086
United States,CHN->Partner,2014-05,-0.292464099556744
United States,CHN->Partner,2014-06,-0.6666666666666643
United States,CHN->Partner,2014-07,1.5992172437352234
United States,CHN->Partner,2014-08,-0.3329494011074434
United States,CHN->Partner,2014-09,0.6409987579590251
United States,CHN->Partner,2014-10,0.7950737113240081
United States,CHN->Partner,2014-11,2.2472169579977574
United States,CHN->Partner,2014-12,0.9259404412303329
United States,CHN->Partner,2015-01,2.9029001661765452
United States,CHN->Partner,2015-02,2.3141395058088037
United States,CHN->Partner,2015-03,-1.6363636363636367
United States,CHN->Partner,2015-04,0.1307360952579888
United States,CHN->Partner,2015-05,-1.3310890139115017
United States,CHN->Partner,2015-06,1.3239237804078083
United States,CHN->Partner,2015-07,2.956479563038286
United States,CHN->Partner,2015-08,1.8749315328035259
United States,CHN->Partner,2015-09,1.4349880681416511
United States,CHN->Partner,2015-10,1.108731239444019
United States,CHN->Partner,2015-11,-0.5730240901667987
United States,CHN->Partner,2015-12,0.6466370723372261
United States,CHN->Partner,2016-01,2.6808903198229324
United States,CHN->Partner,2016-02,1.1218647734951794
United States,CHN->Partner,2016-03,-1.6696294384527253
United States,CHN->Partner,2016-04,0.25226827087435133
United States,CHN->Partner,2016-05,1.8547954418733816
United States,CHN->Partner,2016-06,-0.5101758243826549
United States,CHN->Partner,2016-07,0.7951790256207971
United States,CHN->Partner,2016-08,-0.2924076995261764
United States,CHN->Partner,2016-09,-0.07332164685644749
United States,CHN->Partner,2016-10,1.881822706883863
United States,CHN->Partner,2016-11,1.2979875110705787
United States,CHN->Partner,2016-12,0.38343440716064237
United States,CHN->Partner,2017-01,-1.424124876237176
United States,CHN->Partner,2017-02,-0.12925756582491843
United States,CHN->Partner,2017-03,0.3767326868251679
United States,CHN->Partner,2017-04,0.26281090908767624
United States,CHN->Partner,2017-05,0.8839332627510164
United States,CHN->Partner,2017-06,-1.5390824663633484
United States,CHN->Partner,2017-07,-0.7661639006458252
United States,CHN->Partner,2017-08,-0.5701198867141475
United States,CHN->Partner,2017-09,0.788938936290144
United States,CHN->Partner,2017-10,0.45823177378360924
United States,CHN->Partner,2017-11,0.6790970925962618
United States,CHN->Partner,2017-12,1.0810604790235345
United States,CHN->Partner,2018-01,-1.9685434701944438
United States,CHN->Partner,2018-02,0.4682917873523955
United States,CHN->Partner,2018-03,-1.5518619266677138
United States,CHN->Partner,2018-04,-3.006128747902083
United States,CHN->Partner,2018-05,0.11701561826643037
United States,CHN->Partner,2018-06,-0.2660914313598788
United States,CHN->Partner,2018-07,-2.674655840744043
United States,CHN->Partner,2018-08,-2.0866321116866438
United States,CHN->Partner,2018-09,-0.5851636790638413
United States,CHN->Partner,2018-10,-0.6166067853741115
United States,CHN->Partner,2018-11,-0.17950156222265257
United States,CHN->Partner,2018-12,-0.38119136570519885
United States,CHN->Partner,2019-01,0.08113849039403931
United States,CHN->Partner,2019-02,1.4271972763631364
United States,CHN->Partner,2019-03,1.4349928774784217
United States,Partner->CHN,2002-01,0.8833623804605271
United States,Partner->CHN,2002-02,1.922720876907043
United States,Partner->CHN,2002-03,2.7768069128858635
United States,Partner->CHN,2002-04,3.060017574914557
United States,Partner->CHN,2002-05,-0.028186202610342548
United States,Partner->CHN,2002-06,2.3619593291514356
United States,Partner->CHN,2002-07,1.28435899084778
United States,Partner->CHN,2002-08,-1.756611299737239
United States,Partner->CHN,2002-09,0.9709706400295435
United States,Partner->CHN,2002-10,2.6343917201732996
United States,Partner->CHN,2002-11,1.2039205714913077
United States,Partner->CHN,2002-12,3.197469804053485
United States,Partner->CHN,2003-01,1.8384614217234052
United States,Partner->CHN,2003-02,1.8401354451168768
United States,Partner->CHN,2003-03,-0.15481538669741646
United States,Partner->CHN,2003-04,1.0150003375691004
United States,Partner->CHN,2003-05,0.3670019258569486
United States,Partner->CHN,2003-06,1.8786811686559108
United States,Partner->CHN,2003-07,1.228407582350366
United States,Partner->CHN,2003-08,1.195565581146555
United States,Partner->CHN,2003-09,2.391794055883059
United States,Partner->CHN,2003-10,1.0311854881015527
United States,Partner->CHN,2003-11,2.025812740175448
United States,Partner->CHN,2003-12,1.7608017960356204
United States,Partner->CHN,2004-01,2.158321710184129
United States,Partner->CHN,2004-02,1.4022117592806715
United States,Partner->CHN,2004-03,0.6355402402325581
United States,Partner->CHN,2004-04,0.5341943535417286
United States,Partner->CHN,2004-05,2.4924975265014098
United States,Partner->CHN,2004-06,1.2040439264375031
United States,Partner->CHN,2004-07,1.598662131376587
United States,Partner->CHN,2004-08,2.41820320957739
United States,Partner->CHN,2004-09,1.9668736752235976
United States,Partner->CHN,2004-10,1.8555571101423833
United States,Partner->CHN,2004-11,1.198237503151299
United States,Partner->CHN,2004-12,0.3622245049147512
United States,Partner->CHN,2005-01,1.97978188509909
United States,Partner->CHN,2005-02,1.4950673607801104
United States,Partner->CHN,2005-03,0.24391289397284588
United States,Partner->CHN,2005-04,0.8153718644292454
United States,Partner->CHN,2005-05,0.09890268742909747
United States,Partner->CHN,2005-06,-1.0135904817986887
United States,Partner->CHN,2005-07,1.4211424814797553
United States,Partner->CHN,2005-08,2.2598103252305783
United States,Partner->CHN,2005-09,1.3130158047244862
United States,Partner->CHN,2005-10,2.449456277355475
United States,Partner->CHN,2005-11,1.5305918208745783
United States,Partner->CHN,2005-12,-0.963611786190917
United States,Partner->CHN,2006-01,1.0986834788725286
United States,Partner->CHN,2006-02,1.3893829240547344
United States,Partner->CHN,2006-03,-0.7024638571691675
United States,Partner->CHN,2006-04,1.9966530893374639
United States,Partner->CHN,2006-05,0.6011332341948172
United States,Partner->CHN,2006-06,0.16931218719389562
United States,Partner->CHN,2006-07,1.3618367177758763
United States,Partner->CHN,2006-08,1.5062929050574496
United States,Partner->CHN,2006-09,0.7029030138518753
United States,Partner->CHN,2006-10,1.6755779256688754
United States,Partner->CHN,2006-11,1.4280803406690303
United States,Partner->CHN,2006-12,0.9333102846661223
United States,Partner->CHN,2007-01,0.7179562792383773
United States,Partner->CHN,2007-02,1.7773176461830484
United States,Partner->CHN,2007-03,2.5033930870713057
United States,Partner->CHN,2007-04,-0.7825883330240764
United States,Partner->CHN,2007-05,1.5445314811150208
United States,Partner->CHN,2007-06,0.05289921465600145
United States,Partner->CHN,2007-07,0.35550796499527415
United States,Partner->CHN,2007-08,2.1181799254437443
United States,Partner->CHN,2007-09,0.3989045721235449
United States,Partner->CHN,2007-10,1.4462398713499276
United States,Partner->CHN,2007-11,0.8192561664761158
United States,Partner->CHN,2007-12,2.0854489535522927
United States,Partner->CHN,2008-01,2.203273009318492
United States,Partner->CHN,2008-02,1.0282988352090712
United States,Partner->CHN,2008-03,1.2519980377882263
United States,Partner->CHN,2008-04,0.13785990372459445
United States,Partner->CHN,2008-05,1.5166404544550716
United States,Partner->CHN,2008-06,1.1480856708801728
United States,Partner->CHN,2008-07,0.18990666219106878
United States,Partner->CHN,2008-08,1.0491790432918968
United States,Partner->CHN,2008-09,1.2868495667745172
United States,Partner->CHN,2008-10,2.5230450579580204
United States,Partner->CHN,2008-11,1.13470290136633
United States,Partner->CHN,2008-12,2.081596914381622
United States,Partner->CHN,2009-01,1.0808787334953465
United States,Partner->CHN,2009-02,1.1685402902802604
United States,Partner->CHN,2009-03,1.473527803039289
United States,Partner->CHN,2009-04,1.212696822431889
United States,Partner->CHN,2009-05,1.4474018093125967
United States,Partner->CHN,2009-06,0.5780729111023444
United States,Partner->CHN,2009-07,0.8541657719142606
United States,Partner->CHN,2009-08,1.8714491611822641
United States,Partner->CHN,2009-09,2.240385715340526
United States,Partner->CHN,2009-10,1.375641491402165
United States,Partner->CHN,2009-11,0.8003670701054553
United States,Partner->CHN,2009-12,-0.7906896594534469
United States,Partner->CHN,2010-01,-0.10699628850859888
United States,Partner->CHN,2010-02,0.355584601713689
United States,Partner->CHN,2010-03,-0.18416565837359045
United States,Partner->CHN,2010-04,2.092430822887847
United States,Partner->CHN,2010-05,1.1363124268971205
United States,Partner->CHN,2010-06,1.068792121320854
United States,Partner->CHN,2010-07,1.0195747618064672
United States,Partner->CHN,2010-08,-0.7763919548062326
United States,Partner->CHN,2010-09,0.45081358598878474
United States,Partner->CHN,2010-10,-0.6562613466930305
United States,Partner->CHN,2010-11,1.8145468954924144
United States,Partner->CHN,2010-12,-0.016633505732977838
United States,Partner->CHN,2011-01,1.5103058056948804
United States,Partner->CHN,2011-02,0.9604888447749467
United States,Partner->CHN,2011-03,1.6811118734221502
United States,Partner->CHN,2011-04,0.9353623803264401
United States,Partner->CHN,2011-05,0.06632373872062125
United States,Partner->CHN,2011-06,-1.274323390520932
United States,Partner->CHN,2011-07,1.3719909276408053
United States,Partner->CHN,2011-08,0.9266167181230092
United States,Partner->CHN,2011-09,-0.08980032499568757
United States,Partner->CHN,2011-10,1.620778863439357
United States,Partner->CHN,2011-11,1.4423970497028566
United States,Partner->CHN,2011-12,1.4481870855528918
United States,Partner->CHN,2012-01,-0.23716381474706338
United States,Partner->CHN,2012-02,0.9769508889556899
United States,Partner->CHN,2012-03,2.4407239413028474
United States,Partner->CHN,2012-04,0.44777681718220386
United States,Partner->CHN,2012-05,0.873459034346391
United States,Partner->CHN,2012-06,1.3607456048147544
United States,Partner->CHN,2012-07,0.8550259636801556
United States,Partner->CHN,2012-08,-0.5653440947163269
United States,Partner->CHN,2012-09,-1.0821658531725316
United States,Partner->CHN,2012-10,0.5956498206751757
United States,Partner->CHN,2012-11,-0.5880545122191982
United States,Partner->CHN,2012-12,0.20551037123666127
United States,Partner->CHN,2013-01,2.239800507942565
United States,Partner->CHN,2013-02,-0.6937806999419998
United States,Partner->CHN,2013-03,1.4673831211330395
United States,Partner->CHN,2013-04,1.8189228852607595
United States,Partner->CHN,2013-05,0.19328218393489394
United States,Partner->CHN,2013-06,0.646234596749867
United States,Partner->CHN,2013-07,1.8159830402092272
United States,Partner->CHN,2013-08,2.4775196922576246
United States,Partner->CHN,2013-09,1.3263342239607763
United States,Partner->CHN,2013-10,-0.1953023610666751
United States,Partner->CHN,2013-11,1.9177431411655128
United States,Partner->CHN,2013-12,-0.2473072509120211
United States,Partner->CHN,2014-01,0.2660462855005825
United States,Partner->CHN,2014-02,1.8708632328988148
United States,Partner->CHN,2014-03,1.9176396022237192
United States,Partner->CHN,2014-04,0.7679158677863605
United States,Partner->CHN,2014-05,-2.5624811075220304
United States,Partner->CHN,2014-06,0.8262958180500313
United States,Partner->CHN,2014-07,0.899820917143904
United States,Partner->CHN,2014-08,0.3971045147317209
United States,Partner->CHN,2014-09,1.4619170788240723
United States,Partner->CHN,2014-10,2.3566163271709666
United States,Partner->CHN,2014-11,1.9300329108981007
United States,Partner->CHN,2014-12,3.2521058489479664
United States,Partner->CHN,2015-01,3.822837017563863
United States,Partner->CHN,2015-02,1.795484821284397
United States,Partner->CHN,2015-03,-0.8001899426765711
United States,Partner->CHN,2015-04,-0.3135199985610164
United States,Partner->CHN,2015-05,-0.693014387986036
United States,Partner->CHN,2015-06,0.5994569453179963
United States,Partner->CHN,2015-07,1.9560772093574634
United States,Partner->CHN,2015-08,2.1134090507939334
United States,Partner->CHN,2015-09,-1.1109849126324924
United States,Partner->CHN,2015-10,0.5650239939165314
United States,Partner->CHN,2015-11,0.7236027026532899
United States,Partner->CHN,2015-12,0.9460049102249499
United States,Partner->CHN,2016-01,0.610473573476753
United States,Partner->CHN,2016-02,0.2831563512201747
United States,Partner->CHN,2016-03,0.6838163660285268
United States,Partner->CHN,2016-04,1.650543881660182
United States,Partner->CHN,2016-05,0.449475459586159
United States,Partner->CHN,2016-06,0.17813539979460735
United States,Partner->CHN,2016-07,-0.43332029084398194
United States,Partner->CHN,2016-08,-0.6020971311021963
United States,Partner->CHN,2016-09,1.123886651434928
United States,Partner->CHN,2016-10,0.7730126785667384
United States,Partner->CHN,2016-11,-0.11056221697751134
United States,Partner->CHN,2016-12,0.26303978838649655
United States,Partner->CHN,2017-01,-1.6491534375381285
United States,Partner->CHN,2017-02,1.1080598795181213
United States,Partner->CHN,2017-03,0.45637763254089947
United States,Partner->CHN,2017-04,1.8379893028744867
United States,Partner->CHN,2017-05,-0.2273551831632048
United States,Partner->CHN,2017-06,-0.31870696113119834
United States,Partner->CHN,2017-07,0.40171901856912307
United States,Partner->CHN,2017-08,-0.3068216335360425
United States,Partner->CHN,2017-09,0.4497863313569006
United States,Partner->CHN,2017-10,2.2953414361827438
United States,Partner->CHN,2017-11,-0.4961039856826712
United States,Partner->CHN,2017-12,-0.19641254922789741
United States,Partner->CHN,2018-01,-0.35331306005252827
United States,Partner->CHN,2018-02,-1.3659747556353015
United States,Partner->CHN,2018-03,-0.5435439079218121
United States,Partner->CHN,2018-04,-1.0346628918173515
United States,Partner->CHN,2018-05,0.46222670054083714
United States,Partner->CHN,2018-06,-0.999701300085313
United States,Partner->CHN,2018-07,-2.3565881160379956
United States,Partner->CHN,2018-08,-0.20138006089379346
United States,Partner->CHN,2018-09,-2.1991139913876214
United States,Partner->CHN,2018-10,-0.22821953354650049
United States,Partner->CHN,2018-11,0.15044292425821304
United States,Partner->CHN,2018-12,-1.5719069531865255
United States,Partner->CHN,2019-01,0.8826920704511068
United States,Partner->CHN,2019-02,1.2240715303972625
United States,Partner->CHN,2019-03,-7.0
Vietnam,Aggregated,2002-01,0.714101615137757
Vietnam,Aggregated,2002-02,3.3961414223944733
Vietnam,Aggregated,2002-03,3.982234021006793
Vietnam,Aggregated,2002-04,2.908567465248595
Vietnam,Aggregated,2002-05,4.632706343315755
Vietnam,Aggregated,2002-06,3.649319680791262
Vietnam,Aggregated,2002-07,3.4587139566167906
Vietnam,Aggregated,2002-08,1.7763568394002505e-15
Vietnam,Aggregated,2002-09,-0.037933584252996866
Vietnam,Aggregated,2002-10,1.7499999999999964
Vietnam,Aggregated,2002-11,4.633333333333336
Vietnam,Aggregated,2002-12,2.5
Vietnam,Aggregated,2003-01,1.2069469814064284
Vietnam,Aggregated,2003-02,1.597234250353667
Vietnam,Aggregated,2003-03,2.0
Vietnam,Aggregated,2003-04,1.2368902652066076
Vietnam,Aggregated,2003-05,4.0
Vietnam,Aggregated,2003-06,3.5050134385329983
Vietnam,Aggregated,2003-07,1.9000000000000004
Vietnam,Aggregated,2003-08,2.0828616016811896
Vietnam,Aggregated,2003-09,2.6139610306789223
Vietnam,Aggregated,2003-10,2.5045283082341463
Vietnam,Aggregated,2003-11,2.4000000000000004
Vietnam,Aggregated,2003-12,3.0999999999999996
Vietnam,Aggregated,2004-01,-1.5250000000000004
Vietnam,Aggregated,2004-02,3.0538341706352945
Vietnam,Aggregated,2004-03,-2.3287932126188746
Vietnam,Aggregated,2004-04,2.693601508306916
Vietnam,Aggregated,2004-05,3.25
Vietnam,Aggregated,2004-06,2.885171252098214
Vietnam,Aggregated,2004-07,-1.1473635469263783
Vietnam,Aggregated,2004-08,4.133333333333331
Vietnam,Aggregated,2004-09,2.018510020183328
Vietnam,Aggregated,2004-10,3.2517545232591356
Vietnam,Aggregated,2004-11,1.0856285513214399
Vietnam,Aggregated,2004-12,3.299999999999999
Vietnam,Aggregated,2005-01,3.3999999999999986
Vietnam,Aggregated,2005-02,-1.7000000000000028
Vietnam,Aggregated,2005-03,5.0781810135354135
Vietnam,Aggregated,2005-04,0.40000000000000036
Vietnam,Aggregated,2005-05,1.9000000000000004
Vietnam,Aggregated,2005-06,5.5
Vietnam,Aggregated,2005-07,2.922218232245447
Vietnam,Aggregated,2005-08,3.7500000000000018
Vietnam,Aggregated,2005-09,-2.400000000000002
Vietnam,Aggregated,2005-10,2.6544613917495514
Vietnam,Aggregated,2005-11,3.870195412412741
Vietnam,Aggregated,2005-12,3.2556124946083944
Vietnam,Aggregated,2006-01,4.690402262460376
Vietnam,Aggregated,2006-02,2.7004253864841843
Vietnam,Aggregated,2006-03,2.827039818323879
Vietnam,Aggregated,2006-04,0.4078716844908108
Vietnam,Aggregated,2006-05,4.614285714285714
Vietnam,Aggregated,2006-06,4.146414223413796
Vietnam,Aggregated,2006-07,1.0138728447234833
Vietnam,Aggregated,2006-08,1.8983941494037726
Vietnam,Aggregated,2006-09,3.019357203027008
Vietnam,Aggregated,2006-10,0.8897692171126295
Vietnam,Aggregated,2006-11,3.2297552288941525
Vietnam,Aggregated,2006-12,3.5
Vietnam,Aggregated,2007-01,1.1141378582540842
Vietnam,Aggregated,2007-02,2.6139610306789223
Vietnam,Aggregated,2007-03,4.239807427784633
Vietnam,Aggregated,2007-04,4.013805867875567
Vietnam,Aggregated,2007-05,3.2927333535648007
Vietnam,Aggregated,2007-06,1.0
Vietnam,Aggregated,2007-07,3.333333333333334
Vietnam,Aggregated,2007-08,0.40106680932485617
Vietnam,Aggregated,2007-09,3.799999999999997
Vietnam,Aggregated,2007-10,3.3004137546383294
Vietnam,Aggregated,2007-11,2.3291990469089576
Vietnam,Aggregated,2007-12,5.700000000000003
Vietnam,Aggregated,2008-01,0.8332278235441937
Vietnam,Aggregated,2008-02,-1.1499999999999986
Vietnam,Aggregated,2008-03,2.0529763220352937
Vietnam,Aggregated,2008-04,2.4804002499213222
Vietnam,Aggregated,2008-05,-0.464342752686667
Vietnam,Aggregated,2008-06,3.5944245079316097
Vietnam,Aggregated,2008-07,-2.331498031497045
Vietnam,Aggregated,2008-08,4.0
Vietnam,Aggregated,2008-09,2.481137733232286
Vietnam,Aggregated,2008-10,2.030168851199237
Vietnam,Aggregated,2008-11,2.4570052062370973
Vietnam,Aggregated,2008-12,-1.636798060748248
Vietnam,Aggregated,2009-01,2.333333333333334
Vietnam,Aggregated,2009-02,-0.1666666666666643
Vietnam,Aggregated,2009-03,2.6714624420148176
Vietnam,Aggregated,2009-04,2.0620413783492086
Vietnam,Aggregated,2009-05,1.7447783590291923
Vietnam,Aggregated,2009-06,2.015150993045488
Vietnam,Aggregated,2009-07,-4.6
Vietnam,Aggregated,2009-08,2.724999999999998
Vietnam,Aggregated,2009-09,2.1999999999999993
Vietnam,Aggregated,2009-10,2.2288805400494045
Vietnam,Aggregated,2009-11,2.286686599132075
Vietnam,Aggregated,2009-12,3.2293943645118794
Vietnam,Aggregated,2010-01,-0.0245343596778671
Vietnam,Aggregated,2010-02,2.4760266448864474
Vietnam,Aggregated,2010-03,2.8463203435596434
Vietnam,Aggregated,2010-04,2.2297417771637527
Vietnam,Aggregated,2010-05,0.3184199576606179
Vietnam,Aggregated,2010-06,6.0
Vietnam,Aggregated,2010-07,2.635701927792967
Vietnam,Aggregated,2010-08,1.6162384350387367
Vietnam,Aggregated,2010-09,2.1988418756771537
Vietnam,Aggregated,2010-10,1.2856925828664494
Vietnam,Aggregated,2010-11,2.5099247982516655
Vietnam,Aggregated,2010-12,0.9395980708777696
Vietnam,Aggregated,2011-01,3.6788432614559046
Vietnam,Aggregated,2011-02,3.804743995814416
Vietnam,Aggregated,2011-03,-1.1666666666666679
Vietnam,Aggregated,2011-04,0.8484887974880237
Vietnam,Aggregated,2011-05,-0.9071460386072321
Vietnam,Aggregated,2011-06,-3.8722890159776338
Vietnam,Aggregated,2011-07,-2.440095732869869
Vietnam,Aggregated,2011-08,1.0208600314662224
Vietnam,Aggregated,2011-09,1.853767730881474
Vietnam,Aggregated,2011-10,2.7670540187526136
Vietnam,Aggregated,2011-11,2.6666666666666643
Vietnam,Aggregated,2011-12,2.654643909702168
Vietnam,Aggregated,2012-01,3.724999999999998
Vietnam,Aggregated,2012-02,2.360603393690564
Vietnam,Aggregated,2012-03,0.4903495762398773
Vietnam,Aggregated,2012-04,-0.6319578058114246
Vietnam,Aggregated,2012-05,-1.9999999999999982
Vietnam,Aggregated,2012-06,2.7500000000000018
Vietnam,Aggregated,2012-07,-0.48881431660564445
Vietnam,Aggregated,2012-08,-1.3551053246787568
Vietnam,Aggregated,2012-09,-2.149999999999997
Vietnam,Aggregated,2012-10,1.5000000000000018
Vietnam,Aggregated,2012-11,0.550354902463809
Vietnam,Aggregated,2012-12,0.29217091820264685
Vietnam,Aggregated,2013-01,-0.7322069516663454
Vietnam,Aggregated,2013-02,5.199999999999996
Vietnam,Aggregated,2013-03,-0.13497980336257775
Vietnam,Aggregated,2013-04,0.5333333333333314
Vietnam,Aggregated,2013-05,1.799999999999999
Vietnam,Aggregated,2013-06,-0.19598157918607484
Vietnam,Aggregated,2013-07,-4.500000000000001
Vietnam,Aggregated,2013-08,1.9000000000000004
Vietnam,Aggregated,2013-09,5.199999999999996
Vietnam,Aggregated,2013-10,2.9434251687867956
Vietnam,Aggregated,2013-11,4.566666666666668
Vietnam,Aggregated,2013-12,1.138728462899394
Vietnam,Aggregated,2014-01,-1.1999999999999975
Vietnam,Aggregated,2014-02,3.5500000000000007
Vietnam,Aggregated,2014-03,-1.5999999999999979
Vietnam,Aggregated,2014-04,-10.0
Vietnam,Aggregated,2014-05,-3.070569239102646
Vietnam,Aggregated,2014-06,-3.6917584884033774
Vietnam,Aggregated,2014-07,-3.8156649326747836
Vietnam,Aggregated,2014-08,-2.690921950980975
Vietnam,Aggregated,2014-09,0.46666666666666323
Vietnam,Aggregated,2014-10,-0.45066551712514524
Vietnam,Aggregated,2014-11,1.5890974525532755
Vietnam,Aggregated,2014-12,1.0
Vietnam,Aggregated,2015-01,3.171206787381127
Vietnam,Aggregated,2015-02,-5.999999999999999
Vietnam,Aggregated,2015-03,-0.40000000000000036
Vietnam,Aggregated,2015-04,1.7343443010930333
Vietnam,Aggregated,2015-05,1.2527149739035899
Vietnam,Aggregated,2015-06,0.7013805077160153
Vietnam,Aggregated,2015-07,4.6999999999999975
Vietnam,Aggregated,2015-08,1.333333333333334
Vietnam,Aggregated,2015-09,2.1999999999999993
Vietnam,Aggregated,2015-10,-4.533333333333335
Vietnam,Aggregated,2015-11,-0.7406038585232846
Vietnam,Aggregated,2015-12,0.8333333333333339
Vietnam,Aggregated,2016-01,-0.9515748823410419
Vietnam,Aggregated,2016-02,-0.2502609867458645
Vietnam,Aggregated,2016-03,0.4999999999999982
Vietnam,Aggregated,2016-04,-3.554511533431789
Vietnam,Aggregated,2016-05,-2.9524137048036767
Vietnam,Aggregated,2016-06,2.654680575703514
Vietnam,Aggregated,2016-07,1.5825756949558372
Vietnam,Aggregated,2016-08,4.0
Vietnam,Aggregated,2016-09,0.22899306115040652
Vietnam,Aggregated,2016-10,-1.9999999999999982
Vietnam,Aggregated,2016-11,1.0
Vietnam,Aggregated,2016-12,0.6666666666666661
Vietnam,Aggregated,2017-01,3.1675600768424665
Vietnam,Aggregated,2017-02,2.1046809270279
Vietnam,Aggregated,2017-03,1.1215411311305346
Vietnam,Aggregated,2017-04,0.21215848076454868
Vietnam,Aggregated,2017-05,1.0922111139694461
Vietnam,Aggregated,2017-06,-0.6463719615945553
Vietnam,Aggregated,2017-07,-6.5
Vietnam,Aggregated,2017-08,3.1660599319569833
Vietnam,Aggregated,2017-09,6.0
Vietnam,Aggregated,2017-10,2.2725330622028093
Vietnam,Aggregated,2017-11,-0.6376391831019621
Vietnam,Aggregated,2017-12,-0.32357883062501
Vietnam,Aggregated,2018-01,1.7763568394002505e-15
Vietnam,Aggregated,2018-02,-4.999999999999999
Vietnam,Aggregated,2018-03,-8.776019909430683
Vietnam,Aggregated,2018-04,-0.8756514807889513
Vietnam,Aggregated,2018-05,0.7322913027208671
Vietnam,Aggregated,2018-06,2.9952353926806055
Vietnam,Aggregated,2018-07,3.147471191587414
Vietnam,Aggregated,2018-08,4.0
Vietnam,Aggregated,2018-09,-4.400000000000001
Vietnam,Aggregated,2018-10,2.3884827149524472
Vietnam,Aggregated,2018-11,0.8817678629191406
Vietnam,Aggregated,2018-12,-0.16900857626310284
Vietnam,Aggregated,2019-01,-1.1268585134400038
Vietnam,Aggregated,2019-02,-1.9999999999999982
Vietnam,Aggregated,2019-03,-3.018219539958671
Vietnam,CHN->Partner,2002-01,1.6188021535170076
Vietnam,CHN->Partner,2002-02,3.2589609043975116
Vietnam,CHN->Partner,2002-03,3.2469890082874606
Vietnam,CHN->Partner,2002-04,2.9542146675947976
Vietnam,CHN->Partner,2002-05,4.499999999999998
Vietnam,CHN->Partner,2002-06,3.831446406724748
Vietnam,CHN->Partner,2002-07,3.4885480092693424
Vietnam,CHN->Partner,2002-08,1.7763568394002505e-15
Vietnam,CHN->Partner,2002-09,-0.04115062226644284
Vietnam,CHN->Partner,2002-10,1.7499999999999964
Vietnam,CHN->Partner,2002-11,5.25
Vietnam,CHN->Partner,2002-12,3.506464076404013
Vietnam,CHN->Partner,2003-01,1.9500000000000028
Vietnam,CHN->Partner,2003-02,1.4659536337979358
Vietnam,CHN->Partner,2003-03,1.0
Vietnam,CHN->Partner,2003-04,0.3136191583362926
Vietnam,CHN->Partner,2003-05,4.0
Vietnam,CHN->Partner,2003-06,3.3213291365148514
Vietnam,CHN->Partner,2003-07,3.07521650710172
Vietnam,CHN->Partner,2003-08,2.833333333333332
Vietnam,CHN->Partner,2003-09,1.480502938311421
Vietnam,CHN->Partner,2003-10,2.9239622507691774
Vietnam,CHN->Partner,2003-11,2.4000000000000004
Vietnam,CHN->Partner,2003-12,3.0999999999999996
Vietnam,CHN->Partner,2004-01,-1.5250000000000004
Vietnam,CHN->Partner,2004-02,3.333333333333334
Vietnam,CHN->Partner,2004-03,1.9000000000000004
Vietnam,CHN->Partner,2004-04,2.650000000000002
Vietnam,CHN->Partner,2004-05,3.4749999999999996
Vietnam,CHN->Partner,2004-06,2.9166666666666643
Vietnam,CHN->Partner,2004-07,-0.2786796564403584
Vietnam,CHN->Partner,2004-08,5.25
Vietnam,CHN->Partner,2004-09,2.5774412384241234
Vietnam,CHN->Partner,2004-10,3.495344248546056
Vietnam,CHN->Partner,2004-11,1.1250000000000018
Vietnam,CHN->Partner,2004-12,3.299999999999999
Vietnam,CHN->Partner,2005-01,0.5321290315361953
Vietnam,CHN->Partner,2005-02,-1.7000000000000028
Vietnam,CHN->Partner,2005-03,6.0
Vietnam,CHN->Partner,2005-04,-1.6000000000000032
Vietnam,CHN->Partner,2005-05,1.9000000000000004
Vietnam,CHN->Partner,2005-06,6.0
Vietnam,CHN->Partner,2005-07,3.5582957135071425
Vietnam,CHN->Partner,2005-08,1.0
Vietnam,CHN->Partner,2005-09,5.199999999999996
Vietnam,CHN->Partner,2005-10,2.132313308505932
Vietnam,CHN->Partner,2005-11,4.121612222879774
Vietnam,CHN->Partner,2005-12,2.610466202999154
Vietnam,CHN->Partner,2006-01,4.7666666666666675
Vietnam,CHN->Partner,2006-02,2.706753340484015
Vietnam,CHN->Partner,2006-03,2.8266768553014714
Vietnam,CHN->Partner,2006-04,-0.3119417335716097
Vietnam,CHN->Partner,2006-05,3.1750000000000025
Vietnam,CHN->Partner,2006-06,3.110315801680567
Vietnam,CHN->Partner,2006-07,6.0
Vietnam,CHN->Partner,2006-08,2.786049348540116
Vietnam,CHN->Partner,2006-09,2.8369088104593043
Vietnam,CHN->Partner,2006-10,1.2666666666666693
Vietnam,CHN->Partner,2006-11,3.226341618561124
Vietnam,CHN->Partner,2006-12,3.5
Vietnam,CHN->Partner,2007-01,0.9666666666666668
Vietnam,CHN->Partner,2007-02,1.7279220613578534
Vietnam,CHN->Partner,2007-03,5.599999999999998
Vietnam,CHN->Partner,2007-04,4.012810974960235
Vietnam,CHN->Partner,2007-05,4.760138017427428
Vietnam,CHN->Partner,2007-06,2.7099555297623485
Vietnam,CHN->Partner,2007-07,0.9264742745408387
Vietnam,CHN->Partner,2007-08,-0.625
Vietnam,CHN->Partner,2007-09,2.5
Vietnam,CHN->Partner,2007-10,5.400000000000002
Vietnam,CHN->Partner,2007-11,1.8249999999999993
Vietnam,CHN->Partner,2007-12,5.700000000000003
Vietnam,CHN->Partner,2008-01,0.7799999999999994
Vietnam,CHN->Partner,2008-02,-2.666666666666668
Vietnam,CHN->Partner,2008-03,2.7311916252095827
Vietnam,CHN->Partner,2008-04,1.223357768586295
Vietnam,CHN->Partner,2008-05,4.294228634059948
Vietnam,CHN->Partner,2008-06,2.5503541935152416
Vietnam,CHN->Partner,2008-07,-4.3999999999999995
Vietnam,CHN->Partner,2008-08,-1.2696526872037843
Vietnam,CHN->Partner,2008-09,3.3454028526728106
Vietnam,CHN->Partner,2008-10,2.968184288711816
Vietnam,CHN->Partner,2008-11,4.181652035047824
Vietnam,CHN->Partner,2008-12,-0.09999999999999964
Vietnam,CHN->Partner,2009-01,0.4999999999999982
Vietnam,CHN->Partner,2009-02,3.5
Vietnam,CHN->Partner,2009-03,3.306145912096216
Vietnam,CHN->Partner,2009-04,3.5
Vietnam,CHN->Partner,2009-05,1.5666666666666664
Vietnam,CHN->Partner,2009-06,3.4333333333333353
Vietnam,CHN->Partner,2009-07,-9.2
Vietnam,CHN->Partner,2009-08,1.0
Vietnam,CHN->Partner,2009-09,1.9000000000000004
Vietnam,CHN->Partner,2009-10,3.0725357535018585
Vietnam,CHN->Partner,2009-11,3.1954857540335304
Vietnam,CHN->Partner,2009-12,2.699889623513833
Vietnam,CHN->Partner,2010-01,-3.358571571457148
Vietnam,CHN->Partner,2010-02,2.0
Vietnam,CHN->Partner,2010-03,4.949999999999999
Vietnam,CHN->Partner,2010-04,5.799999999999994
Vietnam,CHN->Partner,2010-05,0.3980249470757702
Vietnam,CHN->Partner,2010-06,1.4667586302083144
Vietnam,CHN->Partner,2010-07,2.635701927792967
Vietnam,CHN->Partner,2010-08,3.834025956712262
Vietnam,CHN->Partner,2010-09,2.485714285714282
Vietnam,CHN->Partner,2010-10,0.45915006116447543
Vietnam,CHN->Partner,2010-11,2.6590338686417123
Vietnam,CHN->Partner,2010-12,0.9018454946538501
Vietnam,CHN->Partner,2011-01,3.7350487685891416
Vietnam,CHN->Partner,2011-02,3.088311195024689
Vietnam,CHN->Partner,2011-03,7.9999999999999964
Vietnam,CHN->Partner,2011-04,1.097370287984102
Vietnam,CHN->Partner,2011-05,-1.465041133764533
Vietnam,CHN->Partner,2011-06,-4.343823231084211
Vietnam,CHN->Partner,2011-07,-2.0132535663431064
Vietnam,CHN->Partner,2011-08,1.1333333333333364
Vietnam,CHN->Partner,2011-09,1.853767730881474
Vietnam,CHN->Partner,2011-10,4.117236135865381
Vietnam,CHN->Partner,2011-11,4.999999999999998
Vietnam,CHN->Partner,2011-12,2.7958278961816063
Vietnam,CHN->Partner,2012-01,4.33333333333333
Vietnam,CHN->Partner,2012-02,2.25
Vietnam,CHN->Partner,2012-03,-0.5160840396002087
Vietnam,CHN->Partner,2012-04,0.2547012947258853
Vietnam,CHN->Partner,2012-05,1.4399414308300074
Vietnam,CHN->Partner,2012-06,2.7500000000000018
Vietnam,CHN->Partner,2012-07,-2.216666666666667
Vietnam,CHN->Partner,2012-08,-1.170622264524237
Vietnam,CHN->Partner,2012-09,1.7763568394002505e-15
Vietnam,CHN->Partner,2012-10,1.0
Vietnam,CHN->Partner,2012-11,3.5500000000000007
Vietnam,CHN->Partner,2012-12,-0.9999999999999982
Vietnam,CHN->Partner,2013-01,0.8215093731957435
Vietnam,CHN->Partner,2013-02,-0.006677328166775354
Vietnam,CHN->Partner,2013-03,-0.7768432480317191
Vietnam,CHN->Partner,2013-04,1.0
Vietnam,CHN->Partner,2013-05,3.3999999999999986
Vietnam,CHN->Partner,2013-06,0.46395157327707537
Vietnam,CHN->Partner,2013-07,-10.0
Vietnam,CHN->Partner,2013-08,1.9000000000000004
Vietnam,CHN->Partner,2013-09,2.852547626733612
Vietnam,CHN->Partner,2013-10,3.875432228753729
Vietnam,CHN->Partner,2013-11,3.5
Vietnam,CHN->Partner,2013-12,1.693734030835028
Vietnam,CHN->Partner,2014-01,-1.5999999999999979
Vietnam,CHN->Partner,2014-02,3.5500000000000007
Vietnam,CHN->Partner,2014-03,6.0
Vietnam,CHN->Partner,2014-04,-10.0
Vietnam,CHN->Partner,2014-05,-1.9348054283595442
Vietnam,CHN->Partner,2014-06,-4.0117585572375285
Vietnam,CHN->Partner,2014-07,-2.285081556935806
Vietnam,CHN->Partner,2014-08,-3.225969012367049
Vietnam,CHN->Partner,2014-09,3.3999999999999986
Vietnam,CHN->Partner,2014-10,-0.5799999999999983
Vietnam,CHN->Partner,2014-11,1.0
Vietnam,CHN->Partner,2014-12,1.0
Vietnam,CHN->Partner,2015-01,2.9499999999999993
Vietnam,CHN->Partner,2015-02,-10.0
Vietnam,CHN->Partner,2015-03,-0.40000000000000036
Vietnam,CHN->Partner,2015-04,2.021168769434876
Vietnam,CHN->Partner,2015-05,1.706089321022647
Vietnam,CHN->Partner,2015-06,1.9000000000000004
Vietnam,CHN->Partner,2015-07,6.0
Vietnam,CHN->Partner,2015-08,-1.9999999999999982
Vietnam,CHN->Partner,2015-09,2.1999999999999993
Vietnam,CHN->Partner,2015-10,1.90735991853796
Vietnam,CHN->Partner,2015-11,1.6212075808091058
Vietnam,CHN->Partner,2015-12,0.8333333333333339
Vietnam,CHN->Partner,2016-01,2.350000000000003
Vietnam,CHN->Partner,2016-02,-0.0387044561329315
Vietnam,CHN->Partner,2016-03,-1.9999999999999982
Vietnam,CHN->Partner,2016-04,-0.40000000000000036
Vietnam,CHN->Partner,2016-05,-5.999999999999999
Vietnam,CHN->Partner,2016-06,3.67272413516433
Vietnam,CHN->Partner,2016-07,4.999999999999998
Vietnam,CHN->Partner,2016-08,4.0
Vietnam,CHN->Partner,2016-09,1.5724826528760172
Vietnam,CHN->Partner,2016-10,0.48960694955219886
Vietnam,CHN->Partner,2016-11,-0.5
Vietnam,CHN->Partner,2016-12,6.0
Vietnam,CHN->Partner,2017-01,1.0
Vietnam,CHN->Partner,2017-02,1.5057869026583415
Vietnam,CHN->Partner,2017-03,2.032892171225072
Vietnam,CHN->Partner,2017-04,2.582214351555411
Vietnam,CHN->Partner,2017-05,4.252929866911176
Vietnam,CHN->Partner,2017-06,4.33333333333333
Vietnam,CHN->Partner,2017-07,4.165750888103096
Vietnam,CHN->Partner,2017-08,4.0
Vietnam,CHN->Partner,2017-09,1.8876871391848056
Vietnam,CHN->Partner,2017-10,0.07283198650063483
Vietnam,CHN->Partner,2017-11,-1.4864537075481081
Vietnam,CHN->Partner,2017-12,-0.7701901671159685
Vietnam,CHN->Partner,2018-01,1.7763568394002505e-15
Vietnam,CHN->Partner,2018-02,-4.999999999999999
Vietnam,CHN->Partner,2018-03,-1.6887443936220627
Vietnam,CHN->Partner,2018-04,3.4499134945507564
Vietnam,CHN->Partner,2018-05,1.1583287994183173
Vietnam,CHN->Partner,2018-06,1.7763568394002505e-15
Vietnam,CHN->Partner,2018-07,4.0
Vietnam,CHN->Partner,2018-08,-1.0501256289338006
Vietnam,CHN->Partner,2018-09,-4.400000000000001
Vietnam,CHN->Partner,2018-10,2.4800000000000004
Vietnam,CHN->Partner,2018-11,1.7763568394002505e-15
Vietnam,CHN->Partner,2018-12,-0.7117235218982252
Vietnam,CHN->Partner,2019-01,-1.3773970100125172
Vietnam,CHN->Partner,2019-02,-1.9999999999999982
Vietnam,CHN->Partner,2019-03,-3.018219539958671
Vietnam,Partner->CHN,2002-01,-1.9999999999999982
Vietnam,Partner->CHN,2002-02,3.0921277400270046
Vietnam,Partner->CHN,2002-03,4.6729699040304435
Vietnam,Partner->CHN,2002-04,3.5124999999999993
Vietnam,Partner->CHN,2002-05,4.6999999999999975
Vietnam,Partner->CHN,2002-06,3.6999999999999993
Vietnam,Partner->CHN,2002-07,2.9999999999999964
Vietnam,Partner->CHN,2002-08,2.9647049959656204
Vietnam,Partner->CHN,2002-09,2.9294989731676573
Vietnam,Partner->CHN,2002-10,1.7499999999999964
Vietnam,Partner->CHN,2002-11,4.633333333333336
Vietnam,Partner->CHN,2002-12,2.5
Vietnam,Partner->CHN,2003-01,1.3223014617532964
Vietnam,Partner->CHN,2003-02,2.1343907534588826
Vietnam,Partner->CHN,2003-03,2.9999999999999964
Vietnam,Partner->CHN,2003-04,2.7210139214528954
Vietnam,Partner->CHN,2003-05,4.0
Vietnam,Partner->CHN,2003-06,3.8595926906676628
Vietnam,Partner->CHN,2003-07,1.9000000000000004
Vietnam,Partner->CHN,2003-08,2.061970300938155
Vietnam,Partner->CHN,2003-09,2.9999999999999964
Vietnam,Partner->CHN,2003-10,2.2388393086295544
Vietnam,Partner->CHN,2003-11,2.1249153363400026
Vietnam,Partner->CHN,2003-12,2.0119717121882044
Vietnam,Partner->CHN,2004-01,1.9000000000000004
Vietnam,Partner->CHN,2004-02,5.540858502508264
Vietnam,Partner->CHN,2004-03,-2.0999999999999996
Vietnam,Partner->CHN,2004-04,3.7399999999999984
Vietnam,Partner->CHN,2004-05,3.119999999999999
Vietnam,Partner->CHN,2004-06,3.3999999999999986
Vietnam,Partner->CHN,2004-07,-1.9696980139090279
Vietnam,Partner->CHN,2004-08,4.133333333333331
Vietnam,Partner->CHN,2004-09,1.2284271247461902
Vietnam,Partner->CHN,2004-10,2.6846126033495565
Vietnam,Partner->CHN,2004-11,2.849888259079906
Vietnam,Partner->CHN,2004-12,4.0
Vietnam,Partner->CHN,2005-01,3.3999999999999986
Vietnam,Partner->CHN,2005-02,4.215972088398093
Vietnam,Partner->CHN,2005-03,5.0781810135354135
Vietnam,Partner->CHN,2005-04,5.799999999999994
Vietnam,Partner->CHN,2005-05,1.9000000000000004
Vietnam,Partner->CHN,2005-06,5.5
Vietnam,Partner->CHN,2005-07,2.937195772161475
Vietnam,Partner->CHN,2005-08,4.666666666666666
Vietnam,Partner->CHN,2005-09,-10.0
Vietnam,Partner->CHN,2005-10,2.8950744529320147
Vietnam,Partner->CHN,2005-11,3.60955770797443
Vietnam,Partner->CHN,2005-12,5.195107630563786
Vietnam,Partner->CHN,2006-01,4.475000000000001
Vietnam,Partner->CHN,2006-02,3.49073399299772
Vietnam,Partner->CHN,2006-03,2.9409563577149793
Vietnam,Partner->CHN,2006-04,2.7713906733005835
Vietnam,Partner->CHN,2006-05,5.3749999999999964
Vietnam,Partner->CHN,2006-06,5.099999999999998
Vietnam,Partner->CHN,2006-07,-0.900495061637919
Vietnam,Partner->CHN,2006-08,2.1851650919937153
Vietnam,Partner->CHN,2006-09,2.679999999999998
Vietnam,Partner->CHN,2006-10,1.1496153618543872
Vietnam,Partner->CHN,2006-11,3.5847218277510606
Vietnam,Partner->CHN,2006-12,4.33333333333333
Vietnam,Partner->CHN,2007-01,2.8000000000000025
Vietnam,Partner->CHN,2007-02,3.5
Vietnam,Partner->CHN,2007-03,3.8964274318532883
Vietnam,Partner->CHN,2007-04,4.526010560519783
Vietnam,Partner->CHN,2007-05,3.6748555791589332
Vietnam,Partner->CHN,2007-06,1.0
Vietnam,Partner->CHN,2007-07,3.333333333333334
Vietnam,Partner->CHN,2007-08,5.084359711335651
Vietnam,Partner->CHN,2007-09,5.199999999999996
Vietnam,Partner->CHN,2007-10,2.234104797256265
Vietnam,Partner->CHN,2007-11,2.5487009716696374
Vietnam,Partner->CHN,2007-12,2.00631975198368
Vietnam,Partner->CHN,2008-01,1.4856511221676403
Vietnam,Partner->CHN,2008-02,3.6999999999999993
Vietnam,Partner->CHN,2008-03,1.2623467634640537
Vietnam,Partner->CHN,2008-04,3.3398351242013398
Vietnam,Partner->CHN,2008-05,-0.7031543344686124
Vietnam,Partner->CHN,2008-06,3.781230757324911
Vietnam,Partner->CHN,2008-07,1.8333333333333321
Vietnam,Partner->CHN,2008-08,4.0
Vietnam,Partner->CHN,2008-09,2.3495293539069664
Vietnam,Partner->CHN,2008-10,1.9051090512817819
Vietnam,Partner->CHN,2008-11,-0.8666666666666654
Vietnam,Partner->CHN,2008-12,-1.7599999999999962
Vietnam,Partner->CHN,2009-01,3.5
Vietnam,Partner->CHN,2009-02,-0.1666666666666643
Vietnam,Partner->CHN,2009-03,2.2085480092693413
Vietnam,Partner->CHN,2009-04,1.4623832504191672
Vietnam,Partner->CHN,2009-05,2.7500000000000018
Vietnam,Partner->CHN,2009-06,1.0250000000000004
Vietnam,Partner->CHN,2009-07,1.7763568394002505e-15
Vietnam,Partner->CHN,2009-08,2.724999999999998
Vietnam,Partner->CHN,2009-09,2.3000000000000025
Vietnam,Partner->CHN,2009-10,2.3894284851066594
Vietnam,Partner->CHN,2009-11,2.350223263689095
Vietnam,Partner->CHN,2009-12,4.279999999999998
Vietnam,Partner->CHN,2010-01,2.099999999999998
Vietnam,Partner->CHN,2010-02,2.9999999999999964
Vietnam,Partner->CHN,2010-03,3.161760458079522
Vietnam,Partner->CHN,2010-04,1.0617218069609944
Vietnam,Partner->CHN,2010-05,1.9666666666666668
Vietnam,Partner->CHN,2010-06,6.0
Vietnam,Partner->CHN,2010-07,3.7500000000000018
Vietnam,Partner->CHN,2010-08,1.1809070137931634
Vietnam,Partner->CHN,2010-09,2.086351824659017
Vietnam,Partner->CHN,2010-10,2.4899999999999984
Vietnam,Partner->CHN,2010-11,2.9721359549995814
Vietnam,Partner->CHN,2010-12,3.6089559124832142
Vietnam,Partner->CHN,2011-01,3.599999999999996
Vietnam,Partner->CHN,2011-02,4.5728353579027985
Vietnam,Partner->CHN,2011-03,-1.1666666666666679
Vietnam,Partner->CHN,2011-04,3.0259667767210807
Vietnam,Partner->CHN,2011-05,0.4803209627637983
Vietnam,Partner->CHN,2011-06,-1.6266492272919066
Vietnam,Partner->CHN,2011-07,-2.440095732869869
Vietnam,Partner->CHN,2011-08,1.2994158543835788
Vietnam,Partner->CHN,2011-09,2.266943772457193
Vietnam,Partner->CHN,2011-10,3.3105818313159254
Vietnam,Partner->CHN,2011-11,2.6666666666666643
Vietnam,Partner->CHN,2011-12,3.37848450049413
Vietnam,Partner->CHN,2012-01,3.724999999999998
Vietnam,Partner->CHN,2012-02,2.8000000000000025
Vietnam,Partner->CHN,2012-03,2.466666666666665
Vietnam,Partner->CHN,2012-04,-0.2666666666666657
Vietnam,Partner->CHN,2012-05,-1.9999999999999982
Vietnam,Partner->CHN,2012-06,6.0
Vietnam,Partner->CHN,2012-07,0.3473665961010255
Vietnam,Partner->CHN,2012-08,-1.3931318848637435
Vietnam,Partner->CHN,2012-09,-2.866666666666669
Vietnam,Partner->CHN,2012-10,2.0
Vietnam,Partner->CHN,2012-11,-0.29999999999999716
Vietnam,Partner->CHN,2012-12,0.9685939155612928
Vietnam,Partner->CHN,2013-01,-1.7440850853010321
Vietnam,Partner->CHN,2013-02,5.199999999999996
Vietnam,Partner->CHN,2013-03,0.423659658795863
Vietnam,Partner->CHN,2013-04,0.3000000000000007
Vietnam,Partner->CHN,2013-05,1.2666666666666693
Vietnam,Partner->CHN,2013-06,0.11197030093815563
Vietnam,Partner->CHN,2013-07,1.0
Vietnam,Partner->CHN,2013-08,2.9427400463466995
Vietnam,Partner->CHN,2013-09,5.199999999999996
Vietnam,Partner->CHN,2013-10,2.734191529614826
Vietnam,Partner->CHN,2013-11,5.099999999999998
Vietnam,Partner->CHN,2013-12,0.6999999999999993
Vietnam,Partner->CHN,2014-01,1.4666666666666686
Vietnam,Partner->CHN,2014-02,3.5500000000000007
Vietnam,Partner->CHN,2014-03,-1.5999999999999979
Vietnam,Partner->CHN,2014-04,-10.0
Vietnam,Partner->CHN,2014-05,-4.061729237631181
Vietnam,Partner->CHN,2014-06,-1.6199589836134702
Vietnam,Partner->CHN,2014-07,-5.216845378827218
Vietnam,Partner->CHN,2014-08,-0.9975910485050665
Vietnam,Partner->CHN,2014-09,-1.0000000000000018
Vietnam,Partner->CHN,2014-10,1.375
Vietnam,Partner->CHN,2014-11,1.8836461788299097
Vietnam,Partner->CHN,2014-12,1.0
Vietnam,Partner->CHN,2015-01,3.400000000000004
Vietnam,Partner->CHN,2015-02,-1.9999999999999982
Vietnam,Partner->CHN,2015-03,-0.3918659603359558
Vietnam,Partner->CHN,2015-04,1.5036119781643311
Vietnam,Partner->CHN,2015-05,1.575000000000001
Vietnam,Partner->CHN,2015-06,0.14450537260402996
Vietnam,Partner->CHN,2015-07,4.6999999999999975
Vietnam,Partner->CHN,2015-08,6.9999999999999964
Vietnam,Partner->CHN,2015-09,-0.2111168325910615
Vietnam,Partner->CHN,2015-10,-4.533333333333335
Vietnam,Partner->CHN,2015-11,-0.4502040309033184
Vietnam,Partner->CHN,2015-12,4.0
Vietnam,Partner->CHN,2016-01,-1.8775894571106804
Vietnam,Partner->CHN,2016-02,0.30105072992996007
Vietnam,Partner->CHN,2016-03,2.9999999999999964
Vietnam,Partner->CHN,2016-04,-3.1000000000000014
Vietnam,Partner->CHN,2016-05,-1.040601657483922
Vietnam,Partner->CHN,2016-06,2.1962605114779503
Vietnam,Partner->CHN,2016-07,-1.8348486100883203
Vietnam,Partner->CHN,2016-08,4.0
Vietnam,Partner->CHN,2016-09,-0.02500000000000213
Vietnam,Partner->CHN,2016-10,-1.9999999999999982
Vietnam,Partner->CHN,2016-11,4.0
Vietnam,Partner->CHN,2016-12,-1.9999999999999982
Vietnam,Partner->CHN,2017-01,4.0984692283495345
Vietnam,Partner->CHN,2017-02,2.6250140218452724
Vietnam,Partner->CHN,2017-03,1.2953528790132367
Vietnam,Partner->CHN,2017-04,0.0954529791364589
Vietnam,Partner->CHN,2017-05,0.7145821998545809
Vietnam,Partner->CHN,2017-06,-2.2522732492588062
Vietnam,Partner->CHN,2017-07,-6.5
Vietnam,Partner->CHN,2017-08,2.540604880924713
Vietnam,Partner->CHN,2017-09,6.0
Vietnam,Partner->CHN,2017-10,2.930025641031042
Vietnam,Partner->CHN,2017-11,0.4144479035166029
Vietnam,Partner->CHN,2017-12,-3.4164263922298943
Vietnam,Partner->CHN,2018-01,-5.96159699088475
Vietnam,Partner->CHN,2018-02,-7.6525669565267105
Vietnam,Partner->CHN,2018-03,-8.776019909430683
Vietnam,Partner->CHN,2018-04,-0.1999999999999993
Vietnam,Partner->CHN,2018-05,1.9000000000000004
Vietnam,Partner->CHN,2018-06,3.6000000000000014
Vietnam,Partner->CHN,2018-07,2.9999999999999964
Vietnam,Partner->CHN,2018-08,4.0
Vietnam,Partner->CHN,2018-09,3.8155323900290536
Vietnam,Partner->CHN,2018-10,3.6333333333333346
Vietnam,Partner->CHN,2018-11,1.5000000000000018
Vietnam,Partner->CHN,2018-12,1.5000000000000018
Vietnam,Partner->CHN,2019-01,1.5000000000000018
Vietnam,Partner->CHN,2019-02,1.5000000000000018
Vietnam,Partner->CHN,2019-03,1.5000000000000018
