country,month,value,zscore,db
Australia,2002-01-01,-1.166989849493115,-1.9536987097734992,GDELT
Australia,2002-02-01,0.7252077998044655,-0.12082707889265952,GDELT
Australia,2002-03-01,-0.8636520286835303,-1.6598714309258094,GDELT
Australia,2002-04-01,2.3726557946329834,1.4749685263886563,GDELT
Australia,2002-05-01,1.0060365530108673,0.15119685850031073,GDELT
Australia,2002-06-01,0.6553199951023476,-0.18852369326621812,GDELT
Australia,2002-07-01,0.8224708828885348,-0.026613482452047643,GDELT
Australia,2002-08-01,4.443027886238077,3.480428301417485,GDELT
Australia,2002-09-01,2.083408508539531,1.1947900021278497,GDELT
Australia,2002-10-01,1.2973506107498949,0.4333773549747968,GDELT
Australia,2002-11-01,1.683829203688651,0.8077386957169487,GDELT
Australia,2002-12-01,2.27133878492575,1.3768281059695722,GDELT
Australia,2003-01-01,1.4197298076096398,0.5519196003990391,GDELT
Australia,2003-02-01,-0.01399256392406655,-0.8368513149008662,GDELT
Australia,2003-03-01,2.903529342635432,1.9891976113259249,GDELT
Australia,2003-04-01,-0.413450161539922,-1.223784729960178,GDELT
Australia,2003-05-01,2.8394648443618475,1.9271417254221155,GDELT
Australia,2003-06-01,0.5542413574762275,-0.28643321527718446,GDELT
Australia,2003-07-01,1.0211326693612168,0.1658196667493874,GDELT
Australia,2003-08-01,2.884268566198278,1.9705407174578333,GDELT
Australia,2003-09-01,3.045837973497438,2.1270444437819798,GDELT
Australia,2003-10-01,2.042323446320376,1.1549930786814975,GDELT
Australia,2003-11-01,0.7976940917534208,-0.05061344756809583,GDELT
Australia,2003-12-01,2.2508992860295347,1.3570294460937395,GDELT
Australia,2004-01-01,2.740727798595138,1.8315003794084126,GDELT
Australia,2004-02-01,0.9621866524064124,0.10872178256694555,GDELT
Australia,2004-03-01,2.7857971794722776,1.8751567012845853,GDELT
Australia,2004-04-01,2.523655493990402,1.6212339365198274,GDELT
Australia,2004-05-01,4.042144798189206,3.0921140892856593,GDELT
Australia,2004-06-01,3.1775398917930335,2.254617115625322,GDELT
Australia,2004-07-01,2.9601465648310334,2.0440397153841965,GDELT
Australia,2004-08-01,1.9626983935134188,1.077864507862568,GDELT
Australia,2004-09-01,0.6092888593177115,-0.2331116161759643,GDELT
Australia,2004-10-01,-0.6685965859638863,-1.4709315558855602,GDELT
Australia,2004-11-01,1.8205447402734212,0.9401677940196008,GDELT
Australia,2004-12-01,-1.516802744064826,-2.2925439307337996,GDELT
Australia,2005-01-01,1.931317180534533,1.047467189150656,GDELT
Australia,2005-02-01,2.820180034721009,1.908461551862682,GDELT
Australia,2005-03-01,1.644960252102127,0.7700884012503705,GDELT
Australia,2005-04-01,2.4082368350910244,1.5094339955096945,GDELT
Australia,2005-05-01,1.630016607730985,0.7556132845309275,GDELT
Australia,2005-06-01,-0.10665231375095097,-0.9266059062593628,GDELT
Australia,2005-07-01,1.5378969672147225,0.666381868451388,GDELT
Australia,2005-08-01,3.5128746721625372,2.579438154281131,GDELT
Australia,2005-09-01,2.32106271211817,1.4249930403044202,GDELT
Australia,2005-10-01,1.365113789039885,0.49901595628695317,GDELT
Australia,2005-11-01,2.097376760469338,1.2083203078570868,GDELT
Australia,2005-12-01,0.1380386600781396,-0.6895867214873951,GDELT
Australia,2006-01-01,2.038321079292661,1.1511161977519633,GDELT
Australia,2006-02-01,1.9266210396329624,1.042918286219557,GDELT
Australia,2006-03-01,2.580316996851156,1.676118932912832,GDELT
Australia,2006-04-01,0.44520356412794726,-0.3920523498301205,GDELT
Australia,2006-05-01,2.4986799019113004,1.5970414034600644,GDELT
Australia,2006-06-01,1.3691131880846117,0.5028899622885844,GDELT
Australia,2006-07-01,2.939441910004067,2.023984213003875,GDELT
Australia,2006-08-01,1.3746531384934837,0.5082562187917978,GDELT
Australia,2006-09-01,3.129840984716383,2.20841371100886,GDELT
Australia,2006-10-01,3.2141041791434777,2.290035003927256,GDELT
Australia,2006-11-01,3.371639455260393,2.442631081067961,GDELT
Australia,2006-12-01,3.094974971540573,2.1746408509402606,GDELT
Australia,2007-01-01,0.14997039918484845,-0.6780290778533506,GDELT
Australia,2007-02-01,2.175542149671676,1.2840349798623651,GDELT
Australia,2007-03-01,1.736568274282229,0.8588242397487122,GDELT
Australia,2007-04-01,1.402888265095525,0.535606090282454,GDELT
Australia,2007-05-01,0.07624078293818926,-0.749447051564711,GDELT
Australia,2007-06-01,-0.7527687315297396,-1.5524646545950398,GDELT
Australia,2007-07-01,-0.2461240220359251,-1.0617047620902604,GDELT
Australia,2007-08-01,1.7288614200854582,0.8513590183296708,GDELT
Australia,2007-09-01,2.4274604668664868,1.5280549093116031,GDELT
Australia,2007-10-01,0.9993765209614232,0.1447456382439518,GDELT
Australia,2007-11-01,1.6094684928426908,0.735709414097088,GDELT
Australia,2007-12-01,1.3685458489942928,0.502340410964429,GDELT
Australia,2008-01-01,0.6112380100904407,-0.23122357707129096,GDELT
Australia,2008-02-01,1.6336011883485622,0.7590854778956119,GDELT
Australia,2008-03-01,-0.8172322873915743,-1.6149070864460253,GDELT
Australia,2008-04-01,0.7058627522068992,-0.13956560176989757,GDELT
Australia,2008-05-01,0.8760519799966993,0.025287688061234898,GDELT
Australia,2008-06-01,0.8868662374382428,0.03576288640058656,GDELT
Australia,2008-07-01,0.4232379113332741,-0.4133293141451751,GDELT
Australia,2008-08-01,0.841389487777203,-0.008288032037734016,GDELT
Australia,2008-09-01,1.2699868042369218,0.4068714850995441,GDELT
Australia,2008-10-01,1.2434949111679128,0.38121019159115166,GDELT
Australia,2008-11-01,0.8656274907560597,0.015190037531606792,GDELT
Australia,2008-12-01,1.6418986690324058,0.7671228079064827,GDELT
Australia,2009-01-01,1.4872235162433185,0.6172971807292595,GDELT
Australia,2009-02-01,1.6127163011783558,0.7388553939915184,GDELT
Australia,2009-03-01,1.1716290928826751,0.31159758023739226,GDELT
Australia,2009-04-01,1.7745544002227316,0.8956193877763294,GDELT
Australia,2009-05-01,1.9083213696344803,1.0251923652476387,GDELT
Australia,2009-06-01,0.4521739278858892,-0.3853005276863849,GDELT
Australia,2009-07-01,-0.5883649447804924,-1.3932154150380949,GDELT
Australia,2009-08-01,0.846974756962938,-0.0028778776359637864,GDELT
Australia,2009-09-01,1.2558444585994355,0.393172544017632,GDELT
Australia,2009-10-01,1.07788333914681,0.220791034419204,GDELT
Australia,2009-11-01,1.6442298272179643,0.76938087735657,GDELT
Australia,2009-12-01,0.4589313350817008,-0.3787549852838189,GDELT
Australia,2010-01-01,0.37939647928503994,-0.455796187036719,GDELT
Australia,2010-02-01,0.8603732835133915,0.01010056529733455,GDELT
Australia,2010-03-01,-0.24873867176423303,-1.0642374347809198,GDELT
Australia,2010-04-01,-0.403455172419891,-1.2141031134462437,GDELT
Australia,2010-05-01,0.4882121757210882,-0.3503921859979205,GDELT
Australia,2010-06-01,1.256726222047332,0.39402666156153515,GDELT
Australia,2010-07-01,-0.03779869790519541,-0.8599110558487302,GDELT
Australia,2010-08-01,1.3307815312299134,0.4657601167675754,GDELT
Australia,2010-09-01,1.2414762411161266,0.37925481284337603,GDELT
Australia,2010-10-01,0.2334214729449382,-0.5971944432060701,GDELT
Australia,2010-11-01,1.077531639809601,0.22045036190118827,GDELT
Australia,2010-12-01,1.1808150210860635,0.3204955022983085,GDELT
Australia,2011-01-01,1.7953284200960464,0.9157420804026987,GDELT
Australia,2011-02-01,0.7913171295307553,-0.05679047307780475,GDELT
Australia,2011-03-01,0.7574536107877368,-0.08959226989269925,GDELT
Australia,2011-04-01,2.1530394954582963,1.262237850718623,GDELT
Australia,2011-05-01,0.8337589042467624,-0.015679374102450707,GDELT
Australia,2011-06-01,1.5311233656888632,0.659820639459138,GDELT
Australia,2011-07-01,1.4695393044858545,0.6001674215538491,GDELT
Australia,2011-08-01,1.454350150986846,0.5854544931471566,GDELT
Australia,2011-09-01,1.4364093075085744,0.568076148417892,GDELT
Australia,2011-10-01,0.5881612264122236,-0.2535768350152903,GDELT
Australia,2011-11-01,1.166299668496256,0.30643524914031156,GDELT
Australia,2011-12-01,1.3448270377636824,0.47936525493940074,GDELT
Australia,2012-01-01,0.6392252871025867,-0.20411378434947436,GDELT
Australia,2012-02-01,1.4386535810343857,0.5702500573004674,GDELT
Australia,2012-03-01,0.05010856855296986,-0.7747599433847305,GDELT
Australia,2012-04-01,0.2532820844708432,-0.577956520861494,GDELT
Australia,2012-05-01,0.5649526002155358,-0.2760578018230749,GDELT
Australia,2012-06-01,1.0735973748331684,0.21663944782128317,GDELT
Australia,2012-07-01,1.1168859666429167,0.2585708136584206,GDELT
Australia,2012-08-01,0.2204364353497983,-0.6097723612913653,GDELT
Australia,2012-09-01,0.5092993526835947,-0.3299661546875604,GDELT
Australia,2012-10-01,1.3748697235948608,0.5084660133067276,GDELT
Australia,2012-11-01,1.2279220195394809,0.3661255563855587,GDELT
Australia,2012-12-01,1.3604684671400022,0.49451627903084555,GDELT
Australia,2013-01-01,0.33433528317438643,-0.4994445807631536,GDELT
Australia,2013-02-01,0.9700577251116904,0.11634607375632525,GDELT
Australia,2013-03-01,1.134258217938072,0.2753983932589148,GDELT
Australia,2013-04-01,2.4688657080639675,1.5681619731739924,GDELT
Australia,2013-05-01,1.497679483168909,0.6274253220248888,GDELT
Australia,2013-06-01,1.4689508533649356,0.5995974201239812,GDELT
Australia,2013-07-01,1.428975502011376,0.560875414810407,GDELT
Australia,2013-08-01,1.5393337855330014,0.667773638246304,GDELT
Australia,2013-09-01,1.8481131103733952,0.9668718138056013,GDELT
Australia,2013-10-01,1.3972432772354288,0.5301380895642004,GDELT
Australia,2013-11-01,0.9723219100541592,0.1185392697734851,GDELT
Australia,2013-12-01,1.802667670709667,0.922851223703148,GDELT
Australia,2014-01-01,1.992389269126022,1.1066244863069732,GDELT
Australia,2014-02-01,0.6935819793407774,-0.15146133591794583,GDELT
Australia,2014-03-01,1.282538176226771,0.4190293342847847,GDELT
Australia,2014-04-01,1.2418836892835916,0.37964948630017803,GDELT
Australia,2014-05-01,1.4069811569972384,0.5395706578622187,GDELT
Australia,2014-06-01,1.2259060108170186,0.36417275552652517,GDELT
Australia,2014-07-01,0.8212352582621616,-0.027810366575087234,GDELT
Australia,2014-08-01,0.3632257823511438,-0.4714598845752465,GDELT
Australia,2014-09-01,1.3163979038071787,0.45182745880128067,GDELT
Australia,2014-10-01,1.1407986405378845,0.28173375417727253,GDELT
Australia,2014-11-01,1.8136101321114673,0.9334506064276819,GDELT
Australia,2014-12-01,0.6789497214149254,-0.16563482908235241,GDELT
Australia,2015-01-01,0.9488259879677674,0.0957800146557543,GDELT
Australia,2015-02-01,1.7395944044321665,0.8617554917271895,GDELT
Australia,2015-03-01,1.510418343488494,0.6397647812236612,GDELT
Australia,2015-04-01,1.4156732285803493,0.5479902071752536,GDELT
Australia,2015-05-01,1.333935611103012,0.46881530686522765,GDELT
Australia,2015-06-01,1.5531116201095418,0.6811194967720687,GDELT
Australia,2015-07-01,1.701622999833864,0.824974603483954,GDELT
Australia,2015-08-01,1.6122274571038735,0.7383818766312282,GDELT
Australia,2015-09-01,1.8013308839422209,0.9215563491727318,GDELT
Australia,2015-10-01,1.949221111614948,1.0648097787954112,GDELT
Australia,2015-11-01,1.4603322042007782,0.5912489912189126,GDELT
Australia,2015-12-01,1.20091243709229,0.33996280459915273,GDELT
Australia,2016-01-01,0.878115410642156,0.027286424025076632,GDELT
Australia,2016-02-01,0.9343181628785526,0.08172705298884061,GDELT
Australia,2016-03-01,0.457509895989169,-0.38013185803740973,GDELT
Australia,2016-04-01,0.7905729825547709,-0.05751128883507714,GDELT
Australia,2016-05-01,1.3226634441827816,0.4578965558698898,GDELT
Australia,2016-06-01,0.6525566987769196,-0.19120035204151808,GDELT
Australia,2016-07-01,0.639736292420082,-0.20361880056698525,GDELT
Australia,2016-08-01,-0.10275727990771875,-0.9228329933000685,GDELT
Australia,2016-09-01,0.5820446799438184,-0.2595016095783842,GDELT
Australia,2016-10-01,-0.4034322421286749,-1.2140809020877878,GDELT
Australia,2016-11-01,0.6726185358440784,-0.17176751317428926,GDELT
Australia,2016-12-01,1.2508128795995024,0.3882987199692105,GDELT
Australia,2017-01-01,0.6435053949854019,-0.19996787056587276,GDELT
Australia,2017-02-01,1.51836830247038,0.6474654853704899,GDELT
Australia,2017-03-01,1.1650931213110862,0.3052665307942984,GDELT
Australia,2017-04-01,0.6193357908893002,-0.22337968576066017,GDELT
Australia,2017-05-01,0.9032424842373548,0.051625689205324135,GDELT
Australia,2017-06-01,0.037596571640373,-0.7868796520183823,GDELT
Australia,2017-07-01,0.4768710222191661,-0.36137776064064053,GDELT
Australia,2017-08-01,1.0735443059359984,0.2165880427917181,GDELT
Australia,2017-09-01,1.2711210566614124,0.40797017534042795,GDELT
Australia,2017-10-01,0.7052240397872129,-0.14018428865747976,GDELT
Australia,2017-11-01,1.446509647946053,0.5778598131724516,GDELT
Australia,2017-12-01,0.3346848862636733,-0.4991059387694591,GDELT
Australia,2018-01-01,0.5299856687875018,-0.309928416056842,GDELT
Australia,2018-02-01,0.7125896636484335,-0.13304959898910307,GDELT
Australia,2018-03-01,0.5416915348651994,-0.2985895636612337,GDELT
Australia,2018-04-01,0.48514190339266783,-0.3533661961664297,GDELT
Australia,2018-05-01,-0.02299591106894993,-0.8455723803619477,GDELT
Australia,2018-06-01,0.28965306074064223,-0.5427258827634593,GDELT
Australia,2018-07-01,0.374315731472608,-0.46071763830927676,GDELT
Australia,2018-08-01,0.6408730927597244,-0.20251764229566002,GDELT
Australia,2018-09-01,-0.2468579289979278,-1.0624156588884146,GDELT
Australia,2018-10-01,0.6101721023942961,-0.2322560653941288,GDELT
Australia,2018-11-01,0.7161698983907527,-0.1295816152435747,GDELT
Australia,2018-12-01,0.4210830675053039,-0.415416597216651,GDELT
Australia,2019-01-01,0.16954169728755986,-0.6590713980965408,GDELT
Australia,2019-02-01,-0.16446563850882434,-0.9826066115107105,GDELT
Australia,2019-03-01,0.2880835051803583,-0.5442462280934536,GDELT
Australia,2019-04-01,-0.03820431757841724,-0.8603039581400164,GDELT
Australia,2019-05-01,0.31741723911360076,-0.5158321938756195,GDELT
Australia,2019-06-01,-0.13318276117801275,-0.95230454533213,GDELT
Australia,2019-07-01,-0.16545667780667195,-0.9835665787819875,GDELT
Australia,2019-08-01,-1.03713027331327,-1.827910617146599,GDELT
Australia,2019-09-01,-0.2869139797677924,-1.1012158334518178,GDELT
Australia,2019-10-01,-0.4996117141910119,-1.3072448619318315,GDELT
Australia,2019-11-01,0.3227012547449011,-0.5107138478342657,GDELT
Australia,2019-12-01,0.3161244295859813,-0.5170844699833431,GDELT
France,2002-01-01,1.3906094808383005,-0.0937054497634562,GDELT
France,2002-02-01,2.775728743970401,1.407192710113869,GDELT
France,2002-03-01,1.8762282024338577,0.4325050109853222,GDELT
France,2002-04-01,0.48138829892614154,-1.078926314981687,GDELT
France,2002-05-01,0.4254921431196159,-1.1394947004104798,GDELT
France,2002-06-01,0.4673939206950237,-1.0940904507314249,GDELT
France,2002-07-01,2.863338097052649,1.5021251251983663,GDELT
France,2002-08-01,2.2206712098541797,0.8057392080542202,GDELT
France,2002-09-01,2.1655344119576743,0.745993653496511,GDELT
France,2002-10-01,1.8718593105753791,0.4277709336205573,GDELT
France,2002-11-01,1.1023305846276,-0.4060809082317152,GDELT
France,2002-12-01,0.1995204613371282,-1.3843548293533074,GDELT
France,2003-01-01,1.833059789356346,0.38572825068935174,GDELT
France,2003-02-01,0.4788958809065331,-1.08162706842498,GDELT
France,2003-03-01,-0.44849869518588825,-2.0865403995628617,GDELT
France,2003-04-01,1.8808552704172552,0.437518844816645,GDELT
France,2003-05-01,1.4641764898879313,-0.013989145579952258,GDELT
France,2003-06-01,2.676462252770341,1.2996287638564563,GDELT
France,2003-07-01,2.3737526262984705,0.971616343957382,GDELT
France,2003-08-01,-1.297000272726521,-3.0059662499434348,GDELT
France,2003-09-01,3.314727462220997,1.991245077250289,GDELT
France,2003-10-01,1.3826320385890494,-0.10234970785091789,GDELT
France,2003-11-01,1.5165064419089165,0.04271494538558853,GDELT
France,2003-12-01,1.8633824388058071,0.4185854998610867,GDELT
France,2004-01-01,1.1143370555530687,-0.39307084433446793,GDELT
France,2004-02-01,1.4872156513767545,0.010975805817444813,GDELT
France,2004-03-01,2.4081892352537917,1.0089314289390043,GDELT
France,2004-04-01,2.0938097500161668,0.6682736939297044,GDELT
France,2004-05-01,1.3743272608460106,-0.1113486626445516,GDELT
France,2004-06-01,1.344251365306533,-0.1439385323210369,GDELT
France,2004-07-01,-1.934733826488527,-3.6970064677864922,GDELT
France,2004-08-01,1.0654377669511756,-0.4460575107071036,GDELT
France,2004-09-01,0.08098289338581566,-1.512800676833728,GDELT
France,2004-10-01,1.6925504137443357,0.23347402326296915,GDELT
France,2004-11-01,1.8571171868613376,0.4117965500825973,GDELT
France,2004-12-01,1.2042268491975907,-0.2956673719665087,GDELT
France,2005-01-01,0.996911957097943,-0.5203112335816598,GDELT
France,2005-02-01,-0.5120847164273652,-2.155441428387953,GDELT
France,2005-03-01,-0.5404411128785132,-2.186168070047705,GDELT
France,2005-04-01,0.724692479943057,-0.8152849035172355,GDELT
France,2005-05-01,-0.22365710717309104,-1.8429048262987866,GDELT
France,2005-06-01,0.7834911805201425,-0.7515713563532401,GDELT
France,2005-07-01,-0.19477634169853353,-1.8116099848288951,GDELT
France,2005-08-01,2.7207592200561237,1.3476284115814021,GDELT
France,2005-09-01,0.43760258530180174,-1.1263719745410543,GDELT
France,2005-10-01,1.9894077693297465,0.5551449945674084,GDELT
France,2005-11-01,0.3795169201511968,-1.189312885306136,GDELT
France,2005-12-01,3.1512430958255084,1.814095433011822,GDELT
France,2006-01-01,2.194788707902818,0.7776932479800118,GDELT
France,2006-02-01,2.1562669685610807,0.7359515660669695,GDELT
France,2006-03-01,2.40108542604367,1.0012338288439182,GDELT
France,2006-04-01,1.4283284975089234,-0.05283358824208413,GDELT
France,2006-05-01,1.5688840707602392,0.09947069837679523,GDELT
France,2006-06-01,3.597487742752241,2.2976406317934255,GDELT
France,2006-07-01,1.978490152707483,0.5433147997713675,GDELT
France,2006-08-01,3.242606053227039,1.913095207467944,GDELT
France,2006-09-01,0.2967988763374656,-1.2789451379599213,GDELT
France,2006-10-01,2.2078451115583544,0.7918410060415796,GDELT
France,2006-11-01,1.9335625083652097,0.49463175816204014,GDELT
France,2006-12-01,1.4533881098735968,-0.025679301180674446,GDELT
France,2007-01-01,1.5841797566136684,0.11604491502552008,GDELT
France,2007-02-01,3.0304685440854335,1.6832256174720468,GDELT
France,2007-03-01,1.8316990967212607,0.38425382092253146,GDELT
France,2007-04-01,1.525850443563355,0.052839990399636584,GDELT
France,2007-05-01,2.0359592925212144,0.6055876512810039,GDELT
France,2007-06-01,-0.01163130372343346,-1.6131562792137455,GDELT
France,2007-07-01,-0.33699043155246144,-1.9657114195946839,GDELT
France,2007-08-01,0.4391593799263269,-1.1246850510757251,GDELT
France,2007-09-01,2.1090413867601665,0.6847785077529518,GDELT
France,2007-10-01,1.5364972842765834,0.06437677575836229,GDELT
France,2007-11-01,1.6949391302990513,0.23606240707717882,GDELT
France,2007-12-01,1.399340014811454,-0.08424515076694805,GDELT
France,2008-01-01,2.2371969545738555,0.823646301328107,GDELT
France,2008-02-01,1.0549195182477984,-0.4574549553490423,GDELT
France,2008-03-01,1.2139742919749406,-0.2851051631246852,GDELT
France,2008-04-01,-0.17116146192659798,-1.7860211921965006,GDELT
France,2008-05-01,2.5406998867616686,1.1525183375223054,GDELT
France,2008-06-01,0.39234327746772024,-1.1754144026218598,GDELT
France,2008-07-01,2.491013578424514,1.0986788662657279,GDELT
France,2008-08-01,0.2526378731956136,-1.3267974566144638,GDELT
France,2008-09-01,0.6287169402241926,-0.9192828153154909,GDELT
France,2008-10-01,1.996633091875303,0.5629742650149393,GDELT
France,2008-11-01,-0.3961665655205575,-2.029833948928751,GDELT
France,2008-12-01,-0.69838320394466,-2.357312173056074,GDELT
France,2009-01-01,0.1697935305324485,-1.4165665651446746,GDELT
France,2009-02-01,-0.085753339659842,-1.693474003690231,GDELT
France,2009-03-01,-0.09484943419180604,-1.7033304196021892,GDELT
France,2009-04-01,1.4090617605951614,-0.07371078687068199,GDELT
France,2009-05-01,1.816272050910861,0.3675372642436399,GDELT
France,2009-06-01,1.4713016366202467,-0.006268424408833655,GDELT
France,2009-07-01,0.25308357671013404,-1.3263144977800874,GDELT
France,2009-08-01,0.4304961277521553,-1.1340724443442047,GDELT
France,2009-09-01,2.573832110442151,1.1884200066985986,GDELT
France,2009-10-01,1.8844752043467976,0.44144136060163375,GDELT
France,2009-11-01,2.242425820320909,0.8293122357980759,GDELT
France,2009-12-01,1.670385648579412,0.2094565569439159,GDELT
France,2010-01-01,0.996423646403784,-0.5208403610306956,GDELT
France,2010-02-01,0.05441253917430799,-1.5415919851382298,GDELT
France,2010-03-01,1.0548209418519257,-0.45756177151650945,GDELT
France,2010-04-01,1.9277987904791336,0.48838626450707345,GDELT
France,2010-05-01,1.79958971336748,0.3494604889162255,GDELT
France,2010-06-01,0.841736921201349,-0.6884569897163672,GDELT
France,2010-07-01,0.7706378761884736,-0.7654990384909661,GDELT
France,2010-08-01,0.8571490961333712,-0.6717565469379799,GDELT
France,2010-09-01,1.9092905907124127,0.46833100738091216,GDELT
France,2010-10-01,1.5565549271085288,0.0861109902908133,GDELT
France,2010-11-01,2.245761609869527,0.832926856234397,GDELT
France,2010-12-01,2.643072866777896,1.263448436768828,GDELT
France,2011-01-01,2.482751456934663,1.0897261332622463,GDELT
France,2011-02-01,1.3655678088227248,-0.12084029688372515,GDELT
France,2011-03-01,0.6171637932309828,-0.9318016629876332,GDELT
France,2011-04-01,1.1255830413385972,-0.3808848327607508,GDELT
France,2011-05-01,0.431747817533676,-1.132716128725885,GDELT
France,2011-06-01,1.3642792377407569,-0.1222365766245927,GDELT
France,2011-07-01,0.9122100346749972,-0.6120931926421388,GDELT
France,2011-08-01,1.5266390519033113,0.053694516676043795,GDELT
France,2011-09-01,1.0872225693070412,-0.4224517674043397,GDELT
France,2011-10-01,0.966710345135482,-0.5530373280244482,GDELT
France,2011-11-01,2.0598955733282462,0.6315247101132835,GDELT
France,2011-12-01,-0.09051375935077743,-1.698632335788084,GDELT
France,2012-01-01,0.9366274218148476,-0.5856348129179673,GDELT
France,2012-02-01,0.08777831671144476,-1.505437239881764,GDELT
France,2012-03-01,1.825054883230896,0.3770542330841739,GDELT
France,2012-04-01,2.17090473312335,0.7518128673144511,GDELT
France,2012-05-01,2.1712383493109204,0.752174369702987,GDELT
France,2012-06-01,2.9556949570388316,1.602201880243891,GDELT
France,2012-07-01,1.6918753013751449,0.23274247982147683,GDELT
France,2012-08-01,0.9150506300464958,-0.6090151585121407,GDELT
France,2012-09-01,2.7838126805151795,1.415952364107264,GDELT
France,2012-10-01,0.9058606888547374,-0.6189732655078527,GDELT
France,2012-11-01,1.3387134441913986,-0.1499393553782919,GDELT
France,2012-12-01,2.011902225842917,0.5795197103674861,GDELT
France,2013-01-01,2.5604303914217805,1.1738980691642216,GDELT
France,2013-02-01,3.1618190716091092,1.8255554300063188,GDELT
France,2013-03-01,1.949124927855486,0.5114950040917643,GDELT
France,2013-04-01,1.5944421574470713,0.12716512606925962,GDELT
France,2013-05-01,1.6877713177426177,0.22829545374496546,GDELT
France,2013-06-01,1.6911721832527142,0.23198058969098642,GDELT
France,2013-07-01,0.9885963005258418,-0.5293219765403678,GDELT
France,2013-08-01,0.9508450015995004,-0.5702288187161096,GDELT
France,2013-09-01,2.4683274450441104,1.0740964517750182,GDELT
France,2013-10-01,3.0212780170231,1.6732668756342013,GDELT
France,2013-11-01,3.0355200999182355,1.6886994211045407,GDELT
France,2013-12-01,1.8593188864016936,0.4141822845653094,GDELT
France,2014-01-01,3.259336708931963,1.9312243397596134,GDELT
France,2014-02-01,2.838701371616903,1.4754290732004325,GDELT
France,2014-03-01,2.856330275214791,1.4945315358366782,GDELT
France,2014-04-01,2.8007400714214903,1.4342946762381026,GDELT
France,2014-05-01,2.3974598983821505,0.9973052517599101,GDELT
France,2014-06-01,2.150374336691378,0.7295663828084016,GDELT
France,2014-07-01,1.8154933159528144,0.36669343664216586,GDELT
France,2014-08-01,1.4168802238918,-0.06523879641661957,GDELT
France,2014-09-01,2.535669223391171,1.1470671727044335,GDELT
France,2014-10-01,1.0985999217606643,-0.4101234085283646,GDELT
France,2014-11-01,1.9368943076792533,0.4982420548293616,GDELT
France,2014-12-01,1.375811870791079,-0.1097399576080987,GDELT
France,2015-01-01,2.3234906097978794,0.9171530424313629,GDELT
France,2015-02-01,1.776996566134514,0.3249788330686869,GDELT
France,2015-03-01,2.511453279255834,1.1208270741368684,GDELT
France,2015-04-01,2.8430360372727126,1.480126063473874,GDELT
France,2015-05-01,2.4276178304545226,1.029984015212218,GDELT
France,2015-06-01,2.5040782154357064,1.1128355458899961,GDELT
France,2015-07-01,3.253686923313447,1.9251023017053903,GDELT
France,2015-08-01,2.5439985101867215,1.1560926852052587,GDELT
France,2015-09-01,2.5283536114702496,1.139140065802708,GDELT
France,2015-10-01,2.626055377796334,1.2450084954742395,GDELT
France,2015-11-01,1.119764971150328,-0.38718922190040117,GDELT
France,2015-12-01,1.0078339806190613,-0.5084762635243414,GDELT
France,2016-01-01,1.8706229011877904,0.42643117564874866,GDELT
France,2016-02-01,0.8318355197944083,-0.6991860262314465,GDELT
France,2016-03-01,1.377722785804865,-0.10766931365402638,GDELT
France,2016-04-01,0.6014347430344813,-0.9488454678966519,GDELT
France,2016-05-01,0.18703287874983943,-1.3978862199168869,GDELT
France,2016-06-01,0.3515488030211067,-1.2196187922797093,GDELT
France,2016-07-01,1.1886534802485524,-0.31254248259477885,GDELT
France,2016-08-01,0.28371586078409017,-1.2931217323459563,GDELT
France,2016-09-01,1.9693130726363377,0.5333706289274196,GDELT
France,2016-10-01,1.8970034815665855,0.45501684736736747,GDELT
France,2016-11-01,1.7543391485098834,0.30042753461696875,GDELT
France,2016-12-01,0.6858471349123612,-0.8573772405659122,GDELT
France,2017-01-01,1.6303596593875262,0.166084888435367,GDELT
France,2017-02-01,2.5055912100652833,1.1144750082206991,GDELT
France,2017-03-01,0.10160523973323876,-1.4904545565327152,GDELT
France,2017-04-01,0.512777440849641,-1.0449134277111882,GDELT
France,2017-05-01,1.4825942330701525,0.005968093906256975,GDELT
France,2017-06-01,2.488839287202884,1.096322831099339,GDELT
France,2017-07-01,2.903883593040513,1.5460597248673442,GDELT
France,2017-08-01,1.9977028702347308,0.5641334636586077,GDELT
France,2017-09-01,1.9694299221891924,0.5334972456625486,GDELT
France,2017-10-01,2.791821691822422,1.4246308300368298,GDELT
France,2017-11-01,1.7685647263970117,0.3158421954640803,GDELT
France,2017-12-01,2.323506509327517,0.917170270965693,GDELT
France,2018-01-01,2.105679155454279,0.6811352353543879,GDELT
France,2018-02-01,2.3246561747407863,0.9184160342361773,GDELT
France,2018-03-01,2.187880890086811,0.7702080217437034,GDELT
France,2018-04-01,2.5438963464605013,1.155981981850846,GDELT
France,2018-05-01,2.86244733310045,1.501159904359752,GDELT
France,2018-06-01,1.9579541313394329,0.5210622201539196,GDELT
France,2018-07-01,2.089263992640788,0.6633479672709568,GDELT
France,2018-08-01,3.3887296891656096,2.071432978180088,GDELT
France,2018-09-01,2.2220150717837424,0.8071954002759997,GDELT
France,2018-10-01,1.557200994699512,0.08681106116865983,GDELT
France,2018-11-01,1.218413910693286,-0.2802944470063821,GDELT
France,2018-12-01,1.3951077530477676,-0.08883117744516518,GDELT
France,2019-01-01,1.4739770212147114,-0.003369410640361318,GDELT
France,2019-02-01,1.7214066619986197,0.2647422981751834,GDELT
France,2019-03-01,1.6153399280377592,0.14980969268526123,GDELT
France,2019-04-01,1.189096371066649,-0.3120625715635768,GDELT
France,2019-05-01,1.4636683660280578,-0.014539742331129668,GDELT
France,2019-06-01,2.3637529294783413,0.9607807957442085,GDELT
France,2019-07-01,1.9337004665132336,0.4947812479106997,GDELT
France,2019-08-01,2.7859102999866714,1.4182253187102964,GDELT
France,2019-09-01,2.225133148135095,0.8105741093754021,GDELT
France,2019-10-01,1.627867388020304,0.1633842939027921,GDELT
France,2019-11-01,1.8997310204537357,0.45797237488451464,GDELT
France,2019-12-01,1.5386980567462114,0.06676150567866111,GDELT
Germany,2002-01-01,0.9362754850973758,-0.7543635686597546,GDELT
Germany,2002-02-01,1.3090198789217382,-0.34884141207627795,GDELT
Germany,2002-03-01,1.9477227339730323,0.3460266087113652,GDELT
Germany,2002-04-01,2.2331781809390456,0.6565839514375003,GDELT
Germany,2002-05-01,0.1423403985842029,-1.6181143689516515,GDELT
Germany,2002-06-01,-0.11549471049599448,-1.8986225434794364,GDELT
Germany,2002-07-01,0.8522042096507949,-0.845827760987448,GDELT
Germany,2002-08-01,1.6462260734836676,0.018017447500548373,GDELT
Germany,2002-09-01,2.06374094052633,0.47224702705683735,GDELT
Germany,2002-10-01,3.60704480132196,2.151263318817212,GDELT
Germany,2002-11-01,4.0312531763014015,2.6127750086308326,GDELT
Germany,2002-12-01,2.5516432085639096,1.0030536152031326,GDELT
Germany,2003-01-01,2.653577769145416,1.1139519238625502,GDELT
Germany,2003-02-01,1.3049660675499215,-0.3532517006201651,GDELT
Germany,2003-03-01,1.732997059501706,0.11241875295784796,GDELT
Germany,2003-04-01,0.7374830591878094,-0.9706370649294105,GDELT
Germany,2003-05-01,3.351441263616909,1.8731829517940137,GDELT
Germany,2003-06-01,3.915576331756263,2.486925970405405,GDELT
Germany,2003-07-01,1.6370413791973562,0.008025085184027591,GDELT
Germany,2003-08-01,3.93978262268973,2.513260872995119,GDELT
Germany,2003-09-01,2.007522628627431,0.41108508482930006,GDELT
Germany,2003-10-01,2.1053450447654303,0.5175096422786604,GDELT
Germany,2003-11-01,1.9403948766349952,0.338054366713657,GDELT
Germany,2003-12-01,1.3882456820894529,-0.26264878493037286,GDELT
Germany,2004-01-01,1.4550096336839395,-0.19001385847353522,GDELT
Germany,2004-02-01,1.4037207398154743,-0.24581290788894103,GDELT
Germany,2004-03-01,1.744577330026816,0.125017349623464,GDELT
Germany,2004-04-01,2.5858953297984044,1.0403177412388311,GDELT
Germany,2004-05-01,2.192159195196723,0.6119579078679984,GDELT
Germany,2004-06-01,0.06920945452333527,-1.6976761776331328,GDELT
Germany,2004-07-01,0.6303483234725551,-1.0871928328820797,GDELT
Germany,2004-08-01,-0.4143966063094382,-2.2238087660099146,GDELT
Germany,2004-09-01,2,0.40290094407570426,GDELT
Germany,2004-10-01,2.0309134159747746,0.43653277146506453,GDELT
Germany,2004-11-01,2.456140199956865,0.8991524254006964,GDELT
Germany,2004-12-01,0.8533619831978196,-0.8445681771187071,GDELT
Germany,2005-01-01,2.234656594530021,0.6581923712492201,GDELT
Germany,2005-02-01,-1.1855564824190434,-3.0627815881684928,GDELT
Germany,2005-03-01,-1.2471914088197096,-3.129836461934453,GDELT
Germany,2005-04-01,0.413139353764592,-1.3235023556666212,GDELT
Germany,2005-05-01,-0.28261007836303875,-2.0804334184341853,GDELT
Germany,2005-06-01,0.2406779764760003,-1.5111293483300727,GDELT
Germany,2005-07-01,4.650050542065848,3.2859871250583006,GDELT
Germany,2005-08-01,-0.1353091793228316,-1.9201794233771425,GDELT
Germany,2005-09-01,-0.1782189209336007,-1.9668624888899617,GDELT
Germany,2005-10-01,1.203242092798785,-0.46392090531050223,GDELT
Germany,2005-11-01,2.5483400438644033,0.999459982422366,GDELT
Germany,2005-12-01,2.019472709029875,0.4240860110844878,GDELT
Germany,2006-01-01,3.5923917271894616,2.135321707565003,GDELT
Germany,2006-02-01,1.7666356750849967,0.14901542392547731,GDELT
Germany,2006-03-01,2.8715837613195685,1.3511285563198043,GDELT
Germany,2006-04-01,3.152710237193123,1.6569762542537263,GDELT
Germany,2006-05-01,1.829601709507811,0.21751845842766965,GDELT
Germany,2006-06-01,1.741490636762709,0.12165922397513527,GDELT
Germany,2006-07-01,1.459214233724925,-0.18543952146286294,GDELT
Germany,2006-08-01,2.7503088699798752,1.2191891997786761,GDELT
Germany,2006-09-01,2.6179594203232384,1.0752014292404415,GDELT
Germany,2006-10-01,3.5873082527888354,2.1297912112355255,GDELT
Germany,2006-11-01,2.254517299288091,0.6797995528948692,GDELT
Germany,2006-12-01,1.1142279520792382,-0.5607626201936099,GDELT
Germany,2007-01-01,0.5969667346219225,-1.1235098751372345,GDELT
Germany,2007-02-01,0.9275228917787056,-0.7638858326484056,GDELT
Germany,2007-03-01,2.086351192159112,0.49684554055545016,GDELT
Germany,2007-04-01,2.565509786879394,1.0181395691063821,GDELT
Germany,2007-05-01,1.7269110196389423,0.1057975292691992,GDELT
Germany,2007-06-01,2.160140487852848,0.577123593876353,GDELT
Germany,2007-07-01,2.6090367098621527,1.0654940886373407,GDELT
Germany,2007-08-01,0.4888352737992889,-1.2411500165151306,GDELT
Germany,2007-09-01,0.4500711596458835,-1.2833229034316918,GDELT
Germany,2007-10-01,0.27220557157001757,-1.4768293331823175,GDELT
Germany,2007-11-01,1.2651420795572363,-0.39657766275967304,GDELT
Germany,2007-12-01,1.1599718699471993,-0.5109961514505981,GDELT
Germany,2008-01-01,1.298291861608611,-0.3605128115359682,GDELT
Germany,2008-02-01,2.42428981510232,0.8645012355552635,GDELT
Germany,2008-03-01,0.7340354800240743,-0.9743878114480259,GDELT
Germany,2008-04-01,0.6106505403271569,-1.108622766191283,GDELT
Germany,2008-05-01,0.9998317292720956,-0.6852184235439762,GDELT
Germany,2008-06-01,3.075584590528056,1.5730684636022845,GDELT
Germany,2008-07-01,3.4216633503996103,1.9495801090516793,GDELT
Germany,2008-08-01,1.322837305646365,-0.33380893197291506,GDELT
Germany,2008-09-01,2.565859255256232,1.0185197684391714,GDELT
Germany,2008-10-01,2.4094980198011324,0.8484087045080888,GDELT
Germany,2008-11-01,1.1595683305684492,-0.5114351765891336,GDELT
Germany,2008-12-01,1.424923588145715,-0.22274555953160247,GDELT
Germany,2009-01-01,1.2163629236475035,-0.4496462771468215,GDELT
Germany,2009-02-01,1.8484919812151297,0.2380698707308935,GDELT
Germany,2009-03-01,1.9388270035502464,0.3363486206713004,GDELT
Germany,2009-04-01,2.6540016478429713,1.1144130768843266,GDELT
Germany,2009-05-01,1.263041304459131,-0.39886317224658946,GDELT
Germany,2009-06-01,1.3198779529931493,-0.3370285191482182,GDELT
Germany,2009-07-01,0.05677566120515998,-1.71120335272802,GDELT
Germany,2009-08-01,0.00751684009926911,-1.764793812293813,GDELT
Germany,2009-09-01,2.3218430589476178,0.7530456907391767,GDELT
Germany,2009-10-01,1.9609375453205988,0.3604034816712147,GDELT
Germany,2009-11-01,1.454536828711852,-0.19052824016538877,GDELT
Germany,2009-12-01,1.9862417249290496,0.3879328172035682,GDELT
Germany,2010-01-01,2.3869035105387724,0.8238273177057027,GDELT
Germany,2010-02-01,-0.07120447827557186,-1.8504375921208605,GDELT
Germany,2010-03-01,1.435031403735609,-0.21174890003980795,GDELT
Germany,2010-04-01,2.1027553036726694,0.5146921689367968,GDELT
Germany,2010-05-01,1.409022059766201,-0.24004540947776243,GDELT
Germany,2010-06-01,2.1387115160015746,0.5538102375322473,GDELT
Germany,2010-07-01,1.4384903904967796,-0.207985742781849,GDELT
Germany,2010-08-01,1.426341970771178,-0.22120244958637464,GDELT
Germany,2010-09-01,1.6474884465159985,0.01939082894629284,GDELT
Germany,2010-10-01,2.3103535586837864,0.7405458463357468,GDELT
Germany,2010-11-01,2.3399698533658615,0.7727664883855532,GDELT
Germany,2010-12-01,3.030001347671236,1.523476799036362,GDELT
Germany,2011-01-01,0.5817249139077827,-1.1400920051669867,GDELT
Germany,2011-02-01,1.516968870243959,-0.12260615591282492,GDELT
Germany,2011-03-01,1.1733127950165816,-0.49648207479488393,GDELT
Germany,2011-04-01,1.2871281190207302,-0.3726582523387973,GDELT
Germany,2011-05-01,1.67625287315356,0.05068469282784468,GDELT
Germany,2011-06-01,1.6472347176133295,0.019114788062774273,GDELT
Germany,2011-07-01,1.4493226032200042,-0.19620098535324276,GDELT
Germany,2011-08-01,1.485029457401792,-0.15735420253768884,GDELT
Germany,2011-09-01,-0.1601226428451934,-1.9471748910665505,GDELT
Germany,2011-10-01,0.9807956937633656,-0.7059284175779503,GDELT
Germany,2011-11-01,1.971390491956644,0.3717756217563006,GDELT
Germany,2011-12-01,0.5442599925155296,-1.1808514531182706,GDELT
Germany,2012-01-01,2.0506968440367217,0.4580558809878737,GDELT
Germany,2012-02-01,1.2045032743803024,-0.4625488200873472,GDELT
Germany,2012-03-01,-0.4538469575231634,-2.2667282351346567,GDELT
Germany,2012-04-01,2.4232123918852793,0.8633290677272122,GDELT
Germany,2012-05-01,2.452905293663086,0.8956330534172865,GDELT
Germany,2012-06-01,0.37078280029784416,-1.3695835877169482,GDELT
Germany,2012-07-01,1.6095006287650246,-0.0219374969346694,GDELT
Germany,2012-08-01,1.8368105591838173,0.2253612276699018,GDELT
Germany,2012-09-01,2.5177700173168347,0.9662017408558261,GDELT
Germany,2012-10-01,1.7363161643134148,0.1160297275653025,GDELT
Germany,2012-11-01,1.857716345815433,0.2481053918220301,GDELT
Germany,2012-12-01,2.3086067754818487,0.7386454574825012,GDELT
Germany,2013-01-01,3.0455748684683073,1.5404197976269773,GDELT
Germany,2013-02-01,3.3062818579797515,1.8240523951245624,GDELT
Germany,2013-03-01,1.4300326901695133,-0.21718718198059908,GDELT
Germany,2013-04-01,-0.34189570909279965,-2.144932408160836,GDELT
Germany,2013-05-01,1.5700633771261483,-0.06484271455642163,GDELT
Germany,2013-06-01,1.096244220123637,-0.5803277749937406,GDELT
Germany,2013-07-01,1.4761941572742394,-0.1669664462659624,GDELT
Germany,2013-08-01,0.977410151346156,-0.7096116720680998,GDELT
Germany,2013-09-01,1.890437890668915,0.2837043482532285,GDELT
Germany,2013-10-01,3.1350948786890793,1.637811866303423,GDELT
Germany,2013-11-01,3.268852147734721,1.7833312546584994,GDELT
Germany,2013-12-01,2.8745185912646747,1.354321464350786,GDELT
Germany,2014-01-01,2.7483479843320495,1.217055881102676,GDELT
Germany,2014-02-01,1.307712161922268,-0.3502641248698496,GDELT
Germany,2014-03-01,2.0844783068212447,0.4948079606110464,GDELT
Germany,2014-04-01,2.8419050409742788,1.3188399991249484,GDELT
Germany,2014-05-01,2.6217240919357536,1.079297152144473,GDELT
Germany,2014-06-01,2.0449149063166896,0.45176550105914537,GDELT
Germany,2014-07-01,2.316570291407914,0.7473092555323962,GDELT
Germany,2014-08-01,0.577590577688472,-1.1445898996154973,GDELT
Germany,2014-09-01,1.6028417957531502,-0.029181883082504932,GDELT
Germany,2014-10-01,2.115458504509151,0.5285124422502848,GDELT
Germany,2014-11-01,1.589764604531183,-0.043409034112133704,GDELT
Germany,2014-12-01,2.3195722644305636,0.7505752109547171,GDELT
Germany,2015-01-01,3.058735382796389,1.554737598888359,GDELT
Germany,2015-02-01,2.168626203990012,0.5863555124916587,GDELT
Germany,2015-03-01,3.2623838217118397,1.7762941279793523,GDELT
Germany,2015-04-01,2.515546467632202,0.9637826604395351,GDELT
Germany,2015-05-01,1.654557266889075,0.027081255226833766,GDELT
Germany,2015-06-01,1.9357520658491456,0.33300328432669046,GDELT
Germany,2015-07-01,3.141597333062645,1.6448861224541311,GDELT
Germany,2015-08-01,2.6439061311101213,1.103429797765556,GDELT
Germany,2015-09-01,2.0366837218612073,0.44281049669978695,GDELT
Germany,2015-10-01,2.2157945380861808,0.6376716553553426,GDELT
Germany,2015-11-01,1.622394486483932,-0.007909801077986505,GDELT
Germany,2015-12-01,2.0309226947494547,0.43654286618085664,GDELT
Germany,2016-01-01,2.705627029041972,1.1705782030810403,GDELT
Germany,2016-02-01,2.1618957814514808,0.5790332414990885,GDELT
Germany,2016-03-01,1.621837695489079,-0.008515554212681327,GDELT
Germany,2016-04-01,1.3446849566945789,-0.3100400793324923,GDELT
Germany,2016-05-01,0.7039173356852206,-1.007154433956477,GDELT
Germany,2016-06-01,1.709075588117793,0.08639371589498271,GDELT
Germany,2016-07-01,0.755116988860788,-0.951452472730293,GDELT
Germany,2016-08-01,0.13004319782772278,-1.6314929400403895,GDELT
Germany,2016-09-01,1.912050391368313,0.3072173722932668,GDELT
Germany,2016-10-01,1.208571540402824,-0.45812280580425735,GDELT
Germany,2016-11-01,0.9656772436642208,-0.7223763282373222,GDELT
Germany,2016-12-01,1.0653036060281966,-0.6139891922058592,GDELT
Germany,2017-01-01,1.9157123622688257,0.3112013633646969,GDELT
Germany,2017-02-01,1.9387204252335335,0.3362326702517783,GDELT
Germany,2017-03-01,0.5974648261045488,-1.1229679833326711,GDELT
Germany,2017-04-01,1.986450126266286,0.3881595445832717,GDELT
Germany,2017-05-01,1.651003368683719,0.023214840363480743,GDELT
Germany,2017-06-01,1.8003968753042496,0.1857454591683659,GDELT
Germany,2017-07-01,2.2619583127808287,0.6878949015808203,GDELT
Germany,2017-08-01,0.35416485096854977,-1.387662858020302,GDELT
Germany,2017-09-01,1.970281153462242,0.37056873213948993,GDELT
Germany,2017-10-01,3.2003133409606175,1.708765398824892,GDELT
Germany,2017-11-01,1.0609815870879462,-0.618691273499323,GDELT
Germany,2017-12-01,0.6542294071996437,-1.0612117350171368,GDELT
Germany,2018-01-01,1.7948646404593962,0.17972674006170555,GDELT
Germany,2018-02-01,2.107137835385595,0.5194600842722548,GDELT
Germany,2018-03-01,2.2912634280657453,0.7197770002687123,GDELT
Germany,2018-04-01,2.3973006107260577,0.8351387004119686,GDELT
Germany,2018-05-01,3.180633066207971,1.687354513531714,GDELT
Germany,2018-06-01,2.2904520388703773,0.7188942605098168,GDELT
Germany,2018-07-01,2.79848823214809,1.2716052767820423,GDELT
Germany,2018-08-01,2.367086581982091,0.8022677617786114,GDELT
Germany,2018-09-01,2.054685316396478,0.4623950848487481,GDELT
Germany,2018-10-01,1.4742663311713038,-0.1690637982630222,GDELT
Germany,2018-11-01,2.2207720334992747,0.6430868532972688,GDELT
Germany,2018-12-01,1.092138622734911,-0.5847944034252448,GDELT
Germany,2019-01-01,1.3311648506396594,-0.32474909348660386,GDELT
Germany,2019-02-01,1.0954535258012186,-0.5811880000491348,GDELT
Germany,2019-03-01,0.7912530555872674,-0.9121387340070453,GDELT
Germany,2019-04-01,1.714229507631179,0.09200085201977391,GDELT
Germany,2019-05-01,2.599406639591189,1.0550171856200636,GDELT
Germany,2019-06-01,2.9241573158275056,1.4083252346777986,GDELT
Germany,2019-07-01,2.7971165278862795,1.2701129499230468,GDELT
Germany,2019-08-01,2.000210690476365,0.4031301618929611,GDELT
Germany,2019-09-01,1.960794971537149,0.3602483704768018,GDELT
Germany,2019-10-01,1.606969589198485,-0.024691106755304046,GDELT
Germany,2019-11-01,1.166401124960455,-0.5040015315410923,GDELT
Germany,2019-12-01,0.6801172114299501,-1.0330474530732174,GDELT
India,2002-01-01,1.3162397506473855,0.6322426454719666,GDELT
India,2002-02-01,-0.04725701536224847,-0.37721920521749785,GDELT
India,2002-03-01,3.638867329381728,2.3517948971089115,GDELT
India,2002-04-01,2,1.138463051670204,GDELT
India,2002-05-01,3.2911735534650663,2.0943805700201734,GDELT
India,2002-06-01,2.9600855634373815,1.849260300221132,GDELT
India,2002-07-01,1.6562430400804526,0.8839633377007184,GDELT
India,2002-08-01,2.238656341038423,1.3151517521564362,GDELT
India,2002-09-01,0.4107392715121226,-0.03814265521573656,GDELT
India,2002-10-01,3.799999999999997,2.4710891176334546,GDELT
India,2002-11-01,0.5823092136726657,0.08887877648367867,GDELT
India,2002-12-01,1.6361884409993248,0.8691159591018554,GDELT
India,2003-01-01,1.8393597527907384,1.0195333957402914,GDELT
India,2003-02-01,-1.197722050143854,-1.228963479289324,GDELT
India,2003-03-01,-1.1468126972794082,-1.19127285116239,GDELT
India,2003-04-01,1.041816471738997,0.4290739707050654,GDELT
India,2003-05-01,-0.41287343052624337,-0.6479025191017099,GDELT
India,2003-06-01,1.8028043660693491,0.9924696950756856,GDELT
India,2003-07-01,0.6411375064910967,0.13243217449810082,GDELT
India,2003-08-01,2.405190225896014,1.4384447498382966,GDELT
India,2003-09-01,0.6272124522490081,0.12212279102423451,GDELT
India,2003-10-01,2.370840005867887,1.4130136395154882,GDELT
India,2003-11-01,2.603831638407801,1.5855084854455002,GDELT
India,2003-12-01,1.1362636982851928,0.4989977684569526,GDELT
India,2004-01-01,3.1191189752169297,1.9670003390525173,GDELT
India,2004-02-01,0.8937636361162724,0.3194633774325012,GDELT
India,2004-03-01,2.2916724956234003,1.3544021463325906,GDELT
India,2004-04-01,3.625535977700173,2.3419250600281543,GDELT
India,2004-05-01,2.545305679271957,1.542178919512208,GDELT
India,2004-06-01,0.1853002656589986,-0.20504593048502281,GDELT
India,2004-07-01,4.3950595310788945,2.911640140919904,GDELT
India,2004-08-01,0.16910121892643382,-0.21703885932922987,GDELT
India,2004-09-01,2.921299195843382,1.8205448977434675,GDELT
India,2004-10-01,1.3527844091726742,0.6592984035400365,GDELT
India,2004-11-01,1,0.39811523724617476,GDELT
India,2004-12-01,0.0536374712671126,-0.30252219255401597,GDELT
India,2005-01-01,3.612461747041564,2.332245581934777,GDELT
India,2005-02-01,0.19821414333553555,-0.19548516937145943,GDELT
India,2005-03-01,1.5570689291270412,0.8105400014089141,GDELT
India,2005-04-01,2.8433385463785488,1.7628269013011004,GDELT
India,2005-05-01,3.8618259172002265,2.5168618003074053,GDELT
India,2005-06-01,2.6684827149524537,1.6333727686654944,GDELT
India,2005-07-01,1.1141378582540842,0.4826169511476256,GDELT
India,2005-08-01,4.26848271495245,2.8179292717439384,GDELT
India,2005-09-01,3.0856631131093977,1.9422313646615343,GDELT
India,2005-10-01,1.885516201052596,1.0537052213325335,GDELT
India,2005-11-01,2.6000000000000014,1.5826717403246227,GDELT
India,2005-12-01,2.332042802921624,1.3842902151084568,GDELT
India,2006-01-01,4.854600330746463,3.2518601675924588,GDELT
India,2006-02-01,1.9657358768644464,1.113095682993641,GDELT
India,2006-03-01,1.338837198158762,0.6489726163485758,GDELT
India,2006-04-01,2.611881583126353,1.5914682444241144,GDELT
India,2006-05-01,0.8778957201305939,0.30771560051304,GDELT
India,2006-06-01,0.14276145821281006,-0.23653944360601312,GDELT
India,2006-07-01,2.2086478666200886,1.292935043706623,GDELT
India,2006-08-01,2.446316333918567,1.4688923740285602,GDELT
India,2006-09-01,1.9802363835460304,1.1238311014233928,GDELT
India,2006-10-01,1.6135748380957011,0.8523740276159046,GDELT
India,2006-11-01,1.487151522313546,0.7587768020843473,GDELT
India,2006-12-01,2.764372145892086,1.704364299288015,GDELT
India,2007-01-01,-0.21990688296657268,-0.5050401573589572,GDELT
India,2007-02-01,0.5334120334927341,0.05267785600596835,GDELT
India,2007-03-01,1.368287661289168,0.6707762023609474,GDELT
India,2007-04-01,1.6976610971959705,0.9146271057638817,GDELT
India,2007-05-01,0.27836245425888606,-0.13614754254957934,GDELT
India,2007-06-01,2.4118666636615043,1.4433876359461153,GDELT
India,2007-07-01,0.7241369946758507,0.1938806641739965,GDELT
India,2007-08-01,0.5261851251016054,0.04732743017355353,GDELT
India,2007-09-01,1.4165865747745308,0.706534197398891,GDELT
India,2007-10-01,1.280141265408684,0.6055172108214758,GDELT
India,2007-11-01,1.4591828941202198,0.7380702893289799,GDELT
India,2007-12-01,0.5332690910003244,0.052572028844124465,GDELT
India,2008-01-01,2.117207606252439,1.2252374467930693,GDELT
India,2008-02-01,1.0715247206853729,0.4510684078828797,GDELT
India,2008-03-01,-0.7672440518639068,-0.9102600341051342,GDELT
India,2008-04-01,-0.5329612746764365,-0.7368092920571989,GDELT
India,2008-05-01,0.8409943798639752,0.2803957738973314,GDELT
India,2008-06-01,0.4005200386897751,-0.04570844190085182,GDELT
India,2008-07-01,1.5534093680194037,0.8078306533411235,GDELT
India,2008-08-01,0.33486956636566134,-0.09431262560191465,GDELT
India,2008-09-01,1.2912940086471671,0.6137741199029192,GDELT
India,2008-10-01,1.3057839252421743,0.6245016979852193,GDELT
India,2008-11-01,-0.5215479664475176,-0.7283594742545709,GDELT
India,2008-12-01,-0.1250967612682352,-0.4348476909743169,GDELT
India,2009-01-01,0.7746140603465879,0.23125124942186495,GDELT
India,2009-02-01,1.7260917336079995,0.9356756652942116,GDELT
India,2009-03-01,0.7631623035058652,0.22277296627352053,GDELT
India,2009-04-01,0.7065862508493925,0.18088700934056218,GDELT
India,2009-05-01,-0.5752705642215261,-0.7681328821017394,GDELT
India,2009-06-01,1.4138121262218828,0.7044801404767062,GDELT
India,2009-07-01,-0.6234355001267318,-0.8037916871310319,GDELT
India,2009-08-01,-0.07808280053396821,-0.4000410078972852,GDELT
India,2009-09-01,-1.6080338577731703,-1.5327369293000612,GDELT
India,2009-10-01,-0.19202968677969423,-0.4844013360897319,GDELT
India,2009-11-01,0.01884535646927077,-0.3282804587037881,GDELT
India,2009-12-01,0.21287793185949155,-0.18462886558657243,GDELT
India,2010-01-01,-0.7625013995385448,-0.9067488218214795,GDELT
India,2010-02-01,1.6669775423176976,0.8919106029709926,GDELT
India,2010-03-01,3.4916758173540057,2.2428219828774196,GDELT
India,2010-04-01,1.7388621083890534,0.9451301843527407,GDELT
India,2010-05-01,0.5946728343626884,0.09803215603990463,GDELT
India,2010-06-01,0.702141902785776,0.17759664596512403,GDELT
India,2010-07-01,0.5044134060869379,0.031208785584790316,GDELT
India,2010-08-01,0.7990737159651022,0.2493599020005965,GDELT
India,2010-09-01,0.3183651375900194,-0.10653164337427823,GDELT
India,2010-10-01,0.6207649580752257,0.11734940280416302,GDELT
India,2010-11-01,0.4482517854448318,-0.010370347512104345,GDELT
India,2010-12-01,1.8092811179330113,0.9972647441625146,GDELT
India,2011-01-01,0.10461835109065731,-0.26477860959924054,GDELT
India,2011-02-01,1.006194824470887,0.40270156200393636,GDELT
India,2011-03-01,1.0594269594562125,0.442111856797447,GDELT
India,2011-04-01,1.1725043150047814,0.525828429838679,GDELT
India,2011-05-01,1.0092020890347442,0.40492798375118294,GDELT
India,2011-06-01,0.8298915690093409,0.27217583214713953,GDELT
India,2011-07-01,0.508983837003985,0.03459249412520216,GDELT
India,2011-08-01,-0.868296057150939,-0.985073665362554,GDELT
India,2011-09-01,0.31372763889873134,-0.10996500539476763,GDELT
India,2011-10-01,0.3812567655686081,-0.05996996405476095,GDELT
India,2011-11-01,-0.07531846890312544,-0.39799444101604753,GDELT
India,2011-12-01,0.2371843113720331,-0.1666336906379013,GDELT
India,2012-01-01,1.6730731385213158,0.8964234642979527,GDELT
India,2012-02-01,0.1769194269048988,-0.2112506661396608,GDELT
India,2012-03-01,0.6803477972084693,0.16146142753363843,GDELT
India,2012-04-01,-0.209537488736272,-0.497363199003653,GDELT
India,2012-05-01,0.1865411360360092,-0.2041272548134195,GDELT
India,2012-06-01,0.907512575863926,0.32964237492532417,GDELT
India,2012-07-01,-0.20890875565117464,-0.4968977178382451,GDELT
India,2012-08-01,1.2161416731178338,0.558135252544916,GDELT
India,2012-09-01,1.8668580409664504,1.0398916932915818,GDELT
India,2012-10-01,-0.8452400692655129,-0.9680042151221919,GDELT
India,2012-11-01,0.3834710368723595,-0.058330633134486755,GDELT
India,2012-12-01,-0.16198454353394354,-0.4621574799536835,GDELT
India,2013-01-01,0.9070456177685352,0.329296663519974,GDELT
India,2013-02-01,0.7817802520002992,0.23655672375043388,GDELT
India,2013-03-01,1.0133374038309846,0.40798955502253487,GDELT
India,2013-04-01,1.2700874816562298,0.5980739139936545,GDELT
India,2013-05-01,0.8395063723792582,0.27929413080817456,GDELT
India,2013-06-01,1.4643740078973764,0.7419135190683243,GDELT
India,2013-07-01,-0.17797144807880194,-0.473993349792875,GDELT
India,2013-08-01,-0.8486008470264359,-0.9704923595922561,GDELT
India,2013-09-01,0.3952003932743917,-0.04964682975764172,GDELT
India,2013-10-01,1.590314496517319,0.8351532845655931,GDELT
India,2013-11-01,0.8539989858756059,0.29002370553548773,GDELT
India,2013-12-01,0.8968724199109701,0.32176495872042243,GDELT
India,2014-01-01,0.04490860760214765,-0.3089845876907781,GDELT
India,2014-02-01,0.8560409904383732,0.29153549915057647,GDELT
India,2014-03-01,0.17385989305534544,-0.21351578533833399,GDELT
India,2014-04-01,-0.29387475696779575,-0.5598021112133548,GDELT
India,2014-05-01,1.5764798591088631,0.8249108409968938,GDELT
India,2014-06-01,1.4066645227725516,0.6991884278846242,GDELT
India,2014-07-01,0.35938182928523865,-0.07616502532281842,GDELT
India,2014-08-01,-0.437874647817571,-0.6664121156812847,GDELT
India,2014-09-01,1.8351217446502233,1.0163957956759497,GDELT
India,2014-10-01,0.12053873374113344,-0.2529919890991663,GDELT
India,2014-11-01,0.44323109761178614,-0.014087402776205012,GDELT
India,2014-12-01,0.9477122463255494,0.35940411309215325,GDELT
India,2015-01-01,0.4468007521403994,-0.01144461684769736,GDELT
India,2015-02-01,0.3797796134719764,-0.061063570381074093,GDELT
India,2015-03-01,0.3335954466422848,-0.09525591735443102,GDELT
India,2015-04-01,1.2691502830878625,0.5973800610818825,GDELT
India,2015-05-01,1.3766412533681027,0.6769607659991767,GDELT
India,2015-06-01,0.8169768040552086,0.26261441413954756,GDELT
India,2015-07-01,1.3404790660973145,0.650188169688456,GDELT
India,2015-08-01,1.2246882801478556,0.5644627143803336,GDELT
India,2015-09-01,0.30841894211454957,-0.11389528745637648,GDELT
India,2015-10-01,0.08303610134734107,-0.28075698102705826,GDELT
India,2015-11-01,1.2836243276409007,0.6080958883326004,GDELT
India,2015-12-01,1.1287268235290284,0.49341785970363866,GDELT
India,2016-01-01,1.4596808900929172,0.7384389795589584,GDELT
India,2016-02-01,1.282517292117987,0.6072762970027215,GDELT
India,2016-03-01,-0.5465531916932758,-0.7468720381144486,GDELT
India,2016-04-01,-0.9482075127964896,-1.04423593689718,GDELT
India,2016-05-01,0.6561720991447011,0.14356300230995242,GDELT
India,2016-06-01,0.38667958564309046,-0.055955191064603185,GDELT
India,2016-07-01,-0.4818429929959578,-0.6989639839379446,GDELT
India,2016-08-01,-0.6495163355199818,-0.8231005766127774,GDELT
India,2016-09-01,0.34871491945239796,-0.0840622487042202,GDELT
India,2016-10-01,-0.5410188749220026,-0.7427747187885063,GDELT
India,2016-11-01,0.3248811623762382,-0.10170751866506833,GDELT
India,2016-12-01,0.7000758623101966,0.1760670574145172,GDELT
India,2017-01-01,0.21482764094005624,-0.18318540273001369,GDELT
India,2017-02-01,0.3048375005948021,-0.116546799858009,GDELT
India,2017-03-01,0.00939782478560147,-0.3352749181374944,GDELT
India,2017-04-01,-0.17903854573832945,-0.4747833732128832,GDELT
India,2017-05-01,-0.18067150366468177,-0.47599233004470454,GDELT
India,2017-06-01,-0.6559944890247458,-0.8278966634015328,GDELT
India,2017-07-01,-1.1780494696271155,-1.2143989272996762,GDELT
India,2017-08-01,-0.941155558997659,-1.0390150383147967,GDELT
India,2017-09-01,-0.3109818255589456,-0.5724672920560145,GDELT
India,2017-10-01,0.24694308974892465,-0.15940880039512118,GDELT
India,2017-11-01,0.5202724529731597,0.04294999628585288,GDELT
India,2017-12-01,0.5322619982460779,0.0518264299245958,GDELT
India,2018-01-01,-0.06087674021808631,-0.38730253874757403,GDELT
India,2018-02-01,-0.3012862316789615,-0.5652891803174253,GDELT
India,2018-03-01,0.5762152941358156,0.08436715647329579,GDELT
India,2018-04-01,0.3755174037033786,-0.06421908806787223,GDELT
India,2018-05-01,1.4781986734594543,0.7521485800023517,GDELT
India,2018-06-01,0.5717605162207473,0.08106907138013053,GDELT
India,2018-07-01,-0.03708467626842982,-0.36968813620180907,GDELT
India,2018-08-01,1.0913729275285746,0.46576298443948017,GDELT
India,2018-09-01,0.08425778281611684,-0.27985251182172777,GDELT
India,2018-10-01,0.42027928982525253,-0.03107972350804558,GDELT
India,2018-11-01,0.6391040825249341,0.13092673350895492,GDELT
India,2018-12-01,0.951300570062509,0.3620607207282572,GDELT
India,2019-01-01,1.4560796085819003,0.7357727786631514,GDELT
India,2019-02-01,-0.906253628760302,-1.0131754705443896,GDELT
India,2019-03-01,-0.485685253870912,-0.7018085933791639,GDELT
India,2019-04-01,-0.2664455453090824,-0.5394949543104522,GDELT
India,2019-05-01,0.6574085870603046,0.1444784334358312,GDELT
India,2019-06-01,0.6790312429126395,0.1604867194381503,GDELT
India,2019-07-01,-1.3791752732993654,-1.3633019764727028,GDELT
India,2019-08-01,0.3818994717615798,-0.059494137929477574,GDELT
India,2019-09-01,0.2151329477506625,-0.18295936950005257,GDELT
India,2019-10-01,0.6416324499979194,0.13279860484164036,GDELT
India,2019-11-01,0.5356482483666145,0.05433343280042819,GDELT
India,2019-12-01,-0.19846054378895597,-0.4891624070214123,GDELT
Indonesia,2002-01-01,3.0414444036165467,1.337853988622364,GDELT
Indonesia,2002-02-01,2.308835184895143,0.7480793184306916,GDELT
Indonesia,2002-03-01,0.07884968340906973,-1.0471328220423852,GDELT
Indonesia,2002-04-01,1.8904213339942135,0.41124231909644665,GDELT
Indonesia,2002-05-01,2.478421534496825,0.8846019431116899,GDELT
Indonesia,2002-06-01,3.820111476775626,1.9647067561359943,GDELT
Indonesia,2002-07-01,2.185529905228819,0.6488144869356446,GDELT
Indonesia,2002-08-01,0.6758718658059859,-0.5665102039776331,GDELT
Indonesia,2002-09-01,2.825844381847812,1.164288834809677,GDELT
Indonesia,2002-10-01,1.07336782757217,-0.24651279777201598,GDELT
Indonesia,2002-11-01,4.849999999999998,2.793801106298444,GDELT
Indonesia,2002-12-01,1.9730224041465831,0.4777389146369932,GDELT
Indonesia,2003-01-01,3.5079877926150793,1.7134368591968474,GDELT
Indonesia,2003-02-01,-2.7905079995076445,-3.357060731573214,GDELT
Indonesia,2003-03-01,3.511218498883961,1.7160376846785979,GDELT
Indonesia,2003-04-01,2.397461624640311,0.8194265359311659,GDELT
Indonesia,2003-05-01,-1.97525512860841,-2.7007551859010483,GDELT
Indonesia,2003-06-01,-1.6039449525853868,-2.4018382039594557,GDELT
Indonesia,2003-07-01,5.16782218421827,3.0496584844025127,GDELT
Indonesia,2003-08-01,0.9210502931754476,-0.3691334546209948,GDELT
Indonesia,2003-09-01,2.543772267167128,0.9372114459987523,GDELT
Indonesia,2003-10-01,2.3640651457777686,0.792541265034501,GDELT
Indonesia,2003-11-01,1.2269235796455007,-0.1228953347087753,GDELT
Indonesia,2003-12-01,2.413412595585937,0.8322675955142165,GDELT
Indonesia,2004-01-01,3.2129125467713155,1.4758915194003364,GDELT
Indonesia,2004-02-01,0.58274893668667,-0.6414772442565959,GDELT
Indonesia,2004-03-01,-1.982241588429744,-2.7063795173067136,GDELT
Indonesia,2004-04-01,4.933473807950053,2.8610002846534575,GDELT
Indonesia,2004-05-01,-0.12834911522383585,-1.2139347131530442,GDELT
Indonesia,2004-06-01,2.3309946001323425,0.7659183811658953,GDELT
Indonesia,2004-07-01,-0.8095299031432468,-1.7623077942851952,GDELT
Indonesia,2004-08-01,-1.3480773969746682,-2.1958563525620236,GDELT
Indonesia,2004-09-01,1.2619131640819925,-0.09472756109381747,GDELT
Indonesia,2004-10-01,3.128024990022798,1.4075542264679466,GDELT
Indonesia,2004-11-01,2.287418156392638,0.7308379015896707,GDELT
Indonesia,2004-12-01,4.039414987684323,2.1412533412906067,GDELT
Indonesia,2005-01-01,2.5811701700981526,0.9673179957163484,GDELT
Indonesia,2005-02-01,1.9861439432258443,0.4883021879143682,GDELT
Indonesia,2005-03-01,1.8778903227538724,0.40115444027567687,GDELT
Indonesia,2005-04-01,2.3126551998341043,0.7511545568977767,GDELT
Indonesia,2005-05-01,3.061386952656356,1.3539084006911364,GDELT
Indonesia,2005-06-01,-0.18303621763621256,-1.2579596407198688,GDELT
Indonesia,2005-07-01,3.1048139973108775,1.3888686090587288,GDELT
Indonesia,2005-08-01,2.2866378711946833,0.730209746178137,GDELT
Indonesia,2005-09-01,0.5690746618284468,-0.6524854881314055,GDELT
Indonesia,2005-10-01,2.4549872067886014,0.8657365336381341,GDELT
Indonesia,2005-11-01,1.744058528527605,0.2934154161357522,GDELT
Indonesia,2005-12-01,1.310960403573553,-0.055242909855832856,GDELT
Indonesia,2006-01-01,2.6114339053037696,0.9916813042764177,GDELT
Indonesia,2006-02-01,2.5675537122840115,0.9563562964757498,GDELT
Indonesia,2006-03-01,3.4052169465531374,1.6307029264362356,GDELT
Indonesia,2006-04-01,2.686618043439436,1.0522070240455408,GDELT
Indonesia,2006-05-01,1.2469353806517507,-0.10678517251480119,GDELT
Indonesia,2006-06-01,3.3199623248133214,1.562070134036122,GDELT
Indonesia,2006-07-01,1.4260056065324314,0.0373722864839347,GDELT
Indonesia,2006-08-01,3.814636274654406,1.9602990372010471,GDELT
Indonesia,2006-09-01,2.927798355500162,1.2463651582423625,GDELT
Indonesia,2006-10-01,2.691440478861969,1.0560892441816845,GDELT
Indonesia,2006-11-01,1.7466552607310852,0.2955058715105243,GDELT
Indonesia,2006-12-01,-0.902160581504484,-1.8368785564105687,GDELT
Indonesia,2007-01-01,3.343417085626916,1.5809519928358304,GDELT
Indonesia,2007-02-01,2.5855994685755093,0.9708837275989237,GDELT
Indonesia,2007-03-01,1.588787386422137,0.16841700731780268,GDELT
Indonesia,2007-04-01,0.965627031652044,-0.33324770467214965,GDELT
Indonesia,2007-05-01,2.028864459229073,0.5226936173318072,GDELT
Indonesia,2007-06-01,1.918249773956136,0.433645134377881,GDELT
Indonesia,2007-07-01,1.1847513319700165,-0.15684538997488107,GDELT
Indonesia,2007-08-01,0.1607142887293005,-0.9812291050684508,GDELT
Indonesia,2007-09-01,2.334764308996876,0.7689531215779516,GDELT
Indonesia,2007-10-01,2.4245682049934825,0.8412482303342433,GDELT
Indonesia,2007-11-01,2.5757429279643205,0.9629488861587079,GDELT
Indonesia,2007-12-01,1.515497171722103,0.10941595860259838,GDELT
Indonesia,2008-01-01,2.5596366748598953,0.9499828192980365,GDELT
Indonesia,2008-02-01,3.6114452668327193,1.7967235503499592,GDELT
Indonesia,2008-03-01,1.828771413617515,0.36161209260138943,GDELT
Indonesia,2008-04-01,0.9351204674407044,-0.3578064986193848,GDELT
Indonesia,2008-05-01,3.285127027168789,1.5340265663955328,GDELT
Indonesia,2008-06-01,0.6842375078813632,-0.5597755852069902,GDELT
Indonesia,2008-07-01,0.8789264524599876,-0.40304454068202683,GDELT
Indonesia,2008-08-01,3.937141325230907,2.058919657791471,GDELT
Indonesia,2008-09-01,-0.2952341856060343,-1.3482827186509165,GDELT
Indonesia,2008-10-01,2.5209524822964866,0.9188407638506131,GDELT
Indonesia,2008-11-01,2.4629156587871197,0.8721191999260597,GDELT
Indonesia,2008-12-01,0.7303179343328878,-0.522679316666757,GDELT
Indonesia,2009-01-01,-0.4544057641044752,-1.4764211078683538,GDELT
Indonesia,2009-02-01,2.1263590022059,0.6011799514650278,GDELT
Indonesia,2009-03-01,2.7093287705386295,1.0704899110778883,GDELT
Indonesia,2009-04-01,1.6314194832253044,0.2027372563525463,GDELT
Indonesia,2009-05-01,2.519118632781572,0.9173644542912993,GDELT
Indonesia,2009-06-01,2.1969093681251497,0.6579753312236197,GDELT
Indonesia,2009-07-01,0.3802141768582814,-0.8045244297514891,GDELT
Indonesia,2009-08-01,0.5049768085674149,-0.7040863816241136,GDELT
Indonesia,2009-09-01,2.740920896851085,1.0959226184482653,GDELT
Indonesia,2009-10-01,1.5147645471404854,0.10882617156476668,GDELT
Indonesia,2009-11-01,2.707433409000597,1.068964082303937,GDELT
Indonesia,2009-12-01,1.6239486659402438,0.19672300115651062,GDELT
Indonesia,2010-01-01,2.6044025833864595,0.9860208573985713,GDELT
Indonesia,2010-02-01,1.0804375187867272,-0.2408214623398748,GDELT
Indonesia,2010-03-01,3.5068086160535312,1.7124875830344501,GDELT
Indonesia,2010-04-01,2.003952896283323,0.5026389845960486,GDELT
Indonesia,2010-05-01,-0.14155287170491526,-1.2245641741602515,GDELT
Indonesia,2010-06-01,3.7242455831767174,1.8875315386597493,GDELT
Indonesia,2010-07-01,1.996591443204636,0.4967127712060625,GDELT
Indonesia,2010-08-01,1.7795925493509284,0.3220214790627725,GDELT
Indonesia,2010-09-01,1.0693513856440615,-0.24974616646703243,GDELT
Indonesia,2010-10-01,2.019211092388563,0.5149223375019718,GDELT
Indonesia,2010-11-01,1.797323241444806,0.3362952730783421,GDELT
Indonesia,2010-12-01,2.5866619104071074,0.9717390284398306,GDELT
Indonesia,2011-01-01,0.7079453766600157,-0.5406899661176208,GDELT
Indonesia,2011-02-01,2.511686596280658,0.9113814189101324,GDELT
Indonesia,2011-03-01,1.780781898591652,0.32297894456861836,GDELT
Indonesia,2011-04-01,3.347187775001311,1.5839875225907798,GDELT
Indonesia,2011-05-01,2.2361522510927134,0.689567150938854,GDELT
Indonesia,2011-06-01,1.5532920352702533,0.13984207475624474,GDELT
Indonesia,2011-07-01,2.1008388808674923,0.5806354090801,GDELT
Indonesia,2011-08-01,1.4042214630603187,0.019835329940996297,GDELT
Indonesia,2011-09-01,1.18605996440869,-0.15579189754645134,GDELT
Indonesia,2011-10-01,2.370360302899277,0.7976090748849176,GDELT
Indonesia,2011-11-01,2.6751533954379187,1.0429776029282918,GDELT
Indonesia,2011-12-01,2.4664415179566355,0.8749576332622832,GDELT
Indonesia,2012-01-01,2.7697055500559085,1.1190952170405748,GDELT
Indonesia,2012-02-01,1.8305222397217025,0.36302156556702075,GDELT
Indonesia,2012-03-01,2.349048929756295,0.7804527141054696,GDELT
Indonesia,2012-04-01,1.3088064276118434,-0.05697693180089538,GDELT
Indonesia,2012-05-01,0.7406271581827166,-0.5143800502357718,GDELT
Indonesia,2012-06-01,0.9455753212697982,-0.3493899952347875,GDELT
Indonesia,2012-07-01,1.422848226349089,0.034830490928112405,GDELT
Indonesia,2012-08-01,1.4826937726616478,0.0830081365773572,GDELT
Indonesia,2012-09-01,1.240823279889101,-0.11170561593723209,GDELT
Indonesia,2012-10-01,0.45079294701354833,-0.7477061836427328,GDELT
Indonesia,2012-11-01,1.3733365876328634,-0.005028017057187167,GDELT
Indonesia,2012-12-01,1.362868282236196,-0.013455349398923726,GDELT
Indonesia,2013-01-01,1.0126176694142313,-0.29541868589914216,GDELT
Indonesia,2013-02-01,1.718748490746,0.2730399979677462,GDELT
Indonesia,2013-03-01,-0.09881599118246244,-1.190159570763177,GDELT
Indonesia,2013-04-01,1.4561130038758598,0.06160973789021114,GDELT
Indonesia,2013-05-01,0.2899022707438519,-0.877228503467594,GDELT
Indonesia,2013-06-01,1.7368915844024215,0.28764578889151804,GDELT
Indonesia,2013-07-01,2.1836200250587563,0.6472769701823472,GDELT
Indonesia,2013-08-01,0.7466169859959084,-0.5095580405848483,GDELT
Indonesia,2013-09-01,0.9390621110389894,-0.3546333450556762,GDELT
Indonesia,2013-10-01,1.8899496461792484,0.41086259479269033,GDELT
Indonesia,2013-11-01,1.2910454698788882,-0.07127509065770506,GDELT
Indonesia,2013-12-01,-0.25681995351480147,-1.3173579903191963,GDELT
Indonesia,2014-01-01,2.5275263959112646,0.9241329819048588,GDELT
Indonesia,2014-02-01,1.4964301462834817,0.09406637201232168,GDELT
Indonesia,2014-03-01,0.6540075167382522,-0.584111728679825,GDELT
Indonesia,2014-04-01,0.1253578987945012,-1.009692169250686,GDELT
Indonesia,2014-05-01,-0.10713638607388631,-1.1968577640530706,GDELT
Indonesia,2014-06-01,1.142736945299836,-0.1906683619065707,GDELT
Indonesia,2014-07-01,1.5157705477023595,0.10963603531535865,GDELT
Indonesia,2014-08-01,0.7754823385532443,-0.48632047634264486,GDELT
Indonesia,2014-09-01,1.2148905882241952,-0.1325822910909314,GDELT
Indonesia,2014-10-01,0.4590374080504685,-0.7410691196190999,GDELT
Indonesia,2014-11-01,2.0558700351817976,0.5444339998493128,GDELT
Indonesia,2014-12-01,0.6018771717912532,-0.6260783818592005,GDELT
Indonesia,2015-01-01,0.6026480905369791,-0.6254577667517376,GDELT
Indonesia,2015-02-01,0.14037727848187487,-0.9976010714658888,GDELT
Indonesia,2015-03-01,1.0895102394703802,-0.2335176218855037,GDELT
Indonesia,2015-04-01,1.7641880135905197,0.30962031789064454,GDELT
Indonesia,2015-05-01,0.4808376668312668,-0.7235191897192581,GDELT
Indonesia,2015-06-01,1.074709263221887,-0.24543289767292092,GDELT
Indonesia,2015-07-01,1.643874897771182,0.21276427733204747,GDELT
Indonesia,2015-08-01,0.800345679676921,-0.4663046637697815,GDELT
Indonesia,2015-09-01,1.2539734571859391,-0.1011192879467922,GDELT
Indonesia,2015-10-01,0.803781573780185,-0.4635386552897045,GDELT
Indonesia,2015-11-01,1.3796124456651118,2.425638758175209e-5,GDELT
Indonesia,2015-12-01,1.567727978994096,0.1514634872788636,GDELT
Indonesia,2016-01-01,1.4900698763100522,0.08894614416089483,GDELT
Indonesia,2016-02-01,1.1285885830050617,-0.20205826185993989,GDELT
Indonesia,2016-03-01,-0.7650576278975798,-1.7265061406949465,GDELT
Indonesia,2016-04-01,-1.769591682852104,-2.5351893046757206,GDELT
Indonesia,2016-05-01,-1.791899545664446,-2.553147872622479,GDELT
Indonesia,2016-06-01,-2.937271162814911,-3.4752099358473494,GDELT
Indonesia,2016-07-01,-0.8868051476762204,-1.8245169239190753,GDELT
Indonesia,2016-08-01,-1.792523219514104,-2.5536499507148505,GDELT
Indonesia,2016-09-01,0.9246474742923764,-0.3662376047563712,GDELT
Indonesia,2016-10-01,-1.731264072853369,-2.5043343099956235,GDELT
Indonesia,2016-11-01,-0.7812553225623002,-1.7395458210383408,GDELT
Indonesia,2016-12-01,0.11247838098738504,-1.0200606073931608,GDELT
Indonesia,2017-01-01,0.7356301161714232,-0.518402834455288,GDELT
Indonesia,2017-02-01,0.01894402963578123,-1.0953588561870542,GDELT
Indonesia,2017-03-01,-0.04623076820784888,-1.1478267257152606,GDELT
Indonesia,2017-04-01,0.5902199870239251,-0.6354628014458298,GDELT
Indonesia,2017-05-01,0.05172763425854043,-1.0689669693393478,GDELT
Indonesia,2017-06-01,1.6860202250197815,0.246692660763454,GDELT
Indonesia,2017-07-01,-0.4786751742312667,-1.4959587863298065,GDELT
Indonesia,2017-08-01,1.2908017336455906,-0.07147130639309775,GDELT
Indonesia,2017-09-01,1.301455832783052,-0.06289440394031107,GDELT
Indonesia,2017-10-01,0.6351322685038934,-0.5993069282729088,GDELT
Indonesia,2017-11-01,1.6625853733883442,0.2278268295143694,GDELT
Indonesia,2017-12-01,0.3939566879437084,-0.7934612534551841,GDELT
Indonesia,2018-01-01,1.222350917694195,-0.12657647893316284,GDELT
Indonesia,2018-02-01,1.5317960967021786,0.1225371327005432,GDELT
Indonesia,2018-03-01,-0.0287787391393639,-1.1337772646587854,GDELT
Indonesia,2018-04-01,1.1266884273090838,-0.20358795008972227,GDELT
Indonesia,2018-05-01,0.34836339737300115,-0.830165361487324,GDELT
Indonesia,2018-06-01,0.9373240340065224,-0.3560325545965825,GDELT
Indonesia,2018-07-01,1.7847190280137737,0.32614846407109793,GDELT
Indonesia,2018-08-01,0.22277256829317693,-0.9312701359111624,GDELT
Indonesia,2018-09-01,1.5758047030010456,0.1579655174413304,GDELT
Indonesia,2018-10-01,1.9165425244230043,0.4322707419943196,GDELT
Indonesia,2018-11-01,1.2992586083005833,-0.06466324237609647,GDELT
Indonesia,2018-12-01,0.13116933437718892,-1.0050137712500418,GDELT
Indonesia,2019-01-01,-0.4322359325777203,-1.4585736596752823,GDELT
Indonesia,2019-02-01,0.90858903856477,-0.3791651770459642,GDELT
Indonesia,2019-03-01,0.8325378941845809,-0.4403888655395456,GDELT
Indonesia,2019-04-01,1.6721379543055956,0.23551697334000102,GDELT
Indonesia,2019-05-01,1.2737922929239949,-0.0851644691808005,GDELT
Indonesia,2019-06-01,1.0711644544764347,-0.24828658604499798,GDELT
Indonesia,2019-07-01,1.7182675909215188,0.27265285769141495,GDELT
Indonesia,2019-08-01,0.9083424634230964,-0.3793636781965664,GDELT
Indonesia,2019-09-01,1.6171934672536192,0.19128484261895298,GDELT
Indonesia,2019-10-01,1.688541622131547,0.24872246889582916,GDELT
Indonesia,2019-11-01,1.417673424910708,0.03066460448601298,GDELT
Indonesia,2019-12-01,0.1370519888206978,-1.0002780397091158,GDELT
Japan,2002-01-01,1.418787680221817,1.0033203270982491,GDELT
Japan,2002-02-01,1.8101541707455748,1.4319714874737712,GDELT
Japan,2002-03-01,1.806823211190004,1.4283231943438495,GDELT
Japan,2002-04-01,1.4716001739451414,1.061164157024853,GDELT
Japan,2002-05-01,0.5007766989421718,-0.0021476470156554114,GDELT
Japan,2002-06-01,0.46929182667473945,-0.036632017442077225,GDELT
Japan,2002-07-01,1.768691506445604,1.3865587615639519,GDELT
Japan,2002-08-01,1.304801429938001,0.8784748443242295,GDELT
Japan,2002-09-01,1.5573984869348827,1.1551362964691272,GDELT
Japan,2002-10-01,1.669390810354658,1.2777978951225848,GDELT
Japan,2002-11-01,1.0714016092591692,0.6228395091898161,GDELT
Japan,2002-12-01,1.2162766673133678,0.7815165120709137,GDELT
Japan,2003-01-01,2.0394616683341145,1.6831246324264506,GDELT
Japan,2003-02-01,0.4821023711629539,-0.02260103908067859,GDELT
Japan,2003-03-01,2.197954589752845,1.8567168441319672,GDELT
Japan,2003-04-01,1.3305606739352012,0.9066881178086791,GDELT
Japan,2003-05-01,2.0538705850689407,1.6989062566270094,GDELT
Japan,2003-06-01,2.165116939002518,1.8207508188360957,GDELT
Japan,2003-07-01,2.311256247824504,1.98081251502063,GDELT
Japan,2003-08-01,2.280739029748604,1.9473879851837474,GDELT
Japan,2003-09-01,1.4882361127745103,1.07938496707326,GDELT
Japan,2003-10-01,1.295722614910913,0.8685311095119108,GDELT
Japan,2003-11-01,1.9533680689412984,1.5888290752589271,GDELT
Japan,2003-12-01,0.7351864199501694,0.25459379954741185,GDELT
Japan,2004-01-01,0.843779181122482,0.37353196674358363,GDELT
Japan,2004-02-01,1.852551464482616,1.4784078830191414,GDELT
Japan,2004-03-01,0.5090534002575797,0.0069175583834661155,GDELT
Japan,2004-04-01,1.203732429261848,0.7677772106053881,GDELT
Japan,2004-05-01,0.8349806727512501,0.3638952428179993,GDELT
Japan,2004-06-01,1.5996452730057855,1.2014078457966995,GDELT
Japan,2004-07-01,1.529179874067749,1.1242293551684124,GDELT
Japan,2004-08-01,1.15143618287898,0.7104988098273844,GDELT
Japan,2004-09-01,1.6554339661007005,1.2625114114059208,GDELT
Japan,2004-10-01,2.4435431681930293,2.1257021345753997,GDELT
Japan,2004-11-01,1.3795353017180592,0.9603284563056894,GDELT
Japan,2004-12-01,0.16343073978255696,-0.3716318525955508,GDELT
Japan,2005-01-01,0.6107357851630599,0.11828701216872484,GDELT
Japan,2005-02-01,1.2105344110775589,0.7752272030517409,GDELT
Japan,2005-03-01,0.29345523085165937,-0.22922019926412174,GDELT
Japan,2005-04-01,-1.317192087302665,-1.9933105304486272,GDELT
Japan,2005-05-01,-0.30131937059383596,-0.8806577373382288,GDELT
Japan,2005-06-01,0.4334148849718229,-0.07592688060498916,GDELT
Japan,2005-07-01,1.1505950013990152,0.7095774907410446,GDELT
Japan,2005-08-01,0.4527834318383821,-0.054713132647090636,GDELT
Japan,2005-09-01,0.761321566358852,0.28321878688261615,GDELT
Japan,2005-10-01,1.796437564226924,1.4169481284407444,GDELT
Japan,2005-11-01,2.2071204624753946,1.866755930444945,GDELT
Japan,2005-12-01,0.325114402427646,-0.1945449243973007,GDELT
Japan,2006-01-01,0.7340229022367275,0.2533194359264567,GDELT
Japan,2006-02-01,0.9635610947205072,0.5047252535962228,GDELT
Japan,2006-03-01,1.238789515309367,0.806174112173386,GDELT
Japan,2006-04-01,-0.13029788770851347,-0.6933433942276865,GDELT
Japan,2006-05-01,2.418993787773374,2.0988139858498855,GDELT
Japan,2006-06-01,0.8182081228428828,0.34552480703782723,GDELT
Japan,2006-07-01,2.032714344287754,1.6757345048812144,GDELT
Japan,2006-08-01,-0.4692171433613055,-1.0645507809785417,GDELT
Japan,2006-09-01,1.5181964265441668,1.112199537491364,GDELT
Japan,2006-10-01,1.9183932924415448,1.5505223246977577,GDELT
Japan,2006-11-01,2.087911859187086,1.7361905719803148,GDELT
Japan,2006-12-01,1.781971416815768,1.4011038213166043,GDELT
Japan,2007-01-01,1.560203065089631,1.1582080609392735,GDELT
Japan,2007-02-01,1.8559661896467023,1.4821479219325144,GDELT
Japan,2007-03-01,0.7866364319438031,0.3109453469496716,GDELT
Japan,2007-04-01,1.2278206441178146,0.794160259485139,GDELT
Japan,2007-05-01,1.004277855262128,0.549321015051274,GDELT
Japan,2007-06-01,1.3369185046764027,0.9136516458333702,GDELT
Japan,2007-07-01,1.147914856387926,0.7066420139008058,GDELT
Japan,2007-08-01,1.1484123772370047,0.707186932524225,GDELT
Japan,2007-09-01,1.3941379611953408,0.9763222807159717,GDELT
Japan,2007-10-01,1.6137116297539649,1.21681427503466,GDELT
Japan,2007-11-01,1.884674411424017,1.5135911161638222,GDELT
Japan,2007-12-01,1.4859052193219018,1.0768320142595555,GDELT
Japan,2008-01-01,1.3408510040602175,0.9179587862372212,GDELT
Japan,2008-02-01,1.6368241633154916,1.2421286914966008,GDELT
Japan,2008-03-01,1.130220269346422,0.6872617004315669,GDELT
Japan,2008-04-01,0.8358305405190407,0.3648260757167016,GDELT
Japan,2008-05-01,2.1384598325101543,1.7915541453679267,GDELT
Japan,2008-06-01,2.143097120833433,1.7966332184845573,GDELT
Japan,2008-07-01,2.4659531941541637,2.150247117002051,GDELT
Japan,2008-08-01,0.4908151881004627,-0.013058170233106847,GDELT
Japan,2008-09-01,1.9404722367922531,1.5747046840590102,GDELT
Japan,2008-10-01,1.9280729048847272,1.5611240936437976,GDELT
Japan,2008-11-01,2.333750996113613,2.005450291094861,GDELT
Japan,2008-12-01,1.4278097134744794,1.0132018706548391,GDELT
Japan,2009-01-01,1.075584586670038,0.6274209901403031,GDELT
Japan,2009-02-01,1.8053083326665649,1.4266639965008479,GDELT
Japan,2009-03-01,1.5338424220760096,1.129336094407566,GDELT
Japan,2009-04-01,1.3536525305338998,0.9319798874566388,GDELT
Japan,2009-05-01,1.25170860797229,0.8203239798678577,GDELT
Japan,2009-06-01,1.4771314407016405,1.067222376036774,GDELT
Japan,2009-07-01,0.5845304195820908,0.08958511602704362,GDELT
Japan,2009-08-01,1.389327780475341,0.971053844104333,GDELT
Japan,2009-09-01,1.7794920146380715,1.3983882116610997,GDELT
Japan,2009-10-01,1.290754327232886,0.8630895034218863,GDELT
Japan,2009-11-01,1.416602996022828,1.0009275125890216,GDELT
Japan,2009-12-01,1.1079616456689614,0.6628825440685967,GDELT
Japan,2010-01-01,0.9793692798682994,0.5220394515950442,GDELT
Japan,2010-02-01,1.4154841973941945,0.9997021283468795,GDELT
Japan,2010-03-01,1.5166185783982904,1.110471371041239,GDELT
Japan,2010-04-01,-0.2209719828491767,-0.7926558214261167,GDELT
Japan,2010-05-01,1.877040760742501,1.5052302234922137,GDELT
Japan,2010-06-01,1.285696513368814,0.8575498421726658,GDELT
Japan,2010-07-01,0.733301962335176,0.25252981358309384,GDELT
Japan,2010-08-01,0.4674456001395253,-0.038654130131327985,GDELT
Japan,2010-09-01,-0.5909015690129724,-1.1978278282428874,GDELT
Japan,2010-10-01,0.03807411628566548,-0.5089309403401058,GDELT
Japan,2010-11-01,0.5993392232833177,0.10580472359183299,GDELT
Japan,2010-12-01,-0.01448009034227659,-0.5664918766980814,GDELT
Japan,2011-01-01,1.9387560550849283,1.5728250052973576,GDELT
Japan,2011-02-01,1.0385065083878793,0.5868105606196976,GDELT
Japan,2011-03-01,1.0040665040847632,0.5490895288877473,GDELT
Japan,2011-04-01,1.2168256398139423,0.7821177840374293,GDELT
Japan,2011-05-01,1.5210319098097995,1.1153051513378949,GDELT
Japan,2011-06-01,-0.12588874486614188,-0.68851420153642,GDELT
Japan,2011-07-01,0.7191763532373319,0.23705848714761216,GDELT
Japan,2011-08-01,-0.12295436475029752,-0.685300269142882,GDELT
Japan,2011-09-01,0.04654406425289004,-0.4996540780834208,GDELT
Japan,2011-10-01,1.3950636761083768,0.9773361865593635,GDELT
Japan,2011-11-01,1.5238528124218078,1.1183947954623203,GDELT
Japan,2011-12-01,0.9234408380959902,0.4607828237432025,GDELT
Japan,2012-01-01,0.7241892830537946,0.2425489883395566,GDELT
Japan,2012-02-01,0.26937602373277336,-0.25559338225845485,GDELT
Japan,2012-03-01,0.42368202541307554,-0.086586969408314507,GDELT
Japan,2012-04-01,1.1711154703136444,0.7320529019596544,GDELT
Japan,2012-05-01,1.1394850580052314,0.6974091261958877,GDELT
Japan,2012-06-01,1.1805326811319716,0.7423672708249466,GDELT
Japan,2012-07-01,-0.4715273127201378,-1.06708103535725,GDELT
Japan,2012-08-01,-1.1164277590081628,-1.773419803037905,GDELT
Japan,2012-09-01,-1.626353414901944,-2.3319250133628797,GDELT
Japan,2012-10-01,-0.8497706738618849,-1.4813588531662458,GDELT
Japan,2012-11-01,-0.4172724656104166,-1.0076574420433337,GDELT
Japan,2012-12-01,-0.6275816686899098,-1.2380023645660336,GDELT
Japan,2013-01-01,-0.9193515884212662,-1.557568596432598,GDELT
Japan,2013-02-01,-0.7952445554127507,-1.4216381450578044,GDELT
Japan,2013-03-01,-0.2533760544277044,-0.8281469613661728,GDELT
Japan,2013-04-01,0.32417041517781797,-0.1955788433449269,GDELT
Japan,2013-05-01,0.22568687964933787,-0.30344470004019825,GDELT
Japan,2013-06-01,0.8106607240857162,0.3372583833316315,GDELT
Japan,2013-07-01,-0.5636709917805742,-1.1680030506725292,GDELT
Japan,2013-08-01,-0.42892289387350147,-1.0204177823247915,GDELT
Japan,2013-09-01,-0.3067729247807005,-0.8866308402659777,GDELT
Japan,2013-10-01,-0.4563728803591776,-1.0504828718106867,GDELT
Japan,2013-11-01,-1.200770103245409,-1.8657972666212175,GDELT
Japan,2013-12-01,-0.48802855274473345,-1.0851543141264974,GDELT
Japan,2014-01-01,-0.7307516208360365,-1.3510011030225129,GDELT
Japan,2014-02-01,-1.3395203576838952,-2.0177659686116747,GDELT
Japan,2014-03-01,-0.06625514910673225,-0.623199437399545,GDELT
Japan,2014-04-01,-0.21364281394257745,-0.784628417873509,GDELT
Japan,2014-05-01,-0.5222272015460536,-1.1226109969210376,GDELT
Japan,2014-06-01,-0.3801074261266191,-0.9669517667086569,GDELT
Japan,2014-07-01,-0.8718824022769471,-1.5055771198613335,GDELT
Japan,2014-08-01,-0.3615633164038546,-0.9466409983029203,GDELT
Japan,2014-09-01,0.37672005065759073,-0.13802291361887928,GDELT
Japan,2014-10-01,0.5630774797747264,0.06608839935723783,GDELT
Japan,2014-11-01,0.9909652136456356,0.5347401058146756,GDELT
Japan,2014-12-01,-0.32435942333453305,-0.9058927678826068,GDELT
Japan,2015-01-01,0.3893066464056467,-0.12423721912735179,GDELT
Japan,2015-02-01,-0.06784814372347014,-0.6249441932932415,GDELT
Japan,2015-03-01,0.6102710714615132,0.1177780261614051,GDELT
Japan,2015-04-01,-0.1766989923662674,-0.7441650354152957,GDELT
Japan,2015-05-01,-0.12513512241710067,-0.6876887830473862,GDELT
Japan,2015-06-01,0.2879903537743882,-0.23520570379044672,GDELT
Japan,2015-07-01,-0.05964089216371171,-0.6159550539832405,GDELT
Japan,2015-08-01,-0.8937760999987336,-1.5295565845334245,GDELT
Japan,2015-09-01,-0.4617988402312907,-1.0564257515708306,GDELT
Japan,2015-10-01,0.12287218368980568,-0.41605433779362416,GDELT
Japan,2015-11-01,0.9673584039554052,0.5088843245674379,GDELT
Japan,2015-12-01,-0.5160642102930204,-1.115860870336461,GDELT
Japan,2016-01-01,0.2309718983810356,-0.2976561885891621,GDELT
Japan,2016-02-01,-0.1577521756821092,-0.72341319499529,GDELT
Japan,2016-03-01,0.13966898203661415,-0.39765734347682014,GDELT
Japan,2016-04-01,0.5116687491594352,0.009782066124194948,GDELT
Japan,2016-05-01,0.17444968288161533,-0.35956315775353165,GDELT
Japan,2016-06-01,-0.12863902310392383,-0.6915264930496843,GDELT
Japan,2016-07-01,-0.5290570297108257,-1.1300914885800886,GDELT
Japan,2016-08-01,-0.463786203907647,-1.058602447242497,GDELT
Japan,2016-09-01,-0.2153184872577647,-0.7864637290929343,GDELT
Japan,2016-10-01,0.43613898531933337,-0.07294326089504151,GDELT
Japan,2016-11-01,0.09423705955459384,-0.44741747052281866,GDELT
Japan,2016-12-01,-0.6352289459205416,-1.246378181959691,GDELT
Japan,2017-01-01,-0.9892760463068164,-1.6341546116817778,GDELT
Japan,2017-02-01,0.1944449419073244,-0.3376629920752976,GDELT
Japan,2017-03-01,-5.0350660903397e-4,-0.5511837729630826,GDELT
Japan,2017-04-01,0.2784678262714131,-0.2456354226414282,GDELT
Japan,2017-05-01,0.5454361334265219,0.04676639871118272,GDELT
Japan,2017-06-01,0.3820714346885037,-0.13216171438489266,GDELT
Japan,2017-07-01,0.01223338159227083,-0.5372334679695304,GDELT
Japan,2017-08-01,-0.3302957555972448,-0.912394642147265,GDELT
Japan,2017-09-01,0.5017818084413772,-0.0010467828293468965,GDELT
Japan,2017-10-01,0.78290959219642,0.3068634589471718,GDELT
Japan,2017-11-01,0.815803782122817,0.3428914097885762,GDELT
Japan,2017-12-01,-0.7482507121136681,-1.3701672962539146,GDELT
Japan,2018-01-01,0.3739700321772173,-0.1410349206281882,GDELT
Japan,2018-02-01,0.25180353921107823,-0.2748399607553133,GDELT
Japan,2018-03-01,1.1054086331051671,0.6600863113189325,GDELT
Japan,2018-04-01,0.9383371147842414,0.47709823766417564,GDELT
Japan,2018-05-01,1.460990539085783,1.0495437643654344,GDELT
Japan,2018-06-01,0.6215616656637373,0.13014425174100339,GDELT
Japan,2018-07-01,0.2327394718461289,-0.29572022208409104,GDELT
Japan,2018-08-01,0.6165707265303961,0.12467783623872775,GDELT
Japan,2018-09-01,0.9028986310246054,0.43828360341895045,GDELT
Japan,2018-10-01,1.315891842915324,0.8906218178308553,GDELT
Japan,2018-11-01,0.913662426906459,0.450072843700169,GDELT
Japan,2018-12-01,-0.41935958701888154,-1.0099433991583278,GDELT
Japan,2019-01-01,0.2675668712012076,-0.25757488898100067,GDELT
Japan,2019-02-01,-0.07925773309612083,-0.6374407504651388,GDELT
Japan,2019-03-01,0.2356257456329569,-0.29255897900926986,GDELT
Japan,2019-04-01,0.9650576241324148,0.5063643542460812,GDELT
Japan,2019-05-01,0.6448300270127358,0.1556293413789465,GDELT
Japan,2019-06-01,1.5961579641499402,1.1975883082945353,GDELT
Japan,2019-07-01,1.0357334833310468,0.5837733552453415,GDELT
Japan,2019-08-01,1.0315023626694817,0.5791391445370064,GDELT
Japan,2019-09-01,-0.10013332161547515,-0.6603051127930626,GDELT
Japan,2019-10-01,0.6576450507388962,0.1696652257059544,GDELT
Japan,2019-11-01,0.7598221855632108,0.28157656320363883,GDELT
Japan,2019-12-01,0.4524974195175151,-0.05502639276564924,GDELT
Russia,2002-01-01,2.541454916485698,1.5251531057248837,GDELT
Russia,2002-02-01,-0.1960297984875119,-1.8876164176858325,GDELT
Russia,2002-03-01,2.2289490898065356,1.1355581043919343,GDELT
Russia,2002-04-01,2.5158137940815255,1.493186811773226,GDELT
Russia,2002-05-01,2.3816293870688856,1.3259016933340686,GDELT
Russia,2002-06-01,1.8825867524744224,0.7037548426462679,GDELT
Russia,2002-07-01,2.3726960885191346,1.3147647219137852,GDELT
Russia,2002-08-01,1.3905918135144173,0.09039421850431602,GDELT
Russia,2002-09-01,2.403259709900503,1.3528678006286627,GDELT
Russia,2002-10-01,1.3654212938784624,0.05901461596913315,GDELT
Russia,2002-11-01,1.640241759695833,0.4016280030032366,GDELT
Russia,2002-12-01,1.8860848208108685,0.708115817136512,GDELT
Russia,2003-01-01,2.178649776139869,1.0728509178308008,GDELT
Russia,2003-02-01,1.4396511433957162,0.15155554113821723,GDELT
Russia,2003-03-01,0.7487030405804056,-0.7098361644113143,GDELT
Russia,2003-04-01,1.2620997307907371,-0.06979438876731794,GDELT
Russia,2003-05-01,1.1069596081081183,-0.26320459473247615,GDELT
Russia,2003-06-01,1.9748108694870297,0.8187288748819767,GDELT
Russia,2003-07-01,1.363322736576542,0.056398384958252216,GDELT
Russia,2003-08-01,3.1074828640755428,2.23080925728891,GDELT
Russia,2003-09-01,2.930227254823068,2.0098280997315188,GDELT
Russia,2003-10-01,2.612197009563607,1.6133459120474332,GDELT
Russia,2003-11-01,2.468128359483625,1.4337382979546196,GDELT
Russia,2003-12-01,1.7626531169589708,0.554235886839792,GDELT
Russia,2004-01-01,1.6871810804572327,0.46014635105752794,GDELT
Russia,2004-02-01,2.5672870440465125,1.5573575221302804,GDELT
Russia,2004-03-01,2.207187667532466,1.108428557944862,GDELT
Russia,2004-04-01,3.30306899143622,2.4746427190823135,GDELT
Russia,2004-05-01,2.872767397577787,1.9381940012638152,GDELT
Russia,2004-06-01,2.241413664616143,1.1510974499816382,GDELT
Russia,2004-07-01,1.93490472187381,0.7689786484693122,GDELT
Russia,2004-08-01,2.6639496105449076,1.6778648839416552,GDELT
Russia,2004-09-01,2.4429271038426723,1.4023203774333837,GDELT
Russia,2004-10-01,2.4627822659359317,1.4270734259905584,GDELT
Russia,2004-11-01,1.8509718633829968,0.6643411687042443,GDELT
Russia,2004-12-01,1.3750771986051848,0.07105244660689734,GDELT
Russia,2005-01-01,2.7275668227274146,1.7571752383386248,GDELT
Russia,2005-02-01,2.1133186287669616,0.9914038334090366,GDELT
Russia,2005-03-01,1.6443923150313644,0.40680242048102333,GDELT
Russia,2005-04-01,0.5611117857875598,-0.9437025724002494,GDELT
Russia,2005-05-01,1.6177654911167476,0.37360727142174643,GDELT
Russia,2005-06-01,2.3097750080012016,1.236322221469075,GDELT
Russia,2005-07-01,1.3988457479005802,0.10068423969320303,GDELT
Russia,2005-08-01,0.7055626743750487,-0.7636184289146104,GDELT
Russia,2005-09-01,1.6277563710221583,0.3860627091696704,GDELT
Russia,2005-10-01,3.11022005714654,2.2342216632253873,GDELT
Russia,2005-11-01,1.9614881326314055,0.8021196751810242,GDELT
Russia,2005-12-01,1.168062302267387,-0.18702904157433586,GDELT
Russia,2006-01-01,1.8120609404887416,0.6158316698000292,GDELT
Russia,2006-02-01,1.4754906579228615,0.19623597432678175,GDELT
Russia,2006-03-01,2.090900580496868,0.9634556839665748,GDELT
Russia,2006-04-01,0.7772292353141008,-0.6742731062968557,GDELT
Russia,2006-05-01,1.811621311966892,0.6152835933805396,GDELT
Russia,2006-06-01,2.817140300109598,1.868844769146882,GDELT
Russia,2006-07-01,1.6695959538959109,0.43822331212125876,GDELT
Russia,2006-08-01,1.3388117451457866,0.02584100354679781,GDELT
Russia,2006-09-01,1.7270910186385606,0.5099013030985203,GDELT
Russia,2006-10-01,2.0464594531851805,0.908051785619392,GDELT
Russia,2006-11-01,2.760953728106532,1.7987980508919235,GDELT
Russia,2006-12-01,2.268075012669046,1.1843356396198526,GDELT
Russia,2007-01-01,0.04198038863651909,-1.5908936968482392,GDELT
Russia,2007-02-01,2.5362428039327884,1.51865526528915,GDELT
Russia,2007-03-01,2.116038994773703,0.9947952613682683,GDELT
Russia,2007-04-01,0.21293048477816257,-1.377773501164501,GDELT
Russia,2007-05-01,0.9075698600917156,-0.5117799572135708,GDELT
Russia,2007-06-01,1.4574511432912836,0.17374645852600645,GDELT
Russia,2007-07-01,1.829056460437636,0.6370196575169482,GDELT
Russia,2007-08-01,0.37382420288727225,-1.1771903984835503,GDELT
Russia,2007-09-01,1.988978173484231,0.8363909801883861,GDELT
Russia,2007-10-01,2.3749787202835826,1.3176104350154028,GDELT
Russia,2007-11-01,2.0480603355424485,0.9100475748523206,GDELT
Russia,2007-12-01,0.9616764070426084,-0.4443263661703035,GDELT
Russia,2008-01-01,2.471094447994709,1.4374360634321754,GDELT
Russia,2008-02-01,0.35853576201664517,-1.1962502035587554,GDELT
Russia,2008-03-01,0.7820017628412632,-0.6683232880548575,GDELT
Russia,2008-04-01,0.9119590893707556,-0.5063079895226328,GDELT
Russia,2008-05-01,1.870786888602737,0.6890441793934587,GDELT
Russia,2008-06-01,2.224124454077554,1.1295433238573191,GDELT
Russia,2008-07-01,1.9603723828873427,0.800728691442754,GDELT
Russia,2008-08-01,-0.04735025285753913,-1.70226048882707,GDELT
Russia,2008-09-01,1.8406518024971152,0.6514753473615947,GDELT
Russia,2008-10-01,1.2779904600822984,-0.04998372230610222,GDELT
Russia,2008-11-01,2.231014904627905,1.1381335159822958,GDELT
Russia,2008-12-01,1.3111539561655778,-0.008639429823404574,GDELT
Russia,2009-01-01,1.6837049499817187,0.45581272607641116,GDELT
Russia,2009-02-01,1.2868297764649783,-0.03896391664523659,GDELT
Russia,2009-03-01,1.2191845524935605,-0.12329591583822788,GDELT
Russia,2009-04-01,2.352446270053477,1.2895196628505523,GDELT
Russia,2009-05-01,1.8634859266935635,0.6799422106559078,GDELT
Russia,2009-06-01,1.7494703980219608,0.5378012447839524,GDELT
Russia,2009-07-01,0.8945761343776564,-0.5279789850546937,GDELT
Russia,2009-08-01,1.56899599084403,0.31280727378437884,GDELT
Russia,2009-09-01,2.17940298514967,1.0737899290111546,GDELT
Russia,2009-10-01,2.1303346515378596,1.0126173815996615,GDELT
Russia,2009-11-01,1.601258655955112,0.3530285176265328,GDELT
Russia,2009-12-01,1.9399807835671792,0.7753068769161521,GDELT
Russia,2010-01-01,1.139065866550638,-0.22317834007466664,GDELT
Russia,2010-02-01,0.6824911651323209,-0.7923812355786983,GDELT
Russia,2010-03-01,2.175220511063131,1.0685757190406213,GDELT
Russia,2010-04-01,1.9012056010245608,0.7269666028966019,GDELT
Russia,2010-05-01,1.619371198567503,0.3756090760058882,GDELT
Russia,2010-06-01,1.748158895121433,0.5361662193519183,GDELT
Russia,2010-07-01,1.8776551169634477,0.697606667542178,GDELT
Russia,2010-08-01,1.3601153918042623,0.052399849941769563,GDELT
Russia,2010-09-01,1.803275342953512,0.6048788343926991,GDELT
Russia,2010-10-01,2.530688445118173,1.511730753023958,GDELT
Russia,2010-11-01,2.599458997863014,1.597465677946817,GDELT
Russia,2010-12-01,1.7152517095686406,0.49514146427601985,GDELT
Russia,2011-01-01,0.9932073987707888,-0.4050172854568053,GDELT
Russia,2011-02-01,1.7936022090837422,0.5928195245137962,GDELT
Russia,2011-03-01,-0.15997426093866274,-1.8426666727525143,GDELT
Russia,2011-04-01,0.9614946676584176,-0.4445529371638061,GDELT
Russia,2011-05-01,1.561680453202742,0.30368713376204587,GDELT
Russia,2011-06-01,1.6893653958659556,0.4628694950501251,GDELT
Russia,2011-07-01,0.5202951873561616,-0.9945878403303509,GDELT
Russia,2011-08-01,0.6769774851155663,-0.79925503436928,GDELT
Russia,2011-09-01,0.606315687486358,-0.887347737900864,GDELT
Russia,2011-10-01,0.44358685997158886,-1.0902186361693127,GDELT
Russia,2011-11-01,0.8725305222696278,-0.5554628254997902,GDELT
Russia,2011-12-01,0.622556065125579,-0.8671011715720519,GDELT
Russia,2012-01-01,0.833185829312205,-0.6045130971957763,GDELT
Russia,2012-02-01,-1.0489659882008553,-2.950955554429194,GDELT
Russia,2012-03-01,1.331883022286874,0.017203098071118347,GDELT
Russia,2012-04-01,2.244412258115469,1.1548357388026216,GDELT
Russia,2012-05-01,2.1222586107162353,1.0025491368949127,GDELT
Russia,2012-06-01,2.2118797142121025,1.1142780422627463,GDELT
Russia,2012-07-01,-0.09955907661778872,-1.7673482248818246,GDELT
Russia,2012-08-01,1.0758143874517394,-0.30203274207321196,GDELT
Russia,2012-09-01,1.127650406922605,-0.2374097739530682,GDELT
Russia,2012-10-01,0.2026074110965972,-1.3906430785015618,GDELT
Russia,2012-11-01,1.6352342827781463,0.39538527787663036,GDELT
Russia,2012-12-01,1.21818253061425,-0.12454511723569948,GDELT
Russia,2013-01-01,2.3415493284795073,1.2759346554535722,GDELT
Russia,2013-02-01,2.5516378181915034,1.5378479333567523,GDELT
Russia,2013-03-01,2.4768088746874692,1.4445601292412547,GDELT
Russia,2013-04-01,1.3471968802365293,0.03629459012970898,GDELT
Russia,2013-05-01,1.3669819020166418,0.06096019610802259,GDELT
Russia,2013-06-01,1.832090055231225,0.6408015817780446,GDELT
Russia,2013-07-01,1.7967987230058409,0.5968045569177498,GDELT
Russia,2013-08-01,0.6030414760025078,-0.8914296343601086,GDELT
Russia,2013-09-01,1.3985765954135108,0.10034869246621882,GDELT
Russia,2013-10-01,2.1899044935334064,1.086881957458228,GDELT
Russia,2013-11-01,2.340896778061042,1.275121133402309,GDELT
Russia,2013-12-01,1.4168291629556435,0.12310381723132495,GDELT
Russia,2014-01-01,2.355406764014008,1.2932104537095765,GDELT
Russia,2014-02-01,2.1808222816076395,1.0755593385972426,GDELT
Russia,2014-03-01,1.2784530504425555,-0.04940701980446856,GDELT
Russia,2014-04-01,1.6458455741981357,0.40861417072271294,GDELT
Russia,2014-05-01,2.885646639678523,1.954250304586937,GDELT
Russia,2014-06-01,2.8947630808198053,1.965615596352316,GDELT
Russia,2014-07-01,1.9665659908065365,0.8084501432671112,GDELT
Russia,2014-08-01,1.7962721900575112,0.5961481384218574,GDELT
Russia,2014-09-01,1.8304037192166724,0.6386992591147559,GDELT
Russia,2014-10-01,2.1075737498473064,0.9842418033946057,GDELT
Russia,2014-11-01,1.5233446454765858,0.25589461987236034,GDELT
Russia,2014-12-01,1.9047887940204424,0.7314337006619179,GDELT
Russia,2015-01-01,1.8028770852960392,0.6043823342338291,GDELT
Russia,2015-02-01,1.627614801488393,0.3858862171558028,GDELT
Russia,2015-03-01,1.7043893788722553,0.48159960559419146,GDELT
Russia,2015-04-01,2.049045667035749,0.9112759686666857,GDELT
Russia,2015-05-01,1.8911726989018565,0.714458776858909,GDELT
Russia,2015-06-01,1.617003804441877,0.3726576912994656,GDELT
Russia,2015-07-01,2.077801012266958,0.9471247042974106,GDELT
Russia,2015-08-01,1.562025086225031,0.3041167811200002,GDELT
Russia,2015-09-01,1.7744510057352176,0.5689440877791199,GDELT
Russia,2015-10-01,2.094599525136225,0.9680670870786847,GDELT
Russia,2015-11-01,1.14305910364431,-0.21820004822211436,GDELT
Russia,2015-12-01,1.2071463469435102,-0.13830371507562653,GDELT
Russia,2016-01-01,2.034148700050359,0.8927042065520281,GDELT
Russia,2016-02-01,0.6729385085373938,-0.8042903487571055,GDELT
Russia,2016-03-01,1.6495625321436282,0.41324803067699595,GDELT
Russia,2016-04-01,1.3655147119295012,0.05913107845594734,GDELT
Russia,2016-05-01,1.6477025031073629,0.4109291682654893,GDELT
Russia,2016-06-01,1.6716617275914274,0.44079867244081083,GDELT
Russia,2016-07-01,1.5209316686918974,0.2528864081419206,GDELT
Russia,2016-08-01,1.3946785791850882,0.09548911063427018,GDELT
Russia,2016-09-01,1.512212534138957,0.242016430855825,GDELT
Russia,2016-10-01,0.8042890358907826,-0.6405381735636969,GDELT
Russia,2016-11-01,1.5518331139140056,0.2914106453391275,GDELT
Russia,2016-12-01,0.7328905642048742,-0.7295492744677455,GDELT
Russia,2017-01-01,0.7597067305393939,-0.6961180758566304,GDELT
Russia,2017-02-01,0.5598166492788028,-0.9453171941665615,GDELT
Russia,2017-03-01,0.864529101731037,-0.5654380425334175,GDELT
Russia,2017-04-01,0.9146073602234904,-0.5030064412047498,GDELT
Russia,2017-05-01,1.2404122663462616,-0.09683173341122549,GDELT
Russia,2017-06-01,0.803857203289791,-0.6410765309586509,GDELT
Russia,2017-07-01,1.178396216171624,-0.1741459499402425,GDELT
Russia,2017-08-01,0.8602376845923523,-0.5707880697109351,GDELT
Russia,2017-09-01,0.8826821538887053,-0.5428069816833913,GDELT
Russia,2017-10-01,1.231751289509857,-0.10762920659110291,GDELT
Russia,2017-11-01,0.9991127289746125,-0.3976552239135746,GDELT
Russia,2017-12-01,0.7795138289643404,-0.6714249473499694,GDELT
Russia,2018-01-01,-0.2070494143971953,-1.9013543608168237,GDELT
Russia,2018-02-01,0.4029063174855345,-1.140934285770147,GDELT
Russia,2018-03-01,0.9091620987073769,-0.5097949439669929,GDELT
Russia,2018-04-01,1.040146248412963,-0.34649952473778767,GDELT
Russia,2018-05-01,2.7176467454486986,1.7448080688631187,GDELT
Russia,2018-06-01,1.4766951632708842,0.197737607968801,GDELT
Russia,2018-07-01,1.3260247570532917,0.009899711520730957,GDELT
Russia,2018-08-01,0.38744049756052945,-1.1602152258995724,GDELT
Russia,2018-09-01,0.612011017722665,-0.8802474792766188,GDELT
Russia,2018-10-01,0.4852067693061759,-1.0383318959923595,GDELT
Russia,2018-11-01,1.0109339867978502,-0.38291788923299686,GDELT
Russia,2018-12-01,0.8984363274538438,-0.5231665566188978,GDELT
Russia,2019-01-01,0.2734625979008456,-1.3023092804063718,GDELT
Russia,2019-02-01,0.25301262694432225,-1.3278038657289204,GDELT
Russia,2019-03-01,-0.07784510563535463,-1.7402778350470447,GDELT
Russia,2019-04-01,0.5933776284007344,-0.9034773672273735,GDELT
Russia,2019-05-01,1.3012834034577505,-0.020944857969264336,GDELT
Russia,2019-06-01,2.0713778438204287,0.9391170637804978,GDELT
Russia,2019-07-01,1.607382956229257,0.36066356494332563,GDELT
Russia,2019-08-01,0.7433475083732919,-0.7165128033704695,GDELT
Russia,2019-09-01,1.218752959414541,-0.1238339746257478,GDELT
Russia,2019-10-01,1.038429810503244,-0.34863937485460333,GDELT
Russia,2019-11-01,0.7731895479540345,-0.6793093068027922,GDELT
Russia,2019-12-01,0.7256828995950819,-0.7385349312572506,GDELT
South Korea,2002-01-01,2.0771700065258827,0.8217357514531436,GDELT
South Korea,2002-02-01,2.1684079015291093,0.915604553354795,GDELT
South Korea,2002-03-01,2.6248148780550906,1.3851723361772053,GDELT
South Korea,2002-04-01,1.1895529185052478,-0.09147638038070721,GDELT
South Korea,2002-05-01,1.6824700708499645,0.41565437406881184,GDELT
South Korea,2002-06-01,1.4146421816096204,0.1401034850664934,GDELT
South Korea,2002-07-01,1.8364559115575148,0.5740805014638498,GDELT
South Korea,2002-08-01,2.1595039311001827,0.9064438308687981,GDELT
South Korea,2002-09-01,3.3280186702463386,2.108653489083636,GDELT
South Korea,2002-10-01,2.7430666644474115,1.5068339934412687,GDELT
South Korea,2002-11-01,2.551402142311126,1.3096426941532984,GDELT
South Korea,2002-12-01,2.0825824494800127,0.8273042658894669,GDELT
South Korea,2003-01-01,2.514715814256032,1.2718984908200146,GDELT
South Korea,2003-02-01,2.060658988835834,0.8047486273125986,GDELT
South Korea,2003-03-01,2.5875620773317234,1.3468453255500992,GDELT
South Korea,2003-04-01,2.2031919671665303,0.9513916412368383,GDELT
South Korea,2003-05-01,1.3201077997796613,0.042843139893276934,GDELT
South Korea,2003-06-01,3.3592355287705757,2.140770507003656,GDELT
South Korea,2003-07-01,2.9782591908200367,1.7488084566403606,GDELT
South Korea,2003-08-01,2.7995286544361537,1.5649241034009387,GDELT
South Korea,2003-09-01,2.6868225638158663,1.4489680558269433,GDELT
South Korea,2003-10-01,3.5698605632850686,2.3574690579694604,GDELT
South Korea,2003-11-01,3.023887585882921,1.7957525775793268,GDELT
South Korea,2003-12-01,2.350940269647353,1.1034003667383103,GDELT
South Korea,2004-01-01,2.9325509308243234,1.7017821678087839,GDELT
South Korea,2004-02-01,3.261256981404882,2.0399666814336266,GDELT
South Korea,2004-03-01,1.070673921084019,-0.21378333473126088,GDELT
South Korea,2004-04-01,2.435883144137156,1.1907926269187779,GDELT
South Korea,2004-05-01,1.3805191622873298,0.1049965052207063,GDELT
South Korea,2004-06-01,2.0750948526921036,0.8196007591439548,GDELT
South Korea,2004-07-01,0.7278325975733839,-0.5665107215170001,GDELT
South Korea,2004-08-01,1.6346378991273056,0.3664429290677928,GDELT
South Korea,2004-09-01,1.6913845855558076,0.42482594488313796,GDELT
South Korea,2004-10-01,2.3273940411556797,1.0791751666968392,GDELT
South Korea,2004-11-01,2.8558472252143243,1.6228666585593328,GDELT
South Korea,2004-12-01,1.5904489855685142,0.32097979806337085,GDELT
South Korea,2005-01-01,0.04531690532313881,-1.268707219017748,GDELT
South Korea,2005-02-01,1.980453678215216,0.7222305418850361,GDELT
South Korea,2005-03-01,0.8588349123561745,-0.43173086568441366,GDELT
South Korea,2005-04-01,1.0005277129822954,-0.2859522565616018,GDELT
South Korea,2005-05-01,2.1130747178527276,0.8586757996069988,GDELT
South Korea,2005-06-01,2.3848158497156646,1.138252772250553,GDELT
South Korea,2005-07-01,2.495810312099323,1.2524478356209152,GDELT
South Korea,2005-08-01,2.162627377133452,0.9096573435976604,GDELT
South Korea,2005-09-01,3.3005236167056697,2.080365596931005,GDELT
South Korea,2005-10-01,1.5206590498883,0.2491774220126811,GDELT
South Korea,2005-11-01,2.1827055379149716,0.9303144718324065,GDELT
South Korea,2005-12-01,2.3462666179166565,1.0985919470739751,GDELT
South Korea,2006-01-01,1.357580137991821,0.0813960185223215,GDELT
South Korea,2006-02-01,2.0636911985893054,0.8078682729013397,GDELT
South Korea,2006-03-01,0.9732714755950908,-0.31399444613418465,GDELT
South Korea,2006-04-01,2.3215174955980267,1.073129166942046,GDELT
South Korea,2006-05-01,2.808660939834777,1.5743197244744234,GDELT
South Korea,2006-06-01,2.3507079107028233,1.1031613075652182,GDELT
South Korea,2006-07-01,3.556512931094465,2.3437365377056865,GDELT
South Korea,2006-08-01,0.8657174501922658,-0.424649865178058,GDELT
South Korea,2006-09-01,2.5250209311411336,1.2825007627753982,GDELT
South Korea,2006-10-01,2.705261315240765,1.4679385012187012,GDELT
South Korea,2006-11-01,3.0475864289134353,1.8201347929039022,GDELT
South Korea,2006-12-01,2.566441469327213,1.3251156904160606,GDELT
South Korea,2007-01-01,2.6676578450120285,1.4292507092919902,GDELT
South Korea,2007-02-01,1.9263610133437368,0.6665780781475318,GDELT
South Korea,2007-03-01,2.434195934370006,1.1890567653078374,GDELT
South Korea,2007-04-01,2.05327698909697,0.797153762579025,GDELT
South Korea,2007-05-01,2.5097705313895595,1.2668106073509346,GDELT
South Korea,2007-06-01,2.803677192301528,1.56919226718368,GDELT
South Korea,2007-07-01,2.90302620499844,1.671406076386986,GDELT
South Korea,2007-08-01,3.4039344474713804,2.1867583494960265,GDELT
South Korea,2007-09-01,2.9403428608773474,1.7097987834765718,GDELT
South Korea,2007-10-01,2.239577934693905,0.9888268229418334,GDELT
South Korea,2007-11-01,2.432909732818059,1.1877334752573485,GDELT
South Korea,2007-12-01,2.0921489938840843,0.8371466681228523,GDELT
South Korea,2008-01-01,0.9919855053948812,-0.29474078452794084,GDELT
South Korea,2008-02-01,2.4018965806410524,1.1558260376959464,GDELT
South Korea,2008-03-01,1.3311590429007705,0.054213053143310784,GDELT
South Korea,2008-04-01,1.7862901372364153,0.5224681628426694,GDELT
South Korea,2008-05-01,2.387549238262121,1.1410649799190715,GDELT
South Korea,2008-06-01,2.6945347652308964,1.4569026438271104,GDELT
South Korea,2008-07-01,3.516460767546354,2.302529442718486,GDELT
South Korea,2008-08-01,1.5677676385547965,0.2976444189468537,GDELT
South Korea,2008-09-01,0.5495264308741934,-0.7499584680825826,GDELT
South Korea,2008-10-01,1.7130902914416382,0.44715754959476006,GDELT
South Korea,2008-11-01,1.5053272715660206,0.23340354141095118,GDELT
South Korea,2008-12-01,1.8586774648216584,0.5969428283645869,GDELT
South Korea,2009-01-01,2.331890247539995,1.0838010242572678,GDELT
South Korea,2009-02-01,2.7694197494220862,1.5339469875858358,GDELT
South Korea,2009-03-01,1.8680946305022736,0.6066315444371951,GDELT
South Korea,2009-04-01,2.620563687569481,1.380798559715947,GDELT
South Korea,2009-05-01,1.7856780580309035,0.5218384339160181,GDELT
South Korea,2009-06-01,1.8472609960364323,0.5851971579194405,GDELT
South Korea,2009-07-01,0.6756727180617386,-0.6201746667112583,GDELT
South Korea,2009-08-01,1.083761310779341,-0.20031856123252512,GDELT
South Korea,2009-09-01,2.3840058823400536,1.1374194489135192,GDELT
South Korea,2009-10-01,1.7363218846337745,0.4710590416133481,GDELT
South Korea,2009-11-01,3.314491007353835,2.094735746809948,GDELT
South Korea,2009-12-01,2.225120809513746,0.9739528167018193,GDELT
South Korea,2010-01-01,1.7967163386203795,0.5331950108509828,GDELT
South Korea,2010-02-01,2.2001517521626326,0.9482637595608174,GDELT
South Korea,2010-03-01,2.430246904221736,1.1849938621832254,GDELT
South Korea,2010-04-01,1.8394890467765013,0.5772010992045353,GDELT
South Korea,2010-05-01,1.8123670107603544,0.5492969807910284,GDELT
South Korea,2010-06-01,1.310180851547006,0.03262994134122658,GDELT
South Korea,2010-07-01,0.3637491701251161,-0.9410927427879542,GDELT
South Korea,2010-08-01,0.22156627995271627,-1.0873755735232014,GDELT
South Korea,2010-09-01,0.7565303133518864,-0.5369854875410641,GDELT
South Korea,2010-10-01,2.146598056988916,0.893165807079721,GDELT
South Korea,2010-11-01,0.6639333973769777,-0.6322524987105478,GDELT
South Korea,2010-12-01,-0.5206185860473855,-1.850961846074792,GDELT
South Korea,2011-01-01,1.6604396176446556,0.3929886577273771,GDELT
South Korea,2011-02-01,2.267326028795672,1.0173750522526368,GDELT
South Korea,2011-03-01,1.060922977100697,-0.223815453831468,GDELT
South Korea,2011-04-01,1.4373877937966153,0.16350498248636813,GDELT
South Korea,2011-05-01,1.728200523798284,0.4627034958019117,GDELT
South Korea,2011-06-01,0.8965093274383786,-0.3929700831610231,GDELT
South Korea,2011-07-01,2.04689953268603,0.7905924078650244,GDELT
South Korea,2011-08-01,0.5873839133666792,-0.7110093392753396,GDELT
South Korea,2011-09-01,1.1046656872726128,-0.17881139279275474,GDELT
South Korea,2011-10-01,1.5791230999907595,0.3093273228542329,GDELT
South Korea,2011-11-01,1.4903831610670275,0.21802850729846135,GDELT
South Korea,2011-12-01,0.12087318222049603,-1.1909722253700588,GDELT
South Korea,2012-01-01,1.8864725699207217,0.6255394242668408,GDELT
South Korea,2012-02-01,0.2606131146036912,-1.047202796777209,GDELT
South Korea,2012-03-01,1.4982754919406285,0.2261484189129296,GDELT
South Korea,2012-04-01,1.1252262013223469,-0.15765800230448943,GDELT
South Korea,2012-05-01,1.37077308579126,0.09496939396506437,GDELT
South Korea,2012-06-01,0.5588123964556893,-0.7404047353533897,GDELT
South Korea,2012-07-01,0.7723466981996712,-0.5207130264543142,GDELT
South Korea,2012-08-01,0.224364548517471,-1.084496614976829,GDELT
South Korea,2012-09-01,0.4843243540656293,-0.8170406912235584,GDELT
South Korea,2012-10-01,0.6064808694869175,-0.6913617094071606,GDELT
South Korea,2012-11-01,0.6014828682826803,-0.6965038313832119,GDELT
South Korea,2012-12-01,0.8111304662145375,-0.48081090205021265,GDELT
South Korea,2013-01-01,1.5020886136151963,0.23007149455035245,GDELT
South Korea,2013-02-01,0.9483259123783708,-0.33965933167141227,GDELT
South Korea,2013-03-01,0.9658452615738168,-0.32163480009914164,GDELT
South Korea,2013-04-01,1.8451289423391604,0.5830036250004069,GDELT
South Korea,2013-05-01,0.8167193141635192,-0.47506089586075756,GDELT
South Korea,2013-06-01,2.291569012573671,1.0423170989940864,GDELT
South Korea,2013-07-01,0.5692396813365725,-0.729676772604785,GDELT
South Korea,2013-08-01,0.4919169467385824,-0.8092291609650822,GDELT
South Korea,2013-09-01,0.8465445907083353,-0.44437558713516384,GDELT
South Korea,2013-10-01,0.7217146745847529,-0.5728050589855382,GDELT
South Korea,2013-11-01,1.410607021906328,0.13595196878242652,GDELT
South Korea,2013-12-01,-0.11496493575866218,-1.4336108962497518,GDELT
South Korea,2014-01-01,1.330886029424013,0.053932167136840334,GDELT
South Korea,2014-02-01,1.070686767750768,-0.21377011762211867,GDELT
South Korea,2014-03-01,0.3216878034151822,-0.9843669776798033,GDELT
South Korea,2014-04-01,1.82243726241623,0.559657615018196,GDELT
South Korea,2014-05-01,0.28886456664740123,-1.018136694855072,GDELT
South Korea,2014-06-01,1.5797360328354308,0.30995793003531086,GDELT
South Korea,2014-07-01,1.1609409190011295,-0.12091342639505516,GDELT
South Korea,2014-08-01,0.2229791121516023,-1.0859220013447461,GDELT
South Korea,2014-09-01,1.3236760680491386,0.04651430161075923,GDELT
South Korea,2014-10-01,-0.07273207562083783,-1.3901602228001135,GDELT
South Korea,2014-11-01,2.3814963504728155,1.1348375529841652,GDELT
South Korea,2014-12-01,0.9756650611496892,-0.3115318399084348,GDELT
South Korea,2015-01-01,1.3181658298293453,0.04084517191562106,GDELT
South Korea,2015-02-01,1.287371906947998,0.009163285276065384,GDELT
South Korea,2015-03-01,1.3864230538413107,0.11107063951227301,GDELT
South Korea,2015-04-01,0.28779198787869653,-1.0192402021637392,GDELT
South Korea,2015-05-01,1.6185674175698177,0.34990904421950003,GDELT
South Korea,2015-06-01,1.3384179564227985,0.061681282385078896,GDELT
South Korea,2015-07-01,0.3093884619167646,-0.9970209790746721,GDELT
South Korea,2015-08-01,1.70198021966959,0.43572711132953434,GDELT
South Korea,2015-09-01,1.3451036306668538,0.06855974260352218,GDELT
South Korea,2015-10-01,1.843713194045572,0.5815470526396708,GDELT
South Korea,2015-11-01,1.887209425949086,0.6262975280410907,GDELT
South Korea,2015-12-01,0.7247705141841543,-0.5696611021681514,GDELT
South Korea,2016-01-01,1.5059787944072711,0.23407385135746606,GDELT
South Korea,2016-02-01,0.5411517704956754,-0.7585746175020416,GDELT
South Korea,2016-03-01,1.2029901837197787,-0.07765164246365919,GDELT
South Korea,2016-04-01,0.3395490668743495,-0.9659906725129372,GDELT
South Korea,2016-05-01,0.36193393363813975,-0.942960322856462,GDELT
South Korea,2016-06-01,0.21371041334591823,-1.0954579693988762,GDELT
South Korea,2016-07-01,-0.0198755378117994,-1.3357795306915514,GDELT
South Korea,2016-08-01,0.4196872890703762,-0.883541610050423,GDELT
South Korea,2016-09-01,-0.14270368507069087,-1.4621495113074348,GDELT
South Korea,2016-10-01,-0.5402254911909363,-1.8711341296939983,GDELT
South Korea,2016-11-01,-0.8046881089228926,-2.143222707289911,GDELT
South Korea,2016-12-01,0.01094202424566859,-1.304073323224117,GDELT
South Korea,2017-01-01,-0.13506163966374096,-1.4542871023116657,GDELT
South Korea,2017-02-01,-2.073254642148294,-3.448369221270627,GDELT
South Korea,2017-03-01,-0.8870432695491264,-2.227952635113533,GDELT
South Korea,2017-04-01,-1.464203301665398,-2.821755470200391,GDELT
South Korea,2017-05-01,-0.1580339480073345,-1.4779218328263513,GDELT
South Korea,2017-06-01,0.03594632108182161,-1.2783480104435017,GDELT
South Korea,2017-07-01,-0.5721455133939273,-1.9039745874967886,GDELT
South Korea,2017-08-01,-0.06039097051911568,-1.3774632535199691,GDELT
South Korea,2017-09-01,0.0535699238528089,-1.2602162190727704,GDELT
South Korea,2017-10-01,0.4326982416478291,-0.8701554777859564,GDELT
South Korea,2017-11-01,1.345886503662577,0.06936519027575405,GDELT
South Korea,2017-12-01,-0.06066542846452982,-1.3777456256473346,GDELT
South Korea,2018-01-01,0.36816843156060486,-0.9365460489364046,GDELT
South Korea,2018-02-01,0.1291510275492591,-1.1824556827283124,GDELT
South Korea,2018-03-01,1.5164497275939317,0.24484672104049973,GDELT
South Korea,2018-04-01,1.752734571857891,0.4879449998619451,GDELT
South Korea,2018-05-01,1.7232768579745663,0.45763785271775087,GDELT
South Korea,2018-06-01,1.7051638364833206,0.4390025299043303,GDELT
South Korea,2018-07-01,0.10542393328529089,-1.206866963929917,GDELT
South Korea,2018-08-01,0.3477947476888996,-0.9575072218710973,GDELT
South Korea,2018-09-01,1.1301175843524796,-0.15262557291027348,GDELT
South Korea,2018-10-01,0.8694664871898414,-0.4207927221429743,GDELT
South Korea,2018-11-01,0.6493629560278258,-0.647243088668534,GDELT
South Korea,2018-12-01,0.5927637772030394,-0.7054743433978559,GDELT
South Korea,2019-01-01,0.2088873046879023,-1.1004201556829134,GDELT
South Korea,2019-02-01,1.2022057028475572,-0.07845874437660434,GDELT
South Korea,2019-03-01,0.9104190864034916,-0.37865922681400055,GDELT
South Korea,2019-04-01,0.6223883842791675,-0.6749954905818742,GDELT
South Korea,2019-05-01,0.25565105532436405,-1.0523079404184443,GDELT
South Korea,2019-06-01,0.24137979682339503,-1.0669907203868703,GDELT
South Korea,2019-07-01,0.39855445094024233,-0.9052838279740943,GDELT
South Korea,2019-08-01,0.14426164822065957,-1.1669093370090853,GDELT
South Korea,2019-09-01,0.7827770957811033,-0.5099818612483183,GDELT
South Korea,2019-10-01,0.848472074227308,-0.4423925233149744,GDELT
South Korea,2019-11-01,1.225210132793002,-0.054790966011781156,GDELT
South Korea,2019-12-01,2.0090099754540773,0.7516102794213367,GDELT
United Kingdom,2002-01-01,1.473870584954314,0.604010787191126,GDELT
United Kingdom,2002-02-01,1.3958896012891984,0.5215390870619149,GDELT
United Kingdom,2002-03-01,1.5320831567110158,0.6655756653963821,GDELT
United Kingdom,2002-04-01,2.2010384151746543,1.3730542695750076,GDELT
United Kingdom,2002-05-01,1.424916913777878,0.5522380049083977,GDELT
United Kingdom,2002-06-01,1.7447920005439477,0.890533843133095,GDELT
United Kingdom,2002-07-01,1.580312534283836,0.7165824439423608,GDELT
United Kingdom,2002-08-01,1.6087871719904356,0.7466968599429522,GDELT
United Kingdom,2002-09-01,2.2279421929839938,1.401507364054596,GDELT
United Kingdom,2002-10-01,0.3260104007412199,-0.6099515976541394,GDELT
United Kingdom,2002-11-01,1.6590354189206291,0.7998387691376588,GDELT
United Kingdom,2002-12-01,1.1309263107417689,0.2413172686616933,GDELT
United Kingdom,2003-01-01,0.2721845024323528,-0.6668771856100159,GDELT
United Kingdom,2003-02-01,0.9154717488840678,0.013455254336427261,GDELT
United Kingdom,2003-03-01,0.35905765671783385,-0.5750012385165718,GDELT
United Kingdom,2003-04-01,1.6943990578213288,0.8372389055019415,GDELT
United Kingdom,2003-05-01,1.1420531307552508,0.25308485250603635,GDELT
United Kingdom,2003-06-01,0.6878734002415268,-0.2272498750033064,GDELT
United Kingdom,2003-07-01,2.322770110842475,1.501796168298042,GDELT
United Kingdom,2003-08-01,-0.3307605141903007,-1.3045441945163214,GDELT
United Kingdom,2003-09-01,2.561046155744396,1.753793893891192,GDELT
United Kingdom,2003-10-01,0.7439438843412116,-0.1679504415590276,GDELT
United Kingdom,2003-11-01,2.1507747965339856,1.3198961034540968,GDELT
United Kingdom,2003-12-01,3.1401777681437757,2.3662761482605257,GDELT
United Kingdom,2004-01-01,2.991798527869907,2.2093521440466515,GDELT
United Kingdom,2004-02-01,0.5804242817515686,-0.3408867010955126,GDELT
United Kingdom,2004-03-01,1.1930317075906824,0.306999149353595,GDELT
United Kingdom,2004-04-01,0.8343992349475879,-0.07228600903111468,GDELT
United Kingdom,2004-05-01,1.3924615991142524,0.5179136754022143,GDELT
United Kingdom,2004-06-01,2.587981045314958,1.782279891775193,GDELT
United Kingdom,2004-07-01,-0.4456600293162829,-1.4260604656774507,GDELT
United Kingdom,2004-08-01,-0.710254168776121,-1.7058918745654128,GDELT
United Kingdom,2004-09-01,1.0057821507874714,0.10896639095290331,GDELT
United Kingdom,2004-10-01,0.6903274228055825,-0.22465453183756412,GDELT
United Kingdom,2004-11-01,1.6557697644219085,0.7963850543230229,GDELT
United Kingdom,2004-12-01,2.285919019346654,1.4628229209185397,GDELT
United Kingdom,2005-01-01,1.4404318524650588,0.5686464074546798,GDELT
United Kingdom,2005-02-01,1.503089414429969,0.6349122509760815,GDELT
United Kingdom,2005-03-01,1.29172007219546,0.4113707131553533,GDELT
United Kingdom,2005-04-01,1.6958591780481989,0.8387831101508614,GDELT
United Kingdom,2005-05-01,-0.05023835211473226,-1.0078675107539488,GDELT
United Kingdom,2005-06-01,0.6808947608725475,-0.2346303955648318,GDELT
United Kingdom,2005-07-01,1.7428235994338674,0.8884520870631576,GDELT
United Kingdom,2005-08-01,1.4047047886334827,0.5308619174889162,GDELT
United Kingdom,2005-09-01,1.90672915950063,1.0617965303364922,GDELT
United Kingdom,2005-10-01,0.9128894023185392,0.010724197332881885,GDELT
United Kingdom,2005-11-01,2.7456853231228138,1.949065937515746,GDELT
United Kingdom,2005-12-01,4.011120855460529,3.28737452059266,GDELT
United Kingdom,2006-01-01,1.908899245810085,1.064091586117482,GDELT
United Kingdom,2006-02-01,1.9685401609702673,1.127167062205925,GDELT
United Kingdom,2006-03-01,1.1791453351908263,0.29231309787517795,GDELT
United Kingdom,2006-04-01,1.335322359907071,0.4574839400997858,GDELT
United Kingdom,2006-05-01,1.731120663012554,0.8760752098065868,GDELT
United Kingdom,2006-06-01,2.293356852194272,1.4706890786840563,GDELT
United Kingdom,2006-07-01,1.347101708711488,0.46994163012440976,GDELT
United Kingdom,2006-08-01,0.6416073152485602,-0.27618030019617873,GDELT
United Kingdom,2006-09-01,0.00738235212586424,-0.9469285841334288,GDELT
United Kingdom,2006-10-01,1.1986817905934473,0.3129746055380189,GDELT
United Kingdom,2006-11-01,1.55213061685901,0.6867776052023469,GDELT
United Kingdom,2006-12-01,1.6265940906879592,0.7655292315036147,GDELT
United Kingdom,2007-01-01,0.676942803362488,-0.23880993574725212,GDELT
United Kingdom,2007-02-01,0.6702307758507686,-0.24590849098711334,GDELT
United Kingdom,2007-03-01,1.5750983009199029,0.711067936812767,GDELT
United Kingdom,2007-04-01,0.6779204516951722,-0.23777598725961557,GDELT
United Kingdom,2007-05-01,1.4735985456995948,0.6037230819226863,GDELT
United Kingdom,2007-06-01,1.2984397471448812,0.4184773562284176,GDELT
United Kingdom,2007-07-01,0.4341430132851461,-0.49559191691186855,GDELT
United Kingdom,2007-08-01,-0.3623297351952637,-1.3379314025979092,GDELT
United Kingdom,2007-09-01,0.3450399646609643,-0.5898261720001299,GDELT
United Kingdom,2007-10-01,1.0167312823630483,0.12054605375703144,GDELT
United Kingdom,2007-11-01,0.5840424118533036,-0.33706021254978974,GDELT
United Kingdom,2007-12-01,1.8313438084003015,0.9820699383152786,GDELT
United Kingdom,2008-01-01,1.4680954163538311,0.5979030420636724,GDELT
United Kingdom,2008-02-01,1.400412152937024,0.5263220803737214,GDELT
United Kingdom,2008-03-01,-0.4083003696071916,-1.3865493630003005,GDELT
United Kingdom,2008-04-01,-1.2203589451967076,-2.2453722219293355,GDELT
United Kingdom,2008-05-01,0.7421340292989544,-0.16986452131677174,GDELT
United Kingdom,2008-06-01,-0.9886755641263428,-2.0003468140605136,GDELT
United Kingdom,2008-07-01,0.4951215615076592,-0.43110177704753333,GDELT
United Kingdom,2008-08-01,-1.1331693517705776,-2.153161612810739,GDELT
United Kingdom,2008-09-01,1.593419471792462,0.7304441749570115,GDELT
United Kingdom,2008-10-01,-0.4535497378273927,-1.4344045214183916,GDELT
United Kingdom,2008-11-01,1.1404588484979603,0.2513987597938793,GDELT
United Kingdom,2008-12-01,1.0922372357159222,0.20040019319223443,GDELT
United Kingdom,2009-01-01,0.5760335353810522,-0.3455302988163072,GDELT
United Kingdom,2009-02-01,0.7524664704070751,-0.15893706253616569,GDELT
United Kingdom,2009-03-01,1.012061412533928,0.11560725860354136,GDELT
United Kingdom,2009-04-01,1.6593748962989618,0.8001977961110393,GDELT
United Kingdom,2009-05-01,1.7925524295032194,0.9410446675680217,GDELT
United Kingdom,2009-06-01,1.0242990638972191,0.12854964360670293,GDELT
United Kingdom,2009-07-01,-0.9776025714711613,-1.988636157348195,GDELT
United Kingdom,2009-08-01,-0.723026493616679,-1.7193997234626124,GDELT
United Kingdom,2009-09-01,2.333594630649438,1.5132440432747964,GDELT
United Kingdom,2009-10-01,1.22473626633637,0.34052948891473833,GDELT
United Kingdom,2009-11-01,1.0169749966767991,0.12080380292684403,GDELT
United Kingdom,2009-12-01,-0.11051348901131774,-1.0716137317137915,GDELT
United Kingdom,2010-01-01,0.09378991993287931,-0.855545035399579,GDELT
United Kingdom,2010-02-01,0.4403902789428109,-0.4889848879192741,GDELT
United Kingdom,2010-03-01,-0.21114476938142343,-1.178040098607834,GDELT
United Kingdom,2010-04-01,0.19823002244461563,-0.7450905064749185,GDELT
United Kingdom,2010-05-01,0.4311375549701548,-0.4987704515398651,GDELT
United Kingdom,2010-06-01,1.0906924468213752,0.19876644403332236,GDELT
United Kingdom,2010-07-01,2.113302084467634,1.2802654380365364,GDELT
United Kingdom,2010-08-01,1.330035933493498,0.4518930825157417,GDELT
United Kingdom,2010-09-01,2.0428094676127433,1.2057133397513153,GDELT
United Kingdom,2010-10-01,1.3361754348793244,0.4583861413800564,GDELT
United Kingdom,2010-11-01,1.8484616709524264,1.0001735728284635,GDELT
United Kingdom,2010-12-01,2.7067654984611575,1.9079048241555734,GDELT
United Kingdom,2011-01-01,1.987625775269226,1.1473517660307064,GDELT
United Kingdom,2011-02-01,0.5521422344812521,-0.37079743589124636,GDELT
United Kingdom,2011-03-01,-0.41882299840764503,-1.3976779618742106,GDELT
United Kingdom,2011-04-01,1.013969484255325,0.11762521107651693,GDELT
United Kingdom,2011-05-01,0.6893312229901181,-0.2257081001382998,GDELT
United Kingdom,2011-06-01,0.9430306764951286,0.0426012269440899,GDELT
United Kingdom,2011-07-01,0.5197223396505386,-0.405084305830991,GDELT
United Kingdom,2011-08-01,-0.05365337085763677,-1.0114791913004517,GDELT
United Kingdom,2011-09-01,1.2651038524204967,0.383221736408912,GDELT
United Kingdom,2011-10-01,-1.1443061305766289,-2.164939728947903,GDELT
United Kingdom,2011-11-01,1.5237037000394371,0.6567136582071436,GDELT
United Kingdom,2011-12-01,1.1785366152789916,0.2916693234102763,GDELT
United Kingdom,2012-01-01,1.9169825584157767,1.072640395095452,GDELT
United Kingdom,2012-02-01,0.2461784157385445,-0.6943808933415905,GDELT
United Kingdom,2012-03-01,1.8672240553969817,1.0200164328552799,GDELT
United Kingdom,2012-04-01,-1.2729509854937504,-2.3009928972876716,GDELT
United Kingdom,2012-05-01,0.7722197077346067,-0.1380462890566554,GDELT
United Kingdom,2012-06-01,1.7789620628290717,0.9266716679940535,GDELT
United Kingdom,2012-07-01,0.49702388903766703,-0.4290898995585791,GDELT
United Kingdom,2012-08-01,-3.1797160910196265,-4.317563509875631,GDELT
United Kingdom,2012-09-01,-1.1942619185815817,-2.21777233728939,GDELT
United Kingdom,2012-10-01,-0.07742910775572298,-1.0366241093516348,GDELT
United Kingdom,2012-11-01,-0.33623970637210476,-1.3103389187340695,GDELT
United Kingdom,2012-12-01,1.1024848463867816,0.2112379363773859,GDELT
United Kingdom,2013-01-01,1.0441182805573916,0.14951019599230728,GDELT
United Kingdom,2013-02-01,2.2706262054587825,1.4466494347451846,GDELT
United Kingdom,2013-03-01,1.5934826272749305,0.7305109673949479,GDELT
United Kingdom,2013-04-01,1.3719276137436047,0.49619719268614376,GDELT
United Kingdom,2013-05-01,0.9682430966971048,0.06926556305144808,GDELT
United Kingdom,2013-06-01,1.4920033003263882,0.6231877171862144,GDELT
United Kingdom,2013-07-01,-0.8122931775496482,-1.8138070371798187,GDELT
United Kingdom,2013-08-01,-1.5246613694610929,-2.5671986096330226,GDELT
United Kingdom,2013-09-01,0.9561448180489424,0.0564705768656398,GDELT
United Kingdom,2013-10-01,2.000393969647794,1.1608552466036481,GDELT
United Kingdom,2013-11-01,2.6074324048344693,1.802851403110414,GDELT
United Kingdom,2013-12-01,1.0150185938915277,0.11873473613317859,GDELT
United Kingdom,2014-01-01,1.970726769472826,1.1294795916489675,GDELT
United Kingdom,2014-02-01,1.8099720018580747,0.9594673865452306,GDELT
United Kingdom,2014-03-01,2.4418521784337557,1.6277358539440938,GDELT
United Kingdom,2014-04-01,1.3862280482011506,0.511321150949673,GDELT
United Kingdom,2014-05-01,1.611407629878757,0.7494682229985268,GDELT
United Kingdom,2014-06-01,1.7817564443002336,0.9296269704268361,GDELT
United Kingdom,2014-07-01,1.3773712593946712,0.5019543233434386,GDELT
United Kingdom,2014-08-01,0.3630335789183743,-0.5707963535811855,GDELT
United Kingdom,2014-09-01,0.631097058194312,-0.2872958148680799,GDELT
United Kingdom,2014-10-01,0.7454495359906712,-0.16635808345456282,GDELT
United Kingdom,2014-11-01,0.5652509463364712,-0.3569338283501236,GDELT
United Kingdom,2014-12-01,0.7618269755960583,-0.1490375108670184,GDELT
United Kingdom,2015-01-01,2.513717283791184,1.7037394786770728,GDELT
United Kingdom,2015-02-01,1.6496810439406122,0.7899457006998307,GDELT
United Kingdom,2015-03-01,2.2022008647461,1.3742836615109097,GDELT
United Kingdom,2015-04-01,2.5881797159022835,1.7824900032707436,GDELT
United Kingdom,2015-05-01,1.996381710660188,1.1566119323427304,GDELT
United Kingdom,2015-06-01,1.8847425334448484,1.038543753240059,GDELT
United Kingdom,2015-07-01,1.9185325225496328,1.0742796175218754,GDELT
United Kingdom,2015-08-01,2.0720144890528065,1.2366002003328078,GDELT
United Kingdom,2015-09-01,2.40688627489477,1.5907563574581558,GDELT
United Kingdom,2015-10-01,2.1612652476250087,1.3309906715902773,GDELT
United Kingdom,2015-11-01,1.875843424701241,1.029132168604607,GDELT
United Kingdom,2015-12-01,1.436961091943111,0.564975775109035,GDELT
United Kingdom,2016-01-01,1.271254979881192,0.3897270908626794,GDELT
United Kingdom,2016-02-01,0.41915576780037256,-0.5114422378143484,GDELT
United Kingdom,2016-03-01,1.1123715579616782,0.22169399725205308,GDELT
United Kingdom,2016-04-01,0.4355313414570876,-0.4941236386304737,GDELT
United Kingdom,2016-05-01,1.4378083938047723,0.5658718708207015,GDELT
United Kingdom,2016-06-01,1.1353051625121875,0.24594828680415592,GDELT
United Kingdom,2016-07-01,1.6550098671926587,0.7955813966429809,GDELT
United Kingdom,2016-08-01,1.1536683247951771,0.265368934531946,GDELT
United Kingdom,2016-09-01,1.1603162757985572,0.27239972326858153,GDELT
United Kingdom,2016-10-01,1.43347178510548,0.5612855284149469,GDELT
United Kingdom,2016-11-01,1.6468713461940965,0.7869741999683257,GDELT
United Kingdom,2016-12-01,1.5513556487620317,0.6859580087635769,GDELT
United Kingdom,2017-01-01,1.4909213848439062,0.6220434970822518,GDELT
United Kingdom,2017-02-01,1.3097601850883684,0.43044970794195814,GDELT
United Kingdom,2017-03-01,1.1063109738238008,0.21528440026910978,GDELT
United Kingdom,2017-04-01,1.5033753656337725,0.6352146693455772,GDELT
United Kingdom,2017-05-01,1.2881702245279367,0.4076164392467602,GDELT
United Kingdom,2017-06-01,1.2218954569567622,0.3375250849143299,GDELT
United Kingdom,2017-07-01,1.859493282452908,1.011840465355964,GDELT
United Kingdom,2017-08-01,1.0672019277729703,0.17392316876560837,GDELT
United Kingdom,2017-09-01,1.1537272032408603,0.2654312036299778,GDELT
United Kingdom,2017-10-01,1.568099739427904,0.7036663468663942,GDELT
United Kingdom,2017-11-01,1.1076860355007163,0.21673864807348153,GDELT
United Kingdom,2017-12-01,1.2960354583379416,0.4159346108539624,GDELT
United Kingdom,2018-01-01,1.6179874856269123,0.7564269950561571,GDELT
United Kingdom,2018-02-01,2.1890846969227766,1.3604121686324038,GDELT
United Kingdom,2018-03-01,1.6330461488132195,0.7723528464147555,GDELT
United Kingdom,2018-04-01,1.9957920119939845,1.155988274506166,GDELT
United Kingdom,2018-05-01,2.821829281090144,2.0295948225462404,GDELT
United Kingdom,2018-06-01,1.4204369542140345,0.5475000564448728,GDELT
United Kingdom,2018-07-01,1.908252447609069,1.0634075405364798,GDELT
United Kingdom,2018-08-01,2.1479912329613473,1.3169522418937056,GDELT
United Kingdom,2018-09-01,1.5538383422167197,0.688583673899927,GDELT
United Kingdom,2018-10-01,0.9124380310902822,0.01024683284176919,GDELT
United Kingdom,2018-11-01,1.5145324775519369,0.6470142895244456,GDELT
United Kingdom,2018-12-01,-0.22062390057992332,-1.188065107641387,GDELT
United Kingdom,2019-01-01,0.6882414133616326,-0.2268606689910391,GDELT
United Kingdom,2019-02-01,0.7161597951235308,-0.19733454222854596,GDELT
United Kingdom,2019-03-01,0.4539598189834546,-0.4746339143289792,GDELT
United Kingdom,2019-04-01,0.3878242653363344,-0.5445780377794842,GDELT
United Kingdom,2019-05-01,0.9514589565157472,0.051514869088571134,GDELT
United Kingdom,2019-06-01,1.154321336016599,0.2660595509245961,GDELT
United Kingdom,2019-07-01,0.8557859032806441,-0.049667739619418,GDELT
United Kingdom,2019-08-01,1.3138687799472295,0.4347949057995223,GDELT
United Kingdom,2019-09-01,0.8954047883467435,-0.007767308834178883,GDELT
United Kingdom,2019-10-01,-0.4106939753107408,-1.3890808100599892,GDELT
United Kingdom,2019-11-01,-0.2081718779368664,-1.174896006289313,GDELT
United Kingdom,2019-12-01,0.7145057562542103,-0.19908383277633476,GDELT
United States,2002-01-01,0.2015086624956837,-0.19790605270945158,GDELT
United States,2002-02-01,1.1750683685824337,1.156635338100591,GDELT
United States,2002-03-01,-0.19509870331979504,-0.7497171943769522,GDELT
United States,2002-04-01,1.153293340210622,1.1263391199731598,GDELT
United States,2002-05-01,0.7037620707728571,0.5008934414904714,GDELT
United States,2002-06-01,0.8653705584002651,0.725743940364786,GDELT
United States,2002-07-01,0.17017102161335806,-0.24150700640552478,GDELT
United States,2002-08-01,0.9049449424002418,0.7808049097215052,GDELT
United States,2002-09-01,0.4576428778066859,0.15846078752878745,GDELT
United States,2002-10-01,1.10934432274858,1.0651915982900215,GDELT
United States,2002-11-01,0.683635948757761,0.4728913938137861,GDELT
United States,2002-12-01,1.0390863876861616,0.9674397290621779,GDELT
United States,2003-01-01,0.8810255689359305,0.7475252030973631,GDELT
United States,2003-02-01,0.6694357963789255,0.4531343167360414,GDELT
United States,2003-03-01,-0.2185174830286236,-0.7823004106291704,GDELT
United States,2003-04-01,1.6263919522043562,1.784574714435192,GDELT
United States,2003-05-01,1.5979367935229334,1.7449842404508256,GDELT
United States,2003-06-01,1.6412679741126208,1.805272148069063,GDELT
United States,2003-07-01,2.242744961800014,2.6421242387509256,GDELT
United States,2003-08-01,1.4219765591362332,1.5001657469128609,GDELT
United States,2003-09-01,1.2888887379152862,1.3149968647894297,GDELT
United States,2003-10-01,1.5348547999969178,1.657216463383247,GDELT
United States,2003-11-01,2.0554178640176666,2.3814907039198325,GDELT
United States,2003-12-01,1.016557818469085,0.936095088061249,GDELT
United States,2004-01-01,1.2782395078551758,1.3001802872272181,GDELT
United States,2004-02-01,1.4322966390374194,1.5145243684696346,GDELT
United States,2004-03-01,0.4211368650692026,0.1076689306378311,GDELT
United States,2004-04-01,0.9921846689414552,0.9021840298558107,GDELT
United States,2004-05-01,0.7983871420047777,0.6325480023670531,GDELT
United States,2004-06-01,0.4918166290739307,0.20600770250618847,GDELT
United States,2004-07-01,-0.07320306462294113,-0.5801203150671151,GDELT
United States,2004-08-01,-0.02988093911187839,-0.5198450060380732,GDELT
United States,2004-09-01,1.246978500215823,1.2566859555481302,GDELT
United States,2004-10-01,2.133773162867831,2.4905086663706952,GDELT
United States,2004-11-01,1.4047832625778742,1.4762442229558146,GDELT
United States,2004-12-01,-0.26572698490277347,-0.8479843372833433,GDELT
United States,2005-01-01,1.487359462409028,1.5911348453468077,GDELT
United States,2005-02-01,0.9335695447652288,0.8206311355363594,GDELT
United States,2005-03-01,0.4688412498708239,0.17404140202600882,GDELT
United States,2005-04-01,0.6238519182810407,0.3897121668142754,GDELT
United States,2005-05-01,0.4977908178661003,0.2143197617922433,GDELT
United States,2005-06-01,0.4885967901475805,0.20152784875894014,GDELT
United States,2005-07-01,1.062470957468708,0.9999753480680885,GDELT
United States,2005-08-01,2.1258750235038626,2.4795197597715473,GDELT
United States,2005-09-01,1.3259600525430706,1.3665752423261446,GDELT
United States,2005-10-01,1.68189474748411,1.8617973367787914,GDELT
United States,2005-11-01,1.815510658613949,2.0477009654567393,GDELT
United States,2005-12-01,1.1897562813733096,1.1770710501534445,GDELT
United States,2006-01-01,1.386857477016882,1.451303566154448,GDELT
United States,2006-02-01,1.1989792599296187,1.1899032433132146,GDELT
United States,2006-03-01,1.1688446542533395,1.1479761068170558,GDELT
United States,2006-04-01,1.3057664941870222,1.3384793685446055,GDELT
United States,2006-05-01,1.5841882581581253,1.7258555110075091,GDELT
United States,2006-06-01,0.8961491009193772,0.7685670045592989,GDELT
United States,2006-07-01,1.7756587632178196,1.992253886578272,GDELT
United States,2006-08-01,1.1342755733040877,1.099879158375917,GDELT
United States,2006-09-01,0.8372155757986572,0.6865711099230788,GDELT
United States,2006-10-01,1.4651131886566056,1.560182970078603,GDELT
United States,2006-11-01,1.6281788852095629,1.7870609252993273,GDELT
United States,2006-12-01,1.7686869889736734,1.9825538581957929,GDELT
United States,2007-01-01,0.5378234336790708,0.27001828214188617,GDELT
United States,2007-02-01,1.141174911122116,1.1094784038924195,GDELT
United States,2007-03-01,0.9839296013376924,0.8906985188149139,GDELT
United States,2007-04-01,0.6062032296890756,0.36515704293037504,GDELT
United States,2007-05-01,0.9309710623472434,0.8170157928239938,GDELT
United States,2007-06-01,0.7888467557648031,0.6192741908426384,GDELT
United States,2007-07-01,0.7688019537928561,0.5913852860617191,GDELT
United States,2007-08-01,0.08243234372174868,-0.3635803317867059,GDELT
United States,2007-09-01,1.0323956236094585,0.958130678141749,GDELT
United States,2007-10-01,0.43393135728633325,0.12547027263478114,GDELT
United States,2007-11-01,0.6944958307092417,0.4880010573615097,GDELT
United States,2007-12-01,0.9221126557956882,0.8046908390942068,GDELT
United States,2008-01-01,1.403250253811045,1.4741113041279683,GDELT
United States,2008-02-01,-0.00933324515797728,-0.4912564132971815,GDELT
United States,2008-03-01,0.6919973575245653,0.4845248603483071,GDELT
United States,2008-04-01,0.5388888771266824,0.27150066400335227,GDELT
United States,2008-05-01,1.1993164702099612,1.1903724135955043,GDELT
United States,2008-06-01,0.9968667629507522,0.9086983608122026,GDELT
United States,2008-07-01,0.5205172267249765,0.24593966273037515,GDELT
United States,2008-08-01,-0.23987312786905512,-0.8120131284860718,GDELT
United States,2008-09-01,1.6455946831369186,1.8112920217581252,GDELT
United States,2008-10-01,0.24029065892877277,-0.14394755477816426,GDELT
United States,2008-11-01,1.5106407415711107,1.6235267531660025,GDELT
United States,2008-12-01,1.1324954902706512,1.0974024780729081,GDELT
United States,2009-01-01,0.8179624450952847,0.6597836799613154,GDELT
United States,2009-02-01,1.3299957270626663,1.3721901914067742,GDELT
United States,2009-03-01,0.7159991849519507,0.5179192875233533,GDELT
United States,2009-04-01,0.699999549798358,0.49565853872910354,GDELT
United States,2009-05-01,1.4829306669642204,1.5849729359087765,GDELT
United States,2009-06-01,0.6160884456154019,0.37891062583401103,GDELT
United States,2009-07-01,0.8616507954571571,0.7205685280722067,GDELT
United States,2009-08-01,0.8043962086711982,0.6409085882344783,GDELT
United States,2009-09-01,1.3340967354656357,1.3778960413830537,GDELT
United States,2009-10-01,1.394656159542869,1.46215409561781,GDELT
United States,2009-11-01,1.2399682325695025,1.2469323701971446,GDELT
United States,2009-12-01,1.092990156668133,1.0424375805039021,GDELT
United States,2010-01-01,-0.1908020394183332,-0.7437391233243579,GDELT
United States,2010-02-01,0.03849218202321403,-0.42471553219345715,GDELT
United States,2010-03-01,-0.0065928984554997,-0.48744369075898625,GDELT
United States,2010-04-01,1.4253855048534874,1.5049087103327479,GDELT
United States,2010-05-01,1.2569253248530732,1.2705252564087228,GDELT
United States,2010-06-01,0.6466250937486144,0.42139713546915086,GDELT
United States,2010-07-01,0.31594863813244345,-0.03868245009511816,GDELT
United States,2010-08-01,0.24424649272582857,-0.13844369037233822,GDELT
United States,2010-09-01,1.0828635192420997,1.028348100980942,GDELT
United States,2010-10-01,0.3338828023674889,-0.013730135805531505,GDELT
United States,2010-11-01,0.5818018114678747,0.3312066536851799,GDELT
United States,2010-12-01,0.9743139802368396,0.877320030882412,GDELT
United States,2011-01-01,1.3048154759967543,1.3371561898077728,GDELT
United States,2011-02-01,0.6143912764661703,0.3765493059832949,GDELT
United States,2011-03-01,0.5056375370927544,0.2252371260875368,GDELT
United States,2011-04-01,0.3694395620357618,0.03574099821187116,GDELT
United States,2011-05-01,0.8366888554250789,0.6858382688421115,GDELT
United States,2011-06-01,0.12060162394717722,-0.3104743233934587,GDELT
United States,2011-07-01,0.33191179001910953,-0.01647246151086392,GDELT
United States,2011-08-01,0.2659144217607974,-0.10829648260736867,GDELT
United States,2011-09-01,0.5223854463656394,0.2485389700092004,GDELT
United States,2011-10-01,0.22061975879830345,-0.1713162392611241,GDELT
United States,2011-11-01,0.7743240280042798,0.5990683054345769,GDELT
United States,2011-12-01,0.32288945236169475,-0.029025497264526738,GDELT
United States,2012-01-01,0.05872867654135838,-0.39655992010479846,GDELT
United States,2012-02-01,0.636735198682393,0.40763704234470183,GDELT
United States,2012-03-01,0.5958812072954061,0.35079571872839777,GDELT
United States,2012-04-01,0.7494808702185676,0.5645033113322291,GDELT
United States,2012-05-01,0.7255404095284543,0.5311942654492953,GDELT
United States,2012-06-01,0.8595357501045786,0.7176258051394515,GDELT
United States,2012-07-01,0.24044993787918223,-0.14372594543087358,GDELT
United States,2012-08-01,0.0757689210553103,-0.37285134182309326,GDELT
United States,2012-09-01,0.5798319851219862,0.3284659780989449,GDELT
United States,2012-10-01,-0.10643756878598154,-0.6263604287555052,GDELT
United States,2012-11-01,0.5902043950000433,0.34289740784530226,GDELT
United States,2012-12-01,-0.09178148695020916,-0.6059690040184958,GDELT
United States,2013-01-01,0.41602282669989066,0.10055362317172024,GDELT
United States,2013-02-01,0.05989965597045099,-0.39493070302178196,GDELT
United States,2013-03-01,0.34170328326180766,-0.002849277650489941,GDELT
United States,2013-04-01,1.0000332628038926,0.9131040023853455,GDELT
United States,2013-05-01,0.8554164786954583,0.7118945453217442,GDELT
United States,2013-06-01,0.5782167859513692,0.326218705417748,GDELT
United States,2013-07-01,0.7080292976192837,0.5068305559286747,GDELT
United States,2013-08-01,0.4417483552928836,0.13634628494871778,GDELT
United States,2013-09-01,0.8748495013953423,0.7389322641498471,GDELT
United States,2013-10-01,0.4666170297098145,0.1709467810679667,GDELT
United States,2013-11-01,0.7757792911327783,0.6010930545380441,GDELT
United States,2013-12-01,0.4322649751653138,0.12315178765464625,GDELT
United States,2014-01-01,0.5191170529273883,0.2439915609844799,GDELT
United States,2014-02-01,0.431788670410711,0.12248909126251391,GDELT
United States,2014-03-01,0.6078675050771238,0.3674725967528305,GDELT
United States,2014-04-01,0.663873694971139,0.44539560638306974,GDELT
United States,2014-05-01,-0.3264932292716196,-0.9325301464895692,GDELT
United States,2014-06-01,-0.01125908144253351,-0.4939358842562259,GDELT
United States,2014-07-01,0.03505386136932742,-0.4294993658006293,GDELT
United States,2014-08-01,-0.4707001516864757,-1.1331693512871943,GDELT
United States,2014-09-01,0.4536244050567113,0.1528697717609288,GDELT
United States,2014-10-01,0.45723918234011585,0.1578991145103452,GDELT
United States,2014-11-01,0.9191643003644748,0.8005887080780711,GDELT
United States,2014-12-01,0.1504194942501389,-0.2689878698573792,GDELT
United States,2015-01-01,0.4275592990129145,0.11660464618985289,GDELT
United States,2015-02-01,0.2739626655934835,-0.09709873137901866,GDELT
United States,2015-03-01,0.5935233622995852,0.34751518172590495,GDELT
United States,2015-04-01,0.5522528516227965,0.29009434294008435,GDELT
United States,2015-05-01,0.12424866474359676,-0.30540009149803665,GDELT
United States,2015-06-01,0.3863475557471112,0.05926557217933357,GDELT
United States,2015-07-01,0.6438062368532318,0.4174751794599877,GDELT
United States,2015-08-01,0.0457577646202445,-0.41460671986844294,GDELT
United States,2015-09-01,0.605412369442794,0.36405669650967054,GDELT
United States,2015-10-01,0.3151114342234589,-0.03984727577573903,GDELT
United States,2015-11-01,0.516587340629524,0.24047190010197314,GDELT
United States,2015-12-01,0.40095868353289,0.07959445106422912,GDELT
United States,2016-01-01,0.423931878217811,0.11155771216194131,GDELT
United States,2016-02-01,0.1511203468373683,-0.2680127536602695,GDELT
United States,2016-03-01,0.03156055636016752,-0.4343597007097751,GDELT
United States,2016-04-01,0.22904691867026197,-0.15959129133838812,GDELT
United States,2016-05-01,-0.20836374365828192,-0.768173223397985,GDELT
United States,2016-06-01,-0.22083439240607736,-0.785523992738101,GDELT
United States,2016-07-01,-0.5200339925153497,-1.2018089313278966,GDELT
United States,2016-08-01,0.02563136519427367,-0.4426091535147917,GDELT
United States,2016-09-01,0.46069089068807223,0.16270157479817354,GDELT
United States,2016-10-01,0.28676585292061496,-0.07928529162748803,GDELT
United States,2016-11-01,0.5547507950486263,0.29356980288469187,GDELT
United States,2016-12-01,-0.03361550189719509,-0.5250410097732972,GDELT
United States,2017-01-01,-0.00723030911758648,-0.4883305383959028,GDELT
United States,2017-02-01,0.08075797522322503,-0.3659099284416815,GDELT
United States,2017-03-01,0.2067563963890251,-0.19060473084696453,GDELT
United States,2017-04-01,0.36697629926779207,0.03231379045584375,GDELT
United States,2017-05-01,0.5110325030592762,0.2327432961333769,GDELT
United States,2017-06-01,0.8110939791490637,0.6502273873607087,GDELT
United States,2017-07-01,-0.03077488126640837,-0.5210887732582347,GDELT
United States,2017-08-01,-0.5250740984886857,-1.2088213745424932,GDELT
United States,2017-09-01,0.3823652482483535,0.053724874157141715,GDELT
United States,2017-10-01,0.4163716061810731,0.10103889001316119,GDELT
United States,2017-11-01,0.7161270366602164,0.5180971712521568,GDELT
United States,2017-12-01,0.2044549730500549,-0.19380676678879882,GDELT
United States,2018-01-01,-0.06055352552898441,-0.5625206504853649,GDELT
United States,2018-02-01,-0.01746414823500686,-0.5025691706901214,GDELT
United States,2018-03-01,0.31555204228803113,-0.03923424520672878,GDELT
United States,2018-04-01,0.16657572666767173,-0.2465092428227213,GDELT
United States,2018-05-01,0.7332572871518632,0.5419309774181365,GDELT
United States,2018-06-01,0.00867902171044932,-0.4661954325858186,GDELT
United States,2018-07-01,-0.3690315203604033,-0.99171488432726,GDELT
United States,2018-08-01,-0.2846402314237615,-0.8742988766866303,GDELT
United States,2018-09-01,-0.6387329113647429,-1.3669581231244383,GDELT
United States,2018-10-01,-0.3687927955672148,-0.9913827397126413,GDELT
United States,2018-11-01,-0.03120314284426584,-0.5216846258080832,GDELT
United States,2018-12-01,-0.6421262533498684,-1.3716793766267033,GDELT
United States,2019-01-01,-0.10531738130766756,-0.6248018799624965,GDELT
United States,2019-02-01,0.04678747770566005,-0.41317405067914337,GDELT
United States,2019-03-01,-0.3151916173459064,-0.9168058914279215,GDELT
United States,2019-04-01,-0.11349332703888317,-0.6361773064850906,GDELT
United States,2019-05-01,-0.48389880111638206,-1.1515330087432543,GDELT
United States,2019-06-01,-0.555029504214259,-1.250499185035383,GDELT
United States,2019-07-01,-0.1165747420353842,-0.6404645670700635,GDELT
United States,2019-08-01,-0.5971728022509222,-1.3091343577721,GDELT
United States,2019-09-01,-0.12919556881982786,-0.6580242833965418,GDELT
United States,2019-10-01,0.39507595088627134,0.07140963732235427,GDELT
United States,2019-11-01,0.21451894085721968,-0.17980448129428206,GDELT
United States,2019-12-01,-0.04055395056410127,-0.5346946713295179,GDELT
Vietnam,2002-01-01,0.47832890415089935,0.07839278060213022,GDELT
Vietnam,2002-02-01,1.1182479331368995,0.5543346381472897,GDELT
Vietnam,2002-03-01,1.8526233835839072,1.1005287661374399,GDELT
Vietnam,2002-04-01,3.053485246381671,1.9936736793942884,GDELT
Vietnam,2002-05-01,1.300594886499347,0.689955777338202,GDELT
Vietnam,2002-06-01,1.4473148855278293,0.7990792534556274,GDELT
Vietnam,2002-07-01,-0.6556431920686094,-0.7650026513704024,GDELT
Vietnam,2002-08-01,-0.518043967436439,-0.6626627808527503,GDELT
Vietnam,2002-09-01,-0.16456482958136753,-0.39976152326585535,GDELT
Vietnam,2002-10-01,-1.499195945102505,-1.39239775298578,GDELT
Vietnam,2002-11-01,0.14197844337561527,-0.17176896773847306,GDELT
Vietnam,2002-12-01,0.41858121804382264,0.03395524488001416,GDELT
Vietnam,2003-01-01,-1.9715041912534748,-1.7436785460623474,GDELT
Vietnam,2003-02-01,0.0660957662091537,-0.22820695549972697,GDELT
Vietnam,2003-03-01,1.3816186382805036,0.7502174560526277,GDELT
Vietnam,2003-04-01,1.0072653321959937,0.47179096800404174,GDELT
Vietnam,2003-05-01,1.4200088333471896,0.778770288401608,GDELT
Vietnam,2003-06-01,0.932158047794756,0.41592968113194956,GDELT
Vietnam,2003-07-01,1.8405977159239288,1.0915846367319115,GDELT
Vietnam,2003-08-01,-0.8131037096072955,-0.8821144230364766,GDELT
Vietnam,2003-09-01,0.3508474450564467,-0.01642196891410652,GDELT
Vietnam,2003-10-01,0.9053232372211824,0.39597120355472076,GDELT
Vietnam,2003-11-01,-1.7978423401420276,-1.6145169798971986,GDELT
Vietnam,2003-12-01,2.3583901671222325,1.476694455136098,GDELT
Vietnam,2004-01-01,-0.22603589073113992,-0.4454808247769451,GDELT
Vietnam,2004-02-01,2.1670156590203877,1.3343590427682064,GDELT
Vietnam,2004-03-01,-3.4254583676360584,-2.825061690097916,GDELT
Vietnam,2004-04-01,-0.24496806734336296,-0.4595616926618593,GDELT
Vietnam,2004-05-01,1.224614595636382,0.6334451890729292,GDELT
Vietnam,2004-06-01,0.4310999635598485,0.04326610254348086,GDELT
Vietnam,2004-07-01,0.5088624515513622,0.10110220571525246,GDELT
Vietnam,2004-08-01,1.086131432576325,0.5304478864767366,GDELT
Vietnam,2004-09-01,1.711632100380129,0.9956660410329643,GDELT
Vietnam,2004-10-01,1.4748884432331923,0.8195871766130528,GDELT
Vietnam,2004-11-01,-0.27001942487939345,-0.47819372124619314,GDELT
Vietnam,2004-12-01,1.839864954578179,1.0910396430995355,GDELT
Vietnam,2005-01-01,-0.25777148044907783,-0.46908427277032694,GDELT
Vietnam,2005-02-01,2.5744810877556468,1.6374127796526843,GDELT
Vietnam,2005-03-01,-0.11578465468484468,-0.3634811096509998,GDELT
Vietnam,2005-04-01,1.6660381264880648,0.961755374770328,GDELT
Vietnam,2005-05-01,3.7934022694065153,2.5439893699993155,GDELT
Vietnam,2005-06-01,2.1146211053922777,1.295390423225002,GDELT
Vietnam,2005-07-01,3.2852155941450203,2.1660238786669015,GDELT
Vietnam,2005-08-01,0.2210407794438556,-0.11296609833512984,GDELT
Vietnam,2005-09-01,0.9730322492545068,0.44633000130879247,GDELT
Vietnam,2005-10-01,1.6535995900269145,0.9525041728521044,GDELT
Vietnam,2005-11-01,2.291930271422876,1.4272646917150429,GDELT
Vietnam,2005-12-01,2.6359011103610417,1.683094121080518,GDELT
Vietnam,2006-01-01,0.2724379538795514,-0.074739282807766,GDELT
Vietnam,2006-02-01,3.4658842018260323,2.300396742802623,GDELT
Vietnam,2006-03-01,-1.1784649482456455,-1.1538530316977622,GDELT
Vietnam,2006-04-01,2.4615954794774453,1.553453741617549,GDELT
Vietnam,2006-05-01,3.387525593502696,2.2421172731966674,GDELT
Vietnam,2006-06-01,2.4067295741198755,1.5126470461936659,GDELT
Vietnam,2006-07-01,2.5984117941611675,1.6552113203165852,GDELT
Vietnam,2006-08-01,0.660791502995373,0.21409993149614737,GDELT
Vietnam,2006-09-01,2.3202691039720857,1.4483417905247224,GDELT
Vietnam,2006-10-01,2.74927210432039,1.7674141662935097,GDELT
Vietnam,2006-11-01,1.7780502633106767,1.0450647655715863,GDELT
Vietnam,2006-12-01,0.7982681624862469,0.3163486437916233,GDELT
Vietnam,2007-01-01,1.6467980504038362,0.9474455056524363,GDELT
Vietnam,2007-02-01,1.547541772959507,0.8736233267203183,GDELT
Vietnam,2007-03-01,1.6717755333807034,0.9660225897933001,GDELT
Vietnam,2007-04-01,1.4884458904109934,0.8296705720132451,GDELT
Vietnam,2007-05-01,3.1229030665066677,2.0453034087201676,GDELT
Vietnam,2007-06-01,1.3677831778370315,0.7399272873825493,GDELT
Vietnam,2007-07-01,0.1483790242928471,-0.1670085148793941,GDELT
Vietnam,2007-08-01,3.099602000691611,2.0279731652917565,GDELT
Vietnam,2007-09-01,2.1069911431387087,1.2897156140015331,GDELT
Vietnam,2007-10-01,0.5239952183054033,0.11235725017006193,GDELT
Vietnam,2007-11-01,0.8862824457402567,0.3818095530082107,GDELT
Vietnam,2007-12-01,-0.36640856637191455,-0.5498834584959622,GDELT
Vietnam,2008-01-01,-1.612405807108907,-1.476597955785089,GDELT
Vietnam,2008-02-01,-1.29511054530181,-1.2406085736064707,GDELT
Vietnam,2008-03-01,1.287087361504765,0.6799095117240259,GDELT
Vietnam,2008-04-01,1.2033567921872397,0.617634628669769,GDELT
Vietnam,2008-05-01,-0.2060465935131255,-0.43061372000583165,GDELT
Vietnam,2008-06-01,2.6648938976764995,1.7046576008729475,GDELT
Vietnam,2008-07-01,1.0955524756969997,0.5374548179161283,GDELT
Vietnam,2008-08-01,0.5116070562344852,0.1031435143682903,GDELT
Vietnam,2008-09-01,0.06664078426204334,-0.22780159655158164,GDELT
Vietnam,2008-10-01,2.0310479432520214,1.2332326122704125,GDELT
Vietnam,2008-11-01,1.372649780682643,0.743546839065432,GDELT
Vietnam,2008-12-01,1.229672236953432,0.6372068262398193,GDELT
Vietnam,2009-01-01,1.8709149949185624,1.1141332115153257,GDELT
Vietnam,2009-02-01,0.02366153837538043,-0.2597675503623348,GDELT
Vietnam,2009-03-01,0.45456439373329616,0.06071784874437981,GDELT
Vietnam,2009-04-01,0.9158833555754704,0.40382532590110676,GDELT
Vietnam,2009-05-01,0.35181453705682664,-0.015702691095774986,GDELT
Vietnam,2009-06-01,1.0167513107803234,0.4788461954055671,GDELT
Vietnam,2009-07-01,1.34458616190779,0.722674431394875,GDELT
Vietnam,2009-08-01,1.2666442311330073,0.6647048670698581,GDELT
Vietnam,2009-09-01,2.5140004040082413,1.5924300745533313,GDELT
Vietnam,2009-10-01,1.4554839880258257,0.8051550499880951,GDELT
Vietnam,2009-11-01,2.3537473331762016,1.4732413322995273,GDELT
Vietnam,2009-12-01,-0.02374397375653458,-0.2950255540783594,GDELT
Vietnam,2010-01-01,1.318019893343067,0.7029156828094903,GDELT
Vietnam,2010-02-01,1.4953083575862074,0.8347745542778287,GDELT
Vietnam,2010-03-01,-0.673642072031793,-0.7783893768393795,GDELT
Vietnam,2010-04-01,1.531757755722369,0.8618839126021415,GDELT
Vietnam,2010-05-01,0.0408500118794084,-0.2469835673311757,GDELT
Vietnam,2010-06-01,1.4911469198701468,0.8316794714518361,GDELT
Vietnam,2010-07-01,0.9568834911689574,0.434319309999202,GDELT
Vietnam,2010-08-01,-0.13370375279828295,-0.3768084971099377,GDELT
Vietnam,2010-09-01,1.2324201940321569,0.6392506282479812,GDELT
Vietnam,2010-10-01,0.5880690709445933,0.1600123863104783,GDELT
Vietnam,2010-11-01,0.16511958382584524,-0.15455766931990886,GDELT
Vietnam,2010-12-01,2.3614949973743062,1.479003682726776,GDELT
Vietnam,2011-01-01,0.4887585285684448,0.08614984765895864,GDELT
Vietnam,2011-02-01,0.8375288236090412,0.34554888809884887,GDELT
Vietnam,2011-03-01,-0.7036778698128501,-0.8007285990553823,GDELT
Vietnam,2011-04-01,0.08602380585552716,-0.21338541124660856,GDELT
Vietnam,2011-05-01,-1.4135489693314192,-1.3286975364033666,GDELT
Vietnam,2011-06-01,-2.6942442658322587,-2.281218825435535,GDELT
Vietnam,2011-07-01,-2.532741418951632,-2.161100558183822,GDELT
Vietnam,2011-08-01,-0.9043099040636218,-0.9499493265834981,GDELT
Vietnam,2011-09-01,-0.9550789692938402,-0.9877089838479332,GDELT
Vietnam,2011-10-01,0.4288024465342435,0.0415573167887569,GDELT
Vietnam,2011-11-01,-0.22627606213673523,-0.4456594530404137,GDELT
Vietnam,2011-12-01,0.6568102071833568,0.21113882979674906,GDELT
Vietnam,2012-01-01,0.7628909934007879,0.2900367593085149,GDELT
Vietnam,2012-02-01,0.5922089209103305,0.16309141317700762,GDELT
Vietnam,2012-03-01,-1.2080766435048869,-1.1758768262848316,GDELT
Vietnam,2012-04-01,-1.7109059847891572,-1.5498577830603493,GDELT
Vietnam,2012-05-01,-1.6542082470301196,-1.5076886563344194,GDELT
Vietnam,2012-06-01,-0.7636288809759346,-0.8453173584487106,GDELT
Vietnam,2012-07-01,-1.9216001384857255,-1.7065622446281639,GDELT
Vietnam,2012-08-01,-2.5055197354596093,-2.14085434261616,GDELT
Vietnam,2012-09-01,0.579205876111077,0.15342035634766765,GDELT
Vietnam,2012-10-01,0.5535623728434338,0.13434791745097333,GDELT
Vietnam,2012-11-01,-1.0573654565774395,-1.0637848911961902,GDELT
Vietnam,2012-12-01,-0.7672098977956097,-0.8479807513466485,GDELT
Vietnam,2013-01-01,-0.4042859625927946,-0.5780548950367781,GDELT
Vietnam,2013-02-01,1.1647885251057328,0.5889493546810317,GDELT
Vietnam,2013-03-01,-1.6379449369608885,-1.4955927666146716,GDELT
Vietnam,2013-04-01,-2.475283309079634,-2.1183659022276684,GDELT
Vietnam,2013-05-01,-1.1395675585319154,-1.1249229716816602,GDELT
Vietnam,2013-06-01,0.9235129783988008,0.40949988267223264,GDELT
Vietnam,2013-07-01,-1.3241662289794007,-1.26221883277265,GDELT
Vietnam,2013-08-01,0.5041260843191591,0.09757951719310802,GDELT
Vietnam,2013-09-01,1.298170737580353,0.6881528087012163,GDELT
Vietnam,2013-10-01,1.5302094850153145,0.86073238123189,GDELT
Vietnam,2013-11-01,0.4138154429976115,0.03041068420062591,GDELT
Vietnam,2013-12-01,0.5886269501100845,0.16042731075291966,GDELT
Vietnam,2014-01-01,-0.6696203834956158,-0.77539823292011,GDELT
Vietnam,2014-02-01,0.13761349502768994,-0.17501541225832448,GDELT
Vietnam,2014-03-01,-0.44639199209701985,-0.6093713913251401,GDELT
Vietnam,2014-04-01,-0.8662513802278315,-0.921643175790428,GDELT
Vietnam,2014-05-01,-3.884158389537962,-3.166221322162512,GDELT
Vietnam,2014-06-01,-2.807400135227894,-2.3653788710551105,GDELT
Vietnam,2014-07-01,-2.8807010366486914,-2.4198966547147553,GDELT
Vietnam,2014-08-01,-2.7227093223555148,-2.302389803736139,GDELT
Vietnam,2014-09-01,-2.4006686868935905,-2.0628710344792793,GDELT
Vietnam,2014-10-01,-0.4330057899281048,-0.5994153599568529,GDELT
Vietnam,2014-11-01,-1.2741662621753471,-1.2250311949622448,GDELT
Vietnam,2014-12-01,-1.0352513660845428,-1.0473374645213052,GDELT
Vietnam,2015-01-01,-1.31582392016945,-1.2560142134827457,GDELT
Vietnam,2015-02-01,-1.1408863069419404,-1.1259037950975486,GDELT
Vietnam,2015-03-01,-0.9056891768370045,-0.950975165191338,GDELT
Vietnam,2015-04-01,-0.8829972746396262,-0.9340979891833564,GDELT
Vietnam,2015-05-01,-1.4744141462981624,-1.373966209584205,GDELT
Vietnam,2015-06-01,-1.6456825589749189,-1.5013476481348778,GDELT
Vietnam,2015-07-01,-1.1561825674016362,-1.1372804385272932,GDELT
Vietnam,2015-08-01,0.5804114660274635,0.15431701776614734,GDELT
Vietnam,2015-09-01,-0.8097105811302185,-0.8795907727039832,GDELT
Vietnam,2015-10-01,-0.5530023410200968,-0.6886631848203087,GDELT
Vietnam,2015-11-01,0.14832130216715456,-0.16705144589797485,GDELT
Vietnam,2015-12-01,-0.6977475231780641,-0.7963178844721339,GDELT
Vietnam,2016-01-01,-1.770195989338376,-1.5939549166363434,GDELT
Vietnam,2016-02-01,-1.93202095178259,-1.7143127583853497,GDELT
Vietnam,2016-03-01,-0.7866141602204806,-0.8624127345889985,GDELT
Vietnam,2016-04-01,-1.2417817316925266,-1.200945095165924,GDELT
Vietnam,2016-05-01,-1.0438777134246902,-1.0537533383911681,GDELT
Vietnam,2016-06-01,-0.4530742463015027,-0.6143413396070501,GDELT
Vietnam,2016-07-01,-1.738504311438378,-1.570384128200268,GDELT
Vietnam,2016-08-01,-1.5441536380011485,-1.4258351831916465,GDELT
Vietnam,2016-09-01,0.465252719727399,0.06866732593955292,GDELT
Vietnam,2016-10-01,-0.21502436539852,-0.43729096702335213,GDELT
Vietnam,2016-11-01,0.5932760844191627,0.1638851195049829,GDELT
Vietnam,2016-12-01,-0.04017109297179822,-0.30724327738284857,GDELT
Vietnam,2017-01-01,0.1766283464778482,-0.14599798969400343,GDELT
Vietnam,2017-02-01,-1.5686930194879665,-1.4440864279254562,GDELT
Vietnam,2017-03-01,-0.2673727121092142,-0.47622522002155593,GDELT
Vietnam,2017-04-01,-0.1580743481011968,-0.39493420657091377,GDELT
Vietnam,2017-05-01,0.3701071473514741,-0.0020975027381481227,GDELT
Vietnam,2017-06-01,0.05741231041926653,-0.23466530396468657,GDELT
Vietnam,2017-07-01,-0.9964792883336157,-1.0185006056848018,GDELT
Vietnam,2017-08-01,-1.7184800373158726,-1.5554910092427643,GDELT
Vietnam,2017-09-01,-0.09611215592719446,-0.3488496247643772,GDELT
Vietnam,2017-10-01,1.0906510749527474,0.5338093851830383,GDELT
Vietnam,2017-11-01,1.3273743144887664,0.7098730639384727,GDELT
Vietnam,2017-12-01,1.0686984527228685,0.5174820510535444,GDELT
Vietnam,2018-01-01,-0.1847220352486687,-0.4147535104918283,GDELT
Vietnam,2018-02-01,0.27475867079114025,-0.0730132420624419,GDELT
Vietnam,2018-03-01,0.7495810437131141,0.2801374409709715,GDELT
Vietnam,2018-04-01,-0.2743739291115723,-0.4814323979210148,GDELT
Vietnam,2018-05-01,-0.17713412266758333,-0.40910997584893044,GDELT
Vietnam,2018-06-01,-0.4103190514879831,-0.5825420245101133,GDELT
Vietnam,2018-07-01,0.20560934410502796,-0.12444327852054722,GDELT
Vietnam,2018-08-01,-0.09948412197565835,-0.35135753547181175,GDELT
Vietnam,2018-09-01,0.8342805645608387,0.3431329848749064,GDELT
Vietnam,2018-10-01,-0.4861187183589557,-0.6389182730943138,GDELT
Vietnam,2018-11-01,1.3601638443749895,0.7342603833573221,GDELT
Vietnam,2018-12-01,0.10593474695758864,-0.19857658409139245,GDELT
Vietnam,2019-01-01,0.6570136511768698,0.21129014192811732,GDELT
Vietnam,2019-02-01,0.983728608010626,0.45428545289682176,GDELT
Vietnam,2019-03-01,-0.5874982922713965,-0.7143196606753033,GDELT
Vietnam,2019-04-01,-0.730210153691008,-0.8204620714196839,GDELT
Vietnam,2019-05-01,-0.08133844693314529,-0.3378616306854994,GDELT
Vietnam,2019-06-01,0.948362713269578,0.42798195374401066,GDELT
Vietnam,2019-07-01,0.10711085875998272,-0.19770184711599853,GDELT
Vietnam,2019-08-01,-0.14156750153307662,-0.3826571857886236,GDELT
Vietnam,2019-09-01,-0.6138897466230837,-0.7339483906215963,GDELT
Vietnam,2019-10-01,-0.9441486950153184,-0.9795795568298916,GDELT
Vietnam,2019-11-01,0.4496551584202795,0.05706658902530906,GDELT
Vietnam,2019-12-01,0.22603944841292467,-0.10924832204371075,GDELT
Australia,2002-01-01,3.2456848969523016,1.5313037429891818,ICEWS
Australia,2002-02-01,3.2282757165081666,1.5192263404455038,ICEWS
Australia,2002-03-01,0.08586203375244317,-0.6607840929685922,ICEWS
Australia,2002-04-01,2.448808672585635,0.9784807672008579,ICEWS
Australia,2002-05-01,1.3732675392663245,0.23233747452465198,ICEWS
Australia,2002-06-01,2.626519948422347,1.1017657559295295,ICEWS
Australia,2002-07-01,1.701041732089946,0.45972674668844826,ICEWS
Australia,2002-08-01,2.7593652176453904,1.193925510237235,ICEWS
Australia,2002-09-01,2.4050582870880515,0.948129481062433,ICEWS
Australia,2002-10-01,2.3246331870606856,0.8923355675716168,ICEWS
Australia,2002-11-01,2.012527772311971,0.6758163154403812,ICEWS
Australia,2002-12-01,2.2062564149430823,0.8102131532929369,ICEWS
Australia,2003-01-01,-0.8883930114734238,-1.336661420977227,ICEWS
Australia,2003-02-01,0.9479767229634692,-0.06270274308360799,ICEWS
Australia,2003-03-01,0.7023597367556551,-0.23309647434027786,ICEWS
Australia,2003-04-01,1.078239233013612,0.02766525415060414,ICEWS
Australia,2003-05-01,2.777389093002361,1.2064293497362704,ICEWS
Australia,2003-06-01,2.0799999999999983,0.7226243347450199,ICEWS
Australia,2003-07-01,0.44957748395964,-0.4084610202309947,ICEWS
Australia,2003-08-01,2.459285499328701,0.9857489355309191,ICEWS
Australia,2003-09-01,2.071639455663915,0.7168243110302237,ICEWS
Australia,2003-10-01,2.6143153024821526,1.093298934507591,ICEWS
Australia,2003-11-01,2.080634261613977,0.7230643458560888,ICEWS
Australia,2003-12-01,2.67120678738112,1.132766695016897,ICEWS
Australia,2004-01-01,2.843755042273143,1.2524699021395622,ICEWS
Australia,2004-02-01,1.4530113860946,0.2876587770763153,ICEWS
Australia,2004-03-01,2.776008980594153,1.2054719139073446,ICEWS
Australia,2004-04-01,2.00772720798847,0.6724859836101269,ICEWS
Australia,2004-05-01,-0.4138258314235728,-1.007436338505804,ICEWS
Australia,2004-06-01,1.3117992634326257,0.18969462219213312,ICEWS
Australia,2004-07-01,2.4641538653520314,0.9891263039476808,ICEWS
Australia,2004-08-01,2.481508084507416,1.001165577780436,ICEWS
Australia,2004-09-01,0.8499999999999996,-0.13067287682640003,ICEWS
Australia,2004-10-01,2.3597470087544377,0.9166953449203117,ICEWS
Australia,2004-11-01,3.2799964254176572,1.555106939382874,ICEWS
Australia,2004-12-01,0.4539018269601715,-0.405461061024302,ICEWS
Australia,2005-01-01,1,-0.02661224126890943,ICEWS
Australia,2005-02-01,2.8608765187557292,1.2643477136359658,ICEWS
Australia,2005-03-01,1.6802431041321313,0.44529795706168834,ICEWS
Australia,2005-04-01,2.388188167926766,0.9364260455834065,ICEWS
Australia,2005-05-01,2.5364469891180015,1.039278759984502,ICEWS
Australia,2005-06-01,-0.02778151259054162,-0.739622890698313,ICEWS
Australia,2005-07-01,0.24952994623328983,-0.5472415130144281,ICEWS
Australia,2005-08-01,2.9093563135595595,1.2979799686958544,ICEWS
Australia,2005-09-01,2.4232105470329213,0.9607223857735525,ICEWS
Australia,2005-10-01,1.5675884126818165,0.36714516512267015,ICEWS
Australia,2005-11-01,-1.069698303154718,-1.4624397135258382,ICEWS
Australia,2005-12-01,3.681754159370619,1.83382137361809,ICEWS
Australia,2006-01-01,3.908301324231679,1.9909856533460195,ICEWS
Australia,2006-02-01,0.5484827149524474,-0.3398467455838485,ICEWS
Australia,2006-03-01,1.7811081181346822,0.5152718068124924,ICEWS
Australia,2006-04-01,2.956645757091902,1.3307864323567586,ICEWS
Australia,2006-05-01,1.4412351275062694,0.27948914405504177,ICEWS
Australia,2006-06-01,2.042284418401481,0.6964596188012726,ICEWS
Australia,2006-07-01,1.9219578231751928,0.6129845389764963,ICEWS
Australia,2006-08-01,1.1779165140494126,0.09681512891879078,ICEWS
Australia,2006-09-01,2.1627063505941244,0.7800008374614558,ICEWS
Australia,2006-10-01,2.5941740270657316,1.079326175035783,ICEWS
Australia,2006-11-01,4.09819467129299,2.12272180256828,ICEWS
Australia,2006-12-01,1.9321029468597304,0.6200225924326452,ICEWS
Australia,2007-01-01,2.6338453467171625,1.1068476599446646,ICEWS
Australia,2007-02-01,0.7150859341149438,-0.22426783310402693,ICEWS
Australia,2007-03-01,2.3145964235357983,0.8853726876293501,ICEWS
Australia,2007-04-01,1.7533514868076985,0.49601598883368664,ICEWS
Australia,2007-05-01,1.846303320661578,0.5605001682141463,ICEWS
Australia,2007-06-01,1.644692299614098,0.4206350283101774,ICEWS
Australia,2007-07-01,1.8102889302954976,0.5355156325427471,ICEWS
Australia,2007-08-01,2.3097731531826433,0.8820266037732507,ICEWS
Australia,2007-09-01,2.4434819329659483,0.9747854077990322,ICEWS
Australia,2007-10-01,1.6762478022624556,0.4425262660496718,ICEWS
Australia,2007-11-01,2.078949417308353,0.7218955060610311,ICEWS
Australia,2007-12-01,1.2359078944766608,0.13704592827956186,ICEWS
Australia,2008-01-01,1.6608878993120335,0.4318705242955232,ICEWS
Australia,2008-02-01,2.569325571187818,1.0620878676272631,ICEWS
Australia,2008-03-01,-0.3260554419166226,-0.9465467217376593,ICEWS
Australia,2008-04-01,1.7709727639131554,0.5082405307998766,ICEWS
Australia,2008-05-01,1.0123327291345685,-0.01805656372289892,ICEWS
Australia,2008-06-01,0.6988764441030213,-0.23551296532204993,ICEWS
Australia,2008-07-01,0.2310916042537574,-0.5600328835812048,ICEWS
Australia,2008-08-01,1.4270396337913915,0.26964119673489145,ICEWS
Australia,2008-09-01,1.853815931292262,0.5657119484603125,ICEWS
Australia,2008-10-01,1.3103065157913196,0.18865904707025813,ICEWS
Australia,2008-11-01,0.9970915856468778,-0.028629917575912232,ICEWS
Australia,2008-12-01,1.1440456278376754,0.07331762261153206,ICEWS
Australia,2009-01-01,-0.35930474051198225,-0.9696130093621519,ICEWS
Australia,2009-02-01,1.354412526037148,0.2192570434574987,ICEWS
Australia,2009-03-01,0.8519222592288536,-0.1293393333793281,ICEWS
Australia,2009-04-01,0.8263953145141016,-0.14704833398504813,ICEWS
Australia,2009-05-01,-0.07903861572109072,-0.7751818688889848,ICEWS
Australia,2009-06-01,0.5483943582091229,-0.33990804197628943,ICEWS
Australia,2009-07-01,-0.07286261137492644,-0.7708973426392002,ICEWS
Australia,2009-08-01,0.8599305100283292,-0.12378370892667999,ICEWS
Australia,2009-09-01,1.7334035543815691,0.48217735865821404,ICEWS
Australia,2009-10-01,1.306173546192328,0.18579185078218582,ICEWS
Australia,2009-11-01,1.2128094402909042,0.1210216627931258,ICEWS
Australia,2009-12-01,0.19693213495292383,-0.583730590819547,ICEWS
Australia,2010-01-01,2.6825127304594787,1.1406100524989693,ICEWS
Australia,2010-02-01,2.1133788175227366,0.7457804745155109,ICEWS
Australia,2010-03-01,-1.215812528575258,-1.5638046412675168,ICEWS
Australia,2010-04-01,-1.3963594951439458,-1.6890568551949476,ICEWS
Australia,2010-05-01,1.908472780611005,0.6036294583115016,ICEWS
Australia,2010-06-01,2.2981670250740365,0.8739749966576289,ICEWS
Australia,2010-07-01,0.4463227042405098,-0.4107189832054768,ICEWS
Australia,2010-08-01,0.2649769641361406,-0.5365253363448377,ICEWS
Australia,2010-09-01,2.147367721615447,0.7693598542607777,ICEWS
Australia,2010-10-01,2.498556525084588,1.012992721525267,ICEWS
Australia,2010-11-01,0.8449863225108274,-0.13415105326642368,ICEWS
Australia,2010-12-01,0.9525826665663876,-0.059507426959197064,ICEWS
Australia,2011-01-01,1.932048734935817,0.6199849835842638,ICEWS
Australia,2011-02-01,0.2092222970985258,-0.5752044435930407,ICEWS
Australia,2011-03-01,0.320009377632255,-0.4983472835137158,ICEWS
Australia,2011-04-01,2.4857478885357516,1.0041068891259548,ICEWS
Australia,2011-05-01,1.6046938028414337,0.39288656834012625,ICEWS
Australia,2011-06-01,1.9905699289020795,0.6605833345023467,ICEWS
Australia,2011-07-01,1.4201772933829029,0.2648805333727636,ICEWS
Australia,2011-08-01,1.6665088141012898,0.43576996406475327,ICEWS
Australia,2011-09-01,2.747114317029972,1.1854266002092877,ICEWS
Australia,2011-10-01,2.9999999999999964,1.360862899497626,ICEWS
Australia,2011-11-01,0.08933787868708798,-0.6583727687486027,ICEWS
Australia,2011-12-01,0.17512490265673186,-0.5988590871694908,ICEWS
Australia,2012-01-01,2.1773610907385947,0.7901673812838788,ICEWS
Australia,2012-02-01,0.24496064056644865,-0.5504114120260811,ICEWS
Australia,2012-03-01,-0.8185906743499665,-1.288236917214126,ICEWS
Australia,2012-04-01,0.8268872579132527,-0.14670705436655498,ICEWS
Australia,2012-05-01,1.7595038401873246,0.5002841075194078,ICEWS
Australia,2012-06-01,3.559059223793774,1.7487032871126775,ICEWS
Australia,2012-07-01,0.9345541155601752,-0.07201451013177768,ICEWS
Australia,2012-08-01,1.9550084869729876,0.6359130261791327,ICEWS
Australia,2012-09-01,1.384358300755668,0.2400315524539694,ICEWS
Australia,2012-10-01,0.4495016087347566,-0.40851365772515763,ICEWS
Australia,2012-11-01,1.7044850242567635,0.462115487830376,ICEWS
Australia,2012-12-01,1.1895102137377442,0.10485811397232726,ICEWS
Australia,2013-01-01,2.9999999999999964,1.360862899497626,ICEWS
Australia,2013-02-01,-1.170609934127615,-1.5324459032203888,ICEWS
Australia,2013-03-01,1.030728944038902,-0.005294418290918102,ICEWS
Australia,2013-04-01,2.3361607694827633,0.9003326845935019,ICEWS
Australia,2013-05-01,-1.194550889650035,-1.5490546435371664,ICEWS
Australia,2013-06-01,0.4706999784442214,-0.3938075522268272,ICEWS
Australia,2013-07-01,1.203957265478229,0.11488057654597246,ICEWS
Australia,2013-08-01,2.506810181071687,1.0187185927765363,ICEWS
Australia,2013-09-01,2.3172035341102397,0.8871813381849837,ICEWS
Australia,2013-10-01,2.6519805398383216,1.119428724758969,ICEWS
Australia,2013-11-01,-0.809539501356376,-1.2819577784524339,ICEWS
Australia,2013-12-01,0.2850832094433535,-0.5225768785758818,ICEWS
Australia,2014-01-01,4.499999999999998,2.4014692550725307,ICEWS
Australia,2014-02-01,-1.927594615602933,-2.057594616964429,ICEWS
Australia,2014-03-01,1.706151922098767,0.46327187748936466,ICEWS
Australia,2014-04-01,2.030089013508439,0.6879992082409334,ICEWS
Australia,2014-05-01,1.6768629278963036,0.442953001812378,ICEWS
Australia,2014-06-01,-1.1258917379233395,-1.5014232104337124,ICEWS
Australia,2014-07-01,0.7929871914357616,-0.17022480412048097,ICEWS
Australia,2014-08-01,-0.3491914885836387,-0.9625970665407089,ICEWS
Australia,2014-09-01,1.5170830527654573,0.3321076994429626,ICEWS
Australia,2014-10-01,2.802591298549702,1.2239130665809825,ICEWS
Australia,2014-11-01,2.528767963692035,1.0339515315425805,ICEWS
Australia,2014-12-01,2.371767311416665,0.9250342804844769,ICEWS
Australia,2015-01-01,4.288692728081907,2.2548774616477574,ICEWS
Australia,2015-02-01,-0.1899873534115386,-0.8521511766114467,ICEWS
Australia,2015-03-01,0.845986647137364,-0.13345709049041557,ICEWS
Australia,2015-04-01,-0.7604545501876441,-1.2479057036862562,ICEWS
Australia,2015-05-01,1.2751125784055013,0.16424369045599962,ICEWS
Australia,2015-06-01,2.998989936509073,1.3601621805055,ICEWS
Australia,2015-07-01,0.4421034409777249,-0.41364604465020854,ICEWS
Australia,2015-08-01,-0.3360015550915012,-0.9534467141263565,ICEWS
Australia,2015-09-01,2.227481659712394,0.8249379030299894,ICEWS
Australia,2015-10-01,2.6639808931180777,1.1277538206870077,ICEWS
Australia,2015-11-01,1.5453099328402755,0.3516897466455669,ICEWS
Australia,2015-12-01,-0.425091874273706,-1.0152520157004892,ICEWS
Australia,2016-01-01,-1.274435146644045,-1.6044733538960634,ICEWS
Australia,2016-02-01,0.616893766042546,-0.2923874292132378,ICEWS
Australia,2016-03-01,-2.560619218479836,-2.496747566957085,ICEWS
Australia,2016-04-01,2.7948715085259774,1.218557558206055,ICEWS
Australia,2016-05-01,0.6767966704140225,-0.2508305338756684,ICEWS
Australia,2016-06-01,-0.7413768620990506,-1.2346707947031457,ICEWS
Australia,2016-07-01,2.755189780310685,1.191028852485369,ICEWS
Australia,2016-08-01,-0.971768399767555,-1.3945020602821594,ICEWS
Australia,2016-09-01,1.9556339151982147,0.6363469092365509,ICEWS
Australia,2016-10-01,0.7626688976495597,-0.19125774358988681,ICEWS
Australia,2016-11-01,-2.073256577847596,-2.158645792749301,ICEWS
Australia,2016-12-01,3.8399999999999945,1.9436024586195706,ICEWS
Australia,2017-01-01,2.9385898113063824,1.3182603443965402,ICEWS
Australia,2017-02-01,2.475727968278022,0.9971556939909235,ICEWS
Australia,2017-03-01,1.546435491866525,0.3524705892297602,ICEWS
Australia,2017-04-01,1.706255234249383,0.4633435490097241,ICEWS
Australia,2017-05-01,2.040429459147399,0.6951727638751857,ICEWS
Australia,2017-06-01,0.3102887145349129,-0.5050908727133802,ICEWS
Australia,2017-07-01,1.159675532882547,0.0841606749626825,ICEWS
Australia,2017-08-01,-0.6025909519102992,-1.1383897945653707,ICEWS
Australia,2017-09-01,1.9776805563089432,0.6516414924758196,ICEWS
Australia,2017-10-01,0.9381373255348766,-0.06952870274975523,ICEWS
Australia,2017-11-01,0.952650069180148,-0.05946066723368939,ICEWS
Australia,2017-12-01,-1.0800307335960344,-1.469607708716351,ICEWS
Australia,2018-01-01,-1.4282603295456298,-1.7111876625459708,ICEWS
Australia,2018-02-01,1.4801055796298854,0.3064550370709784,ICEWS
Australia,2018-03-01,-0.9418012770082332,-1.3737127413477304,ICEWS
Australia,2018-04-01,-0.40166615052705623,-0.9990007110240188,ICEWS
Australia,2018-05-01,0.08749391195450862,-0.65965199774953,ICEWS
Australia,2018-06-01,-0.9678082724854348,-1.3917547712030527,ICEWS
Australia,2018-07-01,0.19696811637336784,-0.5837056291563492,ICEWS
Australia,2018-08-01,1.0726290440186863,0.0237732552678735,ICEWS
Australia,2018-09-01,2.0820418619752523,0.7240408511107906,ICEWS
Australia,2018-10-01,-0.7126633651445466,-1.2147511630887207,ICEWS
Australia,2018-11-01,1.0795081951729468,0.028545580875929455,ICEWS
Australia,2018-12-01,0.625393986202889,-0.28649050713147856,ICEWS
Australia,2019-01-01,-1.7491136975470312,-1.9337756985125518,ICEWS
Australia,2019-02-01,-0.807852015237442,-1.2807871059322289,ICEWS
Australia,2019-03-01,3.1544577621532888,1.4680160521406878,ICEWS
Australia,2019-04-01,-1.5633180300012324,-1.804882263521592,ICEWS
Australia,2019-05-01,0.2029015537750265,-0.5795893807093013,ICEWS
Australia,2019-06-01,-0.2595623281064725,-0.9004179505157875,ICEWS
Australia,2019-07-01,-0.08394888370815501,-0.7785883062722615,ICEWS
Australia,2019-08-01,-1.3436426390154974,-1.6524851915061534,ICEWS
Australia,2019-09-01,0.06999978479547053,-0.671788331020817,ICEWS
Australia,2019-10-01,-1.812588323506512,-1.9778104313066687,ICEWS
Australia,2019-11-01,-0.24339455748726024,-0.8892017606079012,ICEWS
Australia,2019-12-01,0.8328821661713608,-0.14254816127690448,ICEWS
France,2002-01-01,1.1748021039364005,-0.5686609757246865,ICEWS
France,2002-02-01,-0.9333333333333336,-2.282310564980423,ICEWS
France,2002-03-01,0.710894773610903,-0.9457594258577544,ICEWS
France,2002-04-01,3.1999999999999993,1.0775707992345247,ICEWS
France,2002-05-01,3.3999999999999986,1.2401457039546024,ICEWS
France,2002-06-01,0.9555815507389642,-0.7468597784684666,ICEWS
France,2002-07-01,1.8112341330947537,-0.05132159321856028,ICEWS
France,2002-08-01,1.3217563510327714,-0.4492056121251699,ICEWS
France,2002-09-01,2.820299737940683,0.7689221296021147,ICEWS
France,2002-10-01,2.900127653474927,0.8338122084120254,ICEWS
France,2002-11-01,3.1764395191000165,1.0584190845471553,ICEWS
France,2002-12-01,0.33333333333333215,-1.252669501753262,ICEWS
France,2003-01-01,2.713443968717959,0.6820617971012395,ICEWS
France,2003-02-01,1.6147239942954332,-0.21105967867770453,ICEWS
France,2003-03-01,1.7030689534745722,-0.13924631207246596,ICEWS
France,2003-04-01,2.450048847255145,0.4679546132234875,ICEWS
France,2003-05-01,2.4862550875230944,0.49738574353265824,ICEWS
France,2003-06-01,1.3691272527865994,-0.4106990129295061,ICEWS
France,2003-07-01,1.7379353648009983,-0.1109042945758421,ICEWS
France,2003-08-01,1.8417374949624856,-0.02652618747211735,ICEWS
France,2003-09-01,1.6394057762973355,-0.1909964868912995,ICEWS
France,2003-10-01,2.8678631350475037,0.8075852033661376,ICEWS
France,2003-11-01,2.6221086129320703,0.607817613278913,ICEWS
France,2003-12-01,1.9292021148987075,0.04457157379042826,ICEWS
France,2004-01-01,2.466032101149141,0.48094699311815353,ICEWS
France,2004-02-01,3.4912268259558683,1.3143016666430558,ICEWS
France,2004-03-01,2.9567762106321425,0.8798603773238465,ICEWS
France,2004-04-01,2.456660491166426,0.47332905011808557,ICEWS
France,2004-05-01,2.2470791233080547,0.3029656955646937,ICEWS
France,2004-06-01,2.3355639890706605,0.37489278866731646,ICEWS
France,2004-07-01,1.930385069789306,0.04553316768356418,ICEWS
France,2004-08-01,1.5885415524121171,-0.2323427186503,ICEWS
France,2004-09-01,1.739858603333122,-0.10934094297027211,ICEWS
France,2004-10-01,3.0999578049263175,0.9962490475740683,ICEWS
France,2004-11-01,2.460681851176581,0.47659791122056583,ICEWS
France,2004-12-01,2.0480654134271052,0.14119252095527057,ICEWS
France,2005-01-01,0.6000000000000014,-1.0359029621264892,ICEWS
France,2005-02-01,3.4279422788217335,1.2628592705401294,ICEWS
France,2005-03-01,2.2093735545291686,0.2723157993064749,ICEWS
France,2005-04-01,1.937279003164738,0.05113707049185137,ICEWS
France,2005-05-01,2.7212326128734254,0.6883929875086072,ICEWS
France,2005-06-01,2.065526083745091,0.1553858550217468,ICEWS
France,2005-07-01,1.7760796925383726,-0.07989774233826678,ICEWS
France,2005-08-01,-0.3081699070005719,-1.7741311426277915,ICEWS
France,2005-09-01,2.4898630904515944,0.5003185971943115,ICEWS
France,2005-10-01,0.987495238501726,-0.7209179547319801,ICEWS
France,2005-11-01,1.8553408169539216,-0.015468393588946099,ICEWS
France,2005-12-01,2.104563316848335,0.1871182272832235,ICEWS
France,2006-01-01,1.979484072617577,0.08544449621684934,ICEWS
France,2006-02-01,2.534645421553522,0.5367210132545059,ICEWS
France,2006-03-01,0.7398535502459485,-0.9222195740964917,ICEWS
France,2006-04-01,1.1140115747004948,-0.618076048216739,ICEWS
France,2006-05-01,1.6893270993080165,-0.150416715231491,ICEWS
France,2006-06-01,1.7601798195538407,-0.09282234401587486,ICEWS
France,2006-07-01,1.7660009493887472,-0.08809049587450925,ICEWS
France,2006-08-01,1.794279098987408,-0.06510390849119727,ICEWS
France,2006-09-01,2.31879149745437,0.3612588575351329,ICEWS
France,2006-10-01,2.4164843653183983,0.44067090095926065,ICEWS
France,2006-11-01,1.9828655870315528,0.08819324313515771,ICEWS
France,2006-12-01,2.8476289883432653,0.7911373810034694,ICEWS
France,2007-01-01,1.829616503566374,-0.03637903257879597,ICEWS
France,2007-02-01,0.820465988545152,-0.8566917767177608,ICEWS
France,2007-03-01,3.19843485269012,1.0762985308606423,ICEWS
France,2007-04-01,1.709021065374257,-0.13440799194759345,ICEWS
France,2007-05-01,2.14476270178106,0.21979528315944113,ICEWS
France,2007-06-01,1.869891058126111,-0.003640873227831857,ICEWS
France,2007-07-01,1.2442372243376187,-0.5122189353074105,ICEWS
France,2007-08-01,-0.2520604421540522,-1.728521188121204,ICEWS
France,2007-09-01,1.7572974232131813,-0.09516537056811593,ICEWS
France,2007-10-01,2.645567081272816,0.6268864045557914,ICEWS
France,2007-11-01,2.7234276595543196,0.6901772850336197,ICEWS
France,2007-12-01,2.21839991915121,0.27965310114846026,ICEWS
France,2008-01-01,1.5964415877481135,-0.2259209811901257,ICEWS
France,2008-02-01,2.3267367901916653,0.36771738358382733,ICEWS
France,2008-03-01,0.3396002080080027,-1.247575318987626,ICEWS
France,2008-04-01,1.0008701181127524,-0.7100458558399544,ICEWS
France,2008-05-01,0.04862229905738502,-1.4841038481040971,ICEWS
France,2008-06-01,0.5885974615563327,-1.0451717951317214,ICEWS
France,2008-07-01,1.5307842221699293,-0.2792921809553489,ICEWS
France,2008-08-01,1.1824948571125855,-0.5624077326514197,ICEWS
France,2008-09-01,1.9932380345911884,0.09662474150376654,ICEWS
France,2008-10-01,2.27000329445663,0.32160017026602583,ICEWS
France,2008-11-01,1.021125619500559,-0.6935806747990542,ICEWS
France,2008-12-01,1.053065969038906,-0.6676171783844403,ICEWS
France,2009-01-01,-0.545730060193522,-1.9672377389809466,ICEWS
France,2009-02-01,1.106370214560764,-0.6242875151999818,ICEWS
France,2009-03-01,0.2217108968647672,-1.3434045366207619,ICEWS
France,2009-04-01,1.2549403339800094,-0.5035186501558094,ICEWS
France,2009-05-01,1.5861169597781934,-0.23431360823252576,ICEWS
France,2009-06-01,1.428935316220212,-0.3620825618584463,ICEWS
France,2009-07-01,1.7499999999999964,-0.10109725998604398,ICEWS
France,2009-08-01,1.7227681180349157,-0.12323336306515106,ICEWS
France,2009-09-01,1.132912491308156,-0.6027119746336757,ICEWS
France,2009-10-01,1.9427022481786336,0.05554548819888993,ICEWS
France,2009-11-01,1.978601228170957,0.08472685445788986,ICEWS
France,2009-12-01,1.8739023936435135,-3.801607801219612e-4,ICEWS
France,2010-01-01,-0.7920600544239509,-2.1674731156894933,ICEWS
France,2010-02-01,2.105767850978692,0.18809736239059804,ICEWS
France,2010-03-01,4.044883104137638,1.7643547500084267,ICEWS
France,2010-04-01,2.9114648808910566,0.8430279517468611,ICEWS
France,2010-05-01,3.783690723575077,1.5520381180905836,ICEWS
France,2010-06-01,1.4022757861970323,-0.3837534146254488,ICEWS
France,2010-07-01,1.813517969666492,-0.04946512065332731,ICEWS
France,2010-08-01,0.8013427171445624,-0.872236596847196,ICEWS
France,2010-09-01,2.779724389389239,0.7359394624784397,ICEWS
France,2010-10-01,3.622496977343427,1.4210078284151686,ICEWS
France,2010-11-01,1.8329984294002148,-0.03362995122776079,ICEWS
France,2010-12-01,2.771105120029027,0.7289330780034741,ICEWS
France,2011-01-01,1.6034431354563274,-0.2202296014323459,ICEWS
France,2011-02-01,-1.077715647209958,-2.3996752695892063,ICEWS
France,2011-03-01,2.5944926706408715,0.5853693173451789,ICEWS
France,2011-04-01,0.8086458744549034,-0.8663000463277738,ICEWS
France,2011-05-01,2.0798211729485097,0.16700596884780075,ICEWS
France,2011-06-01,2.2935701971786724,0.34075710508894264,ICEWS
France,2011-07-01,0.7285033586382283,-0.9314458556923904,ICEWS
France,2011-08-01,1.5961380193897536,-0.22616774417480764,ICEWS
France,2011-09-01,1.837199905340647,-0.030214678474263557,ICEWS
France,2011-10-01,1.7639846918512632,-0.08972946025974728,ICEWS
France,2011-11-01,1.146005680113111,-0.5920688550214379,ICEWS
France,2011-12-01,3.1964887948013736,1.0747166299814288,ICEWS
France,2012-01-01,3.3948993693956098,1.2359995312819982,ICEWS
France,2012-02-01,0.507324567240925,-1.1112364603799836,ICEWS
France,2012-03-01,1.8401127426347743,-0.027846907246474303,ICEWS
France,2012-04-01,1.1356202774043602,-0.600510884300712,ICEWS
France,2012-05-01,1.7968094946528854,-0.06304701432010182,ICEWS
France,2012-06-01,0.11609615458143097,-1.4292560699395067,ICEWS
France,2012-07-01,1.2109354699477972,-0.5392890830420939,ICEWS
France,2012-08-01,-1.2024725305848651,-2.5010869617284532,ICEWS
France,2012-09-01,0.8751309483610754,-0.8122560235497575,ICEWS
France,2012-10-01,1.2475287130901993,-0.5095433679557205,ICEWS
France,2012-11-01,2.085337760631729,0.17149026243269758,ICEWS
France,2012-12-01,-0.6889257216525646,-2.0836378440711085,ICEWS
France,2013-01-01,3.2732796020210113,1.1371379208169812,ICEWS
France,2013-02-01,2.76848271495245,0.726801391726164,ICEWS
France,2013-03-01,2.154671811225498,0.22785014577839274,ICEWS
France,2013-04-01,3.0286442623943746,0.938280085662159,ICEWS
France,2013-05-01,2.3575489741776483,0.3927638229625208,ICEWS
France,2013-06-01,1.332911997695179,-0.44013747115901103,ICEWS
France,2013-07-01,2,0.10212137091405658,ICEWS
France,2013-08-01,-0.2703091050214539,-1.7433550612558872,ICEWS
France,2013-09-01,2.378253551963075,0.40959404676619693,ICEWS
France,2013-10-01,2.896597594965513,0.8309427137829041,ICEWS
France,2013-11-01,4.0584393034481,1.775374239064751,ICEWS
France,2013-12-01,2.3397064659291615,0.3782601025701961,ICEWS
France,2014-01-01,3.495040302688725,1.3174015447255378,ICEWS
France,2014-02-01,1.844644122351708,-0.02416346411781932,ICEWS
France,2014-03-01,1.921647954719667,0.038430989433689645,ICEWS
France,2014-04-01,2.952526745239835,0.8764060951675181,ICEWS
France,2014-05-01,3.3602037650060748,1.2077963583928273,ICEWS
France,2014-06-01,2.446160446012014,0.46479383091541016,ICEWS
France,2014-07-01,3.3262274624494452,1.1801778876384044,ICEWS
France,2014-08-01,7.466666666666669,4.5458354332628605,ICEWS
France,2014-09-01,1.786332727961998,-0.07156331105282933,ICEWS
France,2014-10-01,1.557249444839849,-0.2577792756855596,ICEWS
France,2014-11-01,2.8257957409130636,0.7733896903999948,ICEWS
France,2014-12-01,0.5669249325550698,-1.0627888418188387,ICEWS
France,2015-01-01,1.9609801689677295,0.07040314435273198,ICEWS
France,2015-02-01,3.1575786263806123,1.0430875453631914,ICEWS
France,2015-03-01,2.8348334069526775,0.7807361788764053,ICEWS
France,2015-04-01,5.544180782601472,2.983095636124888,ICEWS
France,2015-05-01,2.9733345793031187,0.8933202533688659,ICEWS
France,2015-06-01,1.6483544327435735,-0.18372235204570023,ICEWS
France,2015-07-01,5.321583219741473,2.8021517482604583,ICEWS
France,2015-08-01,4.439097852769514,2.084801875998811,ICEWS
France,2015-09-01,3.325960514700851,1.1799608926144398,ICEWS
France,2015-10-01,4.106059082108894,1.8140831439575997,ICEWS
France,2015-11-01,0.9822848705877902,-0.7251533300678034,ICEWS
France,2015-12-01,0.6821616229048004,-0.9691158720495158,ICEWS
France,2016-01-01,3.235429163721692,1.1063702638163562,ICEWS
France,2016-02-01,1.0644869692081276,-0.6583333383128444,ICEWS
France,2016-03-01,-0.8975815885022858,-2.2532488824330024,ICEWS
France,2016-04-01,3.984987985870445,1.7156675342809935,ICEWS
France,2016-05-01,1.5004677382883609,-0.30393567834781776,ICEWS
France,2016-06-01,1.1563956726462925,-0.5836230947908164,ICEWS
France,2016-07-01,1.4491198603421471,-0.3456750601712373,ICEWS
France,2016-08-01,1.247471191587417,-0.5095901257198915,ICEWS
France,2016-09-01,3.5058685234648266,1.3262035295303511,ICEWS
France,2016-10-01,4.533225972468319,2.1613162264563774,ICEWS
France,2016-11-01,2.6175900207005167,0.6041445647713445,ICEWS
France,2016-12-01,1.4238210296232658,-0.3662398351394948,ICEWS
France,2017-01-01,3.690402262460376,1.476206304704557,ICEWS
France,2017-02-01,3.0626420132524537,0.9659159911944049,ICEWS
France,2017-03-01,-3.4615282988715865,-4.337415843161237,ICEWS
France,2017-04-01,-1.1915442076848901,-2.492203606457385,ICEWS
France,2017-05-01,3.502367287977874,1.3233574644018817,ICEWS
France,2017-06-01,1.3680917707321978,-0.4115407299111746,ICEWS
France,2017-07-01,1.735007716055522,-0.11328410565509046,ICEWS
France,2017-08-01,2.3534983871321327,0.3894712039475954,ICEWS
France,2017-09-01,2.0920213659636495,0.1769231949328154,ICEWS
France,2017-10-01,4.042732603734839,1.7626066630179993,ICEWS
France,2017-11-01,2.6056438147944654,0.5944337983366309,ICEWS
France,2017-12-01,2.744006180189679,0.7069050401914883,ICEWS
France,2018-01-01,1.718069460239921,-0.1270527822818187,ICEWS
France,2018-02-01,1.4857142857142858,-0.31592838408043,ICEWS
France,2018-03-01,3.1387701030849993,1.027798575949643,ICEWS
France,2018-04-01,1.819108612056864,-0.044920629883633524,ICEWS
France,2018-05-01,4.256307391129118,1.9362161665741786,ICEWS
France,2018-06-01,1.822004696986056,-0.04256647622651038,ICEWS
France,2018-07-01,2.511162406368154,0.517632268472999,ICEWS
France,2018-08-01,1.7763568394002505e-15,-1.5236276762867234,ICEWS
France,2018-09-01,1.3399718176312785,-0.4343987233917497,ICEWS
France,2018-10-01,1.2034721112132711,-0.5453558572178806,ICEWS
France,2018-11-01,3.1393591397258636,1.0282773888284689,ICEWS
France,2018-12-01,1.7368150443156,-0.11181497455668994,ICEWS
France,2019-01-01,0.3130171473126424,-1.2691840117862072,ICEWS
France,2019-02-01,0.5100650190281826,-1.1090088169389667,ICEWS
France,2019-03-01,2.596672324936076,0.5871411027920069,ICEWS
France,2019-04-01,1.88185888663509,0.006087469669935654,ICEWS
France,2019-05-01,0.18923389979596905,-1.3698042601410323,ICEWS
France,2019-06-01,2.2388607955865947,0.29628522633332005,ICEWS
France,2019-07-01,2.5687542344275816,0.5644471982700818,ICEWS
France,2019-08-01,3.1974711915874163,1.0755151953008697,ICEWS
France,2019-09-01,2.360348819543793,0.3950397459306804,ICEWS
France,2019-10-01,1.0745581350844535,-0.6501467441490254,ICEWS
France,2019-11-01,3.503633496918013,1.324386733390876,ICEWS
France,2019-12-01,0.3000000000000007,-1.279765319206607,ICEWS
Germany,2002-01-01,1.607362704928656,-0.32110729378451447,ICEWS
Germany,2002-02-01,1.4557842548160522,-0.42371241606542726,ICEWS
Germany,2002-03-01,2.6210707917699843,0.3650828746084,ICEWS
Germany,2002-04-01,2.960287148906872,0.5947021626922939,ICEWS
Germany,2002-05-01,2.021206787381127,-0.04097167652676077,ICEWS
Germany,2002-06-01,2.068482714952445,-0.008970080483291567,ICEWS
Germany,2002-07-01,4.499999999999998,1.6369507491275153,ICEWS
Germany,2002-08-01,7.400000000000002,3.5999926880944417,ICEWS
Germany,2002-09-01,4.360645780327678,1.5426203430624206,ICEWS
Germany,2002-10-01,3.581485554735597,1.0151982051271844,ICEWS
Germany,2002-11-01,2.810646488653779,0.49340875170901044,ICEWS
Germany,2002-12-01,3.163279973142144,0.7321102410658045,ICEWS
Germany,2003-01-01,3.5,0.960039735690646,ICEWS
Germany,2003-02-01,2.349157063862471,0.18102147748312764,ICEWS
Germany,2003-03-01,3.3284625346887733,0.8439241362044315,ICEWS
Germany,2003-04-01,-0.1611769948640358,-1.518251294274524,ICEWS
Germany,2003-05-01,0.739806130518204,-0.9083658937825132,ICEWS
Germany,2003-06-01,0.1847579516208775,-1.2840841190661918,ICEWS
Germany,2003-07-01,2.0302893498682764,-0.03482358994898066,ICEWS
Germany,2003-08-01,3.171206787381127,0.7374759889256404,ICEWS
Germany,2003-09-01,1.5818246464898067,-0.33839428680356604,ICEWS
Germany,2003-10-01,2.376146528887766,0.1992909436055191,ICEWS
Germany,2003-11-01,2.5991661238137542,0.3502553636231502,ICEWS
Germany,2003-12-01,2.6913341590582256,0.4126449217669705,ICEWS
Germany,2004-01-01,2.6471371875638408,0.382727505001866,ICEWS
Germany,2004-02-01,2.850000000000003,0.5200475769566825,ICEWS
Germany,2004-03-01,3.0541330823443307,0.6582275086023732,ICEWS
Germany,2004-04-01,2.439953109683131,0.24248232087565127,ICEWS
Germany,2004-05-01,2.0045217060073774,-0.0522659918687421,ICEWS
Germany,2004-06-01,1.617365487909094,-0.3143362998200372,ICEWS
Germany,2004-07-01,3.7991464890990905,1.162535288792793,ICEWS
Germany,2004-08-01,-5,-4.793703878522752,ICEWS
Germany,2004-09-01,2.4418339047042537,0.2437554517394664,ICEWS
Germany,2004-10-01,4.359342040060254,1.5417378269167399,ICEWS
Germany,2004-11-01,2.93420596842625,0.5770475243815262,ICEWS
Germany,2004-12-01,2.317027930969923,0.15927291357598514,ICEWS
Germany,2005-01-01,2.439498301832714,0.24217445643270635,ICEWS
Germany,2005-02-01,2.5176914536239785,0.29510426205555434,ICEWS
Germany,2005-03-01,2.299179392018148,0.1471910409857716,ICEWS
Germany,2005-04-01,1.7657631782417518,-0.21388426886526693,ICEWS
Germany,2005-05-01,1.375951415095665,-0.4777521445060977,ICEWS
Germany,2005-06-01,1.491878754767269,-0.39927965152395206,ICEWS
Germany,2005-07-01,2.555540258745838,0.3207245350879667,ICEWS
Germany,2005-08-01,-1.9999999999999984,-2.7629708382121403,ICEWS
Germany,2005-09-01,2.5453382641996516,0.3138186926206304,ICEWS
Germany,2005-10-01,0.4265312800229175,-1.1204250903155617,ICEWS
Germany,2005-11-01,3.1512582538647926,0.723972606886519,ICEWS
Germany,2005-12-01,1.6772067736198275,-0.2738290744642192,ICEWS
Germany,2006-01-01,2.6168873213346497,0.3622510373963345,ICEWS
Germany,2006-02-01,2.495708807992802,0.2802239671233311,ICEWS
Germany,2006-03-01,1.975208915694834,-0.07210814246586833,ICEWS
Germany,2006-04-01,2.1934006532697143,0.07558824773949556,ICEWS
Germany,2006-05-01,2.2280190410671796,0.09902181570702838,ICEWS
Germany,2006-06-01,1.582181933404314,-0.3381524353561792,ICEWS
Germany,2006-07-01,3.2596701762265727,0.797357831121071,ICEWS
Germany,2006-08-01,2.4274295173920315,0.2340049633260129,ICEWS
Germany,2006-09-01,2.076728497376271,-0.0033884195461997197,ICEWS
Germany,2006-10-01,2.389901026633773,0.20860151461408394,ICEWS
Germany,2006-11-01,1.6153326845319018,-0.3157123268142102,ICEWS
Germany,2006-12-01,2.763774327516332,0.4616804696114849,ICEWS
Germany,2007-01-01,3.6999999999999993,1.0954219383780197,ICEWS
Germany,2007-02-01,-0.4000000000000003,-1.6799132167131487,ICEWS
Germany,2007-03-01,2.65511004143619,0.38812441759658206,ICEWS
Germany,2007-04-01,2.1943150503521007,0.07620721319521745,ICEWS
Germany,2007-05-01,0.44235828531532206,-1.1097116161234093,ICEWS
Germany,2007-06-01,2.084067023864529,0.0015791098561004342,ICEWS
Germany,2007-07-01,2.570654694075321,0.3309556628243732,ICEWS
Germany,2007-08-01,2.4492838118886926,0.2487983759616956,ICEWS
Germany,2007-09-01,0.9766293231273656,-0.7480576664680905,ICEWS
Germany,2007-10-01,-0.8619753275793691,-1.9926294038877295,ICEWS
Germany,2007-11-01,1.445551604790694,-0.4306390095642373,ICEWS
Germany,2007-12-01,0.5514041138718468,-1.035897293804149,ICEWS
Germany,2008-01-01,2.46041458706473,0.2563329202664449,ICEWS
Germany,2008-02-01,1.005757945727785,-0.7283401810236205,ICEWS
Germany,2008-03-01,0.8793871074215076,-0.8138819932503896,ICEWS
Germany,2008-04-01,1.3534709648432963,-0.49296940886894586,ICEWS
Germany,2008-05-01,1.3172818757713092,-0.5174662018280218,ICEWS
Germany,2008-06-01,2.017795466195482,-0.04328083740769441,ICEWS
Germany,2008-07-01,1.8696895420821311,-0.14353536859526683,ICEWS
Germany,2008-08-01,1.7181231408649094,-0.2461323348461957,ICEWS
Germany,2008-09-01,1.7608829703208375,-0.21718773535479563,ICEWS
Germany,2008-10-01,3.254906303089683,0.7941331129280943,ICEWS
Germany,2008-11-01,1.211127598189515,-0.5893232014465729,ICEWS
Germany,2008-12-01,-0.7493657232695536,-1.9164027225116471,ICEWS
Germany,2009-01-01,3.3902729124019366,0.8857642616231647,ICEWS
Germany,2009-02-01,3.068572089396522,0.6680014314990941,ICEWS
Germany,2009-03-01,5.466666666666665,2.29129806211649,ICEWS
Germany,2009-04-01,2.5830140478464436,0.33932184551100864,ICEWS
Germany,2009-05-01,0.7445626465380268,-0.9051461557031062,ICEWS
Germany,2009-06-01,2.31292852082165,0.15649797769802443,ICEWS
Germany,2009-07-01,-1.2007642776216445,-2.2219593754020592,ICEWS
Germany,2009-08-01,-0.06834796495217432,-1.4554143015605243,ICEWS
Germany,2009-09-01,2.8719372944479407,0.5348971731734988,ICEWS
Germany,2009-10-01,2.5898838641469126,0.34397209982508425,ICEWS
Germany,2009-11-01,0.47380759686297225,-1.0884232307717976,ICEWS
Germany,2009-12-01,2.057456343193735,-0.0164339529650118,ICEWS
Germany,2010-01-01,-0.16506324036220477,-1.520881936653154,ICEWS
Germany,2010-02-01,2.9001727981429273,0.5540100965945727,ICEWS
Germany,2010-03-01,3.017167538543788,0.6332051248861028,ICEWS
Germany,2010-04-01,2.9073595010881004,0.5588748549684596,ICEWS
Germany,2010-05-01,2.6107377228342,0.35808830644316514,ICEWS
Germany,2010-06-01,3.1141378582540806,0.6988454022744944,ICEWS
Germany,2010-07-01,2.3027811239583293,0.14962909300352784,ICEWS
Germany,2010-08-01,3.3999999999999986,0.892348634346958,ICEWS
Germany,2010-09-01,1,-0.7322377979015299,ICEWS
Germany,2010-10-01,2.2171111623121735,0.09163815244453069,ICEWS
Germany,2010-11-01,2.021441060047378,-0.040813094778828114,ICEWS
Germany,2010-12-01,3.4284827149524517,0.9116288977908565,ICEWS
Germany,2011-01-01,2.7367915718354503,0.4434155451182198,ICEWS
Germany,2011-02-01,2.3424135747622508,0.1764567354421972,ICEWS
Germany,2011-03-01,2.362651899625961,0.19015628043595584,ICEWS
Germany,2011-04-01,1.3701555376389771,-0.4816754377890603,ICEWS
Germany,2011-05-01,1.3846815111513848,-0.47184264633761924,ICEWS
Germany,2011-06-01,1.3992245421620506,-0.46199830847774565,ICEWS
Germany,2011-07-01,-1.3287932126188764,-2.3086235715402785,ICEWS
Germany,2011-08-01,-0.8000000000000025,-1.9506776220878983,ICEWS
Germany,2011-09-01,0.5751999589165191,-1.0197896242193731,ICEWS
Germany,2011-10-01,2.135809224402053,0.0366039752594095,ICEWS
Germany,2011-11-01,2.6118575088399396,0.3588463019231429,ICEWS
Germany,2011-12-01,1.3028385930394624,-0.5272430189793915,ICEWS
Germany,2012-01-01,3.635592884510446,1.0518240525594407,ICEWS
Germany,2012-02-01,2.282496206252011,0.13589800880146044,ICEWS
Germany,2012-03-01,2.267975903517293,0.12606905596189213,ICEWS
Germany,2012-04-01,2.5032949982151766,0.28535914283488356,ICEWS
Germany,2012-05-01,1.666666666666666,-0.28096378894361673,ICEWS
Germany,2012-06-01,-1.507627605778076,-2.42967854185104,ICEWS
Germany,2012-07-01,0.6000000000000014,-1.003002203276277,ICEWS
Germany,2012-08-01,-0.2807536128054924,-1.5991940239086289,ICEWS
Germany,2012-09-01,1.9945552930855612,-0.05901236653997903,ICEWS
Germany,2012-10-01,3.4166351882798267,0.9036091765041696,ICEWS
Germany,2012-11-01,2.5,0.2831287222537756,ICEWS
Germany,2012-12-01,2.066068187169435,-0.010604500931860415,ICEWS
Germany,2013-01-01,0.4000000000000003,-1.1383844059636519,ICEWS
Germany,2013-02-01,4,1.2984952424090812,ICEWS
Germany,2013-03-01,1.2078821591486673,-0.5915200748767608,ICEWS
Germany,2013-04-01,4.628482714952449,1.7239221139150993,ICEWS
Germany,2013-05-01,3.117045199907144,0.7008134138592766,ICEWS
Germany,2013-06-01,1.4499999999999993,-0.42762784185493874,ICEWS
Germany,2013-07-01,1.2229292724780176,-0.5813345181436907,ICEWS
Germany,2013-08-01,1,-0.7322377979015299,ICEWS
Germany,2013-09-01,2.2896331193768535,0.14072906389760845,ICEWS
Germany,2013-10-01,2.5,0.2831287222537756,ICEWS
Germany,2013-11-01,4.26345981281634,1.4768340913024778,ICEWS
Germany,2013-12-01,4.175117391529369,1.4170341333796477,ICEWS
Germany,2014-01-01,3.1592463548521668,0.7293798404213185,ICEWS
Germany,2014-02-01,2.6666666666666696,0.39594722449325603,ICEWS
Germany,2014-03-01,1.9448495030123671,-0.09265876327210518,ICEWS
Germany,2014-04-01,2.226280596666639,0.09784504354605464,ICEWS
Germany,2014-05-01,4.011680323158988,1.3064017817959017,ICEWS
Germany,2014-06-01,5.5,2.313861762564387,ICEWS
Germany,2014-07-01,0.6851562292821374,-0.9453590138124439,ICEWS
Germany,2014-08-01,-0.7717242834918334,-1.9315374781707,ICEWS
Germany,2014-09-01,1.1487174742355464,-0.6315693017009746,ICEWS
Germany,2014-10-01,2.8194839451073985,0.49939092331323426,ICEWS
Germany,2014-11-01,3.3918566034619655,0.8868362795435797,ICEWS
Germany,2014-12-01,1.6294828090907103,-0.3061339516588492,ICEWS
Germany,2015-01-01,1.773475164680967,-0.20866394030908633,ICEWS
Germany,2015-02-01,2.276064429212484,0.13154426808743422,ICEWS
Germany,2015-03-01,2.406095667028234,0.21956384505574425,ICEWS
Germany,2015-04-01,3.968774473891118,1.2773583398856185,ICEWS
Germany,2015-05-01,7.58444071053507,3.7248426363817506,ICEWS
Germany,2015-06-01,4.159999999999995,1.406801004558977,ICEWS
Germany,2015-07-01,4.578840537391395,1.690318777193033,ICEWS
Germany,2015-08-01,4.447471191587413,1.6013934201903208,ICEWS
Germany,2015-09-01,3.2223280580721436,0.7720805400772769,ICEWS
Germany,2015-10-01,2.767895316701223,0.4644700125769917,ICEWS
Germany,2015-11-01,0.12898312545555513,-1.3218387131700255,ICEWS
Germany,2015-12-01,2.7808045249207485,0.4732083977955384,ICEWS
Germany,2016-01-01,2.2081307705198014,0.08555922633529595,ICEWS
Germany,2016-02-01,-0.7215345091293095,-1.897563467142796,ICEWS
Germany,2016-03-01,2.952554779811745,0.5894680368918437,ICEWS
Germany,2016-04-01,2.358098644954733,0.18707413220201893,ICEWS
Germany,2016-05-01,2,-0.05532678446465955,ICEWS
Germany,2016-06-01,3.101570621973222,0.6903385016275178,ICEWS
Germany,2016-07-01,4.163354261076629,1.4090715408236931,ICEWS
Germany,2016-08-01,3.5460735908616474,0.9912274567734795,ICEWS
Germany,2016-09-01,2.3663054427879686,0.19262940404038584,ICEWS
Germany,2016-10-01,3.942881502012862,1.2598311020506157,ICEWS
Germany,2016-11-01,2.6464794474152153,0.3822822734512818,ICEWS
Germany,2016-12-01,3.3999999999999986,0.892348634346958,ICEWS
Germany,2017-01-01,2.4603850637607287,0.2563129356168135,ICEWS
Germany,2017-02-01,2.048604758527381,-0.02242568811203571,ICEWS
Germany,2017-03-01,-2.321546880041261,-2.980629462648335,ICEWS
Germany,2017-04-01,2.017249344712809,-0.043650513053990064,ICEWS
Germany,2017-05-01,3.101525267205254,0.6903078004855684,ICEWS
Germany,2017-06-01,2.43435742610777,0.23869454103578147,ICEWS
Germany,2017-07-01,2.278186181531322,0.13298050559984068,ICEWS
Germany,2017-08-01,-2.123209601449022,-2.846372774394151,ICEWS
Germany,2017-09-01,2.380978502547526,0.20256175979244762,ICEWS
Germany,2017-10-01,4.361978827383595,1.5435226972960006,ICEWS
Germany,2017-11-01,1.9967501217583512,-0.05752666283876047,ICEWS
Germany,2017-12-01,-0.255349237163772,-1.5819975222472609,ICEWS
Germany,2018-01-01,3.849999999999998,1.1969585903935491,ICEWS
Germany,2018-02-01,-0.5916658720402168,-1.8096539563971532,ICEWS
Germany,2018-03-01,2.118304318948507,0.024754711968733006,ICEWS
Germany,2018-04-01,4.841303613296576,1.8679829238937675,ICEWS
Germany,2018-05-01,4.339806206435346,1.52851380597937,ICEWS
Germany,2018-06-01,3.3003088644904928,0.8248666067785461,ICEWS
Germany,2018-07-01,1.912804834567197,-0.11435015226457375,ICEWS
Germany,2018-08-01,2.2799567893946104,0.13417904956297869,ICEWS
Germany,2018-09-01,2.645391940555557,0.38154612808079097,ICEWS
Germany,2018-10-01,3.622114641622261,1.042700481506651,ICEWS
Germany,2018-11-01,2.6422254885698333,0.3794027218581355,ICEWS
Germany,2018-12-01,2.1169099533309996,0.02381085052548463,ICEWS
Germany,2019-01-01,1.8403105611726485,-0.16342232433644718,ICEWS
Germany,2019-02-01,1.184487327442456,-0.6073562941161972,ICEWS
Germany,2019-03-01,2.3682380434259223,0.19393760269679178,ICEWS
Germany,2019-04-01,-2.0188984220477,-2.7757633882328077,ICEWS
Germany,2019-05-01,2.2525058324671168,0.11559719448937708,ICEWS
Germany,2019-06-01,2.062155822376612,-0.013252823748705097,ICEWS
Germany,2019-07-01,1.621671621643742,-0.3114214304697219,ICEWS
Germany,2019-08-01,-0.6030906632310806,-1.8173875233804653,ICEWS
Germany,2019-09-01,1.856745858514195,-0.15229709055684468,ICEWS
Germany,2019-10-01,3.7500000000000018,1.1292674890498648,ICEWS
Germany,2019-11-01,2.745462047224746,0.4492846854009675,ICEWS
Germany,2019-12-01,1.7000744117081723,-0.2583497183909302,ICEWS
India,2002-01-01,2.5171641558193567,1.0308109763935214,ICEWS
India,2002-02-01,1.5842231703716418,0.4686684056385748,ICEWS
India,2002-03-01,3.1961053954411813,1.4399062780104877,ICEWS
India,2002-04-01,3.1795422777785145,1.4299261895720534,ICEWS
India,2002-05-01,-0.1716424705837181,-0.5893265165517586,ICEWS
India,2002-06-01,2.1130249602832034,0.7872973459868728,ICEWS
India,2002-07-01,2.893095627856699,1.257328073846741,ICEWS
India,2002-08-01,0.09079789394511197,-0.43119336184283213,ICEWS
India,2002-09-01,1.3733938843391194,0.3416334498488721,ICEWS
India,2002-10-01,2.6153456805165387,1.089970146753507,ICEWS
India,2002-11-01,2.48308794205081,1.0102783910443494,ICEWS
India,2002-12-01,2.689995982590684,1.1349506046497317,ICEWS
India,2003-01-01,0.5818560058415052,-0.13530683341570346,ICEWS
India,2003-02-01,2.25,0.8698315064072227,ICEWS
India,2003-03-01,2.312958355178404,0.907766994484753,ICEWS
India,2003-04-01,2.344870840120736,0.9269958273953919,ICEWS
India,2003-05-01,2.2915598346853674,0.8948733393576439,ICEWS
India,2003-06-01,2.566437134480097,1.0605003558131743,ICEWS
India,2003-07-01,2.0616081854435357,0.7563162245235165,ICEWS
India,2003-08-01,0.8420775798236235,0.021489391475205923,ICEWS
India,2003-09-01,1.2910406482988623,0.29201159751333283,ICEWS
India,2003-10-01,2.937941563152796,1.2843499431273149,ICEWS
India,2003-11-01,2.6834674602570026,1.1310168506555007,ICEWS
India,2003-12-01,3.7805878628243494,1.7920855496910995,ICEWS
India,2004-01-01,2.939070683304548,1.285030293240235,ICEWS
India,2004-02-01,0.19881788903695252,-0.3661060319033897,ICEWS
India,2004-03-01,2.3571227614963863,0.9343782092247103,ICEWS
India,2004-04-01,2.248974512241162,0.869213599879347,ICEWS
India,2004-05-01,2.3876366553995254,0.9527643226338264,ICEWS
India,2004-06-01,2.250852470621142,0.8703451616479472,ICEWS
India,2004-07-01,2.430008946916825,0.9782957005600326,ICEWS
India,2004-08-01,1.565030769656234,0.45710404557142553,ICEWS
India,2004-09-01,3.4029274643967486,1.5645266895317427,ICEWS
India,2004-10-01,2.460396883198479,0.9966059183420382,ICEWS
India,2004-11-01,2.258963647677195,0.8752325425147551,ICEWS
India,2004-12-01,3.307532563438585,1.5070465962589608,ICEWS
India,2005-01-01,3.9758134295736842,1.9097185014869693,ICEWS
India,2005-02-01,2.657202781850371,1.1151910973979455,ICEWS
India,2005-03-01,3.030584212857095,1.3401716704162414,ICEWS
India,2005-04-01,2.6221392159572563,1.0940635841056316,ICEWS
India,2005-05-01,2.5183425336764795,1.031521006682957,ICEWS
India,2005-06-01,2.480904587112292,1.008962812913306,ICEWS
India,2005-07-01,1.1320825640243868,0.1962315776298104,ICEWS
India,2005-08-01,2.86026232644989,1.2375444039822017,ICEWS
India,2005-09-01,2.874602922833123,1.2461853146536963,ICEWS
India,2005-10-01,2.34625037616094,0.9278270653281078,ICEWS
India,2005-11-01,2.4489501385908454,0.9897086948939521,ICEWS
India,2005-12-01,3.714154389439963,1.7520561329380584,ICEWS
India,2006-01-01,3.1652956444649316,1.4213418962454427,ICEWS
India,2006-02-01,2.6490519967869854,1.1102798507696245,ICEWS
India,2006-03-01,2.5170782709003063,1.0307592265294494,ICEWS
India,2006-04-01,2.6768439881678923,1.1270258847899488,ICEWS
India,2006-05-01,3.04261331386582,1.3474197920770885,ICEWS
India,2006-06-01,2.236797896729705,0.861876593516163,ICEWS
India,2006-07-01,1.935836641162382,0.680532718028625,ICEWS
India,2006-08-01,1.2615514304625872,0.2742429015479808,ICEWS
India,2006-09-01,1.869712644309251,0.6406897760211274,ICEWS
India,2006-10-01,1.7282851606285623,0.5554728003583927,ICEWS
India,2006-11-01,2.2300286986543565,0.8577978206169322,ICEWS
India,2006-12-01,1.62322931646883,0.4921715163222519,ICEWS
India,2007-01-01,2.638934291659167,1.1041834386070022,ICEWS
India,2007-02-01,2.0825051396004177,0.7689076614031607,ICEWS
India,2007-03-01,1.6579531868939466,0.5130943464817278,ICEWS
India,2007-04-01,1.9947044012461423,0.7160034225043104,ICEWS
India,2007-05-01,1.1722595389193715,0.22044016992547968,ICEWS
India,2007-06-01,1.2955185698062657,0.2947097642217046,ICEWS
India,2007-07-01,-4.7333333333333325,-3.3379683583986046,ICEWS
India,2007-08-01,1.268615954511619,0.2784996227897612,ICEWS
India,2007-09-01,2.216792835845512,0.8498225659528302,ICEWS
India,2007-10-01,2.348238085167768,0.9290247572169199,ICEWS
India,2007-11-01,1.4372652976131768,0.3801191000836505,ICEWS
India,2007-12-01,0.5221517899634005,-0.17128154341573595,ICEWS
India,2008-01-01,2.4486363973282295,0.9895196504391903,ICEWS
India,2008-02-01,0.7443690821002065,-0.03738475699891935,ICEWS
India,2008-03-01,0.15593546309913364,-0.39194479076692673,ICEWS
India,2008-04-01,0.4078303262387699,-0.24016581639018536,ICEWS
India,2008-05-01,1.684937302159966,0.5293535956323142,ICEWS
India,2008-06-01,1.466781317960697,0.39790394587284883,ICEWS
India,2008-07-01,1.5795967454032065,0.4658807583321238,ICEWS
India,2008-08-01,1.1238082657161037,0.191245908230819,ICEWS
India,2008-09-01,2.566560256332748,1.0605745427508744,ICEWS
India,2008-10-01,1.684104835675173,0.5288519938620755,ICEWS
India,2008-11-01,2.5165083875500383,1.0304158439398245,ICEWS
India,2008-12-01,2.0418225116666555,0.7443943884218294,ICEWS
India,2009-01-01,0.53534546000588,-0.1633317119568761,ICEWS
India,2009-02-01,-1.4344798467271715,-1.3502477968297784,ICEWS
India,2009-03-01,1.4335863695649105,0.3779023660105061,ICEWS
India,2009-04-01,0.7733327383752773,-0.019932737577650798,ICEWS
India,2009-05-01,1.0672679359318984,0.15717759433744583,ICEWS
India,2009-06-01,1.771531643296294,0.581530921206499,ICEWS
India,2009-07-01,0.7965724984855402,-0.005929645532292654,ICEWS
India,2009-08-01,1.616704204142838,0.48823981702442587,ICEWS
India,2009-09-01,0.6892292127699555,-0.07060922497694908,ICEWS
India,2009-10-01,1.0764160385084072,0.16268977354288688,ICEWS
India,2009-11-01,1.0297626225466043,0.13457880876339226,ICEWS
India,2009-12-01,1.793856790859051,0.5949829144613448,ICEWS
India,2010-01-01,0.6291441174788446,-0.1068134334508558,ICEWS
India,2010-02-01,-1.3280800580512704,-1.286136720494815,ICEWS
India,2010-03-01,2.530463072935781,1.0388242243617154,ICEWS
India,2010-04-01,2.5303484297304006,1.038755146223658,ICEWS
India,2010-05-01,1.3818379768286082,0.3467214285461054,ICEWS
India,2010-06-01,1.2740568039428126,0.2817780006658002,ICEWS
India,2010-07-01,2.275970166750435,0.8854798019883393,ICEWS
India,2010-08-01,0.2723658386591321,-0.32178979527184515,ICEWS
India,2010-09-01,0.3366178322264215,-0.2830748267974854,ICEWS
India,2010-10-01,2.116009324932273,0.789095571643229,ICEWS
India,2010-11-01,1.3146565446372112,0.30624133003167736,ICEWS
India,2010-12-01,1.354333512550964,0.33014864366748553,ICEWS
India,2011-01-01,-2.0862982450689316,-1.7430002600880707,ICEWS
India,2011-02-01,-0.3897448018355014,-0.7207438377863777,ICEWS
India,2011-03-01,-0.3317097391626067,-0.6857748742251838,ICEWS
India,2011-04-01,0.8629803075993223,0.034084307242555574,ICEWS
India,2011-05-01,1.5876811959857768,0.47075203519155606,ICEWS
India,2011-06-01,1.576562533514272,0.4640524972758873,ICEWS
India,2011-07-01,0.3321984160311615,-0.2857377411939917,ICEWS
India,2011-08-01,1.9520194179004235,0.6902836324587702,ICEWS
India,2011-09-01,0.01435754481585327,-0.47725241063497603,ICEWS
India,2011-10-01,-2.353806963430756,-1.9041873458576075,ICEWS
India,2011-11-01,1.091368764014744,0.1716995219482391,ICEWS
India,2011-12-01,2.598546074906027,1.0798475627606616,ICEWS
India,2012-01-01,0.9785352323514084,0.10371180081049954,ICEWS
India,2012-02-01,1.7783438560052414,0.585635612526175,ICEWS
India,2012-03-01,2.48178824889089,1.0094952623518527,ICEWS
India,2012-04-01,1.631203978494872,0.4969766402069848,ICEWS
India,2012-05-01,0.6608293991170502,-0.08772150164270648,ICEWS
India,2012-06-01,2.0176860389567715,0.729850983179986,ICEWS
India,2012-07-01,-2.074010738162176,-1.7355964362358922,ICEWS
India,2012-08-01,1.119748936990165,0.1887999641452523,ICEWS
India,2012-09-01,0.971929217345716,0.0997313536914746,ICEWS
India,2012-10-01,1.7763568394002505e-15,-0.4859035335660143,ICEWS
India,2012-11-01,0.9539792351549448,0.08891561154795273,ICEWS
India,2012-12-01,0.7598712662312721,-0.02804393289998479,ICEWS
India,2013-01-01,-0.994112957352808,-1.0849052091102924,ICEWS
India,2013-02-01,0.9290374772692812,0.0738869826038981,ICEWS
India,2013-03-01,1.964156187540212,0.6975966297355458,ICEWS
India,2013-04-01,-0.5576472790494904,-0.8219132918562947,ICEWS
India,2013-05-01,1.873700690719863,0.64309276902553,ICEWS
India,2013-06-01,1.2678240105856808,0.27802243784305536,ICEWS
India,2013-07-01,2.0312521566118047,0.7380252325405762,ICEWS
India,2013-08-01,2.1967135817152528,0.8377238333301994,ICEWS
India,2013-09-01,-0.4126374557495556,-0.7345377813727172,ICEWS
India,2013-10-01,2.6538274697328195,1.1131573067718963,ICEWS
India,2013-11-01,0.811944808467528,0.0033329230401123386,ICEWS
India,2013-12-01,-1.6087623953643035,-1.4552615559600894,ICEWS
India,2014-01-01,1.900452105861092,0.6592118049703455,ICEWS
India,2014-02-01,1.8160678196851787,0.6083661455962055,ICEWS
India,2014-03-01,-1.5282283020582454,-1.4067358260900906,ICEWS
India,2014-04-01,0.8494206877719446,0.025913973140914738,ICEWS
India,2014-05-01,1.3764097139581055,0.3434506346884493,ICEWS
India,2014-06-01,1.8398267869865137,0.6226820853668714,ICEWS
India,2014-07-01,2.105849530395023,0.7829737985529719,ICEWS
India,2014-08-01,2.2741365411702894,0.8843749528998085,ICEWS
India,2014-09-01,2.0568151633668794,0.7534281943116551,ICEWS
India,2014-10-01,0.5512818450508306,-0.1537292605720117,ICEWS
India,2014-11-01,1.2487495634453865,0.26652915057362675,ICEWS
India,2014-12-01,0.8548969383662488,0.029213681949080302,ICEWS
India,2015-01-01,1.568720078648257,0.4593270346708806,ICEWS
India,2015-02-01,0.9252241928485904,0.07158929224544716,ICEWS
India,2015-03-01,1.66635425674375,0.5181564019344572,ICEWS
India,2015-04-01,2.4534494209497826,0.9924197325600608,ICEWS
India,2015-05-01,2.0454976203049338,0.7466088211136613,ICEWS
India,2015-06-01,1.3574590639694095,0.33203194125736324,ICEWS
India,2015-07-01,0.672806124147435,-0.08050493907034324,ICEWS
India,2015-08-01,1.23732032528879,0.2596424756184726,ICEWS
India,2015-09-01,2.731325902553973,1.1598539027357406,ICEWS
India,2015-10-01,2.067643440934427,0.7599527611209353,ICEWS
India,2015-11-01,2.1811308623658494,0.8283344828235082,ICEWS
India,2015-12-01,1.4789946141535832,0.4052630541405233,ICEWS
India,2016-01-01,-0.4046791881281404,-0.7297425359185674,ICEWS
India,2016-02-01,1.3828108744181904,0.3473076469249952,ICEWS
India,2016-03-01,-1.4438173873167148,-1.355874121702852,ICEWS
India,2016-04-01,0.39259976415401354,-0.24934297492209295,ICEWS
India,2016-05-01,1.0432086163805303,0.14268067764691117,ICEWS
India,2016-06-01,0.01372197560499088,-0.4776353721680846,ICEWS
India,2016-07-01,0.5596486390784055,-0.14868785797849074,ICEWS
India,2016-08-01,0.21590451928651969,-0.3558105015280987,ICEWS
India,2016-09-01,1.1260766987441375,0.19261275007168033,ICEWS
India,2016-10-01,2.2718907391312637,0.8830217473366305,ICEWS
India,2016-11-01,-0.09684830309443272,-0.5442593727069358,ICEWS
India,2016-12-01,0.5343197465428968,-0.1639497544825377,ICEWS
India,2017-01-01,-0.22818450044858984,-0.6233958548268786,ICEWS
India,2017-02-01,1.6425691631032286,0.5038247197666798,ICEWS
India,2017-03-01,1.5767074815453093,0.4641398355535106,ICEWS
India,2017-04-01,1.8026642602117011,0.6002898454901795,ICEWS
India,2017-05-01,0.4174204709115727,-0.23438728520292695,ICEWS
India,2017-06-01,0.05526373032300391,-0.45260443328222516,ICEWS
India,2017-07-01,-0.943295804942144,-1.0542853894859379,ICEWS
India,2017-08-01,-2.3529988693352415,-1.903700429643881,ICEWS
India,2017-09-01,1.219319515318226,0.2487961072518088,ICEWS
India,2017-10-01,-0.5856362253421405,-0.8387780008433502,ICEWS
India,2017-11-01,0.2729482158430834,-0.3214388845363946,ICEWS
India,2017-12-01,0.1287164526012745,-0.4083455757826365,ICEWS
India,2018-01-01,1.223449749845262,0.2512847755503021,ICEWS
India,2018-02-01,0.9300800322206246,0.0745151729499576,ICEWS
India,2018-03-01,1.600173385630926,0.4782791904039647,ICEWS
India,2018-04-01,1.9167772089563384,0.6690484779914129,ICEWS
India,2018-05-01,3.0146024273476826,1.3305418630311538,ICEWS
India,2018-06-01,1.4304939305945688,0.37603902029003006,ICEWS
India,2018-07-01,2.3438411782249524,0.9263754057458634,ICEWS
India,2018-08-01,1.6620545293821518,0.5155656059138127,ICEWS
India,2018-09-01,-1.5100080973657413,-1.395757261673596,ICEWS
India,2018-10-01,0.92641704954735,0.07230804674508062,ICEWS
India,2018-11-01,2.0004058345783537,0.7194388149249993,ICEWS
India,2018-12-01,1.395748052259659,0.35510292928857046,ICEWS
India,2019-01-01,0.47153400481627905,-0.20178123451342017,ICEWS
India,2019-02-01,0.7214863867899464,-0.05117270003943087,ICEWS
India,2019-03-01,0.15245154235855018,-0.3940440234000372,ICEWS
India,2019-04-01,-2.5273650619249945,-2.0087645883463923,ICEWS
India,2019-05-01,2.4806636838153864,1.008817656895146,ICEWS
India,2019-06-01,1.74793382022696,0.5673120787166391,ICEWS
India,2019-07-01,1.8340232619540624,0.6191851777038244,ICEWS
India,2019-08-01,0.37215087184356577,-0.26166443262605443,ICEWS
India,2019-09-01,-0.16275799229727816,-0.5839731838740662,ICEWS
India,2019-10-01,1.712214120672188,0.5457892128038742,ICEWS
India,2019-11-01,0.5874626670250489,-0.13192854584957545,ICEWS
India,2019-12-01,0.35856119163001843,-0.26985287958051535,ICEWS
Indonesia,2002-01-01,3.593380165098804,0.871846960912727,ICEWS
Indonesia,2002-02-01,2,0.03885207248002105,ICEWS
Indonesia,2002-03-01,3.1016960853132645,0.614802010714231,ICEWS
Indonesia,2002-04-01,2.493856071615916,0.29703250693522526,ICEWS
Indonesia,2002-05-01,3.111669561983943,0.62001599245478,ICEWS
Indonesia,2002-06-01,2.0839676100637785,0.08274906047390694,ICEWS
Indonesia,2002-07-01,5.598192672697834,1.9199324132582394,ICEWS
Indonesia,2002-08-01,1.9829863137466948,0.029957576368653777,ICEWS
Indonesia,2002-09-01,2.067256547491633,0.07401277141509767,ICEWS
Indonesia,2002-10-01,2.0916213607214367,0.08675032477656153,ICEWS
Indonesia,2002-11-01,2.462171979122875,0.28046854582322306,ICEWS
Indonesia,2002-12-01,2.156892123091536,0.12087288548700391,ICEWS
Indonesia,2003-01-01,1,-0.4839327008455918,ICEWS
Indonesia,2003-02-01,-1.3287932126188764,-1.7013903326267767,ICEWS
Indonesia,2003-03-01,4.299999999999994,1.2412570511289271,ICEWS
Indonesia,2003-04-01,1.5388009294351068,-0.20225577908322995,ICEWS
Indonesia,2003-05-01,-5,-3.620641340799269,ICEWS
Indonesia,2003-06-01,1,-0.4839327008455918,ICEWS
Indonesia,2003-07-01,2.166666666666668,0.12598286803429048,ICEWS
Indonesia,2003-08-01,2.058025226559817,0.06918677739426225,ICEWS
Indonesia,2003-09-01,2.9368127215583577,0.5286034987684576,ICEWS
Indonesia,2003-10-01,2.1080965669088005,0.09536331170871529,ICEWS
Indonesia,2003-11-01,-1.305888135435481,-1.6894159070434498,ICEWS
Indonesia,2003-12-01,3.44799490035199,0.7958417582371794,ICEWS
Indonesia,2004-01-01,3.3999999999999986,0.7707507551358783,ICEWS
Indonesia,2004-02-01,4.622383986305577,1.4097944903334991,ICEWS
Indonesia,2004-03-01,-5.000000000000002,-3.6206413407992697,ICEWS
Indonesia,2004-04-01,4.3281820198626235,1.2559901819946702,ICEWS
Indonesia,2004-05-01,2.593057968319954,0.34889374801711664,ICEWS
Indonesia,2004-06-01,2.1141378582540824,0.09852160683525245,ICEWS
Indonesia,2004-07-01,4.249999999999998,1.215117812462649,ICEWS
Indonesia,2004-08-01,-4.760357171332894,-3.495359718935427,ICEWS
Indonesia,2004-09-01,2.0404022624603773,0.05997376010221129,ICEWS
Indonesia,2004-10-01,2.9922496741443574,0.5575850934599922,ICEWS
Indonesia,2004-11-01,2.197427977509106,0.14206441295025318,ICEWS
Indonesia,2004-12-01,4.026365251557275,1.0982049711902895,ICEWS
Indonesia,2005-01-01,2.182836390326921,0.13443615335275372,ICEWS
Indonesia,2005-02-01,1.1193932662760666,-0.4215157191988538,ICEWS
Indonesia,2005-03-01,4.101920400781726,1.1377040527511768,ICEWS
Indonesia,2005-04-01,3.0128338611990024,0.5683461930234468,ICEWS
Indonesia,2005-05-01,1.9012424875259395,-0.012776851292932054,ICEWS
Indonesia,2005-06-01,2.7392889184906473,0.42534106215529155,ICEWS
Indonesia,2005-07-01,2.1828140194096637,0.13442445817784626,ICEWS
Indonesia,2005-08-01,2.816799449255317,0.46586238741144737,ICEWS
Indonesia,2005-09-01,-0.7376130977707511,-1.39233037029129,ICEWS
Indonesia,2005-10-01,3.886143498683923,1.0248991738990743,ICEWS
Indonesia,2005-11-01,1.6199337741083006,-0.15984076327149216,ICEWS
Indonesia,2005-12-01,2.2397242363318064,0.1641762530314001,ICEWS
Indonesia,2006-01-01,0.8123942010324239,-0.5820101559334265,ICEWS
Indonesia,2006-02-01,0.7147163518380175,-0.6330746481834577,ICEWS
Indonesia,2006-03-01,-0.02731128159865825,-1.0209953963309912,ICEWS
Indonesia,2006-04-01,2.0975297805764637,0.08983915671118436,ICEWS
Indonesia,2006-05-01,1.7867741224638536,-0.07261916957486814,ICEWS
Indonesia,2006-06-01,2.3539696472025096,0.22390201425693215,ICEWS
Indonesia,2006-07-01,1.3735596477873615,-0.28864140505348024,ICEWS
Indonesia,2006-08-01,3.0113013009754006,0.5675449938743432,ICEWS
Indonesia,2006-09-01,3.799999999999997,0.9798646644661226,ICEWS
Indonesia,2006-10-01,3.407414271394792,0.77462682332638,ICEWS
Indonesia,2006-11-01,3.112926984561593,0.6206733538320113,ICEWS
Indonesia,2006-12-01,3.134956429429572,0.6321900121738069,ICEWS
Indonesia,2007-01-01,1.4617738702458265,-0.24252435276143644,ICEWS
Indonesia,2007-02-01,3.621472448396519,0.8865331788687216,ICEWS
Indonesia,2007-03-01,-1.2749999999999986,-1.6732680601613603,ICEWS
Indonesia,2007-04-01,2.2359217400708395,0.16218836588553906,ICEWS
Indonesia,2007-05-01,3.4166219469119774,0.7794404558844875,ICEWS
Indonesia,2007-06-01,2.2814902778098887,0.1860109035582275,ICEWS
Indonesia,2007-07-01,2.3731837643321843,0.23394686212522092,ICEWS
Indonesia,2007-08-01,3.285603393690561,0.7109459512371796,ICEWS
Indonesia,2007-09-01,1.1079476665494692,-0.42749930445749873,ICEWS
Indonesia,2007-10-01,4.318954725821129,1.2511662931707788,ICEWS
Indonesia,2007-11-01,3.6196450158061975,0.8855778249362226,ICEWS
Indonesia,2007-12-01,0.4999999999999982,-0.7453250875083991,ICEWS
Indonesia,2008-01-01,2.9026132862903236,0.5107245547539944,ICEWS
Indonesia,2008-02-01,1.5681061338916449,-0.18693546441415795,ICEWS
Indonesia,2008-03-01,1.1999999999999993,-0.3793757461804696,ICEWS
Indonesia,2008-04-01,-2.9749423491356346,-2.5619720358208435,ICEWS
Indonesia,2008-05-01,3.2163892119950184,0.6747618309485576,ICEWS
Indonesia,2008-06-01,1.7461028488621615,-0.09388149212559271,ICEWS
Indonesia,2008-07-01,2.114285714285712,0.0985989037172328,ICEWS
Indonesia,2008-08-01,1.8935539008244309,-0.016796327348874564,ICEWS
Indonesia,2008-09-01,1.3662721072141082,-0.2924512203001697,ICEWS
Indonesia,2008-10-01,2.4886891094769457,0.2943312978046217,ICEWS
Indonesia,2008-11-01,2.936965429904898,0.5286833323667887,ICEWS
Indonesia,2008-12-01,2.519717110747342,0.31055226441551265,ICEWS
Indonesia,2009-01-01,2.147368824043925,0.1158942497530864,ICEWS
Indonesia,2009-02-01,3.3999999999999986,0.7707507551358783,ICEWS
Indonesia,2009-03-01,3.6689772240037417,0.9113679522164277,ICEWS
Indonesia,2009-04-01,3.465680756704568,0.8050876546415314,ICEWS
Indonesia,2009-05-01,4.277693527841569,1.229595567137891,ICEWS
Indonesia,2009-06-01,1.4249999999999972,-0.26174917218220783,ICEWS
Indonesia,2009-07-01,1.5506311460227682,-0.1960711219860565,ICEWS
Indonesia,2009-08-01,5.199999999999996,1.71176334712198,ICEWS
Indonesia,2009-09-01,4.47213595499958,1.3312471073445737,ICEWS
Indonesia,2009-10-01,0.04647347456928763,-0.9824218493028459,ICEWS
Indonesia,2009-11-01,1.855305652309701,-0.03679192927874938,ICEWS
Indonesia,2009-12-01,2.13223801252661,0.10798409188377443,ICEWS
Indonesia,2010-01-01,1.9480173548513624,0.011676337119124776,ICEWS
Indonesia,2010-02-01,-0.4000000000000003,-1.21583138350145,ICEWS
Indonesia,2010-03-01,2.212912168574185,0.15015931226634105,ICEWS
Indonesia,2010-04-01,0.3993485161138821,-0.7979441506966889,ICEWS
Indonesia,2010-05-01,1.50670088340347,-0.21903719437162092,ICEWS
Indonesia,2010-06-01,3.318930233317001,0.7283687155369472,ICEWS
Indonesia,2010-07-01,1.5048973668733652,-0.2199800453520008,ICEWS
Indonesia,2010-08-01,0.9967658786246858,-0.485623450255693,ICEWS
Indonesia,2010-09-01,2.9443339809103772,0.5325354986339262,ICEWS
Indonesia,2010-10-01,1.968544973271861,0.022407863461999786,ICEWS
Indonesia,2010-11-01,2.776876763038862,0.4449914149472284,ICEWS
Indonesia,2010-12-01,0.9538018889382868,-0.508084369865061,ICEWS
Indonesia,2011-01-01,2.047015261700505,0.06343093541096384,ICEWS
Indonesia,2011-02-01,1.9113906733005823,-0.007471534293069196,ICEWS
Indonesia,2011-03-01,2.2808045249207485,0.18565240238952094,ICEWS
Indonesia,2011-04-01,2.27713539579411,0.18373423755074877,ICEWS
Indonesia,2011-05-01,1.9177915210165324,-0.004125268570794475,ICEWS
Indonesia,2011-06-01,-1.2902932098570492,-1.6812631174098995,ICEWS
Indonesia,2011-07-01,0.01827045577745778,-0.9971659580890307,ICEWS
Indonesia,2011-08-01,0.6000000000000014,-0.6930466101758362,ICEWS
Indonesia,2011-09-01,1.3219320558643926,-0.3156315239942768,ICEWS
Indonesia,2011-10-01,1.2082836566417967,-0.3750451766206803,ICEWS
Indonesia,2011-11-01,3.0234600737935367,0.5739014151659901,ICEWS
Indonesia,2011-12-01,1,-0.4839327008455918,ICEWS
Indonesia,2012-01-01,2.2125058027434363,0.1499468703976258,ICEWS
Indonesia,2012-02-01,1.7636539993037257,-0.08470601792039585,ICEWS
Indonesia,2012-03-01,3.0292696572733515,0.5769385769486013,ICEWS
Indonesia,2012-04-01,1.0747112137940888,-0.44487481587736766,ICEWS
Indonesia,2012-05-01,-0.4000000000000003,-1.21583138350145,ICEWS
Indonesia,2012-06-01,1.859241131199708,-0.03473452083930933,ICEWS
Indonesia,2012-07-01,3.3778988346167047,0.7591966024007412,ICEWS
Indonesia,2012-08-01,2.5396013311586483,0.32094743207599397,ICEWS
Indonesia,2012-09-01,1.213734030835031,-0.3721958039835305,ICEWS
Indonesia,2012-10-01,-0.5,-1.2681098608340111,ICEWS
Indonesia,2012-11-01,1.6137340308350314,-0.1630818946532852,ICEWS
Indonesia,2012-12-01,1,-0.4839327008455918,ICEWS
Indonesia,2013-01-01,-0.6418763331210382,-1.3422806474849622,ICEWS
Indonesia,2013-02-01,0.7500000000000018,-0.6146288941769941,ICEWS
Indonesia,2013-03-01,-1.9999999999999984,-2.0522870208224298,ICEWS
Indonesia,2013-04-01,2,0.03885207248002105,ICEWS
Indonesia,2013-05-01,2.082303063461021,0.0818788608554944,ICEWS
Indonesia,2013-06-01,1.6712067873811236,-0.13303601264993828,ICEWS
Indonesia,2013-07-01,2,0.03885207248002105,ICEWS
Indonesia,2013-08-01,1.948783249083508,0.012076734961668391,ICEWS
Indonesia,2013-09-01,2.4920355715812104,0.29608077723724247,ICEWS
Indonesia,2013-10-01,2.1567647147723843,0.12080627835775633,ICEWS
Indonesia,2013-11-01,0.8725770554022176,-0.5505474760536255,ICEWS
Indonesia,2013-12-01,0.4410795902953897,-0.7761277805400751,ICEWS
Indonesia,2014-01-01,1.097151832197742,-0.43314320227192726,ICEWS
Indonesia,2014-02-01,2.727107019585496,0.41897255089748653,ICEWS
Indonesia,2014-03-01,2.0027766826126285,0.040303679870261226,ICEWS
Indonesia,2014-04-01,1.3166666666666664,-0.3183841892924812,ICEWS
Indonesia,2014-05-01,1.4935009794371403,-0.22593790317457846,ICEWS
Indonesia,2014-06-01,2.535603393690563,0.3188573712429709,ICEWS
Indonesia,2014-07-01,1.0819380424945493,-0.4410967398733344,ICEWS
Indonesia,2014-08-01,1.4666666666666686,-0.23996647329363816,ICEWS
Indonesia,2014-09-01,0.07914876992638575,-0.965339702426238,ICEWS
Indonesia,2014-10-01,0.3691294944079538,-0.8137421951093445,ICEWS
Indonesia,2014-11-01,1.6852541301384374,-0.1256922757507288,ICEWS
Indonesia,2014-12-01,2.9313008154580213,0.5257219581872011,ICEWS
Indonesia,2015-01-01,0.8914884684807234,-0.5406608772541119,ICEWS
Indonesia,2015-02-01,0.8543984298140703,-0.5600509847110964,ICEWS
Indonesia,2015-03-01,0.8252486024293475,-0.5752900706128994,ICEWS
Indonesia,2015-04-01,2.6033991789676456,0.35429997548148257,ICEWS
Indonesia,2015-05-01,0.3952019856886864,-0.8001118936651127,ICEWS
Indonesia,2015-06-01,3.975,1.0713519997981065,ICEWS
Indonesia,2015-07-01,1.268858605886921,-0.34337751551035756,ICEWS
Indonesia,2015-08-01,0.09999999999999964,-0.9544389968386435,ICEWS
Indonesia,2015-09-01,2.775240257063455,0.4441358745418293,ICEWS
Indonesia,2015-10-01,0.6602301761943536,-0.66155919116671,ICEWS
Indonesia,2015-11-01,-1.6750778020195725,-1.8824226432027726,ICEWS
Indonesia,2015-12-01,-3.506181326462161,-2.8396956841642225,ICEWS
Indonesia,2016-01-01,2.5599999999999987,0.33161154554236355,ICEWS
Indonesia,2016-02-01,0.3000000000000007,-0.8498820421735204,ICEWS
Indonesia,2016-03-01,-0.6699830526435893,-1.3569744124794856,ICEWS
Indonesia,2016-04-01,-1.829918070128329,-1.963370777667686,ICEWS
Indonesia,2016-05-01,-2.2557467491588383,-2.185987527110196,ICEWS
Indonesia,2016-06-01,-2.971440955501846,-2.5601415605436793,ICEWS
Indonesia,2016-07-01,2.466666666666665,0.28281830003197284,ICEWS
Indonesia,2016-08-01,1,-0.4839327008455918,ICEWS
Indonesia,2016-09-01,1.934641403877192,0.004683593621078574,ICEWS
Indonesia,2016-10-01,-0.3109402159225496,-1.1692722844700918,ICEWS
Indonesia,2016-11-01,-2.1666666666666696,-2.1394178163767004,ICEWS
Indonesia,2016-12-01,1.164213611720646,-0.3980843250652336,ICEWS
Indonesia,2017-01-01,-2.456736326083387,-2.2910618175235067,ICEWS
Indonesia,2017-02-01,1.7581797988281913,-0.08756784657513705,ICEWS
Indonesia,2017-03-01,1.3473891343744953,-0.30232295097584044,ICEWS
Indonesia,2017-04-01,-2.0600132802651814,-2.0836610499423895,ICEWS
Indonesia,2017-05-01,1.834077922966971,-0.04788946295140587,ICEWS
Indonesia,2017-06-01,4.499999999999998,1.3458140057940522,ICEWS
Indonesia,2017-07-01,-1.5773473284874235,-1.8313306397502633,ICEWS
Indonesia,2017-08-01,2.5915738423589936,0.3481178695630293,ICEWS
Indonesia,2017-09-01,-1.3045599580811142,-1.688721556146311,ICEWS
Indonesia,2017-10-01,-0.9999999999999982,-1.5295022474968165,ICEWS
Indonesia,2017-11-01,2.466666666666665,0.28281830003197284,ICEWS
Indonesia,2017-12-01,4.871206787381128,1.5398752619920253,ICEWS
Indonesia,2018-01-01,2.433333333333332,0.2653921409211191,ICEWS
Indonesia,2018-02-01,0.4989311629228936,-0.7458838592574752,ICEWS
Indonesia,2018-03-01,1.171206787381129,-0.39442839931274193,ICEWS
Indonesia,2018-04-01,2.656858127542447,0.3822474997943857,ICEWS
Indonesia,2018-05-01,2.7580736096991494,0.43516141269071995,ICEWS
Indonesia,2018-06-01,-2.0123626529243186,-2.0587500275291735,ICEWS
Indonesia,2018-07-01,6.399999999999999,2.339105075112717,ICEWS
Indonesia,2018-08-01,-0.6580385522509467,-1.3507300095492303,ICEWS
Indonesia,2018-09-01,2.8284827149524503,0.4719702208206261,ICEWS
Indonesia,2018-10-01,-0.2095977375396227,-1.1162919798804176,ICEWS
Indonesia,2018-11-01,1.548916224966037,-0.196967656601971,ICEWS
Indonesia,2018-12-01,1.5297543760216603,-0.20698517945885664,ICEWS
Indonesia,2019-01-01,4.671206787381122,1.4353183073268994,ICEWS
Indonesia,2019-02-01,2.828870938663785,0.47217317826555594,ICEWS
Indonesia,2019-03-01,1.2031234756093916,-0.37774284069202535,ICEWS
Indonesia,2019-04-01,0.23094589788699335,-0.8859824752938726,ICEWS
Indonesia,2019-05-01,-2.6120240964827044,-2.372243899371954,ICEWS
Indonesia,2019-06-01,1,-0.4839327008455918,ICEWS
Indonesia,2019-07-01,2.6921900521037667,0.4007184919673329,ICEWS
Indonesia,2019-08-01,0.7445626465380268,-0.6174714597741039,ICEWS
Indonesia,2019-09-01,1.7763568394002505e-15,-1.0067174741712037,ICEWS
Indonesia,2019-10-01,2.8079528284349777,0.46123750875118863,ICEWS
Indonesia,2019-11-01,-0.33333333333333215,-1.1809790652797416,ICEWS
Indonesia,2019-12-01,0.08062950359157028,-0.9645655974127288,ICEWS
Japan,2002-01-01,2.032194234684452,0.9520232992272122,ICEWS
Japan,2002-02-01,1.50498297437235,0.38263126959563787,ICEWS
Japan,2002-03-01,2.5443682533377885,1.5051749975292237,ICEWS
Japan,2002-04-01,1.7649768564789683,0.6634265700162755,ICEWS
Japan,2002-05-01,-0.6716452704239888,-1.9681432061322084,ICEWS
Japan,2002-06-01,1.6265376617113514,0.5139112238481566,ICEWS
Japan,2002-07-01,2.278230837039297,1.217744635102227,ICEWS
Japan,2002-08-01,0.8013419736788592,-0.3773061742284579,ICEWS
Japan,2002-09-01,1.7361040100370495,0.6322436840000082,ICEWS
Japan,2002-10-01,1.997985113299661,0.915077197116897,ICEWS
Japan,2002-11-01,1.398925671368076,0.2680886041390893,ICEWS
Japan,2002-12-01,1.1005282607360185,-0.054182788880877665,ICEWS
Japan,2003-01-01,1.3224709699259003,0.18551696558329347,ICEWS
Japan,2003-02-01,2.43478051032049,1.3868194309534567,ICEWS
Japan,2003-03-01,2.402221266158767,1.351655208350285,ICEWS
Japan,2003-04-01,2.1365589782023786,1.0647379880190875,ICEWS
Japan,2003-05-01,2.052477034952842,0.9739288723452707,ICEWS
Japan,2003-06-01,1.0968423440837023,-0.058163605911365074,ICEWS
Japan,2003-07-01,1.8510406102501005,0.7563760555952582,ICEWS
Japan,2003-08-01,1.8782116662653736,0.7857209954635966,ICEWS
Japan,2003-09-01,1.5884451494129337,0.4727710310561402,ICEWS
Japan,2003-10-01,2.1003921116670767,1.0256775067809611,ICEWS
Japan,2003-11-01,1.8704605734460351,0.7773497583438637,ICEWS
Japan,2003-12-01,0.9683572302316944,-0.19692847165101163,ICEWS
Japan,2004-01-01,-0.22810132365979463,-1.4891124890542822,ICEWS
Japan,2004-02-01,1.5853447262694529,0.46942255131134464,ICEWS
Japan,2004-03-01,0.4527808344195652,-0.7537547622499902,ICEWS
Japan,2004-04-01,2.111997578282786,1.0382114958828408,ICEWS
Japan,2004-05-01,1.7186131677360557,0.6133534459731629,ICEWS
Japan,2004-06-01,1.4188368268017904,0.28959279810869626,ICEWS
Japan,2004-07-01,0.9020739365554942,-0.26851491518526976,ICEWS
Japan,2004-08-01,0.37001076845622904,-0.8431470408286073,ICEWS
Japan,2004-09-01,1.9468252634725332,0.859824183910255,ICEWS
Japan,2004-10-01,1.1358554358475974,-0.01602918054173837,ICEWS
Japan,2004-11-01,1.128662425880755,-0.02379768408575602,ICEWS
Japan,2004-12-01,0.1702309285489445,-1.058910733844078,ICEWS
Japan,2005-01-01,0.9726942830509592,-0.19224442278240703,ICEWS
Japan,2005-02-01,0.5325962300995268,-0.6675535492577696,ICEWS
Japan,2005-03-01,-0.08147615711240164,-1.3307562332981655,ICEWS
Japan,2005-04-01,-0.5278069247483472,-1.8127967373663145,ICEWS
Japan,2005-05-01,0.3913271408421579,-0.820125202239611,ICEWS
Japan,2005-06-01,0.366732759324357,-0.8466873147439301,ICEWS
Japan,2005-07-01,0.38741560660412233,-0.8243496879181794,ICEWS
Japan,2005-08-01,0.5030121923836042,-0.6995045270684375,ICEWS
Japan,2005-09-01,1.0452829857484571,-0.11384809123822937,ICEWS
Japan,2005-10-01,1.4726736876753357,0.34773700288845333,ICEWS
Japan,2005-11-01,0.7236521875189847,-0.46121171334199434,ICEWS
Japan,2005-12-01,0.43124099726546383,-0.7770179444283201,ICEWS
Japan,2006-01-01,0.5512634191160544,-0.6473928481465212,ICEWS
Japan,2006-02-01,0.6057721925198205,-0.588522972903863,ICEWS
Japan,2006-03-01,0.7913655163188817,-0.3880808213810389,ICEWS
Japan,2006-04-01,0.8993080942547973,-0.2715020451648198,ICEWS
Japan,2006-05-01,2.099089758521533,1.0242709558275553,ICEWS
Japan,2006-06-01,0.2145467624538746,-1.0110493080524394,ICEWS
Japan,2006-07-01,1.637573678396631,0.525830202846745,ICEWS
Japan,2006-08-01,0.06732607945855129,-1.170048725942015,ICEWS
Japan,2006-09-01,0.6330806752990839,-0.559029611122025,ICEWS
Japan,2006-10-01,2.158441635966346,1.0883714189715723,ICEWS
Japan,2006-11-01,2.103752113803326,1.0293063337426478,ICEWS
Japan,2006-12-01,1.7872907043120634,0.6875256894073423,ICEWS
Japan,2007-01-01,1.8684076441931536,0.7751325796870645,ICEWS
Japan,2007-02-01,2.278173848035573,1.2176830865600394,ICEWS
Japan,2007-03-01,2.4289307938884814,1.3805016942836847,ICEWS
Japan,2007-04-01,2.1057868459756115,1.0315038594188797,ICEWS
Japan,2007-05-01,1.6367424195779154,0.5249324372230415,ICEWS
Japan,2007-06-01,1.115039922575015,-0.03851008761318895,ICEWS
Japan,2007-07-01,1.532454847517981,0.4123010941720551,ICEWS
Japan,2007-08-01,2.2867636066515153,1.226960088893945,ICEWS
Japan,2007-09-01,2.687127690307623,1.6593562369761858,ICEWS
Japan,2007-10-01,1.3985184990227282,0.26764885501842334,ICEWS
Japan,2007-11-01,2.8341402743314585,1.8181309064495963,ICEWS
Japan,2007-12-01,2.0972095086620364,1.0222402721826738,ICEWS
Japan,2008-01-01,2.1548929871831497,1.0845388522469588,ICEWS
Japan,2008-02-01,2.508567728586261,1.4665101681056634,ICEWS
Japan,2008-03-01,1.6471049278612604,0.536124022205568,ICEWS
Japan,2008-04-01,1.785490461964061,0.6855814144619419,ICEWS
Japan,2008-05-01,2.8236249099029713,1.8067742357087104,ICEWS
Japan,2008-06-01,2.9619347051827383,1.9561498294804627,ICEWS
Japan,2008-07-01,2.7309718554559925,1.7067082570497962,ICEWS
Japan,2008-08-01,2.2532764053416106,1.1907936657617073,ICEWS
Japan,2008-09-01,2.286110487528468,1.226254715448691,ICEWS
Japan,2008-10-01,2.353568139773095,1.2991094748538883,ICEWS
Japan,2008-11-01,2.0613686585048008,0.9835318910250549,ICEWS
Japan,2008-12-01,2.414154219742409,1.3645428857805189,ICEWS
Japan,2009-01-01,1.7602420318027612,0.6583129246234604,ICEWS
Japan,2009-02-01,2.660832334323759,1.6309570595673544,ICEWS
Japan,2009-03-01,1.6830389912438974,0.5749330743305869,ICEWS
Japan,2009-04-01,1.9410067272795892,0.8535401221274624,ICEWS
Japan,2009-05-01,2.1779896111455095,1.1094833756013727,ICEWS
Japan,2009-06-01,2.0764460771548237,0.9998156137999806,ICEWS
Japan,2009-07-01,1.50569527872171,0.38340056351959045,ICEWS
Japan,2009-08-01,0.19118488584567395,-1.036280306210694,ICEWS
Japan,2009-09-01,2.3238001010819005,1.266959774639791,ICEWS
Japan,2009-10-01,2.3070209969194604,1.2488382190250729,ICEWS
Japan,2009-11-01,2.5974178890452553,1.5624689933532292,ICEWS
Japan,2009-12-01,1.604582521920122,0.49019951177438065,ICEWS
Japan,2010-01-01,0.5683274261767934,-0.6289635953111209,ICEWS
Japan,2010-02-01,1.574797354457024,0.4580313123609426,ICEWS
Japan,2010-03-01,2.314132232875153,1.256518406037019,ICEWS
Japan,2010-04-01,-0.4158048537834773,-1.6918336788916641,ICEWS
Japan,2010-05-01,1.8190994096508104,0.7218793245745048,ICEWS
Japan,2010-06-01,2.1179921958667407,1.0446857268599496,ICEWS
Japan,2010-07-01,1.356904732112902,0.22270568140833327,ICEWS
Japan,2010-08-01,2.819091246794901,1.8018778462855376,ICEWS
Japan,2010-09-01,-0.5586943365588546,-1.8461553687628436,ICEWS
Japan,2010-10-01,-0.15496812483105593,-1.4101280976930395,ICEWS
Japan,2010-11-01,0.6212821162654993,-0.5717721414520556,ICEWS
Japan,2010-12-01,0.6124179321194916,-0.5813455253720718,ICEWS
Japan,2011-01-01,1.6847995916296623,0.5768345356658918,ICEWS
Japan,2011-02-01,0.5218287554961751,-0.6791825008374066,ICEWS
Japan,2011-03-01,2.21910306948398,1.153886212283307,ICEWS
Japan,2011-04-01,1.591149477584775,0.4756917253251568,ICEWS
Japan,2011-05-01,1.7099319704454192,0.6039776891996421,ICEWS
Japan,2011-06-01,2.2475951825184257,1.1846579034258127,ICEWS
Japan,2011-07-01,1.5709392384786849,0.4538645187948112,ICEWS
Japan,2011-08-01,1.083374910262176,-0.07270853325800086,ICEWS
Japan,2011-09-01,1.0501764577984911,-0.10856310551758148,ICEWS
Japan,2011-10-01,1.978969542107924,0.894540240700114,ICEWS
Japan,2011-11-01,2.226339944698317,1.1617020906164868,ICEWS
Japan,2011-12-01,2.659758635128771,1.6297974565583326,ICEWS
Japan,2012-01-01,-0.8838176120894836,-2.1972908919784526,ICEWS
Japan,2012-02-01,0.7758625655498737,-0.40482412196687667,ICEWS
Japan,2012-03-01,1.129757747927984,-0.022614728237653113,ICEWS
Japan,2012-04-01,1.930219753250615,0.8418901110250729,ICEWS
Japan,2012-05-01,1.6053841751151978,0.4910653031073174,ICEWS
Japan,2012-06-01,0.8172861539614598,-0.36008634253035016,ICEWS
Japan,2012-07-01,-0.35859654898153437,-1.630048289930744,ICEWS
Japan,2012-08-01,-0.353901001714787,-1.6249770644283497,ICEWS
Japan,2012-09-01,-0.8170309142956356,-2.1251607683033287,ICEWS
Japan,2012-10-01,-0.05319881929931469,-1.3002165009706736,ICEWS
Japan,2012-11-01,0.2376636623700925,-0.9860828865190806,ICEWS
Japan,2012-12-01,0.9465422446584402,-0.22048881614097096,ICEWS
Japan,2013-01-01,0.22816938739047288,-0.996336773162787,ICEWS
Japan,2013-02-01,0.28306987721665244,-0.9370438413096424,ICEWS
Japan,2013-03-01,1.08154239544732,-0.07468766270440731,ICEWS
Japan,2013-04-01,0.6696370032960459,-0.5195485086475716,ICEWS
Japan,2013-05-01,0.05062890831728772,-1.1880817932926662,ICEWS
Japan,2013-06-01,0.27735759028023566,-0.943213153115765,ICEWS
Japan,2013-07-01,-0.23640659161387667,-1.4980822393858841,ICEWS
Japan,2013-08-01,0.763291458055825,-0.4184010103029029,ICEWS
Japan,2013-09-01,0.9381177787830488,-0.2295873011022204,ICEWS
Japan,2013-10-01,1.0118427656137658,-0.14996377435650482,ICEWS
Japan,2013-11-01,0.22066710845199644,-1.0044392894654783,ICEWS
Japan,2013-12-01,-1.3616097153781386,-2.713309869403964,ICEWS
Japan,2014-01-01,-0.35440698950447036,-1.6255235349539716,ICEWS
Japan,2014-02-01,-0.40488792795028417,-1.6800433188871766,ICEWS
Japan,2014-03-01,0.783207674387203,-0.3968913505266842,ICEWS
Japan,2014-04-01,0.8069918928242092,-0.37120422009432064,ICEWS
Japan,2014-05-01,0.9619664670614174,-0.2038305427681281,ICEWS
Japan,2014-06-01,0.8805128809833516,-0.2918010134107777,ICEWS
Japan,2014-07-01,-1.7662423654557935,-3.1503161005427454,ICEWS
Japan,2014-08-01,0.00263784915606635,-1.2399124893286353,ICEWS
Japan,2014-09-01,1.6426789138559137,0.5313438946032283,ICEWS
Japan,2014-10-01,1.9800985982693096,0.8957596296390352,ICEWS
Japan,2014-11-01,2.4431049626282686,1.3958099005278195,ICEWS
Japan,2014-12-01,1.4377675033921165,0.31003806773302806,ICEWS
Japan,2015-01-01,1.3198014156819813,0.18263382741159206,ICEWS
Japan,2015-02-01,2.1749605182992653,1.1062119331009899,ICEWS
Japan,2015-03-01,1.7393682677954647,0.6357691063310948,ICEWS
Japan,2015-04-01,1.9213302235756284,0.8322893537477829,ICEWS
Japan,2015-05-01,1.8608314935368837,0.7669502813871109,ICEWS
Japan,2015-06-01,1.524985110705794,0.40423372360453924,ICEWS
Japan,2015-07-01,-0.137443716182176,-1.391201607764179,ICEWS
Japan,2015-08-01,-1.7400547739391374,-3.122033309549237,ICEWS
Japan,2015-09-01,0.6290701310790876,-0.563361028307612,ICEWS
Japan,2015-10-01,1.3040948946063846,0.16567066940090988,ICEWS
Japan,2015-11-01,0.7846332037181405,-0.39535176838922875,ICEWS
Japan,2015-12-01,1.1387299825333503,-0.012924649028692448,ICEWS
Japan,2016-01-01,2.530817781832299,1.4905403888746063,ICEWS
Japan,2016-02-01,1.6038981737598963,0.48946041073982605,ICEWS
Japan,2016-03-01,0.506565045017771,-0.6956674201539292,ICEWS
Japan,2016-04-01,2.1000477389795904,1.025305581751588,ICEWS
Japan,2016-05-01,0.9337678809945108,-0.23428522263189205,ICEWS
Japan,2016-06-01,0.10025742552678096,-1.1344826305494606,ICEWS
Japan,2016-07-01,0.7870614578466526,-0.39272923611274385,ICEWS
Japan,2016-08-01,0.2107283378719078,-1.0151732346192468,ICEWS
Japan,2016-09-01,1.3791020640184772,0.2466789627427249,ICEWS
Japan,2016-10-01,0.5951302727982544,-0.6000163242898933,ICEWS
Japan,2016-11-01,1.1159182831707746,-0.03756145172466126,ICEWS
Japan,2016-12-01,-0.8136836190073939,-2.121545664830729,ICEWS
Japan,2017-01-01,0.7033161535150025,-0.48317477928510305,ICEWS
Japan,2017-02-01,1.0605927808471538,-0.09731340019363764,ICEWS
Japan,2017-03-01,0.4013128520981475,-0.809340560811435,ICEWS
Japan,2017-04-01,1.4911002778031328,0.3676378554344411,ICEWS
Japan,2017-05-01,2.095483119236162,1.020375758935079,ICEWS
Japan,2017-06-01,1.4528534411359466,0.32633099119177583,ICEWS
Japan,2017-07-01,0.6083488061174567,-0.5857402113121135,ICEWS
Japan,2017-08-01,1.212772834754972,0.06704217467158678,ICEWS
Japan,2017-09-01,0.5440062661340228,-0.6552306266176023,ICEWS
Japan,2017-10-01,0.24688228548474633,-0.9761267059121755,ICEWS
Japan,2017-11-01,2.446894502625252,1.3999026315308998,ICEWS
Japan,2017-12-01,0.21732969599612773,-1.008043719406599,ICEWS
Japan,2018-01-01,1.8839734769059433,0.7919437932335924,ICEWS
Japan,2018-02-01,1.0616909553609073,-0.09612736366075782,ICEWS
Japan,2018-03-01,1.0848887705911032,-0.07107355299457409,ICEWS
Japan,2018-04-01,1.5197875490225972,0.39862031884877064,ICEWS
Japan,2018-05-01,3.147372256611739,2.1564237457006175,ICEWS
Japan,2018-06-01,-0.8272827441111499,-2.1362328197284777,ICEWS
Japan,2018-07-01,-0.22377334567720908,-1.484438241075879,ICEWS
Japan,2018-08-01,1.5272168842492118,0.4066440554074155,ICEWS
Japan,2018-09-01,1.641926546628877,0.53053133247741735,ICEWS
Japan,2018-10-01,2.2889250443807025,1.229294457501352,ICEWS
Japan,2018-11-01,0.5422736022303756,-0.6571019163472319,ICEWS
Japan,2018-12-01,-1.2683336427596927,-2.6125710265483733,ICEWS
Japan,2019-01-01,1.1041156567218664,-0.050308374893086726,ICEWS
Japan,2019-02-01,0.09928867961279232,-1.135528883244892,ICEWS
Japan,2019-03-01,0.366305158685325,-0.8471491265716709,ICEWS
Japan,2019-04-01,1.3603412990467325,0.22641719891321388,ICEWS
Japan,2019-05-01,1.2642475911505873,0.12263528928287093,ICEWS
Japan,2019-06-01,1.8099802914714471,0.7120306100278464,ICEWS
Japan,2019-07-01,1.00176714495829,-0.16084551859585028,ICEWS
Japan,2019-08-01,3.537175312147778,2.5774139059200003,ICEWS
Japan,2019-09-01,1.2805692506056658,0.14026280125706697,ICEWS
Japan,2019-10-01,0.9426456009565722,-0.22469721993121666,ICEWS
Japan,2019-11-01,1.2475574690698767,0.10460983496934063,ICEWS
Japan,2019-12-01,2.3907662998444046,1.3392837606781793,ICEWS
Russia,2002-01-01,2.673997175566324,0.3442972719920297,ICEWS
Russia,2002-02-01,2.992272378835734,0.8281270898895666,ICEWS
Russia,2002-03-01,3.0459681637567773,0.9097533729720807,ICEWS
Russia,2002-04-01,2.660285827599113,0.3234538040687992,ICEWS
Russia,2002-05-01,2.183783155801206,-0.4009073731622173,ICEWS
Russia,2002-06-01,2.743459395854474,0.44989108843624137,ICEWS
Russia,2002-07-01,3.3290392799994137,1.3400672812403174,ICEWS
Russia,2002-08-01,2.4058815269203713,-0.06328190517071464,ICEWS
Russia,2002-09-01,2.2248983214252203,-0.3384056674297251,ICEWS
Russia,2002-10-01,2.2366950319594032,-0.32047275826522326,ICEWS
Russia,2002-11-01,3.7637418229220856,2.0008854977441066,ICEWS
Russia,2002-12-01,2.1243574933769125,-0.49124399735988983,ICEWS
Russia,2003-01-01,3.192240587280306,1.1321111291209784,ICEWS
Russia,2003-02-01,2.1895641836537862,-0.3921192752380231,ICEWS
Russia,2003-03-01,2.212007441543035,-0.3580018910810454,ICEWS
Russia,2003-04-01,1.7522604013278524,-1.0568917966133822,ICEWS
Russia,2003-05-01,2.423715834953171,-0.03617087069740023,ICEWS
Russia,2003-06-01,2.2280551745549904,-0.33360673977461325,ICEWS
Russia,2003-07-01,1.5268228610896752,-1.3995933420692457,ICEWS
Russia,2003-08-01,2.542867896912183,0.14495954677639328,ICEWS
Russia,2003-09-01,2.8470996628261123,0.6074410671359461,ICEWS
Russia,2003-10-01,2.5189163375440167,0.10854930027141296,ICEWS
Russia,2003-11-01,2.1981866753683494,-0.379011692387628,ICEWS
Russia,2003-12-01,2.4117299029726915,-0.054391427083437326,ICEWS
Russia,2004-01-01,2.705973364374543,0.39290625393349166,ICEWS
Russia,2004-02-01,3.106329277349804,1.0015120343374966,ICEWS
Russia,2004-03-01,2.266934587085512,-0.27450374057337584,ICEWS
Russia,2004-04-01,3.078398929797729,0.9590533858750319,ICEWS
Russia,2004-05-01,2.2945182990690984,-0.23257203427371856,ICEWS
Russia,2004-06-01,2.1201743818461285,-0.4976030038718458,ICEWS
Russia,2004-07-01,2.7299645076572663,0.4293766743947682,ICEWS
Russia,2004-08-01,4.113251490367881,2.5321967561037075,ICEWS
Russia,2004-09-01,3.0519852188093513,0.9189002704383658,ICEWS
Russia,2004-10-01,2.525734611335668,0.11891417988849613,ICEWS
Russia,2004-11-01,2.1734364478354884,-0.41663604375756613,ICEWS
Russia,2004-12-01,2.5901306453066617,0.21680657323067049,ICEWS
Russia,2005-01-01,2.5213591226931413,0.11226272903282156,ICEWS
Russia,2005-02-01,2.40724014633302,-0.061216583787642366,ICEWS
Russia,2005-03-01,2.017594780210768,-0.6535405996047665,ICEWS
Russia,2005-04-01,2.838893021826772,0.5949656446730148,ICEWS
Russia,2005-05-01,2.1923592168501767,-0.38787037243775546,ICEWS
Russia,2005-06-01,2.9941195195360333,0.8309350426910306,ICEWS
Russia,2005-07-01,2.6137324225905516,0.2526850943596214,ICEWS
Russia,2005-08-01,2.641354748357058,0.29467549985848307,ICEWS
Russia,2005-09-01,2.5917151620299936,0.21921529508468296,ICEWS
Russia,2005-10-01,2.898012994882059,0.6848375715577315,ICEWS
Russia,2005-11-01,2.406281424040886,-0.06267399682910078,ICEWS
Russia,2005-12-01,2.8788736884022654,0.6557427282470347,ICEWS
Russia,2006-01-01,1.8510140812230524,-0.9067702211038946,ICEWS
Russia,2006-02-01,2.82250648706464,0.5700554598754168,ICEWS
Russia,2006-03-01,2.8276843451533225,0.5779266421428774,ICEWS
Russia,2006-04-01,2.96474065431023,0.7862744129397248,ICEWS
Russia,2006-05-01,2.4476920147173296,2.768027939965221e-4,ICEWS
Russia,2006-06-01,2.276641055192023,-0.2597483381789702,ICEWS
Russia,2006-07-01,2.1827504968110176,-0.40247718195046356,ICEWS
Russia,2006-08-01,2.7495606939820743,0.45916604901027186,ICEWS
Russia,2006-09-01,1.6371839665744137,-1.2318266011445567,ICEWS
Russia,2006-10-01,2.448562687482559,0.0016003663048259284,ICEWS
Russia,2006-11-01,2.8589178557885973,0.6254066330681339,ICEWS
Russia,2006-12-01,2.7673018997129795,0.4861355529172437,ICEWS
Russia,2007-01-01,1.5469286186680122,-1.3690293366805364,ICEWS
Russia,2007-02-01,2.6821418940955812,0.3566785622790444,ICEWS
Russia,2007-03-01,2.90458166189325,0.6948230084727269,ICEWS
Russia,2007-04-01,3.195549601570919,1.1371413663659844,ICEWS
Russia,2007-05-01,3.040969500280653,0.9021545955161533,ICEWS
Russia,2007-06-01,2.052024792529002,-0.6012014088069197,ICEWS
Russia,2007-07-01,2.405560151548457,-0.06377044774667681,ICEWS
Russia,2007-08-01,3.458330777121672,1.5366112811051489,ICEWS
Russia,2007-09-01,3.476076476842433,1.5635876166039986,ICEWS
Russia,2007-10-01,3.3070570550695706,1.3066507417941515,ICEWS
Russia,2007-11-01,2.761346644063673,0.477082600545399,ICEWS
Russia,2007-12-01,2.808139793221031,0.54821576016039,ICEWS
Russia,2008-01-01,3.3758408708521053,1.4112132735984004,ICEWS
Russia,2008-02-01,2.3038948785961217,-0.21831811590854416,ICEWS
Russia,2008-03-01,2.3355013819352948,-0.17027111570907957,ICEWS
Russia,2008-04-01,2.0994392535909903,-0.5291237545451981,ICEWS
Russia,2008-05-01,2.7043666622482867,0.39046380667659925,ICEWS
Russia,2008-06-01,3.354958503587575,1.379468695801949,ICEWS
Russia,2008-07-01,2.74221837985685,0.44800454327667305,ICEWS
Russia,2008-08-01,2.440494201919659,-0.010665037535957477,ICEWS
Russia,2008-09-01,3.4457996292450694,1.5175619083205163,ICEWS
Russia,2008-10-01,3.173615743114768,1.1037983517873493,ICEWS
Russia,2008-11-01,2.408010042706186,-0.060046216702169045,ICEWS
Russia,2008-12-01,3.1857540224466128,1.1222505008030073,ICEWS
Russia,2009-01-01,2.533469855968301,0.13067300358432712,ICEWS
Russia,2009-02-01,1.166558390826463,-1.9472536412439112,ICEWS
Russia,2009-03-01,2.789332722148055,0.5196259684362715,ICEWS
Russia,2009-04-01,2.8843296263788023,0.6640366369478442,ICEWS
Russia,2009-05-01,2.2954847441462185,-0.23110288134924406,ICEWS
Russia,2009-06-01,2.0433888087452914,-0.6143295017859441,ICEWS
Russia,2009-07-01,2.249415936012431,-0.30113492538272035,ICEWS
Russia,2009-08-01,2.6137387417138935,0.25269470044977355,ICEWS
Russia,2009-09-01,2.3540713686392625,-0.14204173059504321,ICEWS
Russia,2009-10-01,2.347952445478928,-0.1513434840712252,ICEWS
Russia,2009-11-01,2.4911333968741953,0.0663147341259652,ICEWS
Russia,2009-12-01,1.8166525666606113,-0.9590052842274167,ICEWS
Russia,2010-01-01,0.8283583663436218,-2.4613724119731746,ICEWS
Russia,2010-02-01,2.145817945709606,-0.4586206367038706,ICEWS
Russia,2010-03-01,2.3392070667575258,-0.1646378750597663,ICEWS
Russia,2010-04-01,3.2212226437598996,1.176168545359429,ICEWS
Russia,2010-05-01,2.5585333378656365,0.16877355228463367,ICEWS
Russia,2010-06-01,2.129544108570803,-0.48335950287528323,ICEWS
Russia,2010-07-01,1.926195918095571,-0.7924816618018289,ICEWS
Russia,2010-08-01,1.3541761944614272,-1.6620442160842568,ICEWS
Russia,2010-09-01,1.6402729984156623,-1.227130772824039,ICEWS
Russia,2010-10-01,3.0522939502929987,0.9193695922579042,ICEWS
Russia,2010-11-01,2.8596505003769632,0.626520371411968,ICEWS
Russia,2010-12-01,2.354610609143835,-0.14122199775864797,ICEWS
Russia,2011-01-01,2.5748148765233037,0.19352412601111635,ICEWS
Russia,2011-02-01,2.7795784810380635,0.5047979433451021,ICEWS
Russia,2011-03-01,2.6747976909072104,0.3455141848637414,ICEWS
Russia,2011-04-01,2.579432338543727,0.20054341556161,ICEWS
Russia,2011-05-01,1.78823236953364,-1.0022085833198542,ICEWS
Russia,2011-06-01,3.029620293871636,0.8849019650449437,ICEWS
Russia,2011-07-01,2.3778831701495022,-0.10584393865220203,ICEWS
Russia,2011-08-01,1.4790132575039705,-1.4722716769159747,ICEWS
Russia,2011-09-01,2.513844741931033,0.10083965416428951,ICEWS
Russia,2011-10-01,2.4360847650204676,-0.017368095235870632,ICEWS
Russia,2011-11-01,1.2504616948868126,-1.81970704035412,ICEWS
Russia,2011-12-01,0.7547872390586701,-2.573212432028598,ICEWS
Russia,2012-01-01,4.0166666666666675,2.385372193011785,ICEWS
Russia,2012-02-01,2.0670391864576754,-0.5783771001403005,ICEWS
Russia,2012-03-01,1.9561603261837384,-0.7469309121368175,ICEWS
Russia,2012-04-01,1.9403481082337564,-0.7709680424338332,ICEWS
Russia,2012-05-01,2.387227086193231,-0.09163967406781848,ICEWS
Russia,2012-06-01,2.2112375955731416,-0.35917218154538716,ICEWS
Russia,2012-07-01,2.637865660819971,0.28937152213619594,ICEWS
Russia,2012-08-01,2.177359721343443,-0.4106720330919,ICEWS
Russia,2012-09-01,1.557237959950779,-1.3533574694906112,ICEWS
Russia,2012-10-01,0.7758618189831381,-2.5411756598817856,ICEWS
Russia,2012-11-01,2.844103454484646,0.6028863455574397,ICEWS
Russia,2012-12-01,2.030982982563687,-0.6331883653124041,ICEWS
Russia,2013-01-01,2.124710156414068,-0.4907078924692376,ICEWS
Russia,2013-02-01,2.806535715047767,0.5457773017367009,ICEWS
Russia,2013-03-01,2.731143149701577,0.43116840105084203,ICEWS
Russia,2013-04-01,2.4033669379175855,-0.06710448741025891,ICEWS
Russia,2013-05-01,2.691262701479477,0.37054366559308893,ICEWS
Russia,2013-06-01,1.2763028227930864,-1.7804243438677831,ICEWS
Russia,2013-07-01,1.6371709969529569,-1.2318463170681448,ICEWS
Russia,2013-08-01,2.412742306454369,-0.05285240994623265,ICEWS
Russia,2013-09-01,2.563903189140498,0.1769365952668228,ICEWS
Russia,2013-10-01,2.624961307359481,0.2697548164653197,ICEWS
Russia,2013-11-01,3.499548529048747,1.5992689346206252,ICEWS
Russia,2013-12-01,3.0431804382508822,0.9055155790440259,ICEWS
Russia,2014-01-01,4.351529502161638,2.894417896396482,ICEWS
Russia,2014-02-01,2.6323678687098067,0.28101398837869596,ICEWS
Russia,2014-03-01,1.0555665896555515,-2.1159791416819247,ICEWS
Russia,2014-04-01,3.0877142726668705,0.9732142146098257,ICEWS
Russia,2014-05-01,3.845262845710849,2.124810645558156,ICEWS
Russia,2014-06-01,3.309134676493903,1.309809062596617,ICEWS
Russia,2014-07-01,2.373878077156556,-0.111932328176533,ICEWS
Russia,2014-08-01,3.4621576525407427,1.5424287510748664,ICEWS
Russia,2014-09-01,2.713352811411916,0.40412420770306107,ICEWS
Russia,2014-10-01,2.882932876096026,0.6619133504711663,ICEWS
Russia,2014-11-01,2.8425716805515204,0.600557801280313,ICEWS
Russia,2014-12-01,2.132796367244511,-0.4784155433531715,ICEWS
Russia,2015-01-01,2.58699627964417,0.21204183016514197,ICEWS
Russia,2015-02-01,2.625117043979248,0.26999156133142294,ICEWS
Russia,2015-03-01,2.5375574195399935,0.13688676173520195,ICEWS
Russia,2015-04-01,3.896385709108486,2.2025256715293824,ICEWS
Russia,2015-05-01,3.5087043928313104,1.6131873293340915,ICEWS
Russia,2015-06-01,2.802066842777382,0.5389838926536895,ICEWS
Russia,2015-07-01,4.362466046431825,2.9110432136323774,ICEWS
Russia,2015-08-01,3.5637094118177526,1.6968038600794468,ICEWS
Russia,2015-09-01,2.767272389369044,0.4860906924185753,ICEWS
Russia,2015-10-01,2.4143266079982073,-0.050444015199874875,ICEWS
Russia,2015-11-01,2.0040378052161376,-0.6741493956263064,ICEWS
Russia,2015-12-01,3.238792150771193,1.2028770394252644,ICEWS
Russia,2016-01-01,4.413747632328539,2.988999523489485,ICEWS
Russia,2016-02-01,2.763351849886506,0.480130837914011,ICEWS
Russia,2016-03-01,2.371192412448135,-0.11601497317514253,ICEWS
Russia,2016-04-01,2.635851732314819,0.28631002487880075,ICEWS
Russia,2016-05-01,2.69010740542061,0.3687874286131499,ICEWS
Russia,2016-06-01,2.7755201377968284,0.4986286048254738,ICEWS
Russia,2016-07-01,2.701525115214064,0.3861441953151335,ICEWS
Russia,2016-08-01,2.5364528534471855,0.13520764251369383,ICEWS
Russia,2016-09-01,2.283558384230675,-0.24923287855557205,ICEWS
Russia,2016-10-01,3.3904128984807578,1.4333651138974415,ICEWS
Russia,2016-11-01,3.002935236980994,0.8443363599228382,ICEWS
Russia,2016-12-01,2.532013898726081,0.12845971294737646,ICEWS
Russia,2017-01-01,2.102266028285385,-0.524826599530993,ICEWS
Russia,2017-02-01,1.5659039232003489,-1.3401838028716726,ICEWS
Russia,2017-03-01,2.9650753113417956,0.78678314578783,ICEWS
Russia,2017-04-01,2.7922297595617387,0.5240299341549531,ICEWS
Russia,2017-05-01,2.6215192733739947,0.26452236775650456,ICEWS
Russia,2017-06-01,2.9865914959403383,0.8194912285075223,ICEWS
Russia,2017-07-01,2.753965818062703,0.465862550527993,ICEWS
Russia,2017-08-01,3.1177584057710774,1.0188861592017309,ICEWS
Russia,2017-09-01,2.960615804879394,0.7800039742486943,ICEWS
Russia,2017-10-01,3.1665753727983343,1.0930958495090053,ICEWS
Russia,2017-11-01,2.38062773037419,-0.10167176293735217,ICEWS
Russia,2017-12-01,2.4420105468320727,-0.008359947867309876,ICEWS
Russia,2018-01-01,2.9366693375754256,0.7436014685053827,ICEWS
Russia,2018-02-01,2.1721561862394196,-0.41858224857818743,ICEWS
Russia,2018-03-01,2.929329296720473,0.7324434185104981,ICEWS
Russia,2018-04-01,2.441057542529741,-0.009808668638882101,ICEWS
Russia,2018-05-01,3.491987146138854,1.587774408880741,ICEWS
Russia,2018-06-01,2.292747222995416,-0.235264356532601,ICEWS
Russia,2018-07-01,2.568700859830443,0.18422983115954641,ICEWS
Russia,2018-08-01,3.091219995541108,0.9785434807368064,ICEWS
Russia,2018-09-01,2.801632540812575,0.5383236833807499,ICEWS
Russia,2018-10-01,3.394719421679562,1.4399117261174497,ICEWS
Russia,2018-11-01,2.632066218584617,0.28055543137004424,ICEWS
Russia,2018-12-01,2.252995018123064,-0.2956941413441285,ICEWS
Russia,2019-01-01,2.5616686184019386,0.17353968610641518,ICEWS
Russia,2019-02-01,2.682966298766118,0.35793179079801907,ICEWS
Russia,2019-03-01,2.9242856352568154,0.724776236831149,ICEWS
Russia,2019-04-01,2.2439672865108538,-0.30941775442204134,ICEWS
Russia,2019-05-01,2.605501764191862,0.24017316156275834,ICEWS
Russia,2019-06-01,2.659531396997817,0.3223069474595137,ICEWS
Russia,2019-07-01,2.197634249272566,-0.3798514694565896,ICEWS
Russia,2019-08-01,1.9170225517564816,-0.806426663233788,ICEWS
Russia,2019-09-01,2.7829267424636495,0.5098878425869331,ICEWS
Russia,2019-10-01,2.8094523188237535,0.5502110114926579,ICEWS
Russia,2019-11-01,3.5302849756296464,1.6459933077395261,ICEWS
Russia,2019-12-01,2.094657481288916,-0.5363928223153999,ICEWS
South Korea,2002-01-01,1.974866597536467,-0.2846777137804566,ICEWS
South Korea,2002-02-01,3.0600699261299447,0.6371439701702046,ICEWS
South Korea,2002-03-01,1.6994791236097857,-0.5186045164958845,ICEWS
South Korea,2002-04-01,2.4040225092251006,0.07986708143588128,ICEWS
South Korea,2002-05-01,1.5718057692191714,-0.6270561434297286,ICEWS
South Korea,2002-06-01,-0.29315725787184377,-2.211241625395541,ICEWS
South Korea,2002-07-01,1.7335699384272196,-0.4896462084127462,ICEWS
South Korea,2002-08-01,2.4610739498335423,0.12832920246682938,ICEWS
South Korea,2002-09-01,2.4618265029638007,0.12896845575284374,ICEWS
South Korea,2002-10-01,2.792367442330318,0.4097451519839503,ICEWS
South Korea,2002-11-01,3.4617185440287077,0.9783228032537421,ICEWS
South Korea,2002-12-01,1.9788217080497397,-0.28131806076660026,ICEWS
South Korea,2003-01-01,1.0104964464275152,-1.1038581320705507,ICEWS
South Korea,2003-02-01,2.327897317570704,0.01520283786700615,ICEWS
South Korea,2003-03-01,2.697134095478093,0.3288495614061394,ICEWS
South Korea,2003-04-01,2.675993943470184,0.31089214272759425,ICEWS
South Korea,2003-05-01,-0.74250699491175,-2.5929399858472917,ICEWS
South Korea,2003-06-01,2.654222987347172,0.2923988899833901,ICEWS
South Korea,2003-07-01,2.0529456556067043,-0.21835376609696236,ICEWS
South Korea,2003-08-01,2.566910547065902,0.21823168222681266,ICEWS
South Korea,2003-09-01,2.169598673759708,-0.11926332028059906,ICEWS
South Korea,2003-10-01,2.433864915307492,0.10521659548838973,ICEWS
South Korea,2003-11-01,1.8964808607215815,-0.35126216851306746,ICEWS
South Korea,2003-12-01,2.0165103774323825,-0.24930356932452494,ICEWS
South Korea,2004-01-01,2.0705151654637,-0.20342941529944414,ICEWS
South Korea,2004-02-01,2.216075334478475,-0.07978390428608122,ICEWS
South Korea,2004-03-01,2.0966021676175473,-0.18126991429067754,ICEWS
South Korea,2004-04-01,2.5014875071200624,0.16265833918315437,ICEWS
South Korea,2004-05-01,0.560294290044407,-1.4862805767687082,ICEWS
South Korea,2004-06-01,1.9391039341774656,-0.3150561670080957,ICEWS
South Korea,2004-07-01,2.8026547530623507,0.41848366747912186,ICEWS
South Korea,2004-08-01,1.531934384579488,-0.6609247337312663,ICEWS
South Korea,2004-09-01,1.2083459055148786,-0.9357956900017226,ICEWS
South Korea,2004-10-01,2.226778283511578,-0.07069232647667605,ICEWS
South Korea,2004-11-01,3.408570897316393,0.9331767445387732,ICEWS
South Korea,2004-12-01,1.9441821938486343,-0.3107424593753677,ICEWS
South Korea,2005-01-01,0.07797322195749246,-1.8959863042336447,ICEWS
South Korea,2005-02-01,1.6878952549805335,-0.5284443879790659,ICEWS
South Korea,2005-03-01,2.443836276307243,0.1136867287305942,ICEWS
South Korea,2005-04-01,2.3218022491190258,0.010025406029229904,ICEWS
South Korea,2005-05-01,2.574094973357944,0.22433446478216423,ICEWS
South Korea,2005-06-01,2.9088072539478063,0.5086544903502902,ICEWS
South Korea,2005-07-01,2.5033576694047976,0.1642469411540035,ICEWS
South Korea,2005-08-01,2.485898357733717,0.14941619777053572,ICEWS
South Korea,2005-09-01,2.905433334757525,0.5057885280116661,ICEWS
South Korea,2005-10-01,2.53847603110016,0.194078094876657,ICEWS
South Korea,2005-11-01,2.744046806805807,0.3686993788692448,ICEWS
South Korea,2005-12-01,1.7572320340084104,-0.46954653472051244,ICEWS
South Korea,2006-01-01,2.1121950335847757,-0.16802461584309789,ICEWS
South Korea,2006-02-01,0.18537177532869545,-1.8047570269968862,ICEWS
South Korea,2006-03-01,3.021881975504181,0.6047053662469272,ICEWS
South Korea,2006-04-01,1.3892014991072197,-0.7821686198993224,ICEWS
South Korea,2006-05-01,2.143443464285914,-0.14148075972806592,ICEWS
South Korea,2006-06-01,2.91436793141974,0.5133779858796745,ICEWS
South Korea,2006-07-01,2.3370852275647724,0.023007471744877325,ICEWS
South Korea,2006-08-01,2.773746528882091,0.393927690555969,ICEWS
South Korea,2006-09-01,2.012939183005164,-0.252337106334479,ICEWS
South Korea,2006-10-01,1.9620720617595568,-0.2955459816934612,ICEWS
South Korea,2006-11-01,2.900644983757367,0.5017210821551982,ICEWS
South Korea,2006-12-01,1.84410731774118,-0.395750667868511,ICEWS
South Korea,2007-01-01,1.774163776494451,-0.45516393289885176,ICEWS
South Korea,2007-02-01,2.405045717653845,0.08073624179686197,ICEWS
South Korea,2007-03-01,3.1746461883690156,0.7344703238728647,ICEWS
South Korea,2007-04-01,2.7426269733687008,0.36749330696047255,ICEWS
South Korea,2007-05-01,2.2512362997417643,-0.04991656113081741,ICEWS
South Korea,2007-06-01,2.818952514216109,0.4323277363605317,ICEWS
South Korea,2007-07-01,2.398275309082861,0.0749851449604492,ICEWS
South Korea,2007-08-01,2.331126086553649,0.017945502934946494,ICEWS
South Korea,2007-09-01,2.8292575609059956,0.4410813175950948,ICEWS
South Korea,2007-10-01,3.4084506413570423,0.9330745935887781,ICEWS
South Korea,2007-11-01,2.6986353745200287,0.33012481696245116,ICEWS
South Korea,2007-12-01,2.444780540339151,0.11448883008529202,ICEWS
South Korea,2008-01-01,2.5310822034864167,0.18779743719513697,ICEWS
South Korea,2008-02-01,2.266652474109872,-0.03682135266467247,ICEWS
South Korea,2008-03-01,2.402188962817446,0.07830958267728776,ICEWS
South Korea,2008-04-01,1.823719758959193,-0.41306879920193834,ICEWS
South Korea,2008-05-01,2.3777111827308524,0.05751702900161586,ICEWS
South Korea,2008-06-01,2.8807722929094925,0.4848403033561121,ICEWS
South Korea,2008-07-01,3.1963383447094618,0.7528966404528076,ICEWS
South Korea,2008-08-01,2.986793579770747,0.5748996669923517,ICEWS
South Korea,2008-09-01,1.4447005366808678,-0.7350251814986223,ICEWS
South Korea,2008-10-01,2.0392327451321073,-0.23000214377190126,ICEWS
South Korea,2008-11-01,3.6595935491616576,1.1464069453101582,ICEWS
South Korea,2008-12-01,1.9566264100962003,-0.30017176900378056,ICEWS
South Korea,2009-01-01,2.55294299338858,0.20636699888844878,ICEWS
South Korea,2009-02-01,3.0806410687547583,0.6546180460742774,ICEWS
South Korea,2009-03-01,3.3945755814932905,0.921288478755259,ICEWS
South Korea,2009-04-01,2.400290456872659,0.07669690429628584,ICEWS
South Korea,2009-05-01,3.044670344063629,0.6240628559693236,ICEWS
South Korea,2009-06-01,2.3477793682713717,0.03209156735610219,ICEWS
South Korea,2009-07-01,2.3392372906772056,0.024835533261093362,ICEWS
South Korea,2009-08-01,2.59595975053716,0.24290741345222971,ICEWS
South Korea,2009-09-01,3.3586720980974363,0.8907904065031611,ICEWS
South Korea,2009-10-01,1.9816468217106884,-0.2789182791186181,ICEWS
South Korea,2009-11-01,0.6622425993482235,-1.3996809878417453,ICEWS
South Korea,2009-12-01,3.204855652412304,0.7601316338614033,ICEWS
South Korea,2010-01-01,2.7731070130240116,0.3933844563346254,ICEWS
South Korea,2010-02-01,2.005168354562997,-0.25893800588160304,ICEWS
South Korea,2010-03-01,2.390918102624772,0.06873559497504828,ICEWS
South Korea,2010-04-01,2.5966873509552393,0.243525470755377,ICEWS
South Korea,2010-05-01,2.732674783825951,0.35903945883674426,ICEWS
South Korea,2010-06-01,1.2395834518368378,-0.9092610795796215,ICEWS
South Korea,2010-07-01,0.02751672119389958,-1.938846379644984,ICEWS
South Korea,2010-08-01,1.3259339648768798,-0.8359109771211786,ICEWS
South Korea,2010-09-01,1.8830650144725372,-0.3626582061541849,ICEWS
South Korea,2010-10-01,1.8490661949706677,-0.3915383691796416,ICEWS
South Korea,2010-11-01,1.3637615016152471,-0.8037785253519214,ICEWS
South Korea,2010-12-01,0.43002057910916847,-1.5969410663052357,ICEWS
South Korea,2011-01-01,2.696430604508498,0.32825198377884174,ICEWS
South Korea,2011-02-01,3.059234736373556,0.6364345215283077,ICEWS
South Korea,2011-03-01,2.9538209982615857,0.5468912377790264,ICEWS
South Korea,2011-04-01,1.5936232567154498,-0.6085233647941721,ICEWS
South Korea,2011-05-01,2.19064836493731,-0.1013827431972908,ICEWS
South Korea,2011-06-01,2.211208463137927,-0.08391804893575706,ICEWS
South Korea,2011-07-01,3.070178389927648,0.6457305648429562,ICEWS
South Korea,2011-08-01,2.362169073052998,0.04431484528369943,ICEWS
South Korea,2011-09-01,1.6826551760057882,-0.5328955523804826,ICEWS
South Korea,2011-10-01,1.3496457145265577,-0.8157691249764634,ICEWS
South Korea,2011-11-01,1.455471663445623,-0.7258756903841768,ICEWS
South Korea,2011-12-01,2.094227927156261,-0.18328670347889647,ICEWS
South Korea,2012-01-01,0.8809837829294977,-1.2138721528655432,ICEWS
South Korea,2012-02-01,1.1369871205760376,-0.9964111282000669,ICEWS
South Korea,2012-03-01,1.6529304783124346,-0.5581450795065426,ICEWS
South Korea,2012-04-01,0.5748835100641561,-1.4738878214096158,ICEWS
South Korea,2012-05-01,2.449090520187763,0.11814992545530943,ICEWS
South Korea,2012-06-01,0.6186086847037622,-1.4367456444043538,ICEWS
South Korea,2012-07-01,1.4227554501184496,-0.753666348657251,ICEWS
South Korea,2012-08-01,1.008993520960507,-1.1051347861761416,ICEWS
South Korea,2012-09-01,1.770249001975401,-0.45848932266163017,ICEWS
South Korea,2012-10-01,0.23548697783409267,-1.762186866043796,ICEWS
South Korea,2012-11-01,1.6164032276915528,-0.5891730083658012,ICEWS
South Korea,2012-12-01,1.227668057448133,-0.919382564310569,ICEWS
South Korea,2013-01-01,2.2780724173396667,-0.027120726965012554,ICEWS
South Korea,2013-02-01,2.647573161962896,0.28675022205895967,ICEWS
South Korea,2013-03-01,1.6096136983967746,-0.5949403472255673,ICEWS
South Korea,2013-04-01,2.206282446339367,-0.0881024344612819,ICEWS
South Korea,2013-05-01,1.7323515143759636,-0.4906811939137127,ICEWS
South Korea,2013-06-01,3.058795740614668,0.6360616183137281,ICEWS
South Korea,2013-07-01,2.404475081258477,0.08025151696323694,ICEWS
South Korea,2013-08-01,2.68101295648661,0.3151555235233099,ICEWS
South Korea,2013-09-01,2.765212224878029,0.3866782597063901,ICEWS
South Korea,2013-10-01,1.7030259046978458,-0.5155917173005139,ICEWS
South Korea,2013-11-01,2.430197036328364,0.10210093016745023,ICEWS
South Korea,2013-12-01,2.800964674998845,0.4170480373391662,ICEWS
South Korea,2014-01-01,2.6755205578657666,0.3104900271944734,ICEWS
South Korea,2014-02-01,2.395279498641308,0.07244036560595855,ICEWS
South Korea,2014-03-01,2.0440542716796415,-0.22590651707766565,ICEWS
South Korea,2014-04-01,2.1309265687686363,-0.1521131872184297,ICEWS
South Korea,2014-05-01,2.8283771383015903,0.4403334460889937,ICEWS
South Korea,2014-06-01,2.8744391025612153,0.47946059981318645,ICEWS
South Korea,2014-07-01,3.08100102793823,0.6549238119818438,ICEWS
South Korea,2014-08-01,1.5549264132797358,-0.6413942457061563,ICEWS
South Korea,2014-09-01,3.335912310307185,0.8714571946023445,ICEWS
South Korea,2014-10-01,1.509664084630094,-0.6798421521177769,ICEWS
South Korea,2014-11-01,2.752193840027807,0.3756198440816394,ICEWS
South Korea,2014-12-01,1.6360727558525614,-0.5724648053091478,ICEWS
South Korea,2015-01-01,2.0833066196885444,-0.19256376499867825,ICEWS
South Korea,2015-02-01,2.4679676846102208,0.13418505826187502,ICEWS
South Korea,2015-03-01,2.020797880997529,-0.24566156634477876,ICEWS
South Korea,2015-04-01,1.0195834792920682,-1.0961391878721634,ICEWS
South Korea,2015-05-01,3.112779825023921,0.6819181857287675,ICEWS
South Korea,2015-06-01,2.6469930013230716,0.28625740689347545,ICEWS
South Korea,2015-07-01,1.6779963261169415,-0.5368529940291147,ICEWS
South Korea,2015-08-01,3.2915975548828253,0.8338142005266717,ICEWS
South Korea,2015-09-01,3.2717062862256068,0.8169176408807686,ICEWS
South Korea,2015-10-01,3.020231643743097,0.6033034984466767,ICEWS
South Korea,2015-11-01,2.8137299684206365,0.42789146544904105,ICEWS
South Korea,2015-12-01,1.2517775896712209,-0.8989028173290011,ICEWS
South Korea,2016-01-01,2.4516889065468153,0.12035711449163534,ICEWS
South Korea,2016-02-01,1.46376449101923,-0.7188313807352902,ICEWS
South Korea,2016-03-01,1.393838471555437,-0.778229761956278,ICEWS
South Korea,2016-04-01,1.2948549068047157,-0.8623109603250771,ICEWS
South Korea,2016-05-01,1.828003634700904,-0.40942987786248963,ICEWS
South Korea,2016-06-01,0.9274976656936323,-1.1743611187515108,ICEWS
South Korea,2016-07-01,0.5590160946812315,-1.487366334774655,ICEWS
South Korea,2016-08-01,1.084389850385394,-1.0410896717511529,ICEWS
South Korea,2016-09-01,-0.05277028039539644,-2.0070458562355307,ICEWS
South Korea,2016-10-01,-0.36715242460645214,-2.2740965277039527,ICEWS
South Korea,2016-11-01,1.1751342957679718,-0.9640071608081068,ICEWS
South Korea,2016-12-01,1.856798286349692,-0.3849703746779011,ICEWS
South Korea,2017-01-01,0.8031655457061984,-1.27997454731012,ICEWS
South Korea,2017-02-01,-1.263732152141177,-3.03569263827181,ICEWS
South Korea,2017-03-01,-0.7777491875873981,-2.6228763273073623,ICEWS
South Korea,2017-04-01,-0.4240794369531304,-2.32245295363909,ICEWS
South Korea,2017-05-01,1.053159549665537,-1.067618127425148,ICEWS
South Korea,2017-06-01,-0.5523946523469743,-2.431449806868569,ICEWS
South Korea,2017-07-01,0.6744615183618752,-1.3893016753162117,ICEWS
South Korea,2017-08-01,1.5820927826038904,-0.6183178805150586,ICEWS
South Korea,2017-09-01,0.2849777314904589,-1.7201471407006856,ICEWS
South Korea,2017-10-01,1.2860285169756072,-0.8698085023258184,ICEWS
South Korea,2017-11-01,2.0871541358147283,-0.18929550761223704,ICEWS
South Korea,2017-12-01,1.5059274413819672,-0.6830162289755907,ICEWS
South Korea,2018-01-01,2.346565077173411,0.031060092575998628,ICEWS
South Korea,2018-02-01,2.4606371399782656,0.12795815605944386,ICEWS
South Korea,2018-03-01,2.1768928864462236,-0.11306728010581192,ICEWS
South Korea,2018-04-01,2.6627323288042017,0.29962711649592494,ICEWS
South Korea,2018-05-01,2.721111969954917,0.34921747223482363,ICEWS
South Korea,2018-06-01,3.015691549535618,0.599446933342829,ICEWS
South Korea,2018-07-01,1.4575429393168005,-0.7241162532711615,ICEWS
South Korea,2018-08-01,0.5860477227412719,-1.4644044250185073,ICEWS
South Korea,2018-09-01,1.140227072785896,-0.9936589635841674,ICEWS
South Korea,2018-10-01,2.8037461224221563,0.41941072687394704,ICEWS
South Korea,2018-11-01,2.4856794901494457,0.14923028156499224,ICEWS
South Korea,2018-12-01,1.8440751954113177,-0.39577795405481897,ICEWS
South Korea,2019-01-01,2.4376755599787128,0.1084535325629519,ICEWS
South Korea,2019-02-01,2.333333333333334,0.019820439999488144,ICEWS
South Korea,2019-03-01,1.9121133236857,-0.3379832345527771,ICEWS
South Korea,2019-04-01,1.0227378424246911,-1.0934597265600836,ICEWS
South Korea,2019-05-01,2.1394062022902567,-0.14491019599436503,ICEWS
South Korea,2019-06-01,2.1541439241108833,-0.13239129636668462,ICEWS
South Korea,2019-07-01,1.816396306838321,-0.4192896766988254,ICEWS
South Korea,2019-08-01,2.1314496529617983,-0.15166885541527023,ICEWS
South Korea,2019-09-01,3.178894540644297,0.7380790699439732,ICEWS
South Korea,2019-10-01,3.474671292209253,0.9893254640685174,ICEWS
South Korea,2019-11-01,2.1802957860422705,-0.11017670047590179,ICEWS
South Korea,2019-12-01,3.128885115040017,0.6955987607620135,ICEWS
United Kingdom,2002-01-01,2.6627356103114668,0.9715208443823915,ICEWS
United Kingdom,2002-02-01,-0.9999999999999982,-1.6954951277614105,ICEWS
United Kingdom,2002-03-01,1.3014571537585429,-0.01969221941097968,ICEWS
United Kingdom,2002-04-01,1.8034607794591275,0.34584104049682657,ICEWS
United Kingdom,2002-05-01,2.574112576415521,0.9069901023231169,ICEWS
United Kingdom,2002-06-01,3.1999999999999993,1.362729181814522,ICEWS
United Kingdom,2002-07-01,2.561953592069644,0.8981365543454229,ICEWS
United Kingdom,2002-08-01,1.168045055071726,-0.11683605831468605,ICEWS
United Kingdom,2002-09-01,1.5471135846535802,0.15918217791446404,ICEWS
United Kingdom,2002-10-01,2.192952015238614,0.629448556122445,ICEWS
United Kingdom,2002-11-01,2.5751725634644984,0.9077619304566927,ICEWS
United Kingdom,2002-12-01,1.4799999999999986,0.11031351217866277,ICEWS
United Kingdom,2003-01-01,1.7763568394002505e-15,-0.9673464826242832,ICEWS
United Kingdom,2003-02-01,0.02566924257682679,-0.9486554584202719,ICEWS
United Kingdom,2003-03-01,1.2271859025472498,-0.07377273035312196,ICEWS
United Kingdom,2003-04-01,0.651874745950014,-0.4926847695616728,ICEWS
United Kingdom,2003-05-01,1.072072686032449,-0.18671820880123602,ICEWS
United Kingdom,2003-06-01,1.2502525983277335,-0.056976747072772456,ICEWS
United Kingdom,2003-07-01,2.2661673372750943,0.6827601936665866,ICEWS
United Kingdom,2003-08-01,1.5000000000000018,0.12487648508140758,ICEWS
United Kingdom,2003-09-01,1.3857799053748536,0.041707277932671497,ICEWS
United Kingdom,2003-10-01,0.34999999999999964,-0.7124944568262903,ICEWS
United Kingdom,2003-11-01,1.8911184831403869,0.4096688786681673,ICEWS
United Kingdom,2003-12-01,1.4061380105728087,0.05653100465012162,ICEWS
United Kingdom,2004-01-01,0.4958091159662743,-0.6063237465868051,ICEWS
United Kingdom,2004-02-01,1.6373446998596712,0.22488384220099128,ICEWS
United Kingdom,2004-03-01,-0.2131076230517408,-1.1225205096178033,ICEWS
United Kingdom,2004-04-01,0.6384927952764468,-0.5024288188139227,ICEWS
United Kingdom,2004-05-01,1.5830127418273945,0.1853221005721417,ICEWS
United Kingdom,2004-06-01,0.996598933464078,-0.24167431947731013,ICEWS
United Kingdom,2004-07-01,-1.5835225716065828,-2.120386297683677,ICEWS
United Kingdom,2004-08-01,3.6000000000000014,1.6539886398693744,ICEWS
United Kingdom,2004-09-01,-0.38408090678690954,-1.247014474524212,ICEWS
United Kingdom,2004-10-01,2.382321133238939,0.7673374228251946,ICEWS
United Kingdom,2004-11-01,0.926304654675114,-0.29285900333838577,ICEWS
United Kingdom,2004-12-01,2.569484652913051,0.903620286094995,ICEWS
United Kingdom,2005-01-01,2.360085028346184,0.7511462331744077,ICEWS
United Kingdom,2005-02-01,1.66121270661408,0.24226329898133786,ICEWS
United Kingdom,2005-03-01,1.2878971559752408,-0.02956591342495354,ICEWS
United Kingdom,2005-04-01,2.140106805132593,0.5909693879817589,ICEWS
United Kingdom,2005-05-01,2.36125044609655,0.7519948305303555,ICEWS
United Kingdom,2005-06-01,2.695485457937723,0.9953676015598973,ICEWS
United Kingdom,2005-07-01,1.3524939946929564,0.017470187167492594,ICEWS
United Kingdom,2005-08-01,3.174027225623899,1.3438171413421123,ICEWS
United Kingdom,2005-09-01,2.65207458644611,0.9637580342990576,ICEWS
United Kingdom,2005-10-01,1.8598331158457435,0.38688848085995536,ICEWS
United Kingdom,2005-11-01,2.3047395930751176,0.7108465294672562,ICEWS
United Kingdom,2005-12-01,1.498791699230674,0.12399666251330344,ICEWS
United Kingdom,2006-01-01,2.4630459451757147,0.8261170852659071,ICEWS
United Kingdom,2006-02-01,3.0479257508953914,1.2519965233687558,ICEWS
United Kingdom,2006-03-01,0.6076017519666408,-0.5249220901468302,ICEWS
United Kingdom,2006-04-01,2.0673316802886568,0.5379782794269615,ICEWS
United Kingdom,2006-05-01,2.0858072086143107,0.551431210345479,ICEWS
United Kingdom,2006-06-01,0.9411600326774234,-0.2820420799730043,ICEWS
United Kingdom,2006-07-01,0.5940189168070766,-0.5348124131653877,ICEWS
United Kingdom,2006-08-01,1.383052730785133,0.039721489450114035,ICEWS
United Kingdom,2006-09-01,2.3912384328690788,0.7738305424691625,ICEWS
United Kingdom,2006-10-01,2.600330699500267,0.9260807931253132,ICEWS
United Kingdom,2006-11-01,2.8470721187324664,1.105745223238451,ICEWS
United Kingdom,2006-12-01,2.9483024131509836,1.179455924966127,ICEWS
United Kingdom,2007-01-01,1.1929791480771854,-0.09868033227503771,ICEWS
United Kingdom,2007-02-01,0.6269200714327798,-0.5108554820012349,ICEWS
United Kingdom,2007-03-01,2.9808572731034566,1.203160702133149,ICEWS
United Kingdom,2007-04-01,2.342344011055909,0.7382281354711396,ICEWS
United Kingdom,2007-05-01,2.5879042605022917,0.9170324984050583,ICEWS
United Kingdom,2007-06-01,1.927642224064403,0.4362635911373292,ICEWS
United Kingdom,2007-07-01,1.9514677326374577,0.4536121029245019,ICEWS
United Kingdom,2007-08-01,2.100576276587823,0.5621852871803302,ICEWS
United Kingdom,2007-09-01,0.1436589014940992,-0.8627414481394682,ICEWS
United Kingdom,2007-10-01,-0.3224849611450171,-1.202163470159128,ICEWS
United Kingdom,2007-11-01,0.4657021211409482,-0.6282461140780168,ICEWS
United Kingdom,2007-12-01,1.5081358765993862,0.13080061260425221,ICEWS
United Kingdom,2008-01-01,3.0434984938193583,1.2487728221271686,ICEWS
United Kingdom,2008-02-01,1.656793772616945,0.23904565817837362,ICEWS
United Kingdom,2008-03-01,1.6379025781417074,0.22529006051620734,ICEWS
United Kingdom,2008-04-01,0.8408380134213473,-0.35509142237173685,ICEWS
United Kingdom,2008-05-01,1.720416253287274,0.2853722812787367,ICEWS
United Kingdom,2008-06-01,2.4759341239768986,0.8355015951982742,ICEWS
United Kingdom,2008-07-01,-0.08278260971274598,-1.0276245277275362,ICEWS
United Kingdom,2008-08-01,-0.7685588492670217,-1.5269715674262159,ICEWS
United Kingdom,2008-09-01,1.531210049259336,0.14760204016425474,ICEWS
United Kingdom,2008-10-01,0.3499543225969699,-0.7125277167654197,ICEWS
United Kingdom,2008-11-01,1.8791842436157855,0.4009789783275869,ICEWS
United Kingdom,2008-12-01,-0.5759157058001723,-1.3866987235158723,ICEWS
United Kingdom,2009-01-01,1.197324530546812,-0.09551624791717642,ICEWS
United Kingdom,2009-02-01,1.760697423267084,0.3147029606240737,ICEWS
United Kingdom,2009-03-01,1.506277897386875,0.12944772755796916,ICEWS
United Kingdom,2009-04-01,1.5974082325751071,0.1958041576561727,ICEWS
United Kingdom,2009-05-01,1.771775098964202,0.3227691551741987,ICEWS
United Kingdom,2009-06-01,1.3454058642445332,0.012308974584918055,ICEWS
United Kingdom,2009-07-01,0.1364392895516069,-0.8679983987938098,ICEWS
United Kingdom,2009-08-01,1.4330784771182987,0.07614766886458225,ICEWS
United Kingdom,2009-09-01,3.005824862350492,1.2213408184157182,ICEWS
United Kingdom,2009-10-01,1.346436745233552,0.013059609180369651,ICEWS
United Kingdom,2009-11-01,1.4886997919709586,0.1166482539152921,ICEWS
United Kingdom,2009-12-01,-0.19433275202043457,-1.1088496127137333,ICEWS
United Kingdom,2010-01-01,-0.06331491351572183,-1.0134491511177317,ICEWS
United Kingdom,2010-02-01,2.790860517286193,1.064814821804359,ICEWS
United Kingdom,2010-03-01,1.4088083827336106,0.05847543252102143,ICEWS
United Kingdom,2010-04-01,2.875316256190782,1.1263111536617905,ICEWS
United Kingdom,2010-05-01,3.2564428714395373,1.4038279821808706,ICEWS
United Kingdom,2010-06-01,2.32361414495401,0.7245900088454423,ICEWS
United Kingdom,2010-07-01,0.8141274721979368,-0.37454066677444264,ICEWS
United Kingdom,2010-08-01,3.482074449566774,1.5681213100943698,ICEWS
United Kingdom,2010-09-01,0.9794873805337828,-0.2541340735596968,ICEWS
United Kingdom,2010-10-01,2.9905182436629723,1.21019532475677,ICEWS
United Kingdom,2010-11-01,1.9897079103161417,0.48145663649103865,ICEWS
United Kingdom,2010-12-01,2.9405931165583574,1.1738424110972459,ICEWS
United Kingdom,2011-01-01,3.053048285396809,1.255726489925631,ICEWS
United Kingdom,2011-02-01,0.3715748279883879,-0.6967847750574787,ICEWS
United Kingdom,2011-03-01,-1.4780611203876202,-2.043594684864394,ICEWS
United Kingdom,2011-04-01,1.2541054124103734,-0.05417132571853295,ICEWS
United Kingdom,2011-05-01,1.3411455551431928,0.009206836284911632,ICEWS
United Kingdom,2011-06-01,1.3958406635219929,0.049033005346563255,ICEWS
United Kingdom,2011-07-01,-3.0336841894022477,-3.1763195149114556,ICEWS
United Kingdom,2011-08-01,0.526403878503503,-0.5840462116970299,ICEWS
United Kingdom,2011-09-01,2.275014801995251,0.6892024631154674,ICEWS
United Kingdom,2011-10-01,0.6175168638988655,-0.5177024148269979,ICEWS
United Kingdom,2011-11-01,0.539837488666091,-0.5742645466578411,ICEWS
United Kingdom,2011-12-01,2.5667234619090245,0.9016097286064484,ICEWS
United Kingdom,2012-01-01,2.5940259507869587,0.9214899988917877,ICEWS
United Kingdom,2012-02-01,-0.1743615411433499,-1.0943076025718361,ICEWS
United Kingdom,2012-03-01,2.349554128211972,0.743478172509607,ICEWS
United Kingdom,2012-04-01,0.9330875633830829,-0.28792003755258944,ICEWS
United Kingdom,2012-05-01,0.19389692859872376,-0.8261606967688735,ICEWS
United Kingdom,2012-06-01,2.248839698349922,0.6701430968597971,ICEWS
United Kingdom,2012-07-01,1.035610372022754,-0.21326819334595987,ICEWS
United Kingdom,2012-08-01,-4.568005528988211,-4.2935335195359565,ICEWS
United Kingdom,2012-09-01,-0.8842489036431349,-1.6112111237760234,ICEWS
United Kingdom,2012-10-01,1.7503805660382683,0.30719075501083837,ICEWS
United Kingdom,2012-11-01,1.7381037095826226,0.29825137861611695,ICEWS
United Kingdom,2012-12-01,1.6198204111570558,0.21212355512519,ICEWS
United Kingdom,2013-01-01,-0.4049205382295451,-1.2621888239243242,ICEWS
United Kingdom,2013-02-01,-0.916853000681046,-1.6349517528600979,ICEWS
United Kingdom,2013-03-01,2.5641485942134192,0.8997348421824861,ICEWS
United Kingdom,2013-04-01,0.7841766804848191,-0.39634929518113354,ICEWS
United Kingdom,2013-05-01,1.12126974631836,-0.15089543600932032,ICEWS
United Kingdom,2013-06-01,-1.9082221710817375,-2.356815871118079,ICEWS
United Kingdom,2013-07-01,-0.44444444444444287,-1.2909681026852289,ICEWS
United Kingdom,2013-08-01,-1.9515361592489435,-2.3883548929175156,ICEWS
United Kingdom,2013-09-01,2.33634291098061,0.7338584425819786,ICEWS
United Kingdom,2013-10-01,1.0806962285999957,-0.18043898796439456,ICEWS
United Kingdom,2013-11-01,3.5392771537875394,1.6097733816709001,ICEWS
United Kingdom,2013-12-01,3.058580511647749,1.2597547729748453,ICEWS
United Kingdom,2014-01-01,3.1995458478107643,1.3623984915132445,ICEWS
United Kingdom,2014-02-01,1.4602431969038232,0.09592762277194161,ICEWS
United Kingdom,2014-03-01,1.9852266306206536,0.4781935987522885,ICEWS
United Kingdom,2014-04-01,1.4627910198014398,0.09778281656289046,ICEWS
United Kingdom,2014-05-01,3.2235988541781886,1.3799126555111592,ICEWS
United Kingdom,2014-06-01,2.6718331690819923,0.978145219475205,ICEWS
United Kingdom,2014-07-01,1.4871648843690704,0.1155306130245665,ICEWS
United Kingdom,2014-08-01,1.2499999999999964,-0.0571606762028781,ICEWS
United Kingdom,2014-09-01,1.6271163217591926,0.21743606254517753,ICEWS
United Kingdom,2014-10-01,0.03854621896003785,-0.9392791055133739,ICEWS
United Kingdom,2014-11-01,1.7734791599616615,0.3240099648807298,ICEWS
United Kingdom,2014-12-01,-0.04818918422891727,-1.002435371830834,ICEWS
United Kingdom,2015-01-01,1.937517578120792,0.44345431681373826,ICEWS
United Kingdom,2015-02-01,-0.0026782530786118,-0.96929664897481,ICEWS
United Kingdom,2015-03-01,3.0138232551404833,1.227164837289025,ICEWS
United Kingdom,2015-04-01,4.363087056018292,2.209629445830772,ICEWS
United Kingdom,2015-05-01,4.851415279823575,2.5652049803768087,ICEWS
United Kingdom,2015-06-01,2.2384404906548276,0.6625709278661145,ICEWS
United Kingdom,2015-07-01,5.046338393826552,2.707137981743986,ICEWS
United Kingdom,2015-08-01,2.606053055645086,0.9302475189991553,ICEWS
United Kingdom,2015-09-01,3.058174028622016,1.2594587929103866,ICEWS
United Kingdom,2015-10-01,2.507719063624757,0.8586457559386275,ICEWS
United Kingdom,2015-11-01,3.252394639626978,1.4008802676713545,ICEWS
United Kingdom,2015-12-01,1.3769560796162263,0.03528222116160096,ICEWS
United Kingdom,2016-01-01,3.060231868625239,1.2609572063206425,ICEWS
United Kingdom,2016-02-01,-0.0780631530020095,-1.02418806171783,ICEWS
United Kingdom,2016-03-01,2.780301696845278,1.0571264310060604,ICEWS
United Kingdom,2016-04-01,1.9000021544935493,0.416137511927816,ICEWS
United Kingdom,2016-05-01,2.3381242154201125,0.735155496996179,ICEWS
United Kingdom,2016-06-01,1.8260899478169463,0.3623184387771523,ICEWS
United Kingdom,2016-07-01,2.7539816546685323,1.037961527955111,ICEWS
United Kingdom,2016-08-01,0.8736570223908195,-0.3311943054558725,ICEWS
United Kingdom,2016-09-01,2.005805739709269,0.49317824915329295,ICEWS
United Kingdom,2016-10-01,2.960291084893946,1.1881854600527586,ICEWS
United Kingdom,2016-11-01,1.8874788898913175,0.40701871377500726,ICEWS
United Kingdom,2016-12-01,3.0954008427329605,1.2865654471680423,ICEWS
United Kingdom,2017-01-01,2.5377709688045424,0.8805280099790778,ICEWS
United Kingdom,2017-02-01,3.176422876030193,1.3455615309396773,ICEWS
United Kingdom,2017-03-01,1.700559864783214,0.27091387889218904,ICEWS
United Kingdom,2017-04-01,2.5,0.8530251302185335,ICEWS
United Kingdom,2017-05-01,3.2683215916543897,1.4124774562112785,ICEWS
United Kingdom,2017-06-01,2.0814572516525853,0.548263795077394,ICEWS
United Kingdom,2017-07-01,1.2368694952331012,-0.06672163545885947,ICEWS
United Kingdom,2017-08-01,1.4080842628338903,0.05794816559712324,ICEWS
United Kingdom,2017-09-01,2.2517903980439193,0.6722916448441877,ICEWS
United Kingdom,2017-10-01,2.313798743096818,0.7174429372816514,ICEWS
United Kingdom,2017-11-01,2.371345456219722,0.7593454984741888,ICEWS
United Kingdom,2017-12-01,3.1697869613803444,1.3407295986781447,ICEWS
United Kingdom,2018-01-01,3.349252044642551,1.471406855904942,ICEWS
United Kingdom,2018-02-01,1.9122505489733437,0.4250561637733834,ICEWS
United Kingdom,2018-03-01,3.740478688122897,1.7562780062967018,ICEWS
United Kingdom,2018-04-01,1.8651492073097824,0.3907593856569203,ICEWS
United Kingdom,2018-05-01,2.4398665668629462,0.8092390523523437,ICEWS
United Kingdom,2018-06-01,1.6292459165813875,0.21898672412964978,ICEWS
United Kingdom,2018-07-01,1.0911889699251862,-0.17279871258468274,ICEWS
United Kingdom,2018-08-01,2.7675554943131804,1.0478453009016702,ICEWS
United Kingdom,2018-09-01,0.9653626300708088,-0.2644189914722114,ICEWS
United Kingdom,2018-10-01,-0.08989889906316151,-1.032806244176445,ICEWS
United Kingdom,2018-11-01,-0.267432103447673,-1.1620768064158797,ICEWS
United Kingdom,2018-12-01,-1.487499999999999,-2.0504675922657607,ICEWS
United Kingdom,2019-01-01,-1.1124496187972337,-1.777375165334804,ICEWS
United Kingdom,2019-02-01,-0.6597108297626999,-1.4477140294982844,ICEWS
United Kingdom,2019-03-01,2.808920451731799,1.0779651386021925,ICEWS
United Kingdom,2019-04-01,-0.15611831746212168,-1.0810238239654164,ICEWS
United Kingdom,2019-05-01,0.3965229603104401,-0.6786188263084747,ICEWS
United Kingdom,2019-06-01,2.942709589025748,1.1753835176568463,ICEWS
United Kingdom,2019-07-01,-0.4069420539674713,-1.2636607878700183,ICEWS
United Kingdom,2019-08-01,-1.0748944758739452,-1.7500294388972801,ICEWS
United Kingdom,2019-09-01,2.1006855882275133,0.5622648823026684,ICEWS
United Kingdom,2019-10-01,-0.4928366485653477,-1.326204820551065,ICEWS
United Kingdom,2019-11-01,-0.6197149777531994,-1.4185911040464616,ICEWS
United Kingdom,2019-12-01,0.6999999999999993,-0.457642431028296,ICEWS
United States,2002-01-01,1.8250639664956696,1.3037982917281195,ICEWS
United States,2002-02-01,1.6487103093104505,1.0962900334895156,ICEWS
United States,2002-03-01,0.46490241940309573,-0.2966491164244163,ICEWS
United States,2002-04-01,1.541691487557518,0.9703652885471697,ICEWS
United States,2002-05-01,0.5814354495965439,-0.15952938492198498,ICEWS
United States,2002-06-01,1.309422600477026,0.6970638273221768,ICEWS
United States,2002-07-01,0.9114652582977688,0.22880342236697385,ICEWS
United States,2002-08-01,2.126969995772283,1.65903897846435,ICEWS
United States,2002-09-01,1.0211641907751314,0.35788174584684335,ICEWS
United States,2002-10-01,1.648403284513062,1.0959287697541387,ICEWS
United States,2002-11-01,1.092706168223481,0.4420623144168542,ICEWS
United States,2002-12-01,1.6967105065743588,1.1527699357967407,ICEWS
United States,2003-01-01,1.7624547357639069,1.2301285270848952,ICEWS
United States,2003-02-01,1.1809926936668056,0.5459455194101098,ICEWS
United States,2003-03-01,0.5136227333819186,-0.2393218817305232,ICEWS
United States,2003-04-01,0.9424970375658894,0.2653172694215289,ICEWS
United States,2003-05-01,0.5207683183560654,-0.23091395917452062,ICEWS
United States,2003-06-01,1.2978822440007551,0.6834847538282347,ICEWS
United States,2003-07-01,1.892979107132149,1.3837113072359535,ICEWS
United States,2003-08-01,1.73255777467012,1.1949499749515347,ICEWS
United States,2003-09-01,1.2536533468649314,0.6314423887593327,ICEWS
United States,2003-10-01,1.3445365005437022,0.7383809418016778,ICEWS
United States,2003-11-01,1.622395250902164,1.0653261622383765,ICEWS
United States,2003-12-01,1.8576509051671657,1.3421420323285673,ICEWS
United States,2004-01-01,1.5509108095254085,0.9812132940506144,ICEWS
United States,2004-02-01,1.2220338244578262,0.5942369679829224,ICEWS
United States,2004-03-01,0.34015458814293176,-0.4434348740719164,ICEWS
United States,2004-04-01,1.566841225272805,0.9999579737897321,ICEWS
United States,2004-05-01,0.41760157506951145,-0.3523061182555077,ICEWS
United States,2004-06-01,1.0343064296395053,0.3733456899443433,ICEWS
United States,2004-07-01,1.260680303583369,0.6397107262162054,ICEWS
United States,2004-08-01,0.5111680868651014,-0.242210165599574,ICEWS
United States,2004-09-01,1.578236674988549,1.0133665413244337,ICEWS
United States,2004-10-01,1.2822951631325363,0.6651440624379149,ICEWS
United States,2004-11-01,1.794822855995294,1.268214792824304,ICEWS
United States,2004-12-01,0.08286130944105707,-0.7461815308302235,ICEWS
United States,2005-01-01,0.5147706242095289,-0.23797120474379466,ICEWS
United States,2005-02-01,1.1911508751450164,0.5578982431531808,ICEWS
United States,2005-03-01,0.7703077631651141,0.06270907297938196,ICEWS
United States,2005-04-01,1.1753814345401177,0.5393429763923512,ICEWS
United States,2005-05-01,0.7252530419988261,0.009694993975490649,ICEWS
United States,2005-06-01,0.20392180533755955,-0.6037345124584924,ICEWS
United States,2005-07-01,0.6875014784117468,-0.0347257531231145,ICEWS
United States,2005-08-01,2.2071651073996517,1.753401342129811,ICEWS
United States,2005-09-01,1.7888673815825786,1.2612072255184035,ICEWS
United States,2005-10-01,1.7385358678734877,1.2019841568790237,ICEWS
United States,2005-11-01,2.23544345333012,1.7866753348757467,ICEWS
United States,2005-12-01,0.9648029642634964,0.2915637565729524,ICEWS
United States,2006-01-01,2.0223960443213915,1.5359910141121733,ICEWS
United States,2006-02-01,1.0152997556910712,0.35098130085880097,ICEWS
United States,2006-03-01,0.7671374868227083,0.05897873626594064,ICEWS
United States,2006-04-01,2.108338739240285,1.637116327959342,ICEWS
United States,2006-05-01,1.1416487663728372,0.4996511019574395,ICEWS
United States,2006-06-01,1.0807272706459017,0.4279672272402301,ICEWS
United States,2006-07-01,1.5333502896796425,0.9605505363561017,ICEWS
United States,2006-08-01,1.2359630846663023,0.6106269684544036,ICEWS
United States,2006-09-01,1.777238466882185,1.2475239491225554,ICEWS
United States,2006-10-01,1.9859174583959192,1.4930681286488348,ICEWS
United States,2006-11-01,2.298638687342917,1.861034626019926,ICEWS
United States,2006-12-01,1.3670947380899552,0.76492431298472785,ICEWS
United States,2007-01-01,0.9591532104425422,0.2849159183961019,ICEWS
United States,2007-02-01,1.6363867591584853,1.0817894074851193,ICEWS
United States,2007-03-01,1.2666029539967347,0.6466796708417365,ICEWS
United States,2007-04-01,0.8265061598144818,0.1288354669007999,ICEWS
United States,2007-05-01,1.0316034648996446,0.3701652200056918,ICEWS
United States,2007-06-01,0.8949040897406562,0.20931656115562375,ICEWS
United States,2007-07-01,0.7268207657536614,0.011539671488605569,ICEWS
United States,2007-08-01,1.957664283517465,1.4598237536678202,ICEWS
United States,2007-09-01,0.6793031266803595,-0.04437242399663582,ICEWS
United States,2007-10-01,1.703084486667377,1.1602699419109355,ICEWS
United States,2007-11-01,0.5534949219646794,-0.19240588045769383,ICEWS
United States,2007-12-01,1.4972426784550663,0.9180641619085382,ICEWS
United States,2008-01-01,1.7055962358134966,1.1632254161481164,ICEWS
United States,2008-02-01,0.9333499355258414,0.25455424220362655,ICEWS
United States,2008-03-01,0.805478681036405,0.10409327801721349,ICEWS
United States,2008-04-01,0.9805383074500612,0.31007890227249063,ICEWS
United States,2008-05-01,1.3064295485322752,0.6935420234322773,ICEWS
United States,2008-06-01,1.672895045867758,1.1247472406666572,ICEWS
United States,2008-07-01,0.985814929322343,0.31628769108683846,ICEWS
United States,2008-08-01,0.4019646025723187,-0.3707055151197843,ICEWS
United States,2008-09-01,2.42902125471349,2.014450551108054,ICEWS
United States,2008-10-01,0.77577562880523665,0.06914289064653065,ICEWS
United States,2008-11-01,2.015261511698551,1.5275960964136008,ICEWS
United States,2008-12-01,2.1219095308673204,1.653084532863012,ICEWS
United States,2009-01-01,0.5862605826036535,-0.15385184490350198,ICEWS
United States,2009-02-01,2.067641576529965,1.5892296127981023,ICEWS
United States,2009-03-01,1.275970163752671,0.6577016899596531,ICEWS
United States,2009-04-01,0.8459884615481617,0.15175950807896985,ICEWS
United States,2009-05-01,1.516608149305096,0.9408507328830182,ICEWS
United States,2009-06-01,1.6596500656454314,1.1091624049438962,ICEWS
United States,2009-07-01,1.52728092076587,0.9534089539698533,ICEWS
United States,2009-08-01,2.063586461040826,1.5844581214350175,ICEWS
United States,2009-09-01,1.8243451662855945,1.3029525084197666,ICEWS
United States,2009-10-01,1.505264103578721,0.927502650355947,ICEWS
United States,2009-11-01,2.0317932227501228,1.547048296162499,ICEWS
United States,2009-12-01,1.351830083976045,0.7469630081932687,ICEWS
United States,2010-01-01,0.30029529619852724,-0.4903357003888919,ICEWS
United States,2010-02-01,0.4265540420230671,-0.341772110318718,ICEWS
United States,2010-03-01,0.588520694714612,-0.15119246184871002,ICEWS
United States,2010-04-01,1.2503908696204054,0.6276035629512371,ICEWS
United States,2010-05-01,1.077746404672947,0.42445976209341496,ICEWS
United States,2010-06-01,0.5731983011045667,-0.16922170638389677,ICEWS
United States,2010-07-01,-0.2635964066122245,-1.1538443962282134,ICEWS
United States,2010-08-01,0.5260541669509458,-0.2246943136466448,ICEWS
United States,2010-09-01,1.2714548504176104,0.6523887022931943,ICEWS
United States,2010-10-01,1.3030006613169896,0.6895073897019813,ICEWS
United States,2010-11-01,0.13660910152508343,-0.6829386647760586,ICEWS
United States,2010-12-01,1.1285243908168958,0.4842081768967906,ICEWS
United States,2011-01-01,2.1762533420950785,1.7170287106810875,ICEWS
United States,2011-02-01,0.13671208768468723,-0.6828174851025368,ICEWS
United States,2011-03-01,0.2240922535997587,-0.5800007569266472,ICEWS
United States,2011-04-01,1.2247992146855804,0.5974908914834066,ICEWS
United States,2011-05-01,0.9276115891421792,0.24780216072003744,ICEWS
United States,2011-06-01,0.7146484287612207,-0.0027830280703939688,ICEWS
United States,2011-07-01,1.8536990035901864,1.3374919886262806,ICEWS
United States,2011-08-01,1.442124266178034,0.8532085421780568,ICEWS
United States,2011-09-01,0.6732050259605877,-0.05154781394386215,ICEWS
United States,2011-10-01,0.26547174597066814,-0.5313111718863621,ICEWS
United States,2011-11-01,0.3885438498168732,-0.38649717531545874,ICEWS
United States,2011-12-01,0.992492334331418,0.3241447251007779,ICEWS
United States,2012-01-01,1.0816133302360047,0.4290098179365193,ICEWS
United States,2012-02-01,0.7313704729110757,0.0168931289830492,ICEWS
United States,2012-03-01,1.007362020119114,0.34164128654219683,ICEWS
United States,2012-04-01,0.633420491799205,-0.09836067578313848,ICEWS
United States,2012-05-01,1.2990584644280665,0.6848687651159604,ICEWS
United States,2012-06-01,1.3433804964062688,0.7370207182094702,ICEWS
United States,2012-07-01,-0.11531465171926136,-0.9793672168063778,ICEWS
United States,2012-08-01,0.5443439249406943,-0.20317349074660004,ICEWS
United States,2012-09-01,0.7712192751752447,0.06378161251502153,ICEWS
United States,2012-10-01,0.21151470198968703,-0.5948002562348524,ICEWS
United States,2012-11-01,0.8731357862306144,0.1837026735942568,ICEWS
United States,2012-12-01,0.936893570172142,0.2587238946226603,ICEWS
United States,2013-01-01,1.475623000816162,0.8926251564343429,ICEWS
United States,2013-02-01,1.0491585171155453,0.3908215441599641,ICEWS
United States,2013-03-01,1.4742421072156908,0.8910003144524972,ICEWS
United States,2013-04-01,1.3027974992615423,0.6892683370793201,ICEWS
United States,2013-05-01,0.9968864402034524,0.3293150928185521,ICEWS
United States,2013-06-01,0.1141258813415842,-0.7093937660443751,ICEWS
United States,2013-07-01,0.94053108551309,0.2630040126806802,ICEWS
United States,2013-08-01,0.19209965784137317,-0.6176451581163649,ICEWS
United States,2013-09-01,2.232944536396156,1.7837349597866994,ICEWS
United States,2013-10-01,0.15808183233408535,-0.6576725657287186,ICEWS
United States,2013-11-01,1.6326937184178174,1.0774439549216075,ICEWS
United States,2013-12-01,0.9472750784467276,0.2709393980283332,ICEWS
United States,2014-01-01,0.894374776007739,0.2086937389667759,ICEWS
United States,2014-02-01,1.152970212424865,0.5129725923563102,ICEWS
United States,2014-03-01,1.7610686776076625,1.2284976081779082,ICEWS
United States,2014-04-01,0.6386912052303071,-0.09215883919398224,ICEWS
United States,2014-05-01,0.4097520406357855,-0.36154234983881817,ICEWS
United States,2014-06-01,0.2788944813938148,-0.5155171787653154,ICEWS
United States,2014-07-01,1.2741690044689484,0.655582338244803,ICEWS
United States,2014-08-01,-0.38288285271639566,-1.294203961533697,ICEWS
United States,2014-09-01,0.9840809339912636,0.3142473684947855,ICEWS
United States,2014-10-01,1.7411658852771854,1.2050787926200073,ICEWS
United States,2014-11-01,2.3406467787484466,1.9104638582718787,ICEWS
United States,2014-12-01,2.0743972871111964,1.597178785830579,ICEWS
United States,2015-01-01,1.4472459212342397,0.8592349877702565,ICEWS
United States,2015-02-01,1.7531401537038978,1.2191684328609176,ICEWS
United States,2015-03-01,0.7761623754339446,0.0695979598556628,ICEWS
United States,2015-04-01,0.86382319188899,0.1727449182385878,ICEWS
United States,2015-05-01,0.5276464671170906,-0.22282071805841872,ICEWS
United States,2015-06-01,0.8338177298169214,0.13743869736628647,ICEWS
United States,2015-07-01,2.3625666071342426,1.9362560390625976,ICEWS
United States,2015-08-01,0.8580844089611475,0.16599232309101264,ICEWS
United States,2015-09-01,1.9312015686317885,1.4286861409761582,ICEWS
United States,2015-10-01,1.330496126463057,0.7218601981040682,ICEWS
United States,2015-11-01,0.7715820256077937,0.0642084463648831,ICEWS
United States,2015-12-01,0.778945369014771,0.07287259651397698,ICEWS
United States,2016-01-01,1.5997665314156642,1.0386998577899134,ICEWS
United States,2016-02-01,1.228518382036075,0.6018670861783001,ICEWS
United States,2016-03-01,1.082401436490029,0.42993715088038775,ICEWS
United States,2016-04-01,0.8477181371055469,0.15379474776699023,ICEWS
United States,2016-05-01,-0.17942539171498595,-1.054803747033412,ICEWS
United States,2016-06-01,0.6587521266231029,-0.06855395952591542,ICEWS
United States,2016-07-01,0.26739803155209785,-0.5290445890876124,ICEWS
United States,2016-08-01,1.5313747418987322,0.9582259887077743,ICEWS
United States,2016-09-01,1.3294003779455164,0.7205708748772547,ICEWS
United States,2016-10-01,0.06446841225882416,-0.767823713471428,ICEWS
United States,2016-11-01,1.598066220104652,1.036699169830032,ICEWS
United States,2016-12-01,-0.1461476916511355,-1.015647215274143,ICEWS
United States,2017-01-01,0.2812362814658087,-0.5127616767709785,ICEWS
United States,2017-02-01,0.19911547700329812,-0.6093899257744632,ICEWS
United States,2017-03-01,0.8703186967991012,0.18038791771923848,ICEWS
United States,2017-04-01,1.5931453629580528,1.0309089950651313,ICEWS
United States,2017-05-01,0.6464747915818592,-0.08300020606757087,ICEWS
United States,2017-06-01,0.9359716788179516,0.25763914213015965,ICEWS
United States,2017-07-01,0.46562747845579544,-0.2957959685875794,ICEWS
United States,2017-08-01,0.4265679145914482,-0.34175578702524056,ICEWS
United States,2017-09-01,1.3487849639232703,0.743379937854018,ICEWS
United States,2017-10-01,1.77950744151798,1.250193760354011,ICEWS
United States,2017-11-01,1.2220850563133911,0.5942972504476259,ICEWS
United States,2017-12-01,0.6703699722854832,-0.054883707622075,ICEWS
United States,2018-01-01,0.41432491431706175,-0.3561616332271395,ICEWS
United States,2018-02-01,0.45248873461352446,-0.3112558002330858,ICEWS
United States,2018-03-01,0.2951275880635258,-0.49641633478737995,ICEWS
United States,2018-04-01,0.2471794133418257,-0.5528350242607172,ICEWS
United States,2018-05-01,0.7242140710126517,0.008472478587136265,ICEWS
United States,2018-06-01,0.959035456924628,0.2847773625657673,ICEWS
United States,2018-07-01,-1.010321564516758,-2.032485867989556,ICEWS
United States,2018-08-01,-0.6287559111901118,-1.5835129042912248,ICEWS
United States,2018-09-01,-0.6373739146002269,-1.593653362423313,ICEWS
United States,2018-10-01,-0.11452428921252712,-0.9784372290206567,ICEWS
United States,2018-11-01,0.9438921869218576,0.26695888557772585,ICEWS
United States,2018-12-01,1.3244998603231917,0.7148046328128321,ICEWS
United States,2019-01-01,1.2024335581803367,0.5711741226687307,ICEWS
United States,2019-02-01,1.4578832379782902,0.8717514907173544,ICEWS
United States,2019-03-01,0.7841159297969895,0.0789565875077568,ICEWS
United States,2019-04-01,0.5705341385858418,-0.17235651930895313,ICEWS
United States,2019-05-01,-0.069036282241432545,-0.9249133200301918,ICEWS
United States,2019-06-01,0.7331667959230259,0.019006790051343463,ICEWS
United States,2019-07-01,0.6227711507741489,-0.11089132721826797,ICEWS
United States,2019-08-01,-0.1858540911490696,-1.062368139196287,ICEWS
United States,2019-09-01,0.5867718770074344,-0.1532502253347948,ICEWS
United States,2019-10-01,1.6974539147420895,1.1536446742995217,ICEWS
United States,2019-11-01,0.49963683689562366,-0.25577852383309313,ICEWS
United States,2019-12-01,0.6689764956699502,-0.05652335553185318,ICEWS
Vietnam,2002-01-01,3.5335641796567305,1.3685895698754837,ICEWS
Vietnam,2002-02-01,3.311004175944271,1.2339525669925338,ICEWS
Vietnam,2002-03-01,2.504242056333892,0.7459042563707781,ICEWS
Vietnam,2002-04-01,2.7406417842907747,0.8889135586872015,ICEWS
Vietnam,2002-05-01,3.974053600658402,1.635062316353026,ICEWS
Vietnam,2002-06-01,0.7321958669595734,-0.3260897404290803,ICEWS
Vietnam,2002-07-01,1.2781895876068994,0.004207513860331425,ICEWS
Vietnam,2002-08-01,4.428474994194248,1.909963167588655,ICEWS
Vietnam,2002-09-01,1.102485644235678,-0.10208405666273501,ICEWS
Vietnam,2002-10-01,2.9016502911808573,0.9863151692404905,ICEWS
Vietnam,2002-11-01,1.7406778776361147,0.28398840979544493,ICEWS
Vietnam,2002-12-01,3.831836058217206,1.5490282430592472,ICEWS
Vietnam,2003-01-01,0.8356033936905618,-0.26353366906692205,ICEWS
Vietnam,2003-02-01,2.3424135747622508,0.6480066046073731,ICEWS
Vietnam,2003-03-01,2.7904022624603773,0.9190160098510388,ICEWS
Vietnam,2003-04-01,1.087281550366157,-0.11128172738522497,ICEWS
Vietnam,2003-05-01,4.266666666666664,1.8120777079534065,ICEWS
Vietnam,2003-06-01,3.500500640605692,1.348587881664306,ICEWS
Vietnam,2003-07-01,2.5,0.7433380371879561,ICEWS
Vietnam,2003-08-01,2.5312377571645257,0.7622352241544466,ICEWS
Vietnam,2003-09-01,1.0352319719655618,-0.14276896282862087,ICEWS
Vietnam,2003-10-01,1.9397097208326244,0.40439212294809335,ICEWS
Vietnam,2003-11-01,2.092801696845285,0.49700465202768024,ICEWS
Vietnam,2003-12-01,2.465276873022926,0.7223323862671496,ICEWS
Vietnam,2004-01-01,2.0118062029875876,0.44800667234524955,ICEWS
Vietnam,2004-02-01,-0.0741815170191682,-0.8139053063910502,ICEWS
Vietnam,2004-03-01,-0.3973303855023822,-1.0093932395859437,ICEWS
Vietnam,2004-04-01,1.32343556240364,0.03157892982697135,ICEWS
Vietnam,2004-05-01,2.363096556275434,0.6605187118825696,ICEWS
Vietnam,2004-06-01,3.1838526544613455,1.1570326376300875,ICEWS
Vietnam,2004-07-01,1.344215877840039,0.04414991896540493,ICEWS
Vietnam,2004-08-01,3.212287554398012,1.1742342445715375,ICEWS
Vietnam,2004-09-01,2.1312977000371003,0.5202926930335329,ICEWS
Vietnam,2004-10-01,0.984812882208935,-0.17326983908529506,ICEWS
Vietnam,2004-11-01,0.5879359476648265,-0.413359343439487,ICEWS
Vietnam,2004-12-01,2.9007451316199564,0.9857675956945806,ICEWS
Vietnam,2005-01-01,-0.3812101801806751,-0.9996413700039478,ICEWS
Vietnam,2005-02-01,1,-0.16408243799025793,ICEWS
Vietnam,2005-03-01,3.3695030123017222,1.2693412615824342,ICEWS
Vietnam,2005-04-01,4.061736452810797,1.6881057932630972,ICEWS
Vietnam,2005-05-01,3.630380566038267,1.4271583507657313,ICEWS
Vietnam,2005-06-01,2.859872009189745,0.9610415235761542,ICEWS
Vietnam,2005-07-01,3.0423713227665665,1.071443932806539,ICEWS
Vietnam,2005-08-01,0.6716145540244778,-0.36273822294273667,ICEWS
Vietnam,2005-09-01,3.0034469995378608,1.0478967808864172,ICEWS
Vietnam,2005-10-01,3.0153508009476404,1.0550979496408768,ICEWS
Vietnam,2005-11-01,3.85466108377703,1.5628361734188807,ICEWS
Vietnam,2005-12-01,2.3466786886418607,0.650586772382923,ICEWS
Vietnam,2006-01-01,4.788374326721094,2.12768318314721,ICEWS
Vietnam,2006-02-01,3.05090508845184,1.0766064086153324,ICEWS
Vietnam,2006-03-01,2.6050004963747213,0.8068577707308214,ICEWS
Vietnam,2006-04-01,2.497183219203764,0.7416340341422273,ICEWS
Vietnam,2006-05-01,3.5038439033795203,1.3506103783942212,ICEWS
Vietnam,2006-06-01,2.5024829573533456,0.7448400947489029,ICEWS
Vietnam,2006-07-01,0.5043368801709978,-0.46393234713929077,ICEWS
Vietnam,2006-08-01,2.9301322194576347,1.0035452258344273,ICEWS
Vietnam,2006-09-01,2.6432497342721337,0.8299965318162045,ICEWS
Vietnam,2006-10-01,2.3368316832376888,0.6446298561676322,ICEWS
Vietnam,2006-11-01,2.7092467405953364,0.8699212217082979,ICEWS
Vietnam,2006-12-01,2.5666666666666664,0.7836678360847655,ICEWS
Vietnam,2007-01-01,-0.3963198195469548,-1.0087819007596286,ICEWS
Vietnam,2007-02-01,1.3462593958263795,0.04538613900687182,ICEWS
Vietnam,2007-03-01,3.276748947509411,1.213229969883401,ICEWS
Vietnam,2007-04-01,2.6175929051733977,0.814475510447977,ICEWS
Vietnam,2007-05-01,2.5821525017894196,0.7930359453285123,ICEWS
Vietnam,2007-06-01,3.1385070144181473,1.129600929473248,ICEWS
Vietnam,2007-07-01,1.382432640436523,0.0672690342154546,ICEWS
Vietnam,2007-08-01,3.6256248245386953,1.4242813792914872,ICEWS
Vietnam,2007-09-01,2.0962587411124165,0.4990959805287419,ICEWS
Vietnam,2007-10-01,3.7579739350833794,1.504345574478068,ICEWS
Vietnam,2007-11-01,0.943390772953304,-0.19832801912771414,ICEWS
Vietnam,2007-12-01,1.2649374232306467,-0.0038093430032945623,ICEWS
Vietnam,2008-01-01,0.7915103306537112,-0.29020763454223,ICEWS
Vietnam,2008-02-01,3.2968912494185023,1.2254149946630881,ICEWS
Vietnam,2008-03-01,4.103161784162355,1.7131659225027276,ICEWS
Vietnam,2008-04-01,2.2959160942174552,0.6198780940136743,ICEWS
Vietnam,2008-05-01,1.7563744005738735,0.29348397399732945,ICEWS
Vietnam,2008-06-01,3.123526889996896,1.1205387483928746,ICEWS
Vietnam,2008-07-01,-0.0920309205364216,-0.8247032492052327,ICEWS
Vietnam,2008-08-01,1.7067577452215463,0.26346852801295456,ICEWS
Vietnam,2008-09-01,2.362675026729109,0.6602637088550845,ICEWS
Vietnam,2008-10-01,2.379685135747705,0.6705539229940761,ICEWS
Vietnam,2008-11-01,2.1921142339496207,0.557083471767927,ICEWS
Vietnam,2008-12-01,3.04286647790431,1.0717434754134578,ICEWS
Vietnam,2009-01-01,2.937674087756797,1.0081076563115987,ICEWS
Vietnam,2009-02-01,1.701361778496416,0.2602042542197788,ICEWS
Vietnam,2009-03-01,1.4766910258152135,0.12429036011536296,ICEWS
Vietnam,2009-04-01,1.7443364518873192,0.2862016532524468,ICEWS
Vietnam,2009-05-01,1.5570544479535258,0.1729059699178261,ICEWS
Vietnam,2009-06-01,0.7943985820601416,-0.2884603955664585,ICEWS
Vietnam,2009-07-01,2.9847793951676564,1.036603869934384,ICEWS
Vietnam,2009-08-01,1.6042386874942594,0.2014499332944762,ICEWS
Vietnam,2009-09-01,1.6434360355596311,0.22516225076594654,ICEWS
Vietnam,2009-10-01,2.671283576277128,0.8469555199716997,ICEWS
Vietnam,2009-11-01,4.10021612294341,1.711383953634055,ICEWS
Vietnam,2009-12-01,1.511403644771173,0.14528965424049428,ICEWS
Vietnam,2010-01-01,1.559164131245879,0.1741822164615746,ICEWS
Vietnam,2010-02-01,1.0522508295311184,-0.13247345628253573,ICEWS
Vietnam,2010-03-01,2.5317096684062737,0.7625207054365991,ICEWS
Vietnam,2010-04-01,1.9393564111003323,0.40417838929131894,ICEWS
Vietnam,2010-05-01,1.3872827475422491,0.0702030918784834,ICEWS
Vietnam,2010-06-01,2.7978323162128653,0.9235107984554937,ICEWS
Vietnam,2010-07-01,1.1286873612846016,-0.08623340697272217,ICEWS
Vietnam,2010-08-01,2.274492065573421,0.6069176925120735,ICEWS
Vietnam,2010-09-01,2.9384155335521953,1.0085561917089183,ICEWS
Vietnam,2010-10-01,2.0295638017935467,0.45874907817626787,ICEWS
Vietnam,2010-11-01,2.4383098045775213,0.7060187395585544,ICEWS
Vietnam,2010-12-01,2.5284684606013617,0.760559946552276,ICEWS
Vietnam,2011-01-01,2.9223923246772845,0.9988629998348174,ICEWS
Vietnam,2011-02-01,1.700039768211898,0.2594045080860669,ICEWS
Vietnam,2011-03-01,-0.16938481968377062,-0.8714982571526828,ICEWS
Vietnam,2011-04-01,3.246783983638789,1.1951027553806157,ICEWS
Vietnam,2011-05-01,-1.804215645489368,-1.8604842336783542,ICEWS
Vietnam,2011-06-01,-1.434071536991091,-1.6365666717997391,ICEWS
Vietnam,2011-07-01,-0.20845895383997615,-0.8951360367414837,ICEWS
Vietnam,2011-08-01,-0.7982043844668532,-1.2519007560038977,ICEWS
Vietnam,2011-09-01,1.3492516458574837,0.047196291636922856,ICEWS
Vietnam,2011-10-01,3.26206367698415,1.2043461597779657,ICEWS
Vietnam,2011-11-01,0.4562475019281535,-0.4930238714433885,ICEWS
Vietnam,2011-12-01,1.8073799129798047,0.3243396048667284,ICEWS
Vietnam,2012-01-01,3.692721768072031,1.4648714728808374,ICEWS
Vietnam,2012-02-01,2.0120672614071022,0.44816459884863974,ICEWS
Vietnam,2012-03-01,-2.85709127723487,-2.4974181710530647,ICEWS
Vietnam,2012-04-01,0.7886058840190859,-0.2919646707724443,ICEWS
Vietnam,2012-05-01,3.39642852813485,1.2856297711635778,ICEWS
Vietnam,2012-06-01,1.0372239560365788,-0.14156391807377441,ICEWS
Vietnam,2012-07-01,-0.3555970762032796,-0.9841468000159763,ICEWS
Vietnam,2012-08-01,-0.3366401575089295,-0.9726788692362818,ICEWS
Vietnam,2012-09-01,0.6400969592993722,-0.3818046967973565,ICEWS
Vietnam,2012-10-01,3.0435771828034355,1.0721734141983084,ICEWS
Vietnam,2012-11-01,0.0267050073821391,-0.7528743077835084,ICEWS
Vietnam,2012-12-01,0.3101164239552485,-0.5814254262517072,ICEWS
Vietnam,2013-01-01,-1.2499999999999982,-1.525213150757578,ICEWS
Vietnam,2013-02-01,5.199999999999996,2.376694892508739,ICEWS
Vietnam,2013-03-01,-1.7051687243857785,-1.8005660975365154,ICEWS
Vietnam,2013-04-01,-0.12560316961765494,-0.8450126800146288,ICEWS
Vietnam,2013-05-01,0.45093206097840977,-0.496239431411654,ICEWS
Vietnam,2013-06-01,2.214081333388922,0.5703724023089256,ICEWS
Vietnam,2013-07-01,0.3805482249485266,-0.5388179207017221,ICEWS
Vietnam,2013-08-01,2.6170025198403923,0.8141183586217009,ICEWS
Vietnam,2013-09-01,1.6609717383312486,0.2357704212603499,ICEWS
Vietnam,2013-10-01,2.770193960912305,0.9067910587888413,ICEWS
Vietnam,2013-11-01,1.4713360325979323,0.12105087312216203,ICEWS
Vietnam,2013-12-01,0.0986545071998144,-0.7093486749079152,ICEWS
Vietnam,2014-01-01,0.2729230440631394,-0.6039254492218282,ICEWS
Vietnam,2014-02-01,0.24966114770688108,-0.6179976632519231,ICEWS
Vietnam,2014-03-01,0.972778162612844,-0.1805502064016427,ICEWS
Vietnam,2014-04-01,-0.6316017675460923,-1.1511150054624506,ICEWS
Vietnam,2014-05-01,-2.931077572918108,-2.542175957443438,ICEWS
Vietnam,2014-06-01,-0.10395093131720046,-0.831914223769782,ICEWS
Vietnam,2014-07-01,-1.7730311911231436,-1.8416192920789058,ICEWS
Vietnam,2014-08-01,1.0647480709760764,-0.1249132877689353,ICEWS
Vietnam,2014-09-01,-0.2668826356102958,-0.9304792667906064,ICEWS
Vietnam,2014-10-01,3.2903899492917503,1.2214820527628925,ICEWS
Vietnam,2014-11-01,0.1686743717108321,-0.6669903690902473,ICEWS
Vietnam,2014-12-01,-1.014093877778361,-1.382502453741706,ICEWS
Vietnam,2015-01-01,0.32814945536713225,-0.5705163982965904,ICEWS
Vietnam,2015-02-01,0.06902134074714361,-0.7272751695635936,ICEWS
Vietnam,2015-03-01,0.6870989862773307,-0.35337096236090426,ICEWS
Vietnam,2015-04-01,1.3574493526063058,0.05215546960584808,ICEWS
Vietnam,2015-05-01,0.6971869269776203,-0.34726829306501994,ICEWS
Vietnam,2015-06-01,-2.53505956626911,-2.3026060589283963,ICEWS
Vietnam,2015-07-01,1.4172294983441276,0.08831928844027281,ICEWS
Vietnam,2015-08-01,1.7626580769086733,0.29728526504105623,ICEWS
Vietnam,2015-09-01,0.6596228777010751,-0.36999255136111364,ICEWS
Vietnam,2015-10-01,1.0104341443922031,-0.15777033381529057,ICEWS
Vietnam,2015-11-01,2.7309268105347098,0.8830365146191532,ICEWS
Vietnam,2015-12-01,2.609015090271429,0.80928638719842,ICEWS
Vietnam,2016-01-01,-1.4106122214935972,-1.622375029655678,ICEWS
Vietnam,2016-02-01,-1.7376638612524005,-1.820223932560843,ICEWS
Vietnam,2016-03-01,1.5961321276378904,0.19654589436319156,ICEWS
Vietnam,2016-04-01,-0.3783618113067053,-0.9979182578458808,ICEWS
Vietnam,2016-05-01,0.4254054245160788,-0.5116816931372206,ICEWS
Vietnam,2016-06-01,-0.470649447626327,-1.0537473850473644,ICEWS
Vietnam,2016-07-01,-1.5325905848376298,-1.69616547260708,ICEWS
Vietnam,2016-08-01,-1.1878179545181649,-1.4875963099184588,ICEWS
Vietnam,2016-09-01,1.3124772738866195,0.02494974624480153,ICEWS
Vietnam,2016-10-01,0.6294881265756391,-0.38822247815152716,ICEWS
Vietnam,2016-11-01,1.1952559142684418,-0.04596296165237388,ICEWS
Vietnam,2016-12-01,-0.02695727206835307,-0.7853371418622496,ICEWS
Vietnam,2017-01-01,2.0059752387783583,0.4444792481362589,ICEWS
Vietnam,2017-02-01,-0.8513808665172888,-1.2840697084109058,ICEWS
Vietnam,2017-03-01,0.4018759846445956,-0.5259157568097929,ICEWS
Vietnam,2017-04-01,0.12281473729092872,-0.6947330165947859,ICEWS
Vietnam,2017-05-01,1.959964428722728,0.4166451473869158,ICEWS
Vietnam,2017-06-01,0.7347578865730782,-0.3245398543923454,ICEWS
Vietnam,2017-07-01,-0.6164523388241445,-1.141950404256085,ICEWS
Vietnam,2017-08-01,-3.3380352236842947,-2.788363760667213,ICEWS
Vietnam,2017-09-01,2.242694680465677,0.5876819603094776,ICEWS
Vietnam,2017-10-01,1.5872026860947948,0.1911440556377836,ICEWS
Vietnam,2017-11-01,2.748937950157247,0.8939322992023424,ICEWS
Vietnam,2017-12-01,1.3732072269862563,0.06168814817761692,ICEWS
Vietnam,2018-01-01,-1.3828849454967962,-1.6056014976820683,ICEWS
Vietnam,2018-02-01,1.2285078979793127,-0.025847274412682742,ICEWS
Vietnam,2018-03-01,1.4982422736968832,0.13732772251100844,ICEWS
Vietnam,2018-04-01,0.5448964645310888,-0.43939594893058104,ICEWS
Vietnam,2018-05-01,0.6145839945648497,-0.3972386878524268,ICEWS
Vietnam,2018-06-01,-0.2301546218375119,-0.9082607656505721,ICEWS
Vietnam,2018-07-01,-2.2111403866660293,-2.1066521283452193,ICEWS
Vietnam,2018-08-01,2.8959020281147616,0.9828377748385665,ICEWS
Vietnam,2018-09-01,2.322130811367561,0.6357366080756821,ICEWS
Vietnam,2018-10-01,1.7961604088485237,0.3175523996866811,ICEWS
Vietnam,2018-11-01,1.976900262968508,0.4268904292261459,ICEWS
Vietnam,2018-12-01,2.111608117393148,0.5083815394076423,ICEWS
Vietnam,2019-01-01,0.07896554501975217,-0.7212594531860472,ICEWS
Vietnam,2019-02-01,1.0970022736188465,-0.10540120517653738,ICEWS
Vietnam,2019-03-01,-0.1432947233370303,-0.8557151320697465,ICEWS
Vietnam,2019-04-01,2.2905177131003196,0.6166123596413382,ICEWS
Vietnam,2019-05-01,1.3730982316733955,0.06162221179189136,ICEWS
Vietnam,2019-06-01,1.4012092057488577,0.07862786076074357,ICEWS
Vietnam,2019-07-01,0.21557637299853027,-0.6386171448933858,ICEWS
Vietnam,2019-08-01,-0.902541488762198,-1.3150191725094984,ICEWS
Vietnam,2019-09-01,-0.2780124672064552,-0.9372122248410335,ICEWS
Vietnam,2019-10-01,-1.4477746019997149,-1.6448562996407547,ICEWS
Vietnam,2019-11-01,0.8491313769196278,-0.2553499564203074,ICEWS
Vietnam,2019-12-01,-0.6105701697661612,-1.1383920038283024,ICEWS
Australia,2002-01-01,NA,NA,Phoenix
Australia,2002-02-01,2.9999999999999964,0.6072324790978844,Phoenix
Australia,2002-03-01,0.1975798604501975,-0.3487430198953397,Phoenix
Australia,2002-04-01,2.3569654299049017,0.38787732769103445,Phoenix
Australia,2002-05-01,1.4499999999999993,0.07848876842874267,Phoenix
Australia,2002-06-01,2.002730482479441,0.2670389402391462,Phoenix
Australia,2002-07-01,2.5799999999999965,0.46395998975527797,Phoenix
Australia,2002-08-01,2.724999999999998,0.5134231110759402,Phoenix
Australia,2002-09-01,2.336894743210401,0.38103071520166143,Phoenix
Australia,2002-10-01,6,1.6306074029736455,Phoenix
Australia,2002-11-01,-0.4000000000000003,-0.5525924346279758,Phoenix
Australia,2002-12-01,2.1141378582540824,0.30504277847333683,Phoenix
Australia,2003-01-01,-2.5,-1.2689548813410076,Phoenix
Australia,2003-02-01,-0.900495061637919,-0.7233237998292754,Phoenix
Australia,2003-03-01,1,-0.07501747015262107,Phoenix
Australia,2003-04-01,0.4999999999999982,-0.24557995746524833,Phoenix
Australia,2003-05-01,0.7575375726121525,-0.15772745954287787,Phoenix
Australia,2003-06-01,1,-0.07501747015262107,Phoenix
Australia,2003-07-01,1.7121770959425042,0.16792392362945227,Phoenix
Australia,2003-08-01,2.8496773322329183,0.5559536628702394,Phoenix
Australia,2003-09-01,1.9750662895978,0.2576019931443683,Phoenix
Australia,2003-10-01,1.9597464140265617,0.25237600097886764,Phoenix
Australia,2003-11-01,1.7763568394002505e-15,-0.41614244477787377,Phoenix
Australia,2003-12-01,1,-0.07501747015262107,Phoenix
Australia,2004-01-01,1.7763568394002505e-15,-0.41614244477787377,Phoenix
Australia,2004-02-01,5.400000000000002,1.4259324181984943,Phoenix
Australia,2004-03-01,-0.32500000000000107,-0.527008061531082,Phoenix
Australia,2004-04-01,1,-0.07501747015262107,Phoenix
Australia,2004-05-01,-0.09999999999999964,-0.4502549422403996,Phoenix
Australia,2004-06-01,3.466666666666669,0.7664241339230046,Phoenix
Australia,2004-07-01,2.6666666666666643,0.49352415422280027,Phoenix
Australia,2004-08-01,2.5419347291981715,0.450974975218902,Phoenix
Australia,2004-09-01,2.8825106860134646,0.5671539398454902,Phoenix
Australia,2004-10-01,3.231652035047828,0.6862547736754642,Phoenix
Australia,2004-11-01,5.199999999999996,1.3577074232734414,Phoenix
Australia,2004-12-01,3.6999999999999993,0.8460199613355626,Phoenix
Australia,2005-01-01,5.799999999999994,1.5623824080485926,Phoenix
Australia,2005-02-01,0.7209324059983171,-0.17021439607517566,Phoenix
Australia,2005-03-01,4,0.9483574537231388,Phoenix
Australia,2005-04-01,3.0127997072181305,0.611598778897881,Phoenix
Australia,2005-05-01,1.8099073690192036,0.2012621605528604,Phoenix
Australia,2005-06-01,-1.8074311371305196,-1.0327023455684157,Phoenix
Australia,2005-07-01,3.039999999999998,0.620877478082895,Phoenix
Australia,2005-08-01,3.7666666666666657,0.8687616263105794,Phoenix
Australia,2005-09-01,6.399999999999999,1.7670573928237463,Phoenix
Australia,2005-10-01,1.095452979136459,-0.04245607506679171,Phoenix
Australia,2005-11-01,3.3999999999999986,0.7436824689479864,Phoenix
Australia,2005-12-01,3.0999999999999996,0.6413449765604108,Phoenix
Australia,2006-01-01,2.8733204262980276,0.5640189127332623,Phoenix
Australia,2006-02-01,4,0.9483574537231388,Phoenix
Australia,2006-03-01,-6.8,-2.7357922722295966,Phoenix
Australia,2006-04-01,3.5357674946545288,0.7899961521169472,Phoenix
Australia,2006-05-01,1,-0.07501747015262107,Phoenix
Australia,2006-06-01,2.2891310317278606,0.364737320334172,Phoenix
Australia,2006-07-01,3.777606935810885,0.8724936253447946,Phoenix
Australia,2006-08-01,-2.200000000000003,-1.1666173889534326,Phoenix
Australia,2006-09-01,5.225000000000001,1.3662355476390746,Phoenix
Australia,2006-10-01,5.272114910328067,1.3823076202292073,Phoenix
Australia,2006-11-01,2.401593881314622,0.4031012070457396,Phoenix
Australia,2006-12-01,1.3969686527576393,0.0603984514463496,Phoenix
Australia,2007-01-01,0.8333333333333339,-0.1318716325901631,Phoenix
Australia,2007-02-01,2.4400000000000013,0.4162024933077441,Phoenix
Australia,2007-03-01,1.0221917400181812,-0.06744731340202878,Phoenix
Australia,2007-04-01,2.648482714952449,0.4873211541557017,Phoenix
Australia,2007-05-01,0.4000000000000003,-0.27969245492777295,Phoenix
Australia,2007-06-01,1.3181059846271932,0.03349642578147142,Phoenix
Australia,2007-07-01,2.7038363385848,0.5062036576127034,Phoenix
Australia,2007-08-01,2.799051906207417,0.5386840657018976,Phoenix
Australia,2007-09-01,1.877137111455481,0.22419590473549783,Phoenix
Australia,2007-10-01,2.1999999999999993,0.3343324993976826,Phoenix
Australia,2007-11-01,3.0999999999999996,0.6413449765604108,Phoenix
Australia,2007-12-01,3.2244507802586178,0.6837982458182248,Phoenix
Australia,2008-01-01,3.3499999999999996,0.7266262202167241,Phoenix
Australia,2008-02-01,3.037299579627847,0.6199562972519674,Phoenix
Australia,2008-03-01,1.3280707398565266,0.036895652656224624,Phoenix
Australia,2008-04-01,2.2735656895748946,0.35942759338720803,Phoenix
Australia,2008-05-01,4.117691453623978,0.9885049478542276,Phoenix
Australia,2008-06-01,1.3450615331916698,0.04269163660153827,Phoenix
Australia,2008-07-01,-1.9400000000000013,-1.0779248955508662,Phoenix
Australia,2008-08-01,-5.399999999999999,-2.258217307754242,Phoenix
Australia,2008-09-01,0.23333333333333073,-0.33654661736531616,Phoenix
Australia,2008-10-01,2.9347850873437853,0.5849860436728461,Phoenix
Australia,2008-11-01,4.596586913059712,1.1518681493023912,Phoenix
Australia,2008-12-01,5.129320793190754,1.3335969806441057,Phoenix
Australia,2009-01-01,5.680251307535528,1.5215331383702444,Phoenix
Australia,2009-02-01,6.2500000000000036,1.7158886466299599,Phoenix
Australia,2009-03-01,2.1285253868929015,0.30995072381517413,Phoenix
Australia,2009-04-01,0.4000000000000003,-0.27969245492777295,Phoenix
Australia,2009-05-01,3.4666666666666632,0.7664241339230026,Phoenix
Australia,2009-06-01,3.5783141703068875,0.804509885769247,Phoenix
Australia,2009-07-01,-0.30346890272139504,-0.5196632665182638,Phoenix
Australia,2009-08-01,-0.7007875239284669,-0.6551985710956667,Phoenix
Australia,2009-09-01,0.10683677952088644,-0.3796977510747682,Phoenix
Australia,2009-10-01,3.0617792618764295,0.6283069282378494,Phoenix
Australia,2009-11-01,2.9208668968284304,0.5802382012864663,Phoenix
Australia,2009-12-01,2.400715763312302,0.4028016590644803,Phoenix
Australia,2010-01-01,1.9000000000000004,0.231995007010107,Phoenix
Australia,2010-02-01,3.896571371417137,0.9130753654222848,Phoenix
Australia,2010-03-01,3.621193660838245,0.8191371508887,Phoenix
Australia,2010-04-01,-1.9999999999999984,-1.0983923940283804,Phoenix
Australia,2010-05-01,2.663724764365753,0.492520597875052,Phoenix
Australia,2010-06-01,0.2500000000000018,-0.3308612011215604,Phoenix
Australia,2010-07-01,0.09999999999999964,-0.38202994731534917,Phoenix
Australia,2010-08-01,-0.5,-0.586704932090501,Phoenix
Australia,2010-09-01,1.9000000000000004,0.231995007010107,Phoenix
Australia,2010-10-01,2.350000000000003,0.385501245591472,Phoenix
Australia,2010-11-01,2.9281340652427215,0.5827172139273887,Phoenix
Australia,2010-12-01,1.7763568394002505e-15,-0.41614244477787377,Phoenix
Australia,2011-01-01,0.9500000000000012,-0.09207371888388334,Phoenix
Australia,2011-02-01,1,-0.07501747015262107,Phoenix
Australia,2011-03-01,1.320892255801338,0.034446892465050664,Phoenix
Australia,2011-04-01,2.421941164000664,0.4100421733357086,Phoenix
Australia,2011-05-01,2.9391846232916183,0.5864868352614137,Phoenix
Australia,2011-06-01,3.4763611751889467,0.7697311728966708,Phoenix
Australia,2011-07-01,3.5877520295375707,0.8077293752598305,Phoenix
Australia,2011-08-01,3.6999999999999993,0.8460199613355626,Phoenix
Australia,2011-09-01,-0.9999999999999982,-0.757267419403127,Phoenix
Australia,2011-10-01,0.8321595661992287,-0.1322720338740007,Phoenix
Australia,2011-11-01,2.9999999999999964,0.6072324790978844,Phoenix
Australia,2011-12-01,-2.6999999999999993,-1.337179876266058,Phoenix
Australia,2012-01-01,-7,-2.8040172671546477,Phoenix
Australia,2012-02-01,1,-0.07501747015262107,Phoenix
Australia,2012-03-01,4.999999999999998,1.2894824283483914,Phoenix
Australia,2012-04-01,2.9999999999999964,0.6072324790978844,Phoenix
Australia,2012-05-01,4.700318468107579,1.1872535733859328,Phoenix
Australia,2012-06-01,1,-0.07501747015262107,Phoenix
Australia,2012-07-01,2.333333333333334,0.37981582934771685,Phoenix
Australia,2012-08-01,2.731780959380787,0.5157362656726466,Phoenix
Australia,2012-09-01,3.1421356237309546,0.655718490136452,Phoenix
Australia,2012-10-01,3.5647531512197013,0.7998838834772379,Phoenix
Australia,2012-11-01,4,0.9483574537231388,Phoenix
Australia,2012-12-01,0.9702104444654154,-0.08517943152845384,Phoenix
Australia,2013-01-01,5.199999999999996,1.3577074232734414,Phoenix
Australia,2013-02-01,3.5120639469373884,0.7819102800034092,Phoenix
Australia,2013-03-01,2,0.2661075044726322,Phoenix
Australia,2013-04-01,1.9811916252095865,0.25969149809951014,Phoenix
Australia,2013-05-01,-4.1,-1.8147548407414127,Phoenix
Australia,2013-06-01,3.3999999999999986,0.7436824689479864,Phoenix
Australia,2013-07-01,1.3937458913009149,0.05929908702620125,Phoenix
Australia,2013-08-01,4,0.9483574537231388,Phoenix
Australia,2013-09-01,4.529018728915746,1.1288189542008065,Phoenix
Australia,2013-10-01,0.7680828875571315,-0.1541301892498566,Phoenix
Australia,2013-11-01,0.7549463710429194,-0.15861138311243145,Phoenix
Australia,2013-12-01,-1.9999999999999984,-1.0983923940283804,Phoenix
Australia,2014-01-01,1.7763568394002505e-15,-0.41614244477787377,Phoenix
Australia,2014-02-01,4.149999999999997,0.9995261999169257,Phoenix
Australia,2014-03-01,0.48646097325983106,-0.2501984576184385,Phoenix
Australia,2014-04-01,2.0876933054220643,0.2960218810595385,Phoenix
Australia,2014-05-01,2.284959903247893,0.3633144442372844,Phoenix
Australia,2014-06-01,1.7763568394002505e-15,-0.41614244477787377,Phoenix
Australia,2014-07-01,-3.166666666666668,-1.496371531091177,Phoenix
Australia,2014-08-01,-1.6000000000000032,-0.9619424041782808,Phoenix
Australia,2014-09-01,1.4418648119966324,0.07571365262752247,Phoenix
Australia,2014-10-01,-0.36666666666666536,-0.5412216021404668,Phoenix
Australia,2014-11-01,1.6445506028738135,0.14485483789740028,Phoenix
Australia,2014-12-01,1.771636652249084,0.18820706326576314,Phoenix
Australia,2015-01-01,1.9000000000000004,0.231995007010107,Phoenix
Australia,2015-02-01,6.399999999999999,1.7670573928237463,Phoenix
Australia,2015-03-01,2.280759945607688,0.36188173379384225,Phoenix
Australia,2015-04-01,2.599999999999996,0.4707824892477829,Phoenix
Australia,2015-05-01,3.5189531303052224,0.7842603525049503,Phoenix
Australia,2015-06-01,4.499999999999998,1.1189199410357649,Phoenix
Australia,2015-07-01,-1.9999999999999984,-1.0983923940283804,Phoenix
Australia,2015-08-01,-0.30888219127672123,-0.5215098744393385,Phoenix
Australia,2015-09-01,1.700000000000001,0.1637700120850566,Phoenix
Australia,2015-10-01,0.13333333333333286,-0.37065911482784075,Phoenix
Australia,2015-11-01,4,0.9483574537231388,Phoenix
Australia,2015-12-01,1.599999999999996,0.12965751462252956,Phoenix
Australia,2016-01-01,1.6534170443065328,0.14787940250615295,Phoenix
Australia,2016-02-01,2.133333333333333,0.31159083442266583,Phoenix
Australia,2016-03-01,3.849999999999998,0.8971887075293501,Phoenix
Australia,2016-04-01,1.4499999999999993,0.07848876842874267,Phoenix
Australia,2016-05-01,1.2229292724780176,0.0010292722646688677,Phoenix
Australia,2016-06-01,1,-0.07501747015262107,Phoenix
Australia,2016-07-01,2.8000000000000025,0.5390074841728357,Phoenix
Australia,2016-08-01,-0.8218550734817107,-0.6964977358649587,Phoenix
Australia,2016-09-01,-0.02420282746452251,-0.424398633682569,Phoenix
Australia,2016-10-01,-4.250806661517033,-1.86619875932473,Phoenix
Australia,2016-11-01,0.8000000000000007,-0.1432424650776715,Phoenix
Australia,2016-12-01,-1.8249999999999993,-1.0386955234689614,Phoenix
Australia,2017-01-01,4,0.9483574537231388,Phoenix
Australia,2017-02-01,6.9999999999999964,1.9717323775988975,Phoenix
Australia,2017-03-01,0.6952802120086741,-0.1789650000989747,Phoenix
Australia,2017-04-01,2.547731609640799,0.4529524359127989,Phoenix
Australia,2017-05-01,-1.4999999999999982,-0.9278299067157537,Phoenix
Australia,2017-06-01,-1.8044166834399624,-1.0316740401297153,Phoenix
Australia,2017-07-01,1.0999999999999996,-0.04090497269009587,Phoenix
Australia,2017-08-01,-2.3006412628822286,-1.2009486372003852,Phoenix
Australia,2017-09-01,-1.170319495254626,-0.8153676529000479,Phoenix
Australia,2017-10-01,0.10686680997635813,-0.37968750693640746,Phoenix
Australia,2017-11-01,1.5500000000000025,0.11260126589126909,Phoenix
Australia,2017-12-01,-0.05966201968445972,-0.43649464972882707,Phoenix
Australia,2018-01-01,1.599999999999996,0.12965751462252956,Phoenix
Australia,2018-02-01,-3.824512047477892,-1.720779019927746,Phoenix
Australia,2018-03-01,-4.524456254351989,-1.9595474697367652,Phoenix
Australia,2018-04-01,1.9357014211127288,0.24417365338127198,Phoenix
Australia,2018-05-01,-1.762531407233446,-1.0173859263465956,Phoenix
Australia,2018-06-01,0.3950447421060197,-0.2813828171511187,Phoenix
Australia,2018-07-01,0.6500000000000021,-0.194411211271459,Phoenix
Australia,2018-08-01,-0.4000000000000003,-0.5525924346279758,Phoenix
Australia,2018-09-01,1.8666666666666671,0.2206241745225986,Phoenix
Australia,2018-10-01,1,-0.07501747015262107,Phoenix
Australia,2018-11-01,-0.2382689023320843,-0.4974219180398936,Phoenix
Australia,2018-12-01,3.3999999999999986,0.7436824689479864,Phoenix
Australia,2019-01-01,3.3999999999999986,0.7436824689479864,Phoenix
Australia,2019-02-01,-1.9999999999999984,-1.0983923940283804,Phoenix
Australia,2019-03-01,-7,-2.8040172671546477,Phoenix
France,2002-01-01,-5,-2.6595394632341725,Phoenix
France,2002-02-01,-2.061025158984549,-1.4724935928083476,Phoenix
France,2002-03-01,2.3175452013845383,0.2960019356696098,Phoenix
France,2002-04-01,1,-0.23615185094208568,Phoenix
France,2002-05-01,2.475904422338415,0.35996289806158477,Phoenix
France,2002-06-01,4.133333333333331,1.0293950132548921,Phoenix
France,2002-07-01,3.6432235895442826,0.8314406996278874,Phoenix
France,2002-08-01,1,-0.23615185094208568,Phoenix
France,2002-09-01,3.059999999999997,0.5958778959448628,Phoenix
France,2002-10-01,3.638181191654589,0.8294040855308653,Phoenix
France,2002-11-01,0.5199999999999996,-0.4300228599254528,Phoenix
France,2002-12-01,1,-0.23615185094208568,Phoenix
France,2003-01-01,3.461430360031045,0.7580147895610619,Phoenix
France,2003-02-01,2.2212815906582364,0.25712126204483854,Phoenix
France,2003-03-01,2.595239707209105,0.40816217323908105,Phoenix
France,2003-04-01,2.566852432500145,0.39669661159301006,Phoenix
France,2003-05-01,1.1250000000000018,-0.18566460901933315,Phoenix
France,2003-06-01,1.894599666609338,0.12517510739486445,Phoenix
France,2003-07-01,3.5,0.7735929875129505,Phoenix
France,2003-08-01,4.919565338696179,1.3469524969522073,Phoenix
France,2003-09-01,3.25,0.6726185036674469,Phoenix
France,2003-10-01,2.407211065321942,0.3322177929881717,Phoenix
France,2003-11-01,5.533333333333331,1.5948521227897126,Phoenix
France,2003-12-01,1.8249999999999993,0.09706394574807597,Phoenix
France,2004-01-01,1.6250251316520463,0.016294509294047615,Phoenix
France,2004-02-01,4.3670360066092435,1.1237870404842907,Phoenix
France,2004-03-01,2.254420828395551,0.2705061317470736,Phoenix
France,2004-04-01,0.4999999999999982,-0.43810081863309364,Phoenix
France,2004-05-01,-2.085353272047513,-1.482319667446219,Phoenix
France,2004-06-01,2.5795094407677066,0.40180875110039127,Phoenix
France,2004-07-01,1.7763568394002505e-15,-0.6400497863240995,Phoenix
France,2004-08-01,6.199999999999999,1.8641174130443894,Phoenix
France,2004-09-01,1.4000000000000004,-0.07459267678927975,Phoenix
France,2004-10-01,2.7811178627561173,0.4832379764971363,Phoenix
France,2004-11-01,3.525000000000002,0.7836904358975018,Phoenix
France,2004-12-01,2.5666666666666664,0.39662158115640356,Phoenix
France,2005-01-01,2.1999999999999993,0.2485256715163314,Phoenix
France,2005-02-01,2.622196581120745,0.4190499989563458,Phoenix
France,2005-03-01,3.747881203752627,0.873711693928645,Phoenix
France,2005-04-01,2.7827328864709973,0.4838902812411693,Phoenix
France,2005-05-01,2.2078159955983647,0.2516825360014661,Phoenix
France,2005-06-01,1.7763568394002505e-15,-0.6400497863240995,Phoenix
France,2005-07-01,-1.4999999999999982,-1.245896689397121,Phoenix
France,2005-08-01,5.850000000000001,1.722753135660685,Phoenix
France,2005-09-01,3.3635469248287624,0.7184798721747608,Phoenix
France,2005-10-01,2.660703903625244,0.43460302701300224,Phoenix
France,2005-11-01,1.247471191587417,-0.13619874759340098,Phoenix
France,2005-12-01,5.720497008012188,1.6704471445710138,Phoenix
France,2006-01-01,1.5399999999999991,-0.018046965835798207,Phoenix
France,2006-02-01,1.4499999999999993,-0.054397780020179455,Phoenix
France,2006-03-01,1.333333333333334,-0.10151920581474728,Phoenix
France,2006-04-01,1.4388026216662446,-0.05892037801087426,Phoenix
France,2006-05-01,3.0597784800970427,0.5957884245134136,Phoenix
France,2006-06-01,5.450000000000003,1.56119396150788,Phoenix
France,2006-07-01,2.7999999999999954,0.4908644327455385,Phoenix
France,2006-08-01,3.424999999999997,0.7433006423592983,Phoenix
France,2006-09-01,1.9808045249207495,0.15999307168674262,Phoenix
France,2006-10-01,2.8359661275681294,0.505391077413994,Phoenix
France,2006-11-01,4.935603393690565,1.353430234251983,Phoenix
France,2006-12-01,1.504745196952701,-0.03228630799890147,Phoenix
France,2007-01-01,3.3924292104615628,0.7301453677109625,Phoenix
France,2007-02-01,3.185714285714285,0.6466536363928885,Phoenix
France,2007-03-01,1.9724186770598493,0.15660604504929734,Phoenix
France,2007-04-01,3.5,0.7735929875129505,Phoenix
France,2007-05-01,3.0090242931795945,0.5752889132054635,Phoenix
France,2007-06-01,5.199999999999996,1.4602194776623734,Phoenix
France,2007-07-01,6,1.7833378259679868,Phoenix
France,2007-08-01,3.0830867828517388,0.6052025998732943,Phoenix
France,2007-09-01,0.6666666666666661,-0.3707844960694241,Phoenix
France,2007-10-01,2.9999999999999964,0.5716440198219418,Phoenix
France,2007-11-01,2.392919786337975,0.32644557491257925,Phoenix
France,2007-12-01,0.6999999999999993,-0.3573212315566903,Phoenix
France,2008-01-01,2.966666666666667,0.5581807553092095,Phoenix
France,2008-02-01,6,1.7833378259679868,Phoenix
France,2008-03-01,1.7763568394002505e-15,-0.6400497863240995,Phoenix
France,2008-04-01,3.3663253093862e-4,-0.6399138211398716,Phoenix
France,2008-05-01,-0.03080662053860194,-0.6524925167557386,Phoenix
France,2008-06-01,4,0.9755419552039578,Phoenix
France,2008-07-01,2.548844366318713,0.389423190842107,Phoenix
France,2008-08-01,2.1249999999999982,0.2182333263626799,Phoenix
France,2008-09-01,1.7763568394002505e-15,-0.6400497863240995,Phoenix
France,2008-10-01,1.9457142142714243,0.14582016766356665,Phoenix
France,2008-11-01,-0.7550678922591842,-0.9450201490808339,Phoenix
France,2008-12-01,2.4183929376500934,0.3367341281352174,Phoenix
France,2009-01-01,-1.666666666666666,-1.3132130119607905,Phoenix
France,2009-02-01,-0.804986539594795,-0.96518218767675,Phoenix
France,2009-03-01,0.9857142857142877,-0.24192182144754223,Phoenix
France,2009-04-01,2.9903704303781424,0.5677546565330576,Phoenix
France,2009-05-01,3.435603393690565,0.7475833311789613,Phoenix
France,2009-06-01,-2.7500000000000018,-1.7507691086246406,Phoenix
France,2009-07-01,1,-0.23615185094208568,Phoenix
France,2009-08-01,2.5,0.369695052130936,Phoenix
France,2009-09-01,3.5790095555132986,0.8055047838602224,Phoenix
France,2009-10-01,0.7572360817087631,-0.33420369632516433,Phoenix
France,2009-11-01,2.9749170975040222,0.5615130872904295,Phoenix
France,2009-12-01,0.40835694213607177,-0.475115260496428,Phoenix
France,2010-01-01,4,0.9755419552039578,Phoenix
France,2010-02-01,2,0.1677460844399288,Phoenix
France,2010-03-01,1.4499999999999993,-0.054397780020179455,Phoenix
France,2010-04-01,2.212504993112665,0.2535764124165034,Phoenix
France,2010-05-01,3.3999999999999986,0.7332031939747484,Phoenix
France,2010-06-01,2.979469928834117,0.5633519664647973,Phoenix
France,2010-07-01,2.5712207979984374,0.3984609853987644,Phoenix
France,2010-08-01,0.9500000000000012,-0.25634674771118593,Phoenix
France,2010-09-01,2.5296880143391842,0.3816859798281242,Phoenix
France,2010-10-01,-3.552713678800501e-15,-0.6400497863241016,Phoenix
France,2010-11-01,3.081081562180813,0.6043926953843222,Phoenix
France,2010-12-01,4.58,1.2098027577255261,Phoenix
France,2011-01-01,-1.9999999999999984,-1.4478456570881284,Phoenix
France,2011-02-01,1.858812604908005,0.11072078706030722,Phoenix
France,2011-03-01,2.393069762993676,0.3265061501741722,Phoenix
France,2011-04-01,2.1827989105915293,0.24157818701792894,Phoenix
France,2011-05-01,1.3146654701575464,-0.1090591172094418,Phoenix
France,2011-06-01,0.9750000000000014,-0.24624929932663547,Phoenix
France,2011-07-01,3.641808702099493,0.8308692295101388,Phoenix
France,2011-08-01,4,0.9755419552039578,Phoenix
France,2011-09-01,0.7987432773747614,-0.3174390256921703,Phoenix
France,2011-10-01,2.1455189224315045,0.226520876769029,Phoenix
France,2011-11-01,1.4161878771933143,-0.06805442661268264,Phoenix
France,2011-12-01,2.5,0.369695052130936,Phoenix
France,2012-01-01,2.583077707206124,0.4032499665477611,Phoenix
France,2012-02-01,2.6666666666666643,0.43701137469460416,Phoenix
France,2012-03-01,3.6163857589240624,0.8206009552502482,Phoenix
France,2012-04-01,6,1.7833378259679868,Phoenix
France,2012-05-01,2.3424135747622508,0.3060462203331769,Phoenix
France,2012-06-01,2.5,0.369695052130936,Phoenix
France,2012-07-01,0.7255091267712057,-0.347018147920402,Phoenix
France,2012-08-01,2.3424135747622508,0.3060462203331769,Phoenix
France,2012-09-01,2.5,0.369695052130936,Phoenix
France,2012-10-01,1.5809283706004926,-0.0015160814517089516,Phoenix
France,2012-11-01,-0.75,-0.9429732378606109,Phoenix
France,2012-12-01,2.9999999999999964,0.5716440198219418,Phoenix
France,2013-01-01,0.9500000000000012,-0.25634674771118593,Phoenix
France,2013-02-01,6,1.7833378259679868,Phoenix
France,2013-03-01,2.7928530890209107,0.48797781015672714,Phoenix
France,2013-04-01,2.6096731726272395,0.41399182012187336,Phoenix
France,2013-05-01,1.6712067873811236,0.03494718469554491,Phoenix
France,2013-06-01,-5.999999999999999,-3.0634373986161867,Phoenix
France,2013-07-01,-3.2241234847565474,-1.9422666052339355,Phoenix
France,2013-08-01,1.0928511160629242,-0.1986494768663548,Phoenix
France,2013-09-01,2.1999999999999993,0.2485256715163314,Phoenix
France,2013-10-01,-0.8749999999999982,-0.993460479783362,Phoenix
France,2013-11-01,3.3033845846325445,0.694180427181758,Phoenix
France,2013-12-01,2.916895160475842,0.5380781467178822,Phoenix
France,2014-01-01,2.966666666666667,0.5581807553092095,Phoenix
France,2014-02-01,1,-0.23615185094208568,Phoenix
France,2014-03-01,1.1210973438588765,-0.1872408837772396,Phoenix
France,2014-04-01,1.2249999999999996,-0.14527481548113255,Phoenix
France,2014-05-01,2.347281323269014,0.30801229390501744,Phoenix
France,2014-06-01,-0.4000000000000003,-0.8016089604769061,Phoenix
France,2014-07-01,3.171206787381127,0.640794087768568,Phoenix
France,2014-08-01,2.833333333333332,0.5043276972582738,Phoenix
France,2014-09-01,2.833333333333332,0.5043276972582738,Phoenix
France,2014-10-01,2.0460605656619553,0.18634985181332023,Phoenix
France,2014-11-01,1.3499999999999996,-0.09478757355838076,Phoenix
France,2014-12-01,1.3352521560673054,-0.10074419727413213,Phoenix
France,2015-01-01,1.3205219233816283,-0.10669370784357377,Phoenix
France,2015-02-01,3.8967848915419783,0.9338535859975321,Phoenix
France,2015-03-01,1.7763568394002505e-15,-0.6400497863240995,Phoenix
France,2015-04-01,3.666666666666666,0.8409093100766194,Phoenix
France,2015-05-01,1.0399999999999974,-0.21999593352680616,Phoenix
France,2015-06-01,-0.07702417061364564,-0.6711596898094636,Phoenix
France,2015-07-01,3.7377018105278967,0.8696002580217349,Phoenix
France,2015-08-01,4.032567792233447,0.9886960192469975,Phoenix
France,2015-09-01,4.33333333333333,1.1101746003312947,Phoenix
France,2015-10-01,6,1.7833378259679868,Phoenix
France,2015-11-01,2.893673812222879,0.5286990921017236,Phoenix
France,2015-12-01,-1.8791183578731463,-1.3990218114075053,Phoenix
France,2016-01-01,1.333333333333334,-0.10151920581474728,Phoenix
France,2016-02-01,1.551667623765386,-0.013334436686144365,Phoenix
France,2016-03-01,1.773867038174071,0.07641144803661622,Phoenix
France,2016-04-01,2,0.1677460844399288,Phoenix
France,2016-05-01,1,-0.23615185094208568,Phoenix
France,2016-06-01,-0.0666666666666682,-0.6669763153495684,Phoenix
France,2016-07-01,2.308643807691295,0.29240668113488644,Phoenix
France,2016-08-01,5.199999999999996,1.4602194776623734,Phoenix
France,2016-09-01,-2.1999999999999993,-1.5286252441645316,Phoenix
France,2016-10-01,-3.62,-2.1021603124069923,Phoenix
France,2016-11-01,4.999999999999998,1.3794398905859715,Phoenix
France,2016-12-01,2.266499161421603,0.27538454551915237,Phoenix
France,2017-01-01,1.7763568394002505e-15,-0.6400497863240995,Phoenix
France,2017-02-01,0.6666666666666661,-0.3707844960694241,Phoenix
France,2017-03-01,0.4999999999999982,-0.43810081863309364,Phoenix
France,2017-04-01,-4.27525512860841,-2.3668165060004056,Phoenix
France,2017-05-01,-4.400000000000001,-2.417200702004964,Phoenix
France,2017-06-01,0.1496938456699084,-0.5795887511186303,Phoenix
France,2017-07-01,-0.9999999999999982,-1.0439477217061137,Phoenix
France,2017-08-01,1,-0.23615185094208568,Phoenix
France,2017-09-01,2.9999999999999964,0.5716440198219418,Phoenix
France,2017-10-01,1.799999999999999,0.08696649736352546,Phoenix
France,2017-11-01,1.2399999999999949,-0.13921634645040426,Phoenix
France,2017-12-01,1.7763568394002505e-15,-0.6400497863240995,Phoenix
France,2018-01-01,1.841871113876861,0.1038781538105353,Phoenix
France,2018-02-01,3.6999999999999993,0.8543725745893532,Phoenix
France,2018-03-01,-1.5689903988410112,-1.273761769050188,Phoenix
France,2018-04-01,-1.6779715471649546,-1.3177790298537897,Phoenix
France,2018-05-01,2.9978250586152093,0.5707655654870494,Phoenix
France,2018-06-01,2.6000000000000014,0.41008484566913805,Phoenix
France,2018-07-01,-6.478673501382752,-3.25677263754676,Phoenix
France,2018-08-01,-2.5999999999999996,-1.6901844183173376,Phoenix
France,2018-09-01,2.9499999999999993,0.5514491230528422,Phoenix
France,2018-10-01,-2.400000000000002,-1.6094048312409357,Phoenix
France,2018-11-01,4.100159234053786,1.0159960630477258,Phoenix
France,2018-12-01,2.8453894574149565,0.5091971408835512,Phoenix
France,2019-01-01,5.305334046624289,1.5027636816193581,Phoenix
France,2019-02-01,1,-0.23615185094208568,Phoenix
France,2019-03-01,-4.000000000000001,-2.255641527852158,Phoenix
Germany,2002-01-01,NA,NA,Phoenix
Germany,2002-02-01,NA,NA,Phoenix
Germany,2002-03-01,2.366666666666667,0.2659630095122611,Phoenix
Germany,2002-04-01,2.3231602419489423,0.24940598707654088,Phoenix
Germany,2002-05-01,5.199999999999996,1.3442305038476852,Phoenix
Germany,2002-06-01,-1.5358983848622485,-1.2192166515205927,Phoenix
Germany,2002-07-01,6,1.6486825022482774,Phoenix
Germany,2002-08-01,1.7763568394002505e-15,-0.6347074857561529,Phoenix
Germany,2002-09-01,2.063635319424309,0.1506398854548119,Phoenix
Germany,2002-10-01,-4.1,-2.195023977559181,Phoenix
Germany,2002-11-01,2.8000000000000025,0.4308745086459152,Phoenix
Germany,2002-12-01,1.4182030548427509,-0.09498904302528083,Phoenix
Germany,2003-01-01,2.549999999999997,0.33573325914572855,Phoenix
Germany,2003-02-01,3.333333333333334,0.6338425075796417,Phoenix
Germany,2003-03-01,3.0050851431172596,0.5089227357263153,Phoenix
Germany,2003-04-01,2.037494484853834,0.14069159879876156,Phoenix
Germany,2003-05-01,1.1367532368147142,-0.20209899246042884,Phoenix
Germany,2003-06-01,5.266666666666666,1.3696015037144023,Phoenix
Germany,2003-07-01,2,0.12642251024532344,Phoenix
Germany,2003-08-01,1.8787061505542884,0.08026231667351433,Phoenix
Germany,2003-09-01,1.7585440086403796,0.034532811376283196,Phoenix
Germany,2003-10-01,1.7499999999999964,0.03128126074513748,Phoenix
Germany,2003-11-01,4,0.8875525062468005,Phoenix
Germany,2003-12-01,3.0308049020381276,0.5187107757286149,Phoenix
Germany,2004-01-01,-0.5,-0.8249899847565229,Phoenix
Germany,2004-02-01,1.3568930472344096,-0.11832148594817449,Phoenix
Germany,2004-03-01,3.542171979122873,0.7133191863970146,Phoenix
Germany,2004-04-01,3.5,0.6972700072464312,Phoenix
Germany,2004-05-01,2.6038292731044876,0.35621879635712017,Phoenix
Germany,2004-06-01,1.7499999999999964,0.03128126074513748,Phoenix
Germany,2004-07-01,2.4905810137682938,0.3131204727692544,Phoenix
Germany,2004-08-01,1.7234811339200515,0.02118910852844139,Phoenix
Germany,2004-09-01,1,-0.25414248775541504,Phoenix
Germany,2004-10-01,4.055213871621778,0.9085649731901553,Phoenix
Germany,2004-11-01,-0.09498055367456182,-0.6708537599754222,Phoenix
Germany,2004-12-01,0.7778821280323953,-0.3386727752566948,Phoenix
Germany,2005-01-01,1.9000000000000004,0.08836601044524973,Phoenix
Germany,2005-02-01,6,1.6486825022482774,Phoenix
Germany,2005-03-01,-2.299999999999999,-1.5100069811578518,Phoenix
Germany,2005-04-01,1.767801696845284,0.038055963469474124,Phoenix
Germany,2005-05-01,-7,-3.298662471761323,Phoenix
Germany,2005-06-01,-1.6250000000000018,-1.2531256075073542,Phoenix
Germany,2005-07-01,1,-0.25414248775541504,Phoenix
Germany,2005-08-01,6.399999999999999,1.8009085014485724,Phoenix
Germany,2005-09-01,2.803260484392812,0.43211533488234616,Phoenix
Germany,2005-10-01,-0.04999999999999716,-0.6537357356561894,Phoenix
Germany,2005-11-01,2.5115164186373384,0.3210877550813871,Phoenix
Germany,2005-12-01,1.448156188767019,-0.08358992867327592,Phoenix
Germany,2006-01-01,0.46848271495245264,-0.4564193622768929,Phoenix
Germany,2006-02-01,2.716112917113051,0.3989500211147548,Phoenix
Germany,2006-03-01,-0.5,-0.8249899847565229,Phoenix
Germany,2006-04-01,0.992583909030028,-0.25696479240057574,Phoenix
Germany,2006-05-01,0.6237876750374056,-0.39731573045265794,Phoenix
Germany,2006-06-01,3.7500000000000018,0.7924112567466165,Phoenix
Germany,2006-07-01,2.613353879668937,0.3598435282352776,Phoenix
Germany,2006-08-01,1.5642985663116722,-0.03939020499519392,Phoenix
Germany,2006-09-01,2.492305621595156,0.31377679814343623,Phoenix
Germany,2006-10-01,1.8459498417995324,0.06779641209774905,Phoenix
Germany,2006-11-01,-0.9191954750792471,-0.9845211098919752,Phoenix
Germany,2006-12-01,-1.219195475079248,-1.098690609292197,Phoenix
Germany,2007-01-01,-3.8287932126188737,-2.0918121670616965,Phoenix
Germany,2007-02-01,1.6066740362440513,-0.023263584365097727,Phoenix
Germany,2007-03-01,2.626276011906292,0.36476123946435185,Phoenix
Germany,2007-04-01,-5.625631458127447,-2.7756259103713172,Phoenix
Germany,2007-05-01,1.5333333333333332,-0.051174488821687895,Phoenix
Germany,2007-06-01,2.9000000000000004,0.46893100844598823,Phoenix
Germany,2007-07-01,5.305334046624289,1.3843169550906689,Phoenix
Germany,2007-08-01,1.537445037509709,-0.04960971813002579,Phoenix
Germany,2007-09-01,-0.9799115438824568,-1.0076275204946814,Phoenix
Germany,2007-10-01,-0.6675438458802567,-0.8887513081289787,Phoenix
Germany,2007-11-01,3.65,0.754354756946542,Phoenix
Germany,2007-12-01,2.133333333333333,0.17716450997875507,Phoenix
Germany,2008-01-01,0.8487953849798604,-0.3116856717682569,Phoenix
Germany,2008-02-01,1,-0.25414248775541504,Phoenix
Germany,2008-03-01,3.146884979063639,0.5628867900097543,Phoenix
Germany,2008-04-01,0.133331361862167,-0.5839662362956423,Phoenix
Germany,2008-05-01,2.768331253021275,0.4188224920152699,Phoenix
Germany,2008-06-01,2.080299461746927,0.1569816747445031,Phoenix
Germany,2008-07-01,-1.034687897854706,-1.028473483534618,Phoenix
Germany,2008-08-01,4.499999999999998,1.077835005247169,Phoenix
Germany,2008-09-01,2.8645187066768507,0.4554280701234002,Phoenix
Germany,2008-10-01,1.7250000000000032,0.021767135795121583,Phoenix
Germany,2008-11-01,6,1.6486825022482774,Phoenix
Germany,2008-12-01,4.192123911393768,0.9606681422022639,Phoenix
Germany,2009-01-01,2.576507584655422,0.3458211180471248,Phoenix
Germany,2009-02-01,2.421206787381127,0.2867190704429196,Phoenix
Germany,2009-03-01,2.6999999999999993,0.3928180088458401,Phoenix
Germany,2009-04-01,7.9999999999999964,2.409812498249753,Phoenix
Germany,2009-05-01,-4.749999999999999,-2.442391226259661,Phoenix
Germany,2009-06-01,1,-0.25414248775541504,Phoenix
Germany,2009-07-01,0.7289701082909819,-0.3572869779517979,Phoenix
Germany,2009-08-01,3.799999999999997,0.8114395066466517,Phoenix
Germany,2009-09-01,3.745061533191668,0.7905318491355763,Phoenix
Germany,2009-10-01,1.4146621596357392,-0.09633658380265807,Phoenix
Germany,2009-11-01,3.5500000000000007,0.7162982571464684,Phoenix
Germany,2009-12-01,-1.9999999999999984,-1.39583748175763,Phoenix
Germany,2010-01-01,-4.331302701039986,-2.283049689518029,Phoenix
Germany,2010-02-01,-0.7315172850475502,-0.9130973598777802,Phoenix
Germany,2010-03-01,-1.3666666666666654,-1.154812983023829,Phoenix
Germany,2010-04-01,3.4749999999999996,0.6877558822964126,Phoenix
Germany,2010-05-01,2.865723203362375,0.45588645940211864,Phoenix
Germany,2010-06-01,2.9499999999999993,0.48795925834602477,Phoenix
Germany,2010-07-01,1.7504188859067344,0.03144067405939776,Phoenix
Germany,2010-08-01,2.5,0.3167050092456927,Phoenix
Germany,2010-09-01,1.7763568394002505e-15,-0.6347074857561529,Phoenix
Germany,2010-10-01,2.9983141277249423,0.5063459242670751,Phoenix
Germany,2010-11-01,1.5599999999999987,-0.041026088875001976,Phoenix
Germany,2010-12-01,1.666666666666666,-4.324890882562726e-4,Phoenix
Germany,2011-01-01,1.9327600753263248,0.10083334844631643,Phoenix
Germany,2011-02-01,2.6000000000000014,0.3547615090457671,Phoenix
Germany,2011-03-01,0.27849195285858386,-0.5287231962733049,Phoenix
Germany,2011-04-01,2.635867975783139,0.36841160517796734,Phoenix
Germany,2011-05-01,2.050055946305509,0.14547205135100458,Phoenix
Germany,2011-06-01,1.4894110520986317,-0.06788977169195996,Phoenix
Germany,2011-07-01,5.063699407000247,1.2923592689452361,Phoenix
Germany,2011-08-01,1.7763568394002505e-15,-0.6347074857561529,Phoenix
Germany,2011-09-01,3.299999999999999,0.6211570076462831,Phoenix
Germany,2011-10-01,-0.2500000000000018,-0.7298487352563389,Phoenix
Germany,2011-11-01,2.3589456934946806,0.2630246773725003,Phoenix
Germany,2011-12-01,2,0.12642251024532344,Phoenix
Germany,2012-01-01,-0.75,-0.9201312342567074,Phoenix
Germany,2012-02-01,0.9419489007436256,-0.27623470422785784,Phoenix
Germany,2012-03-01,6,1.6486825022482774,Phoenix
Germany,2012-04-01,3.458983390111184,0.681660521186097,Phoenix
Germany,2012-05-01,1,-0.25414248775541504,Phoenix
Germany,2012-06-01,0.3428571428571434,-0.5042280578701859,Phoenix
Germany,2012-07-01,-0.7243043205809077,-0.910352358069953,Phoenix
Germany,2012-08-01,-1.6910648378812976,-1.2782675724035688,Phoenix
Germany,2012-09-01,0.5722410394694606,-0.41693257571451775,Phoenix
Germany,2012-10-01,1.7666666666666675,0.03762401071181812,Phoenix
Germany,2012-11-01,-2.35124009447415,-1.5295071676089647,Phoenix
Germany,2012-12-01,-8.059122595971425,-3.7017274603797254,Phoenix
Germany,2013-01-01,-10,-4.4403574657635385,Phoenix
Germany,2013-02-01,2.8497692171126285,0.44981493065688005,Phoenix
Germany,2013-03-01,2.7999999999999954,0.4308745086459125,Phoenix
Germany,2013-04-01,3.1005669951562904,0.5452597865566559,Phoenix
Germany,2013-05-01,3.4076804047022424,0.6621364006465111,Phoenix
Germany,2013-06-01,1,-0.25414248775541504,Phoenix
Germany,2013-07-01,-2.5147186257614305,-1.5917213745414722,Phoenix
Germany,2013-08-01,1,-0.25414248775541504,Phoenix
Germany,2013-09-01,2.6138065571837643,0.36001580145280293,Phoenix
Germany,2013-10-01,1,-0.25414248775541504,Phoenix
Germany,2013-11-01,1.8065090036471096,0.05278660960512484,Phoenix
Germany,2013-12-01,-0.5,-0.8249899847565229,Phoenix
Germany,2014-01-01,2.382798898786909,0.2721023723968484,Phoenix
Germany,2014-02-01,-5.468273325624266,-2.715740912989844,Phoenix
Germany,2014-03-01,3.759149431308943,0.7958932100544117,Phoenix
Germany,2014-04-01,-0.6224961222603245,-0.8716077212796214,Phoenix
Germany,2014-05-01,4.899999999999997,1.230061004447464,Phoenix
Germany,2014-06-01,3.091523517211874,0.5418181553908192,Phoenix
Germany,2014-07-01,1.4887443418953,-0.06814349825915798,Phoenix
Germany,2014-08-01,0.8750000000000018,-0.3017131125055067,Phoenix
Germany,2014-09-01,1.1250000000000018,-0.20657186300532207,Phoenix
Germany,2014-10-01,2.404188639899658,0.2802425591806581,Phoenix
Germany,2014-11-01,4,0.8875525062468005,Phoenix
Germany,2014-12-01,3.696938456699071,0.7722178906263817,Phoenix
Germany,2015-01-01,3.3999999999999986,0.6592135074463569,Phoenix
Germany,2015-02-01,1.0999999999999996,-0.21608598795534134,Phoenix
Germany,2015-03-01,2.321661558028964,0.24883564043353062,Phoenix
Germany,2015-04-01,3.666666666666666,0.7606975069132208,Phoenix
Germany,2015-05-01,3.5,0.6972700072464312,Phoenix
Germany,2015-06-01,1.7763568394002505e-15,-0.6347074857561529,Phoenix
Germany,2015-07-01,3.819408684274285,0.8188257725386929,Phoenix
Germany,2015-08-01,4.731628174711624,1.1659845810932135,Phoenix
Germany,2015-09-01,5.700000000000003,1.534513002848057,Phoenix
Germany,2015-10-01,3.181890859322261,0.5762088027603909,Phoenix
Germany,2015-11-01,2.5,0.3167050092456927,Phoenix
Germany,2015-12-01,7.400000000000002,2.181473499449312,Phoenix
Germany,2016-01-01,5.199999999999996,1.3442305038476852,Phoenix
Germany,2016-02-01,4.3264477293337595,1.0117870857080482,Phoenix
Germany,2016-03-01,3.5,0.6972700072464312,Phoenix
Germany,2016-04-01,2.25,0.22156375974550807,Phoenix
Germany,2016-05-01,2.783124816096908,0.42445240431757203,Phoenix
Germany,2016-06-01,3.337700354423122,0.635504442951946,Phoenix
Germany,2016-07-01,1.7763568394002505e-15,-0.6347074857561529,Phoenix
Germany,2016-08-01,0.48912529307605546,-0.44856351957455387,Phoenix
Germany,2016-09-01,1,-0.25414248775541504,Phoenix
Germany,2016-10-01,-1.9999999999999984,-1.39583748175763,Phoenix
Germany,2016-11-01,1.7763568394002505e-15,-0.6347074857561529,Phoenix
Germany,2016-12-01,-4.6,-2.3853064765595504,Phoenix
Germany,2017-01-01,-1.207488569221585,-1.0942353706878807,Phoenix
Germany,2017-02-01,1.5000000000000018,-0.06385998875504512,Phoenix
Germany,2017-03-01,-3.833333333333333,-2.0935399780923176,Phoenix
Germany,2017-04-01,0.48912529307605546,-0.44856351957455387,Phoenix
Germany,2017-05-01,1.3040300116652634,-0.13843930697385956,Phoenix
Germany,2017-06-01,0.5549044502465819,-0.42353027475746224,Phoenix
Germany,2017-07-01,1.9333333333333336,0.10105151037860764,Phoenix
Germany,2017-08-01,-2.200000000000003,-1.4719504813577793,Phoenix
Germany,2017-09-01,3.233333333333329,0.5957860077795659,Phoenix
Germany,2017-10-01,3.3999999999999986,0.6592135074463569,Phoenix
Germany,2017-11-01,2.649999999999997,0.3737897589458023,Phoenix
Germany,2017-12-01,-1.1779308804745554,-1.0829867489289609,Phoenix
Germany,2018-01-01,2.76375490051978,0.4170808924346878,Phoenix
Germany,2018-02-01,1.9333333333333336,0.10105151037860764,Phoenix
Germany,2018-03-01,2.2177714355937255,0.20929869619666755,Phoenix
Germany,2018-04-01,2.5084650817214467,0.31992652305409114,Phoenix
Germany,2018-05-01,2.8691501888882964,0.4571906501419395,Phoenix
Germany,2018-06-01,-1.9999999999999984,-1.39583748175763,Phoenix
Germany,2018-07-01,1.3833072783736604,-0.10826915412747445,Phoenix
Germany,2018-08-01,-2.5999999999999996,-1.6241764805580736,Phoenix
Germany,2018-09-01,3.3999999999999986,0.6592135074463569,Phoenix
Germany,2018-10-01,4,0.8875525062468005,Phoenix
Germany,2018-11-01,5.418713521262703,1.4274652146297615,Phoenix
Germany,2018-12-01,-2.411246567284474,-1.552343530814057,Phoenix
Germany,2019-01-01,6.099999999999994,1.6867390020483493,Phoenix
Germany,2019-02-01,2.1999999999999993,0.2025355098454709,Phoenix
Germany,2019-03-01,4,0.8875525062468005,Phoenix
India,2002-01-01,1.2933319867108022,-0.05700860567746012,Phoenix
India,2002-02-01,1.575703152573503,0.09871408627620316,Phoenix
India,2002-03-01,1.8645602309127336,0.25801364397511806,Phoenix
India,2002-04-01,2.966666666666667,0.8658058045900899,Phoenix
India,2002-05-01,2.6999999999999993,0.7187438655256915,Phoenix
India,2002-06-01,3.194936836180837,0.9916927561875125,Phoenix
India,2002-07-01,2.8000000000000025,0.7738920926748425,Phoenix
India,2002-08-01,5.199999999999996,2.097449544254421,Phoenix
India,2002-09-01,1.4666666666666686,0.03858239735285197,Phoenix
India,2002-10-01,3.1666666666666643,0.9761022588883871,Phoenix
India,2002-11-01,-1.7533621710771854,-1.7372064203542397,Phoenix
India,2002-12-01,1.2859730604295798,-0.06106692305876708,Phoenix
India,2003-01-01,2.224407702624614,0.4564631450652564,Phoenix
India,2003-02-01,2.5,0.6084474112273933,Phoenix
India,2003-03-01,-0.6333333333333364,-1.1195303727792854,Phoenix
India,2003-04-01,1.4284827149524482,0.017524624926972227,Phoenix
India,2003-05-01,3.277513973175296,1.037232583270481,Phoenix
India,2003-06-01,0.9792240967763312,-0.23023353831192198,Phoenix
India,2003-07-01,2.349999999999998,0.5257250705036682,Phoenix
India,2003-08-01,2.6666666666666696,0.7003611231426438,Phoenix
India,2003-09-01,2.5,0.6084474112273933,Phoenix
India,2003-10-01,3.0917560663192756,0.9347903908500178,Phoenix
India,2003-11-01,3.0654363409360794,0.9202755289106604,Phoenix
India,2003-12-01,2.747471191587419,0.7449233860927295,Phoenix
India,2004-01-01,2.4066533864014854,0.5569684087240458,Phoenix
India,2004-02-01,1.3249999999999975,-0.039544257775111905,Phoenix
India,2004-03-01,-1.4393966063094368,-1.5640599775260122,Phoenix
India,2004-04-01,2.3424135747622508,0.5215412914810551,Phoenix
India,2004-05-01,1.6166666666666671,0.12130473807657507,Phoenix
India,2004-06-01,1.5086632481472029,0.061742767502614586,Phoenix
India,2004-07-01,1.5673292192132475,0.09409601048537107,Phoenix
India,2004-08-01,1,-0.21877599600984565,Phoenix
India,2004-09-01,-1.6400000000000006,-1.6746891927473866,Phoenix
India,2004-10-01,2,0.332706275481647,Phoenix
India,2004-11-01,3.371671843543872,1.0891589795001448,Phoenix
India,2004-12-01,1.9047533263121732,0.2801794235242753,Phoenix
India,2005-01-01,3.1742289548396503,0.9802727267476987,Phoenix
India,2005-02-01,3.2440877741234484,1.0187986270900413,Phoenix
India,2005-03-01,1.6565089459852531,0.1432770487765874,Phoenix
India,2005-04-01,2.831769377497185,0.7914123411408595,Phoenix
India,2005-05-01,1.599999999999996,0.11211336688504779,Phoenix
India,2005-06-01,2.859911760779246,0.8069323665984347,Phoenix
India,2005-07-01,2.6374999999999957,0.6842762235574712,Phoenix
India,2005-08-01,3.7500000000000018,1.29780025059176,Phoenix
India,2005-09-01,4.06280727726835,1.470307918398778,Phoenix
India,2005-10-01,0.07946135782017016,-0.7264367373948726,Phoenix
India,2005-11-01,2.3257130604818492,0.5123312539306232,Phoenix
India,2005-12-01,2.409349291397165,0.5584551525347884,Phoenix
India,2006-01-01,1.9759048094846356,0.3194182050842136,Phoenix
India,2006-02-01,-0.3434528380322348,-0.9596664187695548,Phoenix
India,2006-03-01,-0.5884226097472354,-1.0947629049216958,Phoenix
India,2006-04-01,-1.3060839815002296,-1.4905404283777375,Phoenix
India,2006-05-01,2.7372789108343785,0.7393025239513638,Phoenix
India,2006-06-01,1.8301604705500747,0.23904278599155593,Phoenix
India,2006-07-01,3.2439353187012383,1.0187145506274997,Phoenix
India,2006-08-01,3.524234614174766,1.1732946427927058,Phoenix
India,2006-09-01,3.608650471698555,1.2198484916498271,Phoenix
India,2006-10-01,5.657400251870477,2.3496976741367352,Phoenix
India,2006-11-01,2.824360549192887,0.7873265036785148,Phoenix
India,2006-12-01,2.166666666666668,0.42461998739689644,Phoenix
India,2007-01-01,1.560603393690565,0.09038683694846665,Phoenix
India,2007-02-01,4.143291473185899,1.5146935255825542,Phoenix
India,2007-03-01,0.6685322891691357,-0.401574562104936,Phoenix
India,2007-04-01,0.1261286825260921,-0.7007005351616197,Phoenix
India,2007-05-01,1.854949454815662,0.25271347134230887,Phoenix
India,2007-06-01,3.617352004479155,1.2246472327131304,Phoenix
India,2007-07-01,2.093556263722327,0.38430089631149306,Phoenix
India,2007-08-01,-0.45131576882038793,-1.019150912850335,Phoenix
India,2007-09-01,2.5591848266002604,0.641086793838735,Phoenix
India,2007-10-01,2.0370653010530937,0.35314713189992314,Phoenix
India,2007-11-01,3.047187990689917,0.9102118872659344,Phoenix
India,2007-12-01,4.80598878164302,1.8801593425617855,Phoenix
India,2008-01-01,0.9347871862315138,-0.2547397066772421,Phoenix
India,2008-02-01,4.999999999999998,1.987153089956124,Phoenix
India,2008-03-01,1.7658332525702036,0.20356746570128825,Phoenix
India,2008-04-01,2.224478140682468,0.45650199040540124,Phoenix
India,2008-05-01,0.4509291341851735,-0.5215788442992066,Phoenix
India,2008-06-01,1.7705713486851185,0.20618044170928648,Phoenix
India,2008-07-01,3.918767590462739,1.3908725847342964,Phoenix
India,2008-08-01,1.470771593068612,0.04084619148930116,Phoenix
India,2008-09-01,1.800829516424452,0.22286728478534482,Phoenix
India,2008-10-01,2.132456154119744,0.40575349622863066,Phoenix
India,2008-11-01,3.5420423089840636,1.1831152707761645,Phoenix
India,2008-12-01,2.4654079005306215,0.5893704816363609,Phoenix
India,2009-01-01,0.43811283839492,-0.5286468042137226,Phoenix
India,2009-02-01,1.015126109707051,-0.21043421466977166,Phoenix
India,2009-03-01,-1.576182804242805,-1.639495140670991,Phoenix
India,2009-04-01,3.421437162401821,1.116603670585425,Phoenix
India,2009-05-01,-2.6277186767309875,-2.2193985321855623,Phoenix
India,2009-06-01,1.934141701211173,0.2963865912690193,Phoenix
India,2009-07-01,2.4421491844441796,0.5765437120570341,Phoenix
India,2009-08-01,1.4799713084858812,0.04591967144469206,Phoenix
India,2009-09-01,0.6223677432958361,-0.4270334907255164,Phoenix
India,2009-10-01,-0.2454251881818621,-0.9056059077610986,Phoenix
India,2009-11-01,1.748747665304009,0.19414506722596114,Phoenix
India,2009-12-01,1.1110744506295678,-0.15752040567198194,Phoenix
India,2010-01-01,-0.07735308523022333,-0.8129171226509769,Phoenix
India,2010-02-01,3.799999999999997,1.3253743641663323,Phoenix
India,2010-03-01,2.159882493933189,0.4208786364076469,Phoenix
India,2010-04-01,2.621928814168053,0.6756889906250553,Phoenix
India,2010-05-01,2.2613091610850784,0.4768136451983824,Phoenix
India,2010-06-01,-3.5208734863857876,-2.711957575407544,Phoenix
India,2010-07-01,0.9109934037589404,-0.2678615558825913,Phoenix
India,2010-08-01,2.775002477207554,0.7601064020236027,Phoenix
India,2010-09-01,0.6952507764667093,-0.38683979003925345,Phoenix
India,2010-10-01,1.7941371241062267,0.21917654906797768,Phoenix
India,2010-11-01,1.5728729287935597,0.09715326803721076,Phoenix
India,2010-12-01,2.8401835649207055,0.7960526163339376,Phoenix
India,2011-01-01,-0.31888906286191876,-0.9461199322422227,Phoenix
India,2011-02-01,0.4412649009293723,-0.5269084976073396,Phoenix
India,2011-03-01,1.9516578625149383,0.3060464436926312,Phoenix
India,2011-04-01,3.949920867658147,1.4080530648064242,Phoenix
India,2011-05-01,1.3000000000000025,-0.05333131456239648,Phoenix
India,2011-06-01,3.0347397970071395,0.9033469291377902,Phoenix
India,2011-07-01,0.27386337537059724,-0.619227471173634,Phoenix
India,2011-08-01,-0.7731951617898449,-1.196661691631434,Phoenix
India,2011-09-01,1.7204999068987004,0.1785669292560586,Phoenix
India,2011-10-01,2.3149912544567446,0.5064183679894073,Phoenix
India,2011-11-01,1.637516174612221,0.1328028720778691,Phoenix
India,2011-12-01,2.021938108560615,0.344804753422882,Phoenix
India,2012-01-01,1.872450407478464,0.26236493647005604,Phoenix
India,2012-02-01,1.304876927774698,-0.050641775355307395,Phoenix
India,2012-03-01,2.064014027080809,0.36800887654348946,Phoenix
India,2012-04-01,1.4659973384920733,0.038213274730752894,Phoenix
India,2012-05-01,1.87699080508712,0.2648688852567522,Phoenix
India,2012-06-01,-0.5004492099435502,-1.0462471345671303,Phoenix
India,2012-07-01,2.009476196782016,0.33793223000809347,Phoenix
India,2012-08-01,2.2750000000000004,0.4843639001418077,Phoenix
India,2012-09-01,1.5643018894878278,0.09242649181184287,Phoenix
India,2012-10-01,3.7500000000000018,1.29780025059176,Phoenix
India,2012-11-01,-0.7534796960503805,-1.1857889618019215,Phoenix
India,2012-12-01,-1.040000000000001,-1.3437998298524911,Phoenix
India,2013-01-01,0.8166666666666647,-0.3198810791166204,Phoenix
India,2013-02-01,2.8267198553192543,0.7886276191802275,Phoenix
India,2013-03-01,2.2115963577181645,0.4493979154753868,Phoenix
India,2013-04-01,-0.24836577658389913,-0.9072275901325756,Phoenix
India,2013-05-01,0.186142285407632,-0.6676040971241197,Phoenix
India,2013-06-01,3.4247551208148117,1.1184334658277353,Phoenix
India,2013-07-01,1.6706625568314095,0.15108251423583235,Phoenix
India,2013-08-01,-0.02347766974433618,-0.7832057861412719,Phoenix
India,2013-09-01,1.833333333333332,0.24079256356639744,Phoenix
India,2013-10-01,2.0533113362757316,0.3621065323072343,Phoenix
India,2013-11-01,0.3064960809719892,-0.6012311125636652,Phoenix
India,2013-12-01,0.3249999999999993,-0.5910265292666036,Phoenix
India,2014-01-01,-1.0949125993828712,-1.3740831548936587,Phoenix
India,2014-02-01,3.561097152340688,1.1936236790733903,Phoenix
India,2014-03-01,1.8927092152177636,0.27353730977983437,Phoenix
India,2014-04-01,1.660655487180529,0.1455637927337912,Phoenix
India,2014-05-01,0.9877680233652146,-0.22552171426922796,Phoenix
India,2014-06-01,3.1640558969691757,0.9746624656852749,Phoenix
India,2014-07-01,-0.6069802740624226,-1.1049971277918118,Phoenix
India,2014-08-01,-0.3280620122978153,-0.9511786512334075,Phoenix
India,2014-09-01,2.1698928292753106,0.4263991588805116,Phoenix
India,2014-10-01,1.6571428571428548,0.14362663954170538,Phoenix
India,2014-11-01,0.637285580400329,-0.41880656803339056,Phoenix
India,2014-12-01,3.3982854349493508,1.1038359033409848,Phoenix
India,2015-01-01,-2.081412738473242,-1.91812049242589,Phoenix
India,2015-02-01,0.8352943532013946,-0.30960824023381606,Phoenix
India,2015-03-01,4.767263690244983,1.8588031411938803,Phoenix
India,2015-04-01,0.16666666666666785,-0.6783445555860889,Phoenix
India,2015-05-01,1.8052121489321085,0.2252842289157796,Phoenix
India,2015-06-01,-0.6799999999999997,-1.1452662121155532,Phoenix
India,2015-07-01,0.6741294454788811,-0.3984878296293446,Phoenix
India,2015-08-01,2.5,0.6084474112273933,Phoenix
India,2015-09-01,-1.4744049642290855,-1.5833664662727271,Phoenix
India,2015-10-01,2.3819977150518508,0.5433712430830016,Phoenix
India,2015-11-01,3.3225822131876104,1.062086918644596,Phoenix
India,2015-12-01,2.807562367689428,0.7780626043860608,Phoenix
India,2016-01-01,4.578118510912759,1.75449292805408,Phoenix
India,2016-02-01,0.5245966692414843,-0.4809525047311733,Phoenix
India,2016-03-01,3.0999999999999996,0.9393367741222887,Phoenix
India,2016-04-01,0.3057502219408814,-0.601642440596353,Phoenix
India,2016-05-01,-0.3229153727760803,-0.9483403707794131,Phoenix
India,2016-06-01,0.2123490463515907,-0.6531515330703108,Phoenix
India,2016-07-01,0.8166247903554034,-0.31990417315987646,Phoenix
India,2016-08-01,2.109693845669904,0.39320048666032287,Phoenix
India,2016-09-01,2.543421057223144,0.6323933544953748,Phoenix
India,2016-10-01,3.0109509375619297,0.8902277948947541,Phoenix
India,2016-11-01,-0.6357686960726223,-1.1208734321546525,Phoenix
India,2016-12-01,-3.333333333333332,-2.6085325058063127,Phoenix
India,2017-01-01,-4.8768943743823385,-3.459779054909792,Phoenix
India,2017-02-01,1.2249999999999996,-0.09469248492426,Phoenix
India,2017-03-01,1.7763568394002505e-15,-0.7702582675013373,Phoenix
India,2017-04-01,-1.7221172443478352,-1.7199753971889524,Phoenix
India,2017-05-01,1.9991440048831264,0.3322342093502079,Phoenix
India,2017-06-01,0.4028249398454858,-0.5481074546619259,Phoenix
India,2017-07-01,-3.2398005776687624,-2.5569508492535578,Phoenix
India,2017-08-01,-0.33625281931058204,-0.9556957360901566,Phoenix
India,2017-09-01,1.1907243901477358,-0.11359487610234265,Phoenix
India,2017-10-01,2.7070345576971544,0.7226232993834565,Phoenix
India,2017-11-01,0.6283260175239125,-0.42374760812004764,Phoenix
India,2017-12-01,1.489168481440986,0.05099174927727339,Phoenix
India,2018-01-01,-1.780703115527821,-1.752284466504599,Phoenix
India,2018-02-01,1.9420997883030824,0.30077533521519256,Phoenix
India,2018-03-01,3.0926148832278617,0.9352640131495602,Phoenix
India,2018-04-01,1.6799557710134074,0.15620755710237752,Phoenix
India,2018-05-01,2.833333333333332,0.7922748350578902,Phoenix
India,2018-06-01,1.150002477207556,-0.13605228915007175,Phoenix
India,2018-07-01,1.666666666666666,0.1488788516511491,Phoenix
India,2018-08-01,2.133333333333333,0.4062372450138458,Phoenix
India,2018-09-01,-0.9999999999999982,-1.32174053899283,Phoenix
India,2018-10-01,2,0.332706275481647,Phoenix
India,2018-11-01,1.8654641226757356,0.2585121242577609,Phoenix
India,2018-12-01,1.7323205455274326,0.18508580189751198,Phoenix
India,2019-01-01,4.275450455854619,1.5875768615427048,Phoenix
India,2019-02-01,1.7499999999999964,0.1948357076087719,Phoenix
India,2019-03-01,-1.9999999999999984,-1.873222810484323,Phoenix
Indonesia,2002-01-01,5.199999999999996,1.2067654600945532,Phoenix
Indonesia,2002-02-01,3.588639296153394,0.6289111932985755,Phoenix
Indonesia,2002-03-01,2.1375553403253775,0.10853418934612553,Phoenix
Indonesia,2002-04-01,1.485651122167635,-0.1252468834487396,Phoenix
Indonesia,2002-05-01,2.840500636588695,0.36061923635034376,Phoenix
Indonesia,2002-06-01,3.3999999999999986,0.5612627630573432,Phoenix
Indonesia,2002-07-01,2.1999999999999993,0.13092763169920282,Phoenix
Indonesia,2002-08-01,1.9390320061795592,0.0373412184483782,Phoenix
Indonesia,2002-09-01,2.702741588269861,0.3112171045552955,Phoenix
Indonesia,2002-10-01,-1.950806661517035,-1.3576039765726124,Phoenix
Indonesia,2002-11-01,1.6200555766327795,-0.07704775130925857,Phoenix
Indonesia,2002-12-01,6.599999999999998,1.7088231133457181,Phoenix
Indonesia,2003-01-01,5.593687204780423,1.3479466559138902,Phoenix
Indonesia,2003-02-01,4.644912218755314,1.0077039823801959,Phoenix
Indonesia,2003-03-01,3.7503852104700552,0.6869153177019947,Phoenix
Indonesia,2003-04-01,2.9070044507136075,0.38446834267306174,Phoenix
Indonesia,2003-05-01,2.111845557422205,0.09931433701043718,Phoenix
Indonesia,2003-06-01,1.3621513555257891,-0.16953545703250497,Phoenix
Indonesia,2003-07-01,0.6553223165765498,-0.42301326313581267,Phoenix
Indonesia,2003-08-01,-1.9999999999999984,-1.3752453280542887,Phoenix
Indonesia,2003-09-01,1,-0.29940749965893765,Phoenix
Indonesia,2003-10-01,3.363408688312754,0.5481406572894291,Phoenix
Indonesia,2003-11-01,4,0.7764303287364142,Phoenix
Indonesia,2003-12-01,4.999999999999998,1.1350429382015308,Phoenix
Indonesia,2004-01-01,1.9000000000000004,0.023343848859668028,Phoenix
Indonesia,2004-02-01,4.966666666666667,1.1230891845526942,Phoenix
Indonesia,2004-03-01,1.9000000000000004,0.023343848859668028,Phoenix
Indonesia,2004-04-01,2.633333333333331,0.2863264291340864,Phoenix
Indonesia,2004-05-01,-0.09999999999999964,-0.6938813700705665,Phoenix
Indonesia,2004-06-01,1.9000000000000004,0.023343848859668028,Phoenix
Indonesia,2004-07-01,1.8749999999999984,0.014378533623039414,Phoenix
Indonesia,2004-08-01,1,-0.29940749965893765,Phoenix
Indonesia,2004-09-01,2.1817804600413258,0.12439387493136893,Phoenix
Indonesia,2004-10-01,0.5730687004946091,-0.45251044703689935,Phoenix
Indonesia,2004-11-01,-0.8393149884133262,-0.9590090472821424,Phoenix
Indonesia,2004-12-01,0.9599999999999972,-0.31375200403754333,Phoenix
Indonesia,2005-01-01,3.287289319193045,0.5208432916985717,Phoenix
Indonesia,2005-02-01,1,-0.29940749965893765,Phoenix
Indonesia,2005-03-01,-2.3499999999999996,-1.5007597413670803,Phoenix
Indonesia,2005-04-01,2.734696900547487,0.32267668247744763,Phoenix
Indonesia,2005-05-01,2.653436015120116,0.29353550430689224,Phoenix
Indonesia,2005-06-01,0.4999999999999982,-0.4787138043914969,Phoenix
Indonesia,2005-07-01,1.0577587623935365,-0.27869447915751583,Phoenix
Indonesia,2005-08-01,3.850000000000005,0.7226384373166483,Phoenix
Indonesia,2005-09-01,2.7999999999999954,0.34609519737827177,Phoenix
Indonesia,2005-10-01,3.9735211205521033,0.7669346686818916,Phoenix
Indonesia,2005-11-01,7.9999999999999964,2.210880766596882,Phoenix
Indonesia,2005-12-01,2.404390589373305,0.20422467430447727,Phoenix
Indonesia,2006-01-01,4.999999999999998,1.1350429382015308,Phoenix
Indonesia,2006-02-01,4.949999999999999,1.1171123077282752,Phoenix
Indonesia,2006-03-01,3.973111894968305,0.7667879152274258,Phoenix
Indonesia,2006-04-01,4,0.7764303287364142,Phoenix
Indonesia,2006-05-01,1.610938576665827,-0.08031722245790078,Phoenix
Indonesia,2006-06-01,4.061308144666283,0.7984162024766548,Phoenix
Indonesia,2006-07-01,2.0169011914316854,0.06526609016856583,Phoenix
Indonesia,2006-08-01,0.2500000000000018,-0.5683669567577749,Phoenix
Indonesia,2006-09-01,4.599999999999998,0.9915978944154837,Phoenix
Indonesia,2006-10-01,3.806858828407945,0.7071674691966373,Phoenix
Indonesia,2006-11-01,1.4499999999999993,-0.13803182539963513,Phoenix
Indonesia,2006-12-01,5.699999999999996,1.386071764827112,Phoenix
Indonesia,2007-01-01,2.3424135747622508,0.1819989353679494,Phoenix
Indonesia,2007-02-01,2.2701063818842204,0.1560686642468614,Phoenix
Indonesia,2007-03-01,-9.5,-4.064839899042669,Phoenix
Indonesia,2007-04-01,3.3999999999999986,0.5612627630573432,Phoenix
Indonesia,2007-05-01,3.0722797454739865,0.4437381474071977,Phoenix
Indonesia,2007-06-01,2.7520178635331565,0.3288881982121873,Phoenix
Indonesia,2007-07-01,2.9999999999999964,0.41781771927129563,Phoenix
Indonesia,2007-08-01,-0.04800556704586611,-0.6752355107912256,Phoenix
Indonesia,2007-09-01,0.8636895265444053,-0.34829015424227405,Phoenix
Indonesia,2007-10-01,4.17195700123766,0.8380962776660477,Phoenix
Indonesia,2007-11-01,3.741369035372356,0.6836820036228143,Phoenix
Indonesia,2007-12-01,1.441236870641509,-0.14117439408596366,Phoenix
Indonesia,2008-01-01,-0.5,-0.8373264138566135,Phoenix
Indonesia,2008-02-01,7.9999999999999964,2.210880766596882,Phoenix
Indonesia,2008-03-01,-0.33333333333333215,-0.7775576456124269,Phoenix
Indonesia,2008-04-01,0.33333333333333215,-0.5384825726356829,Phoenix
Indonesia,2008-05-01,-0.12499999999999822,-0.7028466853071939,Phoenix
Indonesia,2008-06-01,5.199999999999996,1.2067654600945532,Phoenix
Indonesia,2008-07-01,1.700000000000001,-0.04837867303335517,Phoenix
Indonesia,2008-08-01,5.999999999999993,1.493655547666646,Phoenix
Indonesia,2008-09-01,-1.1626028344113273,-1.0749441453438426,Phoenix
Indonesia,2008-10-01,2.4569762737684666,0.22308256380593525,Phoenix
Indonesia,2008-11-01,5.672217086112948,1.376108461579533,Phoenix
Indonesia,2008-12-01,2.368423536272078,0.19132643553707573,Phoenix
Indonesia,2009-01-01,1.12652707492928,-0.2540332951505601,Phoenix
Indonesia,2009-02-01,1.7763568394002505e-15,-0.6580201091240543,Phoenix
Indonesia,2009-03-01,6,1.4936555476666487,Phoenix
Indonesia,2009-04-01,3.395920937013736,0.5597999596356672,Phoenix
Indonesia,2009-05-01,3.866666666666667,0.7286153141410653,Phoenix
Indonesia,2009-06-01,-5,-2.4510831564496414,Phoenix
Indonesia,2009-07-01,-5,-2.4510831564496414,Phoenix
Indonesia,2009-08-01,-1.6085144945008842,-1.234853689359481,Phoenix
Indonesia,2009-09-01,3.6999999999999993,0.6688465458968788,Phoenix
Indonesia,2009-10-01,2.9999999999999964,0.41781771927129563,Phoenix
Indonesia,2009-11-01,0.9744699387666902,-0.30856290153761906,Phoenix
Indonesia,2009-12-01,2.2049093216035747,0.13268817633016447,Phoenix
Indonesia,2010-01-01,4.896790833529961,1.098030829692991,Phoenix
Indonesia,2010-02-01,-1.9663224255779903,-1.363168125210357,Phoenix
Indonesia,2010-03-01,2.450000000000001,0.2205807840654828,Phoenix
Indonesia,2010-04-01,1.0658683489574106,-0.2757862791581617,Phoenix
Indonesia,2010-05-01,2.6899826989101534,0.30664160594813406,Phoenix
Indonesia,2010-06-01,1.2949882269035395,-0.1936210018475712,Phoenix
Indonesia,2010-07-01,3.703819946068137,0.6702164267243895,Phoenix
Indonesia,2010-08-01,1.333333333333334,-0.179869963170565,Phoenix
Indonesia,2010-09-01,3.6054804787194232,0.6349506537250577,Phoenix
Indonesia,2010-10-01,2.7186823582422797,0.3169336656719878,Phoenix
Indonesia,2010-11-01,4.367188001755354,0.9081085762101836,Phoenix
Indonesia,2010-12-01,2.1999999999999993,0.13092763169920282,Phoenix
Indonesia,2011-01-01,1.0573450074801656,-0.27884285688667876,Phoenix
Indonesia,2011-02-01,2.1999999999999993,0.13092763169920282,Phoenix
Indonesia,2011-03-01,4,0.7764303287364142,Phoenix
Indonesia,2011-04-01,2.5583406151973502,0.2594330947924603,Phoenix
Indonesia,2011-05-01,3.20816803390942,0.49246940111877696,Phoenix
Indonesia,2011-06-01,2.624974119833208,0.2833287097677313,Phoenix
Indonesia,2011-07-01,-0.8200000000000021,-0.9520824488854518,Phoenix
Indonesia,2011-08-01,4.833333333333332,1.0752741699573447,Phoenix
Indonesia,2011-09-01,1,-0.29940749965893765,Phoenix
Indonesia,2011-10-01,3.333333333333334,0.5373552557596695,Phoenix
Indonesia,2011-11-01,2,0.05920510980617963,Phoenix
Indonesia,2011-12-01,2.9999999999999964,0.41781771927129563,Phoenix
Indonesia,2012-01-01,1,-0.29940749965893765,Phoenix
Indonesia,2012-02-01,2.3609522856952374,0.18864715087174722,Phoenix
Indonesia,2012-03-01,4.125681250792569,0.8215012100439771,Phoenix
Indonesia,2012-04-01,5.92011198473088,1.4650066980460006,Phoenix
Indonesia,2012-05-01,4,0.7764303287364142,Phoenix
Indonesia,2012-06-01,6,1.4936555476666487,Phoenix
Indonesia,2012-07-01,1,-0.29940749965893765,Phoenix
Indonesia,2012-08-01,4.07741841149771,0.8041935473042523,Phoenix
Indonesia,2012-09-01,1,-0.29940749965893765,Phoenix
Indonesia,2012-10-01,-7,-3.1683083753798758,Phoenix
Indonesia,2012-11-01,0.44747119158741633,-0.4975512974484261,Phoenix
Indonesia,2012-12-01,0.7204801223776247,-0.3996468523704679,Phoenix
Indonesia,2013-01-01,1,-0.29940749965893765,Phoenix
Indonesia,2013-02-01,2.416407864998739,0.20853422087517562,Phoenix
Indonesia,2013-03-01,4,0.7764303287364142,Phoenix
Indonesia,2013-04-01,1,-0.29940749965893765,Phoenix
Indonesia,2013-05-01,4.499999999999998,0.9557366334689721,Phoenix
Indonesia,2013-06-01,5.146013994891767,1.1874053979280943,Phoenix
Indonesia,2013-07-01,5.818952769241346,1.4287297278078543,Phoenix
Indonesia,2013-08-01,-4.000000000000001,-2.0924705469845244,Phoenix
Indonesia,2013-09-01,1.7434164902525708,-0.032808972170064295,Phoenix
Indonesia,2013-10-01,3.9402951581922494,0.7550194196180346,Phoenix
Indonesia,2013-11-01,6,1.4936555476666487,Phoenix
Indonesia,2013-12-01,2.5,0.23851141453873825,Phoenix
Indonesia,2014-01-01,4.149257407543118,0.8299559171374501,Phoenix
Indonesia,2014-02-01,6,1.4936555476666487,Phoenix
Indonesia,2014-03-01,3.2666666666666693,0.5134477484619957,Phoenix
Indonesia,2014-04-01,1,-0.29940749965893765,Phoenix
Indonesia,2014-05-01,3.1999999999999993,0.4895402411643201,Phoenix
Indonesia,2014-06-01,1.845232578665133,0.003703560981095678,Phoenix
Indonesia,2014-07-01,1,-0.29940749965893765,Phoenix
Indonesia,2014-08-01,1.4079044941339856,-0.15312780460500044,Phoenix
Indonesia,2014-09-01,2.7500000000000018,0.3281645669050182,Phoenix
Indonesia,2014-10-01,1,-0.29940749965893765,Phoenix
Indonesia,2014-11-01,3.6552577019546337,0.6528013936413641,Phoenix
Indonesia,2014-12-01,1.522430171932065,-0.11205745243906995,Phoenix
Indonesia,2015-01-01,-0.3000000000000025,-0.7656038919635909,Phoenix
Indonesia,2015-02-01,2.91361776388559,0.38683996016687633,Phoenix
Indonesia,2015-03-01,3.0591696608609418,0.4390367057538052,Phoenix
Indonesia,2015-04-01,-0.3204121510247244,-0.7729239467073625,Phoenix
Indonesia,2015-05-01,0.8161385033127839,-0.36534255076610217,Phoenix
Indonesia,2015-06-01,3.9666666666666632,0.7644765750875757,Phoenix
Indonesia,2015-07-01,3.25,0.5074708716375762,Phoenix
Indonesia,2015-08-01,-4.400000000000001,-2.2359155907705714,Phoenix
Indonesia,2015-09-01,1.6127707625762024,-0.07966017748755586,Phoenix
Indonesia,2015-10-01,3.969982698910149,0.7656657460634826,Phoenix
Indonesia,2015-11-01,4.349999999999998,0.9019447420492044,Phoenix
Indonesia,2015-12-01,1.1249223594996227,-0.2546087663382384,Phoenix
Indonesia,2016-01-01,-1.466666666666665,-1.183985269672893,Phoenix
Indonesia,2016-02-01,1,-0.29940749965893765,Phoenix
Indonesia,2016-03-01,-2.177628834917897,-1.4389452680604449,Phoenix
Indonesia,2016-04-01,0.09999999999999964,-0.6221588481775433,Phoenix
Indonesia,2016-05-01,1.7506924169199571,-0.030199733121596056,Phoenix
Indonesia,2016-06-01,-1.5333333333333314,-1.2078927769705674,Phoenix
Indonesia,2016-07-01,-4.999999999999999,-2.451083156449641,Phoenix
Indonesia,2016-08-01,-2.5147186257614305,-1.559829917578895,Phoenix
Indonesia,2016-09-01,1,-0.29940749965893765,Phoenix
Indonesia,2016-10-01,4.646085772486357,1.0081248335460327,Phoenix
Indonesia,2016-11-01,4.2171636461200634,0.8543079505524894,Phoenix
Indonesia,2016-12-01,3.799999999999997,0.7047078068433896,Phoenix
Indonesia,2017-01-01,4,0.7764303287364142,Phoenix
Indonesia,2017-02-01,-0.9999999999999982,-1.0166327185891715,Phoenix
Indonesia,2017-03-01,-1.074323996752371,-1.043286241010417,Phoenix
Indonesia,2017-04-01,-1.148095587855419,-1.0697416638002746,Phoenix
Indonesia,2017-05-01,-1.2213188790087095,-1.09600045931438,Phoenix
Indonesia,2017-06-01,2.9999999999999964,0.41781771927129563,Phoenix
Indonesia,2017-07-01,6,1.4936555476666487,Phoenix
Indonesia,2017-08-01,4,0.7764303287364142,Phoenix
Indonesia,2017-09-01,-5.418219539958671,-2.601061957003521,Phoenix
Indonesia,2017-10-01,2.6000000000000014,0.2743726754852505,Phoenix
Indonesia,2017-11-01,2.8616023584242303,0.3681865798819921,Phoenix
Indonesia,2017-12-01,3.1282367605200054,0.46380503859072936,Phoenix
Indonesia,2018-01-01,3.3999999999999986,0.5612627630573432,Phoenix
Indonesia,2018-02-01,2.9499999999999993,0.39988708879804075,Phoenix
Indonesia,2018-03-01,-10,-4.2441462037752276,Phoenix
Indonesia,2018-04-01,-7.002500781738664,-3.1692051872448808,Phoenix
Indonesia,2018-05-01,4.979999999999993,1.1278706860122267,Phoenix
Indonesia,2018-06-01,6,1.4936555476666487,Phoenix
Indonesia,2018-07-01,-5,-2.4510831564496414,Phoenix
Indonesia,2018-08-01,1.7763568394002505e-15,-0.6580201091240543,Phoenix
Indonesia,2018-09-01,0.8890706112799247,-0.3391881772142142,Phoenix
Indonesia,2018-10-01,1.8499999999999996,0.005413218386411912,Phoenix
Indonesia,2018-11-01,0.06812239421544142,-0.6335905595714441,Phoenix
Indonesia,2018-12-01,-1.466666666666665,-1.183985269672893,Phoenix
Indonesia,2019-01-01,1.7763568394002505e-15,-0.6580201091240543,Phoenix
Indonesia,2019-02-01,1.7763568394002505e-15,-0.6580201091240543,Phoenix
Indonesia,2019-03-01,1.7763568394002505e-15,-0.6580201091240543,Phoenix
Japan,2002-01-01,-0.198685621710899,-0.5073129414037804,Phoenix
Japan,2002-02-01,0.623838116004249,0.08974999819373747,Phoenix
Japan,2002-03-01,2.3062141182778664,1.3109723354555396,Phoenix
Japan,2002-04-01,1.5950716764941273,0.7947601250414978,Phoenix
Japan,2002-05-01,-0.21339966746895556,-0.5179937412528908,Phoenix
Japan,2002-06-01,1.533409556016048,0.750000119674688,Phoenix
Japan,2002-07-01,1.6725264106634885,0.8509838534865468,Phoenix
Japan,2002-08-01,-0.322201958238999,-0.5969723926685454,Phoenix
Japan,2002-09-01,1.741855418180327,0.9013091865187192,Phoenix
Japan,2002-10-01,0.11979760040395072,-0.27612869699935366,Phoenix
Japan,2002-11-01,1.6814765536447904,0.8574806856546718,Phoenix
Japan,2002-12-01,1.9991962228854927,1.0881106735645165,Phoenix
Japan,2003-01-01,1.643368955456884,0.8298187063684862,Phoenix
Japan,2003-02-01,1.8011483661561003,0.944349429848545,Phoenix
Japan,2003-03-01,2.23962331597255,1.2626346421446888,Phoenix
Japan,2003-04-01,1.853241390825053,0.9821633104883549,Phoenix
Japan,2003-05-01,1.3963458322040196,0.6505067359594418,Phoenix
Japan,2003-06-01,0.5706874516729208,0.051168385977442006,Phoenix
Japan,2003-07-01,0.983187090027684,0.35059834205768975,Phoenix
Japan,2003-08-01,1.1949511225720038,0.5043160403737994,Phoenix
Japan,2003-09-01,1.1075662603748224,0.44088411700499097,Phoenix
Japan,2003-10-01,1.929118341240175,1.0372417392135778,Phoenix
Japan,2003-11-01,0.8357220170116264,0.24355470800098905,Phoenix
Japan,2003-12-01,0.04235993942167759,-0.33234003216405855,Phoenix
Japan,2004-01-01,1.2410814922615412,0.5378016808102264,Phoenix
Japan,2004-02-01,2.5270367320477067,1.4712655803329149,Phoenix
Japan,2004-03-01,-0.39139569775829663,-0.6471995358193295,Phoenix
Japan,2004-04-01,1.3534336783031051,0.6193571708128925,Phoenix
Japan,2004-05-01,1.7341109565231907,0.8956875481019914,Phoenix
Japan,2004-06-01,1.502568677445618,0.7276129899485817,Phoenix
Japan,2004-07-01,0.25634062766545895,-0.1770132824524566,Phoenix
Japan,2004-08-01,-0.10060545570575918,-0.4361173885630653,Phoenix
Japan,2004-09-01,0.4310775094243056,-0.05017327590279574,Phoenix
Japan,2004-10-01,0.8437498945759199,0.24938207559840414,Phoenix
Japan,2004-11-01,0.13243136290071966,-0.26695795696034696,Phoenix
Japan,2004-12-01,-0.8120887328520663,-0.95257700844891,Phoenix
Japan,2005-01-01,-1.2432054338083225,-1.2655209308912665,Phoenix
Japan,2005-02-01,-0.01763070259689136,-0.3758867256266046,Phoenix
Japan,2005-03-01,-0.702325032981518,-0.8729004783978038,Phoenix
Japan,2005-04-01,-1.1065914857382708,-1.1663540355365993,Phoenix
Japan,2005-05-01,0.18790275996867933,-0.22669174471827908,Phoenix
Japan,2005-06-01,-0.7840091241513854,-0.932194260882076,Phoenix
Japan,2005-07-01,-0.04279381669995175,-0.39415241473307994,Phoenix
Japan,2005-08-01,-0.28007236230550525,-0.5663908796510833,Phoenix
Japan,2005-09-01,-0.9499563740378908,-1.052653948903474,Phoenix
Japan,2005-10-01,0.6008525240398139,0.07306495376596504,Phoenix
Japan,2005-11-01,0.7136957535711961,0.1549768880340764,Phoenix
Japan,2005-12-01,1.3049862256298148,0.5841895796750622,Phoenix
Japan,2006-01-01,1.0982273721261355,0.43410509797531194,Phoenix
Japan,2006-02-01,1.720974617566748,0.8861519921134549,Phoenix
Japan,2006-03-01,0.11038132688159584,-0.2829638893366944,Phoenix
Japan,2006-04-01,1.389412789029043,0.6454740992723756,Phoenix
Japan,2006-05-01,1.4167492292542576,0.6653173872051196,Phoenix
Japan,2006-06-01,1.6460344524592223,0.831753567823215,Phoenix
Japan,2006-07-01,0.4280154818731283,-0.052395975488236324,Phoenix
Japan,2006-08-01,0.8649501538202138,0.26477116228882525,Phoenix
Japan,2006-09-01,0.593060817219067,0.06740902048943717,Phoenix
Japan,2006-10-01,1.1763891712755488,0.49084207883621095,Phoenix
Japan,2006-11-01,2.0901320646070403,1.1541202225701948,Phoenix
Japan,2006-12-01,0.30875077666807016,-0.1389692039737393,Phoenix
Japan,2007-01-01,0.979291603800295,0.34777064195441076,Phoenix
Japan,2007-02-01,2.6986976806297296,1.595872793322524,Phoenix
Japan,2007-03-01,1.8605085785499649,0.987438499843614,Phoenix
Japan,2007-04-01,1.7733824412001198,0.9241943826265487,Phoenix
Japan,2007-05-01,2.577816965240798,1.5081265168791793,Phoenix
Japan,2007-06-01,1.0959387921356925,0.4324438373527386,Phoenix
Japan,2007-07-01,1.0234511602321188,0.3798256859191579,Phoenix
Japan,2007-08-01,-0.3331955772005557,-0.6049525665565788,Phoenix
Japan,2007-09-01,0.04821456026651205,-0.32809021301408975,Phoenix
Japan,2007-10-01,1.5856539989707414,0.7879239135518283,Phoenix
Japan,2007-11-01,2.72464250982744,1.614705922723958,Phoenix
Japan,2007-12-01,2.443978408771338,1.4109742545273078,Phoenix
Japan,2008-01-01,-0.7535817119521653,-0.9101072628551532,Phoenix
Japan,2008-02-01,2.2053842428576864,1.2377807920906563,Phoenix
Japan,2008-03-01,2.645007670912518,1.5568996749079413,Phoenix
Japan,2008-04-01,1.3524058240732373,0.6186110602268718,Phoenix
Japan,2008-05-01,2.69617102219493,1.5940387135953773,Phoenix
Japan,2008-06-01,1.7302467199003448,0.8928825318191229,Phoenix
Japan,2008-07-01,1.367733048752422,0.6297369614054161,Phoenix
Japan,2008-08-01,0.5246682673171232,0.017763454022921257,Phoenix
Japan,2008-09-01,2.930331911674262,1.7640140986215507,Phoenix
Japan,2008-10-01,2.483603788812468,1.439737978667047,Phoenix
Japan,2008-11-01,1.1999999999999993,0.5079809772754387,Phoenix
Japan,2008-12-01,0.4844236353311242,-0.011449779802194592,Phoenix
Japan,2009-01-01,1.4333333333333318,0.6773556463799232,Phoenix
Japan,2009-02-01,1.2552179596202553,0.5480632214438916,Phoenix
Japan,2009-03-01,2.7405479334259404,1.6262515335480838,Phoenix
Japan,2009-04-01,2.6473209535189923,1.5585788669480132,Phoenix
Japan,2009-05-01,1.4067260519302014,0.6580416485938155,Phoenix
Japan,2009-06-01,1.3456853756845266,0.6137327442751362,Phoenix
Japan,2009-07-01,1.2107428828886544,0.5157791439946995,Phoenix
Japan,2009-08-01,2.731768998933596,1.6198789801563804,Phoenix
Japan,2009-09-01,1.3123238946355986,0.5895159307887173,Phoenix
Japan,2009-10-01,1.2567106944277544,0.5491467848613812,Phoenix
Japan,2009-11-01,3.025722942772129,1.8332576314547087,Phoenix
Japan,2009-12-01,1.5245793723798489,0.7435903649682037,Phoenix
Japan,2010-01-01,1.8835853436702923,1.0041897260847172,Phoenix
Japan,2010-02-01,1.2444444444444454,0.5402428190096276,Phoenix
Japan,2010-03-01,1.9919166170741944,1.0828264700266603,Phoenix
Japan,2010-04-01,2.284695065766158,1.2953518394614854,Phoenix
Japan,2010-05-01,0.1280891140731022,-0.27010995821040573,Phoenix
Japan,2010-06-01,0.1277782742695841,-0.27033559416268593,Phoenix
Japan,2010-07-01,0.718564143331319,0.15851081048275847,Phoenix
Japan,2010-08-01,-0.903927910557071,-1.019242281311538,Phoenix
Japan,2010-09-01,-2.67664152357807,-2.306039916836315,Phoenix
Japan,2010-10-01,-0.6254702997740207,-0.8171122855143751,Phoenix
Japan,2010-11-01,-0.8083500022251382,-0.949863095894024,Phoenix
Japan,2010-12-01,0.47086146887552793,-0.02129444032686559,Phoenix
Japan,2011-01-01,2.960503814365678,1.7859156244841707,Phoenix
Japan,2011-02-01,-0.00711772947767563,-0.36825544844072666,Phoenix
Japan,2011-03-01,0.9208132558669568,0.30532170982161316,Phoenix
Japan,2011-04-01,1.5248966117255076,0.7438206462933374,Phoenix
Japan,2011-05-01,-1.0417267170064708,-1.119269255220224,Phoenix
Japan,2011-06-01,1.053069351704801,0.4013252775484101,Phoenix
Japan,2011-07-01,2.0613817974973614,1.133250649805763,Phoenix
Japan,2011-08-01,-0.15420523404909936,-0.4750250087958238,Phoenix
Japan,2011-09-01,0.6238231455017775,0.08973913123415563,Phoenix
Japan,2011-10-01,0.09295736687398204,-0.2956117927400346,Phoenix
Japan,2011-11-01,0.23953326923312623,-0.18921360005101442,Phoenix
Japan,2011-12-01,1.8843881273088725,1.0047724598553471,Phoenix
Japan,2012-01-01,-0.11723989143148296,-0.44819218304928365,Phoenix
Japan,2012-02-01,0.35469679006476973,-0.1056173861920126,Phoenix
Japan,2012-03-01,1.1111276429233126,0.44346929410801245,Phoenix
Japan,2012-04-01,2.6582275687153096,1.566495885547697,Phoenix
Japan,2012-05-01,1.1407408415788645,0.4649652614940531,Phoenix
Japan,2012-06-01,-1.7907933947360952,-1.663010343838729,Phoenix
Japan,2012-07-01,0.00983555999417795,-0.35594920074989345,Phoenix
Japan,2012-08-01,-1.3112679326462846,-1.3149269161159989,Phoenix
Japan,2012-09-01,-1.4729261707357786,-1.4322732471920936,Phoenix
Japan,2012-10-01,-0.1917346005800269,-0.5022672546724386,Phoenix
Japan,2012-11-01,-1.7120285647318756,-1.6058356280428616,Phoenix
Japan,2012-12-01,0.995351950192438,0.3594287099081507,Phoenix
Japan,2013-01-01,0.3548436834084949,-0.10551075757135356,Phoenix
Japan,2013-02-01,-0.08870101485154969,-0.42747605686068396,Phoenix
Japan,2013-03-01,-0.7504039879513087,-0.9078005802073654,Phoenix
Japan,2013-04-01,-0.3361469404087636,-0.6070949358428532,Phoenix
Japan,2013-05-01,0.22939470949940244,-0.19657309376570953,Phoenix
Japan,2013-06-01,0.04896138705820263,-0.32754809783957134,Phoenix
Japan,2013-07-01,-0.3734592734046754,-0.6341796389344201,Phoenix
Japan,2013-08-01,0.03836941434391328,-0.3352367201551992,Phoenix
Japan,2013-09-01,-1.328537298585612,-1.3274626010086468,Phoenix
Japan,2013-10-01,0.7217631177746391,0.1608329186448058,Phoenix
Japan,2013-11-01,-0.4624434358955387,-0.6987724806948331,Phoenix
Japan,2013-12-01,-0.7931639809108262,-0.9388396930292014,Phoenix
Japan,2014-01-01,-1.573129750703158,-1.5050101680494925,Phoenix
Japan,2014-02-01,-1.8451294277037975,-1.7024524050002503,Phoenix
Japan,2014-03-01,0.5725322408226106,0.05250750262799737,Phoenix
Japan,2014-04-01,0.03079639073660622,-0.34073391315923385,Phoenix
Japan,2014-05-01,0.583064671221587,0.06015290368668017,Phoenix
Japan,2014-06-01,-1.2398535936603654,-1.2630878588229035,Phoenix
Japan,2014-07-01,-0.4417902160759226,-0.6837804852395917,Phoenix
Japan,2014-08-01,-1.0112489235756144,-1.097145685888569,Phoenix
Japan,2014-09-01,-1.9203553918296947,-1.757058288351206,Phoenix
Japan,2014-10-01,0.5201472000788758,0.014481650019447184,Phoenix
Japan,2014-11-01,1.7605676702065072,0.9148922500692934,Phoenix
Japan,2014-12-01,0.18493704073071449,-0.22884453492365237,Phoenix
Japan,2015-01-01,0.48040748121005095,-0.014365071696463437,Phoenix
Japan,2015-02-01,1.5195561192646938,0.739944028535886,Phoenix
Japan,2015-03-01,1.7729763836918533,0.9238996289575485,Phoenix
Japan,2015-04-01,1.0340279349013617,0.38750327610399665,Phoenix
Japan,2015-05-01,-0.10440623847218156,-0.4388763442347831,Phoenix
Japan,2015-06-01,1.162766425603932,0.4809534443772482,Phoenix
Japan,2015-07-01,0.2391554881679561,-0.18948782809204504,Phoenix
Japan,2015-08-01,1.0196055983298162,0.37703422545605797,Phoenix
Japan,2015-09-01,-1.829030992800188,-1.690766688922112,Phoenix
Japan,2015-10-01,0.7815016626189681,0.20419661692677013,Phoenix
Japan,2015-11-01,0.8269339996348393,0.2371755614212271,Phoenix
Japan,2015-12-01,0.8922742524685532,0.2846054915765715,Phoenix
Japan,2016-01-01,-0.40048084827865793,-0.6537943688042609,Phoenix
Japan,2016-02-01,-0.4749999999999978,-0.707887183081756,Phoenix
Japan,2016-03-01,0.1331516745328578,-0.26643508891315193,Phoenix
Japan,2016-04-01,0.13860229907446175,-0.26247852722109355,Phoenix
Japan,2016-05-01,-0.08333333333333215,-0.42357970279922813,Phoenix
Japan,2016-06-01,-0.18901333127150544,-0.5002919085781171,Phoenix
Japan,2016-07-01,-0.06842309232778732,-0.4127564864995898,Phoenix
Japan,2016-08-01,-1.481561550327518,-1.4385415953104186,Phoenix
Japan,2016-09-01,0.362613519136179,-0.099870700334042,Phoenix
Japan,2016-10-01,1.3603451544950698,0.6243741522116248,Phoenix
Japan,2016-11-01,1.5219912546827246,0.7417116724886871,Phoenix
Japan,2016-12-01,-0.00837317227054512,-0.369166763616249,Phoenix
Japan,2017-01-01,0.7334966291258933,0.1693501740843161,Phoenix
Japan,2017-02-01,2.114604140208975,1.1718842927446704,Phoenix
Japan,2017-03-01,-0.4000000000000003,-0.6534453251553162,Phoenix
Japan,2017-04-01,1.18470695205934,0.4968798846988036,Phoenix
Japan,2017-05-01,2.125166616322181,1.1795515037300917,Phoenix
Japan,2017-06-01,1.6801970638501142,0.8565519149664039,Phoenix
Japan,2017-07-01,-0.26769075026707867,-0.5574031734711321,Phoenix
Japan,2017-08-01,-0.30300934737601537,-0.5830406407506783,Phoenix
Japan,2017-09-01,0.3996885138133433,-0.07295827909620521,Phoenix
Japan,2017-10-01,-1.6313651508788602,-1.547282746484893,Phoenix
Japan,2017-11-01,2.4044239015333044,1.3822619763485955,Phoenix
Japan,2017-12-01,0.06297805712486415,-0.31737351703462474,Phoenix
Japan,2018-01-01,0.29373579959493057,-0.1498684472882012,Phoenix
Japan,2018-02-01,0.8333333333333339,0.24182078296839157,Phoenix
Japan,2018-03-01,0.2375000000000007,-0.19068953278056144,Phoenix
Japan,2018-04-01,-1.3408763262672725,-1.3364193955685852,Phoenix
Japan,2018-05-01,1.0872092473482518,0.42610713552500057,Phoenix
Japan,2018-06-01,-1.1999999999999975,-1.2341584763706916,Phoenix
Japan,2018-07-01,-5.2250000000000005,-4.155871518423062,Phoenix
Japan,2018-08-01,0.8324645684671701,0.2411901539895226,Phoenix
Japan,2018-09-01,0.7981999825411492,0.2163177844042855,Phoenix
Japan,2018-10-01,1.1741241312008697,0.4891979056369659,Phoenix
Japan,2018-11-01,1.9224307858866096,1.0323873000344577,Phoenix
Japan,2018-12-01,2.8075080801186765,1.674857330787812,Phoenix
Japan,2019-01-01,1.2583236658802637,0.5503176270301401,Phoenix
Japan,2019-02-01,-0.30828838292140404,-0.5868726474593541,Phoenix
Japan,2019-03-01,-2.5,-2.177817347095682,Phoenix
Russia,2002-01-01,4.258969705531598,1.8992740489498088,Phoenix
Russia,2002-02-01,4,1.6776220875730545,Phoenix
Russia,2002-03-01,1.6738366277931682,-0.31333926010279745,Phoenix
Russia,2002-04-01,0.9816205434157564,-0.905806446501437,Phoenix
Russia,2002-05-01,2.389716296066915,0.29938156860145165,Phoenix
Russia,2002-06-01,1.7020723675422431,-0.2891723133031363,Phoenix
Russia,2002-07-01,3.023284640651161,0.8416522019755421,Phoenix
Russia,2002-08-01,2.9654304901514976,0.7921348813850392,Phoenix
Russia,2002-09-01,1.979830254568851,-0.05143956259033653,Phoenix
Russia,2002-10-01,2.249765632923099,0.17959790928065386,Phoenix
Russia,2002-11-01,1.3495392525851475,-0.5909051210850212,Phoenix
Russia,2002-12-01,1.5903260917327966,-0.38481586033064535,Phoenix
Russia,2003-01-01,1.2943016808368704,-0.638182914039846,Phoenix
Russia,2003-02-01,2.277545211452397,0.20337442806148548,Phoenix
Russia,2003-03-01,1.5512121098479987,-0.4182934857703609,Phoenix
Russia,2003-04-01,1.820782415359913,-0.18756847944966526,Phoenix
Russia,2003-05-01,1.905203302235128,-0.11531271069615232,Phoenix
Russia,2003-06-01,2.675616197466992,0.5440830628270594,Phoenix
Russia,2003-07-01,0.9684730258411438,-0.9170593961530813,Phoenix
Russia,2003-08-01,1.713774818901788,-0.27915619465545644,Phoenix
Russia,2003-09-01,2.5062720568048498,0.3991415498868716,Phoenix
Russia,2003-10-01,1.9375894734601644,-0.08759341295521698,Phoenix
Russia,2003-11-01,1.954995243830684,-0.07269582818181844,Phoenix
Russia,2003-12-01,-0.3776951233772507,-2.0692436255967275,Phoenix
Russia,2004-01-01,1.761272820200368,-0.2385026937847869,Phoenix
Russia,2004-02-01,1.666902115072686,-0.3192745039280618,Phoenix
Russia,2004-03-01,0.7598635557400968,-1.0956080727820574,Phoenix
Russia,2004-04-01,2.5853784422549406,0.4668486411717198,Phoenix
Russia,2004-05-01,1.4851809365685895,-0.47480951354027157,Phoenix
Russia,2004-06-01,2.089652530815057,0.042557234768114016,Phoenix
Russia,2004-07-01,1.4178711605158778,-0.532419896389061,Phoenix
Russia,2004-08-01,-0.04936583402385786,-1.7882268525605634,Phoenix
Russia,2004-09-01,1.8130740464614303,-0.19416606615138773,Phoenix
Russia,2004-10-01,2.0962427189413404,0.048197771451870305,Phoenix
Russia,2004-11-01,1.7171057197809834,-0.276305279288697,Phoenix
Russia,2004-12-01,3.2390810413532662,1.0263521666894824,Phoenix
Russia,2005-01-01,3.418792581530619,1.18016712848426,Phoenix
Russia,2005-02-01,2.3551747258737112,0.26981746662805595,Phoenix
Russia,2005-03-01,2.449907689806743,0.3508993337896485,Phoenix
Russia,2005-04-01,3.5557721224540124,1.297407806701168,Phoenix
Russia,2005-05-01,2.1937032274407766,0.13161414180040926,Phoenix
Russia,2005-06-01,1.1295857029478231,-0.7791631862081776,Phoenix
Russia,2005-07-01,2.4678655867056456,0.36626948321184666,Phoenix
Russia,2005-08-01,2.1161767273932544,0.06525927315299655,Phoenix
Russia,2005-09-01,1.638265482969807,-0.3437845741688962,Phoenix
Russia,2005-10-01,1.467768284264103,-0.48971298855538276,Phoenix
Russia,2005-11-01,2.54571745247471,0.43290283211700425,Phoenix
Russia,2005-12-01,2.6430333845876515,0.5161954596533501,Phoenix
Russia,2006-01-01,2.495495078327073,0.3899175427296991,Phoenix
Russia,2006-02-01,2.0211998131121973,-0.016031390914038584,Phoenix
Russia,2006-03-01,2.618883696679207,0.49552576131718673,Phoenix
Russia,2006-04-01,2.398871251085428,0.3072172871925663,Phoenix
Russia,2006-05-01,2.636790787918283,0.5108524262162569,Phoenix
Russia,2006-06-01,1.1574910853770444,-0.7552789919712165,Phoenix
Russia,2006-07-01,1.8032604371183396,-0.2025655264458502,Phoenix
Russia,2006-08-01,2.967421889833817,0.7938393187614694,Phoenix
Russia,2006-09-01,2.559173729951219,0.4444200491187981,Phoenix
Russia,2006-10-01,2.5532634593860646,0.43936145332534565,Phoenix
Russia,2006-11-01,3.3434770600464514,1.1157046345998474,Phoenix
Russia,2006-12-01,2.2558702214598068,0.18482282166869482,Phoenix
Russia,2007-01-01,0.9047853668333712,-0.9715696119545365,Phoenix
Russia,2007-02-01,3.222739943705726,1.0123658344380273,Phoenix
Russia,2007-03-01,2.86868943085185,0.7093342870243392,Phoenix
Russia,2007-04-01,3.4695431318327756,1.2236044834147584,Phoenix
Russia,2007-05-01,4.294758169076156,1.9299053659335001,Phoenix
Russia,2007-06-01,2.87346882484224,0.7134249664726849,Phoenix
Russia,2007-07-01,3.266864998106115,1.0501324327883077,Phoenix
Russia,2007-08-01,2.254168728342327,0.1833665150864855,Phoenix
Russia,2007-09-01,2.576728275398544,0.4594449703600289,Phoenix
Russia,2007-10-01,2.761890214955086,0.6179249245723715,Phoenix
Russia,2007-11-01,2.580766795575556,0.4629015365111037,Phoenix
Russia,2007-12-01,3.0091899220023937,0.8295885436911117,Phoenix
Russia,2008-01-01,1.5830075479001255,-0.39107979607403043,Phoenix
Russia,2008-02-01,3.799999999999997,1.5064422494357999,Phoenix
Russia,2008-03-01,1.468215139865956,-0.4893305252074032,Phoenix
Russia,2008-04-01,0.6330192472830838,-1.2041740137335732,Phoenix
Russia,2008-05-01,1.656526375844635,-0.32815509073612237,Phoenix
Russia,2008-06-01,2.7038011628844743,0.5682065519174029,Phoenix
Russia,2008-07-01,1.5214540842327438,-0.44376335581087867,Phoenix
Russia,2008-08-01,2.05525563075582,0.01311695584529684,Phoenix
Russia,2008-09-01,2.6300712580505543,0.5051011860406757,Phoenix
Russia,2008-10-01,3.200757903594445,0.993551424097149,Phoenix
Russia,2008-11-01,3.2404022624603765,1.0274829987657756,Phoenix
Russia,2008-12-01,2.6407677529323106,0.5142563073531506,Phoenix
Russia,2009-01-01,0.1097957606578781,-1.6520005724841307,Phoenix
Russia,2009-02-01,2.508718507396816,0.40123546496858953,Phoenix
Russia,2009-03-01,2.2262428578300053,0.15946478511578016,Phoenix
Russia,2009-04-01,3.610262974205318,1.3440464826149154,Phoenix
Russia,2009-05-01,1.867329840599016,-0.1477285758589878,Phoenix
Russia,2009-06-01,3.14082617465632,0.9422559058025797,Phoenix
Russia,2009-07-01,2.664711642212243,0.5347498628097263,Phoenix
Russia,2009-08-01,0.3638261687152866,-1.434576151818094,Phoenix
Russia,2009-09-01,3.0667093476614404,0.8788193735614285,Phoenix
Russia,2009-10-01,2.6571481977998683,0.5282763168583743,Phoenix
Russia,2009-11-01,1.8058579631985996,-0.20034230597596925,Phoenix
Russia,2009-12-01,1.5912675232608962,-0.3840100898476584,Phoenix
Russia,2010-01-01,2.3761067237635523,0.28773314668141736,Phoenix
Russia,2010-02-01,3.9504902707159353,1.6352467503477277,Phoenix
Russia,2010-03-01,1.6467960995845274,-0.3364832263123021,Phoenix
Russia,2010-04-01,2.027854236127583,-0.010335875640686065,Phoenix
Russia,2010-05-01,-0.2232931189822871,-1.9370910749947416,Phoenix
Russia,2010-06-01,1.7221910990450464,-0.2719527072922528,Phoenix
Russia,2010-07-01,2.968152319451951,0.7944644928804834,Phoenix
Russia,2010-08-01,-0.6194948963088152,-2.276199855556975,Phoenix
Russia,2010-09-01,1.335320034924223,-0.6030753379731983,Phoenix
Russia,2010-10-01,1.5421399262730375,-0.4260583603499274,Phoenix
Russia,2010-11-01,2.2844895142357053,0.20931805119359959,Phoenix
Russia,2010-12-01,1.1509509974845624,-0.7608766479054088,Phoenix
Russia,2011-01-01,-0.00793957713804971,-1.7527701528188389,Phoenix
Russia,2011-02-01,4.182085548648713,1.8334689612971518,Phoenix
Russia,2011-03-01,3.0847996782337184,0.894302872857488,Phoenix
Russia,2011-04-01,2.9204368135424463,0.7536248299893528,Phoenix
Russia,2011-05-01,1.8094922277504877,-0.19723174188726847,Phoenix
Russia,2011-06-01,2.038597278222639,-0.00114091460601915,Phoenix
Russia,2011-07-01,1.4369076095485056,-0.5161266150684946,Phoenix
Russia,2011-08-01,-0.9898424200951011,-2.5931800014383186,Phoenix
Russia,2011-09-01,2.415884075840708,0.32177855013189754,Phoenix
Russia,2011-10-01,1.078163997112641,-0.8231749826162168,Phoenix
Russia,2011-11-01,2.51757132730266,0.4088125863612924,Phoenix
Russia,2011-12-01,3.1942124835902383,0.987949204412847,Phoenix
Russia,2012-01-01,-1.6515009411737631,-3.159492994140214,Phoenix
Russia,2012-02-01,0.6486505468760999,-1.1907951970625363,Phoenix
Russia,2012-03-01,2.334692119714095,0.252286420592895,Phoenix
Russia,2012-04-01,2.613777143626688,0.4911550666923393,Phoenix
Russia,2012-05-01,3.6909104420339904,1.4130725850603727,Phoenix
Russia,2012-06-01,2.436929239442817,0.33979108862680235,Phoenix
Russia,2012-07-01,-2.3827491931731597,-3.7853677812172406,Phoenix
Russia,2012-08-01,0.8368475862803528,-1.0297175033468857,Phoenix
Russia,2012-09-01,1.5555080918329196,-0.41461655826626437,Phoenix
Russia,2012-10-01,1.2500000000000018,-0.6761006868141628,Phoenix
Russia,2012-11-01,2.482579955648328,0.37886349968134747,Phoenix
Russia,2012-12-01,0.9334872305656194,-0.9470037100149179,Phoenix
Russia,2013-01-01,1.953999815900696,-0.07354781414148163,Phoenix
Russia,2013-02-01,3.817432151399576,1.5213624137106199,Phoenix
Russia,2013-03-01,1.3688078185799455,-0.5744131710443888,Phoenix
Russia,2013-04-01,0.5641382909804289,-1.2631291684867112,Phoenix
Russia,2013-05-01,2.5500000000000043,0.43656826107797914,Phoenix
Russia,2013-06-01,3.0288405619380665,0.8464075105085213,Phoenix
Russia,2013-07-01,2.1282909804022463,0.07562785249916136,Phoenix
Russia,2013-08-01,2.271300127089683,0.19802926540967117,Phoenix
Russia,2013-09-01,2.057118100965045,0.014711042590050101,Phoenix
Russia,2013-10-01,1.7599948145914563,-0.2395965377511469,Phoenix
Russia,2013-11-01,3.2231208556143827,1.0126918566323695,Phoenix
Russia,2013-12-01,2.7039072593392817,0.5682973597872072,Phoenix
Russia,2014-01-01,2.170878228775015,0.11207824391496891,Phoenix
Russia,2014-02-01,2.2338058656858397,0.16593795741874268,Phoenix
Russia,2014-03-01,1.065178096605539,-0.8342896043505778,Phoenix
Russia,2014-04-01,1.7916273990297942,-0.2125222343310587,Phoenix
Russia,2014-05-01,1.765762703003901,-0.2346598067269669,Phoenix
Russia,2014-06-01,3.4641532710867313,1.2189913059643074,Phoenix
Russia,2014-07-01,2.606629343333614,0.48503727020631,Phoenix
Russia,2014-08-01,3.1383848350941896,0.9401663652471618,Phoenix
Russia,2014-09-01,2.2003745178319267,0.13732409384702768,Phoenix
Russia,2014-10-01,1.9105467560563163,-0.11073925289512786,Phoenix
Russia,2014-11-01,2.7411650466225286,0.6001862697696991,Phoenix
Russia,2014-12-01,2.3460994685228673,0.26204996120619906,Phoenix
Russia,2015-01-01,3.901717669578135,1.5935023205062204,Phoenix
Russia,2015-02-01,1.710845746325795,-0.28166318550271036,Phoenix
Russia,2015-03-01,0.914285714285711,-0.9634382722588405,Phoenix
Russia,2015-04-01,2.849263000832506,0.6927072212928594,Phoenix
Russia,2015-05-01,2.499482844015283,0.39333066815488454,Phoenix
Russia,2015-06-01,1.6136584884473049,-0.36484568086592695,Phoenix
Russia,2015-07-01,3.2369253764695465,1.0245071348601158,Phoenix
Russia,2015-08-01,2.2046508847056607,0.14098423279333414,Phoenix
Russia,2015-09-01,2.151467844868346,0.09546491203834143,Phoenix
Russia,2015-10-01,2.9065508896794707,0.7417398789931009,Phoenix
Russia,2015-11-01,3.169517333509214,0.9668126454446224,Phoenix
Russia,2015-12-01,3.440568205940856,1.19880486779367,Phoenix
Russia,2016-01-01,3.137212321517316,0.9391628118256472,Phoenix
Russia,2016-02-01,1.7763568394002505e-15,-1.7459746751719896,Phoenix
Russia,2016-03-01,2.0728539813699616,0.02817936989335381,Phoenix
Russia,2016-04-01,-0.4331012788650188,-2.116665709237745,Phoenix
Russia,2016-05-01,1.719999999999997,-0.27382806719162395,Phoenix
Russia,2016-06-01,2.2110206988475216,0.14643615156217477,Phoenix
Russia,2016-07-01,0.6535483501127164,-1.1866031712361758,Phoenix
Russia,2016-08-01,3.25,1.0356976945583585,Phoenix
Russia,2016-09-01,1.275686753890939,-0.6541154149475523,Phoenix
Russia,2016-10-01,0.9342413574762264,-0.9463582534024545,Phoenix
Russia,2016-11-01,1.458536960549063,-0.49761407105204847,Phoenix
Russia,2016-12-01,1.5834354680272806,-0.39071353958352,Phoenix
Russia,2017-01-01,1.8750245847134508,-0.14114265059890516,Phoenix
Russia,2017-02-01,1.725726373330092,-0.2689268688928283,Phoenix
Russia,2017-03-01,2.549999999999997,0.4365682610779731,Phoenix
Russia,2017-04-01,1.5205868454432403,-0.44450562478894645,Phoenix
Russia,2017-05-01,0.3099281203978599,-1.4807074477525486,Phoenix
Russia,2017-06-01,1.4623832504191672,-0.4943220346650815,Phoenix
Russia,2017-07-01,1.4253949487420383,-0.5259802921353954,Phoenix
Russia,2017-08-01,2.1295762407505254,0.07672790579107461,Phoenix
Russia,2017-09-01,1.4101280085566792,-0.5390472538842999,Phoenix
Russia,2017-10-01,-1.4270710657233252,-2.9674036453763657,Phoenix
Russia,2017-11-01,0.3582028388758758,-1.4393891552766076,Phoenix
Russia,2017-12-01,1.4447331922020543,-0.5094287052086738,Phoenix
Russia,2018-01-01,-4.666666666666667,-5.7401708983745445,Phoenix
Russia,2018-02-01,2.273743884534264,0.20012087542872178,Phoenix
Russia,2018-03-01,2.5705184904674816,0.4541300204631968,Phoenix
Russia,2018-04-01,0.7124642935605863,-1.1361770629206263,Phoenix
Russia,2018-05-01,2.912279972976881,0.7466433967507287,Phoenix
Russia,2018-06-01,1.8005258492441172,-0.20490605799425765,Phoenix
Russia,2018-07-01,2.948446125956888,0.7775979778165523,Phoenix
Russia,2018-08-01,2.2677331014995765,0.19497625109394195,Phoenix
Russia,2018-09-01,2.5827873720447094,0.4646309462757716,Phoenix
Russia,2018-10-01,1.2511130191540616,-0.6751480546209847,Phoenix
Russia,2018-11-01,2,-0.034176293799468266,Phoenix
Russia,2018-12-01,2.4749999999999996,0.3723758217765056,Phoenix
Russia,2019-01-01,5.700000000000003,3.1326507117397013,Phoenix
Russia,2019-02-01,4,1.6776220875730545,Phoenix
Russia,2019-03-01,2.25,0.1797985038720971,Phoenix
South Korea,2002-01-01,1.6070689291270437,-0.011005848450473286,Phoenix
South Korea,2002-02-01,4.039999999999997,1.624290727008884,Phoenix
South Korea,2002-03-01,2.4632815729997457,0.5644981685571452,Phoenix
South Korea,2002-04-01,1.7252335123106644,0.06841857114536154,Phoenix
South Korea,2002-05-01,3.5681425116915495,1.3071313368504143,Phoenix
South Korea,2002-06-01,0.2071760633590074,-0.9519449637452848,Phoenix
South Korea,2002-07-01,1.5477428770167645,-0.05088190207687257,Phoenix
South Korea,2002-08-01,1.0454234174143444,-0.3885163307332065,Phoenix
South Korea,2002-09-01,1.4474711915874163,-0.11827959606058083,Phoenix
South Korea,2002-10-01,2.2206686296062195,0.4014256835848547,Phoenix
South Korea,2002-11-01,-0.4692203687280916,-1.4065853694219161,Phoenix
South Korea,2002-12-01,4.146450677153769,1.6958416352483154,Phoenix
South Korea,2003-01-01,0.6316810516904496,-0.6666135945196285,Phoenix
South Korea,2003-02-01,0.5103332854294855,-0.748177593180304,Phoenix
South Korea,2003-03-01,1.4666666666666632,-0.10537734205214942,Phoenix
South Korea,2003-04-01,2.605135402157501,0.6598453338815783,Phoenix
South Korea,2003-05-01,0.09999999999999964,-1.0239834409058046,Phoenix
South Korea,2003-06-01,1.0178425057933396,-0.40705486265540075,Phoenix
South Korea,2003-07-01,2.3432706691139895,0.48383274301685564,Phoenix
South Korea,2003-08-01,2.25890447013815,0.42712593454150877,Phoenix
South Korea,2003-09-01,1.3157328576051643,-0.20682762316954426,Phoenix
South Korea,2003-10-01,3.205042084366136,1.063073092676638,Phoenix
South Korea,2003-11-01,1.2786577461092747,-0.23174768917135172,Phoenix
South Korea,2003-12-01,0.87157516571604,-0.5053685728930417,Phoenix
South Korea,2004-01-01,3.0856024363388332,0.9827916372209202,Phoenix
South Korea,2004-02-01,2.5261430479316243,0.6067505594757012,Phoenix
South Korea,2004-03-01,1.7634170085411045,0.09408363883768199,Phoenix
South Korea,2004-04-01,2.2847762100280775,0.4445156453104182,Phoenix
South Korea,2004-05-01,-0.5210500710502064,-1.441422745510841,Phoenix
South Korea,2004-06-01,1.6821773526343158,0.03947833880006102,Phoenix
South Korea,2004-07-01,0.20530169684528057,-0.9532048207045506,Phoenix
South Korea,2004-08-01,0.2364739800881086,-0.932252345459144,Phoenix
South Korea,2004-09-01,1.8840404052426436,0.1751607519165683,Phoenix
South Korea,2004-10-01,1.1342938456495943,-0.32878200093956983,Phoenix
South Korea,2004-11-01,2.536341660409766,0.6136055650529691,Phoenix
South Korea,2004-12-01,1.1268780313191566,-0.33376654650437937,Phoenix
South Korea,2005-01-01,1.3512092057488587,-0.18298216724038333,Phoenix
South Korea,2005-02-01,1.2668550571970805,-0.23968087601350838,Phoenix
South Korea,2005-03-01,0.7700284815100424,-0.573623258329624,Phoenix
South Korea,2005-04-01,1.9219277271911483,0.20062674582715012,Phoenix
South Korea,2005-05-01,0.13132095289551415,-1.0029310372338087,Phoenix
South Korea,2005-06-01,3.0342351054834147,0.9482650444850999,Phoenix
South Korea,2005-07-01,2.478683425381563,0.5748505360192777,Phoenix
South Korea,2005-08-01,1.8745043026326351,0.1687510528798502,Phoenix
South Korea,2005-09-01,2.069781808661638,0.3000069855680262,Phoenix
South Korea,2005-10-01,1.6901609704734746,0.04484453394979379,Phoenix
South Korea,2005-11-01,2.6606162149564554,0.6971368068131474,Phoenix
South Korea,2005-12-01,2.731205246733836,0.7445832812786668,Phoenix
South Korea,2006-01-01,2.223125397228692,0.40307700191763735,Phoenix
South Korea,2006-02-01,1.333333333333334,-0.19499744925738158,Phoenix
South Korea,2006-03-01,0.7375000000000007,-0.5954873033307748,Phoenix
South Korea,2006-04-01,1.3329892378218062,-0.1952287333321212,Phoenix
South Korea,2006-05-01,3.666666666666666,1.3733544268342277,Phoenix
South Korea,2006-06-01,1.8302213561895684,0.13898623482291533,Phoenix
South Korea,2006-07-01,2.1562692633054255,0.3581395977461571,Phoenix
South Korea,2006-08-01,2.0600000000000005,0.29343213501114834,Phoenix
South Korea,2006-09-01,0.8746780921309032,-0.5032829384084168,Phoenix
South Korea,2006-10-01,1.1648542274758302,-0.3082408157233185,Phoenix
South Korea,2006-11-01,3.369575462530541,1.1736643351011389,Phoenix
South Korea,2006-12-01,2.9501477725270853,0.891745676028986,Phoenix
South Korea,2007-01-01,1.7274883764805065,0.06993417991012023,Phoenix
South Korea,2007-02-01,2.2539199090432014,0.42377555779375625,Phoenix
South Korea,2007-03-01,3.2843894188177067,1.1164064673266336,Phoenix
South Korea,2007-04-01,2.603750474097166,0.6589144533722878,Phoenix
South Korea,2007-05-01,1.3014896776062237,-0.21640118805790814,Phoenix
South Korea,2007-06-01,-1.176209992275549,-1.8817890133367543,Phoenix
South Korea,2007-07-01,3.30095285917756,1.1275395970821653,Phoenix
South Korea,2007-08-01,2.2351540942255657,0.41116210027563055,Phoenix
South Korea,2007-09-01,1.4863498100930368,-0.09214730137209233,Phoenix
South Korea,2007-10-01,2.6666666666666643,0.7012036227949651,Phoenix
South Korea,2007-11-01,2.7114052574702576,0.7312747025751838,Phoenix
South Korea,2007-12-01,1.7495281640922349,0.08474824087419805,Phoenix
South Korea,2008-01-01,0.2091229182759271,-0.9506363836475294,Phoenix
South Korea,2008-02-01,1.3259982695885206,-0.19992771825113706,Phoenix
South Korea,2008-03-01,2.371428571428572,0.5027590996976612,Phoenix
South Korea,2008-04-01,1.796323579509414,0.11620181697220618,Phoenix
South Korea,2008-05-01,1.2909555044870429,-0.22348174098985432,Phoenix
South Korea,2008-06-01,1.4789656057156186,-0.09711060028156418,Phoenix
South Korea,2008-07-01,4.203538071548335,1.7342129732911296,Phoenix
South Korea,2008-08-01,2.6612079484306452,0.697534540943601,Phoenix
South Korea,2008-09-01,0.23588674859751357,-0.9326470535777047,Phoenix
South Korea,2008-10-01,-0.14965529085303864,-1.19178944538533,Phoenix
South Korea,2008-11-01,2.2125000000000004,0.39593513262713564,Phoenix
South Korea,2008-12-01,2.885654729199816,0.8483966251016228,Phoenix
South Korea,2009-01-01,4,1.5974046948473153,Phoenix
South Korea,2009-02-01,2.135994951998761,0.3445122031000402,Phoenix
South Korea,2009-03-01,4.367253540319782,1.8442544572595219,Phoenix
South Korea,2009-04-01,1.7048479002637222,0.05471636561717694,Phoenix
South Korea,2009-05-01,1.1309283706004898,-0.33104410769979953,Phoenix
South Korea,2009-06-01,3.87213595499958,1.5114607741925705,Phoenix
South Korea,2009-07-01,-0.01249999999999751,-1.0996004063602196,Phoenix
South Korea,2009-08-01,1.4499999999999993,-0.11657985545280194,Phoenix
South Korea,2009-09-01,1.118410992563177,-0.33945767341204264,Phoenix
South Korea,2009-10-01,2.1733699104166284,0.36963381145154384,Phoenix
South Korea,2009-11-01,3.6113681764337873,1.336185502162041,Phoenix
South Korea,2009-12-01,2.860000000000001,0.831152778242558,Phoenix
South Korea,2010-01-01,2.724999999999998,0.7404124196972555,Phoenix
South Korea,2010-02-01,0.695217257226016,-0.6239076828832939,Phoenix
South Korea,2010-03-01,5.186636123669306,2.395003119473672,Phoenix
South Korea,2010-04-01,1.8761664672463905,0.16986827816143146,Phoenix
South Korea,2010-05-01,1.6478536814441327,0.016407655612000218,Phoenix
South Korea,2010-06-01,0.306448801597595,-0.885218712919039,Phoenix
South Korea,2010-07-01,-1.0420197993745628,-1.7915929672841728,Phoenix
South Korea,2010-08-01,0.4513327826728375,-0.7878348285469056,Phoenix
South Korea,2010-09-01,0.8202011312301849,-0.53989967147945,Phoenix
South Korea,2010-10-01,3.020794416806389,0.9392308747839956,Phoenix
South Korea,2010-11-01,1.360237503729106,-0.17691378949385414,Phoenix
South Korea,2010-12-01,1.9505912300560908,0.21989294232440287,Phoenix
South Korea,2011-01-01,1.679999999999998,0.03801482947622727,Phoenix
South Korea,2011-02-01,1.87142857142857,0.16668369767802924,Phoenix
South Korea,2011-03-01,0.8749666429769025,-0.5030889887252721,Phoenix
South Korea,2011-04-01,2.425057829571255,0.5388060486782947,Phoenix
South Korea,2011-05-01,2.3729530008608837,0.5037837461662906,Phoenix
South Korea,2011-06-01,2.6777678917909267,0.7086653201880588,Phoenix
South Korea,2011-07-01,1.2268309912444837,-0.26658308412446674,Phoenix
South Korea,2011-08-01,2.0142857142857142,0.26270524111221033,Phoenix
South Korea,2011-09-01,1.5677738573546005,-0.037418062537101456,Phoenix
South Korea,2011-10-01,1.2312613184974666,-0.26360523609921727,Phoenix
South Korea,2011-11-01,0.1606033936905611,-0.9832488211091859,Phoenix
South Korea,2011-12-01,1.4030798732963472,-0.14811725634228573,Phoenix
South Korea,2012-01-01,2.1035638319518757,0.32271359968463253,Phoenix
South Korea,2012-02-01,0.366899828742957,-0.8445865064182847,Phoenix
South Korea,2012-03-01,2.160046813132926,0.3606786809000098,Phoenix
South Korea,2012-04-01,1.9469366327002948,0.21743650177326485,Phoenix
South Korea,2012-05-01,1.9434323486811884,0.21508109445224052,Phoenix
South Korea,2012-06-01,1.275625718560093,-0.23378566892640343,Phoenix
South Korea,2012-07-01,-0.01741779639123564,-1.1029059071586917,Phoenix
South Korea,2012-08-01,2.3080204393663077,0.46013927274938266,Phoenix
South Korea,2012-09-01,1.667325397586218,0.029495585272927054,Phoenix
South Korea,2012-10-01,1.143653003309444,-0.3224912355933716,Phoenix
South Korea,2012-11-01,2.4712759120328354,0.5698715699659989,Phoenix
South Korea,2012-12-01,0.7357847657376784,-0.5966401994193105,Phoenix
South Korea,2013-01-01,2.994503969632829,0.9215597295777356,Phoenix
South Korea,2013-02-01,-0.10758943776446016,-1.1635148484092446,Phoenix
South Korea,2013-03-01,-1.9999999999999984,-2.4355001293882523,Phoenix
South Korea,2013-04-01,1.6237954724330963,2.369110814875021e-4,Phoenix
South Korea,2013-05-01,1.7714285714285722,0.09946861727410454,Phoenix
South Korea,2013-06-01,2.768941458679569,0.769947706479387,Phoenix
South Korea,2013-07-01,2.2729155301926305,0.43654347982257025,Phoenix
South Korea,2013-08-01,2.7521107182608215,0.75863491077435,Phoenix
South Korea,2013-09-01,3.384362741771321,1.1836036167323822,Phoenix
South Korea,2013-10-01,2.906164801215901,0.8621824864981378,Phoenix
South Korea,2013-11-01,0.4026359941627238,-0.8205664140981084,Phoenix
South Korea,2013-12-01,1.9358915694178265,0.2100125536072892,Phoenix
South Korea,2014-01-01,1.3428571428571452,-0.18859601302843507,Phoenix
South Korea,2014-02-01,2.4264864415033784,0.5397662913371316,Phoenix
South Korea,2014-03-01,1.080030200735612,-0.36525535349860405,Phoenix
South Korea,2014-04-01,3.497005102291043,1.2593162699245937,Phoenix
South Korea,2014-05-01,1.2829529001418989,-0.22886069793485092,Phoenix
South Korea,2014-06-01,3.007772579418786,0.9304782363138497,Phoenix
South Korea,2014-07-01,1.6262078375877032,0.0018583842597927967,Phoenix
South Korea,2014-08-01,2.945848912236558,0.8888561936282556,Phoenix
South Korea,2014-09-01,2.7492087822420395,0.7566843721460551,Phoenix
South Korea,2014-10-01,1.1672921110367422,-0.3066021903276974,Phoenix
South Korea,2014-11-01,0.8154915313757236,-0.5430652328083293,Phoenix
South Korea,2014-12-01,2.24197703962858,0.4157481485141825,Phoenix
South Korea,2015-01-01,1.5635107942695363,-0.04028348381739744,Phoenix
South Korea,2015-02-01,0.02910196624968186,-1.0716376112958834,Phoenix
South Korea,2015-03-01,-0.00482933603482038,-1.094444563408511,Phoenix
South Korea,2015-04-01,1.8248820947543507,0.13539744595625794,Phoenix
South Korea,2015-05-01,2.488548806676315,0.581481559988699,Phoenix
South Korea,2015-06-01,1.9171422695981877,0.1974101966583458,Phoenix
South Korea,2015-07-01,2.0757196589802636,0.30399811643395513,Phoenix
South Korea,2015-08-01,3.392690093964683,1.1892008532046687,Phoenix
South Korea,2015-09-01,1.7377090423952648,0.07680400872254173,Phoenix
South Korea,2015-10-01,2.9456211200875284,0.8887030829521315,Phoenix
South Korea,2015-11-01,1.679184538256628,0.037466716209757875,Phoenix
South Korea,2015-12-01,3.3216419544827698,1.141445789126407,Phoenix
South Korea,2016-01-01,1.6178118449069745,-0.0037849889712667254,Phoenix
South Korea,2016-02-01,0.5600161925882912,-0.7147831871865048,Phoenix
South Korea,2016-03-01,-0.6009705221485095,-1.4951413409757461,Phoenix
South Korea,2016-04-01,1.5305581047151158,-0.062432660596657384,Phoenix
South Korea,2016-05-01,-3.500000000000001,-3.4437263354471463,Phoenix
South Korea,2016-06-01,-0.3365409026422732,-1.3174047596128333,Phoenix
South Korea,2016-07-01,-2.2752158726486567,-2.620486699473415,Phoenix
South Korea,2016-08-01,-1.8762339315126173,-2.3523106669416807,Phoenix
South Korea,2016-09-01,0.1187607036601861,-1.011373418856268,Phoenix
South Korea,2016-10-01,-0.7119532196833731,-1.5697384503582508,Phoenix
South Korea,2016-11-01,-4.999999999999999,-4.451952541506037,Phoenix
South Korea,2016-12-01,-0.02677784005721761,-1.109197268034624,Phoenix
South Korea,2017-01-01,0.3823055093805756,-0.8342315657909373,Phoenix
South Korea,2017-02-01,-0.8529034338570778,-1.6644782501446125,Phoenix
South Korea,2017-03-01,-1.1698110941945128,-1.8774879888466205,Phoenix
South Korea,2017-04-01,2.117056274847714,0.3317825560255242,Phoenix
South Korea,2017-05-01,-0.7323085474786666,-1.58342030030234,Phoenix
South Korea,2017-06-01,-5.221583454237411,-4.60089003843351,Phoenix
South Korea,2017-07-01,0.4000000000000003,-0.8223381996940258,Phoenix
South Korea,2017-08-01,1,-0.41904771727046913,Phoenix
South Korea,2017-09-01,-2.1011402204875065,-2.503481609909639,Phoenix
South Korea,2017-10-01,1.0847054183120015,-0.36211290224557535,Phoenix
South Korea,2017-11-01,1.836991234025529,0.14353661365360385,Phoenix
South Korea,2017-12-01,0.10843750855581824,-1.018312162745923,Phoenix
South Korea,2018-01-01,3.0165195460614314,0.9363575169756084,Phoenix
South Korea,2018-02-01,2.341369696545602,0.48255500277655733,Phoenix
South Korea,2018-03-01,1.286090653799956,-0.22675165429071079,Phoenix
South Korea,2018-04-01,3.0382514278165385,0.9509646187705899,Phoenix
South Korea,2018-05-01,1.95940829501237,0.22581933962403225,Phoenix
South Korea,2018-06-01,2.129217154497267,0.33995650105979586,Phoenix
South Korea,2018-07-01,1.666666666666666,0.029052818755704774,Phoenix
South Korea,2018-08-01,2.01982500643704,0.26642848078553244,Phoenix
South Korea,2018-09-01,2.125461636947879,0.33743222691939107,Phoenix
South Korea,2018-10-01,-0.4399999999999995,-1.3869448750870053,Phoenix
South Korea,2018-11-01,2.633333333333331,0.6787985959936564,Phoenix
South Korea,2018-12-01,3.183898609864972,1.048861489290497,Phoenix
South Korea,2019-01-01,1.8249999999999993,0.1354766960619211,Phoenix
South Korea,2019-02-01,0.4999999999999982,-0.755123119290101,Phoenix
South Korea,2019-03-01,3.470142581081186,1.2412606046948664,Phoenix
United Kingdom,2002-01-01,4.098295234376826,1.130606990105963,Phoenix
United Kingdom,2002-02-01,2.1489939146459953,0.3749210134661436,Phoenix
United Kingdom,2002-03-01,0.4513617784964197,-0.28320032765031405,Phoenix
United Kingdom,2002-04-01,4,1.0925008597518582,Phoenix
United Kingdom,2002-05-01,2.0964900033832734,0.3545668131901908,Phoenix
United Kingdom,2002-06-01,-7,-3.1718710251375706,Phoenix
United Kingdom,2002-07-01,2.131426808148049,0.36811077027989814,Phoenix
United Kingdom,2002-08-01,3.5,0.8986657740750659,Phoenix
United Kingdom,2002-09-01,7.9999999999999964,2.6431815451661946,Phoenix
United Kingdom,2002-10-01,2.233333333333336,0.4076168903605267,Phoenix
United Kingdom,2002-11-01,1,-0.07050965430889523,Phoenix
United Kingdom,2002-12-01,-4.500000000000001,-2.2026955967536104,Phoenix
United Kingdom,2003-01-01,4.999999999999998,1.480171031105442,Phoenix
United Kingdom,2003-02-01,0.6666666666666661,-0.1997330447600903,Phoenix
United Kingdom,2003-03-01,1.4265879643688493,0.09486577493535335,Phoenix
United Kingdom,2003-04-01,-4.000000000000001,-2.008860511076818,Phoenix
United Kingdom,2003-05-01,1.4499999999999993,0.1039419228002175,Phoenix
United Kingdom,2003-06-01,2.685466202999155,0.5828953174184627,Phoenix
United Kingdom,2003-07-01,2.494424980238053,0.5088343338550678,Phoenix
United Kingdom,2003-08-01,5.199999999999996,1.557705065376158,Phoenix
United Kingdom,2003-09-01,3.333333333333334,0.8340540788494687,Phoenix
United Kingdom,2003-10-01,1,-0.07050965430889523,Phoenix
United Kingdom,2003-11-01,1.7904357020769162,0.2359186897592537,Phoenix
United Kingdom,2003-12-01,1.2901721269387671,0.04198142386349069,Phoenix
United Kingdom,2004-01-01,0.809475019311126,-0.1443705062196894,Phoenix
United Kingdom,2004-02-01,-2.448356424073987,-1.4073345801178916,Phoenix
United Kingdom,2004-03-01,-0.49079713310583806,-0.648447234353468,Phoenix
United Kingdom,2004-04-01,1.9148676411688648,0.2841572409088882,Phoenix
United Kingdom,2004-05-01,2.0029513299716744,0.3183046596405292,Phoenix
United Kingdom,2004-06-01,3.662085548648712,0.9615015064936518,Phoenix
United Kingdom,2004-07-01,1,-0.07050965430889523,Phoenix
United Kingdom,2004-08-01,1.734584967679513,0.2142670259851889,Phoenix
United Kingdom,2004-09-01,2.5141378582540845,0.5164764286534151,Phoenix
United Kingdom,2004-10-01,0.6666666666666661,-0.1997330447600903,Phoenix
United Kingdom,2004-11-01,2.0609522856952367,0.3407899000845543,Phoenix
United Kingdom,2004-12-01,1.375,0.07486665994869894,Phoenix
United Kingdom,2005-01-01,1.4805158305254214,0.11577200004900481,Phoenix
United Kingdom,2005-02-01,2.5067381050881252,0.5136077650755935,Phoenix
United Kingdom,2005-03-01,4.6999999999999975,1.3638699796993663,Phoenix
United Kingdom,2005-04-01,2.25,0.4140780598830853,Phoenix
United Kingdom,2005-05-01,3.780804524920752,1.0075253123679557,Phoenix
United Kingdom,2005-06-01,-0.5,-0.6520149113392719,Phoenix
United Kingdom,2005-07-01,1.318836243939575,0.053093647012893104,Phoenix
United Kingdom,2005-08-01,5.099999999999998,1.5189380482408001,Phoenix
United Kingdom,2005-09-01,1.5442627940121714,0.14048479630718388,Phoenix
United Kingdom,2005-10-01,-0.06778522801516651,-0.4844581366223611,Phoenix
United Kingdom,2005-11-01,3.633494462684157,0.9504175952985877,Phoenix
United Kingdom,2005-12-01,2.6666666666666643,0.575607297947078,Phoenix
United Kingdom,2006-01-01,1.2833720104050652,0.039345221521646115,Phoenix
United Kingdom,2006-02-01,2.9284827149524517,0.6771055702491475,Phoenix
United Kingdom,2006-03-01,1.897599229036533,0.27746279261854284,Phoenix
United Kingdom,2006-04-01,2.649999999999997,0.5691461284245178,Phoenix
United Kingdom,2006-05-01,-1.9262099922755471,-1.2049139834309277,Phoenix
United Kingdom,2006-06-01,-2.5639403432040044,-1.4521430178527444,Phoenix
United Kingdom,2006-07-01,-4.999999999999999,-2.396530682430402,Phoenix
United Kingdom,2006-08-01,2.0800440959130615,0.3481912254231485,Phoenix
United Kingdom,2006-09-01,1.6046999638030552,0.16391448427614153,Phoenix
United Kingdom,2006-10-01,1.6216476722053643,0.17048460529651527,Phoenix
United Kingdom,2006-11-01,2.9544079548889624,0.6871560124577174,Phoenix
United Kingdom,2006-12-01,1.292853089020909,0.043020752893267046,Phoenix
United Kingdom,2007-01-01,1.940971508067065,0.29427693146230466,Phoenix
United Kingdom,2007-02-01,2.349999999999998,0.45284507701844295,Phoenix
United Kingdom,2007-03-01,4.3772942469873115,1.2387665851321508,Phoenix
United Kingdom,2007-04-01,1,-0.07050965430889523,Phoenix
United Kingdom,2007-05-01,1.0629187509427442,-0.04611793134956807,Phoenix
United Kingdom,2007-06-01,2.5867261175326455,0.5446167315661933,Phoenix
United Kingdom,2007-07-01,3.333333333333334,0.8340540788494687,Phoenix
United Kingdom,2007-08-01,3.5,0.8986657740750659,Phoenix
United Kingdom,2007-09-01,1.7666666666666675,0.22670414372885317,Phoenix
United Kingdom,2007-10-01,-3.3500000000000005,-1.756874899696988,Phoenix
United Kingdom,2007-11-01,2.9499999999999993,0.6854471798305942,Phoenix
United Kingdom,2007-12-01,1.4463740856975331,0.10253626398126703,Phoenix
United Kingdom,2008-01-01,2.2639536947693255,0.4194874911253254,Phoenix
United Kingdom,2008-02-01,1.733243890612913,0.21374713040898172,Phoenix
United Kingdom,2008-03-01,2.2311446595965236,0.4067684068379395,Phoenix
United Kingdom,2008-04-01,-0.4026446298661934,-0.6142731383173075,Phoenix
United Kingdom,2008-05-01,4.450000000000001,1.2669524368609715,Phoenix
United Kingdom,2008-06-01,-2.7500000000000018,-1.5242727968848377,Phoenix
United Kingdom,2008-07-01,-2.99332596375595,-1.6186030149488821,Phoenix
United Kingdom,2008-08-01,-2.801827505606008,-1.5443647748639469,Phoenix
United Kingdom,2008-09-01,1.9600000000000044,0.30165371019054754,Phoenix
United Kingdom,2008-10-01,3.6357924396619583,0.9513084524273386,Phoenix
United Kingdom,2008-11-01,-0.8500009588604787,-0.7876998430346326,Phoenix
United Kingdom,2008-12-01,3.994335081419452,1.090304739795033,Phoenix
United Kingdom,2009-01-01,0.6452011235712476,-0.20805459553008893,Phoenix
United Kingdom,2009-02-01,2.0911264277000896,0.352487514886023,Phoenix
United Kingdom,2009-03-01,1.5996590468753649,0.1619602711470046,Phoenix
United Kingdom,2009-04-01,2.4060875434082813,0.47458854458233385,Phoenix
United Kingdom,2009-05-01,3.087544045834324,0.7387689036478522,Phoenix
United Kingdom,2009-06-01,-3.4287932126188743,-1.787420677934446,Phoenix
United Kingdom,2009-07-01,1.8670836285972072,0.2656328045672719,Phoenix
United Kingdom,2009-08-01,1.2069774686661034,0.00972933643522425,Phoenix
United Kingdom,2009-09-01,3.4399999999999977,0.8754055637938499,Phoenix
United Kingdom,2009-10-01,1.6984464704394338,0.20025720856766632,Phoenix
United Kingdom,2009-11-01,3.0625000000000018,0.7290600741078734,Phoenix
United Kingdom,2009-12-01,-4.666666666666667,-2.2673072919792077,Phoenix
United Kingdom,2010-01-01,1.2749999999999986,0.036099642813339945,Phoenix
United Kingdom,2010-02-01,1.4666666666666686,0.11040309232277826,Phoenix
United Kingdom,2010-03-01,3.032739403985211,0.7175227787512346,Phoenix
United Kingdom,2010-04-01,2.1999999999999993,0.3946945513154059,Phoenix
United Kingdom,2010-05-01,2.861335345030996,0.6510745378457543,Phoenix
United Kingdom,2010-06-01,2.752451353579689,0.6088634622221638,Phoenix
United Kingdom,2010-07-01,0.4696852987991402,-0.2760968453947575,Phoenix
United Kingdom,2010-08-01,1.7763568394002505e-15,-0.458179825662479,Phoenix
United Kingdom,2010-09-01,2.360000000000003,0.4567217787319808,Phoenix
United Kingdom,2010-10-01,2.9999999999999964,0.7048306883982723,Phoenix
United Kingdom,2010-11-01,2.018881017004579,0.3244801241421843,Phoenix
United Kingdom,2010-12-01,0.09999999999999964,-0.4194128085271214,Phoenix
United Kingdom,2011-01-01,3.3910248351436376,0.8564193532419148,Phoenix
United Kingdom,2011-02-01,-0.0317541634481433,-0.47048996764761114,Phoenix
United Kingdom,2011-03-01,2.3000000000000025,0.43346156845076556,Phoenix
United Kingdom,2011-04-01,3.914285714285717,1.059271987921552,Phoenix
United Kingdom,2011-05-01,2.6769813097960853,0.5796059774165117,Phoenix
United Kingdom,2011-06-01,1.5423249448235623,0.1397335499801784,Phoenix
United Kingdom,2011-07-01,2.4089130026590535,0.47568389085423324,Phoenix
United Kingdom,2011-08-01,-0.4000000000000003,-0.6132478942039136,Phoenix
United Kingdom,2011-09-01,2.5285714285714285,0.5220718933315839,Phoenix
United Kingdom,2011-10-01,2.4305976181610145,0.48409036946161504,Phoenix
United Kingdom,2011-11-01,2.333333333333334,0.4463839074958843,Phoenix
United Kingdom,2011-12-01,2.966666666666667,0.6919083493531543,Phoenix
United Kingdom,2012-01-01,0.6115796281389994,-0.22108864642547235,Phoenix
United Kingdom,2012-02-01,1,-0.07050965430889523,Phoenix
United Kingdom,2012-03-01,3.373940601876308,0.8497963056037245,Phoenix
United Kingdom,2012-04-01,0.6038722968301755,-0.22407654887464293,Phoenix
United Kingdom,2012-05-01,-0.9999999999999982,-0.8458499970160634,Phoenix
United Kingdom,2012-06-01,1,-0.07050965430889523,Phoenix
United Kingdom,2012-07-01,-0.4338260380047103,-0.6263612401534124,Phoenix
United Kingdom,2012-08-01,-0.6833333333333336,-0.7230877760874291,Phoenix
United Kingdom,2012-09-01,1.86077506224008,0.26318716156660893,Phoenix
United Kingdom,2012-10-01,-4.800000000000001,-2.3189966481596853,Phoenix
United Kingdom,2012-11-01,-1.884797514353412,-1.188859601018677,Phoenix
United Kingdom,2012-12-01,2,0.3171605170446892,Phoenix
United Kingdom,2013-01-01,6.199999999999999,1.9453752367297439,Phoenix
United Kingdom,2013-02-01,0.16666666666666785,-0.3935681304368818,Phoenix
United Kingdom,2013-03-01,4,1.0925008597518582,Phoenix
United Kingdom,2013-04-01,3.3999999999999986,0.859898756939707,Phoenix
United Kingdom,2013-05-01,-7,-3.1718710251375706,Phoenix
United Kingdom,2013-06-01,-0.26713617352030994,-0.5617405518258392,Phoenix
United Kingdom,2013-07-01,-0.1666666666666643,-0.5227915208880762,Phoenix
United Kingdom,2013-08-01,-4.195118737638159,-2.0845022255312977,Phoenix
United Kingdom,2013-09-01,2.318181191654581,0.4405098741349084,Phoenix
United Kingdom,2013-10-01,2.2018459207304115,0.3954101597212699,Phoenix
United Kingdom,2013-11-01,2.833333333333332,0.6402189931726758,Phoenix
United Kingdom,2013-12-01,2.208877958642276,0.3981362710635273,Phoenix
United Kingdom,2014-01-01,1.5121390655630904,0.12803138499481265,Phoenix
United Kingdom,2014-02-01,1.7763568394002505e-15,-0.458179825662479,Phoenix
United Kingdom,2014-03-01,2.599999999999996,0.5497626198568384,Phoenix
United Kingdom,2014-04-01,2.747471191587419,0.6069328019692518,Phoenix
United Kingdom,2014-05-01,1.3499999999999996,0.06517490566485919,Phoenix
United Kingdom,2014-06-01,3.2351134461953936,0.7959771583723737,Phoenix
United Kingdom,2014-07-01,1.799999999999999,0.23962648277397192,Phoenix
United Kingdom,2014-08-01,3.4333333333333353,0.8728210959848277,Phoenix
United Kingdom,2014-09-01,2.407696563961528,0.4752123138559225,Phoenix
United Kingdom,2014-10-01,1.717329219213248,0.2075774870204376,Phoenix
United Kingdom,2014-11-01,4.114137858254081,1.1367487028191487,Phoenix
United Kingdom,2014-12-01,1.4170152503717546,0.09115471925978079,Phoenix
United Kingdom,2015-01-01,1,-0.07050965430889523,Phoenix
United Kingdom,2015-02-01,1.4056438768812,0.08674637695017191,Phoenix
United Kingdom,2015-03-01,1.8249999999999993,0.24931823705781167,Phoenix
United Kingdom,2015-04-01,3.666666666666666,0.9632774693006632,Phoenix
United Kingdom,2015-05-01,3.5,0.8986657740750659,Phoenix
United Kingdom,2015-06-01,-1.09636499535935,-0.8832078312795107,Phoenix
United Kingdom,2015-07-01,4.1666666666666625,1.157112554977454,Phoenix
United Kingdom,2015-08-01,3.171206787381127,0.771202452999212,Phoenix
United Kingdom,2015-09-01,2,0.3171605170446892,Phoenix
United Kingdom,2015-10-01,3.268669113607654,0.8089856897079686,Phoenix
United Kingdom,2015-11-01,2.7106033936905582,0.5926402564411466,Phoenix
United Kingdom,2015-12-01,2.8400000000000016,0.6428034609817008,Phoenix
United Kingdom,2016-01-01,-2.3952573035196068,-1.3867496349538504,Phoenix
United Kingdom,2016-02-01,1.3118268160722195,0.05037630091046477,Phoenix
United Kingdom,2016-03-01,1.3948478931747363,0.08256109609675662,Phoenix
United Kingdom,2016-04-01,-4.999999999999999,-2.396530682430402,Phoenix
United Kingdom,2016-05-01,1,-0.07050965430889523,Phoenix
United Kingdom,2016-06-01,5.240795932027748,1.573520431335886,Phoenix
United Kingdom,2016-07-01,-0.3833333333333364,-0.606786724681355,Phoenix
United Kingdom,2016-08-01,4.3264477293337595,1.2190549069206653,Phoenix
United Kingdom,2016-09-01,1.7599999999999998,0.22411967591982887,Phoenix
United Kingdom,2016-10-01,3.25,0.8017482312366698,Phoenix
United Kingdom,2016-11-01,1.340599939515167,0.0615307826059701,Phoenix
United Kingdom,2016-12-01,-3.666666666666666,-1.8796371206256224,Phoenix
United Kingdom,2017-01-01,4,1.0925008597518582,Phoenix
United Kingdom,2017-02-01,3.138802621666244,0.7586403245239532,Phoenix
United Kingdom,2017-03-01,2.104234126638165,0.3575689787793978,Phoenix
United Kingdom,2017-04-01,1.7763568394002505e-15,-0.458179825662479,Phoenix
United Kingdom,2017-05-01,0.7500000000000018,-0.16742719714729065,Phoenix
United Kingdom,2017-06-01,-0.9666666666666668,-0.8329276579709447,Phoenix
United Kingdom,2017-07-01,1.4159276236038725,0.09073307880430719,Phoenix
United Kingdom,2017-08-01,-5.333333333333333,-2.525754072881597,Phoenix
United Kingdom,2017-09-01,1.7799999999999976,0.2318730793468997,Phoenix
United Kingdom,2017-10-01,1.5632815729997454,0.14785780961623265,Phoenix
United Kingdom,2017-11-01,6,1.8678412024590272,Phoenix
United Kingdom,2017-12-01,2.955529914454079,0.687590962714578,Phoenix
United Kingdom,2018-01-01,3.0160671211966132,0.7110594320257235,Phoenix
United Kingdom,2018-02-01,-0.4460164412106344,-0.6310870958531223,Phoenix
United Kingdom,2018-03-01,0.6854765002040146,-0.19244103336953397,Phoenix
United Kingdom,2018-04-01,1.938276838900414,0.2932322886047278,Phoenix
United Kingdom,2018-05-01,2.0491078359884725,0.33619816023714405,Phoenix
United Kingdom,2018-06-01,4,1.0925008597518582,Phoenix
United Kingdom,2018-07-01,-1.0857142857142872,-0.879078868846372,Phoenix
United Kingdom,2018-08-01,-2.0999999999999996,-1.2722871855050069,Phoenix
United Kingdom,2018-09-01,0.6999999999999993,-0.18681070571497085,Phoenix
United Kingdom,2018-10-01,0.4963750976920185,-0.26575000648456265,Phoenix
United Kingdom,2018-11-01,4.266666666666664,1.195879572112813,Phoenix
United Kingdom,2018-12-01,2.9999999999999964,0.7048306883982723,Phoenix
United Kingdom,2019-01-01,-1.5384750970905987,-1.0546007301748146,Phoenix
United Kingdom,2019-02-01,1.7763568394002505e-15,-0.458179825662479,Phoenix
United Kingdom,2019-03-01,-4.000000000000001,-2.008860511076818,Phoenix
United States,2002-01-01,0.2913164820612586,-0.2032963321211826,Phoenix
United States,2002-02-01,1.463691880410094,0.8691728649957109,Phoenix
United States,2002-03-01,0.992483019159689,0.4381189638209434,Phoenix
United States,2002-04-01,1.715052144789485,1.0991129859720847,Phoenix
United States,2002-05-01,0.8226577978794243,0.2827657220409146,Phoenix
United States,2002-06-01,0.8450537014726791,0.30325311607800665,Phoenix
United States,2002-07-01,2.0690017214323504,1.4229000756847003,Phoenix
United States,2002-08-01,-0.2608245998235912,-0.7083856606914369,Phoenix
United States,2002-09-01,0.9330033327406876,0.3837079521020072,Phoenix
United States,2002-10-01,2.575387904921765,1.886133596622495,Phoenix
United States,2002-11-01,-0.11730444067643477,-0.5770958451021464,Phoenix
United States,2002-12-01,2.5790198380031946,1.8894560276128662,Phoenix
United States,2003-01-01,1.6069532793976204,1.0002259711649342,Phoenix
United States,2003-02-01,0.431824946167767,-0.07476156424677395,Phoenix
United States,2003-03-01,0.02646269918137278,-0.4455800957336002,Phoenix
United States,2003-04-01,1.1851487834209813,0.6143663482340199,Phoenix
United States,2003-05-01,0.9735050247904536,0.4207582153672244,Phoenix
United States,2003-06-01,1.0777436035646613,0.5161139052290455,Phoenix
United States,2003-07-01,0.5153101221754408,0.0016092635701635783,Phoenix
United States,2003-08-01,1.4744341371920804,0.8789996999177215,Phoenix
United States,2003-09-01,1.9887019136303457,1.3494431688583153,Phoenix
United States,2003-10-01,0.45538370370900694,-0.053210411074411545,Phoenix
United States,2003-11-01,0.084584271897311325,-0.3924114634732987,Phoenix
United States,2003-12-01,1.730972579855342,1.1136767308586442,Phoenix
United States,2004-01-01,1.9491929115889928,1.3133010016328204,Phoenix
United States,2004-02-01,1.7911455690115154,1.168721964202276,Phoenix
United States,2004-03-01,0.2599864457160095,-0.23195651978134255,Phoenix
United States,2004-04-01,-0.4554533369890361,-0.8864287395360443,Phoenix
United States,2004-05-01,1.4529420843329408,0.8593391332539224,Phoenix
United States,2004-06-01,0.9271359869572606,0.3783406033582332,Phoenix
United States,2004-07-01,0.5075685658784082,-0.005472581270667386,Phoenix
United States,2004-08-01,0.901325532724332,0.35472963611395564,Phoenix
United States,2004-09-01,2.2188146391581114,1.5599464004518118,Phoenix
United States,2004-10-01,1.351495113834318,0.7665371594545486,Phoenix
United States,2004-11-01,0.7743295353497306,0.23855584439739458,Phoenix
United States,2004-12-01,0.9070228048487364,0.3599414043493024,Phoenix
United States,2005-01-01,2.108594285090465,1.4591186836647216,Phoenix
United States,2005-02-01,1.6530798922950698,1.0424218169405461,Phoenix
United States,2005-03-01,1.2649565429391405,0.6873731376077005,Phoenix
United States,2005-04-01,1.0332232630758291,0.47538745030114904,Phoenix
United States,2005-05-01,0.16021518153733716,-0.323225585764592,Phoenix
United States,2005-06-01,-0.3761071764586763,-0.8138442131137463,Phoenix
United States,2005-07-01,1.5144170587062682,0.9155754006660494,Phoenix
United States,2005-08-01,1.65675420896482,1.0457830197210805,Phoenix
United States,2005-09-01,2.2795757661203933,1.6155296523188616,Phoenix
United States,2005-10-01,2.361625912408817,1.6905877392057092,Phoenix
United States,2005-11-01,1.9103969688624731,1.27781112901531,Phoenix
United States,2005-12-01,0.9238966873923092,0.37537734687184043,Phoenix
United States,2006-01-01,1.6722716926712664,1.0599781515153552,Phoenix
United States,2006-02-01,2.1841376020076275,1.5282244330311798,Phoenix
United States,2006-03-01,-0.21190702542872764,-0.6636366905151153,Phoenix
United States,2006-04-01,2.498381578516073,1.815689510905967,Phoenix
United States,2006-05-01,0.7939684961920381,0.25652123380800784,Phoenix
United States,2006-06-01,0.8242300967856391,0.2842040345029049,Phoenix
United States,2006-07-01,1.5599929114067468,0.9572674203232687,Phoenix
United States,2006-08-01,1.5479757917061594,0.9462743623530163,Phoenix
United States,2006-09-01,0.2856845167292157,-0.20844835880679294,Phoenix
United States,2006-10-01,0.40879547286266416,-0.0958285371466946,Phoenix
United States,2006-11-01,1.434449517892855,0.8424224460643397,Phoenix
United States,2006-12-01,1.0218672527761663,0.4649991640357742,Phoenix
United States,2007-01-01,0.7575881275665992,0.2232410875464161,Phoenix
United States,2007-02-01,1.54195952834435,0.940770786325772,Phoenix
United States,2007-03-01,1.896626706627396,1.2652143258888184,Phoenix
United States,2007-04-01,-0.6916331418570891,-1.1024820327549272,Phoenix
United States,2007-05-01,1.989521970430335,1.3501933429570836,Phoenix
United States,2007-06-01,0.44280901717925225,-0.06471352175513391,Phoenix
United States,2007-07-01,-0.363427431765702,-0.8022449970011654,Phoenix
United States,2007-08-01,1.5194966767937466,0.9202221494289549,Phoenix
United States,2007-09-01,0.17611039171279508,-0.3086849161813794,Phoenix
United States,2007-10-01,1.0061942597502185,0.4506617749446773,Phoenix
United States,2007-11-01,0.5250094089826938,0.010482007189171125,Phoenix
United States,2007-12-01,2.4040672459785792,1.729412353746614,Phoenix
United States,2008-01-01,2.0309393454832794,1.3880812575553256,Phoenix
United States,2008-02-01,1.2053132934162445,0.6328125011261166,Phoenix
United States,2008-03-01,1.426714464272914,0.8353465497625939,Phoenix
United States,2008-04-01,0.323099521188162,-0.17422174517371525,Phoenix
United States,2008-05-01,1.3748312367831446,0.7878846502650836,Phoenix
United States,2008-06-01,1.9864581007057804,1.3473905667233008,Phoenix
United States,2008-07-01,0.6495337619896606,0.12439478041775567,Phoenix
United States,2008-08-01,-0.82146705258846,-1.2212518996394832,Phoenix
United States,2008-09-01,1.700843425724047,1.086115089948651,Phoenix
United States,2008-10-01,1.2072237009937936,0.6345601096854107,Phoenix
United States,2008-11-01,1.0154481162692033,0.45912704646532515,Phoenix
United States,2008-12-01,0.4523102420649838,-0.056021961833986826,Phoenix
United States,2009-01-01,0.08867064324362772,-0.3886733200398236,Phoenix
United States,2009-02-01,0.5668971932138458,0.048800244152057755,Phoenix
United States,2009-03-01,0.5720406961414035,0.05350543368678807,Phoenix
United States,2009-04-01,1.1965764279512214,0.6248201642826549,Phoenix
United States,2009-05-01,1.8848341647146256,1.2544267078827016,Phoenix
United States,2009-06-01,0.8947571799953877,0.34872101806592026,Phoenix
United States,2009-07-01,0.735849836235623,0.20335526609088234,Phoenix
United States,2009-08-01,0.6438478261745431,0.11919338244652078,Phoenix
United States,2009-09-01,1.395962477681179,0.8072151522458625,Phoenix
United States,2009-10-01,-0.5948615696744035,-1.0139570343041973,Phoenix
United States,2009-11-01,0.9322381874697144,0.38300801014178343,Phoenix
United States,2009-12-01,-0.25024105514991035,-0.6987040129233081,Phoenix
United States,2010-01-01,-0.7387968048370368,-1.1456265544161928,Phoenix
United States,2010-02-01,0.42773082395512674,-0.07850679804174504,Phoenix
United States,2010-03-01,-0.10636670529536828,-0.5670901896619773,Phoenix
United States,2010-04-01,1.983836001791225,1.3449919149590155,Phoenix
United States,2010-05-01,1.8042729549373249,1.1807306749479338,Phoenix
United States,2010-06-01,-0.12986482717747094,-0.5885858743583182,Phoenix
United States,2010-07-01,-0.1056045064380804,-0.5663929430311881,Phoenix
United States,2010-08-01,-1.5661620714026334,-1.9024863148698068,Phoenix
United States,2010-09-01,-0.28361593258320283,-0.7292347866457601,Phoenix
United States,2010-10-01,-0.7018610239299328,-1.1118383263877667,Phoenix
United States,2010-11-01,0.412885597856981,-0.09208695993947867,Phoenix
United States,2010-12-01,0.7226258304111042,0.19125816909510346,Phoenix
United States,2011-01-01,1.477841245115366,0.8821164646537634,Phoenix
United States,2011-02-01,0.728348822789604,0.19649346578413338,Phoenix
United States,2011-03-01,3.4371344783017843,2.6744447953842014,Phoenix
United States,2011-04-01,1.0807089979656688,0.5188265979014289,Phoenix
United States,2011-05-01,0.3303542000223718,-0.1675852876059227,Phoenix
United States,2011-06-01,-1.486765298000222,-1.8298554886476928,Phoenix
United States,2011-07-01,1.1232016697402631,0.5576981757643168,Phoenix
United States,2011-08-01,0.8130892868186059,0.27401260986417253,Phoenix
United States,2011-09-01,0.20429712723193383,-0.28290016698403886,Phoenix
United States,2011-10-01,0.17669150742467643,-0.3081533213510621,Phoenix
United States,2011-11-01,1.1205046411889423,0.5552309796348943,Phoenix
United States,2011-12-01,1.1273901931553765,0.5615297661835958,Phoenix
United States,2012-01-01,0.4627574504512335,-0.04646503219703424,Phoenix
United States,2012-02-01,-0.5625390803559984,-0.9843889674401614,Phoenix
United States,2012-03-01,1.6750317259302925,1.0625029832863842,Phoenix
United States,2012-04-01,0.02880960601587823,-0.4434331850324245,Phoenix
United States,2012-05-01,1.2683755384475042,0.6905007769056295,Phoenix
United States,2012-06-01,0.4446036003077687,-0.06307186744397199,Phoenix
United States,2012-07-01,0.7718861708468108,0.23632069585162935,Phoenix
United States,2012-08-01,-0.6277250903910527,-1.044020027546002,Phoenix
United States,2012-09-01,-1.5146917544576937,-1.8554021389590574,Phoenix
United States,2012-10-01,-0.2125683558874929,-0.664241664439969,Phoenix
United States,2012-11-01,-1.0199991032228546,-1.4028656636656764,Phoenix
United States,2012-12-01,0.1795386789001494,-0.30554877701257194,Phoenix
United States,2013-01-01,1.0003136896919198,0.4452823288577878,Phoenix
United States,2013-02-01,-0.9377080814116194,-1.3275872279222096,Phoenix
United States,2013-03-01,0.11857447232975105,-0.3613178026723627,Phoenix
United States,2013-04-01,1.126923125359113,0.5611025004586725,Phoenix
United States,2013-05-01,0.05794892920996908,-0.4167770247321402,Phoenix
United States,2013-06-01,1.2214260829146897,0.6475522085961376,Phoenix
United States,2013-07-01,0.4193342036918643,-0.08618788432598407,Phoenix
United States,2013-08-01,0.915657434876179,0.3678402179426062,Phoenix
United States,2013-09-01,1.546680617194793,0.9450895586030508,Phoenix
United States,2013-10-01,-0.8706228710311699,-1.2662188114436073,Phoenix
United States,2013-11-01,-1.2867081494241024,-1.6468465908039611,Phoenix
United States,2013-12-01,0.03533729403040908,-0.437461766377757,Phoenix
United States,2014-01-01,-0.1146678965875818,-0.5746839791365881,Phoenix
United States,2014-02-01,1.869247935727728,1.240168689067909,Phoenix
United States,2014-03-01,1.120870627845548,0.5555657780418877,Phoenix
United States,2014-04-01,0.2671851407741386,-0.22537127522558476,Phoenix
United States,2014-05-01,-2.230024598646331,-2.509776533166588,Phoenix
United States,2014-06-01,-0.0360384568033556,-0.5027550967377366,Phoenix
United States,2014-07-01,0.7278148219169953,0.19600497081237525,Phoenix
United States,2014-08-01,-0.9357751945420514,-1.3258190556865563,Phoenix
United States,2014-09-01,1.2797049377831635,0.7008647199109534,Phoenix
United States,2014-10-01,1.2813042737817355,0.7023277654480096,Phoenix
United States,2014-11-01,1.420047864087298,0.829248056601925,Phoenix
United States,2014-12-01,1.302228860378131,0.7214692235668381,Phoenix
United States,2015-01-01,2.711489631237905,2.0106371552557363,Phoenix
United States,2015-02-01,2.1643350766058624,1.5101094175263947,Phoenix
United States,2015-03-01,-1.4170093188919033,-1.7660438980822775,Phoenix
United States,2015-04-01,-1.2409023506005603,-1.6049442203202664,Phoenix
United States,2015-05-01,-1.4508357545838546,-1.7969877496668183,Phoenix
United States,2015-06-01,0.29162268430652283,-0.2030162234831163,Phoenix
United States,2015-07-01,2.4324164916185964,1.755345764455538,Phoenix
United States,2015-08-01,1.891412085241523,1.2604440783905748,Phoenix
United States,2015-09-01,-0.05720854099961237,-0.5221211319111401,Phoenix
United States,2015-10-01,0.8825764355888222,0.3375782789804755,Phoenix
United States,2015-11-01,-0.5829326218795181,-1.0030446345028639,Phoenix
United States,2015-12-01,0.45200487815368184,-0.05630130357831526,Phoenix
United States,2016-01-01,1.017470444441587,0.46097703809291973,Phoenix
United States,2016-02-01,0.6218829889854014,0.09910032066936392,Phoenix
United States,2016-03-01,-0.3889848371143216,-0.8256244794034986,Phoenix
United States,2016-04-01,0.5693939749161547,0.05108425784888447,Phoenix
United States,2016-05-01,1.1707189153171225,0.6011661488084401,Phoenix
United States,2016-06-01,-1.246078272151724,-1.609679065863882,Phoenix
United States,2016-07-01,0.0831825758639404,-0.3936937113110036,Phoenix
United States,2016-08-01,-0.7504125488032809,-1.1562524406493382,Phoenix
United States,2016-09-01,-0.2711657036570472,-0.7178455276770362,Phoenix
United States,2016-10-01,1.0220351878132288,0.4651527881689826,Phoenix
United States,2016-11-01,0.4055562291409558,-0.09879174254863263,Phoenix
United States,2016-12-01,-0.1827759217788376,-0.6369880493149266,Phoenix
United States,2017-01-01,-1.994714910627284,-2.2945192081331225,Phoenix
United States,2017-02-01,0.3455812759288168,-0.15365581595816982,Phoenix
United States,2017-03-01,0.47684471732546285,-0.03357823858514647,Phoenix
United States,2017-04-01,0.6667793114831273,0.14017071758357008,Phoenix
United States,2017-05-01,-0.13563832031785594,-0.5938673682906791,Phoenix
United States,2017-06-01,-1.705395324503762,-2.0298545412720723,Phoenix
United States,2017-07-01,-0.6755944078588687,-1.087810070004712,Phoenix
United States,2017-08-01,-0.3630696364481256,-0.8019176918926534,Phoenix
United States,2017-09-01,0.2222908407569104,-0.26643982200881866,Phoenix
United States,2017-10-01,0.4721674101199156,-0.037856960153738926,Phoenix
United States,2017-11-01,0.2467908568462498,-0.24402762142725493,Phoenix
United States,2017-12-01,0.37082616590410744,-0.13056221733674228,Phoenix
United States,2018-01-01,-1.6237578784945033,-1.9551739856245098,Phoenix
United States,2018-02-01,-0.5594616448189225,-0.9815737814303942,Phoenix
United States,2018-03-01,-1.5920189977676156,-1.9261397940349436,Phoenix
United States,2018-04-01,-2.4103895011886607,-2.6747712972072466,Phoenix
United States,2018-05-01,-0.24645730400686897,-0.6952427013364367,Phoenix
United States,2018-06-01,-0.8725331938482785,-1.2679663424654832,Phoenix
United States,2018-07-01,-2.659568362840817,-2.902715907842171,Phoenix
United States,2018-08-01,-1.7496904630941028,-2.070374985309938,Phoenix
United States,2018-09-01,-1.7788746237586963,-2.0970721621703263,Phoenix
United States,2018-10-01,-0.2895179939009562,-0.7346338925735205,Phoenix
United States,2018-11-01,-0.8830634745180621,-1.2775992652231971,Phoenix
United States,2018-12-01,-1.2553258612674796,-1.618138604069997,Phoenix
United States,2019-01-01,0.19142868934122603,-0.2946719964443237,Phoenix
United States,2019-02-01,1.3371244339083077,0.7533911043735749,Phoenix
United States,2019-03-01,-0.31576487227451366,-0.7586440932445332,Phoenix
Vietnam,2002-01-01,0.714101615137757,-0.12460352458559293,Phoenix
Vietnam,2002-02-01,3.3961414223944733,0.8703346154340068,Phoenix
Vietnam,2002-03-01,3.982234021006793,1.0877534167377192,Phoenix
Vietnam,2002-04-01,2.908567465248595,0.6894626072213847,Phoenix
Vietnam,2002-05-01,4.632706343315755,1.3290547280535518,Phoenix
Vietnam,2002-06-01,3.649319680791262,0.9642544390030504,Phoenix
Vietnam,2002-07-01,3.4587139566167906,0.8935467246081591,Phoenix
Vietnam,2002-08-01,1.7763568394002505e-15,-0.38950896365767784,Phoenix
Vietnam,2002-09-01,-0.03793358425299686,-0.4035809284580656,Phoenix
Vietnam,2002-10-01,1.7499999999999964,0.259676682402958,Phoenix
Vietnam,2002-11-01,4.633333333333336,1.3292873182933445,Phoenix
Vietnam,2002-12-01,2.5,0.5378991021432327,Phoenix
Vietnam,2003-01-01,1.2069469814064284,0.05822398256247512,Phoenix
Vietnam,2003-02-01,1.597234250353667,0.2030062070429065,Phoenix
Vietnam,2003-03-01,2,0.3524174889830504,Phoenix
Vietnam,2003-04-01,1.2368902652066076,0.06933183972761589,Phoenix
Vietnam,2003-05-01,4,1.0943439416237792,Phoenix
Vietnam,2003-06-01,3.5050134385329983,0.9107221297967569,Phoenix
Vietnam,2003-07-01,1.9000000000000004,0.3153211663510141,Phoenix
Vietnam,2003-08-01,2.0828616016811896,0.38315609608077744,Phoenix
Vietnam,2003-09-01,2.6139610306789223,0.5801744537586797,Phoenix
Vietnam,2003-10-01,2.5045283082341463,0.5395789379755446,Phoenix
Vietnam,2003-11-01,2.4000000000000004,0.5008027795111963,Phoenix
Vietnam,2003-12-01,3.0999999999999996,0.7604770379354511,Phoenix
Vietnam,2004-01-01,-1.5250000000000004,-0.9552278837962345,Phoenix
Vietnam,2004-02-01,3.0538341706352945,0.7433512129285647,Phoenix
Vietnam,2004-03-01,-2.3287932126188746,-1.2534056072437427,Phoenix
Vietnam,2004-04-01,2.693601508306916,0.609718142285255,Phoenix
Vietnam,2004-05-01,3.25,0.8161215218835058,Phoenix
Vietnam,2004-06-01,2.885171252098214,0.6807834725074405,Phoenix
Vietnam,2004-07-01,-1.1473635469263783,-0.8151386467878647,Phoenix
Vietnam,2004-08-01,4.133333333333331,1.1438057051331603,Phoenix
Vietnam,2004-09-01,2.018510020183328,0.3592840257895128,Phoenix
Vietnam,2004-10-01,3.2517545232591356,0.816772385492369,Phoenix
Vietnam,2004-11-01,1.08562855132144,0.013219306326026284,Phoenix
Vietnam,2004-12-01,3.299999999999999,0.8346696831995237,Phoenix
Vietnam,2005-01-01,3.3999999999999986,0.87176600583156,Phoenix
Vietnam,2005-02-01,-1.7000000000000028,-1.0201464484022993,Phoenix
Vietnam,2005-03-01,5.0781810135354135,1.4943094489622368,Phoenix
Vietnam,2005-04-01,0.4000000000000003,-0.2411236731295326,Phoenix
Vietnam,2005-05-01,1.9000000000000004,0.3153211663510141,Phoenix
Vietnam,2005-06-01,5.5,1.6507887811043258,Phoenix
Vietnam,2005-07-01,2.922218232245447,0.6945265397882845,Phoenix
Vietnam,2005-08-01,3.7500000000000018,1.0016031350436887,Phoenix
Vietnam,2005-09-01,-2.400000000000002,-1.2798207068265541,Phoenix
Vietnam,2005-10-01,2.654461391749551,0.5951985983685798,Phoenix
Vietnam,2005-11-01,3.870195412412741,1.0461912130212254,Phoenix
Vietnam,2005-12-01,3.2556124946083944,0.8182035509911415,Phoenix
Vietnam,2006-01-01,4.690402262460376,1.3504577923649592,Phoenix
Vietnam,2006-02-01,2.7004253864841843,0.6122495501499116,Phoenix
Vietnam,2006-03-01,2.827039818323879,0.6592188482838847,Phoenix
Vietnam,2006-04-01,0.4078716844908108,-0.23820356765424555,Phoenix
Vietnam,2006-05-01,4.614285714285714,1.3222213520777173,Phoenix
Vietnam,2006-06-01,4.146414223413796,1.1486582343205516,Phoenix
Vietnam,2006-07-01,1.0138728447234833,-0.013399422100449242,Phoenix
Vietnam,2006-08-01,1.8983941494037728,0.314725454832849,Phoenix
Vietnam,2006-09-01,3.019357203027008,0.7305615257908521,Phoenix
Vietnam,2006-10-01,0.8897692171126295,-0.05943730419703263,Phoenix
Vietnam,2006-11-01,3.2297552288941525,0.8086114562779634,Phoenix
Vietnam,2006-12-01,3.5,0.908862328463597,Phoenix
Vietnam,2007-01-01,1.1141378582540842,0.02379521080591747,Phoenix
Vietnam,2007-02-01,2.6139610306789223,0.5801744537586797,Phoenix
Vietnam,2007-03-01,4.239807427784633,1.1833036787303546,Phoenix
Vietnam,2007-04-01,4.013805867875567,1.0994654109130522,Phoenix
Vietnam,2007-05-01,3.2927333535648007,0.8319740245933932,Phoenix
Vietnam,2007-06-01,1,-0.01854573733731404,Phoenix
Vietnam,2007-07-01,3.333333333333334,0.8470351240768698,Phoenix
Vietnam,2007-08-01,0.40106680932485617,-0.2407279261005154,Phoenix
Vietnam,2007-09-01,3.799999999999997,1.0201512963597053,Phoenix
Vietnam,2007-10-01,3.3004137546383294,0.8348231709550639,Phoenix
Vietnam,2007-11-01,2.3291990469089576,0.47453822952598634,Phoenix
Vietnam,2007-12-01,5.700000000000003,1.7249814263683998,Phoenix
Vietnam,2008-01-01,0.8332278235441937,-0.08041208197582908,Phoenix
Vietnam,2008-02-01,-1.1499999999999986,-0.8161166739260972,Phoenix
Vietnam,2008-03-01,2.0529763220352937,0.3720697563238496,Phoenix
Vietnam,2008-04-01,2.4804002499213222,0.5306283156189735,Phoenix
Vietnam,2008-05-01,-0.464342752686667,-0.5617630493128035,Phoenix
Vietnam,2008-06-01,3.5944245079316097,0.9438903485696198,Phoenix
Vietnam,2008-07-01,-2.331498031497045,-1.254408995581401,Phoenix
Vietnam,2008-08-01,4,1.0943439416237792,Phoenix
Vietnam,2008-09-01,2.481137733232286,0.530901894807366,Phoenix
Vietnam,2008-10-01,2.030168851199237,0.36360902335829837,Phoenix
Vietnam,2008-11-01,2.4570052062370973,0.5219496147339676,Phoenix
Vietnam,2008-12-01,-1.636798060748248,-0.9967008531077646,Phoenix
Vietnam,2009-01-01,2.333333333333334,0.47607189775650544,Phoenix
Vietnam,2009-02-01,-0.1666666666666643,-0.451336168044405,Phoenix
Vietnam,2009-03-01,2.6714624420148176,0.6015053628258178,Phoenix
Vietnam,2009-04-01,2.0620413783492086,0.37543255886083526,Phoenix
Vietnam,2009-05-01,1.7447783590291923,0.2577396456217419,Phoenix
Vietnam,2009-06-01,2.015150993045488,0.358037950245162,Phoenix
Vietnam,2009-07-01,-4.6,-2.095939804731355,Phoenix
Vietnam,2009-08-01,2.724999999999998,0.6213658280653138,Phoenix
Vietnam,2009-09-01,2.1999999999999993,0.426610134247123,Phoenix
Vietnam,2009-10-01,2.2288805400494045,0.4373237525617249,Phoenix
Vietnam,2009-11-01,2.286686599132075,0.458767674739898,Phoenix
Vietnam,2009-12-01,3.229394364511879,0.8084775888624512,Phoenix
Vietnam,2010-01-01,-0.0245343596778671,-0.39861030887948434,Phoenix
Vietnam,2010-02-01,2.4760266448864474,0.5290058689845853,Phoenix
Vietnam,2010-03-01,2.8463203435596434,0.6663712141304949,Phoenix
Vietnam,2010-04-01,2.2297417771637527,0.4376432398602903,Phoenix
Vietnam,2010-05-01,0.3184199576606179,-0.2713868688391018,Phoenix
Vietnam,2010-06-01,6,1.8362703942645082,Phoenix
Vietnam,2010-07-01,2.635701927792967,0.5882395270952048,Phoenix
Vietnam,2010-08-01,1.6162384350387369,0.21005606070726812,Phoenix
Vietnam,2010-09-01,2.1988418756771537,0.42618051271184015,Phoenix
Vietnam,2010-10-01,1.2856925828664494,0.0874357049386221,Phoenix
Vietnam,2010-11-01,2.5099247982516655,0.5415808373232491,Phoenix
Vietnam,2010-12-01,0.9395980708777696,-0.04095263184047061,Phoenix
Vietnam,2011-01-01,3.678843261455905,0.9752066017389361,Phoenix
Vietnam,2011-02-01,3.804743995814416,1.0219111443526725,Phoenix
Vietnam,2011-03-01,-1.166666666666668,-0.8222993943647708,Phoenix
Vietnam,2011-04-01,0.8484887974880237,-0.07475082184483485,Phoenix
Vietnam,2011-05-01,-0.907146038607232,-0.7260267848831551,Phoenix
Vietnam,2011-06-01,-3.8722890159776338,-1.8259857902696508,Phoenix
Vietnam,2011-07-01,-2.440095732869869,-1.2946947492536394,Phoenix
Vietnam,2011-08-01,1.0208600314662224,-0.010807432763459857,Phoenix
Vietnam,2011-09-01,1.853767730881474,0.29817069463869417,Phoenix
Vietnam,2011-10-01,2.7670540187526136,0.6369663225415213,Phoenix
Vietnam,2011-11-01,2.6666666666666643,0.5997263065299592,Phoenix
Vietnam,2011-12-01,2.654643909702168,0.5952663058171439,Phoenix
Vietnam,2012-01-01,3.724999999999998,0.9923290543856782,Phoenix
Vietnam,2012-02-01,2.360603393690564,0.48618808732857455,Phoenix
Vietnam,2012-03-01,0.4903495762398773,-0.20760730283091008,Phoenix
Vietnam,2012-04-01,-0.6319578058114246,-0.623942070199823,Phoenix
Vietnam,2012-05-01,-1.9999999999999984,-1.1314354162984068,Phoenix
Vietnam,2012-06-01,2.7500000000000018,0.6306399087233244,Phoenix
Vietnam,2012-07-01,-0.4888143166056445,-0.5708410996172925,Phoenix
Vietnam,2012-08-01,-1.3551053246787568,-0.8922032069044151,Phoenix
Vietnam,2012-09-01,-2.149999999999997,-1.187079900246461,Phoenix
Vietnam,2012-10-01,1.5000000000000018,0.16693587582286884,Phoenix
Vietnam,2012-11-01,0.550354902463809,-0.1853475334184744,Phoenix
Vietnam,2012-12-01,0.29217091820264685,-0.2811242972042413,Phoenix
Vietnam,2013-01-01,-0.7322069516663454,-0.6611308167820251,Phoenix
Vietnam,2013-02-01,5.199999999999996,1.539499813208215,Phoenix
Vietnam,2013-03-01,-0.13497980336257775,-0.43958150700114873,Phoenix
Vietnam,2013-04-01,0.5333333333333314,-0.19166190962015148,Phoenix
Vietnam,2013-05-01,1.799999999999999,0.2782248437189771,Phoenix
Vietnam,2013-06-01,-0.19598157918607484,-0.46221092257190477,Phoenix
Vietnam,2013-07-01,-4.500000000000001,-2.058843482099319,Phoenix
Vietnam,2013-08-01,1.9000000000000004,0.3153211663510141,Phoenix
Vietnam,2013-09-01,5.199999999999996,1.539499813208215,Phoenix
Vietnam,2013-10-01,2.9434251687867956,0.7023935333880345,Phoenix
Vietnam,2013-11-01,4.566666666666668,1.304556436538653,Phoenix
Vietnam,2013-12-01,1.138728462899394,0.0329174208423101,Phoenix
Vietnam,2014-01-01,-1.1999999999999975,-0.834664835242115,Phoenix
Vietnam,2014-02-01,3.5500000000000007,0.9274104897796155,Phoenix
Vietnam,2014-03-01,-1.599999999999998,-0.9830501257702609,Phoenix
Vietnam,2014-04-01,-10,-4.099141226861323,Phoenix
Vietnam,2014-05-01,-3.070569239102646,-1.5285772352352627,Phoenix
Vietnam,2014-06-01,-3.6917584884033774,-1.7590156033113873,Phoenix
Vietnam,2014-07-01,-3.815664932674784,-1.8049803376401925,Phoenix
Vietnam,2014-08-01,-2.690921950980975,-1.3877420523698707,Phoenix
Vietnam,2014-09-01,0.4666666666666632,-0.21639279137484302,Phoenix
Vietnam,2014-10-01,-0.4506655171251453,-0.5566892978817578,Phoenix
Vietnam,2014-11-01,1.5890974525532755,0.19998775427895685,Phoenix
Vietnam,2014-12-01,1,-0.01854573733731404,Phoenix
Vietnam,2015-01-01,3.171206787381127,0.7868921375182624,Phoenix
Vietnam,2015-02-01,-5.999999999999999,-2.615288321579865,Phoenix
Vietnam,2015-03-01,-0.4000000000000003,-0.5378942541858244,Phoenix
Vietnam,2015-04-01,1.7343443010930333,0.2538689938261307,Phoenix
Vietnam,2015-05-01,1.25271497390359,0.07520222472142846,Phoenix
Vietnam,2015-06-01,0.7013805077160153,-0.12932258763713017,Phoenix
Vietnam,2015-07-01,4.6999999999999975,1.3540182000480334,Phoenix
Vietnam,2015-08-01,1.333333333333334,0.105108671436141,Phoenix
Vietnam,2015-09-01,2.1999999999999993,0.426610134247123,Phoenix
Vietnam,2015-10-01,-4.533333333333335,-2.071208922976665,Phoenix
Vietnam,2015-11-01,-0.7406038585232846,-0.6642457604407869,Phoenix
Vietnam,2015-12-01,0.8333333333333339,-0.08037294172404123,Phoenix
Vietnam,2016-01-01,-0.951574882341042,-0.7425082520963326,Phoenix
Vietnam,2016-02-01,-0.2502609867458645,-0.48234658672304237,Phoenix
Vietnam,2016-03-01,0.4999999999999982,-0.20402735049749693,Phoenix
Vietnam,2016-04-01,-3.554511533431789,-1.708102030092481,Phoenix
Vietnam,2016-05-01,-2.9524137048036767,-1.4847458770241106,Phoenix
Vietnam,2016-06-01,2.654680575703514,0.5952799075552996,Phoenix
Vietnam,2016-07-01,1.5825756949558372,0.19756842203933178,Phoenix
Vietnam,2016-08-01,4,1.0943439416237792,Phoenix
Vietnam,2016-09-01,0.22899306115040652,-0.30456095888834717,Phoenix
Vietnam,2016-10-01,-1.9999999999999984,-1.1314354162984068,Phoenix
Vietnam,2016-11-01,1,-0.01854573733731404,Phoenix
Vietnam,2016-12-01,0.6666666666666661,-0.1422001461107691,Phoenix
Vietnam,2017-01-01,3.1675600768424665,0.7855393420113843,Phoenix
Vietnam,2017-02-01,2.1046809270279,0.3912502634075268,Phoenix
Vietnam,2017-03-01,1.1215411311305346,0.02654155279749554,Phoenix
Vietnam,2017-04-01,0.21215848076454868,-0.3108059691420345,Phoenix
Vietnam,2017-05-01,1.092211113969446,0.01566119500338645,Phoenix
Vietnam,2017-06-01,-0.6463719615945553,-0.6292891919338175,Phoenix
Vietnam,2017-07-01,-6.5,-2.8007699347400474,Phoenix
Vietnam,2017-08-01,3.1660599319569833,0.7849828434247175,Phoenix
Vietnam,2017-09-01,6,1.8362703942645082,Phoenix
Vietnam,2017-10-01,2.2725330622028093,0.4535172330167731,Phoenix
Vietnam,2017-11-01,-0.6376391831019621,-0.626049652249464,Phoenix
Vietnam,2017-12-01,-0.32357883062501003,-0.509544810635303,Phoenix
Vietnam,2018-01-01,1.7763568394002505e-15,-0.38950896365767784,Phoenix
Vietnam,2018-02-01,-4.999999999999999,-2.2443250952595006,Phoenix
Vietnam,2018-03-01,-8.776019909430683,-3.6450896235118377,Phoenix
Vietnam,2018-04-01,-0.8756514807889513,-0.7143434621033525,Phoenix
Vietnam,2018-05-01,0.7322913027208671,-0.11785581939400297,Phoenix
Vietnam,2018-06-01,2.9952353926806055,0.7216132212000627,Phoenix
Vietnam,2018-07-01,3.147471191587414,0.7780871043239904,Phoenix
Vietnam,2018-08-01,4,1.0943439416237792,Phoenix
Vietnam,2018-09-01,-4.400000000000001,-2.0217471594672825,Phoenix
Vietnam,2018-10-01,2.3884827149524472,0.49653029029150475,Phoenix
Vietnam,2018-11-01,0.8817678629191406,-0.06240551236358126,Phoenix
Vietnam,2018-12-01,-0.16900857626310284,-0.45220493038405046,Phoenix
Vietnam,2019-01-01,-1.1268585134400038,-0.8075320334099522,Phoenix
Vietnam,2019-02-01,-1.9999999999999984,-1.1314354162984068,Phoenix
Vietnam,2019-03-01,-3.018219539958671,-1.5091574219439132,Phoenix
Australia,2002-01-01,4.888888888888889,0.03487222435824482,Tsinghua
Australia,2002-02-01,4.888888888888889,0.03487222435824482,Tsinghua
Australia,2002-03-01,4.888888888888889,0.03487222435824482,Tsinghua
Australia,2002-04-01,4.888888888888889,0.03487222435824482,Tsinghua
Australia,2002-05-01,5,0.07267265076183829,Tsinghua
Australia,2002-06-01,5,0.07267265076183829,Tsinghua
Australia,2002-07-01,5,0.07267265076183829,Tsinghua
Australia,2002-08-01,5,0.07267265076183829,Tsinghua
Australia,2002-09-01,5,0.07267265076183829,Tsinghua
Australia,2002-10-01,5,0.07267265076183829,Tsinghua
Australia,2002-11-01,5,0.07267265076183829,Tsinghua
Australia,2002-12-01,5,0.07267265076183829,Tsinghua
Australia,2003-01-01,5,0.07267265076183829,Tsinghua
Australia,2003-02-01,5,0.07267265076183829,Tsinghua
Australia,2003-03-01,5,0.07267265076183829,Tsinghua
Australia,2003-04-01,5,0.07267265076183829,Tsinghua
Australia,2003-05-01,5,0.07267265076183829,Tsinghua
Australia,2003-06-01,5,0.07267265076183829,Tsinghua
Australia,2003-07-01,5,0.07267265076183829,Tsinghua
Australia,2003-08-01,5.111111111111111,0.11047307716543177,Tsinghua
Australia,2003-09-01,5.111111111111111,0.11047307716543177,Tsinghua
Australia,2003-10-01,5.222222222222222,0.14827350356902555,Tsinghua
Australia,2003-11-01,5.222222222222222,0.14827350356902555,Tsinghua
Australia,2003-12-01,5.222222222222222,0.14827350356902555,Tsinghua
Australia,2004-01-01,5.222222222222222,0.14827350356902555,Tsinghua
Australia,2004-02-01,5.222222222222222,0.14827350356902555,Tsinghua
Australia,2004-03-01,5.222222222222222,0.14827350356902555,Tsinghua
Australia,2004-04-01,5.222222222222222,0.14827350356902555,Tsinghua
Australia,2004-05-01,5.222222222222222,0.14827350356902555,Tsinghua
Australia,2004-06-01,5.222222222222222,0.14827350356902555,Tsinghua
Australia,2004-07-01,5.222222222222222,0.14827350356902555,Tsinghua
Australia,2004-08-01,5.222222222222222,0.14827350356902555,Tsinghua
Australia,2004-09-01,5.222222222222222,0.14827350356902555,Tsinghua
Australia,2004-10-01,5.333333333333333,0.186073929972619,Tsinghua
Australia,2004-11-01,5.444444444444445,0.2238743563762128,Tsinghua
Australia,2004-12-01,5.444444444444445,0.2238743563762128,Tsinghua
Australia,2005-01-01,5.444444444444445,0.2238743563762128,Tsinghua
Australia,2005-02-01,5.444444444444445,0.2238743563762128,Tsinghua
Australia,2005-03-01,5.444444444444445,0.2238743563762128,Tsinghua
Australia,2005-04-01,5.555555555555555,0.26167478277980627,Tsinghua
Australia,2005-05-01,5.555555555555555,0.26167478277980627,Tsinghua
Australia,2005-06-01,5.555555555555555,0.26167478277980627,Tsinghua
Australia,2005-07-01,5.555555555555555,0.26167478277980627,Tsinghua
Australia,2005-08-01,5.555555555555555,0.26167478277980627,Tsinghua
Australia,2005-09-01,5.555555555555555,0.26167478277980627,Tsinghua
Australia,2005-10-01,5.666666666666667,0.29947520918340004,Tsinghua
Australia,2005-11-01,5.666666666666667,0.29947520918340004,Tsinghua
Australia,2005-12-01,5.666666666666667,0.29947520918340004,Tsinghua
Australia,2006-01-01,5.666666666666667,0.29947520918340004,Tsinghua
Australia,2006-02-01,5.666666666666667,0.29947520918340004,Tsinghua
Australia,2006-03-01,5.666666666666667,0.29947520918340004,Tsinghua
Australia,2006-04-01,5.777777777777778,0.3372756355869935,Tsinghua
Australia,2006-05-01,5.777777777777778,0.3372756355869935,Tsinghua
Australia,2006-06-01,5.777777777777778,0.3372756355869935,Tsinghua
Australia,2006-07-01,5.777777777777778,0.3372756355869935,Tsinghua
Australia,2006-08-01,5.777777777777778,0.3372756355869935,Tsinghua
Australia,2006-09-01,5.777777777777778,0.3372756355869935,Tsinghua
Australia,2006-10-01,5.777777777777778,0.3372756355869935,Tsinghua
Australia,2006-11-01,5.777777777777778,0.3372756355869935,Tsinghua
Australia,2006-12-01,5.777777777777778,0.3372756355869935,Tsinghua
Australia,2007-01-01,5.777777777777778,0.3372756355869935,Tsinghua
Australia,2007-02-01,5.777777777777778,0.3372756355869935,Tsinghua
Australia,2007-03-01,5.777777777777778,0.3372756355869935,Tsinghua
Australia,2007-04-01,5.777777777777778,0.3372756355869935,Tsinghua
Australia,2007-05-01,5.777777777777778,0.3372756355869935,Tsinghua
Australia,2007-06-01,5.666666666666667,0.29947520918340004,Tsinghua
Australia,2007-07-01,5.777777777777778,0.3372756355869935,Tsinghua
Australia,2007-08-01,5.777777777777778,0.3372756355869935,Tsinghua
Australia,2007-09-01,6,0.4128764883941808,Tsinghua
Australia,2007-10-01,6,0.4128764883941808,Tsinghua
Australia,2007-11-01,6,0.4128764883941808,Tsinghua
Australia,2007-12-01,6,0.4128764883941808,Tsinghua
Australia,2008-01-01,6,0.4128764883941808,Tsinghua
Australia,2008-02-01,6,0.4128764883941808,Tsinghua
Australia,2008-03-01,6,0.4128764883941808,Tsinghua
Australia,2008-04-01,6.222222222222222,0.48847734120136804,Tsinghua
Australia,2008-05-01,6.222222222222222,0.48847734120136804,Tsinghua
Australia,2008-06-01,6.222222222222222,0.48847734120136804,Tsinghua
Australia,2008-07-01,6.222222222222222,0.48847734120136804,Tsinghua
Australia,2008-08-01,6.333333333333333,0.5262777676049615,Tsinghua
Australia,2008-09-01,6.333333333333333,0.5262777676049615,Tsinghua
Australia,2008-10-01,6.333333333333333,0.5262777676049615,Tsinghua
Australia,2008-11-01,6.333333333333333,0.5262777676049615,Tsinghua
Australia,2008-12-01,6.333333333333333,0.5262777676049615,Tsinghua
Australia,2009-01-01,6.333333333333333,0.5262777676049615,Tsinghua
Australia,2009-02-01,6.333333333333333,0.5262777676049615,Tsinghua
Australia,2009-03-01,6.333333333333333,0.5262777676049615,Tsinghua
Australia,2009-04-01,6.333333333333333,0.5262777676049615,Tsinghua
Australia,2009-05-01,6.333333333333333,0.5262777676049615,Tsinghua
Australia,2009-06-01,6.333333333333333,0.5262777676049615,Tsinghua
Australia,2009-07-01,6.222222222222222,0.48847734120136804,Tsinghua
Australia,2009-08-01,6.222222222222222,0.48847734120136804,Tsinghua
Australia,2009-09-01,6.222222222222222,0.48847734120136804,Tsinghua
Australia,2009-10-01,6.333333333333333,0.5262777676049615,Tsinghua
Australia,2009-11-01,6.333333333333333,0.5262777676049615,Tsinghua
Australia,2009-12-01,6.333333333333333,0.5262777676049615,Tsinghua
Australia,2010-01-01,6.333333333333333,0.5262777676049615,Tsinghua
Australia,2010-02-01,6.333333333333333,0.5262777676049615,Tsinghua
Australia,2010-03-01,6.333333333333333,0.5262777676049615,Tsinghua
Australia,2010-04-01,6.333333333333333,0.5262777676049615,Tsinghua
Australia,2010-05-01,6.333333333333333,0.5262777676049615,Tsinghua
Australia,2010-06-01,6.444444444444445,0.5640781940085553,Tsinghua
Australia,2010-07-01,6.444444444444445,0.5640781940085553,Tsinghua
Australia,2010-08-01,6.444444444444445,0.5640781940085553,Tsinghua
Australia,2010-09-01,6.444444444444445,0.5640781940085553,Tsinghua
Australia,2010-10-01,6.444444444444445,0.5640781940085553,Tsinghua
Australia,2010-11-01,6.444444444444445,0.5640781940085553,Tsinghua
Australia,2010-12-01,6.444444444444445,0.5640781940085553,Tsinghua
Australia,2011-01-01,6.444444444444445,0.5640781940085553,Tsinghua
Australia,2011-02-01,6.444444444444445,0.5640781940085553,Tsinghua
Australia,2011-03-01,6.444444444444445,0.5640781940085553,Tsinghua
Australia,2011-04-01,6.555555555555555,0.6018786204121488,Tsinghua
Australia,2011-05-01,6.555555555555555,0.6018786204121488,Tsinghua
Australia,2011-06-01,6.555555555555555,0.6018786204121488,Tsinghua
Australia,2011-07-01,6.555555555555555,0.6018786204121488,Tsinghua
Australia,2011-08-01,6.555555555555555,0.6018786204121488,Tsinghua
Australia,2011-09-01,6.555555555555555,0.6018786204121488,Tsinghua
Australia,2011-10-01,6.555555555555555,0.6018786204121488,Tsinghua
Australia,2011-11-01,6.555555555555555,0.6018786204121488,Tsinghua
Australia,2011-12-01,6.555555555555555,0.6018786204121488,Tsinghua
Australia,2012-01-01,6.555555555555555,0.6018786204121488,Tsinghua
Australia,2012-02-01,6.555555555555555,0.6018786204121488,Tsinghua
Australia,2012-03-01,6.555555555555555,0.6018786204121488,Tsinghua
Australia,2012-04-01,6.555555555555555,0.6018786204121488,Tsinghua
Australia,2012-05-01,6.555555555555555,0.6018786204121488,Tsinghua
Australia,2012-06-01,6.555555555555555,0.6018786204121488,Tsinghua
Australia,2012-07-01,6.555555555555555,0.6018786204121488,Tsinghua
Australia,2012-08-01,6.555555555555555,0.6018786204121488,Tsinghua
Australia,2012-09-01,6.555555555555555,0.6018786204121488,Tsinghua
Australia,2012-10-01,6.555555555555555,0.6018786204121488,Tsinghua
Australia,2012-11-01,6.555555555555555,0.6018786204121488,Tsinghua
Australia,2012-12-01,6.555555555555555,0.6018786204121488,Tsinghua
Australia,2013-01-01,6.555555555555555,0.6018786204121488,Tsinghua
Australia,2013-02-01,6.555555555555555,0.6018786204121488,Tsinghua
Australia,2013-03-01,6.555555555555555,0.6018786204121488,Tsinghua
Australia,2013-04-01,7,0.7530803260265233,Tsinghua
Australia,2013-05-01,7,0.7530803260265233,Tsinghua
Australia,2013-06-01,7,0.7530803260265233,Tsinghua
Australia,2013-07-01,7,0.7530803260265233,Tsinghua
Australia,2013-08-01,7,0.7530803260265233,Tsinghua
Australia,2013-09-01,7,0.7530803260265233,Tsinghua
Australia,2013-10-01,7.111111111111111,0.7908807524301167,Tsinghua
Australia,2013-11-01,7,0.7530803260265233,Tsinghua
Australia,2013-12-01,7,0.7530803260265233,Tsinghua
Australia,2014-01-01,7,0.7530803260265233,Tsinghua
Australia,2014-02-01,7,0.7530803260265233,Tsinghua
Australia,2014-03-01,7,0.7530803260265233,Tsinghua
Australia,2014-04-01,7.111111111111111,0.7908807524301167,Tsinghua
Australia,2014-05-01,7.111111111111111,0.7908807524301167,Tsinghua
Australia,2014-06-01,7.111111111111111,0.7908807524301167,Tsinghua
Australia,2014-07-01,7.111111111111111,0.7908807524301167,Tsinghua
Australia,2014-08-01,7.111111111111111,0.7908807524301167,Tsinghua
Australia,2014-09-01,7.111111111111111,0.7908807524301167,Tsinghua
Australia,2014-10-01,7.111111111111111,0.7908807524301167,Tsinghua
Australia,2014-11-01,7.333333333333333,0.866481605237304,Tsinghua
Australia,2014-12-01,7.333333333333333,0.866481605237304,Tsinghua
Australia,2015-01-01,7.333333333333333,0.866481605237304,Tsinghua
Australia,2015-02-01,7.333333333333333,0.866481605237304,Tsinghua
Australia,2015-03-01,7.333333333333333,0.866481605237304,Tsinghua
Australia,2015-04-01,7.333333333333333,0.866481605237304,Tsinghua
Australia,2015-05-01,7.333333333333333,0.866481605237304,Tsinghua
Australia,2015-06-01,7.444444444444445,0.9042820316408977,Tsinghua
Australia,2015-07-01,7.444444444444445,0.9042820316408977,Tsinghua
Australia,2015-08-01,7.444444444444445,0.9042820316408977,Tsinghua
Australia,2015-09-01,7.444444444444445,0.9042820316408977,Tsinghua
Australia,2015-10-01,7.444444444444445,0.9042820316408977,Tsinghua
Australia,2015-11-01,7.444444444444445,0.9042820316408977,Tsinghua
Australia,2015-12-01,7.444444444444445,0.9042820316408977,Tsinghua
Australia,2016-01-01,7.444444444444445,0.9042820316408977,Tsinghua
Australia,2016-02-01,7.222222222222222,0.8286811788337105,Tsinghua
Australia,2016-03-01,7.111111111111111,0.7908807524301167,Tsinghua
Australia,2016-04-01,7.222222222222222,0.8286811788337105,Tsinghua
Australia,2016-05-01,7.222222222222222,0.8286811788337105,Tsinghua
Australia,2016-06-01,7.222222222222222,0.8286811788337105,Tsinghua
Australia,2016-07-01,6.888888888888889,0.7152798996229298,Tsinghua
Australia,2016-08-01,6.888888888888889,0.7152798996229298,Tsinghua
Australia,2016-09-01,6.888888888888889,0.7152798996229298,Tsinghua
Australia,2016-10-01,6.888888888888889,0.7152798996229298,Tsinghua
Australia,2016-11-01,6.888888888888889,0.7152798996229298,Tsinghua
Australia,2016-12-01,6.888888888888889,0.7152798996229298,Tsinghua
Australia,2017-01-01,6.888888888888889,0.7152798996229298,Tsinghua
Australia,2017-02-01,6.888888888888889,0.7152798996229298,Tsinghua
Australia,2017-03-01,6.888888888888889,0.7152798996229298,Tsinghua
Australia,2017-04-01,6.888888888888889,0.7152798996229298,Tsinghua
Australia,2017-05-01,6.888888888888889,0.7152798996229298,Tsinghua
Australia,2017-06-01,6.888888888888889,0.7152798996229298,Tsinghua
Australia,2017-07-01,6.888888888888889,0.7152798996229298,Tsinghua
Australia,2017-08-01,6.888888888888889,0.7152798996229298,Tsinghua
Australia,2017-09-01,6.888888888888889,0.7152798996229298,Tsinghua
Australia,2017-10-01,6.888888888888889,0.7152798996229298,Tsinghua
Australia,2017-11-01,6.777777777777778,0.677479473219336,Tsinghua
Australia,2017-12-01,6.555555555555555,0.6018786204121488,Tsinghua
Australia,2018-01-01,6.555555555555555,0.6018786204121488,Tsinghua
Australia,2018-02-01,6.555555555555555,0.6018786204121488,Tsinghua
Australia,2018-03-01,6.555555555555555,0.6018786204121488,Tsinghua
Australia,2018-04-01,6.444444444444445,0.5640781940085553,Tsinghua
Australia,2018-05-01,6.444444444444445,0.5640781940085553,Tsinghua
Australia,2018-06-01,6.444444444444445,0.5640781940085553,Tsinghua
Australia,2018-07-01,6.444444444444445,0.5640781940085553,Tsinghua
Australia,2018-08-01,6.444444444444445,0.5640781940085553,Tsinghua
Australia,2018-09-01,6.444444444444445,0.5640781940085553,Tsinghua
Australia,2018-10-01,6.444444444444445,0.5640781940085553,Tsinghua
Australia,2018-11-01,6.444444444444445,0.5640781940085553,Tsinghua
Australia,2018-12-01,6.444444444444445,0.5640781940085553,Tsinghua
Australia,2019-01-01,6.444444444444445,0.5640781940085553,Tsinghua
Australia,2019-02-01,6.444444444444445,0.5640781940085553,Tsinghua
Australia,2019-03-01,6.444444444444445,0.5640781940085553,Tsinghua
Australia,2019-04-01,6.444444444444445,0.5640781940085553,Tsinghua
Australia,2019-05-01,6.444444444444445,0.5640781940085553,Tsinghua
Australia,2019-06-01,6.444444444444445,0.5640781940085553,Tsinghua
Australia,2019-07-01,6.444444444444445,0.5640781940085553,Tsinghua
Australia,2019-08-01,6.333333333333333,0.5262777676049615,Tsinghua
Australia,2019-09-01,6.333333333333333,0.5262777676049615,Tsinghua
Australia,2019-10-01,6.222222222222222,0.48847734120136804,Tsinghua
Australia,2019-11-01,6.222222222222222,0.48847734120136804,Tsinghua
Australia,2019-12-01,6.222222222222222,0.48847734120136804,Tsinghua
France,2002-01-01,5.222222222222222,-2.158477705504093,Tsinghua
France,2002-02-01,5.222222222222222,-2.158477705504093,Tsinghua
France,2002-03-01,5.222222222222222,-2.158477705504093,Tsinghua
France,2002-04-01,5.222222222222222,-2.158477705504093,Tsinghua
France,2002-05-01,5.222222222222222,-2.158477705504093,Tsinghua
France,2002-06-01,5.222222222222222,-2.158477705504093,Tsinghua
France,2002-07-01,5.222222222222222,-2.158477705504093,Tsinghua
France,2002-08-01,5.222222222222222,-2.158477705504093,Tsinghua
France,2002-09-01,5.333333333333333,-1.9984652627050432,Tsinghua
France,2002-10-01,5.333333333333333,-1.9984652627050432,Tsinghua
France,2002-11-01,5.333333333333333,-1.9984652627050432,Tsinghua
France,2002-12-01,5.333333333333333,-1.9984652627050432,Tsinghua
France,2003-01-01,5.444444444444445,-1.838452819905992,Tsinghua
France,2003-02-01,5.555555555555555,-1.678440377106942,Tsinghua
France,2003-03-01,5.666666666666667,-1.5184279343078908,Tsinghua
France,2003-04-01,5.777777777777778,-1.3584154915088409,Tsinghua
France,2003-05-01,5.777777777777778,-1.3584154915088409,Tsinghua
France,2003-06-01,5.666666666666667,-1.5184279343078908,Tsinghua
France,2003-07-01,5.666666666666667,-1.5184279343078908,Tsinghua
France,2003-08-01,5.555555555555555,-1.678440377106942,Tsinghua
France,2003-09-01,5.555555555555555,-1.678440377106942,Tsinghua
France,2003-10-01,5.555555555555555,-1.678440377106942,Tsinghua
France,2003-11-01,5.555555555555555,-1.678440377106942,Tsinghua
France,2003-12-01,5.555555555555555,-1.678440377106942,Tsinghua
France,2004-01-01,6.333333333333333,-0.5583532775135885,Tsinghua
France,2004-02-01,6.333333333333333,-0.5583532775135885,Tsinghua
France,2004-03-01,6.444444444444445,-0.3983408347145373,Tsinghua
France,2004-04-01,6.444444444444445,-0.3983408347145373,Tsinghua
France,2004-05-01,6.444444444444445,-0.3983408347145373,Tsinghua
France,2004-06-01,6.555555555555555,-0.23832839191548735,Tsinghua
France,2004-07-01,6.555555555555555,-0.23832839191548735,Tsinghua
France,2004-08-01,6.555555555555555,-0.23832839191548735,Tsinghua
France,2004-09-01,6.555555555555555,-0.23832839191548735,Tsinghua
France,2004-10-01,6.777777777777778,0.0816964936826138,Tsinghua
France,2004-11-01,6.777777777777778,0.0816964936826138,Tsinghua
France,2004-12-01,6.777777777777778,0.0816964936826138,Tsinghua
France,2005-01-01,6.777777777777778,0.0816964936826138,Tsinghua
France,2005-02-01,6.777777777777778,0.0816964936826138,Tsinghua
France,2005-03-01,6.777777777777778,0.0816964936826138,Tsinghua
France,2005-04-01,7,0.40172137928071494,Tsinghua
France,2005-05-01,7,0.40172137928071494,Tsinghua
France,2005-06-01,7,0.40172137928071494,Tsinghua
France,2005-07-01,7,0.40172137928071494,Tsinghua
France,2005-08-01,7,0.40172137928071494,Tsinghua
France,2005-09-01,7,0.40172137928071494,Tsinghua
France,2005-10-01,7,0.40172137928071494,Tsinghua
France,2005-11-01,7,0.40172137928071494,Tsinghua
France,2005-12-01,7.111111111111111,0.5617338220797649,Tsinghua
France,2006-01-01,7.111111111111111,0.5617338220797649,Tsinghua
France,2006-02-01,7.111111111111111,0.5617338220797649,Tsinghua
France,2006-03-01,7.111111111111111,0.5617338220797649,Tsinghua
France,2006-04-01,7.111111111111111,0.5617338220797649,Tsinghua
France,2006-05-01,7.111111111111111,0.5617338220797649,Tsinghua
France,2006-06-01,7.111111111111111,0.5617338220797649,Tsinghua
France,2006-07-01,7.222222222222222,0.7217462648788161,Tsinghua
France,2006-08-01,7.222222222222222,0.7217462648788161,Tsinghua
France,2006-09-01,7.222222222222222,0.7217462648788161,Tsinghua
France,2006-10-01,7.333333333333333,0.881758707677866,Tsinghua
France,2006-11-01,7.333333333333333,0.881758707677866,Tsinghua
France,2006-12-01,7.333333333333333,0.881758707677866,Tsinghua
France,2007-01-01,7.333333333333333,0.881758707677866,Tsinghua
France,2007-02-01,7.333333333333333,0.881758707677866,Tsinghua
France,2007-03-01,7.333333333333333,0.881758707677866,Tsinghua
France,2007-04-01,7.333333333333333,0.881758707677866,Tsinghua
France,2007-05-01,7.333333333333333,0.881758707677866,Tsinghua
France,2007-06-01,7.333333333333333,0.881758707677866,Tsinghua
France,2007-07-01,7.333333333333333,0.881758707677866,Tsinghua
France,2007-08-01,7.333333333333333,0.881758707677866,Tsinghua
France,2007-09-01,7.333333333333333,0.881758707677866,Tsinghua
France,2007-10-01,7.333333333333333,0.881758707677866,Tsinghua
France,2007-11-01,7.444444444444445,1.0417711504769174,Tsinghua
France,2007-12-01,7.444444444444445,1.0417711504769174,Tsinghua
France,2008-01-01,7.444444444444445,1.0417711504769174,Tsinghua
France,2008-02-01,7.444444444444445,1.0417711504769174,Tsinghua
France,2008-03-01,7.333333333333333,0.881758707677866,Tsinghua
France,2008-04-01,7,0.40172137928071494,Tsinghua
France,2008-05-01,7,0.40172137928071494,Tsinghua
France,2008-06-01,7,0.40172137928071494,Tsinghua
France,2008-07-01,7,0.40172137928071494,Tsinghua
France,2008-08-01,7,0.40172137928071494,Tsinghua
France,2008-09-01,7,0.40172137928071494,Tsinghua
France,2008-10-01,7,0.40172137928071494,Tsinghua
France,2008-11-01,6.444444444444445,-0.3983408347145373,Tsinghua
France,2008-12-01,6.222222222222222,-0.7183657203126385,Tsinghua
France,2009-01-01,6.222222222222222,-0.7183657203126385,Tsinghua
France,2009-02-01,6.222222222222222,-0.7183657203126385,Tsinghua
France,2009-03-01,6.222222222222222,-0.7183657203126385,Tsinghua
France,2009-04-01,6.333333333333333,-0.5583532775135885,Tsinghua
France,2009-05-01,6.333333333333333,-0.5583532775135885,Tsinghua
France,2009-06-01,6.333333333333333,-0.5583532775135885,Tsinghua
France,2009-07-01,6.333333333333333,-0.5583532775135885,Tsinghua
France,2009-08-01,6.333333333333333,-0.5583532775135885,Tsinghua
France,2009-09-01,6.333333333333333,-0.5583532775135885,Tsinghua
France,2009-10-01,6.333333333333333,-0.5583532775135885,Tsinghua
France,2009-11-01,6.333333333333333,-0.5583532775135885,Tsinghua
France,2009-12-01,6.333333333333333,-0.5583532775135885,Tsinghua
France,2010-01-01,6.333333333333333,-0.5583532775135885,Tsinghua
France,2010-02-01,6.333333333333333,-0.5583532775135885,Tsinghua
France,2010-03-01,6.333333333333333,-0.5583532775135885,Tsinghua
France,2010-04-01,6.444444444444445,-0.3983408347145373,Tsinghua
France,2010-05-01,6.444444444444445,-0.3983408347145373,Tsinghua
France,2010-06-01,6.444444444444445,-0.3983408347145373,Tsinghua
France,2010-07-01,6.444444444444445,-0.3983408347145373,Tsinghua
France,2010-08-01,6.444444444444445,-0.3983408347145373,Tsinghua
France,2010-09-01,6.444444444444445,-0.3983408347145373,Tsinghua
France,2010-10-01,6.444444444444445,-0.3983408347145373,Tsinghua
France,2010-11-01,6.555555555555555,-0.23832839191548735,Tsinghua
France,2010-12-01,6.555555555555555,-0.23832839191548735,Tsinghua
France,2011-01-01,6.555555555555555,-0.23832839191548735,Tsinghua
France,2011-02-01,6.555555555555555,-0.23832839191548735,Tsinghua
France,2011-03-01,6.555555555555555,-0.23832839191548735,Tsinghua
France,2011-04-01,6.555555555555555,-0.23832839191548735,Tsinghua
France,2011-05-01,6.555555555555555,-0.23832839191548735,Tsinghua
France,2011-06-01,6.555555555555555,-0.23832839191548735,Tsinghua
France,2011-07-01,6.555555555555555,-0.23832839191548735,Tsinghua
France,2011-08-01,6.555555555555555,-0.23832839191548735,Tsinghua
France,2011-09-01,6.666666666666667,-0.07831594911643615,Tsinghua
France,2011-10-01,6.666666666666667,-0.07831594911643615,Tsinghua
France,2011-11-01,6.666666666666667,-0.07831594911643615,Tsinghua
France,2011-12-01,6.666666666666667,-0.07831594911643615,Tsinghua
France,2012-01-01,6.666666666666667,-0.07831594911643615,Tsinghua
France,2012-02-01,6.666666666666667,-0.07831594911643615,Tsinghua
France,2012-03-01,6.666666666666667,-0.07831594911643615,Tsinghua
France,2012-04-01,6.666666666666667,-0.07831594911643615,Tsinghua
France,2012-05-01,6.666666666666667,-0.07831594911643615,Tsinghua
France,2012-06-01,6.666666666666667,-0.07831594911643615,Tsinghua
France,2012-07-01,6.666666666666667,-0.07831594911643615,Tsinghua
France,2012-08-01,6.666666666666667,-0.07831594911643615,Tsinghua
France,2012-09-01,6.666666666666667,-0.07831594911643615,Tsinghua
France,2012-10-01,6.666666666666667,-0.07831594911643615,Tsinghua
France,2012-11-01,6.666666666666667,-0.07831594911643615,Tsinghua
France,2012-12-01,6.666666666666667,-0.07831594911643615,Tsinghua
France,2013-01-01,6.666666666666667,-0.07831594911643615,Tsinghua
France,2013-02-01,6.666666666666667,-0.07831594911643615,Tsinghua
France,2013-03-01,6.666666666666667,-0.07831594911643615,Tsinghua
France,2013-04-01,6.888888888888889,0.24170893648166503,Tsinghua
France,2013-05-01,6.888888888888889,0.24170893648166503,Tsinghua
France,2013-06-01,6.888888888888889,0.24170893648166503,Tsinghua
France,2013-07-01,6.888888888888889,0.24170893648166503,Tsinghua
France,2013-08-01,6.888888888888889,0.24170893648166503,Tsinghua
France,2013-09-01,6.888888888888889,0.24170893648166503,Tsinghua
France,2013-10-01,6.888888888888889,0.24170893648166503,Tsinghua
France,2013-11-01,6.888888888888889,0.24170893648166503,Tsinghua
France,2013-12-01,6.888888888888889,0.24170893648166503,Tsinghua
France,2014-01-01,6.888888888888889,0.24170893648166503,Tsinghua
France,2014-02-01,7,0.40172137928071494,Tsinghua
France,2014-03-01,7.111111111111111,0.5617338220797649,Tsinghua
France,2014-04-01,7.111111111111111,0.5617338220797649,Tsinghua
France,2014-05-01,7.111111111111111,0.5617338220797649,Tsinghua
France,2014-06-01,7.111111111111111,0.5617338220797649,Tsinghua
France,2014-07-01,7.111111111111111,0.5617338220797649,Tsinghua
France,2014-08-01,7.111111111111111,0.5617338220797649,Tsinghua
France,2014-09-01,7.222222222222222,0.7217462648788161,Tsinghua
France,2014-10-01,7.222222222222222,0.7217462648788161,Tsinghua
France,2014-11-01,7.222222222222222,0.7217462648788161,Tsinghua
France,2014-12-01,7.222222222222222,0.7217462648788161,Tsinghua
France,2015-01-01,7.222222222222222,0.7217462648788161,Tsinghua
France,2015-02-01,7.222222222222222,0.7217462648788161,Tsinghua
France,2015-03-01,7.222222222222222,0.7217462648788161,Tsinghua
France,2015-04-01,7.222222222222222,0.7217462648788161,Tsinghua
France,2015-05-01,7.222222222222222,0.7217462648788161,Tsinghua
France,2015-06-01,7.333333333333333,0.881758707677866,Tsinghua
France,2015-07-01,7.333333333333333,0.881758707677866,Tsinghua
France,2015-08-01,7.333333333333333,0.881758707677866,Tsinghua
France,2015-09-01,7.333333333333333,0.881758707677866,Tsinghua
France,2015-10-01,7.333333333333333,0.881758707677866,Tsinghua
France,2015-11-01,7.444444444444445,1.0417711504769174,Tsinghua
France,2015-12-01,7.444444444444445,1.0417711504769174,Tsinghua
France,2016-01-01,7.444444444444445,1.0417711504769174,Tsinghua
France,2016-02-01,7.444444444444445,1.0417711504769174,Tsinghua
France,2016-03-01,7.444444444444445,1.0417711504769174,Tsinghua
France,2016-04-01,7.555555555555555,1.2017835932759673,Tsinghua
France,2016-05-01,7.555555555555555,1.2017835932759673,Tsinghua
France,2016-06-01,7.555555555555555,1.2017835932759673,Tsinghua
France,2016-07-01,7.555555555555555,1.2017835932759673,Tsinghua
France,2016-08-01,7.555555555555555,1.2017835932759673,Tsinghua
France,2016-09-01,7.555555555555555,1.2017835932759673,Tsinghua
France,2016-10-01,7.555555555555555,1.2017835932759673,Tsinghua
France,2016-11-01,7.555555555555555,1.2017835932759673,Tsinghua
France,2016-12-01,7.555555555555555,1.2017835932759673,Tsinghua
France,2017-01-01,7.555555555555555,1.2017835932759673,Tsinghua
France,2017-02-01,7.555555555555555,1.2017835932759673,Tsinghua
France,2017-03-01,7.555555555555555,1.2017835932759673,Tsinghua
France,2017-04-01,7.555555555555555,1.2017835932759673,Tsinghua
France,2017-05-01,7.555555555555555,1.2017835932759673,Tsinghua
France,2017-06-01,7.555555555555555,1.2017835932759673,Tsinghua
France,2017-07-01,7.555555555555555,1.2017835932759673,Tsinghua
France,2017-08-01,7.555555555555555,1.2017835932759673,Tsinghua
France,2017-09-01,7.555555555555555,1.2017835932759673,Tsinghua
France,2017-10-01,7.555555555555555,1.2017835932759673,Tsinghua
France,2017-11-01,7.555555555555555,1.2017835932759673,Tsinghua
France,2017-12-01,7.555555555555555,1.2017835932759673,Tsinghua
France,2018-01-01,7.666666666666667,1.3617960360750185,Tsinghua
France,2018-02-01,7.666666666666667,1.3617960360750185,Tsinghua
France,2018-03-01,7.666666666666667,1.3617960360750185,Tsinghua
France,2018-04-01,7.666666666666667,1.3617960360750185,Tsinghua
France,2018-05-01,7.666666666666667,1.3617960360750185,Tsinghua
France,2018-06-01,7.666666666666667,1.3617960360750185,Tsinghua
France,2018-07-01,7.666666666666667,1.3617960360750185,Tsinghua
France,2018-08-01,7.666666666666667,1.3617960360750185,Tsinghua
France,2018-09-01,7.666666666666667,1.3617960360750185,Tsinghua
France,2018-10-01,7.666666666666667,1.3617960360750185,Tsinghua
France,2018-11-01,7.666666666666667,1.3617960360750185,Tsinghua
France,2018-12-01,7.666666666666667,1.3617960360750185,Tsinghua
France,2019-01-01,7.666666666666667,1.3617960360750185,Tsinghua
France,2019-02-01,7.666666666666667,1.3617960360750185,Tsinghua
France,2019-03-01,7.777777777777778,1.5218084788740684,Tsinghua
France,2019-04-01,7.555555555555555,1.2017835932759673,Tsinghua
France,2019-05-01,7.555555555555555,1.2017835932759673,Tsinghua
France,2019-06-01,7.555555555555555,1.2017835932759673,Tsinghua
France,2019-07-01,7.555555555555555,1.2017835932759673,Tsinghua
France,2019-08-01,7.555555555555555,1.2017835932759673,Tsinghua
France,2019-09-01,7.555555555555555,1.2017835932759673,Tsinghua
France,2019-10-01,7.555555555555555,1.2017835932759673,Tsinghua
France,2019-11-01,7.555555555555555,1.2017835932759673,Tsinghua
France,2019-12-01,7.555555555555555,1.2017835932759673,Tsinghua
Germany,2002-01-01,5.222222222222222,-1.8835375308161015,Tsinghua
Germany,2002-02-01,5.222222222222222,-1.8835375308161015,Tsinghua
Germany,2002-03-01,5.222222222222222,-1.8835375308161015,Tsinghua
Germany,2002-04-01,5.333333333333333,-1.7396632277629087,Tsinghua
Germany,2002-05-01,5.333333333333333,-1.7396632277629087,Tsinghua
Germany,2002-06-01,5.444444444444445,-1.5957889247097148,Tsinghua
Germany,2002-07-01,5.444444444444445,-1.5957889247097148,Tsinghua
Germany,2002-08-01,5.444444444444445,-1.5957889247097148,Tsinghua
Germany,2002-09-01,5.444444444444445,-1.5957889247097148,Tsinghua
Germany,2002-10-01,5.444444444444445,-1.5957889247097148,Tsinghua
Germany,2002-11-01,5.444444444444445,-1.5957889247097148,Tsinghua
Germany,2002-12-01,5.444444444444445,-1.5957889247097148,Tsinghua
Germany,2003-01-01,5.444444444444445,-1.5957889247097148,Tsinghua
Germany,2003-02-01,5.444444444444445,-1.5957889247097148,Tsinghua
Germany,2003-03-01,5.444444444444445,-1.5957889247097148,Tsinghua
Germany,2003-04-01,5.444444444444445,-1.5957889247097148,Tsinghua
Germany,2003-05-01,5.444444444444445,-1.5957889247097148,Tsinghua
Germany,2003-06-01,5.444444444444445,-1.5957889247097148,Tsinghua
Germany,2003-07-01,5.444444444444445,-1.5957889247097148,Tsinghua
Germany,2003-08-01,5.444444444444445,-1.5957889247097148,Tsinghua
Germany,2003-09-01,5.777777777777778,-1.1641660155501352,Tsinghua
Germany,2003-10-01,5.777777777777778,-1.1641660155501352,Tsinghua
Germany,2003-11-01,5.777777777777778,-1.1641660155501352,Tsinghua
Germany,2003-12-01,6,-0.8764174094437484,Tsinghua
Germany,2004-01-01,6,-0.8764174094437484,Tsinghua
Germany,2004-02-01,6,-0.8764174094437484,Tsinghua
Germany,2004-03-01,6.111111111111111,-0.7325431063905555,Tsinghua
Germany,2004-04-01,6.111111111111111,-0.7325431063905555,Tsinghua
Germany,2004-05-01,6.222222222222222,-0.5886688033373615,Tsinghua
Germany,2004-06-01,6.222222222222222,-0.5886688033373615,Tsinghua
Germany,2004-07-01,6.222222222222222,-0.5886688033373615,Tsinghua
Germany,2004-08-01,6.222222222222222,-0.5886688033373615,Tsinghua
Germany,2004-09-01,6.222222222222222,-0.5886688033373615,Tsinghua
Germany,2004-10-01,6.222222222222222,-0.5886688033373615,Tsinghua
Germany,2004-11-01,6.222222222222222,-0.5886688033373615,Tsinghua
Germany,2004-12-01,6.222222222222222,-0.5886688033373615,Tsinghua
Germany,2005-01-01,6.222222222222222,-0.5886688033373615,Tsinghua
Germany,2005-02-01,6.222222222222222,-0.5886688033373615,Tsinghua
Germany,2005-03-01,6.222222222222222,-0.5886688033373615,Tsinghua
Germany,2005-04-01,6.222222222222222,-0.5886688033373615,Tsinghua
Germany,2005-05-01,6.333333333333333,-0.44479450028416867,Tsinghua
Germany,2005-06-01,6.333333333333333,-0.44479450028416867,Tsinghua
Germany,2005-07-01,6.333333333333333,-0.44479450028416867,Tsinghua
Germany,2005-08-01,6.333333333333333,-0.44479450028416867,Tsinghua
Germany,2005-09-01,6.333333333333333,-0.44479450028416867,Tsinghua
Germany,2005-10-01,6.333333333333333,-0.44479450028416867,Tsinghua
Germany,2005-11-01,6.444444444444445,-0.3009201972309747,Tsinghua
Germany,2005-12-01,6.444444444444445,-0.3009201972309747,Tsinghua
Germany,2006-01-01,6.444444444444445,-0.3009201972309747,Tsinghua
Germany,2006-02-01,6.444444444444445,-0.3009201972309747,Tsinghua
Germany,2006-03-01,6.444444444444445,-0.3009201972309747,Tsinghua
Germany,2006-04-01,6.444444444444445,-0.3009201972309747,Tsinghua
Germany,2006-05-01,6.555555555555555,-0.15704589417778186,Tsinghua
Germany,2006-06-01,6.555555555555555,-0.15704589417778186,Tsinghua
Germany,2006-07-01,6.555555555555555,-0.15704589417778186,Tsinghua
Germany,2006-08-01,6.555555555555555,-0.15704589417778186,Tsinghua
Germany,2006-09-01,6.666666666666667,-0.013171591124587882,Tsinghua
Germany,2006-10-01,6.666666666666667,-0.013171591124587882,Tsinghua
Germany,2006-11-01,6.666666666666667,-0.013171591124587882,Tsinghua
Germany,2006-12-01,6.666666666666667,-0.013171591124587882,Tsinghua
Germany,2007-01-01,6.666666666666667,-0.013171591124587882,Tsinghua
Germany,2007-02-01,6.666666666666667,-0.013171591124587882,Tsinghua
Germany,2007-03-01,6.666666666666667,-0.013171591124587882,Tsinghua
Germany,2007-04-01,6.666666666666667,-0.013171591124587882,Tsinghua
Germany,2007-05-01,6.666666666666667,-0.013171591124587882,Tsinghua
Germany,2007-06-01,6.666666666666667,-0.013171591124587882,Tsinghua
Germany,2007-07-01,6.666666666666667,-0.013171591124587882,Tsinghua
Germany,2007-08-01,6.777777777777778,0.13070271192860494,Tsinghua
Germany,2007-09-01,6.666666666666667,-0.013171591124587882,Tsinghua
Germany,2007-10-01,6.555555555555555,-0.15704589417778186,Tsinghua
Germany,2007-11-01,6.333333333333333,-0.44479450028416867,Tsinghua
Germany,2007-12-01,6.333333333333333,-0.44479450028416867,Tsinghua
Germany,2008-01-01,6.333333333333333,-0.44479450028416867,Tsinghua
Germany,2008-02-01,6.333333333333333,-0.44479450028416867,Tsinghua
Germany,2008-03-01,6.333333333333333,-0.44479450028416867,Tsinghua
Germany,2008-04-01,6.333333333333333,-0.44479450028416867,Tsinghua
Germany,2008-05-01,6.333333333333333,-0.44479450028416867,Tsinghua
Germany,2008-06-01,6.333333333333333,-0.44479450028416867,Tsinghua
Germany,2008-07-01,6.333333333333333,-0.44479450028416867,Tsinghua
Germany,2008-08-01,6.333333333333333,-0.44479450028416867,Tsinghua
Germany,2008-09-01,6.444444444444445,-0.3009201972309747,Tsinghua
Germany,2008-10-01,6.555555555555555,-0.15704589417778186,Tsinghua
Germany,2008-11-01,6.555555555555555,-0.15704589417778186,Tsinghua
Germany,2008-12-01,6.555555555555555,-0.15704589417778186,Tsinghua
Germany,2009-01-01,6.666666666666667,-0.013171591124587882,Tsinghua
Germany,2009-02-01,6.666666666666667,-0.013171591124587882,Tsinghua
Germany,2009-03-01,6.666666666666667,-0.013171591124587882,Tsinghua
Germany,2009-04-01,6.666666666666667,-0.013171591124587882,Tsinghua
Germany,2009-05-01,6.666666666666667,-0.013171591124587882,Tsinghua
Germany,2009-06-01,6.666666666666667,-0.013171591124587882,Tsinghua
Germany,2009-07-01,6.555555555555555,-0.15704589417778186,Tsinghua
Germany,2009-08-01,6.555555555555555,-0.15704589417778186,Tsinghua
Germany,2009-09-01,6.555555555555555,-0.15704589417778186,Tsinghua
Germany,2009-10-01,6.555555555555555,-0.15704589417778186,Tsinghua
Germany,2009-11-01,6.555555555555555,-0.15704589417778186,Tsinghua
Germany,2009-12-01,6.555555555555555,-0.15704589417778186,Tsinghua
Germany,2010-01-01,6.555555555555555,-0.15704589417778186,Tsinghua
Germany,2010-02-01,6.555555555555555,-0.15704589417778186,Tsinghua
Germany,2010-03-01,6.555555555555555,-0.15704589417778186,Tsinghua
Germany,2010-04-01,6.555555555555555,-0.15704589417778186,Tsinghua
Germany,2010-05-01,6.666666666666667,-0.013171591124587882,Tsinghua
Germany,2010-06-01,6.666666666666667,-0.013171591124587882,Tsinghua
Germany,2010-07-01,6.777777777777778,0.13070271192860494,Tsinghua
Germany,2010-08-01,6.777777777777778,0.13070271192860494,Tsinghua
Germany,2010-09-01,6.777777777777778,0.13070271192860494,Tsinghua
Germany,2010-10-01,6.888888888888889,0.27457701498179893,Tsinghua
Germany,2010-11-01,6.888888888888889,0.27457701498179893,Tsinghua
Germany,2010-12-01,6.888888888888889,0.27457701498179893,Tsinghua
Germany,2011-01-01,6.888888888888889,0.27457701498179893,Tsinghua
Germany,2011-02-01,6.888888888888889,0.27457701498179893,Tsinghua
Germany,2011-03-01,6.888888888888889,0.27457701498179893,Tsinghua
Germany,2011-04-01,6.888888888888889,0.27457701498179893,Tsinghua
Germany,2011-05-01,6.888888888888889,0.27457701498179893,Tsinghua
Germany,2011-06-01,7,0.41845131803499175,Tsinghua
Germany,2011-07-01,7,0.41845131803499175,Tsinghua
Germany,2011-08-01,7,0.41845131803499175,Tsinghua
Germany,2011-09-01,7,0.41845131803499175,Tsinghua
Germany,2011-10-01,7,0.41845131803499175,Tsinghua
Germany,2011-11-01,7,0.41845131803499175,Tsinghua
Germany,2011-12-01,7,0.41845131803499175,Tsinghua
Germany,2012-01-01,7,0.41845131803499175,Tsinghua
Germany,2012-02-01,7,0.41845131803499175,Tsinghua
Germany,2012-03-01,7,0.41845131803499175,Tsinghua
Germany,2012-04-01,7,0.41845131803499175,Tsinghua
Germany,2012-05-01,7,0.41845131803499175,Tsinghua
Germany,2012-06-01,7,0.41845131803499175,Tsinghua
Germany,2012-07-01,7,0.41845131803499175,Tsinghua
Germany,2012-08-01,7.111111111111111,0.5623256210881846,Tsinghua
Germany,2012-09-01,7.111111111111111,0.5623256210881846,Tsinghua
Germany,2012-10-01,7.111111111111111,0.5623256210881846,Tsinghua
Germany,2012-11-01,7.111111111111111,0.5623256210881846,Tsinghua
Germany,2012-12-01,7.111111111111111,0.5623256210881846,Tsinghua
Germany,2013-01-01,7.111111111111111,0.5623256210881846,Tsinghua
Germany,2013-02-01,7.111111111111111,0.5623256210881846,Tsinghua
Germany,2013-03-01,7.111111111111111,0.5623256210881846,Tsinghua
Germany,2013-04-01,7.111111111111111,0.5623256210881846,Tsinghua
Germany,2013-05-01,7.222222222222222,0.7061999241413786,Tsinghua
Germany,2013-06-01,7.222222222222222,0.7061999241413786,Tsinghua
Germany,2013-07-01,7.222222222222222,0.7061999241413786,Tsinghua
Germany,2013-08-01,7.222222222222222,0.7061999241413786,Tsinghua
Germany,2013-09-01,7.222222222222222,0.7061999241413786,Tsinghua
Germany,2013-10-01,7.222222222222222,0.7061999241413786,Tsinghua
Germany,2013-11-01,7.222222222222222,0.7061999241413786,Tsinghua
Germany,2013-12-01,7.222222222222222,0.7061999241413786,Tsinghua
Germany,2014-01-01,7.222222222222222,0.7061999241413786,Tsinghua
Germany,2014-02-01,7.222222222222222,0.7061999241413786,Tsinghua
Germany,2014-03-01,7.444444444444445,0.9939485302477654,Tsinghua
Germany,2014-04-01,7.444444444444445,0.9939485302477654,Tsinghua
Germany,2014-05-01,7.444444444444445,0.9939485302477654,Tsinghua
Germany,2014-06-01,7.444444444444445,0.9939485302477654,Tsinghua
Germany,2014-07-01,7.444444444444445,0.9939485302477654,Tsinghua
Germany,2014-08-01,7.444444444444445,0.9939485302477654,Tsinghua
Germany,2014-09-01,7.444444444444445,0.9939485302477654,Tsinghua
Germany,2014-10-01,7.555555555555555,1.1378228333009583,Tsinghua
Germany,2014-11-01,7.555555555555555,1.1378228333009583,Tsinghua
Germany,2014-12-01,7.555555555555555,1.1378228333009583,Tsinghua
Germany,2015-01-01,7.555555555555555,1.1378228333009583,Tsinghua
Germany,2015-02-01,7.555555555555555,1.1378228333009583,Tsinghua
Germany,2015-03-01,7.555555555555555,1.1378228333009583,Tsinghua
Germany,2015-04-01,7.555555555555555,1.1378228333009583,Tsinghua
Germany,2015-05-01,7.555555555555555,1.1378228333009583,Tsinghua
Germany,2015-06-01,7.555555555555555,1.1378228333009583,Tsinghua
Germany,2015-07-01,7.555555555555555,1.1378228333009583,Tsinghua
Germany,2015-08-01,7.555555555555555,1.1378228333009583,Tsinghua
Germany,2015-09-01,7.555555555555555,1.1378228333009583,Tsinghua
Germany,2015-10-01,7.555555555555555,1.1378228333009583,Tsinghua
Germany,2015-11-01,7.555555555555555,1.1378228333009583,Tsinghua
Germany,2015-12-01,7.555555555555555,1.1378228333009583,Tsinghua
Germany,2016-01-01,7.555555555555555,1.1378228333009583,Tsinghua
Germany,2016-02-01,7.555555555555555,1.1378228333009583,Tsinghua
Germany,2016-03-01,7.555555555555555,1.1378228333009583,Tsinghua
Germany,2016-04-01,7.555555555555555,1.1378228333009583,Tsinghua
Germany,2016-05-01,7.555555555555555,1.1378228333009583,Tsinghua
Germany,2016-06-01,7.666666666666667,1.2816971363541523,Tsinghua
Germany,2016-07-01,7.666666666666667,1.2816971363541523,Tsinghua
Germany,2016-08-01,7.666666666666667,1.2816971363541523,Tsinghua
Germany,2016-09-01,7.666666666666667,1.2816971363541523,Tsinghua
Germany,2016-10-01,7.666666666666667,1.2816971363541523,Tsinghua
Germany,2016-11-01,7.666666666666667,1.2816971363541523,Tsinghua
Germany,2016-12-01,7.666666666666667,1.2816971363541523,Tsinghua
Germany,2017-01-01,7.666666666666667,1.2816971363541523,Tsinghua
Germany,2017-02-01,7.666666666666667,1.2816971363541523,Tsinghua
Germany,2017-03-01,7.666666666666667,1.2816971363541523,Tsinghua
Germany,2017-04-01,7.666666666666667,1.2816971363541523,Tsinghua
Germany,2017-05-01,7.777777777777778,1.425571439407345,Tsinghua
Germany,2017-06-01,7.777777777777778,1.425571439407345,Tsinghua
Germany,2017-07-01,7.777777777777778,1.425571439407345,Tsinghua
Germany,2017-08-01,7.777777777777778,1.425571439407345,Tsinghua
Germany,2017-09-01,7.777777777777778,1.425571439407345,Tsinghua
Germany,2017-10-01,7.777777777777778,1.425571439407345,Tsinghua
Germany,2017-11-01,7.777777777777778,1.425571439407345,Tsinghua
Germany,2017-12-01,7.555555555555555,1.1378228333009583,Tsinghua
Germany,2018-01-01,7.555555555555555,1.1378228333009583,Tsinghua
Germany,2018-02-01,7.555555555555555,1.1378228333009583,Tsinghua
Germany,2018-03-01,7.555555555555555,1.1378228333009583,Tsinghua
Germany,2018-04-01,7.555555555555555,1.1378228333009583,Tsinghua
Germany,2018-05-01,7.666666666666667,1.2816971363541523,Tsinghua
Germany,2018-06-01,7.666666666666667,1.2816971363541523,Tsinghua
Germany,2018-07-01,7.666666666666667,1.2816971363541523,Tsinghua
Germany,2018-08-01,7.666666666666667,1.2816971363541523,Tsinghua
Germany,2018-09-01,7.666666666666667,1.2816971363541523,Tsinghua
Germany,2018-10-01,7.666666666666667,1.2816971363541523,Tsinghua
Germany,2018-11-01,7.666666666666667,1.2816971363541523,Tsinghua
Germany,2018-12-01,7.666666666666667,1.2816971363541523,Tsinghua
Germany,2019-01-01,7.666666666666667,1.2816971363541523,Tsinghua
Germany,2019-02-01,7.666666666666667,1.2816971363541523,Tsinghua
Germany,2019-03-01,7.666666666666667,1.2816971363541523,Tsinghua
Germany,2019-04-01,7.666666666666667,1.2816971363541523,Tsinghua
Germany,2019-05-01,7.666666666666667,1.2816971363541523,Tsinghua
Germany,2019-06-01,7.666666666666667,1.2816971363541523,Tsinghua
Germany,2019-07-01,7.555555555555555,1.1378228333009583,Tsinghua
Germany,2019-08-01,7.444444444444445,0.9939485302477654,Tsinghua
Germany,2019-09-01,7.444444444444445,0.9939485302477654,Tsinghua
Germany,2019-10-01,7.444444444444445,0.9939485302477654,Tsinghua
Germany,2019-11-01,7.444444444444445,0.9939485302477654,Tsinghua
Germany,2019-12-01,7.444444444444445,0.9939485302477654,Tsinghua
India,2002-01-01,2.7777777777777777,-1.047692895835365,Tsinghua
India,2002-02-01,2.7777777777777777,-1.047692895835365,Tsinghua
India,2002-03-01,2.7777777777777777,-1.047692895835365,Tsinghua
India,2002-04-01,2.7777777777777777,-1.047692895835365,Tsinghua
India,2002-05-01,2.7777777777777777,-1.047692895835365,Tsinghua
India,2002-06-01,2.888888888888889,-0.9732322395747937,Tsinghua
India,2002-07-01,2.888888888888889,-0.9732322395747937,Tsinghua
India,2002-08-01,2.888888888888889,-0.9732322395747937,Tsinghua
India,2002-09-01,2.888888888888889,-0.9732322395747937,Tsinghua
India,2002-10-01,2.888888888888889,-0.9732322395747937,Tsinghua
India,2002-11-01,2.888888888888889,-0.9732322395747937,Tsinghua
India,2002-12-01,2.888888888888889,-0.9732322395747937,Tsinghua
India,2003-01-01,2.888888888888889,-0.9732322395747937,Tsinghua
India,2003-02-01,2.888888888888889,-0.9732322395747937,Tsinghua
India,2003-03-01,2.888888888888889,-0.9732322395747937,Tsinghua
India,2003-04-01,3,-0.8987715833142221,Tsinghua
India,2003-05-01,3.111111111111111,-0.8243109270536506,Tsinghua
India,2003-06-01,3.7777777777777777,-0.37754698949022175,Tsinghua
India,2003-07-01,3.6666666666666665,-0.4520076457507933,Tsinghua
India,2003-08-01,3.6666666666666665,-0.4520076457507933,Tsinghua
India,2003-09-01,3.6666666666666665,-0.4520076457507933,Tsinghua
India,2003-10-01,3.7777777777777777,-0.37754698949022175,Tsinghua
India,2003-11-01,3.888888888888889,-0.30308633322965023,Tsinghua
India,2003-12-01,3.888888888888889,-0.30308633322965023,Tsinghua
India,2004-01-01,3.888888888888889,-0.30308633322965023,Tsinghua
India,2004-02-01,3.888888888888889,-0.30308633322965023,Tsinghua
India,2004-03-01,3.888888888888889,-0.30308633322965023,Tsinghua
India,2004-04-01,3.888888888888889,-0.30308633322965023,Tsinghua
India,2004-05-01,3.888888888888889,-0.30308633322965023,Tsinghua
India,2004-06-01,3.888888888888889,-0.30308633322965023,Tsinghua
India,2004-07-01,3.888888888888889,-0.30308633322965023,Tsinghua
India,2004-08-01,3.888888888888889,-0.30308633322965023,Tsinghua
India,2004-09-01,3.888888888888889,-0.30308633322965023,Tsinghua
India,2004-10-01,4,-0.22862567696907868,Tsinghua
India,2004-11-01,4.111111111111111,-0.15416502070850746,Tsinghua
India,2004-12-01,4.111111111111111,-0.15416502070850746,Tsinghua
India,2005-01-01,4.222222222222222,-0.07970436444793563,Tsinghua
India,2005-02-01,4.222222222222222,-0.07970436444793563,Tsinghua
India,2005-03-01,4.222222222222222,-0.07970436444793563,Tsinghua
India,2005-04-01,5,0.4415202293760647,Tsinghua
India,2005-05-01,5,0.4415202293760647,Tsinghua
India,2005-06-01,5,0.4415202293760647,Tsinghua
India,2005-07-01,5,0.4415202293760647,Tsinghua
India,2005-08-01,5,0.4415202293760647,Tsinghua
India,2005-09-01,5,0.4415202293760647,Tsinghua
India,2005-10-01,5,0.4415202293760647,Tsinghua
India,2005-11-01,5.111111111111111,0.5159808856366359,Tsinghua
India,2005-12-01,5.111111111111111,0.5159808856366359,Tsinghua
India,2006-01-01,5.111111111111111,0.5159808856366359,Tsinghua
India,2006-02-01,5.111111111111111,0.5159808856366359,Tsinghua
India,2006-03-01,5.111111111111111,0.5159808856366359,Tsinghua
India,2006-04-01,5.111111111111111,0.5159808856366359,Tsinghua
India,2006-05-01,5.111111111111111,0.5159808856366359,Tsinghua
India,2006-06-01,5.111111111111111,0.5159808856366359,Tsinghua
India,2006-07-01,5.111111111111111,0.5159808856366359,Tsinghua
India,2006-08-01,5.111111111111111,0.5159808856366359,Tsinghua
India,2006-09-01,5.111111111111111,0.5159808856366359,Tsinghua
India,2006-10-01,5.111111111111111,0.5159808856366359,Tsinghua
India,2006-11-01,5.444444444444445,0.7393628544183508,Tsinghua
India,2006-12-01,5.444444444444445,0.7393628544183508,Tsinghua
India,2007-01-01,5.444444444444445,0.7393628544183508,Tsinghua
India,2007-02-01,5.444444444444445,0.7393628544183508,Tsinghua
India,2007-03-01,5.444444444444445,0.7393628544183508,Tsinghua
India,2007-04-01,5.555555555555555,0.813823510678922,Tsinghua
India,2007-05-01,5.555555555555555,0.813823510678922,Tsinghua
India,2007-06-01,5.555555555555555,0.813823510678922,Tsinghua
India,2007-07-01,5.555555555555555,0.813823510678922,Tsinghua
India,2007-08-01,5.555555555555555,0.813823510678922,Tsinghua
India,2007-09-01,5.555555555555555,0.813823510678922,Tsinghua
India,2007-10-01,5.555555555555555,0.813823510678922,Tsinghua
India,2007-11-01,5.555555555555555,0.813823510678922,Tsinghua
India,2007-12-01,5.555555555555555,0.813823510678922,Tsinghua
India,2008-01-01,5.666666666666667,0.8882841669394939,Tsinghua
India,2008-02-01,5.666666666666667,0.8882841669394939,Tsinghua
India,2008-03-01,5.666666666666667,0.8882841669394939,Tsinghua
India,2008-04-01,5.666666666666667,0.8882841669394939,Tsinghua
India,2008-05-01,5.666666666666667,0.8882841669394939,Tsinghua
India,2008-06-01,5.666666666666667,0.8882841669394939,Tsinghua
India,2008-07-01,5.666666666666667,0.8882841669394939,Tsinghua
India,2008-08-01,5.666666666666667,0.8882841669394939,Tsinghua
India,2008-09-01,5.666666666666667,0.8882841669394939,Tsinghua
India,2008-10-01,5.666666666666667,0.8882841669394939,Tsinghua
India,2008-11-01,5.666666666666667,0.8882841669394939,Tsinghua
India,2008-12-01,5.666666666666667,0.8882841669394939,Tsinghua
India,2009-01-01,5.666666666666667,0.8882841669394939,Tsinghua
India,2009-02-01,5.666666666666667,0.8882841669394939,Tsinghua
India,2009-03-01,5.666666666666667,0.8882841669394939,Tsinghua
India,2009-04-01,5.666666666666667,0.8882841669394939,Tsinghua
India,2009-05-01,5.666666666666667,0.8882841669394939,Tsinghua
India,2009-06-01,5.666666666666667,0.8882841669394939,Tsinghua
India,2009-07-01,5.666666666666667,0.8882841669394939,Tsinghua
India,2009-08-01,5.666666666666667,0.8882841669394939,Tsinghua
India,2009-09-01,5.666666666666667,0.8882841669394939,Tsinghua
India,2009-10-01,5.555555555555555,0.813823510678922,Tsinghua
India,2009-11-01,5.333333333333333,0.664902198157779,Tsinghua
India,2009-12-01,5.333333333333333,0.664902198157779,Tsinghua
India,2010-01-01,5.333333333333333,0.664902198157779,Tsinghua
India,2010-02-01,5.333333333333333,0.664902198157779,Tsinghua
India,2010-03-01,5.333333333333333,0.664902198157779,Tsinghua
India,2010-04-01,5.444444444444445,0.7393628544183508,Tsinghua
India,2010-05-01,5.555555555555555,0.813823510678922,Tsinghua
India,2010-06-01,5.555555555555555,0.813823510678922,Tsinghua
India,2010-07-01,5.555555555555555,0.813823510678922,Tsinghua
India,2010-08-01,5.555555555555555,0.813823510678922,Tsinghua
India,2010-09-01,5.444444444444445,0.7393628544183508,Tsinghua
India,2010-10-01,5.444444444444445,0.7393628544183508,Tsinghua
India,2010-11-01,5.555555555555555,0.813823510678922,Tsinghua
India,2010-12-01,5.666666666666667,0.8882841669394939,Tsinghua
India,2011-01-01,5.666666666666667,0.8882841669394939,Tsinghua
India,2011-02-01,5.666666666666667,0.8882841669394939,Tsinghua
India,2011-03-01,5.666666666666667,0.8882841669394939,Tsinghua
India,2011-04-01,5.666666666666667,0.8882841669394939,Tsinghua
India,2011-05-01,5.666666666666667,0.8882841669394939,Tsinghua
India,2011-06-01,5.666666666666667,0.8882841669394939,Tsinghua
India,2011-07-01,5.666666666666667,0.8882841669394939,Tsinghua
India,2011-08-01,5.666666666666667,0.8882841669394939,Tsinghua
India,2011-09-01,5.555555555555555,0.813823510678922,Tsinghua
India,2011-10-01,5.444444444444445,0.7393628544183508,Tsinghua
India,2011-11-01,5.444444444444445,0.7393628544183508,Tsinghua
India,2011-12-01,5.444444444444445,0.7393628544183508,Tsinghua
India,2012-01-01,5.555555555555555,0.813823510678922,Tsinghua
India,2012-02-01,5.555555555555555,0.813823510678922,Tsinghua
India,2012-03-01,5.555555555555555,0.813823510678922,Tsinghua
India,2012-04-01,5.555555555555555,0.813823510678922,Tsinghua
India,2012-05-01,5.555555555555555,0.813823510678922,Tsinghua
India,2012-06-01,5.555555555555555,0.813823510678922,Tsinghua
India,2012-07-01,5.555555555555555,0.813823510678922,Tsinghua
India,2012-08-01,5.555555555555555,0.813823510678922,Tsinghua
India,2012-09-01,5.555555555555555,0.813823510678922,Tsinghua
India,2012-10-01,5.555555555555555,0.813823510678922,Tsinghua
India,2012-11-01,5.555555555555555,0.813823510678922,Tsinghua
India,2012-12-01,5.555555555555555,0.813823510678922,Tsinghua
India,2013-01-01,5.555555555555555,0.813823510678922,Tsinghua
India,2013-02-01,5.555555555555555,0.813823510678922,Tsinghua
India,2013-03-01,5.555555555555555,0.813823510678922,Tsinghua
India,2013-04-01,5.444444444444445,0.7393628544183508,Tsinghua
India,2013-05-01,5.666666666666667,0.8882841669394939,Tsinghua
India,2013-06-01,5.666666666666667,0.8882841669394939,Tsinghua
India,2013-07-01,5.666666666666667,0.8882841669394939,Tsinghua
India,2013-08-01,5.666666666666667,0.8882841669394939,Tsinghua
India,2013-09-01,5.666666666666667,0.8882841669394939,Tsinghua
India,2013-10-01,5.777777777777778,0.962744823200065,Tsinghua
India,2013-11-01,5.777777777777778,0.962744823200065,Tsinghua
India,2013-12-01,5.777777777777778,0.962744823200065,Tsinghua
India,2014-01-01,5.777777777777778,0.962744823200065,Tsinghua
India,2014-02-01,5.777777777777778,0.962744823200065,Tsinghua
India,2014-03-01,5.777777777777778,0.962744823200065,Tsinghua
India,2014-04-01,5.777777777777778,0.962744823200065,Tsinghua
India,2014-05-01,5.777777777777778,0.962744823200065,Tsinghua
India,2014-06-01,5.888888888888889,1.037205479460637,Tsinghua
India,2014-07-01,5.888888888888889,1.037205479460637,Tsinghua
India,2014-08-01,5.888888888888889,1.037205479460637,Tsinghua
India,2014-09-01,6.111111111111111,1.1861267919817793,Tsinghua
India,2014-10-01,6.111111111111111,1.1861267919817793,Tsinghua
India,2014-11-01,6.111111111111111,1.1861267919817793,Tsinghua
India,2014-12-01,6.111111111111111,1.1861267919817793,Tsinghua
India,2015-01-01,6.111111111111111,1.1861267919817793,Tsinghua
India,2015-02-01,6,1.111666135721208,Tsinghua
India,2015-03-01,6,1.111666135721208,Tsinghua
India,2015-04-01,6,1.111666135721208,Tsinghua
India,2015-05-01,6.222222222222222,1.2605874482423511,Tsinghua
India,2015-06-01,6.222222222222222,1.2605874482423511,Tsinghua
India,2015-07-01,6.222222222222222,1.2605874482423511,Tsinghua
India,2015-08-01,6.222222222222222,1.2605874482423511,Tsinghua
India,2015-09-01,6.222222222222222,1.2605874482423511,Tsinghua
India,2015-10-01,6.222222222222222,1.2605874482423511,Tsinghua
India,2015-11-01,6.333333333333333,1.3350481045029223,Tsinghua
India,2015-12-01,6.333333333333333,1.3350481045029223,Tsinghua
India,2016-01-01,6.333333333333333,1.3350481045029223,Tsinghua
India,2016-02-01,6.333333333333333,1.3350481045029223,Tsinghua
India,2016-03-01,6.333333333333333,1.3350481045029223,Tsinghua
India,2016-04-01,6.444444444444445,1.4095087607634942,Tsinghua
India,2016-05-01,6.555555555555555,1.4839694170240654,Tsinghua
India,2016-06-01,6.555555555555555,1.4839694170240654,Tsinghua
India,2016-07-01,6.555555555555555,1.4839694170240654,Tsinghua
India,2016-08-01,6.555555555555555,1.4839694170240654,Tsinghua
India,2016-09-01,6.555555555555555,1.4839694170240654,Tsinghua
India,2016-10-01,6.333333333333333,1.3350481045029223,Tsinghua
India,2016-11-01,6.333333333333333,1.3350481045029223,Tsinghua
India,2016-12-01,6.333333333333333,1.3350481045029223,Tsinghua
India,2017-01-01,6.333333333333333,1.3350481045029223,Tsinghua
India,2017-02-01,6.222222222222222,1.2605874482423511,Tsinghua
India,2017-03-01,5.888888888888889,1.037205479460637,Tsinghua
India,2017-04-01,5.666666666666667,0.8882841669394939,Tsinghua
India,2017-05-01,5.666666666666667,0.8882841669394939,Tsinghua
India,2017-06-01,5,0.4415202293760647,Tsinghua
India,2017-07-01,3.888888888888889,-0.30308633322965023,Tsinghua
India,2017-08-01,3.3333333333333335,-0.6753896145325076,Tsinghua
India,2017-09-01,3.3333333333333335,-0.6753896145325076,Tsinghua
India,2017-10-01,3.3333333333333335,-0.6753896145325076,Tsinghua
India,2017-11-01,3.2222222222222223,-0.7498502707930791,Tsinghua
India,2017-12-01,3.2222222222222223,-0.7498502707930791,Tsinghua
India,2018-01-01,3.2222222222222223,-0.7498502707930791,Tsinghua
India,2018-02-01,3.111111111111111,-0.8243109270536506,Tsinghua
India,2018-03-01,3.2222222222222223,-0.7498502707930791,Tsinghua
India,2018-04-01,3.3333333333333335,-0.6753896145325076,Tsinghua
India,2018-05-01,3.3333333333333335,-0.6753896145325076,Tsinghua
India,2018-06-01,3.4444444444444446,-0.600928958271936,Tsinghua
India,2018-07-01,3.4444444444444446,-0.600928958271936,Tsinghua
India,2018-08-01,3.4444444444444446,-0.600928958271936,Tsinghua
India,2018-09-01,3.4444444444444446,-0.600928958271936,Tsinghua
India,2018-10-01,3.4444444444444446,-0.600928958271936,Tsinghua
India,2018-11-01,3.5555555555555554,-0.5264683020113647,Tsinghua
India,2018-12-01,3.6666666666666665,-0.4520076457507933,Tsinghua
India,2019-01-01,3.6666666666666665,-0.4520076457507933,Tsinghua
India,2019-02-01,3.6666666666666665,-0.4520076457507933,Tsinghua
India,2019-03-01,3.6666666666666665,-0.4520076457507933,Tsinghua
India,2019-04-01,3.6666666666666665,-0.4520076457507933,Tsinghua
India,2019-05-01,3.6666666666666665,-0.4520076457507933,Tsinghua
India,2019-06-01,3.6666666666666665,-0.4520076457507933,Tsinghua
India,2019-07-01,3.6666666666666665,-0.4520076457507933,Tsinghua
India,2019-08-01,3.6666666666666665,-0.4520076457507933,Tsinghua
India,2019-09-01,3.6666666666666665,-0.4520076457507933,Tsinghua
India,2019-10-01,3.6666666666666665,-0.4520076457507933,Tsinghua
India,2019-11-01,3.5555555555555554,-0.5264683020113647,Tsinghua
India,2019-12-01,3.5555555555555554,-0.5264683020113647,Tsinghua
Indonesia,2002-01-01,2.5555555555555554,-2.1078971492883065,Tsinghua
Indonesia,2002-02-01,2.5555555555555554,-2.1078971492883065,Tsinghua
Indonesia,2002-03-01,2.7777777777777777,-1.9075481565179322,Tsinghua
Indonesia,2002-04-01,2.7777777777777777,-1.9075481565179322,Tsinghua
Indonesia,2002-05-01,2.7777777777777777,-1.9075481565179322,Tsinghua
Indonesia,2002-06-01,2.7777777777777777,-1.9075481565179322,Tsinghua
Indonesia,2002-07-01,2.7777777777777777,-1.9075481565179322,Tsinghua
Indonesia,2002-08-01,2.6666666666666665,-2.0077226529031194,Tsinghua
Indonesia,2002-09-01,2.7777777777777777,-1.9075481565179322,Tsinghua
Indonesia,2002-10-01,2.888888888888889,-1.8073736601327448,Tsinghua
Indonesia,2002-11-01,2.888888888888889,-1.8073736601327448,Tsinghua
Indonesia,2002-12-01,2.888888888888889,-1.8073736601327448,Tsinghua
Indonesia,2003-01-01,2.888888888888889,-1.8073736601327448,Tsinghua
Indonesia,2003-02-01,2.888888888888889,-1.8073736601327448,Tsinghua
Indonesia,2003-03-01,2.888888888888889,-1.8073736601327448,Tsinghua
Indonesia,2003-04-01,2.888888888888889,-1.8073736601327448,Tsinghua
Indonesia,2003-05-01,2.888888888888889,-1.8073736601327448,Tsinghua
Indonesia,2003-06-01,2.888888888888889,-1.8073736601327448,Tsinghua
Indonesia,2003-07-01,2.888888888888889,-1.8073736601327448,Tsinghua
Indonesia,2003-08-01,2.888888888888889,-1.8073736601327448,Tsinghua
Indonesia,2003-09-01,2.888888888888889,-1.8073736601327448,Tsinghua
Indonesia,2003-10-01,2.888888888888889,-1.8073736601327448,Tsinghua
Indonesia,2003-11-01,2.888888888888889,-1.8073736601327448,Tsinghua
Indonesia,2003-12-01,2.888888888888889,-1.8073736601327448,Tsinghua
Indonesia,2004-01-01,2.888888888888889,-1.8073736601327448,Tsinghua
Indonesia,2004-02-01,2.888888888888889,-1.8073736601327448,Tsinghua
Indonesia,2004-03-01,2.888888888888889,-1.8073736601327448,Tsinghua
Indonesia,2004-04-01,2.888888888888889,-1.8073736601327448,Tsinghua
Indonesia,2004-05-01,2.888888888888889,-1.8073736601327448,Tsinghua
Indonesia,2004-06-01,2.888888888888889,-1.8073736601327448,Tsinghua
Indonesia,2004-07-01,2.888888888888889,-1.8073736601327448,Tsinghua
Indonesia,2004-08-01,2.888888888888889,-1.8073736601327448,Tsinghua
Indonesia,2004-09-01,2.888888888888889,-1.8073736601327448,Tsinghua
Indonesia,2004-10-01,2.888888888888889,-1.8073736601327448,Tsinghua
Indonesia,2004-11-01,3.111111111111111,-1.6070246673623703,Tsinghua
Indonesia,2004-12-01,3.111111111111111,-1.6070246673623703,Tsinghua
Indonesia,2005-01-01,3.111111111111111,-1.6070246673623703,Tsinghua
Indonesia,2005-02-01,3.111111111111111,-1.6070246673623703,Tsinghua
Indonesia,2005-03-01,3.111111111111111,-1.6070246673623703,Tsinghua
Indonesia,2005-04-01,4.111111111111111,-0.7054541998956854,Tsinghua
Indonesia,2005-05-01,4.111111111111111,-0.7054541998956854,Tsinghua
Indonesia,2005-06-01,4.111111111111111,-0.7054541998956854,Tsinghua
Indonesia,2005-07-01,4.333333333333333,-0.5051052071253108,Tsinghua
Indonesia,2005-08-01,4.333333333333333,-0.5051052071253108,Tsinghua
Indonesia,2005-09-01,4,-0.8056286962808723,Tsinghua
Indonesia,2005-10-01,4,-0.8056286962808723,Tsinghua
Indonesia,2005-11-01,4,-0.8056286962808723,Tsinghua
Indonesia,2005-12-01,4,-0.8056286962808723,Tsinghua
Indonesia,2006-01-01,4,-0.8056286962808723,Tsinghua
Indonesia,2006-02-01,4,-0.8056286962808723,Tsinghua
Indonesia,2006-03-01,4,-0.8056286962808723,Tsinghua
Indonesia,2006-04-01,4,-0.8056286962808723,Tsinghua
Indonesia,2006-05-01,3.888888888888889,-0.9058031926660596,Tsinghua
Indonesia,2006-06-01,3.888888888888889,-0.9058031926660596,Tsinghua
Indonesia,2006-07-01,3.888888888888889,-0.9058031926660596,Tsinghua
Indonesia,2006-08-01,3.888888888888889,-0.9058031926660596,Tsinghua
Indonesia,2006-09-01,3.888888888888889,-0.9058031926660596,Tsinghua
Indonesia,2006-10-01,4,-0.8056286962808723,Tsinghua
Indonesia,2006-11-01,4,-0.8056286962808723,Tsinghua
Indonesia,2006-12-01,4,-0.8056286962808723,Tsinghua
Indonesia,2007-01-01,4,-0.8056286962808723,Tsinghua
Indonesia,2007-02-01,4,-0.8056286962808723,Tsinghua
Indonesia,2007-03-01,4,-0.8056286962808723,Tsinghua
Indonesia,2007-04-01,4,-0.8056286962808723,Tsinghua
Indonesia,2007-05-01,4,-0.8056286962808723,Tsinghua
Indonesia,2007-06-01,4,-0.8056286962808723,Tsinghua
Indonesia,2007-07-01,4,-0.8056286962808723,Tsinghua
Indonesia,2007-08-01,4,-0.8056286962808723,Tsinghua
Indonesia,2007-09-01,4.111111111111111,-0.7054541998956854,Tsinghua
Indonesia,2007-10-01,4.111111111111111,-0.7054541998956854,Tsinghua
Indonesia,2007-11-01,4.222222222222222,-0.6052797035104978,Tsinghua
Indonesia,2007-12-01,4.222222222222222,-0.6052797035104978,Tsinghua
Indonesia,2008-01-01,4.222222222222222,-0.6052797035104978,Tsinghua
Indonesia,2008-02-01,4.222222222222222,-0.6052797035104978,Tsinghua
Indonesia,2008-03-01,4.222222222222222,-0.6052797035104978,Tsinghua
Indonesia,2008-04-01,4.222222222222222,-0.6052797035104978,Tsinghua
Indonesia,2008-05-01,4.222222222222222,-0.6052797035104978,Tsinghua
Indonesia,2008-06-01,4.222222222222222,-0.6052797035104978,Tsinghua
Indonesia,2008-07-01,4.222222222222222,-0.6052797035104978,Tsinghua
Indonesia,2008-08-01,4.222222222222222,-0.6052797035104978,Tsinghua
Indonesia,2008-09-01,4.222222222222222,-0.6052797035104978,Tsinghua
Indonesia,2008-10-01,4.222222222222222,-0.6052797035104978,Tsinghua
Indonesia,2008-11-01,4.222222222222222,-0.6052797035104978,Tsinghua
Indonesia,2008-12-01,4.222222222222222,-0.6052797035104978,Tsinghua
Indonesia,2009-01-01,4.222222222222222,-0.6052797035104978,Tsinghua
Indonesia,2009-02-01,4.222222222222222,-0.6052797035104978,Tsinghua
Indonesia,2009-03-01,4.222222222222222,-0.6052797035104978,Tsinghua
Indonesia,2009-04-01,4.222222222222222,-0.6052797035104978,Tsinghua
Indonesia,2009-05-01,4.222222222222222,-0.6052797035104978,Tsinghua
Indonesia,2009-06-01,4.111111111111111,-0.7054541998956854,Tsinghua
Indonesia,2009-07-01,4.111111111111111,-0.7054541998956854,Tsinghua
Indonesia,2009-08-01,4.111111111111111,-0.7054541998956854,Tsinghua
Indonesia,2009-09-01,4.111111111111111,-0.7054541998956854,Tsinghua
Indonesia,2009-10-01,4.111111111111111,-0.7054541998956854,Tsinghua
Indonesia,2009-11-01,4.111111111111111,-0.7054541998956854,Tsinghua
Indonesia,2009-12-01,4.111111111111111,-0.7054541998956854,Tsinghua
Indonesia,2010-01-01,4.111111111111111,-0.7054541998956854,Tsinghua
Indonesia,2010-02-01,4.111111111111111,-0.7054541998956854,Tsinghua
Indonesia,2010-03-01,4.111111111111111,-0.7054541998956854,Tsinghua
Indonesia,2010-04-01,4.333333333333333,-0.5051052071253108,Tsinghua
Indonesia,2010-05-01,4.333333333333333,-0.5051052071253108,Tsinghua
Indonesia,2010-06-01,4.333333333333333,-0.5051052071253108,Tsinghua
Indonesia,2010-07-01,4.333333333333333,-0.5051052071253108,Tsinghua
Indonesia,2010-08-01,4.333333333333333,-0.5051052071253108,Tsinghua
Indonesia,2010-09-01,4.333333333333333,-0.5051052071253108,Tsinghua
Indonesia,2010-10-01,4.444444444444445,-0.40493071074012316,Tsinghua
Indonesia,2010-11-01,4.444444444444445,-0.40493071074012316,Tsinghua
Indonesia,2010-12-01,4.444444444444445,-0.40493071074012316,Tsinghua
Indonesia,2011-01-01,4.444444444444445,-0.40493071074012316,Tsinghua
Indonesia,2011-02-01,4.444444444444445,-0.40493071074012316,Tsinghua
Indonesia,2011-03-01,4.444444444444445,-0.40493071074012316,Tsinghua
Indonesia,2011-04-01,4.777777777777778,-0.10440722158456166,Tsinghua
Indonesia,2011-05-01,4.777777777777778,-0.10440722158456166,Tsinghua
Indonesia,2011-06-01,4.888888888888889,-0.00423272519937397,Tsinghua
Indonesia,2011-07-01,4.888888888888889,-0.00423272519937397,Tsinghua
Indonesia,2011-08-01,4.888888888888889,-0.00423272519937397,Tsinghua
Indonesia,2011-09-01,4.888888888888889,-0.00423272519937397,Tsinghua
Indonesia,2011-10-01,4.888888888888889,-0.00423272519937397,Tsinghua
Indonesia,2011-11-01,4.888888888888889,-0.00423272519937397,Tsinghua
Indonesia,2011-12-01,4.888888888888889,-0.00423272519937397,Tsinghua
Indonesia,2012-01-01,4.888888888888889,-0.00423272519937397,Tsinghua
Indonesia,2012-02-01,5,0.09594177118581292,Tsinghua
Indonesia,2012-03-01,5.222222222222222,0.29629076395618753,Tsinghua
Indonesia,2012-04-01,5.222222222222222,0.29629076395618753,Tsinghua
Indonesia,2012-05-01,5.222222222222222,0.29629076395618753,Tsinghua
Indonesia,2012-06-01,5.222222222222222,0.29629076395618753,Tsinghua
Indonesia,2012-07-01,5.222222222222222,0.29629076395618753,Tsinghua
Indonesia,2012-08-01,5.222222222222222,0.29629076395618753,Tsinghua
Indonesia,2012-09-01,5.222222222222222,0.29629076395618753,Tsinghua
Indonesia,2012-10-01,5.222222222222222,0.29629076395618753,Tsinghua
Indonesia,2012-11-01,5.222222222222222,0.29629076395618753,Tsinghua
Indonesia,2012-12-01,5.222222222222222,0.29629076395618753,Tsinghua
Indonesia,2013-01-01,5.222222222222222,0.29629076395618753,Tsinghua
Indonesia,2013-02-01,5.222222222222222,0.29629076395618753,Tsinghua
Indonesia,2013-03-01,5.222222222222222,0.29629076395618753,Tsinghua
Indonesia,2013-04-01,5.222222222222222,0.29629076395618753,Tsinghua
Indonesia,2013-05-01,5.222222222222222,0.29629076395618753,Tsinghua
Indonesia,2013-06-01,5.222222222222222,0.29629076395618753,Tsinghua
Indonesia,2013-07-01,5.222222222222222,0.29629076395618753,Tsinghua
Indonesia,2013-08-01,5.222222222222222,0.29629076395618753,Tsinghua
Indonesia,2013-09-01,5.333333333333333,0.3964652603413744,Tsinghua
Indonesia,2013-10-01,5.555555555555555,0.596814253111749,Tsinghua
Indonesia,2013-11-01,5.555555555555555,0.596814253111749,Tsinghua
Indonesia,2013-12-01,5.555555555555555,0.596814253111749,Tsinghua
Indonesia,2014-01-01,5.555555555555555,0.596814253111749,Tsinghua
Indonesia,2014-02-01,5.555555555555555,0.596814253111749,Tsinghua
Indonesia,2014-03-01,5.555555555555555,0.596814253111749,Tsinghua
Indonesia,2014-04-01,5.555555555555555,0.596814253111749,Tsinghua
Indonesia,2014-05-01,5.555555555555555,0.596814253111749,Tsinghua
Indonesia,2014-06-01,5.555555555555555,0.596814253111749,Tsinghua
Indonesia,2014-07-01,5.555555555555555,0.596814253111749,Tsinghua
Indonesia,2014-08-01,5.555555555555555,0.596814253111749,Tsinghua
Indonesia,2014-09-01,5.555555555555555,0.596814253111749,Tsinghua
Indonesia,2014-10-01,5.555555555555555,0.596814253111749,Tsinghua
Indonesia,2014-11-01,5.555555555555555,0.596814253111749,Tsinghua
Indonesia,2014-12-01,5.555555555555555,0.596814253111749,Tsinghua
Indonesia,2015-01-01,5.555555555555555,0.596814253111749,Tsinghua
Indonesia,2015-02-01,5.555555555555555,0.596814253111749,Tsinghua
Indonesia,2015-03-01,5.777777777777778,0.7971632458821236,Tsinghua
Indonesia,2015-04-01,5.777777777777778,0.7971632458821236,Tsinghua
Indonesia,2015-05-01,5.777777777777778,0.7971632458821236,Tsinghua
Indonesia,2015-06-01,5.777777777777778,0.7971632458821236,Tsinghua
Indonesia,2015-07-01,5.777777777777778,0.7971632458821236,Tsinghua
Indonesia,2015-08-01,5.777777777777778,0.7971632458821236,Tsinghua
Indonesia,2015-09-01,5.777777777777778,0.7971632458821236,Tsinghua
Indonesia,2015-10-01,5.777777777777778,0.7971632458821236,Tsinghua
Indonesia,2015-11-01,5.777777777777778,0.7971632458821236,Tsinghua
Indonesia,2015-12-01,5.777777777777778,0.7971632458821236,Tsinghua
Indonesia,2016-01-01,5.777777777777778,0.7971632458821236,Tsinghua
Indonesia,2016-02-01,5.777777777777778,0.7971632458821236,Tsinghua
Indonesia,2016-03-01,5.666666666666667,0.6969887494969367,Tsinghua
Indonesia,2016-04-01,5.666666666666667,0.6969887494969367,Tsinghua
Indonesia,2016-05-01,5.666666666666667,0.6969887494969367,Tsinghua
Indonesia,2016-06-01,5.555555555555555,0.596814253111749,Tsinghua
Indonesia,2016-07-01,5.555555555555555,0.596814253111749,Tsinghua
Indonesia,2016-08-01,5.555555555555555,0.596814253111749,Tsinghua
Indonesia,2016-09-01,5.555555555555555,0.596814253111749,Tsinghua
Indonesia,2016-10-01,5.555555555555555,0.596814253111749,Tsinghua
Indonesia,2016-11-01,5.555555555555555,0.596814253111749,Tsinghua
Indonesia,2016-12-01,5.555555555555555,0.596814253111749,Tsinghua
Indonesia,2017-01-01,5.555555555555555,0.596814253111749,Tsinghua
Indonesia,2017-02-01,5.555555555555555,0.596814253111749,Tsinghua
Indonesia,2017-03-01,5.555555555555555,0.596814253111749,Tsinghua
Indonesia,2017-04-01,5.555555555555555,0.596814253111749,Tsinghua
Indonesia,2017-05-01,5.555555555555555,0.596814253111749,Tsinghua
Indonesia,2017-06-01,5.555555555555555,0.596814253111749,Tsinghua
Indonesia,2017-07-01,5.555555555555555,0.596814253111749,Tsinghua
Indonesia,2017-08-01,5.555555555555555,0.596814253111749,Tsinghua
Indonesia,2017-09-01,5.555555555555555,0.596814253111749,Tsinghua
Indonesia,2017-10-01,5.555555555555555,0.596814253111749,Tsinghua
Indonesia,2017-11-01,5.555555555555555,0.596814253111749,Tsinghua
Indonesia,2017-12-01,5.555555555555555,0.596814253111749,Tsinghua
Indonesia,2018-01-01,5.555555555555555,0.596814253111749,Tsinghua
Indonesia,2018-02-01,5.555555555555555,0.596814253111749,Tsinghua
Indonesia,2018-03-01,5.555555555555555,0.596814253111749,Tsinghua
Indonesia,2018-04-01,5.555555555555555,0.596814253111749,Tsinghua
Indonesia,2018-05-01,5.666666666666667,0.6969887494969367,Tsinghua
Indonesia,2018-06-01,5.666666666666667,0.6969887494969367,Tsinghua
Indonesia,2018-07-01,5.666666666666667,0.6969887494969367,Tsinghua
Indonesia,2018-08-01,5.666666666666667,0.6969887494969367,Tsinghua
Indonesia,2018-09-01,5.666666666666667,0.6969887494969367,Tsinghua
Indonesia,2018-10-01,5.666666666666667,0.6969887494969367,Tsinghua
Indonesia,2018-11-01,5.666666666666667,0.6969887494969367,Tsinghua
Indonesia,2018-12-01,5.666666666666667,0.6969887494969367,Tsinghua
Indonesia,2019-01-01,5.666666666666667,0.6969887494969367,Tsinghua
Indonesia,2019-02-01,5.666666666666667,0.6969887494969367,Tsinghua
Indonesia,2019-03-01,5.666666666666667,0.6969887494969367,Tsinghua
Indonesia,2019-04-01,5.666666666666667,0.6969887494969367,Tsinghua
Indonesia,2019-05-01,5.666666666666667,0.6969887494969367,Tsinghua
Indonesia,2019-06-01,5.666666666666667,0.6969887494969367,Tsinghua
Indonesia,2019-07-01,5.666666666666667,0.6969887494969367,Tsinghua
Indonesia,2019-08-01,5.666666666666667,0.6969887494969367,Tsinghua
Indonesia,2019-09-01,5.666666666666667,0.6969887494969367,Tsinghua
Indonesia,2019-10-01,3.6666666666666665,-1.1061521854364342,Tsinghua
Indonesia,2019-11-01,3.5555555555555554,-1.2063266818216214,Tsinghua
Indonesia,2019-12-01,3.5555555555555554,-1.2063266818216214,Tsinghua
Japan,2002-01-01,3.5555555555555554,1.6889435150023695,Tsinghua
Japan,2002-02-01,3.5555555555555554,1.6889435150023695,Tsinghua
Japan,2002-03-01,3.6666666666666665,1.7234539084307219,Tsinghua
Japan,2002-04-01,3.2222222222222223,1.5854123347173117,Tsinghua
Japan,2002-05-01,3.2222222222222223,1.5854123347173117,Tsinghua
Japan,2002-06-01,3.2222222222222223,1.5854123347173117,Tsinghua
Japan,2002-07-01,3.2222222222222223,1.5854123347173117,Tsinghua
Japan,2002-08-01,3.2222222222222223,1.5854123347173117,Tsinghua
Japan,2002-09-01,3.4444444444444446,1.654433121574017,Tsinghua
Japan,2002-10-01,3.4444444444444446,1.654433121574017,Tsinghua
Japan,2002-11-01,3.4444444444444446,1.654433121574017,Tsinghua
Japan,2002-12-01,3.3333333333333335,1.619922728145664,Tsinghua
Japan,2003-01-01,2.888888888888889,1.4818811544322537,Tsinghua
Japan,2003-02-01,2.888888888888889,1.4818811544322537,Tsinghua
Japan,2003-03-01,2.888888888888889,1.4818811544322537,Tsinghua
Japan,2003-04-01,2.888888888888889,1.4818811544322537,Tsinghua
Japan,2003-05-01,2.7777777777777777,1.4473707610039013,Tsinghua
Japan,2003-06-01,2.7777777777777777,1.4473707610039013,Tsinghua
Japan,2003-07-01,2.7777777777777777,1.4473707610039013,Tsinghua
Japan,2003-08-01,2.5555555555555554,1.3783499741471958,Tsinghua
Japan,2003-09-01,2.6666666666666665,1.4128603675755484,Tsinghua
Japan,2003-10-01,2.4444444444444446,1.3438395807188435,Tsinghua
Japan,2003-11-01,2.4444444444444446,1.3438395807188435,Tsinghua
Japan,2003-12-01,2.4444444444444446,1.3438395807188435,Tsinghua
Japan,2004-01-01,2.2222222222222223,1.2748187938621383,Tsinghua
Japan,2004-02-01,2,1.205798007005433,Tsinghua
Japan,2004-03-01,1.5555555555555556,1.0677564332920224,Tsinghua
Japan,2004-04-01,1.3333333333333333,0.9987356464353172,Tsinghua
Japan,2004-05-01,1.3333333333333333,0.9987356464353172,Tsinghua
Japan,2004-06-01,1.2222222222222223,0.9642252530069647,Tsinghua
Japan,2004-07-01,1.1111111111111112,0.929714859578612,Tsinghua
Japan,2004-08-01,0.7777777777777778,0.8261836792935542,Tsinghua
Japan,2004-09-01,0.7777777777777778,0.8261836792935542,Tsinghua
Japan,2004-10-01,0.7777777777777778,0.8261836792935542,Tsinghua
Japan,2004-11-01,0.8888888888888888,0.8606940727219067,Tsinghua
Japan,2004-12-01,0.3333333333333333,0.6881421055801438,Tsinghua
Japan,2005-01-01,0.1111111111111111,0.6191213187234386,Tsinghua
Japan,2005-02-01,-0.4444444444444444,0.4465693515816755,Tsinghua
Japan,2005-03-01,-0.8888888888888888,0.3085277778682651,Tsinghua
Japan,2005-04-01,-1.2222222222222223,0.2049965975832072,Tsinghua
Japan,2005-05-01,-1.4444444444444444,0.13597581072650203,Tsinghua
Japan,2005-06-01,-1.7777777777777777,0.03244463044144422,Tsinghua
Japan,2005-07-01,-2,-0.03657615641526103,Tsinghua
Japan,2005-08-01,-2.111111111111111,-0.07108654984361365,Tsinghua
Japan,2005-09-01,-2.2222222222222223,-0.10559694327196628,Tsinghua
Japan,2005-10-01,-2.4444444444444446,-0.17461773012867152,Tsinghua
Japan,2005-11-01,-2.5555555555555554,-0.209128123557024,Tsinghua
Japan,2005-12-01,-2.6666666666666665,-0.24363851698537664,Tsinghua
Japan,2006-01-01,-2.6666666666666665,-0.24363851698537664,Tsinghua
Japan,2006-02-01,-2.6666666666666665,-0.24363851698537664,Tsinghua
Japan,2006-03-01,-2.888888888888889,-0.3126593038420819,Tsinghua
Japan,2006-04-01,-3,-0.3471696972704345,Tsinghua
Japan,2006-05-01,-2.7777777777777777,-0.27814891041372924,Tsinghua
Japan,2006-06-01,-2.7777777777777777,-0.27814891041372924,Tsinghua
Japan,2006-07-01,-2.5555555555555554,-0.209128123557024,Tsinghua
Japan,2006-08-01,-2.7777777777777777,-0.27814891041372924,Tsinghua
Japan,2006-09-01,-2.7777777777777777,-0.27814891041372924,Tsinghua
Japan,2006-10-01,-2.2222222222222223,-0.10559694327196628,Tsinghua
Japan,2006-11-01,-2,-0.03657615641526103,Tsinghua
Japan,2006-12-01,-1.7777777777777777,0.03244463044144422,Tsinghua
Japan,2007-01-01,-1.6666666666666667,0.06695502386979676,Tsinghua
Japan,2007-02-01,-1.5555555555555556,0.1014654172981494,Tsinghua
Japan,2007-03-01,-1.4444444444444444,0.13597581072650203,Tsinghua
Japan,2007-04-01,-0.7777777777777778,0.3430381712966176,Tsinghua
Japan,2007-05-01,-0.7777777777777778,0.3430381712966176,Tsinghua
Japan,2007-06-01,-0.6666666666666666,0.3775485647249702,Tsinghua
Japan,2007-07-01,-0.5555555555555556,0.4120589581533229,Tsinghua
Japan,2007-08-01,-0.2222222222222222,0.5155901384383808,Tsinghua
Japan,2007-09-01,0.1111111111111111,0.6191213187234386,Tsinghua
Japan,2007-10-01,0.1111111111111111,0.6191213187234386,Tsinghua
Japan,2007-11-01,0.2222222222222222,0.65363171215179106,Tsinghua
Japan,2007-12-01,0.7777777777777778,0.8261836792935542,Tsinghua
Japan,2008-01-01,0.7777777777777778,0.8261836792935542,Tsinghua
Japan,2008-02-01,1,0.8952044661502595,Tsinghua
Japan,2008-03-01,1,0.8952044661502595,Tsinghua
Japan,2008-04-01,1.2222222222222223,0.9642252530069647,Tsinghua
Japan,2008-05-01,1.8888888888888888,1.1712876135770802,Tsinghua
Japan,2008-06-01,1.8888888888888888,1.1712876135770802,Tsinghua
Japan,2008-07-01,2,1.205798007005433,Tsinghua
Japan,2008-08-01,2.111111111111111,1.2403084004337854,Tsinghua
Japan,2008-09-01,2.111111111111111,1.2403084004337854,Tsinghua
Japan,2008-10-01,2.2222222222222223,1.2748187938621383,Tsinghua
Japan,2008-11-01,2.2222222222222223,1.2748187938621383,Tsinghua
Japan,2008-12-01,2.3333333333333335,1.3093291872904906,Tsinghua
Japan,2009-01-01,2.3333333333333335,1.3093291872904906,Tsinghua
Japan,2009-02-01,2.111111111111111,1.2403084004337854,Tsinghua
Japan,2009-03-01,2.111111111111111,1.2403084004337854,Tsinghua
Japan,2009-04-01,2.3333333333333335,1.3093291872904906,Tsinghua
Japan,2009-05-01,2.2222222222222223,1.2748187938621383,Tsinghua
Japan,2009-06-01,2.3333333333333335,1.3093291872904906,Tsinghua
Japan,2009-07-01,2.3333333333333335,1.3093291872904906,Tsinghua
Japan,2009-08-01,2.3333333333333335,1.3093291872904906,Tsinghua
Japan,2009-09-01,2.3333333333333335,1.3093291872904906,Tsinghua
Japan,2009-10-01,2.4444444444444446,1.3438395807188435,Tsinghua
Japan,2009-11-01,2.5555555555555554,1.3783499741471958,Tsinghua
Japan,2009-12-01,2.7777777777777777,1.4473707610039013,Tsinghua
Japan,2010-01-01,2.7777777777777777,1.4473707610039013,Tsinghua
Japan,2010-02-01,2.7777777777777777,1.4473707610039013,Tsinghua
Japan,2010-03-01,2.7777777777777777,1.4473707610039013,Tsinghua
Japan,2010-04-01,2.888888888888889,1.4818811544322537,Tsinghua
Japan,2010-05-01,3.111111111111111,1.5509019412889589,Tsinghua
Japan,2010-06-01,3.111111111111111,1.5509019412889589,Tsinghua
Japan,2010-07-01,3.111111111111111,1.5509019412889589,Tsinghua
Japan,2010-08-01,3.2222222222222223,1.5854123347173117,Tsinghua
Japan,2010-09-01,1.6666666666666667,1.102266826720375,Tsinghua
Japan,2010-10-01,1.4444444444444444,1.0332460398636698,Tsinghua
Japan,2010-11-01,1.4444444444444444,1.0332460398636698,Tsinghua
Japan,2010-12-01,1.3333333333333333,0.9987356464353172,Tsinghua
Japan,2011-01-01,1.3333333333333333,0.9987356464353172,Tsinghua
Japan,2011-02-01,1.3333333333333333,0.9987356464353172,Tsinghua
Japan,2011-03-01,1.2222222222222223,0.9642252530069647,Tsinghua
Japan,2011-04-01,1.2222222222222223,0.9642252530069647,Tsinghua
Japan,2011-05-01,1.3333333333333333,0.9987356464353172,Tsinghua
Japan,2011-06-01,1.3333333333333333,0.9987356464353172,Tsinghua
Japan,2011-07-01,1.3333333333333333,0.9987356464353172,Tsinghua
Japan,2011-08-01,1.3333333333333333,0.9987356464353172,Tsinghua
Japan,2011-09-01,1.3333333333333333,0.9987356464353172,Tsinghua
Japan,2011-10-01,1.3333333333333333,0.9987356464353172,Tsinghua
Japan,2011-11-01,1.5555555555555556,1.0677564332920224,Tsinghua
Japan,2011-12-01,2,1.205798007005433,Tsinghua
Japan,2012-01-01,1.7777777777777777,1.1367772201487276,Tsinghua
Japan,2012-02-01,1.6666666666666667,1.102266826720375,Tsinghua
Japan,2012-03-01,1.4444444444444444,1.0332460398636698,Tsinghua
Japan,2012-04-01,1.4444444444444444,1.0332460398636698,Tsinghua
Japan,2012-05-01,1.4444444444444444,1.0332460398636698,Tsinghua
Japan,2012-06-01,1.3333333333333333,0.9987356464353172,Tsinghua
Japan,2012-07-01,0.7777777777777778,0.8261836792935542,Tsinghua
Japan,2012-08-01,0.1111111111111111,0.6191213187234386,Tsinghua
Japan,2012-09-01,-3.111111111111111,-0.3816800906987871,Tsinghua
Japan,2012-10-01,-3.4444444444444446,-0.48521127098384503,Tsinghua
Japan,2012-11-01,-3.6666666666666665,-0.5542320578405501,Tsinghua
Japan,2012-12-01,-3.6666666666666665,-0.5542320578405501,Tsinghua
Japan,2013-01-01,-3.6666666666666665,-0.5542320578405501,Tsinghua
Japan,2013-02-01,-3.7777777777777777,-0.5887424512689028,Tsinghua
Japan,2013-03-01,-3.888888888888889,-0.6232528446972554,Tsinghua
Japan,2013-04-01,-4,-0.6577632381256079,Tsinghua
Japan,2013-05-01,-4.111111111111111,-0.6922736315539604,Tsinghua
Japan,2013-06-01,-4.111111111111111,-0.6922736315539604,Tsinghua
Japan,2013-07-01,-4.111111111111111,-0.6922736315539604,Tsinghua
Japan,2013-08-01,-4.222222222222222,-0.7267840249823132,Tsinghua
Japan,2013-09-01,-4.222222222222222,-0.7267840249823132,Tsinghua
Japan,2013-10-01,-4.444444444444445,-0.7958048118390184,Tsinghua
Japan,2013-11-01,-4.555555555555555,-0.8303152052673709,Tsinghua
Japan,2013-12-01,-5,-0.9683567789807814,Tsinghua
Japan,2014-01-01,-5.111111111111111,-1.0028671724091338,Tsinghua
Japan,2014-02-01,-5.222222222222222,-1.0373775658374866,Tsinghua
Japan,2014-03-01,-5.222222222222222,-1.0373775658374866,Tsinghua
Japan,2014-04-01,-5.444444444444445,-1.1063983526941918,Tsinghua
Japan,2014-05-01,-5.444444444444445,-1.1063983526941918,Tsinghua
Japan,2014-06-01,-5.555555555555555,-1.1409087461225444,Tsinghua
Japan,2014-07-01,-5.555555555555555,-1.1409087461225444,Tsinghua
Japan,2014-08-01,-5.555555555555555,-1.1409087461225444,Tsinghua
Japan,2014-09-01,-5.555555555555555,-1.1409087461225444,Tsinghua
Japan,2014-10-01,-5.555555555555555,-1.1409087461225444,Tsinghua
Japan,2014-11-01,-5.333333333333333,-1.0718879592658392,Tsinghua
Japan,2014-12-01,-5.333333333333333,-1.0718879592658392,Tsinghua
Japan,2015-01-01,-5.333333333333333,-1.0718879592658392,Tsinghua
Japan,2015-02-01,-5.333333333333333,-1.0718879592658392,Tsinghua
Japan,2015-03-01,-5.222222222222222,-1.0373775658374866,Tsinghua
Japan,2015-04-01,-5.222222222222222,-1.0373775658374866,Tsinghua
Japan,2015-05-01,-5.222222222222222,-1.0373775658374866,Tsinghua
Japan,2015-06-01,-5.222222222222222,-1.0373775658374866,Tsinghua
Japan,2015-07-01,-5.222222222222222,-1.0373775658374866,Tsinghua
Japan,2015-08-01,-5.333333333333333,-1.0718879592658392,Tsinghua
Japan,2015-09-01,-5.444444444444445,-1.1063983526941918,Tsinghua
Japan,2015-10-01,-5.333333333333333,-1.0718879592658392,Tsinghua
Japan,2015-11-01,-5,-0.9683567789807814,Tsinghua
Japan,2015-12-01,-5,-0.9683567789807814,Tsinghua
Japan,2016-01-01,-5,-0.9683567789807814,Tsinghua
Japan,2016-02-01,-5,-0.9683567789807814,Tsinghua
Japan,2016-03-01,-5,-0.9683567789807814,Tsinghua
Japan,2016-04-01,-4.333333333333333,-0.7612944184106657,Tsinghua
Japan,2016-05-01,-4.333333333333333,-0.7612944184106657,Tsinghua
Japan,2016-06-01,-4.444444444444445,-0.7958048118390184,Tsinghua
Japan,2016-07-01,-4.333333333333333,-0.7612944184106657,Tsinghua
Japan,2016-08-01,-4.333333333333333,-0.7612944184106657,Tsinghua
Japan,2016-09-01,-4.222222222222222,-0.7267840249823132,Tsinghua
Japan,2016-10-01,-4.333333333333333,-0.7612944184106657,Tsinghua
Japan,2016-11-01,-4.333333333333333,-0.7612944184106657,Tsinghua
Japan,2016-12-01,-4.555555555555555,-0.8303152052673709,Tsinghua
Japan,2017-01-01,-4.555555555555555,-0.8303152052673709,Tsinghua
Japan,2017-02-01,-4.555555555555555,-0.8303152052673709,Tsinghua
Japan,2017-03-01,-4.777777777777778,-0.8993359921240761,Tsinghua
Japan,2017-04-01,-4.777777777777778,-0.8993359921240761,Tsinghua
Japan,2017-05-01,-4.666666666666667,-0.8648255986957236,Tsinghua
Japan,2017-06-01,-4.666666666666667,-0.8648255986957236,Tsinghua
Japan,2017-07-01,-4.555555555555555,-0.8303152052673709,Tsinghua
Japan,2017-08-01,-4.666666666666667,-0.8648255986957236,Tsinghua
Japan,2017-09-01,-4.555555555555555,-0.8303152052673709,Tsinghua
Japan,2017-10-01,-4.555555555555555,-0.8303152052673709,Tsinghua
Japan,2017-11-01,-4.333333333333333,-0.7612944184106657,Tsinghua
Japan,2017-12-01,-4.333333333333333,-0.7612944184106657,Tsinghua
Japan,2018-01-01,-4.222222222222222,-0.7267840249823132,Tsinghua
Japan,2018-02-01,-4.222222222222222,-0.7267840249823132,Tsinghua
Japan,2018-03-01,-4.222222222222222,-0.7267840249823132,Tsinghua
Japan,2018-04-01,-4,-0.6577632381256079,Tsinghua
Japan,2018-05-01,-3,-0.3471696972704345,Tsinghua
Japan,2018-06-01,-3,-0.3471696972704345,Tsinghua
Japan,2018-07-01,-3,-0.3471696972704345,Tsinghua
Japan,2018-08-01,-3,-0.3471696972704345,Tsinghua
Japan,2018-09-01,-2.7777777777777777,-0.27814891041372924,Tsinghua
Japan,2018-10-01,-2.3333333333333335,-0.1401073367003189,Tsinghua
Japan,2018-11-01,-2.3333333333333335,-0.1401073367003189,Tsinghua
Japan,2018-12-01,-2.4444444444444446,-0.17461773012867152,Tsinghua
Japan,2019-01-01,-2.4444444444444446,-0.17461773012867152,Tsinghua
Japan,2019-02-01,-2.4444444444444446,-0.17461773012867152,Tsinghua
Japan,2019-03-01,-2.4444444444444446,-0.17461773012867152,Tsinghua
Japan,2019-04-01,-2.4444444444444446,-0.17461773012867152,Tsinghua
Japan,2019-05-01,-2.4444444444444446,-0.17461773012867152,Tsinghua
Japan,2019-06-01,-2,-0.03657615641526103,Tsinghua
Japan,2019-07-01,-2,-0.03657615641526103,Tsinghua
Japan,2019-08-01,-1.6666666666666667,0.06695502386979676,Tsinghua
Japan,2019-09-01,-1.5555555555555556,0.1014654172981494,Tsinghua
Japan,2019-10-01,-1.1111111111111112,0.2395069910115598,Tsinghua
Japan,2019-11-01,-0.5555555555555556,0.4120589581533229,Tsinghua
Japan,2019-12-01,-0.5555555555555556,0.4120589581533229,Tsinghua
Pakistan,2002-01-01,7.333333333333333,-2.350990738106308,Tsinghua
Pakistan,2002-02-01,7.333333333333333,-2.350990738106308,Tsinghua
Pakistan,2002-03-01,7.333333333333333,-2.350990738106308,Tsinghua
Pakistan,2002-04-01,7.333333333333333,-2.350990738106308,Tsinghua
Pakistan,2002-05-01,7.333333333333333,-2.350990738106308,Tsinghua
Pakistan,2002-06-01,7.333333333333333,-2.350990738106308,Tsinghua
Pakistan,2002-07-01,7.333333333333333,-2.350990738106308,Tsinghua
Pakistan,2002-08-01,7.333333333333333,-2.350990738106308,Tsinghua
Pakistan,2002-09-01,7.333333333333333,-2.350990738106308,Tsinghua
Pakistan,2002-10-01,7.333333333333333,-2.350990738106308,Tsinghua
Pakistan,2002-11-01,7.333333333333333,-2.350990738106308,Tsinghua
Pakistan,2002-12-01,7.333333333333333,-2.350990738106308,Tsinghua
Pakistan,2003-01-01,7.333333333333333,-2.350990738106308,Tsinghua
Pakistan,2003-02-01,7.333333333333333,-2.350990738106308,Tsinghua
Pakistan,2003-03-01,7.333333333333333,-2.350990738106308,Tsinghua
Pakistan,2003-04-01,7.333333333333333,-2.350990738106308,Tsinghua
Pakistan,2003-05-01,7.333333333333333,-2.350990738106308,Tsinghua
Pakistan,2003-06-01,7.333333333333333,-2.350990738106308,Tsinghua
Pakistan,2003-07-01,7.333333333333333,-2.350990738106308,Tsinghua
Pakistan,2003-08-01,7.333333333333333,-2.350990738106308,Tsinghua
Pakistan,2003-09-01,7.333333333333333,-2.350990738106308,Tsinghua
Pakistan,2003-10-01,7.333333333333333,-2.350990738106308,Tsinghua
Pakistan,2003-11-01,7.444444444444445,-1.9967831149645607,Tsinghua
Pakistan,2003-12-01,7.444444444444445,-1.9967831149645607,Tsinghua
Pakistan,2004-01-01,7.444444444444445,-1.9967831149645607,Tsinghua
Pakistan,2004-02-01,7.444444444444445,-1.9967831149645607,Tsinghua
Pakistan,2004-03-01,7.444444444444445,-1.9967831149645607,Tsinghua
Pakistan,2004-04-01,7.444444444444445,-1.9967831149645607,Tsinghua
Pakistan,2004-05-01,7.444444444444445,-1.9967831149645607,Tsinghua
Pakistan,2004-06-01,7.444444444444445,-1.9967831149645607,Tsinghua
Pakistan,2004-07-01,7.444444444444445,-1.9967831149645607,Tsinghua
Pakistan,2004-08-01,7.444444444444445,-1.9967831149645607,Tsinghua
Pakistan,2004-09-01,7.444444444444445,-1.9967831149645607,Tsinghua
Pakistan,2004-10-01,7.333333333333333,-2.350990738106308,Tsinghua
Pakistan,2004-11-01,7.333333333333333,-2.350990738106308,Tsinghua
Pakistan,2004-12-01,7.333333333333333,-2.350990738106308,Tsinghua
Pakistan,2005-01-01,7.333333333333333,-2.350990738106308,Tsinghua
Pakistan,2005-02-01,7.333333333333333,-2.350990738106308,Tsinghua
Pakistan,2005-03-01,7.333333333333333,-2.350990738106308,Tsinghua
Pakistan,2005-04-01,7.777777777777778,-0.9341602455393242,Tsinghua
Pakistan,2005-05-01,7.777777777777778,-0.9341602455393242,Tsinghua
Pakistan,2005-06-01,7.777777777777778,-0.9341602455393242,Tsinghua
Pakistan,2005-07-01,7.777777777777778,-0.9341602455393242,Tsinghua
Pakistan,2005-08-01,7.777777777777778,-0.9341602455393242,Tsinghua
Pakistan,2005-09-01,7.777777777777778,-0.9341602455393242,Tsinghua
Pakistan,2005-10-01,7.777777777777778,-0.9341602455393242,Tsinghua
Pakistan,2005-11-01,7.777777777777778,-0.9341602455393242,Tsinghua
Pakistan,2005-12-01,7.777777777777778,-0.9341602455393242,Tsinghua
Pakistan,2006-01-01,7.777777777777778,-0.9341602455393242,Tsinghua
Pakistan,2006-02-01,7.888888888888889,-0.5799526223975768,Tsinghua
Pakistan,2006-03-01,7.888888888888889,-0.5799526223975768,Tsinghua
Pakistan,2006-04-01,7.888888888888889,-0.5799526223975768,Tsinghua
Pakistan,2006-05-01,7.888888888888889,-0.5799526223975768,Tsinghua
Pakistan,2006-06-01,7.888888888888889,-0.5799526223975768,Tsinghua
Pakistan,2006-07-01,7.888888888888889,-0.5799526223975768,Tsinghua
Pakistan,2006-08-01,7.888888888888889,-0.5799526223975768,Tsinghua
Pakistan,2006-09-01,7.888888888888889,-0.5799526223975768,Tsinghua
Pakistan,2006-10-01,7.888888888888889,-0.5799526223975768,Tsinghua
Pakistan,2006-11-01,8,-0.22574499925583227,Tsinghua
Pakistan,2006-12-01,8,-0.22574499925583227,Tsinghua
Pakistan,2007-01-01,8,-0.22574499925583227,Tsinghua
Pakistan,2007-02-01,8,-0.22574499925583227,Tsinghua
Pakistan,2007-03-01,8,-0.22574499925583227,Tsinghua
Pakistan,2007-04-01,8.11111111111111,0.12846262388591229,Tsinghua
Pakistan,2007-05-01,8.11111111111111,0.12846262388591229,Tsinghua
Pakistan,2007-06-01,8.11111111111111,0.12846262388591229,Tsinghua
Pakistan,2007-07-01,8,-0.22574499925583227,Tsinghua
Pakistan,2007-08-01,8,-0.22574499925583227,Tsinghua
Pakistan,2007-09-01,8,-0.22574499925583227,Tsinghua
Pakistan,2007-10-01,8,-0.22574499925583227,Tsinghua
Pakistan,2007-11-01,8,-0.22574499925583227,Tsinghua
Pakistan,2007-12-01,8,-0.22574499925583227,Tsinghua
Pakistan,2008-01-01,8,-0.22574499925583227,Tsinghua
Pakistan,2008-02-01,8,-0.22574499925583227,Tsinghua
Pakistan,2008-03-01,8,-0.22574499925583227,Tsinghua
Pakistan,2008-04-01,8.11111111111111,0.12846262388591229,Tsinghua
Pakistan,2008-05-01,8.11111111111111,0.12846262388591229,Tsinghua
Pakistan,2008-06-01,8.11111111111111,0.12846262388591229,Tsinghua
Pakistan,2008-07-01,8.11111111111111,0.12846262388591229,Tsinghua
Pakistan,2008-08-01,8.11111111111111,0.12846262388591229,Tsinghua
Pakistan,2008-09-01,8.11111111111111,0.12846262388591229,Tsinghua
Pakistan,2008-10-01,8.11111111111111,0.12846262388591229,Tsinghua
Pakistan,2008-11-01,8.11111111111111,0.12846262388591229,Tsinghua
Pakistan,2008-12-01,8.11111111111111,0.12846262388591229,Tsinghua
Pakistan,2009-01-01,8.11111111111111,0.12846262388591229,Tsinghua
Pakistan,2009-02-01,8.11111111111111,0.12846262388591229,Tsinghua
Pakistan,2009-03-01,8.11111111111111,0.12846262388591229,Tsinghua
Pakistan,2009-04-01,8.11111111111111,0.12846262388591229,Tsinghua
Pakistan,2009-05-01,8.11111111111111,0.12846262388591229,Tsinghua
Pakistan,2009-06-01,8.11111111111111,0.12846262388591229,Tsinghua
Pakistan,2009-07-01,8.11111111111111,0.12846262388591229,Tsinghua
Pakistan,2009-08-01,8.11111111111111,0.12846262388591229,Tsinghua
Pakistan,2009-09-01,8.11111111111111,0.12846262388591229,Tsinghua
Pakistan,2009-10-01,8.11111111111111,0.12846262388591229,Tsinghua
Pakistan,2009-11-01,8.11111111111111,0.12846262388591229,Tsinghua
Pakistan,2009-12-01,8.11111111111111,0.12846262388591229,Tsinghua
Pakistan,2010-01-01,8.11111111111111,0.12846262388591229,Tsinghua
Pakistan,2010-02-01,8.11111111111111,0.12846262388591229,Tsinghua
Pakistan,2010-03-01,8.11111111111111,0.12846262388591229,Tsinghua
Pakistan,2010-04-01,8.11111111111111,0.12846262388591229,Tsinghua
Pakistan,2010-05-01,8.11111111111111,0.12846262388591229,Tsinghua
Pakistan,2010-06-01,8.11111111111111,0.12846262388591229,Tsinghua
Pakistan,2010-07-01,8.11111111111111,0.12846262388591229,Tsinghua
Pakistan,2010-08-01,8.11111111111111,0.12846262388591229,Tsinghua
Pakistan,2010-09-01,8.11111111111111,0.12846262388591229,Tsinghua
Pakistan,2010-10-01,8.11111111111111,0.12846262388591229,Tsinghua
Pakistan,2010-11-01,8.11111111111111,0.12846262388591229,Tsinghua
Pakistan,2010-12-01,8.11111111111111,0.12846262388591229,Tsinghua
Pakistan,2011-01-01,8.11111111111111,0.12846262388591229,Tsinghua
Pakistan,2011-02-01,8.11111111111111,0.12846262388591229,Tsinghua
Pakistan,2011-03-01,8.11111111111111,0.12846262388591229,Tsinghua
Pakistan,2011-04-01,8.11111111111111,0.12846262388591229,Tsinghua
Pakistan,2011-05-01,8.11111111111111,0.12846262388591229,Tsinghua
Pakistan,2011-06-01,8.11111111111111,0.12846262388591229,Tsinghua
Pakistan,2011-07-01,8.11111111111111,0.12846262388591229,Tsinghua
Pakistan,2011-08-01,8.11111111111111,0.12846262388591229,Tsinghua
Pakistan,2011-09-01,8.11111111111111,0.12846262388591229,Tsinghua
Pakistan,2011-10-01,8.11111111111111,0.12846262388591229,Tsinghua
Pakistan,2011-11-01,8.11111111111111,0.12846262388591229,Tsinghua
Pakistan,2011-12-01,8.11111111111111,0.12846262388591229,Tsinghua
Pakistan,2012-01-01,8.11111111111111,0.12846262388591229,Tsinghua
Pakistan,2012-02-01,8.11111111111111,0.12846262388591229,Tsinghua
Pakistan,2012-03-01,8.11111111111111,0.12846262388591229,Tsinghua
Pakistan,2012-04-01,8.11111111111111,0.12846262388591229,Tsinghua
Pakistan,2012-05-01,8.11111111111111,0.12846262388591229,Tsinghua
Pakistan,2012-06-01,8.11111111111111,0.12846262388591229,Tsinghua
Pakistan,2012-07-01,8.11111111111111,0.12846262388591229,Tsinghua
Pakistan,2012-08-01,8.11111111111111,0.12846262388591229,Tsinghua
Pakistan,2012-09-01,8.11111111111111,0.12846262388591229,Tsinghua
Pakistan,2012-10-01,8.11111111111111,0.12846262388591229,Tsinghua
Pakistan,2012-11-01,8.11111111111111,0.12846262388591229,Tsinghua
Pakistan,2012-12-01,8.11111111111111,0.12846262388591229,Tsinghua
Pakistan,2013-01-01,8.11111111111111,0.12846262388591229,Tsinghua
Pakistan,2013-02-01,8.11111111111111,0.12846262388591229,Tsinghua
Pakistan,2013-03-01,8.11111111111111,0.12846262388591229,Tsinghua
Pakistan,2013-04-01,8.11111111111111,0.12846262388591229,Tsinghua
Pakistan,2013-05-01,8.11111111111111,0.12846262388591229,Tsinghua
Pakistan,2013-06-01,8.11111111111111,0.12846262388591229,Tsinghua
Pakistan,2013-07-01,8.11111111111111,0.12846262388591229,Tsinghua
Pakistan,2013-08-01,8.11111111111111,0.12846262388591229,Tsinghua
Pakistan,2013-09-01,8.11111111111111,0.12846262388591229,Tsinghua
Pakistan,2013-10-01,8.11111111111111,0.12846262388591229,Tsinghua
Pakistan,2013-11-01,8.11111111111111,0.12846262388591229,Tsinghua
Pakistan,2013-12-01,8.11111111111111,0.12846262388591229,Tsinghua
Pakistan,2014-01-01,8.11111111111111,0.12846262388591229,Tsinghua
Pakistan,2014-02-01,8.222222222222221,0.4826702470276569,Tsinghua
Pakistan,2014-03-01,8.222222222222221,0.4826702470276569,Tsinghua
Pakistan,2014-04-01,8.222222222222221,0.4826702470276569,Tsinghua
Pakistan,2014-05-01,8.222222222222221,0.4826702470276569,Tsinghua
Pakistan,2014-06-01,8.222222222222221,0.4826702470276569,Tsinghua
Pakistan,2014-07-01,8.222222222222221,0.4826702470276569,Tsinghua
Pakistan,2014-08-01,8.222222222222221,0.4826702470276569,Tsinghua
Pakistan,2014-09-01,8.222222222222221,0.4826702470276569,Tsinghua
Pakistan,2014-10-01,8.222222222222221,0.4826702470276569,Tsinghua
Pakistan,2014-11-01,8.222222222222221,0.4826702470276569,Tsinghua
Pakistan,2014-12-01,8.222222222222221,0.4826702470276569,Tsinghua
Pakistan,2015-01-01,8.222222222222221,0.4826702470276569,Tsinghua
Pakistan,2015-02-01,8.222222222222221,0.4826702470276569,Tsinghua
Pakistan,2015-03-01,8.222222222222221,0.4826702470276569,Tsinghua
Pakistan,2015-04-01,8.222222222222221,0.4826702470276569,Tsinghua
Pakistan,2015-05-01,8.222222222222221,0.4826702470276569,Tsinghua
Pakistan,2015-06-01,8.222222222222221,0.4826702470276569,Tsinghua
Pakistan,2015-07-01,8.222222222222221,0.4826702470276569,Tsinghua
Pakistan,2015-08-01,8.222222222222221,0.4826702470276569,Tsinghua
Pakistan,2015-09-01,8.222222222222221,0.4826702470276569,Tsinghua
Pakistan,2015-10-01,8.222222222222221,0.4826702470276569,Tsinghua
Pakistan,2015-11-01,8.222222222222221,0.4826702470276569,Tsinghua
Pakistan,2015-12-01,8.222222222222221,0.4826702470276569,Tsinghua
Pakistan,2016-01-01,8.222222222222221,0.4826702470276569,Tsinghua
Pakistan,2016-02-01,8.222222222222221,0.4826702470276569,Tsinghua
Pakistan,2016-03-01,8.222222222222221,0.4826702470276569,Tsinghua
Pakistan,2016-04-01,8.222222222222221,0.4826702470276569,Tsinghua
Pakistan,2016-05-01,8.222222222222221,0.4826702470276569,Tsinghua
Pakistan,2016-06-01,8.222222222222221,0.4826702470276569,Tsinghua
Pakistan,2016-07-01,8.222222222222221,0.4826702470276569,Tsinghua
Pakistan,2016-08-01,8.222222222222221,0.4826702470276569,Tsinghua
Pakistan,2016-09-01,8.222222222222221,0.4826702470276569,Tsinghua
Pakistan,2016-10-01,8.222222222222221,0.4826702470276569,Tsinghua
Pakistan,2016-11-01,8.222222222222221,0.4826702470276569,Tsinghua
Pakistan,2016-12-01,8.222222222222221,0.4826702470276569,Tsinghua
Pakistan,2017-01-01,8.222222222222221,0.4826702470276569,Tsinghua
Pakistan,2017-02-01,8.222222222222221,0.4826702470276569,Tsinghua
Pakistan,2017-03-01,8.222222222222221,0.4826702470276569,Tsinghua
Pakistan,2017-04-01,8.222222222222221,0.4826702470276569,Tsinghua
Pakistan,2017-05-01,8.222222222222221,0.4826702470276569,Tsinghua
Pakistan,2017-06-01,8.222222222222221,0.4826702470276569,Tsinghua
Pakistan,2017-07-01,8.222222222222221,0.4826702470276569,Tsinghua
Pakistan,2017-08-01,8.222222222222221,0.4826702470276569,Tsinghua
Pakistan,2017-09-01,8.222222222222221,0.4826702470276569,Tsinghua
Pakistan,2017-10-01,8.222222222222221,0.4826702470276569,Tsinghua
Pakistan,2017-11-01,8.222222222222221,0.4826702470276569,Tsinghua
Pakistan,2017-12-01,8.222222222222221,0.4826702470276569,Tsinghua
Pakistan,2018-01-01,8.222222222222221,0.4826702470276569,Tsinghua
Pakistan,2018-02-01,8.222222222222221,0.4826702470276569,Tsinghua
Pakistan,2018-03-01,8.222222222222221,0.4826702470276569,Tsinghua
Pakistan,2018-04-01,8.222222222222221,0.4826702470276569,Tsinghua
Pakistan,2018-05-01,8.222222222222221,0.4826702470276569,Tsinghua
Pakistan,2018-06-01,8.222222222222221,0.4826702470276569,Tsinghua
Pakistan,2018-07-01,8.222222222222221,0.4826702470276569,Tsinghua
Pakistan,2018-08-01,8.222222222222221,0.4826702470276569,Tsinghua
Pakistan,2018-09-01,8.222222222222221,0.4826702470276569,Tsinghua
Pakistan,2018-10-01,8.222222222222221,0.4826702470276569,Tsinghua
Pakistan,2018-11-01,8.333333333333334,0.8368778701694071,Tsinghua
Pakistan,2018-12-01,8.333333333333334,0.8368778701694071,Tsinghua
Pakistan,2019-01-01,8.333333333333334,0.8368778701694071,Tsinghua
Pakistan,2019-02-01,8.333333333333334,0.8368778701694071,Tsinghua
Pakistan,2019-03-01,8.333333333333334,0.8368778701694071,Tsinghua
Pakistan,2019-04-01,8.333333333333334,0.8368778701694071,Tsinghua
Pakistan,2019-05-01,8.333333333333334,0.8368778701694071,Tsinghua
Pakistan,2019-06-01,8.333333333333334,0.8368778701694071,Tsinghua
Pakistan,2019-07-01,8.333333333333334,0.8368778701694071,Tsinghua
Pakistan,2019-08-01,8.333333333333334,0.8368778701694071,Tsinghua
Pakistan,2019-09-01,8.333333333333334,0.8368778701694071,Tsinghua
Pakistan,2019-10-01,8.333333333333334,0.8368778701694071,Tsinghua
Pakistan,2019-11-01,8.333333333333334,0.8368778701694071,Tsinghua
Pakistan,2019-12-01,8.333333333333334,0.8368778701694071,Tsinghua
Russia,2002-01-01,8.777777777777779,-1.1692532019094994,Tsinghua
Russia,2002-02-01,8.777777777777779,-1.1692532019094994,Tsinghua
Russia,2002-03-01,8.777777777777779,-1.1692532019094994,Tsinghua
Russia,2002-04-01,8.777777777777779,-1.1692532019094994,Tsinghua
Russia,2002-05-01,8.777777777777779,-1.1692532019094994,Tsinghua
Russia,2002-06-01,8.88888888888889,-0.5427099767353508,Tsinghua
Russia,2002-07-01,8.88888888888889,-0.5427099767353508,Tsinghua
Russia,2002-08-01,8.88888888888889,-0.5427099767353508,Tsinghua
Russia,2002-09-01,8.88888888888889,-0.5427099767353508,Tsinghua
Russia,2002-10-01,8.88888888888889,-0.5427099767353508,Tsinghua
Russia,2002-11-01,8.88888888888889,-0.5427099767353508,Tsinghua
Russia,2002-12-01,8.88888888888889,-0.5427099767353508,Tsinghua
Russia,2003-01-01,8.88888888888889,-0.5427099767353508,Tsinghua
Russia,2003-02-01,8.88888888888889,-0.5427099767353508,Tsinghua
Russia,2003-03-01,8.88888888888889,-0.5427099767353508,Tsinghua
Russia,2003-04-01,8.88888888888889,-0.5427099767353508,Tsinghua
Russia,2003-05-01,8.88888888888889,-0.5427099767353508,Tsinghua
Russia,2003-06-01,8.88888888888889,-0.5427099767353508,Tsinghua
Russia,2003-07-01,8.88888888888889,-0.5427099767353508,Tsinghua
Russia,2003-08-01,8.88888888888889,-0.5427099767353508,Tsinghua
Russia,2003-09-01,8.88888888888889,-0.5427099767353508,Tsinghua
Russia,2003-10-01,8.88888888888889,-0.5427099767353508,Tsinghua
Russia,2003-11-01,8.88888888888889,-0.5427099767353508,Tsinghua
Russia,2003-12-01,8.88888888888889,-0.5427099767353508,Tsinghua
Russia,2004-01-01,8.88888888888889,-0.5427099767353508,Tsinghua
Russia,2004-02-01,8.666666666666666,-1.7957964270836584,Tsinghua
Russia,2004-03-01,8.666666666666666,-1.7957964270836584,Tsinghua
Russia,2004-04-01,8.666666666666666,-1.7957964270836584,Tsinghua
Russia,2004-05-01,8.666666666666666,-1.7957964270836584,Tsinghua
Russia,2004-06-01,8.666666666666666,-1.7957964270836584,Tsinghua
Russia,2004-07-01,8.666666666666666,-1.7957964270836584,Tsinghua
Russia,2004-08-01,8.666666666666666,-1.7957964270836584,Tsinghua
Russia,2004-09-01,8.777777777777779,-1.1692532019094994,Tsinghua
Russia,2004-10-01,8.88888888888889,-0.5427099767353508,Tsinghua
Russia,2004-11-01,8.88888888888889,-0.5427099767353508,Tsinghua
Russia,2004-12-01,8.88888888888889,-0.5427099767353508,Tsinghua
Russia,2005-01-01,8.88888888888889,-0.5427099767353508,Tsinghua
Russia,2005-02-01,8.88888888888889,-0.5427099767353508,Tsinghua
Russia,2005-03-01,8.777777777777779,-1.1692532019094994,Tsinghua
Russia,2005-04-01,8.777777777777779,-1.1692532019094994,Tsinghua
Russia,2005-05-01,8.777777777777779,-1.1692532019094994,Tsinghua
Russia,2005-06-01,8.777777777777779,-1.1692532019094994,Tsinghua
Russia,2005-07-01,8.777777777777779,-1.1692532019094994,Tsinghua
Russia,2005-08-01,8.777777777777779,-1.1692532019094994,Tsinghua
Russia,2005-09-01,8.777777777777779,-1.1692532019094994,Tsinghua
Russia,2005-10-01,8.777777777777779,-1.1692532019094994,Tsinghua
Russia,2005-11-01,8.777777777777779,-1.1692532019094994,Tsinghua
Russia,2005-12-01,8.777777777777779,-1.1692532019094994,Tsinghua
Russia,2006-01-01,8.777777777777779,-1.1692532019094994,Tsinghua
Russia,2006-02-01,8.777777777777779,-1.1692532019094994,Tsinghua
Russia,2006-03-01,8.777777777777779,-1.1692532019094994,Tsinghua
Russia,2006-04-01,8.777777777777779,-1.1692532019094994,Tsinghua
Russia,2006-05-01,8.777777777777779,-1.1692532019094994,Tsinghua
Russia,2006-06-01,8.777777777777779,-1.1692532019094994,Tsinghua
Russia,2006-07-01,8.777777777777779,-1.1692532019094994,Tsinghua
Russia,2006-08-01,8.777777777777779,-1.1692532019094994,Tsinghua
Russia,2006-09-01,8.777777777777779,-1.1692532019094994,Tsinghua
Russia,2006-10-01,8.777777777777779,-1.1692532019094994,Tsinghua
Russia,2006-11-01,8.777777777777779,-1.1692532019094994,Tsinghua
Russia,2006-12-01,8.777777777777779,-1.1692532019094994,Tsinghua
Russia,2007-01-01,8.777777777777779,-1.1692532019094994,Tsinghua
Russia,2007-02-01,8.777777777777779,-1.1692532019094994,Tsinghua
Russia,2007-03-01,8.777777777777779,-1.1692532019094994,Tsinghua
Russia,2007-04-01,8.777777777777779,-1.1692532019094994,Tsinghua
Russia,2007-05-01,8.777777777777779,-1.1692532019094994,Tsinghua
Russia,2007-06-01,8.777777777777779,-1.1692532019094994,Tsinghua
Russia,2007-07-01,8.777777777777779,-1.1692532019094994,Tsinghua
Russia,2007-08-01,9,0.08383324843879793,Tsinghua
Russia,2007-09-01,9,0.08383324843879793,Tsinghua
Russia,2007-10-01,9,0.08383324843879793,Tsinghua
Russia,2007-11-01,9,0.08383324843879793,Tsinghua
Russia,2007-12-01,9,0.08383324843879793,Tsinghua
Russia,2008-01-01,9,0.08383324843879793,Tsinghua
Russia,2008-02-01,9,0.08383324843879793,Tsinghua
Russia,2008-03-01,9,0.08383324843879793,Tsinghua
Russia,2008-04-01,9,0.08383324843879793,Tsinghua
Russia,2008-05-01,9,0.08383324843879793,Tsinghua
Russia,2008-06-01,9,0.08383324843879793,Tsinghua
Russia,2008-07-01,9,0.08383324843879793,Tsinghua
Russia,2008-08-01,9,0.08383324843879793,Tsinghua
Russia,2008-09-01,9,0.08383324843879793,Tsinghua
Russia,2008-10-01,9,0.08383324843879793,Tsinghua
Russia,2008-11-01,9,0.08383324843879793,Tsinghua
Russia,2008-12-01,9,0.08383324843879793,Tsinghua
Russia,2009-01-01,9,0.08383324843879793,Tsinghua
Russia,2009-02-01,8.777777777777779,-1.1692532019094994,Tsinghua
Russia,2009-03-01,8.777777777777779,-1.1692532019094994,Tsinghua
Russia,2009-04-01,8.777777777777779,-1.1692532019094994,Tsinghua
Russia,2009-05-01,8.777777777777779,-1.1692532019094994,Tsinghua
Russia,2009-06-01,8.777777777777779,-1.1692532019094994,Tsinghua
Russia,2009-07-01,8.777777777777779,-1.1692532019094994,Tsinghua
Russia,2009-08-01,8.777777777777779,-1.1692532019094994,Tsinghua
Russia,2009-09-01,8.777777777777779,-1.1692532019094994,Tsinghua
Russia,2009-10-01,8.777777777777779,-1.1692532019094994,Tsinghua
Russia,2009-11-01,8.777777777777779,-1.1692532019094994,Tsinghua
Russia,2009-12-01,8.777777777777779,-1.1692532019094994,Tsinghua
Russia,2010-01-01,8.777777777777779,-1.1692532019094994,Tsinghua
Russia,2010-02-01,8.777777777777779,-1.1692532019094994,Tsinghua
Russia,2010-03-01,8.777777777777779,-1.1692532019094994,Tsinghua
Russia,2010-04-01,8.777777777777779,-1.1692532019094994,Tsinghua
Russia,2010-05-01,8.777777777777779,-1.1692532019094994,Tsinghua
Russia,2010-06-01,8.777777777777779,-1.1692532019094994,Tsinghua
Russia,2010-07-01,8.777777777777779,-1.1692532019094994,Tsinghua
Russia,2010-08-01,8.777777777777779,-1.1692532019094994,Tsinghua
Russia,2010-09-01,8.88888888888889,-0.5427099767353508,Tsinghua
Russia,2010-10-01,8.88888888888889,-0.5427099767353508,Tsinghua
Russia,2010-11-01,8.88888888888889,-0.5427099767353508,Tsinghua
Russia,2010-12-01,8.88888888888889,-0.5427099767353508,Tsinghua
Russia,2011-01-01,8.88888888888889,-0.5427099767353508,Tsinghua
Russia,2011-02-01,8.88888888888889,-0.5427099767353508,Tsinghua
Russia,2011-03-01,8.88888888888889,-0.5427099767353508,Tsinghua
Russia,2011-04-01,8.88888888888889,-0.5427099767353508,Tsinghua
Russia,2011-05-01,8.88888888888889,-0.5427099767353508,Tsinghua
Russia,2011-06-01,8.88888888888889,-0.5427099767353508,Tsinghua
Russia,2011-07-01,8.88888888888889,-0.5427099767353508,Tsinghua
Russia,2011-08-01,8.88888888888889,-0.5427099767353508,Tsinghua
Russia,2011-09-01,8.88888888888889,-0.5427099767353508,Tsinghua
Russia,2011-10-01,8.88888888888889,-0.5427099767353508,Tsinghua
Russia,2011-11-01,8.88888888888889,-0.5427099767353508,Tsinghua
Russia,2011-12-01,8.88888888888889,-0.5427099767353508,Tsinghua
Russia,2012-01-01,8.88888888888889,-0.5427099767353508,Tsinghua
Russia,2012-02-01,8.88888888888889,-0.5427099767353508,Tsinghua
Russia,2012-03-01,8.88888888888889,-0.5427099767353508,Tsinghua
Russia,2012-04-01,8.88888888888889,-0.5427099767353508,Tsinghua
Russia,2012-05-01,8.88888888888889,-0.5427099767353508,Tsinghua
Russia,2012-06-01,8.88888888888889,-0.5427099767353508,Tsinghua
Russia,2012-07-01,8.777777777777779,-1.1692532019094994,Tsinghua
Russia,2012-08-01,8.777777777777779,-1.1692532019094994,Tsinghua
Russia,2012-09-01,8.777777777777779,-1.1692532019094994,Tsinghua
Russia,2012-10-01,8.777777777777779,-1.1692532019094994,Tsinghua
Russia,2012-11-01,8.777777777777779,-1.1692532019094994,Tsinghua
Russia,2012-12-01,8.777777777777779,-1.1692532019094994,Tsinghua
Russia,2013-01-01,8.777777777777779,-1.1692532019094994,Tsinghua
Russia,2013-02-01,8.777777777777779,-1.1692532019094994,Tsinghua
Russia,2013-03-01,8.777777777777779,-1.1692532019094994,Tsinghua
Russia,2013-04-01,8.777777777777779,-1.1692532019094994,Tsinghua
Russia,2013-05-01,8.777777777777779,-1.1692532019094994,Tsinghua
Russia,2013-06-01,8.777777777777779,-1.1692532019094994,Tsinghua
Russia,2013-07-01,8.88888888888889,-0.5427099767353508,Tsinghua
Russia,2013-08-01,8.88888888888889,-0.5427099767353508,Tsinghua
Russia,2013-09-01,8.88888888888889,-0.5427099767353508,Tsinghua
Russia,2013-10-01,8.88888888888889,-0.5427099767353508,Tsinghua
Russia,2013-11-01,8.88888888888889,-0.5427099767353508,Tsinghua
Russia,2013-12-01,8.88888888888889,-0.5427099767353508,Tsinghua
Russia,2014-01-01,8.88888888888889,-0.5427099767353508,Tsinghua
Russia,2014-02-01,8.88888888888889,-0.5427099767353508,Tsinghua
Russia,2014-03-01,8.88888888888889,-0.5427099767353508,Tsinghua
Russia,2014-04-01,8.88888888888889,-0.5427099767353508,Tsinghua
Russia,2014-05-01,8.88888888888889,-0.5427099767353508,Tsinghua
Russia,2014-06-01,8.88888888888889,-0.5427099767353508,Tsinghua
Russia,2014-07-01,8.88888888888889,-0.5427099767353508,Tsinghua
Russia,2014-08-01,8.88888888888889,-0.5427099767353508,Tsinghua
Russia,2014-09-01,8.88888888888889,-0.5427099767353508,Tsinghua
Russia,2014-10-01,8.88888888888889,-0.5427099767353508,Tsinghua
Russia,2014-11-01,8.88888888888889,-0.5427099767353508,Tsinghua
Russia,2014-12-01,8.88888888888889,-0.5427099767353508,Tsinghua
Russia,2015-01-01,8.88888888888889,-0.5427099767353508,Tsinghua
Russia,2015-02-01,8.88888888888889,-0.5427099767353508,Tsinghua
Russia,2015-03-01,8.88888888888889,-0.5427099767353508,Tsinghua
Russia,2015-04-01,8.88888888888889,-0.5427099767353508,Tsinghua
Russia,2015-05-01,9,0.08383324843879793,Tsinghua
Russia,2015-06-01,9,0.08383324843879793,Tsinghua
Russia,2015-07-01,9,0.08383324843879793,Tsinghua
Russia,2015-08-01,9,0.08383324843879793,Tsinghua
Russia,2015-09-01,9,0.08383324843879793,Tsinghua
Russia,2015-10-01,9,0.08383324843879793,Tsinghua
Russia,2015-11-01,9,0.08383324843879793,Tsinghua
Russia,2015-12-01,9,0.08383324843879793,Tsinghua
Russia,2016-01-01,9,0.08383324843879793,Tsinghua
Russia,2016-02-01,9,0.08383324843879793,Tsinghua
Russia,2016-03-01,9,0.08383324843879793,Tsinghua
Russia,2016-04-01,9,0.08383324843879793,Tsinghua
Russia,2016-05-01,9,0.08383324843879793,Tsinghua
Russia,2016-06-01,9.11111111111111,0.7103764736129466,Tsinghua
Russia,2016-07-01,9.11111111111111,0.7103764736129466,Tsinghua
Russia,2016-08-01,9.11111111111111,0.7103764736129466,Tsinghua
Russia,2016-09-01,9.11111111111111,0.7103764736129466,Tsinghua
Russia,2016-10-01,9.11111111111111,0.7103764736129466,Tsinghua
Russia,2016-11-01,9.11111111111111,0.7103764736129466,Tsinghua
Russia,2016-12-01,9.11111111111111,0.7103764736129466,Tsinghua
Russia,2017-01-01,9.11111111111111,0.7103764736129466,Tsinghua
Russia,2017-02-01,9.11111111111111,0.7103764736129466,Tsinghua
Russia,2017-03-01,9.11111111111111,0.7103764736129466,Tsinghua
Russia,2017-04-01,9.11111111111111,0.7103764736129466,Tsinghua
Russia,2017-05-01,9.11111111111111,0.7103764736129466,Tsinghua
Russia,2017-06-01,9.11111111111111,0.7103764736129466,Tsinghua
Russia,2017-07-01,9.11111111111111,0.7103764736129466,Tsinghua
Russia,2017-08-01,9.11111111111111,0.7103764736129466,Tsinghua
Russia,2017-09-01,9.11111111111111,0.7103764736129466,Tsinghua
Russia,2017-10-01,9.11111111111111,0.7103764736129466,Tsinghua
Russia,2017-11-01,9.11111111111111,0.7103764736129466,Tsinghua
Russia,2017-12-01,9.11111111111111,0.7103764736129466,Tsinghua
Russia,2018-01-01,9.11111111111111,0.7103764736129466,Tsinghua
Russia,2018-02-01,9.11111111111111,0.7103764736129466,Tsinghua
Russia,2018-03-01,9.11111111111111,0.7103764736129466,Tsinghua
Russia,2018-04-01,9.11111111111111,0.7103764736129466,Tsinghua
Russia,2018-05-01,9.11111111111111,0.7103764736129466,Tsinghua
Russia,2018-06-01,9.11111111111111,0.7103764736129466,Tsinghua
Russia,2018-07-01,9.11111111111111,0.7103764736129466,Tsinghua
Russia,2018-08-01,9.11111111111111,0.7103764736129466,Tsinghua
Russia,2018-09-01,9.11111111111111,0.7103764736129466,Tsinghua
Russia,2018-10-01,9.11111111111111,0.7103764736129466,Tsinghua
Russia,2018-11-01,9.11111111111111,0.7103764736129466,Tsinghua
Russia,2018-12-01,9.11111111111111,0.7103764736129466,Tsinghua
Russia,2019-01-01,9.11111111111111,0.7103764736129466,Tsinghua
Russia,2019-02-01,9.11111111111111,0.7103764736129466,Tsinghua
Russia,2019-03-01,9.11111111111111,0.7103764736129466,Tsinghua
Russia,2019-04-01,9.11111111111111,0.7103764736129466,Tsinghua
Russia,2019-05-01,9.11111111111111,0.7103764736129466,Tsinghua
Russia,2019-06-01,9.11111111111111,0.7103764736129466,Tsinghua
Russia,2019-07-01,9.11111111111111,0.7103764736129466,Tsinghua
Russia,2019-08-01,9.222222222222221,1.3369196987870955,Tsinghua
Russia,2019-09-01,9.222222222222221,1.3369196987870955,Tsinghua
Russia,2019-10-01,9.222222222222221,1.3369196987870955,Tsinghua
Russia,2019-11-01,9.222222222222221,1.3369196987870955,Tsinghua
Russia,2019-12-01,9.222222222222221,1.3369196987870955,Tsinghua
South Korea,2002-01-01,4.444444444444445,-0.8692899730492538,Tsinghua
South Korea,2002-02-01,4.444444444444445,-0.8692899730492538,Tsinghua
South Korea,2002-03-01,4.444444444444445,-0.8692899730492538,Tsinghua
South Korea,2002-04-01,4.444444444444445,-0.8692899730492538,Tsinghua
South Korea,2002-05-01,4.555555555555555,-0.777581818388783,Tsinghua
South Korea,2002-06-01,4.555555555555555,-0.777581818388783,Tsinghua
South Korea,2002-07-01,4.555555555555555,-0.777581818388783,Tsinghua
South Korea,2002-08-01,4.555555555555555,-0.777581818388783,Tsinghua
South Korea,2002-09-01,4.555555555555555,-0.777581818388783,Tsinghua
South Korea,2002-10-01,4.555555555555555,-0.777581818388783,Tsinghua
South Korea,2002-11-01,4.555555555555555,-0.777581818388783,Tsinghua
South Korea,2002-12-01,4.555555555555555,-0.777581818388783,Tsinghua
South Korea,2003-01-01,4.555555555555555,-0.777581818388783,Tsinghua
South Korea,2003-02-01,4.666666666666667,-0.6858736637283115,Tsinghua
South Korea,2003-03-01,4.666666666666667,-0.6858736637283115,Tsinghua
South Korea,2003-04-01,4.666666666666667,-0.6858736637283115,Tsinghua
South Korea,2003-05-01,4.666666666666667,-0.6858736637283115,Tsinghua
South Korea,2003-06-01,4.666666666666667,-0.6858736637283115,Tsinghua
South Korea,2003-07-01,4.888888888888889,-0.5024573544073692,Tsinghua
South Korea,2003-08-01,4.888888888888889,-0.5024573544073692,Tsinghua
South Korea,2003-09-01,4.888888888888889,-0.5024573544073692,Tsinghua
South Korea,2003-10-01,5,-0.41074919974689844,Tsinghua
South Korea,2003-11-01,5,-0.41074919974689844,Tsinghua
South Korea,2003-12-01,5,-0.41074919974689844,Tsinghua
South Korea,2004-01-01,5,-0.41074919974689844,Tsinghua
South Korea,2004-02-01,5,-0.41074919974689844,Tsinghua
South Korea,2004-03-01,5.111111111111111,-0.31904104508642767,Tsinghua
South Korea,2004-04-01,5.111111111111111,-0.31904104508642767,Tsinghua
South Korea,2004-05-01,5.111111111111111,-0.31904104508642767,Tsinghua
South Korea,2004-06-01,5.111111111111111,-0.31904104508642767,Tsinghua
South Korea,2004-07-01,5,-0.41074919974689844,Tsinghua
South Korea,2004-08-01,5,-0.41074919974689844,Tsinghua
South Korea,2004-09-01,5,-0.41074919974689844,Tsinghua
South Korea,2004-10-01,5,-0.41074919974689844,Tsinghua
South Korea,2004-11-01,5.111111111111111,-0.31904104508642767,Tsinghua
South Korea,2004-12-01,5.111111111111111,-0.31904104508642767,Tsinghua
South Korea,2005-01-01,5.111111111111111,-0.31904104508642767,Tsinghua
South Korea,2005-02-01,5.111111111111111,-0.31904104508642767,Tsinghua
South Korea,2005-03-01,5.111111111111111,-0.31904104508642767,Tsinghua
South Korea,2005-04-01,5.111111111111111,-0.31904104508642767,Tsinghua
South Korea,2005-05-01,5.222222222222222,-0.22733289042595614,Tsinghua
South Korea,2005-06-01,5.444444444444445,-0.04391658110501386,Tsinghua
South Korea,2005-07-01,5.444444444444445,-0.04391658110501386,Tsinghua
South Korea,2005-08-01,5.555555555555555,0.047791573555456913,Tsinghua
South Korea,2005-09-01,5.555555555555555,0.047791573555456913,Tsinghua
South Korea,2005-10-01,5.555555555555555,0.047791573555456913,Tsinghua
South Korea,2005-11-01,5.888888888888889,0.3229160375368707,Tsinghua
South Korea,2005-12-01,5.888888888888889,0.3229160375368707,Tsinghua
South Korea,2006-01-01,5.888888888888889,0.3229160375368707,Tsinghua
South Korea,2006-02-01,5.888888888888889,0.3229160375368707,Tsinghua
South Korea,2006-03-01,5.888888888888889,0.3229160375368707,Tsinghua
South Korea,2006-04-01,5.888888888888889,0.3229160375368707,Tsinghua
South Korea,2006-05-01,5.888888888888889,0.3229160375368707,Tsinghua
South Korea,2006-06-01,6,0.4146241921973415,Tsinghua
South Korea,2006-07-01,6,0.4146241921973415,Tsinghua
South Korea,2006-08-01,6,0.4146241921973415,Tsinghua
South Korea,2006-09-01,6,0.4146241921973415,Tsinghua
South Korea,2006-10-01,6.111111111111111,0.5063323468578123,Tsinghua
South Korea,2006-11-01,6.111111111111111,0.5063323468578123,Tsinghua
South Korea,2006-12-01,6.111111111111111,0.5063323468578123,Tsinghua
South Korea,2007-01-01,6.111111111111111,0.5063323468578123,Tsinghua
South Korea,2007-02-01,6.111111111111111,0.5063323468578123,Tsinghua
South Korea,2007-03-01,6.111111111111111,0.5063323468578123,Tsinghua
South Korea,2007-04-01,6.222222222222222,0.5980405015182838,Tsinghua
South Korea,2007-05-01,6.222222222222222,0.5980405015182838,Tsinghua
South Korea,2007-06-01,6.222222222222222,0.5980405015182838,Tsinghua
South Korea,2007-07-01,6.222222222222222,0.5980405015182838,Tsinghua
South Korea,2007-08-01,6.222222222222222,0.5980405015182838,Tsinghua
South Korea,2007-09-01,6.333333333333333,0.6897486561787546,Tsinghua
South Korea,2007-10-01,6.444444444444445,0.781456810839226,Tsinghua
South Korea,2007-11-01,6.444444444444445,0.781456810839226,Tsinghua
South Korea,2007-12-01,6.444444444444445,0.781456810839226,Tsinghua
South Korea,2008-01-01,6.555555555555555,0.8731649654996968,Tsinghua
South Korea,2008-02-01,6.555555555555555,0.8731649654996968,Tsinghua
South Korea,2008-03-01,6.555555555555555,0.8731649654996968,Tsinghua
South Korea,2008-04-01,6.555555555555555,0.8731649654996968,Tsinghua
South Korea,2008-05-01,6.666666666666667,0.9648731201601684,Tsinghua
South Korea,2008-06-01,6.666666666666667,0.9648731201601684,Tsinghua
South Korea,2008-07-01,6.666666666666667,0.9648731201601684,Tsinghua
South Korea,2008-08-01,6.777777777777778,1.0565812748206391,Tsinghua
South Korea,2008-09-01,6.777777777777778,1.0565812748206391,Tsinghua
South Korea,2008-10-01,6.777777777777778,1.0565812748206391,Tsinghua
South Korea,2008-11-01,6.777777777777778,1.0565812748206391,Tsinghua
South Korea,2008-12-01,6.777777777777778,1.0565812748206391,Tsinghua
South Korea,2009-01-01,6.777777777777778,1.0565812748206391,Tsinghua
South Korea,2009-02-01,6.777777777777778,1.0565812748206391,Tsinghua
South Korea,2009-03-01,6.777777777777778,1.0565812748206391,Tsinghua
South Korea,2009-04-01,6.777777777777778,1.0565812748206391,Tsinghua
South Korea,2009-05-01,6.777777777777778,1.0565812748206391,Tsinghua
South Korea,2009-06-01,6.777777777777778,1.0565812748206391,Tsinghua
South Korea,2009-07-01,6.777777777777778,1.0565812748206391,Tsinghua
South Korea,2009-08-01,6.777777777777778,1.0565812748206391,Tsinghua
South Korea,2009-09-01,6.777777777777778,1.0565812748206391,Tsinghua
South Korea,2009-10-01,6.777777777777778,1.0565812748206391,Tsinghua
South Korea,2009-11-01,6.777777777777778,1.0565812748206391,Tsinghua
South Korea,2009-12-01,6.777777777777778,1.0565812748206391,Tsinghua
South Korea,2010-01-01,6.777777777777778,1.0565812748206391,Tsinghua
South Korea,2010-02-01,6.777777777777778,1.0565812748206391,Tsinghua
South Korea,2010-03-01,6.777777777777778,1.0565812748206391,Tsinghua
South Korea,2010-04-01,6.777777777777778,1.0565812748206391,Tsinghua
South Korea,2010-05-01,6.888888888888889,1.1482894294811106,Tsinghua
South Korea,2010-06-01,6.888888888888889,1.1482894294811106,Tsinghua
South Korea,2010-07-01,6.777777777777778,1.0565812748206391,Tsinghua
South Korea,2010-08-01,6.777777777777778,1.0565812748206391,Tsinghua
South Korea,2010-09-01,6.777777777777778,1.0565812748206391,Tsinghua
South Korea,2010-10-01,6.777777777777778,1.0565812748206391,Tsinghua
South Korea,2010-11-01,6.666666666666667,0.9648731201601684,Tsinghua
South Korea,2010-12-01,6.555555555555555,0.8731649654996968,Tsinghua
South Korea,2011-01-01,6.555555555555555,0.8731649654996968,Tsinghua
South Korea,2011-02-01,6.555555555555555,0.8731649654996968,Tsinghua
South Korea,2011-03-01,6.555555555555555,0.8731649654996968,Tsinghua
South Korea,2011-04-01,6.666666666666667,0.9648731201601684,Tsinghua
South Korea,2011-05-01,6.666666666666667,0.9648731201601684,Tsinghua
South Korea,2011-06-01,6.666666666666667,0.9648731201601684,Tsinghua
South Korea,2011-07-01,6.777777777777778,1.0565812748206391,Tsinghua
South Korea,2011-08-01,6.777777777777778,1.0565812748206391,Tsinghua
South Korea,2011-09-01,6.777777777777778,1.0565812748206391,Tsinghua
South Korea,2011-10-01,6.777777777777778,1.0565812748206391,Tsinghua
South Korea,2011-11-01,6.777777777777778,1.0565812748206391,Tsinghua
South Korea,2011-12-01,6.777777777777778,1.0565812748206391,Tsinghua
South Korea,2012-01-01,6.888888888888889,1.1482894294811106,Tsinghua
South Korea,2012-02-01,6.888888888888889,1.1482894294811106,Tsinghua
South Korea,2012-03-01,6.888888888888889,1.1482894294811106,Tsinghua
South Korea,2012-04-01,6.888888888888889,1.1482894294811106,Tsinghua
South Korea,2012-05-01,6.888888888888889,1.1482894294811106,Tsinghua
South Korea,2012-06-01,6.888888888888889,1.1482894294811106,Tsinghua
South Korea,2012-07-01,6.888888888888889,1.1482894294811106,Tsinghua
South Korea,2012-08-01,6.888888888888889,1.1482894294811106,Tsinghua
South Korea,2012-09-01,6.888888888888889,1.1482894294811106,Tsinghua
South Korea,2012-10-01,6.777777777777778,1.0565812748206391,Tsinghua
South Korea,2012-11-01,6.777777777777778,1.0565812748206391,Tsinghua
South Korea,2012-12-01,6.777777777777778,1.0565812748206391,Tsinghua
South Korea,2013-01-01,6.777777777777778,1.0565812748206391,Tsinghua
South Korea,2013-02-01,6.777777777777778,1.0565812748206391,Tsinghua
South Korea,2013-03-01,6.777777777777778,1.0565812748206391,Tsinghua
South Korea,2013-04-01,6.777777777777778,1.0565812748206391,Tsinghua
South Korea,2013-05-01,6.777777777777778,1.0565812748206391,Tsinghua
South Korea,2013-06-01,7,1.2399975841415813,Tsinghua
South Korea,2013-07-01,7,1.2399975841415813,Tsinghua
South Korea,2013-08-01,7,1.2399975841415813,Tsinghua
South Korea,2013-09-01,7,1.2399975841415813,Tsinghua
South Korea,2013-10-01,7,1.2399975841415813,Tsinghua
South Korea,2013-11-01,7,1.2399975841415813,Tsinghua
South Korea,2013-12-01,7,1.2399975841415813,Tsinghua
South Korea,2014-01-01,7,1.2399975841415813,Tsinghua
South Korea,2014-02-01,7,1.2399975841415813,Tsinghua
South Korea,2014-03-01,7,1.2399975841415813,Tsinghua
South Korea,2014-04-01,7,1.2399975841415813,Tsinghua
South Korea,2014-05-01,7,1.2399975841415813,Tsinghua
South Korea,2014-06-01,7,1.2399975841415813,Tsinghua
South Korea,2014-07-01,7.111111111111111,1.3317057388020521,Tsinghua
South Korea,2014-08-01,7.111111111111111,1.3317057388020521,Tsinghua
South Korea,2014-09-01,7.111111111111111,1.3317057388020521,Tsinghua
South Korea,2014-10-01,7,1.2399975841415813,Tsinghua
South Korea,2014-11-01,7,1.2399975841415813,Tsinghua
South Korea,2014-12-01,7,1.2399975841415813,Tsinghua
South Korea,2015-01-01,7,1.2399975841415813,Tsinghua
South Korea,2015-02-01,7,1.2399975841415813,Tsinghua
South Korea,2015-03-01,7,1.2399975841415813,Tsinghua
South Korea,2015-04-01,7,1.2399975841415813,Tsinghua
South Korea,2015-05-01,7,1.2399975841415813,Tsinghua
South Korea,2015-06-01,7.111111111111111,1.3317057388020521,Tsinghua
South Korea,2015-07-01,7.111111111111111,1.3317057388020521,Tsinghua
South Korea,2015-08-01,7.111111111111111,1.3317057388020521,Tsinghua
South Korea,2015-09-01,7.111111111111111,1.3317057388020521,Tsinghua
South Korea,2015-10-01,7.222222222222222,1.4234138934625238,Tsinghua
South Korea,2015-11-01,7.222222222222222,1.4234138934625238,Tsinghua
South Korea,2015-12-01,7.222222222222222,1.4234138934625238,Tsinghua
South Korea,2016-01-01,7.222222222222222,1.4234138934625238,Tsinghua
South Korea,2016-02-01,7.111111111111111,1.3317057388020521,Tsinghua
South Korea,2016-03-01,7,1.2399975841415813,Tsinghua
South Korea,2016-04-01,7,1.2399975841415813,Tsinghua
South Korea,2016-05-01,7,1.2399975841415813,Tsinghua
South Korea,2016-06-01,7.111111111111111,1.3317057388020521,Tsinghua
South Korea,2016-07-01,6.666666666666667,0.9648731201601684,Tsinghua
South Korea,2016-08-01,6.666666666666667,0.9648731201601684,Tsinghua
South Korea,2016-09-01,6.444444444444445,0.781456810839226,Tsinghua
South Korea,2016-10-01,6.222222222222222,0.5980405015182838,Tsinghua
South Korea,2016-11-01,5.555555555555555,0.047791573555456913,Tsinghua
South Korea,2016-12-01,5.333333333333333,-0.13562473576548537,Tsinghua
South Korea,2017-01-01,5.111111111111111,-0.31904104508642767,Tsinghua
South Korea,2017-02-01,4.777777777777778,-0.5941655090678407,Tsinghua
South Korea,2017-03-01,4.333333333333333,-0.9609981277097253,Tsinghua
South Korea,2017-04-01,4.111111111111111,-1.1444144370306675,Tsinghua
South Korea,2017-05-01,4.111111111111111,-1.1444144370306675,Tsinghua
South Korea,2017-06-01,4.111111111111111,-1.1444144370306675,Tsinghua
South Korea,2017-07-01,4,-1.2361225916911383,Tsinghua
South Korea,2017-08-01,3.888888888888889,-1.3278307463516095,Tsinghua
South Korea,2017-09-01,3.6666666666666665,-1.5112470556725517,Tsinghua
South Korea,2017-10-01,3.6666666666666665,-1.5112470556725517,Tsinghua
South Korea,2017-11-01,3.7777777777777777,-1.4195389010120807,Tsinghua
South Korea,2017-12-01,3.888888888888889,-1.3278307463516095,Tsinghua
South Korea,2018-01-01,3.888888888888889,-1.3278307463516095,Tsinghua
South Korea,2018-02-01,3.888888888888889,-1.3278307463516095,Tsinghua
South Korea,2018-03-01,4.111111111111111,-1.1444144370306675,Tsinghua
South Korea,2018-04-01,4.111111111111111,-1.1444144370306675,Tsinghua
South Korea,2018-05-01,4.222222222222222,-1.052706282370196,Tsinghua
South Korea,2018-06-01,4.222222222222222,-1.052706282370196,Tsinghua
South Korea,2018-07-01,4.222222222222222,-1.052706282370196,Tsinghua
South Korea,2018-08-01,4.222222222222222,-1.052706282370196,Tsinghua
South Korea,2018-09-01,4.333333333333333,-0.9609981277097253,Tsinghua
South Korea,2018-10-01,4.333333333333333,-0.9609981277097253,Tsinghua
South Korea,2018-11-01,4.333333333333333,-0.9609981277097253,Tsinghua
South Korea,2018-12-01,4.333333333333333,-0.9609981277097253,Tsinghua
South Korea,2019-01-01,4.333333333333333,-0.9609981277097253,Tsinghua
South Korea,2019-02-01,4.333333333333333,-0.9609981277097253,Tsinghua
South Korea,2019-03-01,4.333333333333333,-0.9609981277097253,Tsinghua
South Korea,2019-04-01,4.333333333333333,-0.9609981277097253,Tsinghua
South Korea,2019-05-01,4.333333333333333,-0.9609981277097253,Tsinghua
South Korea,2019-06-01,4.333333333333333,-0.9609981277097253,Tsinghua
South Korea,2019-07-01,4.333333333333333,-0.9609981277097253,Tsinghua
South Korea,2019-08-01,4.333333333333333,-0.9609981277097253,Tsinghua
South Korea,2019-09-01,4.333333333333333,-0.9609981277097253,Tsinghua
South Korea,2019-10-01,4.333333333333333,-0.9609981277097253,Tsinghua
South Korea,2019-11-01,4.333333333333333,-0.9609981277097253,Tsinghua
South Korea,2019-12-01,4.555555555555555,-0.777581818388783,Tsinghua
United Kingdom,2002-01-01,4.222222222222222,0.12281294829587777,Tsinghua
United Kingdom,2002-02-01,4.222222222222222,0.12281294829587777,Tsinghua
United Kingdom,2002-03-01,4.222222222222222,0.12281294829587777,Tsinghua
United Kingdom,2002-04-01,4.222222222222222,0.12281294829587777,Tsinghua
United Kingdom,2002-05-01,4.444444444444445,0.1909357555537475,Tsinghua
United Kingdom,2002-06-01,4.444444444444445,0.1909357555537475,Tsinghua
United Kingdom,2002-07-01,4.444444444444445,0.1909357555537475,Tsinghua
United Kingdom,2002-08-01,4.444444444444445,0.1909357555537475,Tsinghua
United Kingdom,2002-09-01,4.444444444444445,0.1909357555537475,Tsinghua
United Kingdom,2002-10-01,4.444444444444445,0.1909357555537475,Tsinghua
United Kingdom,2002-11-01,4.444444444444445,0.1909357555537475,Tsinghua
United Kingdom,2002-12-01,4.444444444444445,0.1909357555537475,Tsinghua
United Kingdom,2003-01-01,4.444444444444445,0.1909357555537475,Tsinghua
United Kingdom,2003-02-01,4.444444444444445,0.1909357555537475,Tsinghua
United Kingdom,2003-03-01,4.555555555555555,0.22499715918268223,Tsinghua
United Kingdom,2003-04-01,4.555555555555555,0.22499715918268223,Tsinghua
United Kingdom,2003-05-01,4.555555555555555,0.22499715918268223,Tsinghua
United Kingdom,2003-06-01,4.555555555555555,0.22499715918268223,Tsinghua
United Kingdom,2003-07-01,4.666666666666667,0.2590585628116172,Tsinghua
United Kingdom,2003-08-01,4.666666666666667,0.2590585628116172,Tsinghua
United Kingdom,2003-09-01,4.666666666666667,0.2590585628116172,Tsinghua
United Kingdom,2003-10-01,4.666666666666667,0.2590585628116172,Tsinghua
United Kingdom,2003-11-01,4.777777777777778,0.29311996644055194,Tsinghua
United Kingdom,2003-12-01,4.777777777777778,0.29311996644055194,Tsinghua
United Kingdom,2004-01-01,4.777777777777778,0.29311996644055194,Tsinghua
United Kingdom,2004-02-01,4.555555555555555,0.22499715918268223,Tsinghua
United Kingdom,2004-03-01,4.555555555555555,0.22499715918268223,Tsinghua
United Kingdom,2004-04-01,4.333333333333333,0.1568743519248125,Tsinghua
United Kingdom,2004-05-01,5.111111111111111,0.3953041773273564,Tsinghua
United Kingdom,2004-06-01,5.222222222222222,0.4293655809562914,Tsinghua
United Kingdom,2004-07-01,5,0.36124277369842167,Tsinghua
United Kingdom,2004-08-01,5,0.36124277369842167,Tsinghua
United Kingdom,2004-09-01,5,0.36124277369842167,Tsinghua
United Kingdom,2004-10-01,5,0.36124277369842167,Tsinghua
United Kingdom,2004-11-01,5.111111111111111,0.3953041773273564,Tsinghua
United Kingdom,2004-12-01,5.111111111111111,0.3953041773273564,Tsinghua
United Kingdom,2005-01-01,5.111111111111111,0.3953041773273564,Tsinghua
United Kingdom,2005-02-01,5.111111111111111,0.3953041773273564,Tsinghua
United Kingdom,2005-03-01,5.111111111111111,0.3953041773273564,Tsinghua
United Kingdom,2005-04-01,5.111111111111111,0.3953041773273564,Tsinghua
United Kingdom,2005-05-01,5.111111111111111,0.3953041773273564,Tsinghua
United Kingdom,2005-06-01,5.111111111111111,0.3953041773273564,Tsinghua
United Kingdom,2005-07-01,5.111111111111111,0.3953041773273564,Tsinghua
United Kingdom,2005-08-01,5.111111111111111,0.3953041773273564,Tsinghua
United Kingdom,2005-09-01,5.222222222222222,0.4293655809562914,Tsinghua
United Kingdom,2005-10-01,5.222222222222222,0.4293655809562914,Tsinghua
United Kingdom,2005-11-01,5.333333333333333,0.46342698458522613,Tsinghua
United Kingdom,2005-12-01,5.333333333333333,0.46342698458522613,Tsinghua
United Kingdom,2006-01-01,5.333333333333333,0.46342698458522613,Tsinghua
United Kingdom,2006-02-01,5.333333333333333,0.46342698458522613,Tsinghua
United Kingdom,2006-03-01,5.333333333333333,0.46342698458522613,Tsinghua
United Kingdom,2006-04-01,5.333333333333333,0.46342698458522613,Tsinghua
United Kingdom,2006-05-01,5.333333333333333,0.46342698458522613,Tsinghua
United Kingdom,2006-06-01,5.333333333333333,0.46342698458522613,Tsinghua
United Kingdom,2006-07-01,5.333333333333333,0.46342698458522613,Tsinghua
United Kingdom,2006-08-01,5.333333333333333,0.46342698458522613,Tsinghua
United Kingdom,2006-09-01,5.444444444444445,0.49748838821416114,Tsinghua
United Kingdom,2006-10-01,5.555555555555555,0.5315497918430958,Tsinghua
United Kingdom,2006-11-01,5.555555555555555,0.5315497918430958,Tsinghua
United Kingdom,2006-12-01,5.555555555555555,0.5315497918430958,Tsinghua
United Kingdom,2007-01-01,5.555555555555555,0.5315497918430958,Tsinghua
United Kingdom,2007-02-01,5.555555555555555,0.5315497918430958,Tsinghua
United Kingdom,2007-03-01,5.555555555555555,0.5315497918430958,Tsinghua
United Kingdom,2007-04-01,5.555555555555555,0.5315497918430958,Tsinghua
United Kingdom,2007-05-01,5.555555555555555,0.5315497918430958,Tsinghua
United Kingdom,2007-06-01,5.555555555555555,0.5315497918430958,Tsinghua
United Kingdom,2007-07-01,5.555555555555555,0.5315497918430958,Tsinghua
United Kingdom,2007-08-01,5.555555555555555,0.5315497918430958,Tsinghua
United Kingdom,2007-09-01,5.666666666666667,0.5656111954720309,Tsinghua
United Kingdom,2007-10-01,5.666666666666667,0.5656111954720309,Tsinghua
United Kingdom,2007-11-01,5.666666666666667,0.5656111954720309,Tsinghua
United Kingdom,2007-12-01,5.666666666666667,0.5656111954720309,Tsinghua
United Kingdom,2008-01-01,5.888888888888889,0.6337340027299005,Tsinghua
United Kingdom,2008-02-01,6,0.6677954063588353,Tsinghua
United Kingdom,2008-03-01,6,0.6677954063588353,Tsinghua
United Kingdom,2008-04-01,6,0.6677954063588353,Tsinghua
United Kingdom,2008-05-01,5.888888888888889,0.6337340027299005,Tsinghua
United Kingdom,2008-06-01,5.888888888888889,0.6337340027299005,Tsinghua
United Kingdom,2008-07-01,5.888888888888889,0.6337340027299005,Tsinghua
United Kingdom,2008-08-01,5.888888888888889,0.6337340027299005,Tsinghua
United Kingdom,2008-09-01,5.888888888888889,0.6337340027299005,Tsinghua
United Kingdom,2008-10-01,5.888888888888889,0.6337340027299005,Tsinghua
United Kingdom,2008-11-01,6,0.6677954063588353,Tsinghua
United Kingdom,2008-12-01,6,0.6677954063588353,Tsinghua
United Kingdom,2009-01-01,6.222222222222222,0.7359182136167051,Tsinghua
United Kingdom,2009-02-01,6.222222222222222,0.7359182136167051,Tsinghua
United Kingdom,2009-03-01,6.222222222222222,0.7359182136167051,Tsinghua
United Kingdom,2009-04-01,6.222222222222222,0.7359182136167051,Tsinghua
United Kingdom,2009-05-01,6.222222222222222,0.7359182136167051,Tsinghua
United Kingdom,2009-06-01,6.222222222222222,0.7359182136167051,Tsinghua
United Kingdom,2009-07-01,6.222222222222222,0.7359182136167051,Tsinghua
United Kingdom,2009-08-01,6.222222222222222,0.7359182136167051,Tsinghua
United Kingdom,2009-09-01,6.222222222222222,0.7359182136167051,Tsinghua
United Kingdom,2009-10-01,6.222222222222222,0.7359182136167051,Tsinghua
United Kingdom,2009-11-01,6.222222222222222,0.7359182136167051,Tsinghua
United Kingdom,2009-12-01,6,0.6677954063588353,Tsinghua
United Kingdom,2010-01-01,6,0.6677954063588353,Tsinghua
United Kingdom,2010-02-01,6,0.6677954063588353,Tsinghua
United Kingdom,2010-03-01,6,0.6677954063588353,Tsinghua
United Kingdom,2010-04-01,6,0.6677954063588353,Tsinghua
United Kingdom,2010-05-01,6,0.6677954063588353,Tsinghua
United Kingdom,2010-06-01,6,0.6677954063588353,Tsinghua
United Kingdom,2010-07-01,6,0.6677954063588353,Tsinghua
United Kingdom,2010-08-01,6,0.6677954063588353,Tsinghua
United Kingdom,2010-09-01,6,0.6677954063588353,Tsinghua
United Kingdom,2010-10-01,6,0.6677954063588353,Tsinghua
United Kingdom,2010-11-01,6.111111111111111,0.70185680998777,Tsinghua
United Kingdom,2010-12-01,6.111111111111111,0.70185680998777,Tsinghua
United Kingdom,2011-01-01,6.111111111111111,0.70185680998777,Tsinghua
United Kingdom,2011-02-01,6.111111111111111,0.70185680998777,Tsinghua
United Kingdom,2011-03-01,6.111111111111111,0.70185680998777,Tsinghua
United Kingdom,2011-04-01,6.111111111111111,0.70185680998777,Tsinghua
United Kingdom,2011-05-01,6.111111111111111,0.70185680998777,Tsinghua
United Kingdom,2011-06-01,6.222222222222222,0.7359182136167051,Tsinghua
United Kingdom,2011-07-01,6.222222222222222,0.7359182136167051,Tsinghua
United Kingdom,2011-08-01,6.222222222222222,0.7359182136167051,Tsinghua
United Kingdom,2011-09-01,6.333333333333333,0.7699796172456398,Tsinghua
United Kingdom,2011-10-01,6.333333333333333,0.7699796172456398,Tsinghua
United Kingdom,2011-11-01,6.333333333333333,0.7699796172456398,Tsinghua
United Kingdom,2011-12-01,6.333333333333333,0.7699796172456398,Tsinghua
United Kingdom,2012-01-01,6.333333333333333,0.7699796172456398,Tsinghua
United Kingdom,2012-02-01,6.333333333333333,0.7699796172456398,Tsinghua
United Kingdom,2012-03-01,6.333333333333333,0.7699796172456398,Tsinghua
United Kingdom,2012-04-01,6.333333333333333,0.7699796172456398,Tsinghua
United Kingdom,2012-05-01,6.222222222222222,0.7359182136167051,Tsinghua
United Kingdom,2012-06-01,6.222222222222222,0.7359182136167051,Tsinghua
United Kingdom,2012-07-01,6.222222222222222,0.7359182136167051,Tsinghua
United Kingdom,2012-08-01,6.222222222222222,0.7359182136167051,Tsinghua
United Kingdom,2012-09-01,6.222222222222222,0.7359182136167051,Tsinghua
United Kingdom,2012-10-01,6.222222222222222,0.7359182136167051,Tsinghua
United Kingdom,2012-11-01,6.222222222222222,0.7359182136167051,Tsinghua
United Kingdom,2012-12-01,6.111111111111111,0.70185680998777,Tsinghua
United Kingdom,2013-01-01,6.111111111111111,0.70185680998777,Tsinghua
United Kingdom,2013-02-01,6.111111111111111,0.70185680998777,Tsinghua
United Kingdom,2013-03-01,6.111111111111111,0.70185680998777,Tsinghua
United Kingdom,2013-04-01,5.777777777777778,0.5996725991009656,Tsinghua
United Kingdom,2013-05-01,5.777777777777778,0.5996725991009656,Tsinghua
United Kingdom,2013-06-01,5.777777777777778,0.5996725991009656,Tsinghua
United Kingdom,2013-07-01,5.777777777777778,0.5996725991009656,Tsinghua
United Kingdom,2013-08-01,5.777777777777778,0.5996725991009656,Tsinghua
United Kingdom,2013-09-01,5.666666666666667,0.5656111954720309,Tsinghua
United Kingdom,2013-10-01,5.666666666666667,0.5656111954720309,Tsinghua
United Kingdom,2013-11-01,5.666666666666667,0.5656111954720309,Tsinghua
United Kingdom,2013-12-01,5.777777777777778,0.5996725991009656,Tsinghua
United Kingdom,2014-01-01,5.777777777777778,0.5996725991009656,Tsinghua
United Kingdom,2014-02-01,5.777777777777778,0.5996725991009656,Tsinghua
United Kingdom,2014-03-01,5.777777777777778,0.5996725991009656,Tsinghua
United Kingdom,2014-04-01,5.777777777777778,0.5996725991009656,Tsinghua
United Kingdom,2014-05-01,5.777777777777778,0.5996725991009656,Tsinghua
United Kingdom,2014-06-01,5.888888888888889,0.6337340027299005,Tsinghua
United Kingdom,2014-07-01,5.444444444444445,0.49748838821416114,Tsinghua
United Kingdom,2014-08-01,5.444444444444445,0.49748838821416114,Tsinghua
United Kingdom,2014-09-01,5.444444444444445,0.49748838821416114,Tsinghua
United Kingdom,2014-10-01,5.444444444444445,0.49748838821416114,Tsinghua
United Kingdom,2014-11-01,5.444444444444445,0.49748838821416114,Tsinghua
United Kingdom,2014-12-01,5.444444444444445,0.49748838821416114,Tsinghua
United Kingdom,2015-01-01,5.555555555555555,0.5315497918430958,Tsinghua
United Kingdom,2015-02-01,5.444444444444445,0.49748838821416114,Tsinghua
United Kingdom,2015-03-01,5.444444444444445,0.49748838821416114,Tsinghua
United Kingdom,2015-04-01,5.444444444444445,0.49748838821416114,Tsinghua
United Kingdom,2015-05-01,5.444444444444445,0.49748838821416114,Tsinghua
United Kingdom,2015-06-01,5.444444444444445,0.49748838821416114,Tsinghua
United Kingdom,2015-07-01,5.444444444444445,0.49748838821416114,Tsinghua
United Kingdom,2015-08-01,5.444444444444445,0.49748838821416114,Tsinghua
United Kingdom,2015-09-01,5.555555555555555,0.5315497918430958,Tsinghua
United Kingdom,2015-10-01,5.666666666666667,0.5656111954720309,Tsinghua
United Kingdom,2015-11-01,5.666666666666667,0.5656111954720309,Tsinghua
United Kingdom,2015-12-01,5.666666666666667,0.5656111954720309,Tsinghua
United Kingdom,2016-01-01,5.666666666666667,0.5656111954720309,Tsinghua
United Kingdom,2016-02-01,5.666666666666667,0.5656111954720309,Tsinghua
United Kingdom,2016-03-01,5.666666666666667,0.5656111954720309,Tsinghua
United Kingdom,2016-04-01,5.666666666666667,0.5656111954720309,Tsinghua
United Kingdom,2016-05-01,5.666666666666667,0.5656111954720309,Tsinghua
United Kingdom,2016-06-01,5.666666666666667,0.5656111954720309,Tsinghua
United Kingdom,2016-07-01,5.666666666666667,0.5656111954720309,Tsinghua
United Kingdom,2016-08-01,5.666666666666667,0.5656111954720309,Tsinghua
United Kingdom,2016-09-01,5.666666666666667,0.5656111954720309,Tsinghua
United Kingdom,2016-10-01,5.666666666666667,0.5656111954720309,Tsinghua
United Kingdom,2016-11-01,5.666666666666667,0.5656111954720309,Tsinghua
United Kingdom,2016-12-01,5.666666666666667,0.5656111954720309,Tsinghua
United Kingdom,2017-01-01,5.666666666666667,0.5656111954720309,Tsinghua
United Kingdom,2017-02-01,5.666666666666667,0.5656111954720309,Tsinghua
United Kingdom,2017-03-01,5.666666666666667,0.5656111954720309,Tsinghua
United Kingdom,2017-04-01,5.666666666666667,0.5656111954720309,Tsinghua
United Kingdom,2017-05-01,5.666666666666667,0.5656111954720309,Tsinghua
United Kingdom,2017-06-01,5.666666666666667,0.5656111954720309,Tsinghua
United Kingdom,2017-07-01,5.666666666666667,0.5656111954720309,Tsinghua
United Kingdom,2017-08-01,5.666666666666667,0.5656111954720309,Tsinghua
United Kingdom,2017-09-01,5.666666666666667,0.5656111954720309,Tsinghua
United Kingdom,2017-10-01,5.666666666666667,0.5656111954720309,Tsinghua
United Kingdom,2017-11-01,5.666666666666667,0.5656111954720309,Tsinghua
United Kingdom,2017-12-01,5.777777777777778,0.5996725991009656,Tsinghua
United Kingdom,2018-01-01,5.888888888888889,0.6337340027299005,Tsinghua
United Kingdom,2018-02-01,5.888888888888889,0.6337340027299005,Tsinghua
United Kingdom,2018-03-01,5.888888888888889,0.6337340027299005,Tsinghua
United Kingdom,2018-04-01,5.888888888888889,0.6337340027299005,Tsinghua
United Kingdom,2018-05-01,5.888888888888889,0.6337340027299005,Tsinghua
United Kingdom,2018-06-01,5.777777777777778,0.5996725991009656,Tsinghua
United Kingdom,2018-07-01,5.777777777777778,0.5996725991009656,Tsinghua
United Kingdom,2018-08-01,5.777777777777778,0.5996725991009656,Tsinghua
United Kingdom,2018-09-01,5.333333333333333,0.46342698458522613,Tsinghua
United Kingdom,2018-10-01,5.222222222222222,0.4293655809562914,Tsinghua
United Kingdom,2018-11-01,5.222222222222222,0.4293655809562914,Tsinghua
United Kingdom,2018-12-01,5.111111111111111,0.3953041773273564,Tsinghua
United Kingdom,2019-01-01,5.111111111111111,0.3953041773273564,Tsinghua
United Kingdom,2019-02-01,5,0.36124277369842167,Tsinghua
United Kingdom,2019-03-01,5,0.36124277369842167,Tsinghua
United Kingdom,2019-04-01,4.888888888888889,0.32718137006948694,Tsinghua
United Kingdom,2019-05-01,4.888888888888889,0.32718137006948694,Tsinghua
United Kingdom,2019-06-01,4.777777777777778,0.29311996644055194,Tsinghua
United Kingdom,2019-07-01,4.222222222222222,0.12281294829587777,Tsinghua
United Kingdom,2019-08-01,4.111111111111111,0.08875154466694277,Tsinghua
United Kingdom,2019-09-01,4.111111111111111,0.08875154466694277,Tsinghua
United Kingdom,2019-10-01,4.111111111111111,0.08875154466694277,Tsinghua
United Kingdom,2019-11-01,3.888888888888889,0.020628737409073176,Tsinghua
United Kingdom,2019-12-01,3.888888888888889,0.020628737409073176,Tsinghua
United States,2002-01-01,0,0.39056676874302143,Tsinghua
United States,2002-02-01,0.2222222222222222,0.44640415224315644,Tsinghua
United States,2002-03-01,-0.3333333333333333,0.30681069349281903,Tsinghua
United States,2002-04-01,-0.2222222222222222,0.3347293852428865,Tsinghua
United States,2002-05-01,-0.3333333333333333,0.30681069349281903,Tsinghua
United States,2002-06-01,-0.1111111111111111,0.3626480769929539,Tsinghua
United States,2002-07-01,-0.2222222222222222,0.3347293852428865,Tsinghua
United States,2002-08-01,-0.2222222222222222,0.3347293852428865,Tsinghua
United States,2002-09-01,-0.1111111111111111,0.3626480769929539,Tsinghua
United States,2002-10-01,-0.1111111111111111,0.3626480769929539,Tsinghua
United States,2002-11-01,-0.1111111111111111,0.3626480769929539,Tsinghua
United States,2002-12-01,0,0.39056676874302143,Tsinghua
United States,2003-01-01,0.2222222222222222,0.44640415224315644,Tsinghua
United States,2003-02-01,0.5555555555555556,0.5301602274933589,Tsinghua
United States,2003-03-01,0.5555555555555556,0.5301602274933589,Tsinghua
United States,2003-04-01,0.6666666666666666,0.5580789192434262,Tsinghua
United States,2003-05-01,0.4444444444444444,0.5022415357432913,Tsinghua
United States,2003-06-01,0.3333333333333333,0.47432284399322383,Tsinghua
United States,2003-07-01,0.5555555555555556,0.5301602274933589,Tsinghua
United States,2003-08-01,0.5555555555555556,0.5301602274933589,Tsinghua
United States,2003-09-01,0.5555555555555556,0.5301602274933589,Tsinghua
United States,2003-10-01,0.8888888888888888,0.6139163027435612,Tsinghua
United States,2003-11-01,0.8888888888888888,0.6139163027435612,Tsinghua
United States,2003-12-01,1.4444444444444444,0.7535097614938986,Tsinghua
United States,2004-01-01,1.4444444444444444,0.7535097614938986,Tsinghua
United States,2004-02-01,1.5555555555555556,0.7814284532439661,Tsinghua
United States,2004-03-01,1.3333333333333333,0.7255910697438311,Tsinghua
United States,2004-04-01,1.3333333333333333,0.7255910697438311,Tsinghua
United States,2004-05-01,0.8888888888888888,0.6139163027435612,Tsinghua
United States,2004-06-01,0.7777777777777778,0.5859976109934938,Tsinghua
United States,2004-07-01,0.6666666666666666,0.5580789192434262,Tsinghua
United States,2004-08-01,0.6666666666666666,0.5580789192434262,Tsinghua
United States,2004-09-01,0.6666666666666666,0.5580789192434262,Tsinghua
United States,2004-10-01,0.5555555555555556,0.5301602274933589,Tsinghua
United States,2004-11-01,0.8888888888888888,0.6139163027435612,Tsinghua
United States,2004-12-01,0.7777777777777778,0.5859976109934938,Tsinghua
United States,2005-01-01,0.7777777777777778,0.5859976109934938,Tsinghua
United States,2005-02-01,0.2222222222222222,0.44640415224315644,Tsinghua
United States,2005-03-01,0.2222222222222222,0.44640415224315644,Tsinghua
United States,2005-04-01,0.2222222222222222,0.44640415224315644,Tsinghua
United States,2005-05-01,0.2222222222222222,0.44640415224315644,Tsinghua
United States,2005-06-01,0.2222222222222222,0.44640415224315644,Tsinghua
United States,2005-07-01,0.3333333333333333,0.47432284399322383,Tsinghua
United States,2005-08-01,0.5555555555555556,0.5301602274933589,Tsinghua
United States,2005-09-01,0.6666666666666666,0.5580789192434262,Tsinghua
United States,2005-10-01,0.6666666666666666,0.5580789192434262,Tsinghua
United States,2005-11-01,0.7777777777777778,0.5859976109934938,Tsinghua
United States,2005-12-01,0.6666666666666666,0.5580789192434262,Tsinghua
United States,2006-01-01,0.7777777777777778,0.5859976109934938,Tsinghua
United States,2006-02-01,0.7777777777777778,0.5859976109934938,Tsinghua
United States,2006-03-01,0.7777777777777778,0.5859976109934938,Tsinghua
United States,2006-04-01,1.2222222222222223,0.6976723779937637,Tsinghua
United States,2006-05-01,1.2222222222222223,0.6976723779937637,Tsinghua
United States,2006-06-01,1.1111111111111112,0.6697536862436962,Tsinghua
United States,2006-07-01,1.4444444444444444,0.7535097614938986,Tsinghua
United States,2006-08-01,1.6666666666666667,0.8093471449940336,Tsinghua
United States,2006-09-01,1.6666666666666667,0.8093471449940336,Tsinghua
United States,2006-10-01,1.8888888888888888,0.8651845284941685,Tsinghua
United States,2006-11-01,2.111111111111111,0.9210219119943035,Tsinghua
United States,2006-12-01,2.2222222222222223,0.948940603744371,Tsinghua
United States,2007-01-01,2.111111111111111,0.9210219119943035,Tsinghua
United States,2007-02-01,2.111111111111111,0.9210219119943035,Tsinghua
United States,2007-03-01,2,0.893103220244236,Tsinghua
United States,2007-04-01,2,0.893103220244236,Tsinghua
United States,2007-05-01,2,0.893103220244236,Tsinghua
United States,2007-06-01,1.7777777777777777,0.837265836744101,Tsinghua
United States,2007-07-01,1.4444444444444444,0.7535097614938986,Tsinghua
United States,2007-08-01,1.5555555555555556,0.7814284532439661,Tsinghua
United States,2007-09-01,1.5555555555555556,0.7814284532439661,Tsinghua
United States,2007-10-01,1.3333333333333333,0.7255910697438311,Tsinghua
United States,2007-11-01,1.3333333333333333,0.7255910697438311,Tsinghua
United States,2007-12-01,1.5555555555555556,0.7814284532439661,Tsinghua
United States,2008-01-01,1.5555555555555556,0.7814284532439661,Tsinghua
United States,2008-02-01,1.4444444444444444,0.7535097614938986,Tsinghua
United States,2008-03-01,1.1111111111111112,0.6697536862436962,Tsinghua
United States,2008-04-01,0.7777777777777778,0.5859976109934938,Tsinghua
United States,2008-05-01,1,0.6418349944936287,Tsinghua
United States,2008-06-01,1.1111111111111112,0.6697536862436962,Tsinghua
United States,2008-07-01,1.1111111111111112,0.6697536862436962,Tsinghua
United States,2008-08-01,1.2222222222222223,0.6976723779937637,Tsinghua
United States,2008-09-01,1.1111111111111112,0.6697536862436962,Tsinghua
United States,2008-10-01,0.7777777777777778,0.5859976109934938,Tsinghua
United States,2008-11-01,0.8888888888888888,0.6139163027435612,Tsinghua
United States,2008-12-01,1.1111111111111112,0.6697536862436962,Tsinghua
United States,2009-01-01,1.2222222222222223,0.6976723779937637,Tsinghua
United States,2009-02-01,1.1111111111111112,0.6697536862436962,Tsinghua
United States,2009-03-01,0.6666666666666666,0.5580789192434262,Tsinghua
United States,2009-04-01,0.5555555555555556,0.5301602274933589,Tsinghua
United States,2009-05-01,0.4444444444444444,0.5022415357432913,Tsinghua
United States,2009-06-01,0.8888888888888888,0.6139163027435612,Tsinghua
United States,2009-07-01,1.3333333333333333,0.7255910697438311,Tsinghua
United States,2009-08-01,1.3333333333333333,0.7255910697438311,Tsinghua
United States,2009-09-01,1.3333333333333333,0.7255910697438311,Tsinghua
United States,2009-10-01,1.3333333333333333,0.7255910697438311,Tsinghua
United States,2009-11-01,1.7777777777777777,0.837265836744101,Tsinghua
United States,2009-12-01,1.8888888888888888,0.8651845284941685,Tsinghua
United States,2010-01-01,1.2222222222222223,0.6976723779937637,Tsinghua
United States,2010-02-01,1,0.6418349944936287,Tsinghua
United States,2010-03-01,0.8888888888888888,0.6139163027435612,Tsinghua
United States,2010-04-01,1.1111111111111112,0.6697536862436962,Tsinghua
United States,2010-05-01,1.3333333333333333,0.7255910697438311,Tsinghua
United States,2010-06-01,1.2222222222222223,0.6976723779937637,Tsinghua
United States,2010-07-01,1.1111111111111112,0.6697536862436962,Tsinghua
United States,2010-08-01,1.1111111111111112,0.6697536862436962,Tsinghua
United States,2010-09-01,1.2222222222222223,0.6976723779937637,Tsinghua
United States,2010-10-01,1.2222222222222223,0.6976723779937637,Tsinghua
United States,2010-11-01,1.3333333333333333,0.7255910697438311,Tsinghua
United States,2010-12-01,1.3333333333333333,0.7255910697438311,Tsinghua
United States,2011-01-01,2.2222222222222223,0.948940603744371,Tsinghua
United States,2011-02-01,2.2222222222222223,0.948940603744371,Tsinghua
United States,2011-03-01,2.2222222222222223,0.948940603744371,Tsinghua
United States,2011-04-01,2.2222222222222223,0.948940603744371,Tsinghua
United States,2011-05-01,2.2222222222222223,0.948940603744371,Tsinghua
United States,2011-06-01,2.3333333333333335,0.9768592954944385,Tsinghua
United States,2011-07-01,2.3333333333333335,0.9768592954944385,Tsinghua
United States,2011-08-01,2.3333333333333335,0.9768592954944385,Tsinghua
United States,2011-09-01,2,0.893103220244236,Tsinghua
United States,2011-10-01,2,0.893103220244236,Tsinghua
United States,2011-11-01,2.111111111111111,0.9210219119943035,Tsinghua
United States,2011-12-01,2.111111111111111,0.9210219119943035,Tsinghua
United States,2012-01-01,2.111111111111111,0.9210219119943035,Tsinghua
United States,2012-02-01,2.111111111111111,0.9210219119943035,Tsinghua
United States,2012-03-01,2.111111111111111,0.9210219119943035,Tsinghua
United States,2012-04-01,2,0.893103220244236,Tsinghua
United States,2012-05-01,1.8888888888888888,0.8651845284941685,Tsinghua
United States,2012-06-01,2,0.893103220244236,Tsinghua
United States,2012-07-01,2,0.893103220244236,Tsinghua
United States,2012-08-01,1.7777777777777777,0.837265836744101,Tsinghua
United States,2012-09-01,1.8888888888888888,0.8651845284941685,Tsinghua
United States,2012-10-01,1.8888888888888888,0.8651845284941685,Tsinghua
United States,2012-11-01,1.8888888888888888,0.8651845284941685,Tsinghua
United States,2012-12-01,1.8888888888888888,0.8651845284941685,Tsinghua
United States,2013-01-01,1.8888888888888888,0.8651845284941685,Tsinghua
United States,2013-02-01,1.8888888888888888,0.8651845284941685,Tsinghua
United States,2013-03-01,2,0.893103220244236,Tsinghua
United States,2013-04-01,2.2222222222222223,0.948940603744371,Tsinghua
United States,2013-05-01,2.2222222222222223,0.948940603744371,Tsinghua
United States,2013-06-01,2.3333333333333335,0.9768592954944385,Tsinghua
United States,2013-07-01,2.3333333333333335,0.9768592954944385,Tsinghua
United States,2013-08-01,2.4444444444444446,1.004777987244506,Tsinghua
United States,2013-09-01,2.5555555555555554,1.0326966789945733,Tsinghua
United States,2013-10-01,2.5555555555555554,1.0326966789945733,Tsinghua
United States,2013-11-01,2.5555555555555554,1.0326966789945733,Tsinghua
United States,2013-12-01,2.5555555555555554,1.0326966789945733,Tsinghua
United States,2014-01-01,2.4444444444444446,1.004777987244506,Tsinghua
United States,2014-02-01,2.2222222222222223,0.948940603744371,Tsinghua
United States,2014-03-01,2.2222222222222223,0.948940603744371,Tsinghua
United States,2014-04-01,1.5555555555555556,0.7814284532439661,Tsinghua
United States,2014-05-01,1.4444444444444444,0.7535097614938986,Tsinghua
United States,2014-06-01,1.3333333333333333,0.7255910697438311,Tsinghua
United States,2014-07-01,1.3333333333333333,0.7255910697438311,Tsinghua
United States,2014-08-01,1.3333333333333333,0.7255910697438311,Tsinghua
United States,2014-09-01,1.3333333333333333,0.7255910697438311,Tsinghua
United States,2014-10-01,1.4444444444444444,0.7535097614938986,Tsinghua
United States,2014-11-01,1.8888888888888888,0.8651845284941685,Tsinghua
United States,2014-12-01,1.8888888888888888,0.8651845284941685,Tsinghua
United States,2015-01-01,1.8888888888888888,0.8651845284941685,Tsinghua
United States,2015-02-01,2,0.893103220244236,Tsinghua
United States,2015-03-01,2,0.893103220244236,Tsinghua
United States,2015-04-01,1.5555555555555556,0.7814284532439661,Tsinghua
United States,2015-05-01,1.1111111111111112,0.6697536862436962,Tsinghua
United States,2015-06-01,1.3333333333333333,0.7255910697438311,Tsinghua
United States,2015-07-01,1.1111111111111112,0.6697536862436962,Tsinghua
United States,2015-08-01,1.3333333333333333,0.7255910697438311,Tsinghua
United States,2015-09-01,2,0.893103220244236,Tsinghua
United States,2015-10-01,2,0.893103220244236,Tsinghua
United States,2015-11-01,2.111111111111111,0.9210219119943035,Tsinghua
United States,2015-12-01,1.7777777777777777,0.837265836744101,Tsinghua
United States,2016-01-01,1.7777777777777777,0.837265836744101,Tsinghua
United States,2016-02-01,1.5555555555555556,0.7814284532439661,Tsinghua
United States,2016-03-01,0.8888888888888888,0.6139163027435612,Tsinghua
United States,2016-04-01,0.6666666666666666,0.5580789192434262,Tsinghua
United States,2016-05-01,0.3333333333333333,0.47432284399322383,Tsinghua
United States,2016-06-01,0.3333333333333333,0.47432284399322383,Tsinghua
United States,2016-07-01,-0.1111111111111111,0.3626480769929539,Tsinghua
United States,2016-08-01,0,0.39056676874302143,Tsinghua
United States,2016-09-01,-0.2222222222222222,0.3347293852428865,Tsinghua
United States,2016-10-01,-0.3333333333333333,0.30681069349281903,Tsinghua
United States,2016-11-01,0,0.39056676874302143,Tsinghua
United States,2016-12-01,-0.5555555555555556,0.250973309992684,Tsinghua
United States,2017-01-01,-0.8888888888888888,0.16721723474248165,Tsinghua
United States,2017-02-01,-0.8888888888888888,0.16721723474248165,Tsinghua
United States,2017-03-01,-1.2222222222222223,0.08346115949227917,Tsinghua
United States,2017-04-01,-0.8888888888888888,0.16721723474248165,Tsinghua
United States,2017-05-01,-1.4444444444444444,0.027623775992144252,Tsinghua
United States,2017-06-01,-2.111111111111111,-0.13988837450826064,Tsinghua
United States,2017-07-01,-2.3333333333333335,-0.19572575800839562,Tsinghua
United States,2017-08-01,-2.4444444444444446,-0.2236444497584631,Tsinghua
United States,2017-09-01,-1.7777777777777777,-0.05613229925805816,Tsinghua
United States,2017-10-01,-1.8888888888888888,-0.08405099100812564,Tsinghua
United States,2017-11-01,-1.4444444444444444,0.027623775992144252,Tsinghua
United States,2017-12-01,-1.7777777777777777,-0.05613229925805816,Tsinghua
United States,2018-01-01,-2.111111111111111,-0.13988837450826064,Tsinghua
United States,2018-02-01,-2.2222222222222223,-0.1678070662583281,Tsinghua
United States,2018-03-01,-3.3333333333333335,-0.4469939837590029,Tsinghua
United States,2018-04-01,-4,-0.6145061342594077,Tsinghua
United States,2018-05-01,-3.6666666666666665,-0.5307500590092052,Tsinghua
United States,2018-06-01,-3.7777777777777777,-0.5586687507592727,Tsinghua
United States,2018-07-01,-4.222222222222222,-0.6703435177595427,Tsinghua
United States,2018-08-01,-4.666666666666667,-0.7820182847598126,Tsinghua
United States,2018-09-01,-5.111111111111111,-0.8936930517600824,Tsinghua
United States,2018-10-01,-5.444444444444445,-0.977449127010285,Tsinghua
United States,2018-11-01,-5.333333333333333,-0.9495304352602174,Tsinghua
United States,2018-12-01,-5.333333333333333,-0.9495304352602174,Tsinghua
United States,2019-01-01,-5.444444444444445,-0.977449127010285,Tsinghua
United States,2019-02-01,-5.444444444444445,-0.977449127010285,Tsinghua
United States,2019-03-01,-5.555555555555555,-1.0053678187603525,Tsinghua
United States,2019-04-01,-5.555555555555555,-1.0053678187603525,Tsinghua
United States,2019-05-01,-5.888888888888889,-1.089123894010555,Tsinghua
United States,2019-06-01,-6,-1.1170425857606223,Tsinghua
United States,2019-07-01,-6,-1.1170425857606223,Tsinghua
United States,2019-08-01,-6.222222222222222,-1.1728799692607572,Tsinghua
United States,2019-09-01,-6.555555555555555,-1.2566360445109597,Tsinghua
United States,2019-10-01,-6.555555555555555,-1.2566360445109597,Tsinghua
United States,2019-11-01,-6.555555555555555,-1.2566360445109597,Tsinghua
United States,2019-12-01,-6.666666666666667,-1.284554736261027,Tsinghua
Vietnam,2002-01-01,5.555555555555555,-1.011615703160979,Tsinghua
Vietnam,2002-02-01,5.777777777777778,-0.5692771970828913,Tsinghua
Vietnam,2002-03-01,5.777777777777778,-0.5692771970828913,Tsinghua
Vietnam,2002-04-01,5.777777777777778,-0.5692771970828913,Tsinghua
Vietnam,2002-05-01,5.777777777777778,-0.5692771970828913,Tsinghua
Vietnam,2002-06-01,5.777777777777778,-0.5692771970828913,Tsinghua
Vietnam,2002-07-01,5.777777777777778,-0.5692771970828913,Tsinghua
Vietnam,2002-08-01,5.777777777777778,-0.5692771970828913,Tsinghua
Vietnam,2002-09-01,5.777777777777778,-0.5692771970828913,Tsinghua
Vietnam,2002-10-01,5.777777777777778,-0.5692771970828913,Tsinghua
Vietnam,2002-11-01,5.777777777777778,-0.5692771970828913,Tsinghua
Vietnam,2002-12-01,5.777777777777778,-0.5692771970828913,Tsinghua
Vietnam,2003-01-01,5.777777777777778,-0.5692771970828913,Tsinghua
Vietnam,2003-02-01,5.777777777777778,-0.5692771970828913,Tsinghua
Vietnam,2003-03-01,5.777777777777778,-0.5692771970828913,Tsinghua
Vietnam,2003-04-01,5.888888888888889,-0.3481079440438466,Tsinghua
Vietnam,2003-05-01,5.888888888888889,-0.3481079440438466,Tsinghua
Vietnam,2003-06-01,5.888888888888889,-0.3481079440438466,Tsinghua
Vietnam,2003-07-01,5.888888888888889,-0.3481079440438466,Tsinghua
Vietnam,2003-08-01,5.888888888888889,-0.3481079440438466,Tsinghua
Vietnam,2003-09-01,5.888888888888889,-0.3481079440438466,Tsinghua
Vietnam,2003-10-01,6,-0.12693869100480365,Tsinghua
Vietnam,2003-11-01,6,-0.12693869100480365,Tsinghua
Vietnam,2003-12-01,6,-0.12693869100480365,Tsinghua
Vietnam,2004-01-01,6,-0.12693869100480365,Tsinghua
Vietnam,2004-02-01,6,-0.12693869100480365,Tsinghua
Vietnam,2004-03-01,5.888888888888889,-0.3481079440438466,Tsinghua
Vietnam,2004-04-01,5.666666666666667,-0.7904464501219343,Tsinghua
Vietnam,2004-05-01,5.666666666666667,-0.7904464501219343,Tsinghua
Vietnam,2004-06-01,5.666666666666667,-0.7904464501219343,Tsinghua
Vietnam,2004-07-01,5.666666666666667,-0.7904464501219343,Tsinghua
Vietnam,2004-08-01,5.666666666666667,-0.7904464501219343,Tsinghua
Vietnam,2004-09-01,5.666666666666667,-0.7904464501219343,Tsinghua
Vietnam,2004-10-01,5.666666666666667,-0.7904464501219343,Tsinghua
Vietnam,2004-11-01,5.666666666666667,-0.7904464501219343,Tsinghua
Vietnam,2004-12-01,5.666666666666667,-0.7904464501219343,Tsinghua
Vietnam,2005-01-01,5.666666666666667,-0.7904464501219343,Tsinghua
Vietnam,2005-02-01,5.666666666666667,-0.7904464501219343,Tsinghua
Vietnam,2005-03-01,5.666666666666667,-0.7904464501219343,Tsinghua
Vietnam,2005-04-01,5.666666666666667,-0.7904464501219343,Tsinghua
Vietnam,2005-05-01,5.666666666666667,-0.7904464501219343,Tsinghua
Vietnam,2005-06-01,5.666666666666667,-0.7904464501219343,Tsinghua
Vietnam,2005-07-01,5.888888888888889,-0.3481079440438466,Tsinghua
Vietnam,2005-08-01,5.888888888888889,-0.3481079440438466,Tsinghua
Vietnam,2005-09-01,5.888888888888889,-0.3481079440438466,Tsinghua
Vietnam,2005-10-01,6.111111111111111,0.09423056203423928,Tsinghua
Vietnam,2005-11-01,6.111111111111111,0.09423056203423928,Tsinghua
Vietnam,2005-12-01,6.111111111111111,0.09423056203423928,Tsinghua
Vietnam,2006-01-01,6.111111111111111,0.09423056203423928,Tsinghua
Vietnam,2006-02-01,6.111111111111111,0.09423056203423928,Tsinghua
Vietnam,2006-03-01,6.111111111111111,0.09423056203423928,Tsinghua
Vietnam,2006-04-01,6.111111111111111,0.09423056203423928,Tsinghua
Vietnam,2006-05-01,6.111111111111111,0.09423056203423928,Tsinghua
Vietnam,2006-06-01,6.111111111111111,0.09423056203423928,Tsinghua
Vietnam,2006-07-01,6.111111111111111,0.09423056203423928,Tsinghua
Vietnam,2006-08-01,6.222222222222222,0.31539981507328396,Tsinghua
Vietnam,2006-09-01,6.222222222222222,0.31539981507328396,Tsinghua
Vietnam,2006-10-01,6.222222222222222,0.31539981507328396,Tsinghua
Vietnam,2006-11-01,6.444444444444445,0.7577383211513716,Tsinghua
Vietnam,2006-12-01,6.444444444444445,0.7577383211513716,Tsinghua
Vietnam,2007-01-01,6.444444444444445,0.7577383211513716,Tsinghua
Vietnam,2007-02-01,6.444444444444445,0.7577383211513716,Tsinghua
Vietnam,2007-03-01,6.444444444444445,0.7577383211513716,Tsinghua
Vietnam,2007-04-01,6.444444444444445,0.7577383211513716,Tsinghua
Vietnam,2007-05-01,6.555555555555555,0.9789075741904145,Tsinghua
Vietnam,2007-06-01,6.555555555555555,0.9789075741904145,Tsinghua
Vietnam,2007-07-01,6.555555555555555,0.9789075741904145,Tsinghua
Vietnam,2007-08-01,6.555555555555555,0.9789075741904145,Tsinghua
Vietnam,2007-09-01,6.555555555555555,0.9789075741904145,Tsinghua
Vietnam,2007-10-01,6.555555555555555,0.9789075741904145,Tsinghua
Vietnam,2007-11-01,6.555555555555555,0.9789075741904145,Tsinghua
Vietnam,2007-12-01,6.555555555555555,0.9789075741904145,Tsinghua
Vietnam,2008-01-01,6.555555555555555,0.9789075741904145,Tsinghua
Vietnam,2008-02-01,6.555555555555555,0.9789075741904145,Tsinghua
Vietnam,2008-03-01,6.555555555555555,0.9789075741904145,Tsinghua
Vietnam,2008-04-01,6.555555555555555,0.9789075741904145,Tsinghua
Vietnam,2008-05-01,6.666666666666667,1.2000768272294593,Tsinghua
Vietnam,2008-06-01,6.666666666666667,1.2000768272294593,Tsinghua
Vietnam,2008-07-01,6.666666666666667,1.2000768272294593,Tsinghua
Vietnam,2008-08-01,6.666666666666667,1.2000768272294593,Tsinghua
Vietnam,2008-09-01,6.666666666666667,1.2000768272294593,Tsinghua
Vietnam,2008-10-01,6.888888888888889,1.6424153333075469,Tsinghua
Vietnam,2008-11-01,6.888888888888889,1.6424153333075469,Tsinghua
Vietnam,2008-12-01,6.888888888888889,1.6424153333075469,Tsinghua
Vietnam,2009-01-01,6.888888888888889,1.6424153333075469,Tsinghua
Vietnam,2009-02-01,6.888888888888889,1.6424153333075469,Tsinghua
Vietnam,2009-03-01,6.888888888888889,1.6424153333075469,Tsinghua
Vietnam,2009-04-01,6.888888888888889,1.6424153333075469,Tsinghua
Vietnam,2009-05-01,6.777777777777778,1.421246080268502,Tsinghua
Vietnam,2009-06-01,6.777777777777778,1.421246080268502,Tsinghua
Vietnam,2009-07-01,6.777777777777778,1.421246080268502,Tsinghua
Vietnam,2009-08-01,6.777777777777778,1.421246080268502,Tsinghua
Vietnam,2009-09-01,6.777777777777778,1.421246080268502,Tsinghua
Vietnam,2009-10-01,6.777777777777778,1.421246080268502,Tsinghua
Vietnam,2009-11-01,6.777777777777778,1.421246080268502,Tsinghua
Vietnam,2009-12-01,6.777777777777778,1.421246080268502,Tsinghua
Vietnam,2010-01-01,6.777777777777778,1.421246080268502,Tsinghua
Vietnam,2010-02-01,6.777777777777778,1.421246080268502,Tsinghua
Vietnam,2010-03-01,6.777777777777778,1.421246080268502,Tsinghua
Vietnam,2010-04-01,6.777777777777778,1.421246080268502,Tsinghua
Vietnam,2010-05-01,6.777777777777778,1.421246080268502,Tsinghua
Vietnam,2010-06-01,6.777777777777778,1.421246080268502,Tsinghua
Vietnam,2010-07-01,6.777777777777778,1.421246080268502,Tsinghua
Vietnam,2010-08-01,6.888888888888889,1.6424153333075469,Tsinghua
Vietnam,2010-09-01,6.888888888888889,1.6424153333075469,Tsinghua
Vietnam,2010-10-01,6.888888888888889,1.6424153333075469,Tsinghua
Vietnam,2010-11-01,6.888888888888889,1.6424153333075469,Tsinghua
Vietnam,2010-12-01,6.888888888888889,1.6424153333075469,Tsinghua
Vietnam,2011-01-01,6.888888888888889,1.6424153333075469,Tsinghua
Vietnam,2011-02-01,6.888888888888889,1.6424153333075469,Tsinghua
Vietnam,2011-03-01,6.888888888888889,1.6424153333075469,Tsinghua
Vietnam,2011-04-01,6.888888888888889,1.6424153333075469,Tsinghua
Vietnam,2011-05-01,6.777777777777778,1.421246080268502,Tsinghua
Vietnam,2011-06-01,6.555555555555555,0.9789075741904145,Tsinghua
Vietnam,2011-07-01,6.555555555555555,0.9789075741904145,Tsinghua
Vietnam,2011-08-01,6.555555555555555,0.9789075741904145,Tsinghua
Vietnam,2011-09-01,6.555555555555555,0.9789075741904145,Tsinghua
Vietnam,2011-10-01,6.555555555555555,0.9789075741904145,Tsinghua
Vietnam,2011-11-01,6.555555555555555,0.9789075741904145,Tsinghua
Vietnam,2011-12-01,6.555555555555555,0.9789075741904145,Tsinghua
Vietnam,2012-01-01,6.555555555555555,0.9789075741904145,Tsinghua
Vietnam,2012-02-01,6.555555555555555,0.9789075741904145,Tsinghua
Vietnam,2012-03-01,6.222222222222222,0.31539981507328396,Tsinghua
Vietnam,2012-04-01,6.222222222222222,0.31539981507328396,Tsinghua
Vietnam,2012-05-01,6.222222222222222,0.31539981507328396,Tsinghua
Vietnam,2012-06-01,5.666666666666667,-0.7904464501219343,Tsinghua
Vietnam,2012-07-01,5.666666666666667,-0.7904464501219343,Tsinghua
Vietnam,2012-08-01,5.666666666666667,-0.7904464501219343,Tsinghua
Vietnam,2012-09-01,5.666666666666667,-0.7904464501219343,Tsinghua
Vietnam,2012-10-01,5.666666666666667,-0.7904464501219343,Tsinghua
Vietnam,2012-11-01,5.666666666666667,-0.7904464501219343,Tsinghua
Vietnam,2012-12-01,5.555555555555555,-1.011615703160979,Tsinghua
Vietnam,2013-01-01,5.555555555555555,-1.011615703160979,Tsinghua
Vietnam,2013-02-01,5.555555555555555,-1.011615703160979,Tsinghua
Vietnam,2013-03-01,5.555555555555555,-1.011615703160979,Tsinghua
Vietnam,2013-04-01,5.555555555555555,-1.011615703160979,Tsinghua
Vietnam,2013-05-01,5.555555555555555,-1.011615703160979,Tsinghua
Vietnam,2013-06-01,5.888888888888889,-0.3481079440438466,Tsinghua
Vietnam,2013-07-01,5.888888888888889,-0.3481079440438466,Tsinghua
Vietnam,2013-08-01,5.888888888888889,-0.3481079440438466,Tsinghua
Vietnam,2013-09-01,5.888888888888889,-0.3481079440438466,Tsinghua
Vietnam,2013-10-01,6,-0.12693869100480365,Tsinghua
Vietnam,2013-11-01,6,-0.12693869100480365,Tsinghua
Vietnam,2013-12-01,6,-0.12693869100480365,Tsinghua
Vietnam,2014-01-01,6,-0.12693869100480365,Tsinghua
Vietnam,2014-02-01,6,-0.12693869100480365,Tsinghua
Vietnam,2014-03-01,6,-0.12693869100480365,Tsinghua
Vietnam,2014-04-01,6,-0.12693869100480365,Tsinghua
Vietnam,2014-05-01,5.333333333333333,-1.4539542092390665,Tsinghua
Vietnam,2014-06-01,5.111111111111111,-1.8962927153171543,Tsinghua
Vietnam,2014-07-01,5.111111111111111,-1.8962927153171543,Tsinghua
Vietnam,2014-08-01,5.111111111111111,-1.8962927153171543,Tsinghua
Vietnam,2014-09-01,5.111111111111111,-1.8962927153171543,Tsinghua
Vietnam,2014-10-01,5.222222222222222,-1.6751234622781095,Tsinghua
Vietnam,2014-11-01,5.222222222222222,-1.6751234622781095,Tsinghua
Vietnam,2014-12-01,5.222222222222222,-1.6751234622781095,Tsinghua
Vietnam,2015-01-01,5.222222222222222,-1.6751234622781095,Tsinghua
Vietnam,2015-02-01,5.222222222222222,-1.6751234622781095,Tsinghua
Vietnam,2015-03-01,5.222222222222222,-1.6751234622781095,Tsinghua
Vietnam,2015-04-01,5.222222222222222,-1.6751234622781095,Tsinghua
Vietnam,2015-05-01,5.111111111111111,-1.8962927153171543,Tsinghua
Vietnam,2015-06-01,5.111111111111111,-1.8962927153171543,Tsinghua
Vietnam,2015-07-01,5.111111111111111,-1.8962927153171543,Tsinghua
Vietnam,2015-08-01,5.111111111111111,-1.8962927153171543,Tsinghua
Vietnam,2015-09-01,5.111111111111111,-1.8962927153171543,Tsinghua
Vietnam,2015-10-01,5.111111111111111,-1.8962927153171543,Tsinghua
Vietnam,2015-11-01,5.333333333333333,-1.4539542092390665,Tsinghua
Vietnam,2015-12-01,5.333333333333333,-1.4539542092390665,Tsinghua
Vietnam,2016-01-01,5.222222222222222,-1.6751234622781095,Tsinghua
Vietnam,2016-02-01,5.222222222222222,-1.6751234622781095,Tsinghua
Vietnam,2016-03-01,5.222222222222222,-1.6751234622781095,Tsinghua
Vietnam,2016-04-01,5.222222222222222,-1.6751234622781095,Tsinghua
Vietnam,2016-05-01,5.222222222222222,-1.6751234622781095,Tsinghua
Vietnam,2016-06-01,5.333333333333333,-1.4539542092390665,Tsinghua
Vietnam,2016-07-01,5.333333333333333,-1.4539542092390665,Tsinghua
Vietnam,2016-08-01,5.333333333333333,-1.4539542092390665,Tsinghua
Vietnam,2016-09-01,5.555555555555555,-1.011615703160979,Tsinghua
Vietnam,2016-10-01,5.555555555555555,-1.011615703160979,Tsinghua
Vietnam,2016-11-01,5.555555555555555,-1.011615703160979,Tsinghua
Vietnam,2016-12-01,5.555555555555555,-1.011615703160979,Tsinghua
Vietnam,2017-01-01,5.666666666666667,-0.7904464501219343,Tsinghua
Vietnam,2017-02-01,5.555555555555555,-1.011615703160979,Tsinghua
Vietnam,2017-03-01,5.555555555555555,-1.011615703160979,Tsinghua
Vietnam,2017-04-01,5.555555555555555,-1.011615703160979,Tsinghua
Vietnam,2017-05-01,5.777777777777778,-0.5692771970828913,Tsinghua
Vietnam,2017-06-01,5.777777777777778,-0.5692771970828913,Tsinghua
Vietnam,2017-07-01,5.777777777777778,-0.5692771970828913,Tsinghua
Vietnam,2017-08-01,5.777777777777778,-0.5692771970828913,Tsinghua
Vietnam,2017-09-01,5.777777777777778,-0.5692771970828913,Tsinghua
Vietnam,2017-10-01,5.777777777777778,-0.5692771970828913,Tsinghua
Vietnam,2017-11-01,6,-0.12693869100480365,Tsinghua
Vietnam,2017-12-01,6,-0.12693869100480365,Tsinghua
Vietnam,2018-01-01,6,-0.12693869100480365,Tsinghua
Vietnam,2018-02-01,6,-0.12693869100480365,Tsinghua
Vietnam,2018-03-01,6,-0.12693869100480365,Tsinghua
Vietnam,2018-04-01,6,-0.12693869100480365,Tsinghua
Vietnam,2018-05-01,6,-0.12693869100480365,Tsinghua
Vietnam,2018-06-01,6,-0.12693869100480365,Tsinghua
Vietnam,2018-07-01,6,-0.12693869100480365,Tsinghua
Vietnam,2018-08-01,6,-0.12693869100480365,Tsinghua
Vietnam,2018-09-01,6.111111111111111,0.09423056203423928,Tsinghua
Vietnam,2018-10-01,6.111111111111111,0.09423056203423928,Tsinghua
Vietnam,2018-11-01,6.222222222222222,0.31539981507328396,Tsinghua
Vietnam,2018-12-01,6.222222222222222,0.31539981507328396,Tsinghua
Vietnam,2019-01-01,6.222222222222222,0.31539981507328396,Tsinghua
Vietnam,2019-02-01,6.222222222222222,0.31539981507328396,Tsinghua
Vietnam,2019-03-01,6.222222222222222,0.31539981507328396,Tsinghua
Vietnam,2019-04-01,6.222222222222222,0.31539981507328396,Tsinghua
Vietnam,2019-05-01,6.222222222222222,0.31539981507328396,Tsinghua
Vietnam,2019-06-01,6.222222222222222,0.31539981507328396,Tsinghua
Vietnam,2019-07-01,6.222222222222222,0.31539981507328396,Tsinghua
Vietnam,2019-08-01,6.111111111111111,0.09423056203423928,Tsinghua
Vietnam,2019-09-01,6.111111111111111,0.09423056203423928,Tsinghua
Vietnam,2019-10-01,6.111111111111111,0.09423056203423928,Tsinghua
Vietnam,2019-11-01,6.111111111111111,0.09423056203423928,Tsinghua
Vietnam,2019-12-01,6.111111111111111,0.09423056203423928,Tsinghua
